,index,name_x,name_y,cardwin_x,w_x,turn_x,turn_y,winrates,winrates_x,winrates_y,combowin,meanturn
402,138710,Heroic Strike,Mortal Strike,734.0,1074,7823,7823,0.683426443203,0.486072253984,0.473602484472,1.08814869843,7.28398510242
475,18407,Armor Up!,Ornery Direhorn,177.0,290,2798,2798,0.610344827586,0.407321525482,0.521142857143,1.05615230295,9.64827586207
378,288333,The Curator,Armor Up!,343.0,547,5608,5608,0.627056672761,0.546992675126,0.407321525482,1.0347539289,10.252285192
377,220547,Primordial Drake,Armor Up!,602.0,931,10484,10484,0.646616541353,0.565579167914,0.407321525482,1.03205558146,11.261009667
403,274774,Steady Shot,Mortal Strike,134.0,218,1635,1635,0.614678899083,0.466926768017,0.473602484472,1.02231453394,7.5
215,45083,Cabalist's Tome,Fireball,661.0,853,10303,10303,0.774912075029,0.48431417449,0.579296477163,1.01595663646,12.0785463072
274,306867,Vanish,Patches the Pirate,195.0,280,2143,2143,0.696428571429,0.478458049887,0.533454771637,1.00377768589,7.65357142857
414,268535,Southsea Deckhand,Vanish,257.0,385,3115,3115,0.667532467532,0.515411495901,0.478458049887,0.995809168778,8.09090909091
376,279630,Sulfuras,Armor Up!,626.0,909,10822,10822,0.688668866887,0.642728256947,0.407321525482,0.967190955013,11.9053905391
474,17984,Armor Up!,Direhorn Matriarch,295.0,471,6168,6168,0.626326963907,0.407321525482,0.593201133144,0.952491437337,13.0955414013
17,266098,Sorcerer's Apprentice,Archmage Antonidas,569.0,675,8508,8508,0.842962962963,0.517443367373,0.629129441097,0.951441192858,12.6044444444
476,273181,Stampeding Kodo,Aldor Peacekeeper,316.0,505,5574,5574,0.625742574257,0.507630103039,0.477554829678,0.948262323667,11.0376237624
3,170399,Leeroy Jenkins,Soulfire,176.0,219,2309,2309,0.803652968037,0.618143630342,0.504091653028,0.947443878391,10.5433789954
479,191422,Mind Vision,Power Word: Shield,152.0,252,2137,2137,0.603174603175,0.457914240339,0.515345141533,0.938443218958,8.48015873016
292,306949,Vanish,Stonetusk Boar,313.0,456,3812,3812,0.686403508772,0.478458049887,0.562138475022,0.9369041856,8.35964912281
394,263894,Small-Time Buccaneer,Flamewreathed Faceless,206.0,301,1839,1839,0.68438538206,0.521501732189,0.516120255748,0.933224073916,6.1096345515
399,268034,Southsea Deckhand,Feral Spirit,245.0,381,2222,2222,0.643044619423,0.515411495901,0.491946081928,0.930634669689,5.83202099738
37,11403,Arcane Explosion,Bloodmage Thalnos,142.0,226,1717,1717,0.628318584071,0.476408450704,0.521453919776,0.927906130686,7.59734513274
4,170094,Leeroy Jenkins,Eviscerate,499.0,629,5598,5598,0.793322734499,0.618143630342,0.511054805456,0.92078771917,8.89984101749
299,287083,The Coin,Bloodsail Cultist,1108.0,1682,4787,4787,0.658739595719,0.498950037839,0.52809266868,0.916305841402,2.84601664685
453,145836,Ice Barrier,Acolyte of Pain,223.0,346,2909,2909,0.64450867052,0.500236257678,0.516026720557,0.915004504022,8.40751445087
29,109437,Fireball,Frost Nova,838.0,1225,14568,14568,0.684081632653,0.579296477163,0.474057811928,0.912688858229,11.892244898
367,118356,Forbidden Shaping,Lesser Heal,169.0,271,3088,3088,0.623616236162,0.503478810879,0.498912687649,0.9093177186,11.3948339483
485,164596,Kill Command,Quick Shot,496.0,810,6361,6361,0.612345679012,0.508507565769,0.485849056604,0.907674150504,7.85308641975
415,108534,Fire Fly,Vanish,273.0,449,3186,3186,0.608017817372,0.513483520142,0.478458049887,0.906172992742,7.09576837416
371,306764,Vanish,Fire Fly,273.0,449,3186,3186,0.608017817372,0.478458049887,0.513483520142,0.906172992742,7.09576837416
331,133176,Grommash Hellscream,Slam,175.0,244,2829,2829,0.717213114754,0.580487804878,0.499468979556,0.905714020471,11.5942622951
27,45304,Cabalist's Tome,Sorcerer's Apprentice,866.0,1402,14799,14799,0.617689015692,0.48431417449,0.517443367373,0.902106497831,10.5556348074
13,109609,Fireball,Molten Reflection,1532.0,1739,22895,22895,0.880966072455,0.579296477163,0.617294520548,0.901613744144,13.1656124209
326,28638,Bilefin Tidehunter,Mimic Pod,181.0,290,2042,2042,0.624137931034,0.501435656487,0.505794353139,0.900521199242,7.04137931034
233,237060,Rockbiter Weapon,Lava Burst,399.0,528,4287,4287,0.755681818182,0.541382667965,0.567266495287,0.900420125211,8.11931818182
218,32774,Blizzard,Fireball,381.0,565,6930,6930,0.674336283186,0.475433860393,0.579296477163,0.895442027607,12.2654867257
238,169322,Lava Burst,Lightning Bolt,979.0,1357,10966,10966,0.721444362564,0.567266495287,0.521466558659,0.891536190937,8.08106116433
220,99994,Faceless Manipulator,Inner Rage,281.0,355,3882,3882,0.791549295775,0.618260006616,0.526369951119,0.888834051523,10.9352112676
432,258491,Silence,Holy Smite,137.0,209,2054,2054,0.655502392344,0.53006196617,0.50906522251,0.887587167946,9.82775119617
434,247952,Shadow Visions,Holy Smite,164.0,265,2202,2202,0.618867924528,0.50108892922,0.50906522251,0.886287424169,8.30943396226
483,297005,Tracking,Houndmaster,127.0,207,1363,1363,0.613526570048,0.472514387775,0.535899593325,0.884963836732,6.5845410628
228,121916,Frostbolt,Ice Lance,1414.0,2160,23686,23686,0.65462962963,0.512105542937,0.527849406911,0.884483132557,10.9657407407
137,253167,Shapeshift,Aya Blackpaw,1300.0,1890,15707,15707,0.687830687831,0.476436456776,0.596563432452,0.883778056289,8.31058201058
401,261072,Sir Finley Mrrgglton,Feral Spirit,164.0,269,1605,1605,0.609665427509,0.512661226639,0.491946081928,0.882681235173,5.96654275093
338,218105,Preparation,Bilefin Tidehunter,303.0,466,3028,3028,0.650214592275,0.536412717457,0.501435656487,0.882678572267,6.49785407725
216,111673,Firelands Portal,Fireball,161.0,208,2276,2276,0.774038461538,0.554493307839,0.579296477163,0.879507708462,10.9423076923
425,261029,Sir Finley Mrrgglton,Dread Corsair,155.0,251,1146,1146,0.617529880478,0.512661226639,0.500294424061,0.878670712407,4.56573705179
232,150951,Inner Rage,Grommash Hellscream,177.0,241,2363,2363,0.734439834025,0.526369951119,0.580487804878,0.876990269451,9.80497925311
468,75612,Disciple of C'Thun,Shield Block,161.0,262,2391,2391,0.614503816794,0.49590750972,0.516464699684,0.875174041206,9.12595419847
227,121783,Frostbolt,Evolved Kobold,282.0,370,4274,4274,0.762162162162,0.512105542937,0.62125748503,0.873638255243,11.5513513514
395,270882,Spirit Claws,Flamewreathed Faceless,218.0,328,2120,2120,0.664634146341,0.538849427967,0.516120255748,0.871216042805,6.46341463415
269,28673,Bilefin Tidehunter,Novice Engineer,263.0,432,3091,3091,0.608796296296,0.501435656487,0.508217270195,0.870854651472,7.15509259259
459,172914,Life Tap,Sylvanas Windrunner,332.0,528,5330,5330,0.628787878788,0.479712241169,0.549386649673,0.869560343071,10.0946969697
448,101842,Fan of Knives,Conceal,470.0,766,5650,5650,0.613577023499,0.485426578595,0.530035335689,0.869089359632,7.37597911227
118,133870,Hallucination,Arcane Giant,617.0,916,7951,7951,0.673580786026,0.490399470316,0.576627261074,0.86794684959,8.68013100437
98,169303,Lava Burst,Jade Lightning,280.0,386,3194,3194,0.725388601036,0.567266495287,0.53829176009,0.865232870869,8.27461139896
172,95180,Eviscerate,Bluegill Warrior,249.0,406,2615,2615,0.613300492611,0.511054805456,0.505710691824,0.864168708508,6.44088669951
0,170103,Leeroy Jenkins,Faceless Manipulator,441.0,487,6702,6702,0.905544147844,0.618143630342,0.618260006616,0.86266137666,13.7618069815
361,233454,Reinforce,Primordial Drake,262.0,417,5113,5113,0.62829736211,0.46928913159,0.565579167914,0.861699494093,12.2613908873
386,171586,Lesser Heal,Obsidian Statue,142.0,207,2253,2253,0.685990338164,0.498912687649,0.581599123768,0.860406296881,10.884057971
15,109208,Fireball,Archmage Antonidas,1708.0,1983,25835,25835,0.861321230459,0.579296477163,0.629129441097,0.860071382669,13.0282400403
340,151405,Innervate,"Finja, the Flying Star",225.0,319,949,949,0.705329153605,0.546037151111,0.546727898967,0.859781605444,2.97492163009
293,28795,Bilefin Tidehunter,Stonetusk Boar,211.0,317,2340,2340,0.665615141956,0.501435656487,0.562138475022,0.859243404134,7.38170347003
370,283583,Sylvanas Windrunner,Shadowflame,215.0,308,3628,3628,0.698051948052,0.549386649673,0.539049235993,0.857439415919,11.7792207792
260,189260,Mimic Pod,Southsea Deckhand,318.0,518,3605,3605,0.6138996139,0.505794353139,0.515411495901,0.856490925745,6.95945945946
330,133968,Hallucination,Counterfeit Coin,848.0,1393,9535,9535,0.608758076095,0.490399470316,0.527535037098,0.855740631278,6.84493898062
398,263875,Small-Time Buccaneer,Feral Spirit,257.0,426,2532,2532,0.603286384977,0.521501732189,0.491946081928,0.855065579694,5.94366197183
24,109772,Fireball,Sorcerer's Apprentice,2582.0,3666,40817,40817,0.704309874523,0.579296477163,0.517443367373,0.85425921996,11.1339334424
435,216592,Power Word: Shield,Holy Smite,284.0,461,3692,3692,0.616052060738,0.515345141533,0.50906522251,0.853673752332,8.00867678959
171,247288,Shadow Strike,Cold Blood,146.0,235,1860,1860,0.621276595745,0.452631578947,0.585215921316,0.852472287055,7.91489361702
251,51524,Cold Blood,Shadow Strike,146.0,235,1860,1860,0.621276595745,0.585215921316,0.452631578947,0.852472287055,7.91489361702
455,255491,Shield Block,C'Thun's Chosen,138.0,222,2260,2260,0.621621621622,0.516464699684,0.51404606577,0.850767036704,10.1801801802
308,102282,Fan of Knives,Questing Adventurer,565.0,923,6266,6266,0.612134344529,0.485426578595,0.538953653682,0.850049425283,6.78873239437
174,251808,Shadowstep,Bluegill Warrior,225.0,357,2330,2330,0.63025210084,0.532896064581,0.505710691824,0.84958402354,6.52661064426
175,123939,Gadgetzan Auctioneer,Nourish,172.0,240,2059,2059,0.716666666667,0.560079124114,0.547472948007,0.848974994188,8.57916666667
31,109652,Fireball,Polymorph,329.0,506,5923,5923,0.650197628458,0.579296477163,0.480519480519,0.848349472782,11.7055335968
332,133013,Grommash Hellscream,Blood To Ichor,238.0,353,3641,3641,0.674220963173,0.580487804878,0.497295238095,0.84826049159,10.3144475921
167,133957,Hallucination,Cold Blood,142.0,212,1461,1461,0.669811320755,0.490399470316,0.585215921316,0.847550160981,6.89150943396
160,95671,Eviscerate,Murloc Warleader,191.0,278,1869,1869,0.687050359712,0.511054805456,0.576294480351,0.847067255825,6.72302158273
387,171879,Lesser Heal,The Lich King,190.0,297,3231,3231,0.639730639731,0.498912687649,0.550120481928,0.846234073244,10.8787878788
406,199793,Murloc Warleader,Backstab,190.0,281,1702,1702,0.67615658363,0.576294480351,0.503373507872,0.846228725211,6.05693950178
300,82222,Dread Corsair,Bloodsail Cultist,1158.0,1882,9412,9412,0.615302869288,0.500294424061,0.52809266868,0.845401345541,5.00106269926
381,182978,Mana Tide Totem,Stonehill Defender,157.0,250,1908,1908,0.628,0.528947245456,0.509961042663,0.845072407736,7.632
288,218333,Preparation,Flame Elemental,1362.0,2141,13276,13276,0.636151331154,0.536412717457,0.509588051072,0.844685239731,6.20084072863
400,210398,Patches the Pirate,Feral Spirit,205.0,336,1878,1878,0.610119047619,0.533454771637,0.491946081928,0.843665965769,5.58928571429
28,109438,Fireball,Frostbolt,3162.0,4587,48419,48419,0.689339437541,0.579296477163,0.512105542937,0.843143941904,10.5557008938
306,12273,Arcane Giant,Questing Adventurer,246.0,341,3193,3193,0.721407624633,0.576627261074,0.538953653682,0.842133972058,9.36363636364
486,276662,Stonehill Defender,Fiery War Axe,145.0,237,1902,1902,0.611814345992,0.509961042663,0.516873205909,0.842052228647,8.0253164557
490,18975,Armorsmith,Frothing Berserker,138.0,227,1789,1789,0.607929515419,0.534589800443,0.490146538656,0.841610096096,7.88105726872
270,126913,Glacial Shard,Novice Engineer,617.0,1008,6293,6293,0.612103174603,0.519293478261,0.508217270195,0.841277887803,6.24305555556
122,239766,Sap,Arcane Giant,314.0,493,4412,4412,0.6369168357,0.47640466008,0.576627261074,0.840930687442,8.94929006085
52,175943,Living Roots,Kun the Forgotten King,242.0,289,2693,2693,0.837370242215,0.529850438795,0.682754880694,0.839290911328,9.31833910035
231,151031,Inner Rage,Raging Worgen,480.0,630,6557,6557,0.761904761905,0.526369951119,0.626035502959,0.838165464356,10.4079365079
392,234289,Reno Jackson,Life Tap,1017.0,1486,15176,15176,0.684387617766,0.617232901207,0.479712241169,0.837846875894,10.2126514132
431,295249,Totem Golem,Sir Finley Mrrgglton,159.0,255,1331,1331,0.623529411765,0.526204458794,0.512661226639,0.83784612278,5.21960784314
456,256055,Shield Slam,Dirty Rat,126.0,202,1905,1905,0.623762376238,0.532566302652,0.50681142383,0.837678376366,9.43069306931
477,75090,Dirty Rat,Shield Slam,126.0,202,1905,1905,0.623762376238,0.50681142383,0.532566302652,0.837678376366,9.43069306931
496,249548,Shadow Word: Pain,Circle of Healing,186.0,309,2838,2838,0.601941747573,0.498575135043,0.522735346359,0.8370863484,9.18446601942
296,28864,Bilefin Tidehunter,Youthful Brewmaster,279.0,445,3011,3011,0.626966292135,0.501435656487,0.541673489438,0.836509358667,6.76629213483
5,260291,Sinister Strike,Eviscerate,616.0,811,7690,7690,0.759556103576,0.643956043956,0.511054805456,0.836382162499,9.48212083847
484,207257,Novice Engineer,Igneous Elemental,171.0,279,1934,1934,0.612903225806,0.508217270195,0.523294819232,0.834908266127,6.93189964158
152,95622,Eviscerate,Malygos,250.0,306,3221,3221,0.816993464052,0.511054805456,0.694968553459,0.83304294032,10.5261437908
23,122142,Frostbolt,Roaring Torch,439.0,619,7482,7482,0.709208400646,0.512105542937,0.602225755167,0.832741572416,12.0872374798
105,172375,Life Tap,Flametongue Totem,248.0,387,3066,3066,0.640826873385,0.479712241169,0.580966242547,0.832635531698,7.92248062016
454,256014,Shield Slam,C'Thun's Chosen,141.0,224,2334,2334,0.629464285714,0.532566302652,0.51404606577,0.832604111072,10.4196428571
43,124104,Gadgetzan Auctioneer,Swipe,681.0,987,8489,8489,0.689969604863,0.560079124114,0.536432520015,0.831383981874,8.60081053698
253,252298,Shadowstep,Southsea Deckhand,1045.0,1661,9730,9730,0.629139072848,0.532896064581,0.515411495901,0.828815605602,5.85791691752
84,150292,Inkmaster Solia,Fireblast,144.0,224,2746,2746,0.642857142857,0.575025176234,0.488393679586,0.82814218,12.2589285714
229,96508,Evolved Kobold,Ice Lance,280.0,374,4371,4371,0.748663101604,0.62125748503,0.527849406911,0.825487709202,11.6871657754
382,228735,Ravaging Ghoul,Stonehill Defender,127.0,209,1868,1868,0.607655502392,0.522527131216,0.509961042663,0.824352148329,8.93779904306
140,282411,Swipe,Feral Rage,1090.0,1697,14928,14928,0.642309958751,0.536432520015,0.525151325402,0.824199032037,8.79670005893
42,181922,Malygos,Swipe,377.0,444,4291,4291,0.849099099099,0.694968553459,0.536432520015,0.823123809264,9.66441441441
464,87733,Edwin VanCleef,Fan of Knives,1028.0,1671,11314,11314,0.615200478755,0.556572125648,0.485426578595,0.82287865937,6.77079593058
76,215844,Power Overwhelming,Leeroy Jenkins,851.0,983,11629,11629,0.865717192269,0.615089067412,0.618143630342,0.822825642,11.8301119023
223,150870,Inner Rage,Charge,507.0,685,7106,7106,0.740145985401,0.526369951119,0.617679558011,0.822628620214,10.3737226277
362,267251,Soulfire,Power Overwhelming,403.0,571,5032,5032,0.705779334501,0.504091653028,0.615089067412,0.822532725091,8.81260945709
351,179325,Lyra the Sunshard,Shadow Visions,594.0,925,9146,9146,0.642162162162,0.563265306122,0.50108892922,0.822061797455,9.88756756757
214,229372,Raven Idol,Gadgetzan Auctioneer,559.0,845,6352,6352,0.661538461538,0.519363477186,0.560079124114,0.821641357512,7.51715976331
424,210334,Patches the Pirate,Dread Corsair,1785.0,2945,9701,9701,0.606112054329,0.533454771637,0.500294424061,0.820249092391,3.29405772496
256,277629,Stonetusk Boar,Southsea Deckhand,567.0,862,6384,6384,0.65777262181,0.562138475022,0.515411495901,0.819900771867,7.4060324826
473,233218,Reinforce,Haunted Creeper,144.0,237,1833,1833,0.607594936709,0.46928913159,0.570727718724,0.819132406583,7.73417721519
209,88107,Edwin VanCleef,Shiv,203.0,324,2170,2170,0.626543209877,0.556572125648,0.496255616575,0.819085103087,6.6975308642
481,160561,Kabal Courier,Medivh's Valet,142.0,231,1947,1947,0.614718614719,0.497101178231,0.545633176483,0.81817940972,8.42857142857
480,299697,Twilight Drake,Mortal Coil,189.0,307,2308,2308,0.615635179153,0.541387894819,0.502645502646,0.816388652018,7.51791530945
427,172540,Life Tap,Kazakus Potion,214.0,335,3129,3129,0.638805970149,0.479712241169,0.58887157393,0.815961495583,9.34029850746
310,12285,Arcane Giant,Raven Idol,688.0,1016,8332,8332,0.677165354331,0.576627261074,0.519363477186,0.815870725228,8.20078740157
213,318832,Wrath,Gadgetzan Auctioneer,1362.0,2074,16331,16331,0.656702025072,0.519149821916,0.560079124114,0.814715073355,7.87415621986
78,252089,Shadowstep,Leeroy Jenkins,251.0,338,2890,2890,0.742603550296,0.532896064581,0.618143630342,0.812870355238,8.55029585799
33,175717,Living Roots,Bloodmage Thalnos,327.0,525,3682,3682,0.622857142857,0.529850438795,0.521453919776,0.81285678089,7.01333333333
181,83691,Druid of the Claw,Nourish,152.0,244,2240,2240,0.622950819672,0.504983388704,0.547472948007,0.812384268,9.18032786885
461,172747,Life Tap,Ragnaros the Firelord,162.0,263,2935,2935,0.615969581749,0.479712241169,0.569933846362,0.812246139373,11.1596958175
92,241312,Savage Roar,Living Roots,156.0,208,1684,1684,0.75,0.628395061728,0.529850438795,0.812064661876,8.09615384615
41,20911,Aviana,Swipe,305.0,351,3309,3309,0.868945868946,0.719341563786,0.536432520015,0.811759036246,9.42735042735
145,168194,Kun the Forgotten King,Azure Drake,207.0,259,2306,2306,0.799227799228,0.682754880694,0.519901187598,0.811626610951,8.90347490347
211,316000,Wild Growth,Gadgetzan Auctioneer,1288.0,1940,17705,17705,0.663917525773,0.526680192747,0.560079124114,0.811241626308,9.12628865979
277,207390,Novice Engineer,Patches the Pirate,458.0,751,4151,4151,0.609853528628,0.508217270195,0.533454771637,0.810690746478,5.52729693742
275,28677,Bilefin Tidehunter,Patches the Pirate,160.0,266,1698,1698,0.601503759398,0.501435656487,0.533454771637,0.810338476907,6.38345864662
466,284112,Tank Up!,Elise Starseeker,244.0,386,5270,5270,0.632124352332,0.582079829445,0.482964889467,0.810289853078,13.6528497409
335,44585,C'Thun's Chosen,Tank Up!,259.0,385,5121,5121,0.672727272727,0.51404606577,0.582079829445,0.810174799496,13.3012987013
262,59480,Crystal Core,The Coin,204.0,279,1505,1505,0.731182795699,0.652245862884,0.498950037839,0.809491222661,5.39426523297
22,109703,Fireball,Roaring Torch,478.0,610,7698,7698,0.783606557377,0.579296477163,0.602225755167,0.809215552807,12.6196721311
36,146916,Ice Lance,Bloodmage Thalnos,217.0,351,3696,3696,0.618233618234,0.527849406911,0.521453919776,0.809189749589,10.5299145299
449,76577,Divine Spirit,Shadow Word: Pain,168.0,260,2285,2285,0.646153846154,0.577214781346,0.498575135043,0.808824170775,8.78846153846
365,45628,Cairne Bloodhoof,Lesser Heal,133.0,210,2366,2366,0.633333333333,0.566524520256,0.498912687649,0.806800686376,11.2666666667
35,97236,Excess Mana,Bloodmage Thalnos,135.0,209,1949,1949,0.645933014354,0.55302428957,0.521453919776,0.806428250998,9.32535885167
217,146985,Ice Lance,Fireball,599.0,875,9811,9811,0.684571428571,0.527849406911,0.579296477163,0.805922843994,11.2125714286
144,282219,Swipe,Azure Drake,1559.0,2498,21127,21127,0.624099279424,0.536432520015,0.519901187598,0.805485190671,8.45756605284
168,67002,Deadly Poison,Cold Blood,192.0,306,2337,2337,0.627450980392,0.479154433353,0.585215921316,0.805416999358,7.63725490196
53,282567,Swipe,Kun the Forgotten King,372.0,454,4184,4184,0.819383259912,0.536432520015,0.682754880694,0.80523052929,9.21585903084
119,23133,Backstab,Arcane Giant,685.0,1056,9161,9161,0.648674242424,0.503373507872,0.576627261074,0.80415741395,8.67518939394
219,118815,Forgotten Torch,Fireball,421.0,660,6836,6836,0.637878787879,0.492741406762,0.579296477163,0.804104653204,10.3575757576
236,236947,Rockbiter Weapon,Doomhammer,391.0,593,4793,4793,0.659359190556,0.541382667965,0.545385491834,0.803404486554,8.0826306914
111,116303,Flamewreathed Faceless,Jade Claws,222.0,355,2331,2331,0.625352112676,0.516120255748,0.542612493535,0.803334932985,6.5661971831
309,281873,Swashburglar,Questing Adventurer,453.0,736,4717,4717,0.615489130435,0.511591679648,0.538953653682,0.803016177074,6.4089673913
1,215742,Power Overwhelming,Faceless Manipulator,342.0,403,5503,5503,0.848635235732,0.615089067412,0.618260006616,0.802708559042,13.6550868486
445,156215,Jade Lightning,Spirit Claws,343.0,530,3882,3882,0.647169811321,0.53829176009,0.538849427967,0.802527102955,7.32452830189
416,268516,Southsea Deckhand,Tunnel Trogg,318.0,503,2189,2189,0.632206759443,0.515411495901,0.550285225328,0.801569432552,4.35188866799
190,284872,Tar Creeper,Jade Idol,204.0,313,2833,2833,0.651757188498,0.4856767986,0.602094240838,0.801470002751,9.05111821086
150,253618,Shapeshift,Jade Behemoth,2483.0,4082,33704,33704,0.608280254777,0.476436456776,0.572892617828,0.801358344281,8.25673689368
460,172651,Life Tap,Mountain Giant,714.0,1141,9459,9459,0.625766871166,0.479712241169,0.585343896291,0.801347212455,8.29009640666
194,123709,Gadgetzan Auctioneer,Excess Mana,1210.0,1754,17012,17012,0.689851767389,0.560079124114,0.55302428957,0.800752032983,9.69897377423
397,116433,Flamewreathed Faceless,Totem Golem,280.0,463,3244,3244,0.60475161987,0.516120255748,0.526204458794,0.800543472802,7.00647948164
16,195147,Molten Reflection,Archmage Antonidas,447.0,517,6699,6699,0.864603481625,0.617294520548,0.629129441097,0.800343000954,12.9574468085
123,101735,Fan of Knives,Arcane Giant,638.0,1024,9315,9315,0.623046875,0.485426578595,0.576627261074,0.800152924758,9.0966796875
38,15438,Archmage Antonidas,Primordial Glyph,186.0,265,2831,2831,0.701886792453,0.629129441097,0.501428893735,0.799728571273,10.6830188679
313,12516,Arcane Giant,Wrath,677.0,1017,8548,8548,0.665683382498,0.576627261074,0.519149821916,0.799180856018,8.40511307768
393,65346,Darkbomb,Life Tap,200.0,320,2492,2492,0.625,0.586140519731,0.479712241169,0.798760946558,7.7875
285,108298,Fire Fly,Preparation,503.0,822,4824,4824,0.611922141119,0.513483520142,0.536412717457,0.798238537323,5.86861313869
281,207464,Novice Engineer,Shadowstep,1534.0,2552,13064,13064,0.601097178683,0.508217270195,0.532896064581,0.797276437685,5.11912225705
327,87942,Edwin VanCleef,Mimic Pod,273.0,437,2824,2824,0.62471395881,0.556572125648,0.505794353139,0.797122219942,6.46224256293
286,126931,Glacial Shard,Preparation,508.0,822,4895,4895,0.61800486618,0.519293478261,0.536412717457,0.796878558396,5.95498783455
348,247830,Shadow Visions,Divine Spirit,737.0,1150,8581,8581,0.640869565217,0.50108892922,0.577214781346,0.795583204752,7.46173913043
103,116256,Flamewreathed Faceless,Flametongue Totem,340.0,512,3625,3625,0.6640625,0.516120255748,0.580966242547,0.795099105597,7.080078125
396,264193,Small-Time Buccaneer,Totem Golem,254.0,418,2116,2116,0.607655502392,0.521501732189,0.526204458794,0.79496095433,5.06220095694
130,282732,Swipe,Savage Roar,275.0,369,3309,3309,0.745257452575,0.536432520015,0.628395061728,0.793375187728,8.9674796748
284,268319,Southsea Deckhand,Preparation,657.0,1075,6950,6950,0.611162790698,0.515411495901,0.536412717457,0.793249173073,6.46511627907
11,45332,Cabalist's Tome,Time Warp,253.0,319,3785,3785,0.793103448276,0.48431417449,0.741357234315,0.792492520215,11.8652037618
271,321993,Youthful Brewmaster,Novice Engineer,723.0,1189,7100,7100,0.608074011775,0.541673489438,0.508217270195,0.792479428153,5.97140454163
237,237066,Rockbiter Weapon,Lightning Bolt,383.0,615,4427,4427,0.622764227642,0.541382667965,0.521466558659,0.791151768944,7.19837398374
404,205431,Noble Sacrifice,Repentance,266.0,430,2736,2736,0.618604651163,0.523055610528,0.536347197107,0.7907521626,6.36279069767
278,201335,N'Zoth's First Mate,Patches the Pirate,7483.0,12407,16702,16702,0.603127266865,0.513323736966,0.533454771637,0.7896025068,1.34617554606
430,298734,Tunnel Trogg,Sir Finley Mrrgglton,246.0,396,1582,1582,0.621212121212,0.550285225328,0.512661226639,0.789375897229,3.99494949495
312,217721,Power of the Wild,Raven Idol,570.0,929,6192,6192,0.613562970936,0.536883432869,0.519363477186,0.788653200601,6.66523143165
82,195172,Molten Reflection,Cabalist's Tome,522.0,794,9124,9124,0.657430730479,0.617294520548,0.48431417449,0.788014614744,11.4911838791
447,35687,Bloodmage Thalnos,Conceal,130.0,214,1606,1606,0.607476635514,0.521453919776,0.530035335689,0.787504408354,7.5046728972
422,298739,Tunnel Trogg,Small-Time Buccaneer,510.0,809,2756,2756,0.630407911001,0.550285225328,0.521501732189,0.786973035328,3.40667490729
115,121590,Frostbolt,Arcane Giant,131.0,202,2060,2060,0.648514851485,0.512105542937,0.576627261074,0.786713378328,10.198019802
125,22180,Azure Drake,Power of the Wild,182.0,297,2434,2434,0.612794612795,0.519901187598,0.536883432869,0.786365336631,8.19528619529
350,150706,Inner Fire,Shadow Visions,676.0,1023,7643,7643,0.660801564027,0.600804976217,0.50108892922,0.786154896224,7.47116324536
487,30076,Blackwing Corruptor,Fiery War Axe,181.0,297,2443,2443,0.609427609428,0.537381294964,0.516873205909,0.785769966657,8.22558922559
97,173953,Lightning Bolt,Jade Lightning,676.0,1098,8850,8850,0.615664845173,0.521466558659,0.53829176009,0.785412146681,8.06010928962
304,287173,The Coin,Counterspell,437.0,719,2804,2804,0.607788595271,0.498950037839,0.555803970667,0.784660767831,3.89986091794
443,162011,Kabal Talonpriest,Netherspite Historian,144.0,239,1855,1855,0.602510460251,0.540112915592,0.509153993799,0.784331572322,7.76150627615
39,15242,Archmage Antonidas,Arcane Intellect,166.0,240,2804,2804,0.691666666667,0.629129441097,0.501872255597,0.784176782357,11.6833333333
450,179328,Lyra the Sunshard,Shadow Word: Pain,462.0,751,7426,7426,0.61517976032,0.563265306122,0.498575135043,0.78416474339,9.88814913449
147,192185,Mire Keeper,Azure Drake,156.0,252,2159,2159,0.619047619048,0.54417404644,0.519901187598,0.783029574037,8.56746031746
87,175698,Living Roots,Aviana,281.0,337,3229,3229,0.833827893175,0.529850438795,0.719341563786,0.782851222312,9.58160237389
472,82159,Drakonid Operative,Wyrmrest Agent,182.0,291,2729,2729,0.625429553265,0.560749900279,0.509972198719,0.782562770388,9.37800687285
462,172318,Life Tap,Emperor Thaurissan,490.0,807,8207,8207,0.607187112763,0.479712241169,0.579403860249,0.781406106424,10.1697645601
180,217685,Power of the Wild,Nourish,348.0,542,4077,4077,0.642066420664,0.536883432869,0.547472948007,0.781352985924,7.5221402214
49,36376,Bloodmage Thalnos,Swipe,765.0,1252,9206,9206,0.611022364217,0.521453919776,0.536432520015,0.781327154525,7.35303514377
492,226605,"Ragnaros, Lightlord",Reinforce,542.0,898,11202,11202,0.603563474388,0.588923779617,0.46928913159,0.781090658481,12.4743875278
61,175989,Living Roots,Moonfire,1495.0,2181,19760,19760,0.685465382852,0.529850438795,0.592409007223,0.781061214909,9.06006419074
264,88180,Edwin VanCleef,The Coin,2501.0,4125,18863,18863,0.606303030303,0.556572125648,0.498950037839,0.780832455752,4.57284848485
363,251653,Shadowreaper Anduin,Lesser Heal,527.0,749,8737,8737,0.703604806409,0.646204894235,0.498912687649,0.780424389966,11.6648865154
489,192824,Mirror Entity,Kabal Crystal Runner,383.0,630,4398,4398,0.607936507937,0.514814351794,0.541251494619,0.780135333304,6.98095238095
142,11968,Arcane Giant,Feral Rage,595.0,901,7542,7542,0.660377358491,0.576627261074,0.525151325402,0.779684182891,8.37069922309
162,38817,Bluegill Warrior,Murloc Warleader,3884.0,6119,40597,40597,0.634744239255,0.505710691824,0.576294480351,0.778393892768,6.63458081386
410,302007,Twin Emperor Vek'lor,Brann Bronzebeard,202.0,301,3465,3465,0.671096345515,0.556506849315,0.553687160624,0.778388676899,11.511627907
268,59426,Crystal Core,Novice Engineer,469.0,650,4127,4127,0.721538461538,0.652245862884,0.508217270195,0.777810328985,6.34923076923
255,200300,Murloc Warleader,Southsea Deckhand,137.0,212,1379,1379,0.646226415094,0.576294480351,0.515411495901,0.777320825677,6.50471698113
294,210883,Patches the Pirate,Stonetusk Boar,456.0,699,4723,4723,0.652360515021,0.533454771637,0.562138475022,0.777230118406,6.75679542203
322,23379,Backstab,Edwin VanCleef,2098.0,3443,18915,18915,0.609352309033,0.503373507872,0.556572125648,0.777022660509,5.49375544583
230,236683,Roaring Torch,Ice Lance,279.0,404,4931,4931,0.690594059406,0.602225755167,0.527849406911,0.77586404939,12.2054455446
405,232256,Redemption,Repentance,241.0,373,2391,2391,0.646112600536,0.554626693572,0.536347197107,0.775652101409,6.41018766756
128,173748,Lightning Bolt,Bloodlust,280.0,335,3336,3336,0.835820895522,0.521466558659,0.738046680263,0.77551740723,9.95820895522
315,92162,Emperor Thaurissan,Wrath,158.0,242,1933,1933,0.652892561983,0.579403860249,0.519149821916,0.774975601308,7.98760330579
165,95234,Eviscerate,Cold Blood,1634.0,2520,19303,19303,0.648412698413,0.511054805456,0.585215921316,0.773824941646,7.65992063492
34,151226,Innervate,Bloodmage Thalnos,314.0,509,3493,3493,0.616895874263,0.546037151111,0.521453919776,0.773147601956,6.86247544204
247,205427,Noble Sacrifice,Redemption,829.0,1320,8448,8448,0.62803030303,0.523055610528,0.554626693572,0.772360645987,6.4
423,154950,Jade Claws,Small-Time Buccaneer,398.0,650,3659,3659,0.612307692308,0.542612493535,0.521501732189,0.7718821791,5.62923076923
259,154954,Jade Claws,Southsea Deckhand,622.0,1028,5563,5563,0.605058365759,0.542612493535,0.515411495901,0.771719176633,5.41147859922
261,322082,Youthful Brewmaster,Southsea Deckhand,630.0,1044,6730,6730,0.603448275862,0.541673489438,0.515411495901,0.770786604222,6.44636015326
297,268575,Southsea Deckhand,Youthful Brewmaster,630.0,1044,6730,6730,0.603448275862,0.515411495901,0.541673489438,0.770786604222,6.44636015326
226,151034,Inner Rage,Rampage,275.0,414,4298,4298,0.664251207729,0.526369951119,0.583901773533,0.770678614487,10.3816425121
169,101838,Fan of Knives,Cold Blood,785.0,1279,9760,9760,0.613760750586,0.485426578595,0.585215921316,0.770351550909,7.63096168882
429,115561,Flametongue Totem,Sir Finley Mrrgglton,229.0,356,1994,1994,0.643258426966,0.580966242547,0.512661226639,0.769993927729,5.60112359551
136,318599,Wrath,Aya Blackpaw,349.0,522,4357,4357,0.668582375479,0.519149821916,0.596563432452,0.769536799605,8.34674329502
420,271039,Spirit Claws,Small-Time Buccaneer,552.0,910,3856,3856,0.606593406593,0.538849427967,0.521501732189,0.769465231283,4.23736263736
316,12509,Arcane Giant,Wild Growth,686.0,1047,9361,9361,0.655205348615,0.576627261074,0.526680192747,0.768914392275,8.94078319007
495,264934,Snake Trap,Cloaked Huntress,197.0,327,1298,1298,0.60244648318,0.536637931034,0.521126760563,0.767437177999,3.96941896024
133,156720,Jade Spirit,Aya Blackpaw,366.0,508,4737,4737,0.720472440945,0.561221302514,0.596563432452,0.766361560455,9.32480314961
25,195353,Molten Reflection,Sorcerer's Apprentice,1996.0,2904,34969,34969,0.687327823691,0.617294520548,0.517443367373,0.766320301888,12.0416666667
202,318748,Wrath,Earthen Scales,611.0,946,7914,7914,0.645877378436,0.519149821916,0.578252427184,0.766161933796,8.36575052854
210,21909,Azure Drake,Gadgetzan Auctioneer,154.0,246,2014,2014,0.626016260163,0.519901187598,0.560079124114,0.765414787967,8.18699186992
120,35568,Bloodmage Thalnos,Arcane Giant,265.0,410,3628,3628,0.646341463415,0.521453919776,0.576627261074,0.765266251552,8.8487804878
342,151202,Innervate,Barnes,157.0,253,1220,1220,0.620553359684,0.546037151111,0.529237094564,0.764243333496,4.82213438735
244,205147,Noble Sacrifice,Avenge,512.0,757,4852,4852,0.676354029062,0.523055610528,0.603090294544,0.76271721356,6.40951122853
389,171416,Lesser Heal,Kazakus,588.0,971,9154,9154,0.605561277034,0.498912687649,0.566511987626,0.76198169068,9.42739443872
446,182965,Mana Tide Totem,Spirit Claws,227.0,372,2696,2696,0.610215053763,0.528947245456,0.538849427967,0.761241841862,7.24731182796
89,21623,Azure Drake,Aviana,208.0,260,2334,2334,0.8,0.519901187598,0.719341563786,0.760391938118,8.97692307692
141,123725,Gadgetzan Auctioneer,Feral Rage,912.0,1450,12164,12164,0.628965517241,0.560079124114,0.525151325402,0.760067185895,8.38896551724
163,238888,SI:7 Agent,Murloc Warleader,163.0,262,1778,1778,0.62213740458,0.504887463031,0.576294480351,0.759961915391,6.78625954198
8,170348,Leeroy Jenkins,Sap,136.0,216,1999,1999,0.62962962963,0.618143630342,0.47640466008,0.759898574709,9.25462962963
469,5748,Alley Armorsmith,Shield Block,144.0,237,2494,2494,0.607594936709,0.550871596217,0.516464699684,0.758755031143,10.5232067511
323,281463,Swashburglar,Edwin VanCleef,961.0,1581,9803,9803,0.607843137255,0.511591679648,0.556572125648,0.758348555392,6.20050600886
146,115098,Flametongue Totem,Azure Drake,537.0,833,7389,7389,0.644657863145,0.580966242547,0.519901187598,0.758143587803,8.87034813926
276,257739,Ship's Cannon,Patches the Pirate,272.0,435,1504,1504,0.625287356322,0.549611734254,0.533454771637,0.757380211497,3.45747126437
96,35362,Bloodlust,Jade Lightning,194.0,229,2424,2424,0.847161572052,0.738046680263,0.53829176009,0.757238920318,10.5851528384
7,170169,Leeroy Jenkins,Heroic Strike,256.0,400,3077,3077,0.64,0.618143630342,0.486072253984,0.756145329727,7.6925
325,12190,Arcane Giant,Mimic Pod,427.0,688,6308,6308,0.620639534884,0.576627261074,0.505794353139,0.755179500211,9.16860465116
433,179188,Lyra the Sunshard,Holy Smite,255.0,418,4065,4065,0.61004784689,0.563265306122,0.50906522251,0.754965770135,9.72488038278
250,125333,Gentle Megasaur,Noble Sacrifice,177.0,285,2002,2002,0.621052631579,0.5582002457,0.523055610528,0.754765560708,7.02456140351
428,110585,Fireblast,Manic Soulcaster,205.0,341,3982,3982,0.601173020528,0.488393679586,0.579029733959,0.754162428484,11.6774193548
197,155452,Jade Idol,Excess Mana,2053.0,2901,32115,32115,0.707687004481,0.602094240838,0.55302428957,0.753941287733,11.0703205791
478,40631,Book Wyrm,Power Word: Shield,152.0,246,2279,2279,0.617886178862,0.564182025771,0.515345141533,0.753845748793,9.26422764228
54,123863,Gadgetzan Auctioneer,Kun the Forgotten King,220.0,271,2342,2342,0.811808118081,0.560079124114,0.682754880694,0.752805307717,8.64206642066
124,176038,Living Roots,Power of the Wild,824.0,1365,8384,8384,0.603663003663,0.529850438795,0.536883432869,0.752395604546,6.14212454212
457,256187,Shield Slam,Justicar Trueheart,161.0,264,2739,2739,0.609848484848,0.532566302652,0.539984767708,0.751717486736,10.375
470,284085,Tank Up!,Disciple of C'Thun,235.0,384,5004,5004,0.611979166667,0.582079829445,0.49590750972,0.751456480204,13.03125
26,292317,Time Warp,Sorcerer's Apprentice,1010.0,1242,15455,15455,0.813204508857,0.741357234315,0.517443367373,0.751355214467,12.4436392915
311,151751,Innervate,Raven Idol,1816.0,3021,19690,19690,0.601125455147,0.546037151111,0.519363477186,0.751267940541,6.51770936776
252,252201,Shadowstep,Prince Keleseth,288.0,436,1321,1321,0.660550458716,0.532896064581,0.585863874346,0.749414924133,3.02981651376
372,28414,Bilefin Tidehunter,Crystal Core,321.0,464,3178,3178,0.691810344828,0.501435656487,0.652245862884,0.749170250659,6.84913793103
208,260409,Sinister Strike,Shiv,194.0,287,2680,2680,0.675958188153,0.643956043956,0.496255616575,0.749164882247,9.33797909408
258,88129,Edwin VanCleef,Southsea Deckhand,334.0,551,2920,2920,0.606170598911,0.556572125648,0.515411495901,0.748154370851,5.29945553539
426,110500,Fireblast,Kazakus Potion,291.0,479,4828,4828,0.60751565762,0.488393679586,0.58887157393,0.747803307621,10.0793319415
328,12305,Arcane Giant,SI:7 Agent,174.0,283,2660,2660,0.614840989399,0.576627261074,0.504887463031,0.747587337487,9.39929328622
491,221414,Primordial Glyph,Spellbender,221.0,366,2356,2356,0.603825136612,0.501428893735,0.57023255814,0.747533841542,6.43715846995
266,221711,Prince Keleseth,The Coin,248.0,402,502,502,0.616915422886,0.585863874346,0.498950037839,0.74689378309,1.24875621891
307,88024,Edwin VanCleef,Questing Adventurer,338.0,534,4168,4168,0.632958801498,0.556572125648,0.538953653682,0.746734264868,7.80524344569
114,21603,Azure Drake,Arcane Giant,315.0,498,4499,4499,0.632530120482,0.519901187598,0.576627261074,0.746648287005,9.03413654618
488,5600,Alley Armorsmith,Fiery War Axe,209.0,348,3421,3421,0.600574712644,0.550871596217,0.516873205909,0.74634299114,9.83045977011
494,11078,Arcane Blast,Firelands Portal,128.0,213,2007,2007,0.600938967136,0.513980548802,0.554493307839,0.746008496336,9.42253521127
91,123877,Gadgetzan Auctioneer,Living Roots,749.0,1197,9307,9307,0.625730994152,0.560079124114,0.529850438795,0.746002993343,7.77527151211
70,123829,Gadgetzan Auctioneer,Innervate,3412.0,5294,42136,42136,0.644503211182,0.560079124114,0.546037151111,0.745470001222,7.95919909331
267,179875,Mad Scientist,The Coin,231.0,379,637,637,0.609498680739,0.580611982515,0.498950037839,0.743803407701,1.68073878628
303,287689,The Coin,Mad Scientist,231.0,379,637,637,0.609498680739,0.498950037839,0.580611982515,0.743803407701,1.68073878628
358,206653,Nourish,Jade Spirit,628.0,972,8054,8054,0.646090534979,0.547472948007,0.561221302514,0.743266563162,8.28600823045
279,59476,Crystal Core,Swashburglar,421.0,600,3867,3867,0.701666666667,0.652245862884,0.511591679648,0.743265349092,6.445
182,123838,Gadgetzan Auctioneer,Jade Idol,2535.0,3579,36471,36471,0.708298407376,0.560079124114,0.602094240838,0.742128717115,10.1902766136
201,315925,Wild Growth,Earthen Scales,542.0,848,7960,7960,0.639150943396,0.526680192747,0.578252427184,0.74129190559,9.38679245283
155,287704,The Coin,Malygos,176.0,242,2106,2106,0.727272727273,0.498950037839,0.694968553459,0.740684262959,8.70247933884
185,151530,Innervate,Jade Idol,3333.0,4834,44598,44598,0.689491104675,0.546037151111,0.602094240838,0.740608079953,9.22589987588
93,309977,Violet Teacher,Living Roots,565.0,924,5935,5935,0.611471861472,0.550472997246,0.529850438795,0.740251538063,6.42316017316
90,181829,Malygos,Living Roots,953.0,1235,12445,12445,0.771659919028,0.694968553459,0.529850438795,0.739837839066,10.0769230769
173,51013,Cold Blood,Bluegill Warrior,319.0,515,3323,3323,0.619417475728,0.585215921316,0.505710691824,0.738589134203,6.45242718447
452,217850,Power of the Wild,Violet Teacher,885.0,1432,9881,9881,0.618016759777,0.536883432869,0.550472997246,0.737711951879,6.9001396648
298,211014,Patches the Pirate,Youthful Brewmaster,467.0,773,4240,4240,0.604139715395,0.533454771637,0.541673489438,0.737523074683,5.4851228978
132,315787,Wild Growth,Aya Blackpaw,245.0,373,3548,3548,0.656836461126,0.526680192747,0.596563432452,0.737411252451,9.51206434316
170,238497,SI:7 Agent,Cold Blood,588.0,952,6666,6666,0.617647058824,0.504887463031,0.585215921316,0.737356036715,7.00210084034
6,11946,Arcane Giant,Eviscerate,677.0,1099,9549,9549,0.61601455869,0.576627261074,0.511054805456,0.737352977547,8.68880800728
196,11951,Arcane Giant,Excess Mana,627.0,941,8669,8669,0.666312433581,0.576627261074,0.55302428957,0.73691597209,9.21253985122
100,154777,Jade Claws,Jade Lightning,863.0,1415,11027,11027,0.609893992933,0.542612493535,0.53829176009,0.736244295531,7.79293286219
344,310098,Violet Teacher,Soul of the Forest,172.0,241,1874,1874,0.713692946058,0.550472997246,0.621278941566,0.735650035305,7.77593360996
183,86586,Earthen Scales,Jade Idol,1878.0,2587,27463,27463,0.725937379204,0.578252427184,0.602094240838,0.734794557679,10.6157711635
30,15347,Archmage Antonidas,Frost Nova,491.0,790,9033,9033,0.621518987342,0.629129441097,0.474057811928,0.73425543571,11.4341772152
19,286997,The Coin,Archmage Antonidas,476.0,728,7375,7375,0.653846153846,0.498950037839,0.629129441097,0.733784373596,10.1304945055
343,25720,Barnes,"Y'Shaarj, Rage Unbound",246.0,344,2237,2237,0.71511627907,0.529237094564,0.649172846549,0.733064902444,6.50290697674
131,282218,Swipe,Aya Blackpaw,267.0,401,3652,3652,0.665835411471,0.536432520015,0.596563432452,0.732671436101,9.1072319202
254,59470,Crystal Core,Southsea Deckhand,728.0,1042,6908,6908,0.698656429942,0.652245862884,0.515411495901,0.731527199906,6.62955854127
317,155802,Jade Idol,Wild Growth,2102.0,3190,31381,31381,0.658934169279,0.602094240838,0.526680192747,0.73137141487,9.83730407524
471,81893,Drakonid Operative,Kabal Talonpriest,171.0,272,2731,2731,0.628676470588,0.560749900279,0.540112915592,0.730318831958,10.0404411765
79,215713,Power Overwhelming,Doomguard,416.0,626,5158,5158,0.664536741214,0.615089067412,0.520535974366,0.730219364061,8.23961661342
355,318910,Wrath,Jade Spirit,712.0,1178,8521,8521,0.60441426146,0.519149821916,0.561221302514,0.729707283074,7.23344651952
68,36119,Bloodmage Thalnos,Moonfire,259.0,405,2837,2837,0.63950617284,0.521453919776,0.592409007223,0.72763335604,7.0049382716
199,104340,Feral Rage,Excess Mana,628.0,1045,9948,9948,0.600956937799,0.525151325402,0.55302428957,0.727190176284,9.51961722488
407,200295,Murloc Warleader,Solemn Vigil,146.0,233,1988,1988,0.62660944206,0.576294480351,0.525462089777,0.727181898973,8.5321888412
380,200317,Murloc Warleader,Stonehill Defender,180.0,296,2452,2452,0.608108108108,0.576294480351,0.509961042663,0.727154838004,8.28378378378
356,153752,Jade Behemoth,Jade Spirit,705.0,1061,9574,9574,0.664467483506,0.572892617828,0.561221302514,0.72592762008,9.02356267672
248,53152,Competitive Spirit,Noble Sacrifice,739.0,1079,6846,6846,0.684893419833,0.633607622347,0.523055610528,0.725900854712,6.34476367006
159,253715,Shapeshift,Malygos,195.0,285,2842,2842,0.684210526316,0.476436456776,0.694968553459,0.725819978429,9.97192982456
75,317767,Wisps of the Old Gods,Shapeshift,193.0,312,2866,2866,0.61858974359,0.629539951574,0.476436456776,0.723873881912,9.1858974359
291,218797,Preparation,Stonetusk Boar,559.0,899,6065,6065,0.621802002225,0.536412717457,0.562138475022,0.723724920237,6.74638487208
465,290326,Thing from Below,Spirit Echo,181.0,286,3153,3153,0.632867132867,0.519086366881,0.591721542803,0.722909341573,11.0244755245
417,271077,Spirit Claws,Tunnel Trogg,661.0,1082,5335,5335,0.610905730129,0.538849427967,0.550285225328,0.722825025638,4.93068391867
339,185053,Mark of the Lotus,Bloodsail Corsair,1161.0,1872,6110,6110,0.620192307692,0.581272970264,0.518187211903,0.722227817865,3.26388888889
314,103013,Fandral Staghelm,Wrath,2579.0,4141,29214,29214,0.622796425984,0.582997734709,0.519149821916,0.721599163814,7.05481767689
195,86516,Earthen Scales,Excess Mana,508.0,772,7769,7769,0.658031088083,0.578252427184,0.55302428957,0.721595033119,10.0634715026
305,183320,Mana Wyrm,Counterspell,511.0,839,5429,5429,0.609058402861,0.532861925258,0.555803970667,0.720991441803,6.47079856973
77,51328,Cold Blood,Leeroy Jenkins,969.0,1303,11731,11731,0.743668457406,0.585215921316,0.618143630342,0.720648875321,9.00306983883
263,46203,Call of the Wild,The Coin,214.0,338,2460,2460,0.633136094675,0.617430310798,0.498950037839,0.72036850621,7.27810650888
9,109832,Fireball,Time Warp,661.0,749,9794,9794,0.882510013351,0.579296477163,0.741357234315,0.720228410696,13.0761014686
324,56427,Counterfeit Coin,Edwin VanCleef,1389.0,2303,12681,12681,0.603126356926,0.527535037098,0.556572125648,0.71986994856,5.50629613548
467,284381,Tank Up!,Shield Block,733.0,1187,14573,14573,0.61752316765,0.582079829445,0.516464699684,0.719857321937,12.2771693345
265,187902,"Medivh, the Guardian",The Coin,211.0,334,2407,2407,0.631736526946,0.618359813834,0.498950037839,0.716651221233,7.20658682635
184,185197,Mark of the Lotus,Jade Idol,187.0,261,2324,2324,0.716475095785,0.581272970264,0.602094240838,0.716464313343,8.90421455939
32,109249,Fireball,Bloodmage Thalnos,819.0,1325,13839,13839,0.618113207547,0.579296477163,0.521453919776,0.7159915969,10.4445283019
83,195217,Molten Reflection,Fireblast,314.0,509,6142,6142,0.616895874263,0.617294520548,0.488393679586,0.71598747335,12.0667976424
102,270880,Spirit Claws,Flametongue Totem,752.0,1174,8003,8003,0.640545144804,0.538849427967,0.580966242547,0.71594605123,6.81686541738
345,150478,Inner Fire,Divine Spirit,1853.0,2614,19819,19819,0.708875286917,0.600804976217,0.577214781346,0.71495007172,7.5818668707
390,41431,Brann Bronzebeard,Kazakus,1122.0,1750,17994,17994,0.641142857143,0.553687160624,0.566511987626,0.714909500794,10.2822857143
126,241368,Savage Roar,Power of the Wild,462.0,670,5087,5087,0.689552238806,0.628395061728,0.536883432869,0.714847688857,7.59253731343
412,154414,Jade Chieftain,Brann Bronzebeard,134.0,206,2405,2405,0.650485436893,0.57492795389,0.553687160624,0.714629618527,11.6747572816
46,12421,Arcane Giant,Swipe,603.0,954,8124,8124,0.632075471698,0.576627261074,0.536432520015,0.714627244156,8.51572327044
221,99860,Faceless Manipulator,Charge,223.0,286,3141,3141,0.77972027972,0.618260006616,0.617679558011,0.713811618509,10.9825174825
187,318908,Wrath,Jade Idol,2318.0,3636,30843,30843,0.637513751375,0.519149821916,0.602094240838,0.712724631549,8.48267326733
384,279736,Sulfuras,Tar Creeper,138.0,217,2380,2380,0.635944700461,0.642728256947,0.4856767986,0.711601492954,10.9677419355
301,286949,The Coin,Alexstrasza,229.0,359,3140,3140,0.637883008357,0.498950037839,0.62758854815,0.711519433223,8.74651810585
176,86652,Earthen Scales,Nourish,434.0,673,6012,6012,0.644873699851,0.578252427184,0.547472948007,0.711486213414,8.93313521545
246,20462,Avenge,Redemption,387.0,568,3626,3626,0.681338028169,0.603090294544,0.554626693572,0.711451641323,6.3838028169
178,102859,Fandral Staghelm,Nourish,1525.0,2347,19638,19638,0.649765658287,0.582997734709,0.547472948007,0.71087069995,8.36727737537
203,104322,Feral Rage,Earthen Scales,390.0,631,5740,5740,0.618066561014,0.525151325402,0.578252427184,0.710654476059,9.09667194929
47,157170,Jade Spirit,Swipe,618.0,1011,8459,8459,0.611275964392,0.561221302514,0.536432520015,0.708247714033,8.36696340257
74,20898,Aviana,Shapeshift,176.0,253,2350,2350,0.695652173913,0.719341563786,0.476436456776,0.707934405301,9.28853754941
143,155460,Jade Idol,Feral Rage,1244.0,1939,19166,19166,0.641567818463,0.602094240838,0.525151325402,0.707569736803,9.8844765343
186,181445,Malfurion the Pestilent,Jade Idol,215.0,304,2935,2935,0.707236842105,0.579569566535,0.602094240838,0.706421204022,9.65460526316
411,153637,Jade Behemoth,Brann Bronzebeard,199.0,310,2617,2617,0.641935483871,0.572892617828,0.553687160624,0.704944954266,8.44193548387
62,168343,Kun the Forgotten King,Moonfire,243.0,297,2725,2725,0.818181818182,0.682754880694,0.592409007223,0.704506666684,9.17508417508
421,115567,Flametongue Totem,Small-Time Buccaneer,438.0,715,3879,3879,0.612587412587,0.580966242547,0.521501732189,0.704041676826,5.42517482517
113,175682,Living Roots,Arcane Giant,510.0,826,6863,6863,0.617433414044,0.529850438795,0.576627261074,0.7035356713,8.30871670702
280,59457,Crystal Core,Shadowstep,635.0,905,5559,5559,0.701657458564,0.652245862884,0.532896064581,0.702452627633,6.14254143646
272,59429,Crystal Core,Patches the Pirate,580.0,826,5352,5352,0.702179176755,0.652245862884,0.533454771637,0.702148016365,6.4794188862
21,109963,Fireblast,Archmage Antonidas,354.0,571,6662,6662,0.61996497373,0.488393679586,0.629129441097,0.701959436113,11.6672504378
2,225854,Raging Worgen,Faceless Manipulator,192.0,246,2689,2689,0.780487804878,0.626035502959,0.618260006616,0.701358218918,10.9308943089
302,287926,The Coin,Reno Jackson,200.0,323,2379,2379,0.61919504644,0.498950037839,0.617232901207,0.698423208849,7.3653250774
55,316097,Wild Growth,Kun the Forgotten King,167.0,231,2063,2063,0.722943722944,0.526680192747,0.682754880694,0.698357231496,8.93073593074
366,187780,"Medivh, the Guardian",Lesser Heal,176.0,284,3417,3417,0.619718309859,0.618359813834,0.498912687649,0.697518697987,12.0316901408
388,171510,Lesser Heal,"Medivh, the Guardian",176.0,284,3417,3417,0.619718309859,0.498912687649,0.618359813834,0.697518697987,12.0316901408
437,161909,Kabal Talonpriest,Inner Fire,380.0,583,4220,4220,0.65180102916,0.540112915592,0.600804976217,0.69744602062,7.2384219554
116,151169,Innervate,Arcane Giant,886.0,1401,11038,11038,0.632405424697,0.546037151111,0.576627261074,0.697402883384,7.87865810136
409,200042,Murloc Warleader,Hydrologist,704.0,1168,8597,8597,0.602739726027,0.576294480351,0.520771830745,0.697309969074,7.36044520548
320,229334,Raven Idol,Fandral Staghelm,1183.0,1946,12906,12906,0.607913669065,0.519363477186,0.582997734709,0.697000878989,6.63206577595
257,115573,Flametongue Totem,Southsea Deckhand,635.0,1057,6065,6065,0.600756859035,0.580966242547,0.515411495901,0.69628731537,5.73793755913
329,11842,Arcane Giant,Counterfeit Coin,808.0,1324,11115,11115,0.610271903323,0.576627261074,0.527535037098,0.696248532714,8.39501510574
225,225901,Raging Worgen,Rampage,195.0,266,2837,2837,0.733082706767,0.626035502959,0.583901773533,0.695873951586,10.6654135338
212,12015,Arcane Giant,Gadgetzan Auctioneer,704.0,1087,9777,9777,0.647654093836,0.576627261074,0.560079124114,0.6958378971,8.99448022079
282,59436,Crystal Core,Preparation,1227.0,1749,10623,10623,0.70154373928,0.652245862884,0.536412717457,0.695713086466,6.07375643225
379,279729,Sulfuras,Stonehill Defender,205.0,312,3516,3516,0.657051282051,0.642728256947,0.509961042663,0.695460996019,11.2692307692
121,206399,Nourish,Arcane Giant,604.0,955,8551,8551,0.632460732984,0.547472948007,0.576627261074,0.69486430189,8.95392670157
112,21309,Aya Blackpaw,Jade Claws,208.0,321,2891,2891,0.647975077882,0.596563432452,0.542612493535,0.694026512303,9.0062305296
72,44098,C'Thun,Innervate,200.0,281,2592,2592,0.711743772242,0.651249072471,0.546037151111,0.693894070584,9.22419928826
192,190085,Mind Control Tech,Jade Idol,144.0,231,2100,2100,0.623376623377,0.51753635586,0.602094240838,0.693412392179,9.09090909091
177,155635,Jade Idol,Nourish,2613.0,3967,39195,39195,0.65868414419,0.602094240838,0.547472948007,0.692272373234,9.88026216284
451,206931,Nourish,Violet Teacher,186.0,309,2550,2550,0.601941747573,0.547472948007,0.550472997246,0.691825000707,8.25242718447
110,156948,Jade Spirit,Jade Claws,208.0,342,2936,2936,0.608187134503,0.561221302514,0.542612493535,0.691727168958,8.58479532164
359,154779,Jade Claws,Jade Spirit,208.0,342,2936,2936,0.608187134503,0.542612493535,0.561221302514,0.691727168958,8.58479532164
235,115383,Flametongue Totem,Lava Burst,466.0,709,5400,5400,0.657263751763,0.580966242547,0.567266495287,0.690318810091,7.61636107193
249,200993,Mysterious Challenger,Noble Sacrifice,1053.0,1633,10902,10902,0.644825474587,0.618786857624,0.523055610528,0.689286308847,6.67605633803
493,187316,Medivh's Valet,Firelands Portal,220.0,365,3808,3808,0.602739726027,0.545633176483,0.554493307839,0.689239100819,10.4328767123
321,11924,Arcane Giant,Edwin VanCleef,325.0,509,4785,4785,0.638506876228,0.576627261074,0.556572125648,0.687894892498,9.40078585462
234,270943,Spirit Claws,Lava Burst,209.0,344,2478,2478,0.607558139535,0.538849427967,0.567266495287,0.686937772462,7.20348837209
334,7618,Ancient Shieldbearer,Tank Up!,305.0,428,5866,5866,0.71261682243,0.61597406425,0.582079829445,0.686886677514,13.7056074766
357,41418,Brann Bronzebeard,Jade Spirit,398.0,645,5462,5462,0.617054263566,0.553687160624,0.561221302514,0.685997104848,8.46821705426
347,161762,Kabal Talonpriest,Divine Spirit,260.0,420,3324,3324,0.619047619048,0.540112915592,0.577214781346,0.685944821776,7.91428571429
287,59351,Crystal Core,Flame Elemental,1313.0,1993,12821,12821,0.658805820371,0.652245862884,0.509588051072,0.684159874573,6.43301555444
346,258389,Silence,Divine Spirit,453.0,747,5717,5717,0.606425702811,0.53006196617,0.577214781346,0.684129146022,7.65327978581
283,12256,Arcane Giant,Preparation,937.0,1529,13052,13052,0.61281883584,0.576627261074,0.536412717457,0.683724711151,8.53629823414
108,35261,Bloodlust,Devolve,291.0,427,4049,4049,0.68149882904,0.738046680263,0.466081106335,0.683683070008,9.48243559719
117,155312,Jade Idol,Arcane Giant,163.0,237,2333,2333,0.68776371308,0.602094240838,0.576627261074,0.683590575246,9.84388185654
391,183981,Manic Soulcaster,Kazakus,141.0,217,2509,2509,0.649769585253,0.579029733959,0.566511987626,0.683521023458,11.5622119816
45,86754,Earthen Scales,Swipe,411.0,669,5892,5892,0.614349775785,0.578252427184,0.536432520015,0.683368437768,8.80717488789
336,302194,Twin Emperor Vek'lor,Tank Up!,136.0,212,3000,3000,0.641509433962,0.556506849315,0.582079829445,0.683292088225,14.1509433962
63,123921,Gadgetzan Auctioneer,Moonfire,685.0,1043,7833,7833,0.656759348035,0.560079124114,0.592409007223,0.682797587508,7.51006711409
135,97214,Excess Mana,Aya Blackpaw,203.0,311,3061,3061,0.652733118971,0.55302428957,0.596563432452,0.682336124036,9.8424437299
73,266812,Soul of the Forest,Innervate,218.0,325,2285,2285,0.670769230769,0.621278941566,0.546037151111,0.68171326032,7.03076923077
166,11828,Arcane Giant,Cold Blood,166.0,249,2124,2124,0.666666666667,0.576627261074,0.585215921316,0.680868511367,8.53012048193
99,115351,Flametongue Totem,Jade Lightning,735.0,1190,9656,9656,0.617647058824,0.580966242547,0.53829176009,0.68057910007,8.11428571429
364,168991,Laughing Sister,Lesser Heal,131.0,206,2790,2790,0.635922330097,0.645764576458,0.498912687649,0.679965601953,13.5436893204
59,253667,Shapeshift,Kun the Forgotten King,321.0,500,4485,4485,0.642,0.476436456776,0.682754880694,0.679873313651,8.97
58,318942,Wrath,Kun the Forgotten King,186.0,266,2342,2342,0.699248120301,0.519149821916,0.682754880694,0.679432498267,8.8045112782
106,154718,Jade Claws,Flametongue Totem,1109.0,1784,11901,11901,0.6216367713,0.542612493535,0.580966242547,0.679023154067,6.67096412556
67,229505,Raven Idol,Moonfire,597.0,984,7098,7098,0.606707317073,0.519363477186,0.592409007223,0.679000507956,7.21341463415
482,269339,Spellbender,Medivh's Valet,127.0,207,1307,1307,0.613526570048,0.57023255814,0.545633176483,0.678987664784,6.31400966184
65,151650,Innervate,Moonfire,1314.0,2062,15980,15980,0.637245392823,0.546037151111,0.592409007223,0.678025789767,7.74975751697
200,123689,Gadgetzan Auctioneer,Earthen Scales,1265.0,1984,16990,16990,0.637600806452,0.560079124114,0.578252427184,0.677379105903,8.56350806452
85,5005,Alexstrasza,Fireblast,178.0,295,3504,3504,0.603389830508,0.62758854815,0.488393679586,0.677312177184,11.8779661017
94,102805,Fandral Staghelm,Living Roots,979.0,1611,10764,10764,0.607697082557,0.582997734709,0.529850438795,0.67665374078,6.68156424581
444,21355,Aya Blackpaw,Maelstrom Portal,160.0,264,2496,2496,0.606060606061,0.596563432452,0.516575084488,0.676329043388,9.45454545455
95,266829,Soul of the Forest,Living Roots,185.0,286,2023,2023,0.646853146853,0.621278941566,0.529850438795,0.675499634105,7.07342657343
80,215700,Power Overwhelming,Defender of Argus,289.0,441,3499,3499,0.655328798186,0.615089067412,0.542757520241,0.674462623777,7.93424036281
440,255959,Shield Slam,Ancient Shieldbearer,338.0,525,5456,5456,0.64380952381,0.532566302652,0.61597406425,0.674245929844,10.3923809524
375,235002,Repentance,Competitive Spirit,200.0,300,1921,1921,0.666666666667,0.536347197107,0.633607622347,0.673833872045,6.40333333333
438,216623,Power Word: Shield,Inner Fire,809.0,1332,9662,9662,0.607357357357,0.515345141533,0.600804976217,0.673765386927,7.25375375375
48,155754,Jade Idol,Swipe,1550.0,2449,21924,21924,0.632911392405,0.602094240838,0.536432520015,0.67273095563,8.95222539812
148,282527,Swipe,Jade Behemoth,467.0,776,7151,7151,0.601804123711,0.536432520015,0.572892617828,0.672048223743,9.21520618557
373,107899,Fire Fly,Crystal Core,377.0,576,3657,3657,0.654513888889,0.513483520142,0.652245862884,0.670008567903,6.34895833333
245,53165,Competitive Spirit,Redemption,637.0,928,5863,5863,0.686422413793,0.633607622347,0.554626693572,0.669523346864,6.31788793103
369,260681,Siphon Soul,INFERNO!,187.0,271,3789,3789,0.690036900369,0.518610061064,0.68156424581,0.668957562716,13.9815498155
442,145806,INFERNO!,Twisting Nether,139.0,217,3106,3106,0.640552995392,0.68156424581,0.481456732376,0.668880252551,14.3133640553
224,227373,Rampage,Charge,197.0,280,2981,2981,0.703571428571,0.583901773533,0.617679558011,0.668222102418,10.6464285714
138,153988,Jade Blossom,Aya Blackpaw,271.0,407,3626,3626,0.665847665848,0.572549779565,0.596563432452,0.667530933588,8.90909090909
139,41091,Brann Bronzebeard,Aya Blackpaw,141.0,219,2104,2104,0.643835616438,0.553687160624,0.596563432452,0.667413306332,9.60730593607
413,21159,Aya Blackpaw,Brann Bronzebeard,141.0,219,2104,2104,0.643835616438,0.596563432452,0.553687160624,0.667413306332,9.60730593607
193,8251,Ancient of War,Jade Idol,165.0,271,2622,2622,0.608856088561,0.519495282483,0.602094240838,0.666065502069,9.67527675277
242,53036,Competitive Spirit,Avenge,383.0,515,3203,3203,0.743689320388,0.633607622347,0.603090294544,0.665881848121,6.21941747573
273,185278,Mark of the Lotus,Patches the Pirate,1211.0,2007,6340,6340,0.603388141505,0.581272970264,0.533454771637,0.665721187407,3.15894369706
319,156862,Jade Spirit,Fandral Staghelm,168.0,264,2184,2184,0.636363636364,0.561221302514,0.582997734709,0.665226827082,8.27272727273
158,318972,Wrath,Malygos,155.0,221,1948,1948,0.701357466063,0.519149821916,0.694968553459,0.664713859927,8.81447963801
349,100314,Faceless Shambler,Divine Spirit,184.0,288,2377,2377,0.638888888889,0.569430158404,0.577214781346,0.664635261484,8.25347222222
107,780,Abusive Sergeant,Flametongue Totem,208.0,346,2094,2094,0.601156069364,0.534398473829,0.580966242547,0.660775443415,6.05202312139
134,155325,Jade Idol,Aya Blackpaw,557.0,801,7614,7614,0.695380774032,0.602094240838,0.596563432452,0.660615294564,9.50561797753
179,154241,Jade Blossom,Nourish,724.0,1195,9805,9805,0.605857740586,0.572549779565,0.547472948007,0.658987752693,8.2050209205
189,102774,Fandral Staghelm,Jade Idol,1838.0,2710,24810,24810,0.678228782288,0.582997734709,0.602094240838,0.65864266694,9.15498154982
318,11965,Arcane Giant,Fandral Staghelm,174.0,268,2374,2374,0.649253731343,0.576627261074,0.582997734709,0.65819951281,8.85820895522
207,155534,Jade Idol,Jade Blossom,1612.0,2422,21107,21107,0.665565648225,0.602094240838,0.572549779565,0.657878894766,8.7146985962
164,31945,Blessing of Kings,Murloc Warleader,241.0,400,3356,3356,0.6025,0.542343623071,0.576294480351,0.656324372229,8.39
353,150677,Inner Fire,Purify,243.0,384,3057,3057,0.6328125,0.600804976217,0.547169811321,0.654899870234,7.9609375
206,156946,Jade Spirit,Jade Blossom,603.0,975,7829,7829,0.618461538462,0.561221302514,0.572549779565,0.654775294468,8.02974358974
191,192377,Mire Keeper,Jade Idol,157.0,249,1946,1946,0.630522088353,0.54417404644,0.602094240838,0.654620353553,7.81526104418
418,235140,Repentance,Mysterious Challenger,293.0,459,3044,3044,0.63834422658,0.536347197107,0.618786857624,0.654090369771,6.63180827887
383,279638,Sulfuras,Bloodhoof Brave,145.0,228,2454,2454,0.635964912281,0.642728256947,0.514574969454,0.653835396139,10.7631578947
156,218529,Preparation,Malygos,177.0,247,2505,2505,0.716599190283,0.536412717457,0.694968553459,0.653501496159,10.1417004049
352,150509,Inner Fire,Faceless Shambler,167.0,254,1927,1927,0.657480314961,0.600804976217,0.569430158404,0.653263581622,7.58661417323
71,86578,Earthen Scales,Innervate,1219.0,2009,16618,16618,0.606769537083,0.578252427184,0.546037151111,0.653206808305,8.27177700348
161,51400,Cold Blood,Murloc Warleader,217.0,335,2204,2204,0.64776119403,0.585215921316,0.576294480351,0.652677723621,6.57910447761
333,133191,Grommash Hellscream,Tank Up!,231.0,356,5125,5125,0.648876404494,0.580487804878,0.582079829445,0.652521142359,14.3960674157
439,41059,Brann Bronzebeard,Ancient Shieldbearer,216.0,330,4140,4140,0.654545454545,0.553687160624,0.61597406425,0.651891616798,12.5454545455
56,151569,Innervate,Kun the Forgotten King,364.0,509,4199,4199,0.715127701375,0.546037151111,0.682754880694,0.651393484383,8.24950884086
408,200303,Murloc Warleader,Spikeridged Steed,197.0,322,2862,2862,0.611801242236,0.576294480351,0.554332352662,0.649779539074,8.88819875776
40,15239,Archmage Antonidas,Arcane Blast,301.0,487,5303,5303,0.618069815195,0.629129441097,0.513980548802,0.647834253453,10.8891170431
127,266856,Soul of the Forest,Power of the Wild,130.0,204,1586,1586,0.637254901961,0.621278941566,0.536883432869,0.647363852291,7.77450980392
44,195702,Moonfire,Swipe,799.0,1318,10560,10560,0.6062215478,0.592409007223,0.536432520015,0.645862725764,8.01213960546
81,215597,Power Overwhelming,Abusive Sergeant,373.0,595,4540,4540,0.626890756303,0.615089067412,0.534398473829,0.645618723324,7.63025210084
151,154161,Jade Blossom,Jade Behemoth,544.0,871,7752,7752,0.62456946039,0.572549779565,0.572892617828,0.644019849404,8.90011481056
436,258506,Silence,Inner Fire,407.0,672,5236,5236,0.605654761905,0.53006196617,0.600804976217,0.642801102804,7.79166666667
289,59366,Crystal Core,Glacial Shard,539.0,838,5390,5390,0.643198090692,0.652245862884,0.519293478261,0.641317255173,6.43198090692
337,135786,Harrison Jones,Tank Up!,151.0,247,3467,3467,0.611336032389,0.553320561941,0.582079829445,0.640856944245,14.036437247
88,123541,Gadgetzan Auctioneer,Aviana,208.0,272,2348,2348,0.764705882353,0.560079124114,0.719341563786,0.640832205697,8.63235294118
222,225839,Raging Worgen,Charge,418.0,571,5879,5879,0.732049036778,0.626035502959,0.617679558011,0.638225888912,10.295971979
441,145772,INFERNO!,Sunfury Protector,145.0,222,3041,3041,0.653153153153,0.68156424581,0.507706464228,0.635272946388,13.6981981982
69,20822,Aviana,Innervate,390.0,527,4501,4501,0.740037950664,0.719341563786,0.546037151111,0.633433433926,8.54079696395
204,123834,Gadgetzan Auctioneer,Jade Blossom,360.0,596,5222,5222,0.604026845638,0.560079124114,0.572549779565,0.633196172686,8.76174496644
354,155541,Jade Idol,Jade Spirit,1125.0,1770,14462,14462,0.635593220339,0.602094240838,0.561221302514,0.631784761364,8.17062146893
458,217859,Power of the Wild,Wisps of the Old Gods,181.0,285,2310,2310,0.635087719298,0.536883432869,0.629539951574,0.630748091987,8.10526315789
18,121597,Frostbolt,Archmage Antonidas,497.0,821,8996,8996,0.605359317905,0.512105542937,0.629129441097,0.630709708027,10.9573690621
10,15504,Archmage Antonidas,Time Warp,200.0,229,2947,2947,0.873362445415,0.629129441097,0.741357234315,0.627286290006,12.8689956332
57,97489,Excess Mana,Kun the Forgotten King,147.0,208,1884,1884,0.706730769231,0.55302428957,0.682754880694,0.626867232301,9.05769230769
198,102692,Fandral Staghelm,Excess Mana,398.0,661,6299,6299,0.602118003026,0.582997734709,0.55302428957,0.6246234988,9.52950075643
419,232211,Redemption,Mysterious Challenger,894.0,1397,9311,9311,0.639942734431,0.554626693572,0.618786857624,0.623077830656,6.6649964209
60,20858,Aviana,Moonfire,299.0,377,3557,3557,0.793103448276,0.719341563786,0.592409007223,0.621175358136,9.4350132626
20,146901,Ice Lance,Archmage Antonidas,199.0,322,3706,3706,0.61801242236,0.527849406911,0.629129441097,0.621115784067,11.5093167702
66,97543,Excess Mana,Moonfire,276.0,453,4185,4185,0.609271523179,0.55302428957,0.592409007223,0.62042008746,9.23841059603
360,155658,Jade Idol,Primordial Drake,300.0,475,4969,4969,0.631578947368,0.602094240838,0.565579167914,0.617713967219,10.4610526316
243,200916,Mysterious Challenger,Avenge,561.0,812,5451,5451,0.690886699507,0.618786857624,0.603090294544,0.615903315627,6.71305418719
240,200124,Murloc Warleader,Mark of the Lotus,161.0,261,1418,1418,0.616858237548,0.576294480351,0.581272970264,0.610555260111,5.43295019157
149,155533,Jade Idol,Jade Behemoth,1131.0,1784,16533,16533,0.633968609865,0.602094240838,0.572892617828,0.608642445931,9.26737668161
241,241322,Savage Roar,Mark of Y'Shaarj,221.0,365,2515,2515,0.605479452055,0.628395061728,0.526516561221,0.604324071644,6.8904109589
12,110986,Fireblast,Time Warp,145.0,220,2852,2852,0.659090909091,0.488393679586,0.741357234315,0.599012346224,12.9636363636
205,86583,Earthen Scales,Jade Blossom,409.0,681,6190,6190,0.600587371512,0.578252427184,0.572549779565,0.595553226436,9.08957415565
154,195598,Moonfire,Malygos,1461.0,1957,19083,19083,0.746550843127,0.592409007223,0.694968553459,0.595155117691,9.75114971896
157,151607,Innervate,Malygos,618.0,901,7888,7888,0.685904550499,0.546037151111,0.694968553459,0.591940144337,8.75471698113
51,181818,Malygos,Kun the Forgotten King,354.0,415,3921,3921,0.853012048193,0.694968553459,0.682754880694,0.586526444238,9.44819277108
463,74294,Direhorn Hatchling,Sulfuras,152.0,238,2625,2625,0.638655462185,0.553657630895,0.642728256947,0.584851886795,11.0294117647
153,260358,Sinister Strike,Malygos,479.0,597,6411,6411,0.802345058626,0.643956043956,0.694968553459,0.583796975215,10.7386934673
101,35317,Bloodlust,Flametongue Totem,609.0,801,7832,7832,0.760299625468,0.738046680263,0.580966242547,0.572768150783,9.77777777778
64,12207,Arcane Giant,Moonfire,509.0,844,6910,6910,0.60308056872,0.576627261074,0.592409007223,0.56841272992,8.18720379147
14,292293,Time Warp,Molten Reflection,885.0,1103,13859,13859,0.802357207616,0.741357234315,0.617294520548,0.561480324124,12.5648232094
341,151945,Innervate,Ultimate Infestation,1213.0,1901,15319,15319,0.638085218306,0.546037151111,0.66713454983,0.560548359208,8.05839032088
374,200930,Mysterious Challenger,Competitive Spirit,850.0,1241,8078,8078,0.684931506849,0.618786857624,0.633607622347,0.55788337161,6.50926672039
104,21254,Aya Blackpaw,Flametongue Totem,201.0,332,2969,2969,0.605421686747,0.596563432452,0.580966242547,0.557802267312,8.94277108434
385,279627,Sulfuras,Alley Armorsmith,182.0,299,3315,3315,0.608695652174,0.642728256947,0.550871596217,0.541849909964,11.0869565217
188,302725,Ultimate Infestation,Jade Idol,244.0,354,3346,3346,0.689265536723,0.66713454983,0.602094240838,0.53997614137,9.45197740113
239,241323,Savage Roar,Mark of the Lotus,322.0,514,3300,3300,0.626459143969,0.628395061728,0.581272970264,0.539449315333,6.42023346304
290,59474,Crystal Core,Stonetusk Boar,704.0,1120,7528,7528,0.628571428571,0.652245862884,0.562138475022,0.539035152295,6.72142857143
295,59506,Crystal Core,Youthful Brewmaster,133.0,221,1480,1480,0.601809954751,0.652245862884,0.541673489438,0.532612001607,6.69683257919
86,181688,Malygos,Aviana,418.0,492,4687,4687,0.849593495935,0.694968553459,0.719341563786,0.530310377414,9.52642276423
129,210198,Patches the Pirate,Bloodlust,253.0,381,3149,3149,0.664041994751,0.533454771637,0.738046680263,0.522719306117,8.26509186352
368,177608,Lord Jaraxxus,INFERNO!,329.0,468,6246,6246,0.702991452991,0.620764552563,0.68156424581,0.507757627307,13.3461538462
50,20837,Aviana,Kun the Forgotten King,587.0,725,6708,6708,0.809655172414,0.719341563786,0.682754880694,0.499891515165,9.2524137931
109,35359,Bloodlust,Jade Claws,208.0,320,3121,3121,0.65,0.738046680263,0.542612493535,0.48432514161,9.753125
