{"plays":[{"turn":1,"cards_played":[],"current_player":"opponent","my_health":30,"opponent_health":0,"my_armor":0,"opponent_armor":0,"my_hand":1,"opponent_hand":0,"my_board":[],"opponent_board":[]},{"turn":2,"cards_played":["The Coin","Darnassus Aspirant"],"current_player":"opponent","my_health":30,"opponent_health":30,"my_armor":0,"opponent_armor":0,"my_hand":4,"opponent_hand":4,"my_board":[],"opponent_board":[{"card_name":"Darnassus Aspirant","card_health":3,"card_attack":2}]},{"turn":3,"cards_played":["Nerubian Egg"],"current_player":"me","my_health":30,"opponent_health":30,"my_armor":0,"opponent_armor":0,"my_hand":4,"opponent_hand":4,"my_board":[{"card_name":"Nerubian Egg","card_health":2,"card_attack":0}],"opponent_board":[{"card_name":"Darnassus Aspirant","card_health":3,"card_attack":2}]},{"turn":4,"cards_played":["Innervate","Druid of the Claw"],"current_player":"opponent","my_health":28,"opponent_health":30,"my_armor":0,"opponent_armor":0,"my_hand":4,"opponent_hand":3,"my_board":[{"card_name":"Nerubian Egg","card_health":2,"card_attack":0}],"opponent_board":[{"card_name":"Darnassus Aspirant","card_health":3,"card_attack":2},{"card_name":"Druid of the Claw","card_health":6,"card_attack":4}]},{"turn":5,"cards_played":["Hex"],"current_player":"me","my_health":28,"opponent_health":30,"my_armor":0,"opponent_armor":0,"my_hand":4,"opponent_hand":3,"my_board":[{"card_name":"Nerubian Egg","card_health":2,"card_attack":0}],"opponent_board":[{"card_name":"Darnassus Aspirant","card_health":3,"card_attack":2},{"card_name":"Druid of the Claw","card_health":6,"card_attack":4},{"card_name":"Frog","card_health":1,"card_attack":0}]},{"turn":6,"cards_played":["Wild Growth","Shapeshift"],"current_player":"opponent","my_health":25,"opponent_health":30,"my_armor":0,"opponent_armor":1,"my_hand":4,"opponent_hand":3,"my_board":[{"card_name":"Nerubian Egg","card_health":2,"card_attack":0}],"opponent_board":[{"card_name":"Darnassus Aspirant","card_health":3,"card_attack":2},{"card_name":"Frog","card_health":1,"card_attack":0}]},{"turn":7,"cards_played":["Piloted Shredder"],"current_player":"me","my_health":25,"opponent_health":30,"my_armor":0,"opponent_armor":1,"my_hand":4,"opponent_hand":3,"my_board":[{"card_name":"Piloted Shredder","card_health":3,"card_attack":4},{"card_name":"Nerubian Egg","card_health":2,"card_attack":0}],"opponent_board":[{"card_name":"Darnassus Aspirant","card_health":3,"card_attack":2},{"card_name":"Frog","card_health":1,"card_attack":0}]},{"turn":8,"cards_played":["Wrath","Piloted Shredder"],"current_player":"opponent","my_health":25,"opponent_health":30,"my_armor":0,"opponent_armor":1,"my_hand":4,"opponent_hand":2,"my_board":[{"card_name":"Nerubian Egg","card_health":2,"card_attack":0}],"opponent_board":[{"card_name":"Piloted Shredder","card_health":3,"card_attack":4},{"card_name":"Darnassus Aspirant","card_health":1,"card_attack":2},{"card_name":"Frog","card_health":1,"card_attack":0}]},{"turn":9,"cards_played":["Haunted Creeper","Lightning Storm"],"current_player":"me","my_health":25,"opponent_health":30,"my_armor":0,"opponent_armor":1,"my_hand":3,"opponent_hand":2,"my_board":[{"card_name":"Haunted Creeper","card_health":2,"card_attack":1},{"card_name":"Nerubian Egg","card_health":2,"card_attack":0}],"opponent_board":[{"card_name":"Piloted Shredder","card_health":1,"card_attack":4}]},{"turn":10,"cards_played":["Emperor Thaurissan"],"current_player":"opponent","my_health":21,"opponent_health":30,"my_armor":0,"opponent_armor":1,"my_hand":3,"opponent_hand":2,"my_board":[{"card_name":"Haunted Creeper","card_health":2,"card_attack":1},{"card_name":"Nerubian Egg","card_health":2,"card_attack":0}],"opponent_board":[{"card_name":"Emperor Thaurissan","card_health":5,"card_attack":5},{"card_name":"Piloted Shredder","card_health":1,"card_attack":4}]},{"turn":11,"cards_played":["Rockbiter Weapon","Haunted Creeper"],"current_player":"me","my_health":21,"opponent_health":28,"my_armor":0,"opponent_armor":0,"my_hand":2,"opponent_hand":2,"my_board":[{"card_name":"Haunted Creeper","card_health":2,"card_attack":1},{"card_name":"Spectral Spider","card_health":1,"card_attack":1},{"card_name":"Spectral Spider","card_health":1,"card_attack":1},{"card_name":"Nerubian","card_health":4,"card_attack":4}],"opponent_board":[{"card_name":"Emperor Thaurissan","card_health":5,"card_attack":5}]},{"turn":12,"cards_played":["Dr. Boom"],"current_player":"opponent","my_health":16,"opponent_health":28,"my_armor":0,"opponent_armor":0,"my_hand":2,"opponent_hand":2,"my_board":[{"card_name":"Haunted Creeper","card_health":2,"card_attack":1},{"card_name":"Spectral Spider","card_health":1,"card_attack":1},{"card_name":"Spectral Spider","card_health":1,"card_attack":1},{"card_name":"Nerubian","card_health":4,"card_attack":4}],"opponent_board":[{"card_name":"Dr. Boom","card_health":7,"card_attack":7},{"card_name":"Emperor Thaurissan","card_health":5,"card_attack":5},{"card_name":"Boom Bot","card_health":1,"card_attack":1},{"card_name":"Boom Bot","card_health":1,"card_attack":1}]},{"turn":13,"cards_played":["Sylvanas Windrunner","Rockbiter Weapon"],"current_player":"me","my_health":16,"opponent_health":28,"my_armor":0,"opponent_armor":0,"my_hand":1,"opponent_hand":2,"my_board":[{"card_name":"Sylvanas Windrunner","card_health":2,"card_attack":5},{"card_name":"Spectral Spider","card_health":1,"card_attack":1},{"card_name":"Spectral Spider","card_health":1,"card_attack":1}],"opponent_board":[{"card_name":"Emperor Thaurissan","card_health":5,"card_attack":5}]},{"turn":14,"cards_played":["Wrath","Piloted Shredder","Shapeshift"],"current_player":"opponent","my_health":16,"opponent_health":28,"my_armor":0,"opponent_armor":0,"my_hand":1,"opponent_hand":2,"my_board":[],"opponent_board":[{"card_name":"Piloted Shredder","card_health":3,"card_attack":4}]},{"turn":15,"cards_played":["Stalagg","Totemic Call"],"current_player":"me","my_health":16,"opponent_health":28,"my_armor":0,"opponent_armor":0,"my_hand":1,"opponent_hand":2,"my_board":[{"card_name":"Stalagg","card_health":4,"card_attack":7},{"card_name":"Searing Totem","card_health":1,"card_attack":1}],"opponent_board":[{"card_name":"Piloted Shredder","card_health":3,"card_attack":4}]},{"turn":16,"cards_played":["Shapeshift"],"current_player":"me","my_health":16,"opponent_health":28,"my_armor":0,"opponent_armor":0,"my_hand":1,"opponent_hand":3,"my_board":[],"opponent_board":[{"card_name":"Micro Machine","card_health":2,"card_attack":1}]},{"turn":17,"cards_played":["Dr. Boom","Totemic Call"],"current_player":"me","my_health":16,"opponent_health":28,"my_armor":0,"opponent_armor":0,"my_hand":1,"opponent_hand":3,"my_board":[{"card_name":"Dr. Boom","card_health":7,"card_attack":7},{"card_name":"Boom Bot","card_health":1,"card_attack":1},{"card_name":"Boom Bot","card_health":1,"card_attack":1},{"card_name":"Wrath of Air Totem","card_health":2,"card_attack":0}],"opponent_board":[{"card_name":"Micro Machine","card_health":2,"card_attack":2}]},{"turn":18,"cards_played":["Azure Drake","Wild Growth","Excess Mana","Swipe"],"current_player":"opponent","my_health":14,"opponent_health":27,"my_armor":0,"opponent_armor":0,"my_hand":1,"opponent_hand":3,"my_board":[],"opponent_board":[]},{"turn":19,"cards_played":["Totemic Call"],"current_player":"me","my_health":14,"opponent_health":27,"my_armor":0,"opponent_armor":0,"my_hand":2,"opponent_hand":3,"my_board":[{"card_name":"Healing Totem","card_health":2,"card_attack":0}],"opponent_board":[]},{"turn":20,"cards_played":["Azure Drake","Keeper of the Grove"],"current_player":"opponent","my_health":14,"opponent_health":27,"my_armor":0,"opponent_armor":0,"my_hand":2,"opponent_hand":3,"my_board":[],"opponent_board":[{"card_name":"Azure Drake","card_health":4,"card_attack":4},{"card_name":"Keeper of the Grove","card_health":4,"card_attack":2}]},{"turn":21,"cards_played":["Cairne Bloodhoof","Totemic Call"],"current_player":"me","my_health":14,"opponent_health":27,"my_armor":0,"opponent_armor":0,"my_hand":2,"opponent_hand":3,"my_board":[{"card_name":"Cairne Bloodhoof","card_health":5,"card_attack":4},{"card_name":"Stoneclaw Totem","card_health":2,"card_attack":0}],"opponent_board":[{"card_name":"Azure Drake","card_health":4,"card_attack":4},{"card_name":"Keeper of the Grove","card_health":4,"card_attack":2}]},{"turn":22,"cards_played":["Swipe","Savage Roar","Shapeshift"],"current_player":"opponent","my_health":9,"opponent_health":27,"my_armor":0,"opponent_armor":1,"my_hand":2,"opponent_hand":2,"my_board":[{"card_name":"Cairne Bloodhoof","card_health":3,"card_attack":4}],"opponent_board":[{"card_name":"Azure Drake","card_health":4,"card_attack":6},{"card_name":"Keeper of the Grove","card_health":4,"card_attack":4}]}],"result":"defeat"}