{"plays":[{"turn":1,"cards_played":[],"current_player":"me","my_health":0,"opponent_health":0,"my_armor":0,"opponent_armor":0,"my_hand":0,"opponent_hand":1,"my_board":[],"opponent_board":[]},{"turn":2,"cards_played":["Tunnel Trogg","Tunnel Trogg","The Coin","Rockbiter Weapon"],"current_player":"me","my_health":29,"opponent_health":30,"my_armor":0,"opponent_armor":0,"my_hand":3,"opponent_hand":3,"my_board":[{"card_name":"Tunnel Trogg","card_health":3,"card_attack":1}],"opponent_board":[]},{"turn":3,"cards_played":["Totemic Call"],"current_player":"opponent","my_health":29,"opponent_health":30,"my_armor":0,"opponent_armor":0,"my_hand":3,"opponent_hand":4,"my_board":[{"card_name":"Tunnel Trogg","card_health":3,"card_attack":1}],"opponent_board":[{"card_name":"Searing Totem","card_health":1,"card_attack":1}]},{"turn":4,"cards_played":["Totemic Call"],"current_player":"me","my_health":29,"opponent_health":30,"my_armor":0,"opponent_armor":0,"my_hand":4,"opponent_hand":4,"my_board":[{"card_name":"Tunnel Trogg","card_health":2,"card_attack":1},{"card_name":"Stoneclaw Totem","card_health":2,"card_attack":0}],"opponent_board":[]},{"turn":5,"cards_played":["Feral Spirit"],"current_player":"opponent","my_health":29,"opponent_health":30,"my_armor":0,"opponent_armor":0,"my_hand":4,"opponent_hand":4,"my_board":[{"card_name":"Tunnel Trogg","card_health":2,"card_attack":1},{"card_name":"Stoneclaw Totem","card_health":2,"card_attack":0}],"opponent_board":[{"card_name":"Spirit Wolf","card_health":3,"card_attack":2},{"card_name":"Spirit Wolf","card_health":3,"card_attack":2}]},{"turn":6,"cards_played":["Tuskarr Totemic"],"current_player":"me","my_health":29,"opponent_health":30,"my_armor":0,"opponent_armor":0,"my_hand":4,"opponent_hand":4,"my_board":[{"card_name":"Tunnel Trogg","card_health":2,"card_attack":1},{"card_name":"Tuskarr Totemic","card_health":2,"card_attack":3},{"card_name":"Stoneclaw Totem","card_health":2,"card_attack":0},{"card_name":"Totem Golem","card_health":4,"card_attack":3}],"opponent_board":[{"card_name":"Spirit Wolf","card_health":3,"card_attack":2},{"card_name":"Spirit Wolf","card_health":3,"card_attack":2}]},{"turn":7,"cards_played":["Totemic Call"],"current_player":"opponent","my_health":29,"opponent_health":30,"my_armor":0,"opponent_armor":0,"my_hand":4,"opponent_hand":5,"my_board":[{"card_name":"Tuskarr Totemic","card_health":2,"card_attack":3},{"card_name":"Totem Golem","card_health":4,"card_attack":3}],"opponent_board":[{"card_name":"Spirit Wolf","card_health":2,"card_attack":2},{"card_name":"Spirit Wolf","card_health":3,"card_attack":2},{"card_name":"Wrath of Air Totem","card_health":2,"card_attack":0}]},{"turn":8,"cards_played":["Lightning Storm"],"current_player":"me","my_health":29,"opponent_health":27,"my_armor":0,"opponent_armor":0,"my_hand":4,"opponent_hand":5,"my_board":[{"card_name":"Tuskarr Totemic","card_health":2,"card_attack":3},{"card_name":"Totem Golem","card_health":2,"card_attack":3}],"opponent_board":[]},{"turn":9,"cards_played":["Feral Spirit","Totemic Call"],"current_player":"opponent","my_health":29,"opponent_health":27,"my_armor":0,"opponent_armor":0,"my_hand":4,"opponent_hand":5,"my_board":[{"card_name":"Tuskarr Totemic","card_health":2,"card_attack":3},{"card_name":"Totem Golem","card_health":2,"card_attack":3}],"opponent_board":[{"card_name":"Spirit Wolf","card_health":3,"card_attack":2},{"card_name":"Spirit Wolf","card_health":3,"card_attack":2},{"card_name":"Stoneclaw Totem","card_health":2,"card_attack":0}]},{"turn":10,"cards_played":["Tuskarr Totemic"],"current_player":"me","my_health":29,"opponent_health":27,"my_armor":0,"opponent_armor":0,"my_hand":4,"opponent_hand":5,"my_board":[{"card_name":"Tuskarr Totemic","card_health":2,"card_attack":3},{"card_name":"Totem Golem","card_health":4,"card_attack":3}],"opponent_board":[{"card_name":"Stoneclaw Totem","card_health":2,"card_attack":0}]},{"turn":11,"cards_played":["Flametongue Totem","Rockbiter Weapon"],"current_player":"opponent","my_health":29,"opponent_health":27,"my_armor":0,"opponent_armor":0,"my_hand":4,"opponent_hand":4,"my_board":[{"card_name":"Tuskarr Totemic","card_health":2,"card_attack":3}],"opponent_board":[{"card_name":"Flametongue Totem","card_health":3,"card_attack":0}]},{"turn":12,"cards_played":["Nerubian Prophet","Totemic Call"],"current_player":"me","my_health":29,"opponent_health":27,"my_armor":0,"opponent_armor":0,"my_hand":4,"opponent_hand":4,"my_board":[{"card_name":"Tuskarr Totemic","card_health":2,"card_attack":3},{"card_name":"Nerubian Prophet","card_health":4,"card_attack":4},{"card_name":"Stoneclaw Totem","card_health":2,"card_attack":0}],"opponent_board":[]},{"turn":13,"cards_played":["Azure Drake","Totemic Call"],"current_player":"opponent","my_health":29,"opponent_health":27,"my_armor":0,"opponent_armor":0,"my_hand":4,"opponent_hand":5,"my_board":[{"card_name":"Tuskarr Totemic","card_health":2,"card_attack":3},{"card_name":"Nerubian Prophet","card_health":4,"card_attack":4},{"card_name":"Stoneclaw Totem","card_health":2,"card_attack":0}],"opponent_board":[{"card_name":"Azure Drake","card_health":4,"card_attack":4},{"card_name":"Searing Totem","card_health":1,"card_attack":1}]},{"turn":14,"cards_played":["Totemic Call","Flametongue Totem"],"current_player":"me","my_health":29,"opponent_health":21,"my_armor":0,"opponent_armor":0,"my_hand":4,"opponent_hand":5,"my_board":[{"card_name":"Flametongue Totem","card_health":3,"card_attack":0},{"card_name":"Nerubian Prophet","card_health":4,"card_attack":6},{"card_name":"Stoneclaw Totem","card_health":1,"card_attack":2},{"card_name":"Wrath of Air Totem","card_health":2,"card_attack":0}],"opponent_board":[]},{"turn":15,"cards_played":["Azure Drake","Tuskarr Totemic"],"current_player":"opponent","my_health":29,"opponent_health":21,"my_armor":0,"opponent_armor":0,"my_hand":4,"opponent_hand":5,"my_board":[{"card_name":"Flametongue Totem","card_health":3,"card_attack":0},{"card_name":"Nerubian Prophet","card_health":4,"card_attack":6},{"card_name":"Stoneclaw Totem","card_health":1,"card_attack":2},{"card_name":"Wrath of Air Totem","card_health":2,"card_attack":0}],"opponent_board":[{"card_name":"Azure Drake","card_health":4,"card_attack":4},{"card_name":"Tuskarr Totemic","card_health":2,"card_attack":3},{"card_name":"Healing Totem","card_health":2,"card_attack":0}]},{"turn":16,"cards_played":["Flametongue Totem","Bloodlust"],"current_player":"me","my_health":29,"opponent_health":-1,"my_armor":0,"opponent_armor":0,"my_hand":3,"opponent_hand":5,"my_board":[{"card_name":"Flametongue Totem","card_health":3,"card_attack":5},{"card_name":"Nerubian Prophet","card_health":4,"card_attack":9},{"card_name":"Flametongue Totem","card_health":3,"card_attack":5},{"card_name":"Stoneclaw Totem","card_health":1,"card_attack":5},{"card_name":"Wrath of Air Totem","card_health":2,"card_attack":3}],"opponent_board":[{"card_name":"Azure Drake","card_health":4,"card_attack":4},{"card_name":"Tuskarr Totemic","card_health":2,"card_attack":3},{"card_name":"Healing Totem","card_health":2,"card_attack":0}]}],"result":"victory"}