{"plays":[{"turn":1,"cards_played":[],"current_player":"opponent","my_health":0,"opponent_health":0,"my_armor":0,"opponent_armor":0,"my_hand":1,"opponent_hand":0,"my_board":[],"opponent_board":[]},{"turn":2,"cards_played":[],"current_player":"opponent","my_health":30,"opponent_health":30,"my_armor":0,"opponent_armor":0,"my_hand":4,"opponent_hand":5,"my_board":[],"opponent_board":[]},{"turn":3,"cards_played":["Haunted Creeper"],"current_player":"me","my_health":30,"opponent_health":30,"my_armor":0,"opponent_armor":0,"my_hand":4,"opponent_hand":5,"my_board":[{"card_name":"Haunted Creeper","card_health":2,"card_attack":1}],"opponent_board":[]},{"turn":4,"cards_played":["Shielded Minibot"],"current_player":"opponent","my_health":30,"opponent_health":30,"my_armor":0,"opponent_armor":0,"my_hand":4,"opponent_hand":5,"my_board":[{"card_name":"Haunted Creeper","card_health":2,"card_attack":1}],"opponent_board":[{"card_name":"Shielded Minibot","card_health":2,"card_attack":2}]},{"turn":5,"cards_played":["Mana Tide Totem"],"current_player":"me","my_health":30,"opponent_health":29,"my_armor":0,"opponent_armor":0,"my_hand":5,"opponent_hand":5,"my_board":[{"card_name":"Haunted Creeper","card_health":2,"card_attack":1},{"card_name":"Mana Tide Totem","card_health":3,"card_attack":0}],"opponent_board":[{"card_name":"Shielded Minibot","card_health":2,"card_attack":2}]},{"turn":6,"cards_played":["The Coin","Piloted Shredder"],"current_player":"opponent","my_health":30,"opponent_health":29,"my_armor":0,"opponent_armor":0,"my_hand":5,"opponent_hand":4,"my_board":[{"card_name":"Haunted Creeper","card_health":2,"card_attack":1},{"card_name":"Mana Tide Totem","card_health":1,"card_attack":0}],"opponent_board":[{"card_name":"Piloted Shredder","card_health":3,"card_attack":4},{"card_name":"Shielded Minibot","card_health":2,"card_attack":2}]},{"turn":7,"cards_played":["Baron Rivendare"],"current_player":"me","my_health":30,"opponent_health":28,"my_armor":0,"opponent_armor":0,"my_hand":6,"opponent_hand":4,"my_board":[{"card_name":"Haunted Creeper","card_health":2,"card_attack":1},{"card_name":"Mana Tide Totem","card_health":1,"card_attack":0},{"card_name":"Baron Rivendare","card_health":7,"card_attack":1}],"opponent_board":[{"card_name":"Piloted Shredder","card_health":3,"card_attack":4},{"card_name":"Shielded Minibot","card_health":2,"card_attack":2}]},{"turn":8,"cards_played":["Blessing of Kings"],"current_player":"opponent","my_health":30,"opponent_health":28,"my_armor":0,"opponent_armor":0,"my_hand":6,"opponent_hand":4,"my_board":[{"card_name":"Haunted Creeper","card_health":2,"card_attack":1},{"card_name":"Mana Tide Totem","card_health":1,"card_attack":0}],"opponent_board":[{"card_name":"Piloted Shredder","card_health":2,"card_attack":4},{"card_name":"Shielded Minibot","card_health":6,"card_attack":6}]},{"turn":9,"cards_played":["Hex","Totemic Call"],"current_player":"me","my_health":30,"opponent_health":28,"my_armor":0,"opponent_armor":0,"my_hand":7,"opponent_hand":4,"my_board":[{"card_name":"Haunted Creeper","card_health":2,"card_attack":1},{"card_name":"Mana Tide Totem","card_health":1,"card_attack":0},{"card_name":"Searing Totem","card_health":1,"card_attack":1}],"opponent_board":[{"card_name":"Piloted Shredder","card_health":4,"card_attack":7}]},{"turn":10,"cards_played":["Piloted Shredder"],"current_player":"opponent","my_health":30,"opponent_health":28,"my_armor":0,"opponent_armor":0,"my_hand":7,"opponent_hand":3,"my_board":[{"card_name":"Haunted Creeper","card_health":2,"card_attack":1},{"card_name":"Searing Totem","card_health":1,"card_attack":1}],"opponent_board":[{"card_name":"Piloted Shredder","card_health":4,"card_attack":7},{"card_name":"Piloted Shredder","card_health":3,"card_attack":4}]},{"turn":11,"cards_played":["Fire Elemental"],"current_player":"me","my_health":30,"opponent_health":28,"my_armor":0,"opponent_armor":0,"my_hand":7,"opponent_hand":3,"my_board":[{"card_name":"Fire Elemental","card_health":5,"card_attack":6},{"card_name":"Spectral Spider","card_health":1,"card_attack":1},{"card_name":"Spectral Spider","card_health":1,"card_attack":1}],"opponent_board":[{"card_name":"Piloted Shredder","card_health":3,"card_attack":4},{"card_name":"Dark Peddler","card_health":2,"card_attack":2},{"card_name":"Cruel Taskmaster","card_health":2,"card_attack":2}]},{"turn":12,"cards_played":["Truesilver Champion","Shielded Minibot"],"current_player":"opponent","my_health":24,"opponent_health":24,"my_armor":0,"opponent_armor":0,"my_hand":7,"opponent_hand":2,"my_board":[{"card_name":"Spectral Spider","card_health":1,"card_attack":1},{"card_name":"Spectral Spider","card_health":1,"card_attack":1}],"opponent_board":[{"card_name":"Shielded Minibot","card_health":2,"card_attack":2},{"card_name":"Piloted Shredder","card_health":3,"card_attack":4},{"card_name":"Cruel Taskmaster","card_health":2,"card_attack":2}]},{"turn":13,"cards_played":["Flametongue Totem","Totemic Call"],"current_player":"opponent","my_health":24,"opponent_health":21,"my_armor":0,"opponent_armor":0,"my_hand":7,"opponent_hand":2,"my_board":[{"card_name":"Flametongue Totem","card_health":3,"card_attack":0},{"card_name":"Spectral Spider","card_health":1,"card_attack":3},{"card_name":"Stoneclaw Totem","card_health":2,"card_attack":0}],"opponent_board":[{"card_name":"Shielded Minibot","card_health":2,"card_attack":2},{"card_name":"Cruel Taskmaster","card_health":2,"card_attack":2},{"card_name":"Doomsayer","card_health":7,"card_attack":0}]},{"turn":14,"cards_played":["Reinforce","Truesilver Champion"],"current_player":"opponent","my_health":20,"opponent_health":23,"my_armor":0,"opponent_armor":0,"my_hand":7,"opponent_hand":2,"my_board":[],"opponent_board":[{"card_name":"Silver Hand Recruit","card_health":1,"card_attack":1}]},{"turn":15,"cards_played":["Feugen","Totemic Call","Rockbiter Weapon"],"current_player":"me","my_health":19,"opponent_health":23,"my_armor":0,"opponent_armor":0,"my_hand":6,"opponent_hand":2,"my_board":[{"card_name":"Feugen","card_health":7,"card_attack":4},{"card_name":"Wrath of Air Totem","card_health":2,"card_attack":0}],"opponent_board":[]},{"turn":16,"cards_played":["Tirion Fordring"],"current_player":"opponent","my_health":15,"opponent_health":25,"my_armor":0,"opponent_armor":0,"my_hand":6,"opponent_hand":2,"my_board":[{"card_name":"Feugen","card_health":7,"card_attack":4},{"card_name":"Wrath of Air Totem","card_health":2,"card_attack":0}],"opponent_board":[{"card_name":"Tirion Fordring","card_health":6,"card_attack":6}]},{"turn":17,"cards_played":["Hex","Stalagg"],"current_player":"me","my_health":15,"opponent_health":25,"my_armor":0,"opponent_armor":0,"my_hand":5,"opponent_hand":2,"my_board":[{"card_name":"Stalagg","card_health":4,"card_attack":7},{"card_name":"Feugen","card_health":7,"card_attack":4},{"card_name":"Wrath of Air Totem","card_health":2,"card_attack":0}],"opponent_board":[]},{"turn":18,"cards_played":["Dr. Boom","Ironbeak Owl"],"current_player":"opponent","my_health":11,"opponent_health":27,"my_armor":0,"opponent_armor":0,"my_hand":5,"opponent_hand":1,"my_board":[{"card_name":"Stalagg","card_health":4,"card_attack":7},{"card_name":"Feugen","card_health":7,"card_attack":4},{"card_name":"Wrath of Air Totem","card_health":2,"card_attack":0}],"opponent_board":[{"card_name":"Ironbeak Owl","card_health":1,"card_attack":2},{"card_name":"Dr. Boom","card_health":7,"card_attack":7},{"card_name":"Boom Bot","card_health":1,"card_attack":1},{"card_name":"Boom Bot","card_health":1,"card_attack":1}]},{"turn":19,"cards_played":["Piloted Shredder","Lightning Storm","Totemic Call"],"current_player":"me","my_health":11,"opponent_health":23,"my_armor":0,"opponent_armor":0,"my_hand":4,"opponent_hand":1,"my_board":[{"card_name":"Piloted Shredder","card_health":1,"card_attack":4},{"card_name":"Feugen","card_health":3,"card_attack":4},{"card_name":"Wrath of Air Totem","card_health":2,"card_attack":0},{"card_name":"Stoneclaw Totem","card_health":2,"card_attack":0}],"opponent_board":[]},{"turn":20,"cards_played":["Mysterious Challenger","Reinforce"],"current_player":"opponent","my_health":11,"opponent_health":23,"my_armor":0,"opponent_armor":0,"my_hand":4,"opponent_hand":1,"my_board":[{"card_name":"Piloted Shredder","card_health":1,"card_attack":4},{"card_name":"Feugen","card_health":3,"card_attack":4},{"card_name":"Wrath of Air Totem","card_health":2,"card_attack":0},{"card_name":"Stoneclaw Totem","card_health":2,"card_attack":0}],"opponent_board":[{"card_name":"Mysterious Challenger","card_health":6,"card_attack":6},{"card_name":"Silver Hand Recruit","card_health":1,"card_attack":1}]},{"turn":21,"cards_played":["Flametongue Totem","Rockbiter Weapon","Totemic Call","Nerubian Egg"],"current_player":"me","my_health":11,"opponent_health":23,"my_armor":0,"opponent_armor":0,"my_hand":2,"opponent_hand":1,"my_board":[{"card_name":"Nerubian Egg","card_health":2,"card_attack":0},{"card_name":"Flametongue Totem","card_health":1,"card_attack":0},{"card_name":"Feugen","card_health":2,"card_attack":6},{"card_name":"Stoneclaw Totem","card_health":2,"card_attack":0},{"card_name":"Cutpurse","card_health":2,"card_attack":4},{"card_name":"Wrath of Air Totem","card_health":2,"card_attack":0}],"opponent_board":[]},{"turn":22,"cards_played":["Muster for Battle","Reinforce"],"current_player":"opponent","my_health":11,"opponent_health":23,"my_armor":0,"opponent_armor":0,"my_hand":2,"opponent_hand":1,"my_board":[{"card_name":"Nerubian Egg","card_health":2,"card_attack":0},{"card_name":"Flametongue Totem","card_health":1,"card_attack":0},{"card_name":"Feugen","card_health":2,"card_attack":6},{"card_name":"Stoneclaw Totem","card_health":1,"card_attack":0},{"card_name":"Cutpurse","card_health":2,"card_attack":4},{"card_name":"Wrath of Air Totem","card_health":2,"card_attack":0}],"opponent_board":[{"card_name":"Silver Hand Recruit","card_health":1,"card_attack":1},{"card_name":"Silver Hand Recruit","card_health":1,"card_attack":1},{"card_name":"Silver Hand Recruit","card_health":1,"card_attack":1},{"card_name":"Silver Hand Recruit","card_health":1,"card_attack":1}]},{"turn":23,"cards_played":["Totemic Call"],"current_player":"me","my_health":11,"opponent_health":23,"my_armor":0,"opponent_armor":0,"my_hand":3,"opponent_hand":1,"my_board":[{"card_name":"Nerubian Egg","card_health":2,"card_attack":0},{"card_name":"Flametongue Totem","card_health":1,"card_attack":0},{"card_name":"Feugen","card_health":1,"card_attack":6},{"card_name":"Stoneclaw Totem","card_health":1,"card_attack":0},{"card_name":"Cutpurse","card_health":1,"card_attack":4},{"card_name":"Wrath of Air Totem","card_health":2,"card_attack":0},{"card_name":"Healing Totem","card_health":2,"card_attack":0}],"opponent_board":[{"card_name":"Silver Hand Recruit","card_health":1,"card_attack":1},{"card_name":"Silver Hand Recruit","card_health":1,"card_attack":1}]},{"turn":24,"cards_played":["Reinforce","Coghammer"],"current_player":"opponent","my_health":9,"opponent_health":23,"my_armor":0,"opponent_armor":0,"my_hand":3,"opponent_hand":0,"my_board":[{"card_name":"Nerubian Egg","card_health":2,"card_attack":0},{"card_name":"Feugen","card_health":2,"card_attack":4},{"card_name":"Cutpurse","card_health":2,"card_attack":2},{"card_name":"Wrath of Air Totem","card_health":2,"card_attack":0},{"card_name":"Healing Totem","card_health":2,"card_attack":0}],"opponent_board":[{"card_name":"Silver Hand Recruit","card_health":2,"card_attack":2},{"card_name":"Silver Hand Recruit","card_health":2,"card_attack":2},{"card_name":"Silver Hand Recruit","card_health":1,"card_attack":1}]},{"turn":25,"cards_played":["Fire Elemental","Totemic Call","Nerubian Egg"],"current_player":"me","my_health":9,"opponent_health":23,"my_armor":0,"opponent_armor":0,"my_hand":2,"opponent_hand":0,"my_board":[{"card_name":"Fire Elemental","card_health":5,"card_attack":6},{"card_name":"Nerubian Egg","card_health":2,"card_attack":0},{"card_name":"Nerubian Egg","card_health":2,"card_attack":0},{"card_name":"Feugen","card_health":1,"card_attack":4},{"card_name":"Wrath of Air Totem","card_health":2,"card_attack":0},{"card_name":"Healing Totem","card_health":2,"card_attack":0},{"card_name":"Stoneclaw Totem","card_health":2,"card_attack":0}],"opponent_board":[{"card_name":"Silver Hand Recruit","card_health":2,"card_attack":2},{"card_name":"Silver Hand Recruit","card_health":2,"card_attack":2}]},{"turn":26,"cards_played":["Knife Juggler","Reinforce"],"current_player":"opponent","my_health":5,"opponent_health":23,"my_armor":0,"opponent_armor":0,"my_hand":2,"opponent_hand":0,"my_board":[{"card_name":"Fire Elemental","card_health":5,"card_attack":6},{"card_name":"Nerubian Egg","card_health":2,"card_attack":0},{"card_name":"Nerubian Egg","card_health":2,"card_attack":0},{"card_name":"Feugen","card_health":2,"card_attack":4},{"card_name":"Wrath of Air Totem","card_health":2,"card_attack":0},{"card_name":"Healing Totem","card_health":1,"card_attack":0}],"opponent_board":[{"card_name":"Knife Juggler","card_health":2,"card_attack":3},{"card_name":"Silver Hand Recruit","card_health":2,"card_attack":2},{"card_name":"Silver Hand Recruit","card_health":2,"card_attack":2},{"card_name":"Silver Hand Recruit","card_health":1,"card_attack":1}]},{"turn":27,"cards_played":["Bloodlust"],"current_player":"me","my_health":5,"opponent_health":-2,"my_armor":0,"opponent_armor":0,"my_hand":2,"opponent_hand":0,"my_board":[{"card_name":"Fire Elemental","card_health":5,"card_attack":9},{"card_name":"Nerubian Egg","card_health":2,"card_attack":3},{"card_name":"Nerubian Egg","card_health":2,"card_attack":3},{"card_name":"Feugen","card_health":2,"card_attack":7},{"card_name":"Wrath of Air Totem","card_health":2,"card_attack":3},{"card_name":"Healing Totem","card_health":1,"card_attack":3}],"opponent_board":[{"card_name":"Knife Juggler","card_health":2,"card_attack":3},{"card_name":"Silver Hand Recruit","card_health":2,"card_attack":2},{"card_name":"Silver Hand Recruit","card_health":2,"card_attack":2},{"card_name":"Silver Hand Recruit","card_health":1,"card_attack":1}]}],"result":"victory"}