{"plays":[{"turn":1,"cards_played":[],"current_player":"me","my_health":0,"opponent_health":0,"my_armor":0,"opponent_armor":0,"my_hand":0,"opponent_hand":1,"my_board":[],"opponent_board":[]},{"turn":2,"cards_played":[],"current_player":"me","my_health":30,"opponent_health":30,"my_armor":0,"opponent_armor":0,"my_hand":6,"opponent_hand":4,"my_board":[],"opponent_board":[]},{"turn":3,"cards_played":["Anodized Robo Cub"],"current_player":"opponent","my_health":30,"opponent_health":30,"my_armor":0,"opponent_armor":0,"my_hand":6,"opponent_hand":4,"my_board":[],"opponent_board":[{"card_name":"Anodized Robo Cub","card_health":2,"card_attack":2}]},{"turn":4,"cards_played":["Totem Golem"],"current_player":"me","my_health":30,"opponent_health":30,"my_armor":0,"opponent_armor":0,"my_hand":6,"opponent_hand":4,"my_board":[{"card_name":"Totem Golem","card_health":4,"card_attack":3}],"opponent_board":[{"card_name":"Anodized Robo Cub","card_health":3,"card_attack":2}]},{"turn":5,"cards_played":["Jungle Panther"],"current_player":"opponent","my_health":28,"opponent_health":30,"my_armor":0,"opponent_armor":0,"my_hand":6,"opponent_hand":4,"my_board":[{"card_name":"Totem Golem","card_health":4,"card_attack":3}],"opponent_board":[{"card_name":"Anodized Robo Cub","card_health":3,"card_attack":2},{"card_name":"Jungle Panther","card_health":2,"card_attack":4}]},{"turn":6,"cards_played":["Whirling Zap-o-matic"],"current_player":"me","my_health":28,"opponent_health":30,"my_armor":0,"opponent_armor":0,"my_hand":6,"opponent_hand":4,"my_board":[{"card_name":"Whirling Zap-o-matic","card_health":2,"card_attack":3},{"card_name":"Totem Golem","card_health":2,"card_attack":3}],"opponent_board":[{"card_name":"Jungle Panther","card_health":2,"card_attack":4}]},{"turn":7,"cards_played":["Arcane Nullifier X-21"],"current_player":"opponent","my_health":24,"opponent_health":30,"my_armor":0,"opponent_armor":0,"my_hand":6,"opponent_hand":4,"my_board":[{"card_name":"Whirling Zap-o-matic","card_health":2,"card_attack":3},{"card_name":"Totem Golem","card_health":2,"card_attack":3}],"opponent_board":[{"card_name":"Arcane Nullifier X-21","card_health":5,"card_attack":2},{"card_name":"Jungle Panther","card_health":2,"card_attack":4}]},{"turn":8,"cards_played":["Rumbling Elemental"],"current_player":"me","my_health":24,"opponent_health":30,"my_armor":0,"opponent_armor":0,"my_hand":6,"opponent_hand":4,"my_board":[{"card_name":"Whirling Zap-o-matic","card_health":2,"card_attack":3},{"card_name":"Totem Golem","card_health":2,"card_attack":3},{"card_name":"Rumbling Elemental","card_health":6,"card_attack":2}],"opponent_board":[{"card_name":"Arcane Nullifier X-21","card_health":5,"card_attack":2},{"card_name":"Jungle Panther","card_health":2,"card_attack":4}]},{"turn":9,"cards_played":["Druid of the Fang"],"current_player":"opponent","my_health":20,"opponent_health":30,"my_armor":0,"opponent_armor":0,"my_hand":6,"opponent_hand":4,"my_board":[{"card_name":"Totem Golem","card_health":2,"card_attack":3},{"card_name":"Rumbling Elemental","card_health":6,"card_attack":2}],"opponent_board":[{"card_name":"Arcane Nullifier X-21","card_health":2,"card_attack":2},{"card_name":"Jungle Panther","card_health":2,"card_attack":4},{"card_name":"Druid of the Fang","card_health":7,"card_attack":7}]},{"turn":10,"cards_played":["The Coin","Fire Elemental"],"current_player":"me","my_health":20,"opponent_health":27,"my_armor":0,"opponent_armor":0,"my_hand":5,"opponent_hand":4,"my_board":[{"card_name":"Totem Golem","card_health":2,"card_attack":3},{"card_name":"Rumbling Elemental","card_health":4,"card_attack":2},{"card_name":"Fire Elemental","card_health":5,"card_attack":6}],"opponent_board":[{"card_name":"Druid of the Fang","card_health":5,"card_attack":7}]},{"turn":11,"cards_played":["Mounted Raptor","Lil' Exorcist"],"current_player":"opponent","my_health":13,"opponent_health":27,"my_armor":0,"opponent_armor":0,"my_hand":5,"opponent_hand":3,"my_board":[{"card_name":"Totem Golem","card_health":2,"card_attack":3},{"card_name":"Rumbling Elemental","card_health":4,"card_attack":2},{"card_name":"Fire Elemental","card_health":5,"card_attack":6}],"opponent_board":[{"card_name":"Lil' Exorcist","card_health":3,"card_attack":2},{"card_name":"Mounted Raptor","card_health":2,"card_attack":3},{"card_name":"Druid of the Fang","card_health":5,"card_attack":7}]},{"turn":12,"cards_played":["Sunwalker"],"current_player":"me","my_health":13,"opponent_health":27,"my_armor":0,"opponent_armor":0,"my_hand":5,"opponent_hand":3,"my_board":[{"card_name":"Rumbling Elemental","card_health":1,"card_attack":2},{"card_name":"Sunwalker","card_health":5,"card_attack":4}],"opponent_board":[{"card_name":"Clockwork Gnome","card_health":1,"card_attack":2}]},{"turn":13,"cards_played":["Shapeshift","Dark Iron Dwarf"],"current_player":"opponent","my_health":13,"opponent_health":24,"my_armor":0,"opponent_armor":0,"my_hand":5,"opponent_hand":4,"my_board":[{"card_name":"Rumbling Elemental","card_health":1,"card_attack":2},{"card_name":"Sunwalker","card_health":1,"card_attack":4}],"opponent_board":[{"card_name":"Dark Iron Dwarf","card_health":4,"card_attack":4}]},{"turn":14,"cards_played":["Kvaldir Raider","Totemic Call"],"current_player":"me","my_health":13,"opponent_health":22,"my_armor":0,"opponent_armor":0,"my_hand":5,"opponent_hand":4,"my_board":[{"card_name":"Rumbling Elemental","card_health":1,"card_attack":2},{"card_name":"Kvaldir Raider","card_health":6,"card_attack":6},{"card_name":"Searing Totem","card_health":1,"card_attack":1}],"opponent_board":[]},{"turn":15,"cards_played":["Huge Toad","Shapeshift","Sunfury Protector","Micro Machine"],"current_player":"me","my_health":13,"opponent_health":21,"my_armor":0,"opponent_armor":0,"my_hand":5,"opponent_hand":2,"my_board":[{"card_name":"Kvaldir Raider","card_health":6,"card_attack":6},{"card_name":"Searing Totem","card_health":1,"card_attack":1}],"opponent_board":[{"card_name":"Huge Toad","card_health":2,"card_attack":3},{"card_name":"Sunfury Protector","card_health":3,"card_attack":2},{"card_name":"Micro Machine","card_health":2,"card_attack":1}]},{"turn":16,"cards_played":["Rumbling Elemental","Acidic Swamp Ooze","Totemic Call"],"current_player":"me","my_health":13,"opponent_health":19,"my_armor":0,"opponent_armor":0,"my_hand":4,"opponent_hand":2,"my_board":[{"card_name":"Rumbling Elemental","card_health":5,"card_attack":2},{"card_name":"Acidic Swamp Ooze","card_health":2,"card_attack":3},{"card_name":"Kvaldir Raider","card_health":5,"card_attack":8},{"card_name":"Wrath of Air Totem","card_health":2,"card_attack":0}],"opponent_board":[{"card_name":"Sunfury Protector","card_health":2,"card_attack":2},{"card_name":"Micro Machine","card_health":2,"card_attack":2}]},{"turn":17,"cards_played":["Sludge Belcher","Armor Plating","Shapeshift"],"current_player":"opponent","my_health":13,"opponent_health":18,"my_armor":0,"opponent_armor":0,"my_hand":4,"opponent_hand":1,"my_board":[{"card_name":"Rumbling Elemental","card_health":4,"card_attack":2},{"card_name":"Acidic Swamp Ooze","card_health":2,"card_attack":3},{"card_name":"Wrath of Air Totem","card_health":2,"card_attack":0}],"opponent_board":[{"card_name":"Sludge Belcher","card_health":6,"card_attack":3}]},{"turn":18,"cards_played":["Rumbling Elemental","Antique Healbot"],"current_player":"me","my_health":21,"opponent_health":18,"my_armor":0,"opponent_armor":0,"my_hand":3,"opponent_hand":1,"my_board":[{"card_name":"Antique Healbot","card_health":3,"card_attack":3},{"card_name":"Rumbling Elemental","card_health":1,"card_attack":2},{"card_name":"Acidic Swamp Ooze","card_health":1,"card_attack":3},{"card_name":"Rumbling Elemental","card_health":6,"card_attack":2},{"card_name":"Wrath of Air Totem","card_health":2,"card_attack":0}],"opponent_board":[]},{"turn":19,"cards_played":["Antique Healbot","Anubisath Sentinel"],"current_player":"opponent","my_health":21,"opponent_health":26,"my_armor":0,"opponent_armor":0,"my_hand":3,"opponent_hand":0,"my_board":[{"card_name":"Antique Healbot","card_health":3,"card_attack":3},{"card_name":"Rumbling Elemental","card_health":1,"card_attack":2},{"card_name":"Acidic Swamp Ooze","card_health":1,"card_attack":3},{"card_name":"Rumbling Elemental","card_health":6,"card_attack":2},{"card_name":"Wrath of Air Totem","card_health":2,"card_attack":0}],"opponent_board":[{"card_name":"Anubisath Sentinel","card_health":4,"card_attack":4},{"card_name":"Antique Healbot","card_health":3,"card_attack":3}]},{"turn":20,"cards_played":["Ironbeak Owl","Totemic Call","Frigid Snobold"],"current_player":"me","my_health":21,"opponent_health":19,"my_armor":0,"opponent_armor":0,"my_hand":2,"opponent_hand":0,"my_board":[{"card_name":"Ironbeak Owl","card_health":1,"card_attack":2},{"card_name":"Antique Healbot","card_health":3,"card_attack":3},{"card_name":"Rumbling Elemental","card_health":1,"card_attack":2},{"card_name":"Frigid Snobold","card_health":6,"card_attack":2},{"card_name":"Rumbling Elemental","card_health":2,"card_attack":2},{"card_name":"Wrath of Air Totem","card_health":2,"card_attack":0},{"card_name":"Searing Totem","card_health":1,"card_attack":1}],"opponent_board":[]},{"turn":21,"cards_played":["Shapeshift"],"current_player":"opponent","my_health":21,"opponent_health":18,"my_armor":0,"opponent_armor":0,"my_hand":2,"opponent_hand":1,"my_board":[{"card_name":"Ironbeak Owl","card_health":1,"card_attack":2},{"card_name":"Antique Healbot","card_health":3,"card_attack":3},{"card_name":"Frigid Snobold","card_health":6,"card_attack":2},{"card_name":"Rumbling Elemental","card_health":2,"card_attack":2},{"card_name":"Wrath of Air Totem","card_health":2,"card_attack":0},{"card_name":"Searing Totem","card_health":1,"card_attack":1}],"opponent_board":[]},{"turn":22,"cards_played":["Totemic Call"],"current_player":"me","my_health":21,"opponent_health":8,"my_armor":0,"opponent_armor":0,"my_hand":3,"opponent_hand":1,"my_board":[{"card_name":"Ironbeak Owl","card_health":1,"card_attack":2},{"card_name":"Antique Healbot","card_health":3,"card_attack":3},{"card_name":"Frigid Snobold","card_health":6,"card_attack":2},{"card_name":"Rumbling Elemental","card_health":2,"card_attack":2},{"card_name":"Wrath of Air Totem","card_health":2,"card_attack":0},{"card_name":"Searing Totem","card_health":1,"card_attack":1},{"card_name":"Stoneclaw Totem","card_health":2,"card_attack":0}],"opponent_board":[]},{"turn":23,"cards_played":["Druid of the Claw","Shattered Sun Cleric","Shapeshift"],"current_player":"opponent","my_health":21,"opponent_health":8,"my_armor":0,"opponent_armor":1,"my_hand":3,"opponent_hand":0,"my_board":[{"card_name":"Ironbeak Owl","card_health":1,"card_attack":2},{"card_name":"Antique Healbot","card_health":3,"card_attack":3},{"card_name":"Frigid Snobold","card_health":6,"card_attack":2},{"card_name":"Rumbling Elemental","card_health":2,"card_attack":2},{"card_name":"Wrath of Air Totem","card_health":2,"card_attack":0},{"card_name":"Searing Totem","card_health":1,"card_attack":1},{"card_name":"Stoneclaw Totem","card_health":1,"card_attack":0}],"opponent_board":[{"card_name":"Shattered Sun Cleric","card_health":2,"card_attack":3},{"card_name":"Druid of the Claw","card_health":7,"card_attack":5}]},{"turn":24,"cards_played":["Bloodlust"],"current_player":"me","my_health":21,"opponent_health":-1,"my_armor":0,"opponent_armor":0,"my_hand":3,"opponent_hand":0,"my_board":[{"card_name":"Ironbeak Owl","card_health":1,"card_attack":5},{"card_name":"Antique Healbot","card_health":3,"card_attack":6},{"card_name":"Frigid Snobold","card_health":6,"card_attack":5},{"card_name":"Rumbling Elemental","card_health":2,"card_attack":5}],"opponent_board":[]}],"result":"victory"}