{"plays":[{"turn":1,"cards_played":[],"current_player":"opponent","my_health":0,"opponent_health":0,"my_armor":0,"opponent_armor":0,"my_hand":1,"opponent_hand":0,"my_board":[],"opponent_board":[]},{"turn":2,"cards_played":[],"current_player":"opponent","my_health":30,"opponent_health":30,"my_armor":0,"opponent_armor":0,"my_hand":4,"opponent_hand":6,"my_board":[],"opponent_board":[]},{"turn":3,"cards_played":["Totemic Call"],"current_player":"me","my_health":30,"opponent_health":30,"my_armor":0,"opponent_armor":0,"my_hand":5,"opponent_hand":6,"my_board":[{"card_name":"Searing Totem","card_health":1,"card_attack":1}],"opponent_board":[]},{"turn":4,"cards_played":["Dagger Mastery"],"current_player":"opponent","my_health":30,"opponent_health":29,"my_armor":0,"opponent_armor":0,"my_hand":5,"opponent_hand":7,"my_board":[],"opponent_board":[]},{"turn":5,"cards_played":["Totemic Call"],"current_player":"me","my_health":30,"opponent_health":29,"my_armor":0,"opponent_armor":0,"my_hand":6,"opponent_hand":7,"my_board":[{"card_name":"Wrath of Air Totem","card_health":2,"card_attack":0}],"opponent_board":[]},{"turn":6,"cards_played":["Nerubian Egg"],"current_player":"opponent","my_health":30,"opponent_health":29,"my_armor":0,"opponent_armor":0,"my_hand":6,"opponent_hand":7,"my_board":[{"card_name":"Wrath of Air Totem","card_health":2,"card_attack":0}],"opponent_board":[{"card_name":"Nerubian Egg","card_health":2,"card_attack":0}]},{"turn":7,"cards_played":["Piloted Shredder"],"current_player":"me","my_health":30,"opponent_health":29,"my_armor":0,"opponent_armor":0,"my_hand":6,"opponent_hand":7,"my_board":[{"card_name":"Piloted Shredder","card_health":3,"card_attack":4},{"card_name":"Wrath of Air Totem","card_health":2,"card_attack":0}],"opponent_board":[{"card_name":"Nerubian Egg","card_health":2,"card_attack":0}]},{"turn":8,"cards_played":["Violet Teacher","The Coin","Deadly Poison"],"current_player":"opponent","my_health":30,"opponent_health":25,"my_armor":0,"opponent_armor":0,"my_hand":6,"opponent_hand":5,"my_board":[{"card_name":"Wrath of Air Totem","card_health":2,"card_attack":0},{"card_name":"Darnassus Aspirant","card_health":3,"card_attack":2}],"opponent_board":[{"card_name":"Violet Teacher","card_health":5,"card_attack":3},{"card_name":"Nerubian Egg","card_health":2,"card_attack":0},{"card_name":"Violet Apprentice","card_health":1,"card_attack":1},{"card_name":"Violet Apprentice","card_health":1,"card_attack":1}]},{"turn":9,"cards_played":["Sludge Belcher"],"current_player":"me","my_health":30,"opponent_health":25,"my_armor":0,"opponent_armor":0,"my_hand":6,"opponent_hand":5,"my_board":[{"card_name":"Sludge Belcher","card_health":5,"card_attack":3},{"card_name":"Wrath of Air Totem","card_health":2,"card_attack":0},{"card_name":"Darnassus Aspirant","card_health":2,"card_attack":2}],"opponent_board":[{"card_name":"Violet Teacher","card_health":5,"card_attack":3},{"card_name":"Nerubian Egg","card_health":2,"card_attack":0},{"card_name":"Violet Apprentice","card_health":1,"card_attack":1}]},{"turn":10,"cards_played":["Fan of Knives","Preparation","Fan of Knives","Dagger Mastery"],"current_player":"opponent","my_health":30,"opponent_health":24,"my_armor":0,"opponent_armor":0,"my_hand":6,"opponent_hand":5,"my_board":[],"opponent_board":[{"card_name":"Violet Teacher","card_health":2,"card_attack":3},{"card_name":"Nerubian Egg","card_health":2,"card_attack":0},{"card_name":"Violet Apprentice","card_health":1,"card_attack":1},{"card_name":"Violet Apprentice","card_health":1,"card_attack":1},{"card_name":"Violet Apprentice","card_health":1,"card_attack":1}]},{"turn":11,"cards_played":["Rockbiter Weapon","Baron Rivendare"],"current_player":"me","my_health":27,"opponent_health":24,"my_armor":0,"opponent_armor":0,"my_hand":5,"opponent_hand":5,"my_board":[{"card_name":"Baron Rivendare","card_health":7,"card_attack":1}],"opponent_board":[{"card_name":"Nerubian Egg","card_health":2,"card_attack":0},{"card_name":"Violet Apprentice","card_health":1,"card_attack":1},{"card_name":"Violet Apprentice","card_health":1,"card_attack":1},{"card_name":"Violet Apprentice","card_health":1,"card_attack":1}]},{"turn":12,"cards_played":["Backstab","SI:7 Agent","Unearthed Raptor"],"current_player":"opponent","my_health":26,"opponent_health":23,"my_armor":0,"opponent_armor":0,"my_hand":5,"opponent_hand":3,"my_board":[],"opponent_board":[{"card_name":"SI:7 Agent","card_health":3,"card_attack":3},{"card_name":"Nerubian Egg","card_health":2,"card_attack":0},{"card_name":"Unearthed Raptor","card_health":4,"card_attack":3},{"card_name":"Violet Apprentice","card_health":1,"card_attack":1}]},{"turn":13,"cards_played":["Cairne Bloodhoof"],"current_player":"me","my_health":26,"opponent_health":23,"my_armor":0,"opponent_armor":0,"my_hand":5,"opponent_hand":3,"my_board":[{"card_name":"Cairne Bloodhoof","card_health":5,"card_attack":4}],"opponent_board":[{"card_name":"SI:7 Agent","card_health":3,"card_attack":3},{"card_name":"Nerubian Egg","card_health":2,"card_attack":0},{"card_name":"Unearthed Raptor","card_health":4,"card_attack":3},{"card_name":"Violet Apprentice","card_health":1,"card_attack":1}]},{"turn":14,"cards_played":["Dagger Mastery","Unearthed Raptor"],"current_player":"opponent","my_health":19,"opponent_health":23,"my_armor":0,"opponent_armor":0,"my_hand":5,"opponent_hand":3,"my_board":[{"card_name":"Cairne Bloodhoof","card_health":5,"card_attack":4}],"opponent_board":[{"card_name":"SI:7 Agent","card_health":3,"card_attack":3},{"card_name":"Nerubian Egg","card_health":2,"card_attack":0},{"card_name":"Unearthed Raptor","card_health":4,"card_attack":3},{"card_name":"Unearthed Raptor","card_health":4,"card_attack":3},{"card_name":"Violet Apprentice","card_health":1,"card_attack":1}]},{"turn":15,"cards_played":["Dr. Boom"],"current_player":"me","my_health":19,"opponent_health":19,"my_armor":0,"opponent_armor":0,"my_hand":5,"opponent_hand":3,"my_board":[{"card_name":"Dr. Boom","card_health":7,"card_attack":7},{"card_name":"Cairne Bloodhoof","card_health":5,"card_attack":4},{"card_name":"Boom Bot","card_health":1,"card_attack":1},{"card_name":"Boom Bot","card_health":1,"card_attack":1}],"opponent_board":[{"card_name":"SI:7 Agent","card_health":3,"card_attack":3},{"card_name":"Nerubian Egg","card_health":2,"card_attack":0},{"card_name":"Unearthed Raptor","card_health":4,"card_attack":3},{"card_name":"Unearthed Raptor","card_health":4,"card_attack":3},{"card_name":"Violet Apprentice","card_health":1,"card_attack":1}]},{"turn":16,"cards_played":["Eviscerate","Tinker's Sharpsword Oil"],"current_player":"opponent","my_health":0,"opponent_health":19,"my_armor":0,"opponent_armor":0,"my_hand":5,"opponent_hand":2,"my_board":[{"card_name":"Dr. Boom","card_health":7,"card_attack":7},{"card_name":"Cairne Bloodhoof","card_health":5,"card_attack":4},{"card_name":"Boom Bot","card_health":1,"card_attack":1},{"card_name":"Boom Bot","card_health":1,"card_attack":1}],"opponent_board":[{"card_name":"SI:7 Agent","card_health":3,"card_attack":6},{"card_name":"Nerubian Egg","card_health":2,"card_attack":0},{"card_name":"Unearthed Raptor","card_health":4,"card_attack":3},{"card_name":"Unearthed Raptor","card_health":4,"card_attack":3},{"card_name":"Violet Apprentice","card_health":1,"card_attack":1}]}],"result":"defeat"}