{"plays":[{"turn":1,"cards_played":[],"current_player":"opponent","my_health":0,"opponent_health":0,"my_armor":0,"opponent_armor":0,"my_hand":1,"opponent_hand":0,"my_board":[],"opponent_board":[]},{"turn":2,"cards_played":[],"current_player":"opponent","my_health":30,"opponent_health":30,"my_armor":0,"opponent_armor":0,"my_hand":4,"opponent_hand":6,"my_board":[],"opponent_board":[]},{"turn":3,"cards_played":["Whirling Zap-o-matic"],"current_player":"me","my_health":30,"opponent_health":30,"my_armor":0,"opponent_armor":0,"my_hand":4,"opponent_hand":6,"my_board":[{"card_name":"Whirling Zap-o-matic","card_health":2,"card_attack":3}],"opponent_board":[]},{"turn":4,"cards_played":["Explosive Sheep"],"current_player":"opponent","my_health":30,"opponent_health":30,"my_armor":0,"opponent_armor":0,"my_hand":4,"opponent_hand":6,"my_board":[{"card_name":"Whirling Zap-o-matic","card_health":2,"card_attack":3}],"opponent_board":[{"card_name":"Explosive Sheep","card_health":1,"card_attack":1}]},{"turn":5,"cards_played":["Totemic Call"],"current_player":"me","my_health":30,"opponent_health":24,"my_armor":0,"opponent_armor":0,"my_hand":5,"opponent_hand":6,"my_board":[{"card_name":"Whirling Zap-o-matic","card_health":2,"card_attack":3},{"card_name":"Healing Totem","card_health":2,"card_attack":0}],"opponent_board":[{"card_name":"Explosive Sheep","card_health":1,"card_attack":1}]},{"turn":6,"cards_played":["The Coin","Dragonkin Sorcerer"],"current_player":"opponent","my_health":30,"opponent_health":24,"my_armor":0,"opponent_armor":0,"my_hand":5,"opponent_hand":5,"my_board":[],"opponent_board":[{"card_name":"Dragonkin Sorcerer","card_health":5,"card_attack":3}]},{"turn":7,"cards_played":["Rumbling Elemental"],"current_player":"me","my_health":30,"opponent_health":24,"my_armor":0,"opponent_armor":0,"my_hand":5,"opponent_hand":5,"my_board":[{"card_name":"Rumbling Elemental","card_health":6,"card_attack":2}],"opponent_board":[{"card_name":"Dragonkin Sorcerer","card_health":5,"card_attack":3}]},{"turn":8,"cards_played":["Velen's Chosen"],"current_player":"opponent","my_health":30,"opponent_health":24,"my_armor":0,"opponent_armor":0,"my_hand":5,"opponent_hand":5,"my_board":[],"opponent_board":[{"card_name":"Dragonkin Sorcerer","card_health":8,"card_attack":6}]},{"turn":9,"cards_played":["Evil Heckler"],"current_player":"me","my_health":30,"opponent_health":24,"my_armor":0,"opponent_armor":0,"my_hand":5,"opponent_hand":5,"my_board":[{"card_name":"Evil Heckler","card_health":4,"card_attack":5}],"opponent_board":[{"card_name":"Dragonkin Sorcerer","card_health":8,"card_attack":6}]},{"turn":10,"cards_played":["Shadowboxer","Lesser Heal","Lesser Heal"],"current_player":"opponent","my_health":29,"opponent_health":24,"my_armor":0,"opponent_armor":0,"my_hand":5,"opponent_hand":5,"my_board":[],"opponent_board":[{"card_name":"Dragonkin Sorcerer","card_health":5,"card_attack":6},{"card_name":"Shadowboxer","card_health":3,"card_attack":2}]},{"turn":11,"cards_played":["Tunnel Trogg","Lava Burst","Totemic Call"],"current_player":"me","my_health":29,"opponent_health":24,"my_armor":0,"opponent_armor":0,"my_hand":4,"opponent_hand":5,"my_board":[{"card_name":"Tunnel Trogg","card_health":3,"card_attack":3},{"card_name":"Searing Totem","card_health":1,"card_attack":1}],"opponent_board":[{"card_name":"Shadowboxer","card_health":3,"card_attack":2}]},{"turn":12,"cards_played":["Temple Enforcer"],"current_player":"opponent","my_health":29,"opponent_health":24,"my_armor":0,"opponent_armor":0,"my_hand":4,"opponent_hand":5,"my_board":[{"card_name":"Tunnel Trogg","card_health":3,"card_attack":3}],"opponent_board":[{"card_name":"Temple Enforcer","card_health":6,"card_attack":6},{"card_name":"Shadowboxer","card_health":5,"card_attack":2}]},{"turn":13,"cards_played":["Tomb Spider"],"current_player":"me","my_health":29,"opponent_health":24,"my_armor":0,"opponent_armor":0,"my_hand":5,"opponent_hand":5,"my_board":[{"card_name":"Tomb Spider","card_health":3,"card_attack":3},{"card_name":"Tunnel Trogg","card_health":1,"card_attack":3}],"opponent_board":[{"card_name":"Temple Enforcer","card_health":6,"card_attack":6},{"card_name":"Shadowboxer","card_health":2,"card_attack":2}]},{"turn":14,"cards_played":["Museum Curator","Frostwolf Warlord"],"current_player":"opponent","my_health":29,"opponent_health":24,"my_armor":0,"opponent_armor":0,"my_hand":5,"opponent_hand":5,"my_board":[],"opponent_board":[{"card_name":"Frostwolf Warlord","card_health":7,"card_attack":7},{"card_name":"Museum Curator","card_health":2,"card_attack":1},{"card_name":"Temple Enforcer","card_health":3,"card_attack":6}]},{"turn":15,"cards_played":["Fire Elemental","Whirling Zap-o-matic"],"current_player":"me","my_health":29,"opponent_health":24,"my_armor":0,"opponent_armor":0,"my_hand":4,"opponent_hand":5,"my_board":[{"card_name":"Fire Elemental","card_health":5,"card_attack":6},{"card_name":"Whirling Zap-o-matic","card_health":2,"card_attack":3}],"opponent_board":[{"card_name":"Frostwolf Warlord","card_health":7,"card_attack":7},{"card_name":"Museum Curator","card_health":2,"card_attack":1}]},{"turn":16,"cards_played":["Shadow Word: Death","Loot Hoarder","Lesser Heal","Lesser Heal"],"current_player":"opponent","my_health":28,"opponent_health":24,"my_armor":0,"opponent_armor":0,"my_hand":4,"opponent_hand":4,"my_board":[],"opponent_board":[{"card_name":"Frostwolf Warlord","card_health":6,"card_attack":7},{"card_name":"Museum Curator","card_health":2,"card_attack":1},{"card_name":"Loot Hoarder","card_health":1,"card_attack":2}]},{"turn":17,"cards_played":["Rumbling Elemental","Tomb Spider"],"current_player":"me","my_health":28,"opponent_health":24,"my_armor":0,"opponent_armor":0,"my_hand":4,"opponent_hand":4,"my_board":[{"card_name":"Rumbling Elemental","card_health":6,"card_attack":2},{"card_name":"Tomb Spider","card_health":3,"card_attack":3}],"opponent_board":[{"card_name":"Frostwolf Warlord","card_health":6,"card_attack":7},{"card_name":"Loot Hoarder","card_health":1,"card_attack":2}]},{"turn":18,"cards_played":["Anubisath Sentinel","Lesser Heal"],"current_player":"opponent","my_health":26,"opponent_health":24,"my_armor":0,"opponent_armor":0,"my_hand":4,"opponent_hand":4,"my_board":[{"card_name":"Tomb Spider","card_health":3,"card_attack":3}],"opponent_board":[{"card_name":"Frostwolf Warlord","card_health":6,"card_attack":7},{"card_name":"Anubisath Sentinel","card_health":4,"card_attack":4},{"card_name":"Loot Hoarder","card_health":1,"card_attack":2}]},{"turn":19,"cards_played":["Stranglethorn Tiger","Youthful Brewmaster","Totemic Call"],"current_player":"me","my_health":26,"opponent_health":24,"my_armor":0,"opponent_armor":0,"my_hand":4,"opponent_hand":5,"my_board":[{"card_name":"Stranglethorn Tiger","card_health":5,"card_attack":5},{"card_name":"Youthful Brewmaster","card_health":2,"card_attack":3},{"card_name":"Searing Totem","card_health":1,"card_attack":1}],"opponent_board":[{"card_name":"Frostwolf Warlord","card_health":6,"card_attack":7},{"card_name":"Anubisath Sentinel","card_health":4,"card_attack":4}]},{"turn":20,"cards_played":["Burly Rockjaw Trogg","Jungle Panther","Cogmaster","Resurrect"],"current_player":"opponent","my_health":26,"opponent_health":24,"my_armor":0,"opponent_armor":0,"my_hand":4,"opponent_hand":2,"my_board":[{"card_name":"Stranglethorn Tiger","card_health":5,"card_attack":5}],"opponent_board":[{"card_name":"Frostwolf Warlord","card_health":5,"card_attack":7},{"card_name":"Burly Rockjaw Trogg","card_health":5,"card_attack":3},{"card_name":"Jungle Panther","card_health":2,"card_attack":4},{"card_name":"Anubisath Sentinel","card_health":1,"card_attack":4},{"card_name":"Cogmaster","card_health":2,"card_attack":1},{"card_name":"Loot Hoarder","card_health":1,"card_attack":2}]},{"turn":21,"cards_played":["Tomb Spider","Tuskarr Totemic","Emperor Cobra"],"current_player":"me","my_health":26,"opponent_health":24,"my_armor":0,"opponent_armor":0,"my_hand":3,"opponent_hand":2,"my_board":[{"card_name":"Tuskarr Totemic","card_health":2,"card_attack":3},{"card_name":"Tomb Spider","card_health":3,"card_attack":3},{"card_name":"Emperor Cobra","card_health":3,"card_attack":2},{"card_name":"Stoneclaw Totem","card_health":2,"card_attack":0}],"opponent_board":[{"card_name":"Burly Rockjaw Trogg","card_health":5,"card_attack":3},{"card_name":"Jungle Panther","card_health":2,"card_attack":4},{"card_name":"Anubisath Sentinel","card_health":1,"card_attack":4},{"card_name":"Cogmaster","card_health":2,"card_attack":1},{"card_name":"Loot Hoarder","card_health":1,"card_attack":2}]},{"turn":22,"cards_played":["Convert","Light of the Naaru","Tomb Spider","Lesser Heal","Lesser Heal"],"current_player":"opponent","my_health":25,"opponent_health":27,"my_armor":0,"opponent_armor":0,"my_hand":3,"opponent_hand":3,"my_board":[],"opponent_board":[{"card_name":"Burly Rockjaw Trogg","card_health":5,"card_attack":3},{"card_name":"Jungle Panther","card_health":4,"card_attack":7},{"card_name":"Cogmaster","card_health":2,"card_attack":1},{"card_name":"Tomb Spider","card_health":3,"card_attack":3},{"card_name":"Lightwarden","card_health":2,"card_attack":1}]},{"turn":23,"cards_played":["Sunwalker","Totem Golem","Acidic Swamp Ooze"],"current_player":"me","my_health":25,"opponent_health":27,"my_armor":0,"opponent_armor":0,"my_hand":1,"opponent_hand":3,"my_board":[{"card_name":"Sunwalker","card_health":5,"card_attack":4},{"card_name":"Totem Golem","card_health":4,"card_attack":3},{"card_name":"Acidic Swamp Ooze","card_health":2,"card_attack":3}],"opponent_board":[{"card_name":"Burly Rockjaw Trogg","card_health":5,"card_attack":3},{"card_name":"Jungle Panther","card_health":4,"card_attack":7},{"card_name":"Cogmaster","card_health":2,"card_attack":1},{"card_name":"Tomb Spider","card_health":3,"card_attack":3},{"card_name":"Lightwarden","card_health":2,"card_attack":3}]},{"turn":24,"cards_played":["Dark Cultist","Lesser Heal","Lesser Heal","Darkscale Healer"],"current_player":"opponent","my_health":22,"opponent_health":30,"my_armor":0,"opponent_armor":0,"my_hand":1,"opponent_hand":2,"my_board":[],"opponent_board":[{"card_name":"Burly Rockjaw Trogg","card_health":4,"card_attack":3},{"card_name":"Dark Cultist","card_health":4,"card_attack":3},{"card_name":"Jungle Panther","card_health":3,"card_attack":7},{"card_name":"Darkscale Healer","card_health":5,"card_attack":4},{"card_name":"Tomb Spider","card_health":3,"card_attack":3}]},{"turn":25,"cards_played":["Rumbling Elemental","Ironbeak Owl","Totemic Call"],"current_player":"me","my_health":22,"opponent_health":30,"my_armor":0,"opponent_armor":0,"my_hand":0,"opponent_hand":2,"my_board":[{"card_name":"Rumbling Elemental","card_health":6,"card_attack":2},{"card_name":"Ironbeak Owl","card_health":1,"card_attack":2},{"card_name":"Searing Totem","card_health":1,"card_attack":1}],"opponent_board":[{"card_name":"Burly Rockjaw Trogg","card_health":4,"card_attack":3},{"card_name":"Dark Cultist","card_health":4,"card_attack":3},{"card_name":"Jungle Panther","card_health":2,"card_attack":4},{"card_name":"Darkscale Healer","card_health":5,"card_attack":4},{"card_name":"Tomb Spider","card_health":1,"card_attack":3}]},{"turn":26,"cards_played":["Maexxna","Lesser Heal","Lesser Heal"],"current_player":"opponent","my_health":19,"opponent_health":30,"my_armor":0,"opponent_armor":0,"my_hand":0,"opponent_hand":2,"my_board":[],"opponent_board":[{"card_name":"Burly Rockjaw Trogg","card_health":3,"card_attack":3},{"card_name":"Dark Cultist","card_health":2,"card_attack":3},{"card_name":"Darkscale Healer","card_health":3,"card_attack":4},{"card_name":"Tomb Spider","card_health":3,"card_attack":3},{"card_name":"Maexxna","card_health":8,"card_attack":2}]},{"turn":27,"cards_played":[],"current_player":"me","my_health":19,"opponent_health":30,"my_armor":0,"opponent_armor":0,"my_hand":1,"opponent_hand":2,"my_board":[],"opponent_board":[{"card_name":"Burly Rockjaw Trogg","card_health":3,"card_attack":3},{"card_name":"Dark Cultist","card_health":2,"card_attack":3},{"card_name":"Darkscale Healer","card_health":3,"card_attack":4},{"card_name":"Tomb Spider","card_health":3,"card_attack":3},{"card_name":"Maexxna","card_health":8,"card_attack":2}]}],"result":"defeat"}