{"plays":[{"turn":1,"cards_played":[],"current_player":"me","my_health":0,"opponent_health":0,"my_armor":0,"opponent_armor":0,"my_hand":0,"opponent_hand":1,"my_board":[],"opponent_board":[]},{"turn":2,"cards_played":[],"current_player":"opponent","my_health":30,"opponent_health":30,"my_armor":0,"opponent_armor":0,"my_hand":4,"opponent_hand":6,"my_board":[],"opponent_board":[]},{"turn":3,"cards_played":["Totem Golem"],"current_player":"me","my_health":30,"opponent_health":30,"my_armor":0,"opponent_armor":0,"my_hand":4,"opponent_hand":6,"my_board":[{"card_name":"Totem Golem","card_health":4,"card_attack":3}],"opponent_board":[]},{"turn":4,"cards_played":["The Coin","Backstab","SI:7 Agent"],"current_player":"opponent","my_health":30,"opponent_health":30,"my_armor":0,"opponent_armor":0,"my_hand":4,"opponent_hand":4,"my_board":[],"opponent_board":[{"card_name":"SI:7 Agent","card_health":3,"card_attack":3}]},{"turn":5,"cards_played":["Beckoner of Evil"],"current_player":"me","my_health":30,"opponent_health":30,"my_armor":0,"opponent_armor":0,"my_hand":4,"opponent_hand":4,"my_board":[{"card_name":"Beckoner of Evil","card_health":3,"card_attack":2}],"opponent_board":[{"card_name":"SI:7 Agent","card_health":3,"card_attack":3}]},{"turn":6,"cards_played":["Dagger Mastery","Deadly Poison"],"current_player":"opponent","my_health":27,"opponent_health":28,"my_armor":0,"opponent_armor":0,"my_hand":4,"opponent_hand":4,"my_board":[],"opponent_board":[{"card_name":"SI:7 Agent","card_health":3,"card_attack":3}]},{"turn":7,"cards_played":["C'Thun's Chosen"],"current_player":"me","my_health":27,"opponent_health":28,"my_armor":0,"opponent_armor":0,"my_hand":4,"opponent_hand":4,"my_board":[{"card_name":"C'Thun's Chosen","card_health":2,"card_attack":4}],"opponent_board":[{"card_name":"SI:7 Agent","card_health":3,"card_attack":3}]},{"turn":8,"cards_played":["Tomb Pillager","Backstab"],"current_player":"opponent","my_health":24,"opponent_health":24,"my_armor":0,"opponent_armor":0,"my_hand":4,"opponent_hand":3,"my_board":[],"opponent_board":[{"card_name":"Tomb Pillager","card_health":4,"card_attack":5},{"card_name":"SI:7 Agent","card_health":3,"card_attack":3}]},{"turn":9,"cards_played":["C'Thun's Chosen"],"current_player":"me","my_health":24,"opponent_health":24,"my_armor":0,"opponent_armor":0,"my_hand":4,"opponent_hand":3,"my_board":[{"card_name":"C'Thun's Chosen","card_health":2,"card_attack":4}],"opponent_board":[{"card_name":"Tomb Pillager","card_health":4,"card_attack":5},{"card_name":"SI:7 Agent","card_health":3,"card_attack":3}]},{"turn":10,"cards_played":["Dagger Mastery","Eviscerate"],"current_player":"opponent","my_health":16,"opponent_health":20,"my_armor":0,"opponent_armor":0,"my_hand":4,"opponent_hand":3,"my_board":[],"opponent_board":[{"card_name":"Tomb Pillager","card_health":4,"card_attack":5},{"card_name":"SI:7 Agent","card_health":3,"card_attack":3}]},{"turn":11,"cards_played":["Totemic Call"],"current_player":"me","my_health":16,"opponent_health":20,"my_armor":0,"opponent_armor":0,"my_hand":5,"opponent_hand":3,"my_board":[{"card_name":"Stoneclaw Totem","card_health":2,"card_attack":0}],"opponent_board":[{"card_name":"Tomb Pillager","card_health":4,"card_attack":5},{"card_name":"SI:7 Agent","card_health":3,"card_attack":3}]}],"result":"defeat"}