{"plays":[{"turn":1,"cards_played":[],"current_player":"me","my_health":0,"opponent_health":0,"my_armor":0,"opponent_armor":0,"my_hand":0,"opponent_hand":1,"my_board":[],"opponent_board":[]},{"turn":2,"cards_played":["The Coin","Whirling Zap-o-matic"],"current_player":"me","my_health":30,"opponent_health":30,"my_armor":0,"opponent_armor":0,"my_hand":4,"opponent_hand":4,"my_board":[{"card_name":"Whirling Zap-o-matic","card_health":2,"card_attack":3}],"opponent_board":[]},{"turn":3,"cards_played":["Loot Hoarder"],"current_player":"opponent","my_health":30,"opponent_health":30,"my_armor":0,"opponent_armor":0,"my_hand":4,"opponent_hand":4,"my_board":[{"card_name":"Whirling Zap-o-matic","card_health":2,"card_attack":3}],"opponent_board":[{"card_name":"Loot Hoarder","card_health":1,"card_attack":2}]},{"turn":4,"cards_played":["Totem Golem"],"current_player":"me","my_health":30,"opponent_health":24,"my_armor":0,"opponent_armor":0,"my_hand":4,"opponent_hand":4,"my_board":[{"card_name":"Totem Golem","card_health":4,"card_attack":3},{"card_name":"Whirling Zap-o-matic","card_health":2,"card_attack":3}],"opponent_board":[{"card_name":"Loot Hoarder","card_health":1,"card_attack":2}]},{"turn":5,"cards_played":["Mounted Raptor"],"current_player":"opponent","my_health":30,"opponent_health":24,"my_armor":0,"opponent_armor":0,"my_hand":4,"opponent_hand":5,"my_board":[{"card_name":"Totem Golem","card_health":4,"card_attack":3}],"opponent_board":[{"card_name":"Mounted Raptor","card_health":2,"card_attack":3}]},{"turn":6,"cards_played":["Huge Toad"],"current_player":"me","my_health":30,"opponent_health":21,"my_armor":0,"opponent_armor":0,"my_hand":4,"opponent_hand":5,"my_board":[{"card_name":"Huge Toad","card_health":2,"card_attack":3},{"card_name":"Totem Golem","card_health":4,"card_attack":3}],"opponent_board":[{"card_name":"Mounted Raptor","card_health":2,"card_attack":3}]},{"turn":7,"cards_played":["Mark of the Wild","Shapeshift"],"current_player":"opponent","my_health":29,"opponent_health":21,"my_armor":0,"opponent_armor":1,"my_hand":4,"opponent_hand":5,"my_board":[{"card_name":"Huge Toad","card_health":2,"card_attack":3}],"opponent_board":[{"card_name":"Mounted Raptor","card_health":1,"card_attack":5}]},{"turn":8,"cards_played":["Tomb Spider"],"current_player":"me","my_health":29,"opponent_health":21,"my_armor":0,"opponent_armor":1,"my_hand":5,"opponent_hand":5,"my_board":[{"card_name":"Tomb Spider","card_health":3,"card_attack":3}],"opponent_board":[]},{"turn":9,"cards_played":["Druid of the Claw"],"current_player":"opponent","my_health":29,"opponent_health":21,"my_armor":0,"opponent_armor":1,"my_hand":5,"opponent_hand":5,"my_board":[{"card_name":"Tomb Spider","card_health":3,"card_attack":3}],"opponent_board":[{"card_name":"Druid of the Claw","card_health":6,"card_attack":4}]},{"turn":10,"cards_played":["Tauren Warrior","Acidic Swamp Ooze"],"current_player":"me","my_health":29,"opponent_health":21,"my_armor":0,"opponent_armor":1,"my_hand":4,"opponent_hand":5,"my_board":[{"card_name":"Tauren Warrior","card_health":3,"card_attack":2},{"card_name":"Acidic Swamp Ooze","card_health":2,"card_attack":3},{"card_name":"Tomb Spider","card_health":3,"card_attack":3}],"opponent_board":[{"card_name":"Druid of the Claw","card_health":6,"card_attack":4}]},{"turn":11,"cards_played":["Druid of the Flame","Shapeshift"],"current_player":"opponent","my_health":28,"opponent_health":21,"my_armor":0,"opponent_armor":2,"my_hand":4,"opponent_hand":5,"my_board":[{"card_name":"Acidic Swamp Ooze","card_health":2,"card_attack":3},{"card_name":"Tomb Spider","card_health":3,"card_attack":3}],"opponent_board":[{"card_name":"Druid of the Claw","card_health":4,"card_attack":4},{"card_name":"Druid of the Flame","card_health":5,"card_attack":2}]},{"turn":12,"cards_played":["Sunwalker"],"current_player":"me","my_health":28,"opponent_health":21,"my_armor":0,"opponent_armor":2,"my_hand":4,"opponent_hand":5,"my_board":[{"card_name":"Acidic Swamp Ooze","card_health":2,"card_attack":3},{"card_name":"Tomb Spider","card_health":3,"card_attack":3},{"card_name":"Sunwalker","card_health":5,"card_attack":4}],"opponent_board":[{"card_name":"Druid of the Claw","card_health":4,"card_attack":4},{"card_name":"Druid of the Flame","card_health":5,"card_attack":2}]},{"turn":13,"cards_played":["Flying Machine","Annoy-o-Tron","Shapeshift"],"current_player":"opponent","my_health":28,"opponent_health":20,"my_armor":0,"opponent_armor":0,"my_hand":4,"opponent_hand":4,"my_board":[{"card_name":"Acidic Swamp Ooze","card_health":2,"card_attack":3},{"card_name":"Tomb Spider","card_health":3,"card_attack":3}],"opponent_board":[{"card_name":"Flying Machine","card_health":4,"card_attack":1},{"card_name":"Annoy-o-Tron","card_health":2,"card_attack":1},{"card_name":"Druid of the Flame","card_health":1,"card_attack":2}]},{"turn":14,"cards_played":["Rumbling Elemental","Ironbeak Owl"],"current_player":"me","my_health":28,"opponent_health":20,"my_armor":0,"opponent_armor":0,"my_hand":3,"opponent_hand":4,"my_board":[{"card_name":"Acidic Swamp Ooze","card_health":1,"card_attack":3},{"card_name":"Ironbeak Owl","card_health":1,"card_attack":2},{"card_name":"Rumbling Elemental","card_health":6,"card_attack":2},{"card_name":"Tomb Spider","card_health":2,"card_attack":3}],"opponent_board":[{"card_name":"Annoy-o-Tron","card_health":2,"card_attack":1}]},{"turn":15,"cards_played":["Shade of Naxxramas","Gorillabot A-3"],"current_player":"opponent","my_health":28,"opponent_health":20,"my_armor":0,"opponent_armor":0,"my_hand":3,"opponent_hand":4,"my_board":[{"card_name":"Ironbeak Owl","card_health":1,"card_attack":2},{"card_name":"Rumbling Elemental","card_health":6,"card_attack":2},{"card_name":"Tomb Spider","card_health":2,"card_attack":3}],"opponent_board":[{"card_name":"Shade of Naxxramas","card_health":2,"card_attack":2},{"card_name":"Gorillabot A-3","card_health":4,"card_attack":3}]},{"turn":16,"cards_played":["Jeweled Scarab","Ogre Brute","Totemic Call"],"current_player":"me","my_health":28,"opponent_health":15,"my_armor":0,"opponent_armor":0,"my_hand":3,"opponent_hand":4,"my_board":[{"card_name":"Jeweled Scarab","card_health":1,"card_attack":1},{"card_name":"Rumbling Elemental","card_health":6,"card_attack":2},{"card_name":"Tomb Spider","card_health":2,"card_attack":3},{"card_name":"Ogre Brute","card_health":4,"card_attack":4},{"card_name":"Searing Totem","card_health":1,"card_attack":1}],"opponent_board":[{"card_name":"Shade of Naxxramas","card_health":2,"card_attack":2}]},{"turn":17,"cards_played":["Swipe","Shapeshift","Anodized Robo Cub"],"current_player":"opponent","my_health":27,"opponent_health":13,"my_armor":0,"opponent_armor":0,"my_hand":3,"opponent_hand":3,"my_board":[{"card_name":"Rumbling Elemental","card_health":5,"card_attack":2}],"opponent_board":[{"card_name":"Shade of Naxxramas","card_health":3,"card_attack":3},{"card_name":"Anodized Robo Cub","card_health":3,"card_attack":2}]},{"turn":18,"cards_played":["Kvaldir Raider","Totemic Call"],"current_player":"me","my_health":27,"opponent_health":13,"my_armor":0,"opponent_armor":0,"my_hand":3,"opponent_hand":3,"my_board":[{"card_name":"Kvaldir Raider","card_health":4,"card_attack":4},{"card_name":"Rumbling Elemental","card_health":5,"card_attack":2},{"card_name":"Healing Totem","card_health":2,"card_attack":0}],"opponent_board":[{"card_name":"Shade of Naxxramas","card_health":3,"card_attack":3},{"card_name":"Anodized Robo Cub","card_health":3,"card_attack":2}]},{"turn":19,"cards_played":["Force of Nature","Wrath","Shapeshift"],"current_player":"opponent","my_health":27,"opponent_health":12,"my_armor":0,"opponent_armor":0,"my_hand":3,"opponent_hand":2,"my_board":[{"card_name":"Healing Totem","card_health":2,"card_attack":0}],"opponent_board":[{"card_name":"Shade of Naxxramas","card_health":4,"card_attack":4},{"card_name":"Anodized Robo Cub","card_health":1,"card_attack":2}]},{"turn":20,"cards_played":["Core Hound","Totemic Call"],"current_player":"me","my_health":27,"opponent_health":12,"my_armor":0,"opponent_armor":0,"my_hand":3,"opponent_hand":2,"my_board":[{"card_name":"Core Hound","card_health":5,"card_attack":9},{"card_name":"Healing Totem","card_health":2,"card_attack":0},{"card_name":"Wrath of Air Totem","card_health":2,"card_attack":0}],"opponent_board":[{"card_name":"Shade of Naxxramas","card_health":4,"card_attack":4},{"card_name":"Anodized Robo Cub","card_health":1,"card_attack":2}]},{"turn":21,"cards_played":["Wobbling Runts","Mark of Nature"],"current_player":"opponent","my_health":27,"opponent_health":12,"my_armor":0,"opponent_armor":0,"my_hand":3,"opponent_hand":1,"my_board":[{"card_name":"Healing Totem","card_health":2,"card_attack":0}],"opponent_board":[{"card_name":"Wobbling Runts","card_health":6,"card_attack":2},{"card_name":"Shade of Naxxramas","card_health":5,"card_attack":5}]},{"turn":22,"cards_played":["Rumbling Elemental","Whirling Zap-o-matic","Tournament Medic"],"current_player":"me","my_health":27,"opponent_health":12,"my_armor":0,"opponent_armor":0,"my_hand":1,"opponent_hand":1,"my_board":[{"card_name":"Tournament Medic","card_health":8,"card_attack":1},{"card_name":"Whirling Zap-o-matic","card_health":2,"card_attack":3},{"card_name":"Rumbling Elemental","card_health":6,"card_attack":2},{"card_name":"Healing Totem","card_health":2,"card_attack":0}],"opponent_board":[{"card_name":"Wobbling Runts","card_health":6,"card_attack":2},{"card_name":"Shade of Naxxramas","card_health":5,"card_attack":5}]},{"turn":23,"cards_played":["Lowly Squire","Shapeshift"],"current_player":"opponent","my_health":26,"opponent_health":12,"my_armor":0,"opponent_armor":1,"my_hand":1,"opponent_hand":1,"my_board":[{"card_name":"Tournament Medic","card_health":8,"card_attack":1},{"card_name":"Healing Totem","card_health":2,"card_attack":0}],"opponent_board":[{"card_name":"Wobbling Runts","card_health":3,"card_attack":2},{"card_name":"Shade of Naxxramas","card_health":4,"card_attack":6},{"card_name":"Lowly Squire","card_health":2,"card_attack":2}]},{"turn":24,"cards_played":["Fire Elemental","Totemic Call"],"current_player":"me","my_health":26,"opponent_health":12,"my_armor":0,"opponent_armor":1,"my_hand":1,"opponent_hand":1,"my_board":[{"card_name":"Tournament Medic","card_health":2,"card_attack":1},{"card_name":"Fire Elemental","card_health":5,"card_attack":6},{"card_name":"Healing Totem","card_health":2,"card_attack":0},{"card_name":"Searing Totem","card_health":1,"card_attack":1}],"opponent_board":[{"card_name":"Wobbling Runts","card_health":3,"card_attack":2},{"card_name":"Lowly Squire","card_health":2,"card_attack":2}]},{"turn":25,"cards_played":["Shapeshift","Bloodfen Raptor","Goblin Sapper"],"current_player":"opponent","my_health":28,"opponent_health":12,"my_armor":0,"opponent_armor":1,"my_hand":1,"opponent_hand":0,"my_board":[{"card_name":"Tournament Medic","card_health":3,"card_attack":1},{"card_name":"Healing Totem","card_health":2,"card_attack":0}],"opponent_board":[{"card_name":"Bloodfen Raptor","card_health":2,"card_attack":3},{"card_name":"Goblin Sapper","card_health":4,"card_attack":2},{"card_name":"Grumbly Runt","card_health":2,"card_attack":2},{"card_name":"Wily Runt","card_health":2,"card_attack":2},{"card_name":"Rascally Runt","card_health":2,"card_attack":2}]},{"turn":26,"cards_played":["Gilblin Stalker","Totemic Call"],"current_player":"me","my_health":30,"opponent_health":12,"my_armor":0,"opponent_armor":0,"my_hand":1,"opponent_hand":0,"my_board":[{"card_name":"Tournament Medic","card_health":3,"card_attack":1},{"card_name":"Gilblin Stalker","card_health":3,"card_attack":2},{"card_name":"Healing Totem","card_health":2,"card_attack":0},{"card_name":"Stoneclaw Totem","card_health":2,"card_attack":0}],"opponent_board":[{"card_name":"Bloodfen Raptor","card_health":2,"card_attack":3},{"card_name":"Goblin Sapper","card_health":4,"card_attack":2},{"card_name":"Grumbly Runt","card_health":2,"card_attack":2},{"card_name":"Wily Runt","card_health":2,"card_attack":2},{"card_name":"Rascally Runt","card_health":2,"card_attack":2}]},{"turn":27,"cards_played":["Innervate","Shapeshift"],"current_player":"opponent","my_health":26,"opponent_health":12,"my_armor":0,"opponent_armor":0,"my_hand":1,"opponent_hand":0,"my_board":[{"card_name":"Gilblin Stalker","card_health":3,"card_attack":2}],"opponent_board":[{"card_name":"Bloodfen Raptor","card_health":1,"card_attack":3},{"card_name":"Goblin Sapper","card_health":4,"card_attack":2},{"card_name":"Grumbly Runt","card_health":2,"card_attack":2},{"card_name":"Wily Runt","card_health":2,"card_attack":2},{"card_name":"Rascally Runt","card_health":2,"card_attack":2}]},{"turn":28,"cards_played":["Youthful Brewmaster","Gilblin Stalker","Totemic Call"],"current_player":"me","my_health":26,"opponent_health":10,"my_armor":0,"opponent_armor":0,"my_hand":1,"opponent_hand":0,"my_board":[{"card_name":"Youthful Brewmaster","card_health":2,"card_attack":3},{"card_name":"Gilblin Stalker","card_health":3,"card_attack":2},{"card_name":"Stoneclaw Totem","card_health":2,"card_attack":0}],"opponent_board":[{"card_name":"Bloodfen Raptor","card_health":1,"card_attack":3},{"card_name":"Goblin Sapper","card_health":4,"card_attack":2},{"card_name":"Grumbly Runt","card_health":2,"card_attack":2},{"card_name":"Wily Runt","card_health":2,"card_attack":2},{"card_name":"Rascally Runt","card_health":2,"card_attack":2}]},{"turn":29,"cards_played":["Defender of Argus","Shapeshift"],"current_player":"opponent","my_health":16,"opponent_health":10,"my_armor":0,"opponent_armor":1,"my_hand":1,"opponent_hand":0,"my_board":[{"card_name":"Gilblin Stalker","card_health":3,"card_attack":2}],"opponent_board":[{"card_name":"Bloodfen Raptor","card_health":2,"card_attack":4},{"card_name":"Defender of Argus","card_health":3,"card_attack":2},{"card_name":"Goblin Sapper","card_health":5,"card_attack":3},{"card_name":"Grumbly Runt","card_health":2,"card_attack":2},{"card_name":"Wily Runt","card_health":2,"card_attack":2}]},{"turn":30,"cards_played":[],"current_player":"me","my_health":16,"opponent_health":10,"my_armor":0,"opponent_armor":1,"my_hand":2,"opponent_hand":0,"my_board":[{"card_name":"Gilblin Stalker","card_health":3,"card_attack":2}],"opponent_board":[{"card_name":"Bloodfen Raptor","card_health":2,"card_attack":4},{"card_name":"Defender of Argus","card_health":3,"card_attack":2},{"card_name":"Goblin Sapper","card_health":5,"card_attack":3},{"card_name":"Grumbly Runt","card_health":2,"card_attack":2},{"card_name":"Wily Runt","card_health":2,"card_attack":2}]}],"result":"defeat"}