{"plays":[{"turn":1,"cards_played":[],"current_player":"me","my_health":0,"opponent_health":0,"my_armor":0,"opponent_armor":0,"my_hand":0,"opponent_hand":1,"my_board":[],"opponent_board":[]},{"turn":2,"cards_played":["Twilight Whelp"],"current_player":"me","my_health":30,"opponent_health":30,"my_armor":0,"opponent_armor":0,"my_hand":6,"opponent_hand":3,"my_board":[],"opponent_board":[{"card_name":"Twilight Whelp","card_health":3,"card_attack":2}]},{"turn":3,"cards_played":["Wyrmrest Agent"],"current_player":"opponent","my_health":28,"opponent_health":30,"my_armor":0,"opponent_armor":0,"my_hand":6,"opponent_hand":3,"my_board":[],"opponent_board":[{"card_name":"Wyrmrest Agent","card_health":4,"card_attack":2},{"card_name":"Twilight Whelp","card_health":3,"card_attack":2}]},{"turn":4,"cards_played":["Totemic Call"],"current_player":"me","my_health":28,"opponent_health":30,"my_armor":0,"opponent_armor":0,"my_hand":7,"opponent_hand":3,"my_board":[{"card_name":"Stoneclaw Totem","card_health":2,"card_attack":0}],"opponent_board":[{"card_name":"Wyrmrest Agent","card_health":4,"card_attack":2},{"card_name":"Twilight Whelp","card_health":3,"card_attack":2}]},{"turn":5,"cards_played":["Wyrmrest Agent"],"current_player":"opponent","my_health":26,"opponent_health":30,"my_armor":0,"opponent_armor":0,"my_hand":7,"opponent_hand":3,"my_board":[],"opponent_board":[{"card_name":"Wyrmrest Agent","card_health":4,"card_attack":2},{"card_name":"Wyrmrest Agent","card_health":4,"card_attack":2},{"card_name":"Twilight Whelp","card_health":3,"card_attack":2}]},{"turn":6,"cards_played":["Totemic Call"],"current_player":"me","my_health":26,"opponent_health":30,"my_armor":0,"opponent_armor":0,"my_hand":8,"opponent_hand":3,"my_board":[{"card_name":"Searing Totem","card_health":1,"card_attack":1}],"opponent_board":[{"card_name":"Wyrmrest Agent","card_health":4,"card_attack":2},{"card_name":"Wyrmrest Agent","card_health":4,"card_attack":2},{"card_name":"Twilight Whelp","card_health":3,"card_attack":2}]},{"turn":7,"cards_played":["Power Word: Shield","Lesser Heal","Lesser Heal"],"current_player":"opponent","my_health":22,"opponent_health":30,"my_armor":0,"opponent_armor":0,"my_hand":8,"opponent_hand":4,"my_board":[],"opponent_board":[{"card_name":"Wyrmrest Agent","card_health":4,"card_attack":2},{"card_name":"Wyrmrest Agent","card_health":6,"card_attack":2},{"card_name":"Twilight Whelp","card_health":3,"card_attack":2}]},{"turn":8,"cards_played":["Piloted Shredder"],"current_player":"me","my_health":22,"opponent_health":30,"my_armor":0,"opponent_armor":0,"my_hand":8,"opponent_hand":4,"my_board":[{"card_name":"Piloted Shredder","card_health":3,"card_attack":4}],"opponent_board":[{"card_name":"Wyrmrest Agent","card_health":4,"card_attack":2},{"card_name":"Wyrmrest Agent","card_health":6,"card_attack":2},{"card_name":"Twilight Whelp","card_health":3,"card_attack":2}]},{"turn":9,"cards_played":["Blackwing Corruptor"],"current_player":"opponent","my_health":20,"opponent_health":30,"my_armor":0,"opponent_armor":0,"my_hand":8,"opponent_hand":4,"my_board":[],"opponent_board":[{"card_name":"Wyrmrest Agent","card_health":2,"card_attack":2},{"card_name":"Blackwing Corruptor","card_health":4,"card_attack":5},{"card_name":"Wyrmrest Agent","card_health":6,"card_attack":2},{"card_name":"Twilight Whelp","card_health":1,"card_attack":2}]},{"turn":10,"cards_played":["Sludge Belcher"],"current_player":"me","my_health":20,"opponent_health":30,"my_armor":0,"opponent_armor":0,"my_hand":8,"opponent_hand":4,"my_board":[{"card_name":"Sludge Belcher","card_health":5,"card_attack":3}],"opponent_board":[{"card_name":"Wyrmrest Agent","card_health":2,"card_attack":2},{"card_name":"Blackwing Corruptor","card_health":4,"card_attack":5},{"card_name":"Wyrmrest Agent","card_health":6,"card_attack":2},{"card_name":"Twilight Whelp","card_health":1,"card_attack":2}]},{"turn":11,"cards_played":["Blackwing Corruptor"],"current_player":"opponent","my_health":13,"opponent_health":30,"my_armor":0,"opponent_armor":0,"my_hand":8,"opponent_hand":4,"my_board":[],"opponent_board":[{"card_name":"Wyrmrest Agent","card_health":1,"card_attack":2},{"card_name":"Blackwing Corruptor","card_health":4,"card_attack":5},{"card_name":"Blackwing Corruptor","card_health":4,"card_attack":5},{"card_name":"Wyrmrest Agent","card_health":6,"card_attack":2}]},{"turn":12,"cards_played":["Lightning Storm","Lightning Storm"],"current_player":"me","my_health":13,"opponent_health":30,"my_armor":0,"opponent_armor":0,"my_hand":7,"opponent_hand":4,"my_board":[],"opponent_board":[]},{"turn":13,"cards_played":["Twilight Whelp","Azure Drake"],"current_player":"opponent","my_health":13,"opponent_health":30,"my_armor":0,"opponent_armor":0,"my_hand":7,"opponent_hand":4,"my_board":[],"opponent_board":[{"card_name":"Azure Drake","card_health":4,"card_attack":4},{"card_name":"Twilight Whelp","card_health":3,"card_attack":2}]},{"turn":14,"cards_played":["Earth Shock","The Coin","Mana Tide Totem"],"current_player":"me","my_health":13,"opponent_health":30,"my_armor":0,"opponent_armor":0,"my_hand":6,"opponent_hand":4,"my_board":[{"card_name":"Mana Tide Totem","card_health":3,"card_attack":0}],"opponent_board":[{"card_name":"Azure Drake","card_health":4,"card_attack":4}]},{"turn":15,"cards_played":["Blackwing Technician","Twilight Guardian"],"current_player":"opponent","my_health":13,"opponent_health":30,"my_armor":0,"opponent_armor":0,"my_hand":6,"opponent_hand":3,"my_board":[],"opponent_board":[{"card_name":"Blackwing Technician","card_health":5,"card_attack":3},{"card_name":"Azure Drake","card_health":4,"card_attack":4},{"card_name":"Twilight Guardian","card_health":6,"card_attack":3}]},{"turn":16,"cards_played":["Dr. Boom"],"current_player":"me","my_health":13,"opponent_health":30,"my_armor":0,"opponent_armor":0,"my_hand":6,"opponent_hand":3,"my_board":[{"card_name":"Dr. Boom","card_health":7,"card_attack":7},{"card_name":"Boom Bot","card_health":1,"card_attack":1},{"card_name":"Boom Bot","card_health":1,"card_attack":1}],"opponent_board":[{"card_name":"Blackwing Technician","card_health":5,"card_attack":3},{"card_name":"Azure Drake","card_health":4,"card_attack":4},{"card_name":"Twilight Guardian","card_health":6,"card_attack":3}]},{"turn":17,"cards_played":["Shadow Word: Death","Holy Nova"],"current_player":"opponent","my_health":0,"opponent_health":27,"my_armor":0,"opponent_armor":0,"my_hand":6,"opponent_hand":2,"my_board":[],"opponent_board":[{"card_name":"Blackwing Technician","card_health":4,"card_attack":3},{"card_name":"Azure Drake","card_health":4,"card_attack":4},{"card_name":"Twilight Guardian","card_health":6,"card_attack":3}]}],"result":"defeat"}