{"plays":[{"turn":1,"cards_played":[],"current_player":"opponent","my_health":0,"opponent_health":0,"my_armor":0,"opponent_armor":0,"my_hand":4,"opponent_hand":1,"my_board":[],"opponent_board":[]},{"turn":2,"cards_played":["Argent Squire","The Coin","Totemic Call"],"current_player":"me","my_health":30,"opponent_health":30,"my_armor":0,"opponent_armor":0,"my_hand":5,"opponent_hand":3,"my_board":[{"card_name":"Searing Totem","card_health":1,"card_attack":1}],"opponent_board":[{"card_name":"Argent Squire","card_health":1,"card_attack":1}]},{"turn":3,"cards_played":["Totem Golem"],"current_player":"opponent","my_health":30,"opponent_health":30,"my_armor":0,"opponent_armor":0,"my_hand":5,"opponent_hand":3,"my_board":[],"opponent_board":[{"card_name":"Totem Golem","card_health":4,"card_attack":3},{"card_name":"Argent Squire","card_health":1,"card_attack":1}]},{"turn":4,"cards_played":["Rockbiter Weapon","Rockbiter Weapon"],"current_player":"me","my_health":27,"opponent_health":30,"my_armor":0,"opponent_armor":0,"my_hand":4,"opponent_hand":3,"my_board":[],"opponent_board":[{"card_name":"Argent Squire","card_health":1,"card_attack":1}]},{"turn":5,"cards_played":["Tunnel Trogg"],"current_player":"opponent","my_health":26,"opponent_health":30,"my_armor":0,"opponent_armor":0,"my_hand":4,"opponent_hand":3,"my_board":[],"opponent_board":[{"card_name":"Tunnel Trogg","card_health":3,"card_attack":1},{"card_name":"Argent Squire","card_health":1,"card_attack":1}]},{"turn":6,"cards_played":["Nerubian Prophet"],"current_player":"me","my_health":26,"opponent_health":30,"my_armor":0,"opponent_armor":0,"my_hand":4,"opponent_hand":3,"my_board":[{"card_name":"Nerubian Prophet","card_health":4,"card_attack":4}],"opponent_board":[{"card_name":"Tunnel Trogg","card_health":3,"card_attack":1},{"card_name":"Argent Squire","card_health":1,"card_attack":1}]},{"turn":7,"cards_played":["Lava Burst"],"current_player":"opponent","my_health":22,"opponent_health":30,"my_armor":0,"opponent_armor":0,"my_hand":4,"opponent_hand":3,"my_board":[],"opponent_board":[{"card_name":"Tunnel Trogg","card_health":3,"card_attack":3},{"card_name":"Argent Squire","card_health":1,"card_attack":1}]},{"turn":8,"cards_played":["Nerubian Prophet","Totemic Call"],"current_player":"me","my_health":22,"opponent_health":30,"my_armor":0,"opponent_armor":0,"my_hand":4,"opponent_hand":3,"my_board":[{"card_name":"Nerubian Prophet","card_health":4,"card_attack":4},{"card_name":"Wrath of Air Totem","card_health":2,"card_attack":0}],"opponent_board":[{"card_name":"Tunnel Trogg","card_health":3,"card_attack":3},{"card_name":"Argent Squire","card_health":1,"card_attack":1}]},{"turn":9,"cards_played":["Feral Spirit"],"current_player":"opponent","my_health":21,"opponent_health":30,"my_armor":0,"opponent_armor":0,"my_hand":4,"opponent_hand":3,"my_board":[{"card_name":"Nerubian Prophet","card_health":4,"card_attack":4}],"opponent_board":[{"card_name":"Tunnel Trogg","card_health":3,"card_attack":5},{"card_name":"Argent Squire","card_health":1,"card_attack":1},{"card_name":"Spirit Wolf","card_health":3,"card_attack":2},{"card_name":"Spirit Wolf","card_health":3,"card_attack":2}]},{"turn":10,"cards_played":["Totemic Call","Lightning Storm"],"current_player":"me","my_health":21,"opponent_health":30,"my_armor":0,"opponent_armor":0,"my_hand":4,"opponent_hand":3,"my_board":[{"card_name":"Nerubian Prophet","card_health":2,"card_attack":4},{"card_name":"Stoneclaw Totem","card_health":2,"card_attack":0}],"opponent_board":[]},{"turn":11,"cards_played":["Feral Spirit"],"current_player":"opponent","my_health":21,"opponent_health":30,"my_armor":0,"opponent_armor":0,"my_hand":4,"opponent_hand":3,"my_board":[{"card_name":"Nerubian Prophet","card_health":2,"card_attack":4},{"card_name":"Stoneclaw Totem","card_health":2,"card_attack":0}],"opponent_board":[{"card_name":"Spirit Wolf","card_health":3,"card_attack":2},{"card_name":"Spirit Wolf","card_health":3,"card_attack":2}]},{"turn":12,"cards_played":["Master of Evolution"],"current_player":"me","my_health":21,"opponent_health":30,"my_armor":0,"opponent_armor":0,"my_hand":4,"opponent_hand":3,"my_board":[{"card_name":"Master of Evolution","card_health":5,"card_attack":4},{"card_name":"Nerubian Prophet","card_health":2,"card_attack":4},{"card_name":"Stoneclaw Totem","card_health":2,"card_attack":0},{"card_name":"Ravenholdt Assassin","card_health":5,"card_attack":7}],"opponent_board":[{"card_name":"Spirit Wolf","card_health":3,"card_attack":2},{"card_name":"Spirit Wolf","card_health":3,"card_attack":2}]},{"turn":13,"cards_played":["Doomhammer"],"current_player":"opponent","my_health":15,"opponent_health":30,"my_armor":0,"opponent_armor":0,"my_hand":4,"opponent_hand":3,"my_board":[{"card_name":"Master of Evolution","card_health":5,"card_attack":4},{"card_name":"Ravenholdt Assassin","card_health":5,"card_attack":7}],"opponent_board":[{"card_name":"Spirit Wolf","card_health":3,"card_attack":2},{"card_name":"Spirit Wolf","card_health":3,"card_attack":2}]},{"turn":14,"cards_played":["Totemic Call","Mana Tide Totem","Flametongue Totem"],"current_player":"me","my_health":15,"opponent_health":30,"my_armor":0,"opponent_armor":0,"my_hand":4,"opponent_hand":3,"my_board":[{"card_name":"Mana Tide Totem","card_health":3,"card_attack":0},{"card_name":"Flametongue Totem","card_health":3,"card_attack":0},{"card_name":"Master of Evolution","card_health":3,"card_attack":6},{"card_name":"Ravenholdt Assassin","card_health":3,"card_attack":7},{"card_name":"Stoneclaw Totem","card_health":2,"card_attack":2}],"opponent_board":[]},{"turn":15,"cards_played":["Ancestral Knowledge","Argent Horserider","Rockbiter Weapon"],"current_player":"opponent","my_health":5,"opponent_health":30,"my_armor":0,"opponent_armor":0,"my_hand":4,"opponent_hand":3,"my_board":[{"card_name":"Mana Tide Totem","card_health":3,"card_attack":2},{"card_name":"Flametongue Totem","card_health":3,"card_attack":0},{"card_name":"Master of Evolution","card_health":3,"card_attack":6},{"card_name":"Ravenholdt Assassin","card_health":3,"card_attack":7}],"opponent_board":[{"card_name":"Argent Horserider","card_health":1,"card_attack":2}]},{"turn":16,"cards_played":["Totemic Call","Beckoner of Evil","Hex"],"current_player":"me","my_health":5,"opponent_health":17,"my_armor":0,"opponent_armor":0,"my_hand":4,"opponent_hand":3,"my_board":[{"card_name":"Mana Tide Totem","card_health":1,"card_attack":2},{"card_name":"Flametongue Totem","card_health":3,"card_attack":0},{"card_name":"Master of Evolution","card_health":3,"card_attack":6},{"card_name":"Ravenholdt Assassin","card_health":3,"card_attack":7},{"card_name":"Stoneclaw Totem","card_health":2,"card_attack":0},{"card_name":"Frog","card_health":1,"card_attack":0}],"opponent_board":[]},{"turn":17,"cards_played":["Ancestral Knowledge","Argent Horserider","Abusive Sergeant","Rockbiter Weapon"],"current_player":"opponent","my_health":-2,"opponent_health":17,"my_armor":0,"opponent_armor":0,"my_hand":4,"opponent_hand":2,"my_board":[{"card_name":"Mana Tide Totem","card_health":1,"card_attack":2},{"card_name":"Flametongue Totem","card_health":3,"card_attack":0},{"card_name":"Master of Evolution","card_health":3,"card_attack":6},{"card_name":"Ravenholdt Assassin","card_health":3,"card_attack":7}],"opponent_board":[{"card_name":"Abusive Sergeant","card_health":1,"card_attack":2},{"card_name":"Argent Horserider","card_health":1,"card_attack":7}]}],"result":"defeat"}