{"plays":[{"turn":1,"cards_played":[],"current_player":"opponent","my_health":0,"opponent_health":0,"my_armor":0,"opponent_armor":0,"my_hand":1,"opponent_hand":0,"my_board":[],"opponent_board":[]},{"turn":2,"cards_played":["The Coin","Wild Growth"],"current_player":"me","my_health":30,"opponent_health":30,"my_armor":0,"opponent_armor":0,"my_hand":4,"opponent_hand":4,"my_board":[],"opponent_board":[]},{"turn":3,"cards_played":["Darnassus Aspirant"],"current_player":"opponent","my_health":30,"opponent_health":30,"my_armor":0,"opponent_armor":0,"my_hand":4,"opponent_hand":4,"my_board":[],"opponent_board":[{"card_name":"Darnassus Aspirant","card_health":3,"card_attack":2}]},{"turn":4,"cards_played":["Shade of Naxxramas"],"current_player":"me","my_health":30,"opponent_health":30,"my_armor":0,"opponent_armor":0,"my_hand":4,"opponent_hand":4,"my_board":[{"card_name":"Shade of Naxxramas","card_health":2,"card_attack":2}],"opponent_board":[{"card_name":"Darnassus Aspirant","card_health":3,"card_attack":2}]},{"turn":5,"cards_played":["Piloted Shredder"],"current_player":"opponent","my_health":28,"opponent_health":30,"my_armor":0,"opponent_armor":0,"my_hand":4,"opponent_hand":4,"my_board":[{"card_name":"Shade of Naxxramas","card_health":2,"card_attack":2}],"opponent_board":[{"card_name":"Piloted Shredder","card_health":3,"card_attack":4},{"card_name":"Darnassus Aspirant","card_health":3,"card_attack":2}]},{"turn":6,"cards_played":["Wrath","Wrath","Wrath","Wrath"],"current_player":"me","my_health":28,"opponent_health":30,"my_armor":0,"opponent_armor":0,"my_hand":3,"opponent_hand":4,"my_board":[{"card_name":"Shade of Naxxramas","card_health":1,"card_attack":3}],"opponent_board":[]},{"turn":7,"cards_played":["Wild Growth","Shapeshift"],"current_player":"opponent","my_health":28,"opponent_health":28,"my_armor":0,"opponent_armor":0,"my_hand":3,"opponent_hand":4,"my_board":[],"opponent_board":[]},{"turn":8,"cards_played":["Druid of the Claw"],"current_player":"me","my_health":28,"opponent_health":28,"my_armor":0,"opponent_armor":0,"my_hand":3,"opponent_hand":4,"my_board":[{"card_name":"Druid of the Claw","card_health":4,"card_attack":4},{"card_name":"Druid of the Claw","card_health":6,"card_attack":4}],"opponent_board":[]},{"turn":9,"cards_played":["Loatheb"],"current_player":"opponent","my_health":28,"opponent_health":28,"my_armor":0,"opponent_armor":0,"my_hand":3,"opponent_hand":4,"my_board":[{"card_name":"Druid of the Claw","card_health":6,"card_attack":4}],"opponent_board":[{"card_name":"Loatheb","card_health":5,"card_attack":5}]},{"turn":10,"cards_played":["Druid of the Claw"],"current_player":"me","my_health":28,"opponent_health":24,"my_armor":0,"opponent_armor":0,"my_hand":3,"opponent_hand":4,"my_board":[{"card_name":"Druid of the Claw","card_health":6,"card_attack":4},{"card_name":"Druid of the Claw","card_health":6,"card_attack":4}],"opponent_board":[{"card_name":"Loatheb","card_health":5,"card_attack":5}]},{"turn":11,"cards_played":["Swipe","Innervate","Keeper of the Grove"],"current_player":"opponent","my_health":27,"opponent_health":24,"my_armor":0,"opponent_armor":0,"my_hand":3,"opponent_hand":2,"my_board":[],"opponent_board":[{"card_name":"Keeper of the Grove","card_health":4,"card_attack":2},{"card_name":"Loatheb","card_health":1,"card_attack":5}]},{"turn":12,"cards_played":["Piloted Shredder","Shapeshift"],"current_player":"me","my_health":23,"opponent_health":24,"my_armor":0,"opponent_armor":0,"my_hand":3,"opponent_hand":2,"my_board":[{"card_name":"Piloted Shredder","card_health":3,"card_attack":4}],"opponent_board":[{"card_name":"Keeper of the Grove","card_health":4,"card_attack":2}]},{"turn":13,"cards_played":["Wrath","Druid of the Claw"],"current_player":"opponent","my_health":23,"opponent_health":24,"my_armor":0,"opponent_armor":0,"my_hand":3,"opponent_hand":1,"my_board":[],"opponent_board":[{"card_name":"Keeper of the Grove","card_health":1,"card_attack":2},{"card_name":"Druid of the Claw","card_health":4,"card_attack":4},{"card_name":"Druid of the Claw","card_health":6,"card_attack":4}]},{"turn":14,"cards_played":["Ancient of Lore"],"current_player":"me","my_health":23,"opponent_health":24,"my_armor":0,"opponent_armor":0,"my_hand":5,"opponent_hand":1,"my_board":[{"card_name":"Ancient of Lore","card_health":5,"card_attack":5}],"opponent_board":[{"card_name":"Keeper of the Grove","card_health":1,"card_attack":2},{"card_name":"Druid of the Claw","card_health":6,"card_attack":4}]},{"turn":15,"cards_played":["Ancient of Lore","Shapeshift"],"current_player":"opponent","my_health":16,"opponent_health":24,"my_armor":0,"opponent_armor":1,"my_hand":5,"opponent_hand":3,"my_board":[{"card_name":"Ancient of Lore","card_health":5,"card_attack":5}],"opponent_board":[{"card_name":"Ancient of Lore","card_health":5,"card_attack":5},{"card_name":"Keeper of the Grove","card_health":1,"card_attack":2},{"card_name":"Druid of the Claw","card_health":6,"card_attack":4}]},{"turn":16,"cards_played":["Keeper of the Grove","Moonfire","Swipe"],"current_player":"me","my_health":16,"opponent_health":24,"my_armor":0,"opponent_armor":0,"my_hand":4,"opponent_hand":3,"my_board":[{"card_name":"Keeper of the Grove","card_health":4,"card_attack":2},{"card_name":"Ancient of Lore","card_health":1,"card_attack":5}],"opponent_board":[]},{"turn":17,"cards_played":["Swipe","Piloted Shredder","Living Roots"],"current_player":"opponent","my_health":15,"opponent_health":24,"my_armor":0,"opponent_armor":0,"my_hand":4,"opponent_hand":1,"my_board":[],"opponent_board":[{"card_name":"Piloted Shredder","card_health":3,"card_attack":4},{"card_name":"Sapling","card_health":1,"card_attack":1},{"card_name":"Sapling","card_health":1,"card_attack":1}]},{"turn":18,"cards_played":["Ancient of Lore","Mounted Raptor","Innervate","Shapeshift"],"current_player":"me","my_health":15,"opponent_health":24,"my_armor":0,"opponent_armor":0,"my_hand":4,"opponent_hand":1,"my_board":[{"card_name":"Ancient of Lore","card_health":5,"card_attack":5},{"card_name":"Mounted Raptor","card_health":2,"card_attack":3}],"opponent_board":[{"card_name":"Piloted Shredder","card_health":3,"card_attack":4},{"card_name":"Sapling","card_health":1,"card_attack":1}]},{"turn":19,"cards_played":["Wild Growth","Excess Mana","Wrath","Big Game Hunter","Shapeshift"],"current_player":"opponent","my_health":10,"opponent_health":24,"my_armor":0,"opponent_armor":1,"my_hand":4,"opponent_hand":1,"my_board":[{"card_name":"Ancient of Lore","card_health":5,"card_attack":5},{"card_name":"Hungry Crab","card_health":2,"card_attack":1}],"opponent_board":[{"card_name":"Big Game Hunter","card_health":2,"card_attack":4},{"card_name":"Piloted Shredder","card_health":3,"card_attack":4}]},{"turn":20,"cards_played":["Ancient of War","Shapeshift"],"current_player":"me","my_health":10,"opponent_health":23,"my_armor":1,"opponent_armor":0,"my_hand":4,"opponent_hand":1,"my_board":[{"card_name":"Ancient of Lore","card_health":1,"card_attack":5},{"card_name":"Ancient of War","card_health":10,"card_attack":5},{"card_name":"Hungry Crab","card_health":2,"card_attack":1}],"opponent_board":[{"card_name":"Piloted Shredder","card_health":3,"card_attack":4}]},{"turn":21,"cards_played":["Shade of Naxxramas"],"current_player":"opponent","my_health":10,"opponent_health":23,"my_armor":1,"opponent_armor":0,"my_hand":4,"opponent_hand":1,"my_board":[{"card_name":"Ancient of Lore","card_health":1,"card_attack":5},{"card_name":"Ancient of War","card_health":6,"card_attack":5},{"card_name":"Hungry Crab","card_health":2,"card_attack":1}],"opponent_board":[{"card_name":"Shade of Naxxramas","card_health":2,"card_attack":2},{"card_name":"King's Elekk","card_health":2,"card_attack":3}]}],"result":"victory"}