{"plays":[{"turn":1,"cards_played":[],"current_player":"me","my_health":0,"opponent_health":0,"my_armor":0,"opponent_armor":0,"my_hand":0,"opponent_hand":1,"my_board":[],"opponent_board":[]},{"turn":2,"cards_played":["The Coin","Beckoner of Evil"],"current_player":"me","my_health":30,"opponent_health":30,"my_armor":0,"opponent_armor":0,"my_hand":4,"opponent_hand":4,"my_board":[{"card_name":"Beckoner of Evil","card_health":3,"card_attack":2}],"opponent_board":[]},{"turn":3,"cards_played":["Fiery War Axe"],"current_player":"opponent","my_health":30,"opponent_health":28,"my_armor":0,"opponent_armor":0,"my_hand":4,"opponent_hand":4,"my_board":[],"opponent_board":[]},{"turn":4,"cards_played":["Totemic Call"],"current_player":"me","my_health":30,"opponent_health":28,"my_armor":0,"opponent_armor":0,"my_hand":5,"opponent_hand":4,"my_board":[{"card_name":"Searing Totem","card_health":1,"card_attack":1}],"opponent_board":[]},{"turn":5,"cards_played":["Argent Horserider"],"current_player":"opponent","my_health":30,"opponent_health":28,"my_armor":0,"opponent_armor":0,"my_hand":5,"opponent_hand":4,"my_board":[],"opponent_board":[{"card_name":"Argent Horserider","card_health":1,"card_attack":2}]},{"turn":6,"cards_played":["Tuskarr Totemic"],"current_player":"me","my_health":30,"opponent_health":28,"my_armor":0,"opponent_armor":0,"my_hand":6,"opponent_hand":4,"my_board":[{"card_name":"Tuskarr Totemic","card_health":2,"card_attack":3},{"card_name":"Mana Tide Totem","card_health":3,"card_attack":0}],"opponent_board":[{"card_name":"Argent Horserider","card_health":1,"card_attack":2}]},{"turn":7,"cards_played":["Upgrade!","Southsea Deckhand","Bloodsail Raider"],"current_player":"opponent","my_health":28,"opponent_health":28,"my_armor":0,"opponent_armor":0,"my_hand":6,"opponent_hand":2,"my_board":[],"opponent_board":[{"card_name":"Southsea Deckhand","card_health":1,"card_attack":2},{"card_name":"Bloodsail Raider","card_health":3,"card_attack":6}]},{"turn":8,"cards_played":["Lightning Storm"],"current_player":"me","my_health":28,"opponent_health":28,"my_armor":0,"opponent_armor":0,"my_hand":6,"opponent_hand":2,"my_board":[],"opponent_board":[]},{"turn":9,"cards_played":["Bloodsail Raider","N'Zoth's First Mate","Armor Up!"],"current_player":"opponent","my_health":24,"opponent_health":28,"my_armor":0,"opponent_armor":2,"my_hand":6,"opponent_hand":1,"my_board":[],"opponent_board":[{"card_name":"Bloodsail Raider","card_health":3,"card_attack":6},{"card_name":"N'Zoth's First Mate","card_health":1,"card_attack":1}]},{"turn":10,"cards_played":["Totem Golem"],"current_player":"me","my_health":24,"opponent_health":28,"my_armor":0,"opponent_armor":2,"my_hand":6,"opponent_hand":1,"my_board":[{"card_name":"Totem Golem","card_health":4,"card_attack":3}],"opponent_board":[{"card_name":"Bloodsail Raider","card_health":3,"card_attack":6},{"card_name":"N'Zoth's First Mate","card_health":1,"card_attack":1}]},{"turn":11,"cards_played":["Mortal Strike","Armor Up!"],"current_player":"opponent","my_health":16,"opponent_health":28,"my_armor":0,"opponent_armor":4,"my_hand":6,"opponent_hand":1,"my_board":[],"opponent_board":[{"card_name":"Bloodsail Raider","card_health":3,"card_attack":6},{"card_name":"N'Zoth's First Mate","card_health":1,"card_attack":1}]},{"turn":12,"cards_played":["Mana Tide Totem","Flametongue Totem"],"current_player":"me","my_health":16,"opponent_health":28,"my_armor":0,"opponent_armor":4,"my_hand":6,"opponent_hand":1,"my_board":[{"card_name":"Mana Tide Totem","card_health":3,"card_attack":2},{"card_name":"Flametongue Totem","card_health":3,"card_attack":0}],"opponent_board":[{"card_name":"Bloodsail Raider","card_health":3,"card_attack":6},{"card_name":"N'Zoth's First Mate","card_health":1,"card_attack":1}]},{"turn":13,"cards_played":["Faerie Dragon","Armor Up!"],"current_player":"opponent","my_health":16,"opponent_health":28,"my_armor":0,"opponent_armor":6,"my_hand":6,"opponent_hand":1,"my_board":[{"card_name":"Mana Tide Totem","card_health":1,"card_attack":0}],"opponent_board":[{"card_name":"Bloodsail Raider","card_health":3,"card_attack":6},{"card_name":"Faerie Dragon","card_health":2,"card_attack":3},{"card_name":"N'Zoth's First Mate","card_health":1,"card_attack":1}]},{"turn":14,"cards_played":["Tunnel Trogg","Lightning Storm","Feral Spirit"],"current_player":"me","my_health":16,"opponent_health":28,"my_armor":0,"opponent_armor":6,"my_hand":5,"opponent_hand":1,"my_board":[{"card_name":"Tunnel Trogg","card_health":3,"card_attack":5},{"card_name":"Mana Tide Totem","card_health":1,"card_attack":0},{"card_name":"Spirit Wolf","card_health":3,"card_attack":2},{"card_name":"Spirit Wolf","card_health":3,"card_attack":2}],"opponent_board":[]},{"turn":15,"cards_played":["Dread Corsair","Armor Up!"],"current_player":"opponent","my_health":16,"opponent_health":28,"my_armor":0,"opponent_armor":8,"my_hand":5,"opponent_hand":1,"my_board":[{"card_name":"Tunnel Trogg","card_health":3,"card_attack":5},{"card_name":"Mana Tide Totem","card_health":1,"card_attack":0},{"card_name":"Spirit Wolf","card_health":3,"card_attack":2},{"card_name":"Spirit Wolf","card_health":3,"card_attack":2}],"opponent_board":[{"card_name":"Dread Corsair","card_health":3,"card_attack":3}]},{"turn":16,"cards_played":[],"current_player":"me","my_health":16,"opponent_health":28,"my_armor":0,"opponent_armor":8,"my_hand":6,"opponent_hand":1,"my_board":[{"card_name":"Tunnel Trogg","card_health":3,"card_attack":5},{"card_name":"Mana Tide Totem","card_health":1,"card_attack":0},{"card_name":"Spirit Wolf","card_health":3,"card_attack":2},{"card_name":"Spirit Wolf","card_health":3,"card_attack":2}],"opponent_board":[{"card_name":"Dread Corsair","card_health":3,"card_attack":3}]}],"result":"victory"}