{"plays":[{"turn":1,"cards_played":[],"current_player":"me","my_health":0,"opponent_health":0,"my_armor":0,"opponent_armor":0,"my_hand":0,"opponent_hand":1,"my_board":[],"opponent_board":[]},{"turn":2,"cards_played":["Tunnel Trogg"],"current_player":"opponent","my_health":30,"opponent_health":30,"my_armor":0,"opponent_armor":0,"my_hand":3,"opponent_hand":6,"my_board":[{"card_name":"Tunnel Trogg","card_health":3,"card_attack":1}],"opponent_board":[]},{"turn":3,"cards_played":["Beckoner of Evil"],"current_player":"me","my_health":30,"opponent_health":29,"my_armor":0,"opponent_armor":0,"my_hand":3,"opponent_hand":6,"my_board":[{"card_name":"Beckoner of Evil","card_health":3,"card_attack":2},{"card_name":"Tunnel Trogg","card_health":3,"card_attack":1}],"opponent_board":[]},{"turn":4,"cards_played":["The Coin","Bash"],"current_player":"opponent","my_health":30,"opponent_health":29,"my_armor":0,"opponent_armor":3,"my_hand":3,"opponent_hand":5,"my_board":[{"card_name":"Beckoner of Evil","card_health":3,"card_attack":2}],"opponent_board":[]},{"turn":5,"cards_played":["Tuskarr Totemic"],"current_player":"me","my_health":30,"opponent_health":29,"my_armor":0,"opponent_armor":1,"my_hand":3,"opponent_hand":5,"my_board":[{"card_name":"Beckoner of Evil","card_health":3,"card_attack":2},{"card_name":"Tuskarr Totemic","card_health":2,"card_attack":3},{"card_name":"Wrath of Air Totem","card_health":2,"card_attack":0}],"opponent_board":[]},{"turn":6,"cards_played":["Ravaging Ghoul"],"current_player":"opponent","my_health":30,"opponent_health":29,"my_armor":0,"opponent_armor":1,"my_hand":3,"opponent_hand":5,"my_board":[{"card_name":"Beckoner of Evil","card_health":3,"card_attack":2},{"card_name":"Tuskarr Totemic","card_health":2,"card_attack":3},{"card_name":"Wrath of Air Totem","card_health":2,"card_attack":0}],"opponent_board":[{"card_name":"Ravaging Ghoul","card_health":3,"card_attack":3}]},{"turn":7,"cards_played":["Tunnel Trogg","Feral Spirit"],"current_player":"me","my_health":30,"opponent_health":28,"my_armor":0,"opponent_armor":0,"my_hand":2,"opponent_hand":5,"my_board":[{"card_name":"Beckoner of Evil","card_health":2,"card_attack":2},{"card_name":"Tunnel Trogg","card_health":3,"card_attack":3},{"card_name":"Wrath of Air Totem","card_health":1,"card_attack":0},{"card_name":"Spirit Wolf","card_health":3,"card_attack":2},{"card_name":"Spirit Wolf","card_health":3,"card_attack":2}],"opponent_board":[]},{"turn":8,"cards_played":["Acolyte of Pain"],"current_player":"opponent","my_health":30,"opponent_health":28,"my_armor":0,"opponent_armor":0,"my_hand":2,"opponent_hand":5,"my_board":[{"card_name":"Beckoner of Evil","card_health":2,"card_attack":2},{"card_name":"Tunnel Trogg","card_health":3,"card_attack":3},{"card_name":"Wrath of Air Totem","card_health":1,"card_attack":0},{"card_name":"Spirit Wolf","card_health":3,"card_attack":2},{"card_name":"Spirit Wolf","card_health":3,"card_attack":2}],"opponent_board":[{"card_name":"Acolyte of Pain","card_health":3,"card_attack":1}]},{"turn":9,"cards_played":["Totemic Call"],"current_player":"me","my_health":30,"opponent_health":22,"my_armor":0,"opponent_armor":0,"my_hand":3,"opponent_hand":6,"my_board":[{"card_name":"Beckoner of Evil","card_health":2,"card_attack":2},{"card_name":"Tunnel Trogg","card_health":2,"card_attack":3},{"card_name":"Wrath of Air Totem","card_health":1,"card_attack":0},{"card_name":"Spirit Wolf","card_health":3,"card_attack":2},{"card_name":"Spirit Wolf","card_health":3,"card_attack":2},{"card_name":"Stoneclaw Totem","card_health":2,"card_attack":0}],"opponent_board":[]},{"turn":10,"cards_played":["Revenge","Revenge"],"current_player":"opponent","my_health":30,"opponent_health":22,"my_armor":0,"opponent_armor":0,"my_hand":3,"opponent_hand":5,"my_board":[{"card_name":"Spirit Wolf","card_health":1,"card_attack":2},{"card_name":"Spirit Wolf","card_health":1,"card_attack":2}],"opponent_board":[]},{"turn":11,"cards_played":["Flametongue Totem","Nerubian Prophet","Totemic Call"],"current_player":"me","my_health":30,"opponent_health":14,"my_armor":0,"opponent_armor":0,"my_hand":2,"opponent_hand":5,"my_board":[{"card_name":"Flametongue Totem","card_health":3,"card_attack":0},{"card_name":"Nerubian Prophet","card_health":4,"card_attack":4},{"card_name":"Spirit Wolf","card_health":1,"card_attack":4},{"card_name":"Spirit Wolf","card_health":1,"card_attack":4},{"card_name":"Stoneclaw Totem","card_health":2,"card_attack":0}],"opponent_board":[]},{"turn":12,"cards_played":["Shield Block","Shield Slam","Armor Up!"],"current_player":"opponent","my_health":30,"opponent_health":14,"my_armor":0,"opponent_armor":7,"my_hand":2,"opponent_hand":5,"my_board":[{"card_name":"Nerubian Prophet","card_health":4,"card_attack":4},{"card_name":"Spirit Wolf","card_health":1,"card_attack":2},{"card_name":"Spirit Wolf","card_health":1,"card_attack":2},{"card_name":"Stoneclaw Totem","card_health":2,"card_attack":0}],"opponent_board":[]},{"turn":13,"cards_played":["Mana Tide Totem","Totemic Call"],"current_player":"me","my_health":30,"opponent_health":13,"my_armor":0,"opponent_armor":0,"my_hand":3,"opponent_hand":5,"my_board":[{"card_name":"Nerubian Prophet","card_health":4,"card_attack":4},{"card_name":"Mana Tide Totem","card_health":3,"card_attack":0},{"card_name":"Spirit Wolf","card_health":1,"card_attack":2},{"card_name":"Spirit Wolf","card_health":1,"card_attack":2},{"card_name":"Stoneclaw Totem","card_health":2,"card_attack":0},{"card_name":"Searing Totem","card_health":1,"card_attack":1}],"opponent_board":[]},{"turn":14,"cards_played":["Baron Geddon"],"current_player":"opponent","my_health":28,"opponent_health":11,"my_armor":0,"opponent_armor":0,"my_hand":3,"opponent_hand":5,"my_board":[{"card_name":"Nerubian Prophet","card_health":2,"card_attack":4},{"card_name":"Mana Tide Totem","card_health":1,"card_attack":0}],"opponent_board":[{"card_name":"Baron Geddon","card_health":5,"card_attack":7}]},{"turn":15,"cards_played":["Master of Evolution","C'Thun's Chosen"],"current_player":"me","my_health":28,"opponent_health":7,"my_armor":0,"opponent_armor":0,"my_hand":3,"opponent_hand":5,"my_board":[{"card_name":"Mana Tide Totem","card_health":1,"card_attack":0},{"card_name":"Master of Evolution","card_health":5,"card_attack":4},{"card_name":"C'Thun's Chosen","card_health":2,"card_attack":4},{"card_name":"Ancient of War","card_health":5,"card_attack":5}],"opponent_board":[{"card_name":"Baron Geddon","card_health":5,"card_attack":7}]},{"turn":16,"cards_played":["Fiery War Axe","Armor Up!","Shield Slam"],"current_player":"opponent","my_health":26,"opponent_health":7,"my_armor":0,"opponent_armor":0,"my_hand":3,"opponent_hand":4,"my_board":[{"card_name":"Ancient of War","card_health":3,"card_attack":5}],"opponent_board":[{"card_name":"Baron Geddon","card_health":1,"card_attack":7}]},{"turn":17,"cards_played":["Twin Emperor Vek'lor","Rockbiter Weapon"],"current_player":"me","my_health":26,"opponent_health":-1,"my_armor":0,"opponent_armor":0,"my_hand":2,"opponent_hand":4,"my_board":[{"card_name":"Twin Emperor Vek'lor","card_health":6,"card_attack":4},{"card_name":"Ancient of War","card_health":3,"card_attack":8},{"card_name":"Twin Emperor Vek'nilash","card_health":6,"card_attack":4}],"opponent_board":[{"card_name":"Baron Geddon","card_health":1,"card_attack":7}]}],"result":"victory"}