{"plays":[{"turn":1,"cards_played":[],"current_player":"opponent","my_health":30,"opponent_health":0,"my_armor":0,"opponent_armor":0,"my_hand":1,"opponent_hand":0,"my_board":[],"opponent_board":[]},{"turn":2,"cards_played":["Flame Imp","The Coin","Haunted Creeper"],"current_player":"me","my_health":30,"opponent_health":27,"my_armor":0,"opponent_armor":0,"my_hand":4,"opponent_hand":3,"my_board":[{"card_name":"Haunted Creeper","card_health":2,"card_attack":1}],"opponent_board":[{"card_name":"Flame Imp","card_health":2,"card_attack":3}]},{"turn":3,"cards_played":["Knife Juggler"],"current_player":"opponent","my_health":27,"opponent_health":27,"my_armor":0,"opponent_armor":0,"my_hand":4,"opponent_hand":3,"my_board":[{"card_name":"Haunted Creeper","card_health":2,"card_attack":1}],"opponent_board":[{"card_name":"Knife Juggler","card_health":2,"card_attack":3},{"card_name":"Flame Imp","card_health":2,"card_attack":3}]},{"turn":4,"cards_played":["Ancestral Spirit"],"current_player":"me","my_health":27,"opponent_health":27,"my_armor":0,"opponent_armor":0,"my_hand":4,"opponent_hand":3,"my_board":[{"card_name":"Spectral Spider","card_health":1,"card_attack":1},{"card_name":"Spectral Spider","card_health":1,"card_attack":1},{"card_name":"Haunted Creeper","card_health":2,"card_attack":1}],"opponent_board":[{"card_name":"Knife Juggler","card_health":1,"card_attack":3},{"card_name":"Flame Imp","card_health":2,"card_attack":3}]},{"turn":5,"cards_played":["Voidwalker","Life Tap"],"current_player":"opponent","my_health":24,"opponent_health":25,"my_armor":0,"opponent_armor":0,"my_hand":4,"opponent_hand":4,"my_board":[{"card_name":"Spectral Spider","card_health":1,"card_attack":1},{"card_name":"Haunted Creeper","card_health":1,"card_attack":1}],"opponent_board":[{"card_name":"Knife Juggler","card_health":1,"card_attack":3},{"card_name":"Flame Imp","card_health":1,"card_attack":3},{"card_name":"Voidwalker","card_health":3,"card_attack":1}]},{"turn":6,"cards_played":["Hex"],"current_player":"me","my_health":24,"opponent_health":25,"my_armor":0,"opponent_armor":0,"my_hand":4,"opponent_hand":4,"my_board":[{"card_name":"Spectral Spider","card_health":1,"card_attack":1},{"card_name":"Spectral Spider","card_health":1,"card_attack":1},{"card_name":"Spectral Spider","card_health":1,"card_attack":1}],"opponent_board":[{"card_name":"Flame Imp","card_health":1,"card_attack":3}]},{"turn":7,"cards_played":["Voidcaller"],"current_player":"opponent","my_health":21,"opponent_health":25,"my_armor":0,"opponent_armor":0,"my_hand":4,"opponent_hand":4,"my_board":[{"card_name":"Spectral Spider","card_health":1,"card_attack":1},{"card_name":"Spectral Spider","card_health":1,"card_attack":1},{"card_name":"Spectral Spider","card_health":1,"card_attack":1}],"opponent_board":[{"card_name":"Voidcaller","card_health":4,"card_attack":3},{"card_name":"Flame Imp","card_health":1,"card_attack":3}]},{"turn":8,"cards_played":["Nerubian Egg","Totemic Call"],"current_player":"me","my_health":21,"opponent_health":23,"my_armor":0,"opponent_armor":0,"my_hand":4,"opponent_hand":4,"my_board":[{"card_name":"Nerubian Egg","card_health":2,"card_attack":0},{"card_name":"Spectral Spider","card_health":1,"card_attack":1},{"card_name":"Spectral Spider","card_health":1,"card_attack":1},{"card_name":"Searing Totem","card_health":1,"card_attack":1}],"opponent_board":[{"card_name":"Voidcaller","card_health":4,"card_attack":3}]},{"turn":9,"cards_played":["Imp Gang Boss","Life Tap"],"current_player":"opponent","my_health":21,"opponent_health":21,"my_armor":0,"opponent_armor":0,"my_hand":4,"opponent_hand":5,"my_board":[{"card_name":"Nerubian Egg","card_health":2,"card_attack":0},{"card_name":"Spectral Spider","card_health":1,"card_attack":1},{"card_name":"Spectral Spider","card_health":1,"card_attack":1}],"opponent_board":[{"card_name":"Imp Gang Boss","card_health":4,"card_attack":2},{"card_name":"Voidcaller","card_health":3,"card_attack":3}]},{"turn":10,"cards_played":["Sludge Belcher"],"current_player":"me","my_health":21,"opponent_health":19,"my_armor":0,"opponent_armor":0,"my_hand":4,"opponent_hand":5,"my_board":[{"card_name":"Sludge Belcher","card_health":5,"card_attack":3},{"card_name":"Nerubian Egg","card_health":2,"card_attack":0},{"card_name":"Spectral Spider","card_health":1,"card_attack":1},{"card_name":"Spectral Spider","card_health":1,"card_attack":1}],"opponent_board":[{"card_name":"Imp Gang Boss","card_health":4,"card_attack":2},{"card_name":"Voidcaller","card_health":3,"card_attack":3}]},{"turn":11,"cards_played":["Defender of Argus","Life Tap"],"current_player":"opponent","my_health":21,"opponent_health":17,"my_armor":0,"opponent_armor":0,"my_hand":4,"opponent_hand":6,"my_board":[{"card_name":"Sludge Belcher","card_health":2,"card_attack":3},{"card_name":"Nerubian Egg","card_health":2,"card_attack":0},{"card_name":"Spectral Spider","card_health":1,"card_attack":1},{"card_name":"Spectral Spider","card_health":1,"card_attack":1}],"opponent_board":[{"card_name":"Imp Gang Boss","card_health":2,"card_attack":3},{"card_name":"Voidcaller","card_health":4,"card_attack":4},{"card_name":"Defender of Argus","card_health":3,"card_attack":2},{"card_name":"Imp","card_health":1,"card_attack":1}]},{"turn":12,"cards_played":["Lightning Storm","Doomguard","Hex"],"current_player":"me","my_health":21,"opponent_health":17,"my_armor":0,"opponent_armor":0,"my_hand":3,"opponent_hand":5,"my_board":[{"card_name":"Nerubian Egg","card_health":2,"card_attack":0},{"card_name":"Slime","card_health":2,"card_attack":1}],"opponent_board":[{"card_name":"Doomguard","card_health":7,"card_attack":5},{"card_name":"Frog","card_health":1,"card_attack":0}]},{"turn":13,"cards_played":["Bane of Doom","Haunted Creeper"],"current_player":"opponent","my_health":21,"opponent_health":17,"my_armor":0,"opponent_armor":0,"my_hand":3,"opponent_hand":4,"my_board":[{"card_name":"Nerubian Egg","card_health":2,"card_attack":0}],"opponent_board":[{"card_name":"Haunted Creeper","card_health":2,"card_attack":1},{"card_name":"Frog","card_health":1,"card_attack":0},{"card_name":"Void Crusher","card_health":4,"card_attack":5}]},{"turn":14,"cards_played":["Defender of Argus"],"current_player":"me","my_health":21,"opponent_health":17,"my_armor":0,"opponent_armor":0,"my_hand":3,"opponent_hand":4,"my_board":[{"card_name":"Defender of Argus","card_health":3,"card_attack":2},{"card_name":"Nerubian Egg","card_health":3,"card_attack":1}],"opponent_board":[{"card_name":"Haunted Creeper","card_health":2,"card_attack":1},{"card_name":"Void Crusher","card_health":4,"card_attack":5}]},{"turn":15,"cards_played":["Nerubian Egg","Life Tap","Piloted Shredder"],"current_player":"opponent","my_health":20,"opponent_health":15,"my_armor":0,"opponent_armor":0,"my_hand":3,"opponent_hand":4,"my_board":[{"card_name":"Defender of Argus","card_health":3,"card_attack":2}],"opponent_board":[{"card_name":"Nerubian Egg","card_health":2,"card_attack":0},{"card_name":"Haunted Creeper","card_health":2,"card_attack":1},{"card_name":"Piloted Shredder","card_health":3,"card_attack":4}]},{"turn":16,"cards_played":["Dr. Boom"],"current_player":"me","my_health":20,"opponent_health":13,"my_armor":0,"opponent_armor":0,"my_hand":3,"opponent_hand":4,"my_board":[{"card_name":"Defender of Argus","card_health":3,"card_attack":2},{"card_name":"Dr. Boom","card_health":7,"card_attack":7},{"card_name":"Boom Bot","card_health":1,"card_attack":1},{"card_name":"Boom Bot","card_health":1,"card_attack":1}],"opponent_board":[{"card_name":"Nerubian Egg","card_health":2,"card_attack":0},{"card_name":"Haunted Creeper","card_health":2,"card_attack":1},{"card_name":"Piloted Shredder","card_health":3,"card_attack":4}]},{"turn":17,"cards_played":["Defender of Argus","Imp Gang Boss"],"current_player":"opponent","my_health":17,"opponent_health":13,"my_armor":0,"opponent_armor":0,"my_hand":3,"opponent_hand":3,"my_board":[{"card_name":"Dr. Boom","card_health":7,"card_attack":7},{"card_name":"Boom Bot","card_health":1,"card_attack":1},{"card_name":"Boom Bot","card_health":1,"card_attack":1}],"opponent_board":[{"card_name":"Imp Gang Boss","card_health":4,"card_attack":2},{"card_name":"Defender of Argus","card_health":3,"card_attack":2},{"card_name":"Nerubian Egg","card_health":3,"card_attack":1},{"card_name":"Haunted Creeper","card_health":3,"card_attack":2},{"card_name":"Piloted Shredder","card_health":1,"card_attack":4}]},{"turn":18,"cards_played":["Flametongue Totem","Totemic Call","Mana Tide Totem"],"current_player":"me","my_health":17,"opponent_health":13,"my_armor":0,"opponent_armor":0,"my_hand":3,"opponent_hand":3,"my_board":[{"card_name":"Dr. Boom","card_health":7,"card_attack":9},{"card_name":"Mana Tide Totem","card_health":3,"card_attack":0},{"card_name":"Flametongue Totem","card_health":3,"card_attack":0},{"card_name":"Healing Totem","card_health":2,"card_attack":2}],"opponent_board":[{"card_name":"Imp Gang Boss","card_health":4,"card_attack":2},{"card_name":"Spectral Spider","card_health":1,"card_attack":1},{"card_name":"Spectral Spider","card_health":1,"card_attack":1},{"card_name":"Mistress of Pain","card_health":4,"card_attack":1}]},{"turn":19,"cards_played":["Power Overwhelming","Nerubian Egg","Dread Infernal"],"current_player":"opponent","my_health":15,"opponent_health":17,"my_armor":0,"opponent_armor":0,"my_hand":3,"opponent_hand":1,"my_board":[{"card_name":"Flametongue Totem","card_health":2,"card_attack":0},{"card_name":"Healing Totem","card_health":1,"card_attack":2}],"opponent_board":[{"card_name":"Imp Gang Boss","card_health":3,"card_attack":2},{"card_name":"Nerubian Egg","card_health":1,"card_attack":0},{"card_name":"Dread Infernal","card_health":6,"card_attack":6},{"card_name":"Imp","card_health":1,"card_attack":1}]},{"turn":20,"cards_played":["Totemic Call","Stalagg"],"current_player":"me","my_health":15,"opponent_health":15,"my_armor":0,"opponent_armor":0,"my_hand":3,"opponent_hand":1,"my_board":[{"card_name":"Flametongue Totem","card_health":2,"card_attack":0},{"card_name":"Stalagg","card_health":4,"card_attack":9},{"card_name":"Healing Totem","card_health":1,"card_attack":2},{"card_name":"Wrath of Air Totem","card_health":2,"card_attack":0}],"opponent_board":[{"card_name":"Imp Gang Boss","card_health":3,"card_attack":2},{"card_name":"Nerubian Egg","card_health":1,"card_attack":0},{"card_name":"Dread Infernal","card_health":6,"card_attack":6},{"card_name":"Imp","card_health":1,"card_attack":1}]},{"turn":21,"cards_played":["Voidcaller","Loatheb"],"current_player":"opponent","my_health":15,"opponent_health":15,"my_armor":0,"opponent_armor":0,"my_hand":3,"opponent_hand":0,"my_board":[{"card_name":"Healing Totem","card_health":2,"card_attack":0},{"card_name":"Wrath of Air Totem","card_health":2,"card_attack":0}],"opponent_board":[{"card_name":"Imp Gang Boss","card_health":3,"card_attack":2},{"card_name":"Voidcaller","card_health":4,"card_attack":3},{"card_name":"Nerubian Egg","card_health":1,"card_attack":0},{"card_name":"Loatheb","card_health":5,"card_attack":5},{"card_name":"Imp","card_health":1,"card_attack":1}]},{"turn":22,"cards_played":["Fire Elemental","Totemic Call"],"current_player":"me","my_health":15,"opponent_health":15,"my_armor":0,"opponent_armor":0,"my_hand":3,"opponent_hand":0,"my_board":[{"card_name":"Fire Elemental","card_health":5,"card_attack":6},{"card_name":"Healing Totem","card_health":2,"card_attack":0},{"card_name":"Wrath of Air Totem","card_health":2,"card_attack":0},{"card_name":"Searing Totem","card_health":1,"card_attack":1}],"opponent_board":[{"card_name":"Voidcaller","card_health":4,"card_attack":3},{"card_name":"Nerubian Egg","card_health":1,"card_attack":0},{"card_name":"Loatheb","card_health":5,"card_attack":5},{"card_name":"Imp","card_health":1,"card_attack":1},{"card_name":"Imp","card_health":1,"card_attack":1}]},{"turn":23,"cards_played":["Life Tap","Darkbomb","Flame Imp"],"current_player":"opponent","my_health":15,"opponent_health":13,"my_armor":0,"opponent_armor":0,"my_hand":3,"opponent_hand":0,"my_board":[{"card_name":"Healing Totem","card_health":2,"card_attack":0}],"opponent_board":[{"card_name":"Voidcaller","card_health":3,"card_attack":3},{"card_name":"Nerubian Egg","card_health":1,"card_attack":0},{"card_name":"Flame Imp","card_health":2,"card_attack":3},{"card_name":"Loatheb","card_health":5,"card_attack":5}]},{"turn":24,"cards_played":["Totemic Call","Lightning Storm","Rockbiter Weapon"],"current_player":"me","my_health":10,"opponent_health":10,"my_armor":0,"opponent_armor":0,"my_hand":2,"opponent_hand":0,"my_board":[{"card_name":"Healing Totem","card_health":2,"card_attack":0},{"card_name":"Wrath of Air Totem","card_health":2,"card_attack":0}],"opponent_board":[{"card_name":"Nerubian","card_health":4,"card_attack":4}]},{"turn":25,"cards_played":["Voidwalker","Life Tap"],"current_player":"opponent","my_health":6,"opponent_health":8,"my_armor":0,"opponent_armor":0,"my_hand":2,"opponent_hand":1,"my_board":[{"card_name":"Healing Totem","card_health":2,"card_attack":0},{"card_name":"Wrath of Air Totem","card_health":2,"card_attack":0}],"opponent_board":[{"card_name":"Voidwalker","card_health":3,"card_attack":1},{"card_name":"Nerubian","card_health":4,"card_attack":4}]},{"turn":26,"cards_played":["Totemic Call"],"current_player":"me","my_health":6,"opponent_health":8,"my_armor":0,"opponent_armor":0,"my_hand":3,"opponent_hand":1,"my_board":[{"card_name":"Healing Totem","card_health":2,"card_attack":0},{"card_name":"Wrath of Air Totem","card_health":2,"card_attack":0},{"card_name":"Stoneclaw Totem","card_health":2,"card_attack":0}],"opponent_board":[{"card_name":"Voidwalker","card_health":3,"card_attack":1},{"card_name":"Nerubian","card_health":4,"card_attack":4}]},{"turn":27,"cards_played":["Darkbomb","Power Overwhelming"],"current_player":"opponent","my_health":-3,"opponent_health":8,"my_armor":0,"opponent_armor":0,"my_hand":3,"opponent_hand":0,"my_board":[{"card_name":"Healing Totem","card_health":2,"card_attack":0},{"card_name":"Wrath of Air Totem","card_health":2,"card_attack":0}],"opponent_board":[{"card_name":"Voidwalker","card_health":7,"card_attack":5},{"card_name":"Nerubian","card_health":4,"card_attack":4}]}],"result":"defeat"}