{"plays":[{"turn":1,"cards_played":[],"current_player":"me","my_health":0,"opponent_health":0,"my_armor":0,"opponent_armor":0,"my_hand":0,"opponent_hand":1,"my_board":[],"opponent_board":[]},{"turn":2,"cards_played":["Tunnel Trogg","Goldshire Footman"],"current_player":"opponent","my_health":30,"opponent_health":30,"my_armor":0,"opponent_armor":0,"my_hand":3,"opponent_hand":5,"my_board":[{"card_name":"Tunnel Trogg","card_health":3,"card_attack":1}],"opponent_board":[{"card_name":"Goldshire Footman","card_health":2,"card_attack":1}]},{"turn":3,"cards_played":["Gilblin Stalker"],"current_player":"me","my_health":30,"opponent_health":30,"my_armor":0,"opponent_armor":0,"my_hand":3,"opponent_hand":5,"my_board":[{"card_name":"Tunnel Trogg","card_health":3,"card_attack":1},{"card_name":"Gilblin Stalker","card_health":3,"card_attack":2}],"opponent_board":[{"card_name":"Goldshire Footman","card_health":2,"card_attack":1}]},{"turn":4,"cards_played":["The Coin","Alarm-o-Bot"],"current_player":"opponent","my_health":29,"opponent_health":30,"my_armor":0,"opponent_armor":0,"my_hand":3,"opponent_hand":4,"my_board":[{"card_name":"Tunnel Trogg","card_health":3,"card_attack":1},{"card_name":"Gilblin Stalker","card_health":3,"card_attack":2}],"opponent_board":[{"card_name":"Goldshire Footman","card_health":2,"card_attack":1},{"card_name":"Alarm-o-Bot","card_health":3,"card_attack":0}]},{"turn":5,"cards_played":["Huge Toad"],"current_player":"me","my_health":29,"opponent_health":29,"my_armor":0,"opponent_armor":0,"my_hand":3,"opponent_hand":4,"my_board":[{"card_name":"Tunnel Trogg","card_health":3,"card_attack":1},{"card_name":"Gilblin Stalker","card_health":2,"card_attack":2},{"card_name":"Huge Toad","card_health":2,"card_attack":3}],"opponent_board":[{"card_name":"Alarm-o-Bot","card_health":3,"card_attack":0}]},{"turn":6,"cards_played":["Ironbeak Owl"],"current_player":"opponent","my_health":29,"opponent_health":29,"my_armor":0,"opponent_armor":0,"my_hand":3,"opponent_hand":4,"my_board":[{"card_name":"Tunnel Trogg","card_health":3,"card_attack":1},{"card_name":"Gilblin Stalker","card_health":2,"card_attack":2},{"card_name":"Huge Toad","card_health":2,"card_attack":3}],"opponent_board":[{"card_name":"Ironbeak Owl","card_health":1,"card_attack":2}]},{"turn":7,"cards_played":["Totemic Call"],"current_player":"me","my_health":29,"opponent_health":29,"my_armor":0,"opponent_armor":0,"my_hand":4,"opponent_hand":4,"my_board":[{"card_name":"Tunnel Trogg","card_health":1,"card_attack":1},{"card_name":"Gilblin Stalker","card_health":2,"card_attack":2},{"card_name":"Huge Toad","card_health":2,"card_attack":3},{"card_name":"Healing Totem","card_health":2,"card_attack":0}],"opponent_board":[]},{"turn":8,"cards_played":["Tomb Spider"],"current_player":"opponent","my_health":29,"opponent_health":29,"my_armor":0,"opponent_armor":0,"my_hand":4,"opponent_hand":5,"my_board":[{"card_name":"Tunnel Trogg","card_health":2,"card_attack":1},{"card_name":"Gilblin Stalker","card_health":3,"card_attack":2},{"card_name":"Huge Toad","card_health":2,"card_attack":3},{"card_name":"Healing Totem","card_health":2,"card_attack":0}],"opponent_board":[{"card_name":"Tomb Spider","card_health":3,"card_attack":3}]},{"turn":9,"cards_played":["Rumbling Elemental"],"current_player":"me","my_health":29,"opponent_health":28,"my_armor":0,"opponent_armor":0,"my_hand":4,"opponent_hand":5,"my_board":[{"card_name":"Tunnel Trogg","card_health":2,"card_attack":1},{"card_name":"Rumbling Elemental","card_health":6,"card_attack":2},{"card_name":"Gilblin Stalker","card_health":3,"card_attack":2},{"card_name":"Healing Totem","card_health":2,"card_attack":0}],"opponent_board":[]},{"turn":10,"cards_played":["Stampeding Kodo"],"current_player":"opponent","my_health":29,"opponent_health":28,"my_armor":0,"opponent_armor":0,"my_hand":4,"opponent_hand":5,"my_board":[{"card_name":"Rumbling Elemental","card_health":6,"card_attack":2},{"card_name":"Gilblin Stalker","card_health":3,"card_attack":2},{"card_name":"Healing Totem","card_health":2,"card_attack":0}],"opponent_board":[{"card_name":"Stampeding Kodo","card_health":5,"card_attack":3}]},{"turn":11,"cards_played":["Fire Elemental"],"current_player":"me","my_health":29,"opponent_health":28,"my_armor":0,"opponent_armor":0,"my_hand":4,"opponent_hand":5,"my_board":[{"card_name":"Rumbling Elemental","card_health":6,"card_attack":2},{"card_name":"Gilblin Stalker","card_health":3,"card_attack":2},{"card_name":"Fire Elemental","card_health":5,"card_attack":6},{"card_name":"Healing Totem","card_health":2,"card_attack":0}],"opponent_board":[]},{"turn":12,"cards_played":["Frost Elemental"],"current_player":"opponent","my_health":29,"opponent_health":28,"my_armor":0,"opponent_armor":0,"my_hand":4,"opponent_hand":5,"my_board":[{"card_name":"Rumbling Elemental","card_health":6,"card_attack":2},{"card_name":"Gilblin Stalker","card_health":3,"card_attack":2},{"card_name":"Fire Elemental","card_health":5,"card_attack":6},{"card_name":"Healing Totem","card_health":2,"card_attack":0}],"opponent_board":[{"card_name":"Frost Elemental","card_health":5,"card_attack":5}]},{"turn":13,"cards_played":["Jeweled Scarab","Youthful Brewmaster","Jeweled Scarab"],"current_player":"me","my_health":29,"opponent_health":24,"my_armor":0,"opponent_armor":0,"my_hand":5,"opponent_hand":5,"my_board":[{"card_name":"Rumbling Elemental","card_health":1,"card_attack":2},{"card_name":"Youthful Brewmaster","card_health":2,"card_attack":3},{"card_name":"Jeweled Scarab","card_health":1,"card_attack":1},{"card_name":"Fire Elemental","card_health":5,"card_attack":6},{"card_name":"Healing Totem","card_health":2,"card_attack":0}],"opponent_board":[]},{"turn":14,"cards_played":["Alarm-o-Bot","Steady Shot"],"current_player":"opponent","my_health":27,"opponent_health":24,"my_armor":0,"opponent_armor":0,"my_hand":5,"opponent_hand":4,"my_board":[{"card_name":"Rumbling Elemental","card_health":2,"card_attack":2},{"card_name":"Youthful Brewmaster","card_health":2,"card_attack":3},{"card_name":"Jeweled Scarab","card_health":1,"card_attack":1},{"card_name":"Fire Elemental","card_health":5,"card_attack":6},{"card_name":"Healing Totem","card_health":2,"card_attack":0}],"opponent_board":[{"card_name":"Alarm-o-Bot","card_health":3,"card_attack":0}]},{"turn":15,"cards_played":["Frigid Snobold","Totemic Call"],"current_player":"me","my_health":27,"opponent_health":24,"my_armor":0,"opponent_armor":0,"my_hand":5,"opponent_hand":4,"my_board":[{"card_name":"Rumbling Elemental","card_health":2,"card_attack":2},{"card_name":"Youthful Brewmaster","card_health":2,"card_attack":3},{"card_name":"Frigid Snobold","card_health":6,"card_attack":2},{"card_name":"Jeweled Scarab","card_health":1,"card_attack":1},{"card_name":"Healing Totem","card_health":2,"card_attack":0},{"card_name":"Wrath of Air Totem","card_health":2,"card_attack":0}],"opponent_board":[]},{"turn":16,"cards_played":["Stranglethorn Tiger","Injured Blademaster"],"current_player":"opponent","my_health":27,"opponent_health":24,"my_armor":0,"opponent_armor":0,"my_hand":5,"opponent_hand":3,"my_board":[{"card_name":"Rumbling Elemental","card_health":3,"card_attack":2},{"card_name":"Youthful Brewmaster","card_health":2,"card_attack":3},{"card_name":"Frigid Snobold","card_health":6,"card_attack":2},{"card_name":"Jeweled Scarab","card_health":1,"card_attack":1},{"card_name":"Healing Totem","card_health":2,"card_attack":0},{"card_name":"Wrath of Air Totem","card_health":2,"card_attack":0}],"opponent_board":[{"card_name":"Stranglethorn Tiger","card_health":5,"card_attack":5},{"card_name":"Injured Blademaster","card_health":7,"card_attack":4}]},{"turn":17,"cards_played":["Tuskarr Totemic","Evil Heckler","Totemic Call"],"current_player":"me","my_health":25,"opponent_health":20,"my_armor":0,"opponent_armor":0,"my_hand":4,"opponent_hand":3,"my_board":[{"card_name":"Rumbling Elemental","card_health":1,"card_attack":2},{"card_name":"Frigid Snobold","card_health":4,"card_attack":4},{"card_name":"Evil Heckler","card_health":4,"card_attack":5},{"card_name":"Tuskarr Totemic","card_health":2,"card_attack":5},{"card_name":"Flametongue Totem","card_health":3,"card_attack":0},{"card_name":"Stoneclaw Totem","card_health":2,"card_attack":0}],"opponent_board":[{"card_name":"Stranglethorn Tiger","card_health":5,"card_attack":5}]},{"turn":18,"cards_played":["Arch-Thief Rafaam"],"current_player":"opponent","my_health":25,"opponent_health":20,"my_armor":0,"opponent_armor":0,"my_hand":4,"opponent_hand":4,"my_board":[{"card_name":"Rumbling Elemental","card_health":1,"card_attack":2},{"card_name":"Frigid Snobold","card_health":4,"card_attack":4},{"card_name":"Tuskarr Totemic","card_health":2,"card_attack":5},{"card_name":"Flametongue Totem","card_health":3,"card_attack":0},{"card_name":"Stoneclaw Totem","card_health":2,"card_attack":0}],"opponent_board":[{"card_name":"Arch-Thief Rafaam","card_health":8,"card_attack":7}]},{"turn":19,"cards_played":["Hex","Whirling Zap-o-matic","Totemic Call"],"current_player":"me","my_health":25,"opponent_health":11,"my_armor":0,"opponent_armor":0,"my_hand":3,"opponent_hand":4,"my_board":[{"card_name":"Whirling Zap-o-matic","card_health":2,"card_attack":5},{"card_name":"Rumbling Elemental","card_health":1,"card_attack":2},{"card_name":"Frigid Snobold","card_health":4,"card_attack":4},{"card_name":"Tuskarr Totemic","card_health":2,"card_attack":3},{"card_name":"Flametongue Totem","card_health":3,"card_attack":0},{"card_name":"Stoneclaw Totem","card_health":2,"card_attack":0},{"card_name":"Searing Totem","card_health":1,"card_attack":1}],"opponent_board":[]},{"turn":20,"cards_played":["Cobra Shot","Steady Shot"],"current_player":"opponent","my_health":20,"opponent_health":11,"my_armor":0,"opponent_armor":0,"my_hand":3,"opponent_hand":4,"my_board":[{"card_name":"Rumbling Elemental","card_health":1,"card_attack":2},{"card_name":"Frigid Snobold","card_health":4,"card_attack":4},{"card_name":"Tuskarr Totemic","card_health":2,"card_attack":5},{"card_name":"Flametongue Totem","card_health":3,"card_attack":0},{"card_name":"Stoneclaw Totem","card_health":2,"card_attack":0},{"card_name":"Searing Totem","card_health":1,"card_attack":1}],"opponent_board":[]}],"result":"victory"}