{"plays":[{"turn":1,"cards_played":[],"current_player":"opponent","my_health":0,"opponent_health":0,"my_armor":0,"opponent_armor":0,"my_hand":1,"opponent_hand":0,"my_board":[],"opponent_board":[]},{"turn":2,"cards_played":["Leper Gnome"],"current_player":"opponent","my_health":30,"opponent_health":30,"my_armor":0,"opponent_armor":0,"my_hand":4,"opponent_hand":5,"my_board":[],"opponent_board":[{"card_name":"Leper Gnome","card_health":1,"card_attack":2}]},{"turn":3,"cards_played":["Totemic Call"],"current_player":"me","my_health":30,"opponent_health":30,"my_armor":0,"opponent_armor":0,"my_hand":5,"opponent_hand":5,"my_board":[{"card_name":"Wrath of Air Totem","card_health":2,"card_attack":0}],"opponent_board":[{"card_name":"Leper Gnome","card_health":1,"card_attack":2}]},{"turn":4,"cards_played":["Mad Scientist"],"current_player":"opponent","my_health":30,"opponent_health":30,"my_armor":0,"opponent_armor":0,"my_hand":5,"opponent_hand":5,"my_board":[],"opponent_board":[{"card_name":"Mad Scientist","card_health":2,"card_attack":2},{"card_name":"Leper Gnome","card_health":1,"card_attack":2}]},{"turn":5,"cards_played":["Mana Tide Totem"],"current_player":"me","my_health":30,"opponent_health":30,"my_armor":0,"opponent_armor":0,"my_hand":6,"opponent_hand":5,"my_board":[{"card_name":"Mana Tide Totem","card_health":3,"card_attack":0}],"opponent_board":[{"card_name":"Mad Scientist","card_health":2,"card_attack":2},{"card_name":"Leper Gnome","card_health":1,"card_attack":2}]},{"turn":6,"cards_played":["Glaivezooka","The Coin"],"current_player":"opponent","my_health":26,"opponent_health":30,"my_armor":0,"opponent_armor":0,"my_hand":6,"opponent_hand":3,"my_board":[],"opponent_board":[{"card_name":"Mad Scientist","card_health":2,"card_attack":2},{"card_name":"Leper Gnome","card_health":1,"card_attack":3}]},{"turn":7,"cards_played":["Earth Shock","Rockbiter Weapon","Totemic Call"],"current_player":"me","my_health":24,"opponent_health":30,"my_armor":0,"opponent_armor":0,"my_hand":5,"opponent_hand":3,"my_board":[{"card_name":"Wrath of Air Totem","card_health":2,"card_attack":0}],"opponent_board":[]},{"turn":8,"cards_played":["Knife Juggler","Haunted Creeper"],"current_player":"opponent","my_health":24,"opponent_health":30,"my_armor":0,"opponent_armor":0,"my_hand":5,"opponent_hand":2,"my_board":[],"opponent_board":[{"card_name":"Knife Juggler","card_health":2,"card_attack":3},{"card_name":"Haunted Creeper","card_health":2,"card_attack":1}]},{"turn":9,"cards_played":["Totemic Call","Hex"],"current_player":"me","my_health":23,"opponent_health":30,"my_armor":0,"opponent_armor":0,"my_hand":5,"opponent_hand":2,"my_board":[{"card_name":"Healing Totem","card_health":2,"card_attack":0}],"opponent_board":[{"card_name":"Knife Juggler","card_health":2,"card_attack":3},{"card_name":"Haunted Creeper","card_health":2,"card_attack":1},{"card_name":"Frog","card_health":1,"card_attack":0}]},{"turn":10,"cards_played":["Steady Shot"],"current_player":"opponent","my_health":18,"opponent_health":30,"my_armor":0,"opponent_armor":0,"my_hand":5,"opponent_hand":2,"my_board":[{"card_name":"Healing Totem","card_health":2,"card_attack":0}],"opponent_board":[{"card_name":"Knife Juggler","card_health":2,"card_attack":3},{"card_name":"Frog","card_health":1,"card_attack":0}]},{"turn":11,"cards_played":["Fire Elemental"],"current_player":"me","my_health":18,"opponent_health":30,"my_armor":0,"opponent_armor":0,"my_hand":5,"opponent_hand":2,"my_board":[{"card_name":"Fire Elemental","card_health":5,"card_attack":6},{"card_name":"Healing Totem","card_health":2,"card_attack":0}],"opponent_board":[{"card_name":"Frog","card_health":1,"card_attack":0}]},{"turn":12,"cards_played":["Flare","Haunted Creeper","Steady Shot"],"current_player":"opponent","my_health":16,"opponent_health":30,"my_armor":0,"opponent_armor":0,"my_hand":5,"opponent_hand":2,"my_board":[{"card_name":"Fire Elemental","card_health":5,"card_attack":6},{"card_name":"Healing Totem","card_health":2,"card_attack":0}],"opponent_board":[{"card_name":"Haunted Creeper","card_health":2,"card_attack":1},{"card_name":"Frog","card_health":1,"card_attack":0}]},{"turn":13,"cards_played":["Dr. Boom"],"current_player":"me","my_health":16,"opponent_health":30,"my_armor":0,"opponent_armor":0,"my_hand":5,"opponent_hand":2,"my_board":[{"card_name":"Fire Elemental","card_health":5,"card_attack":6},{"card_name":"Dr. Boom","card_health":7,"card_attack":7},{"card_name":"Healing Totem","card_health":2,"card_attack":0},{"card_name":"Boom Bot","card_health":1,"card_attack":1},{"card_name":"Boom Bot","card_health":1,"card_attack":1}],"opponent_board":[{"card_name":"Haunted Creeper","card_health":2,"card_attack":1},{"card_name":"Frog","card_health":1,"card_attack":0}]},{"turn":14,"cards_played":["Unleash the Hounds","Steady Shot"],"current_player":"opponent","my_health":8,"opponent_health":30,"my_armor":0,"opponent_armor":0,"my_hand":5,"opponent_hand":2,"my_board":[{"card_name":"Fire Elemental","card_health":5,"card_attack":6},{"card_name":"Dr. Boom","card_health":7,"card_attack":7},{"card_name":"Healing Totem","card_health":2,"card_attack":0},{"card_name":"Boom Bot","card_health":1,"card_attack":1},{"card_name":"Boom Bot","card_health":1,"card_attack":1}],"opponent_board":[{"card_name":"Haunted Creeper","card_health":2,"card_attack":1},{"card_name":"Frog","card_health":1,"card_attack":0},{"card_name":"Hound","card_health":1,"card_attack":1},{"card_name":"Hound","card_health":1,"card_attack":1},{"card_name":"Hound","card_health":1,"card_attack":1},{"card_name":"Hound","card_health":1,"card_attack":1},{"card_name":"Hound","card_health":1,"card_attack":1}]},{"turn":15,"cards_played":["Flametongue Totem","Fire Elemental"],"current_player":"me","my_health":8,"opponent_health":30,"my_armor":0,"opponent_armor":0,"my_hand":4,"opponent_hand":2,"my_board":[{"card_name":"Flametongue Totem","card_health":3,"card_attack":0},{"card_name":"Fire Elemental","card_health":4,"card_attack":6},{"card_name":"Dr. Boom","card_health":6,"card_attack":9},{"card_name":"Fire Elemental","card_health":5,"card_attack":6},{"card_name":"Healing Totem","card_health":1,"card_attack":2},{"card_name":"Boom Bot","card_health":1,"card_attack":1}],"opponent_board":[{"card_name":"Haunted Creeper","card_health":2,"card_attack":1}]},{"turn":16,"cards_played":["Animal Companion","Steady Shot","Arcane Golem"],"current_player":"opponent","my_health":1,"opponent_health":30,"my_armor":0,"opponent_armor":0,"my_hand":4,"opponent_hand":1,"my_board":[{"card_name":"Flametongue Totem","card_health":3,"card_attack":0},{"card_name":"Fire Elemental","card_health":5,"card_attack":6},{"card_name":"Dr. Boom","card_health":7,"card_attack":9},{"card_name":"Fire Elemental","card_health":5,"card_attack":6},{"card_name":"Healing Totem","card_health":2,"card_attack":2},{"card_name":"Boom Bot","card_health":1,"card_attack":1}],"opponent_board":[{"card_name":"Haunted Creeper","card_health":2,"card_attack":1},{"card_name":"Arcane Golem","card_health":2,"card_attack":4},{"card_name":"Misha","card_health":4,"card_attack":4}]},{"turn":17,"cards_played":["Bloodlust"],"current_player":"me","my_health":-1,"opponent_health":30,"my_armor":0,"opponent_armor":0,"my_hand":4,"opponent_hand":1,"my_board":[{"card_name":"Flametongue Totem","card_health":1,"card_attack":3},{"card_name":"Fire Elemental","card_health":3,"card_attack":11},{"card_name":"Dr. Boom","card_health":5,"card_attack":12},{"card_name":"Fire Elemental","card_health":3,"card_attack":9}],"opponent_board":[{"card_name":"Arcane Golem","card_health":2,"card_attack":4},{"card_name":"Spectral Spider","card_health":1,"card_attack":1},{"card_name":"Spectral Spider","card_health":1,"card_attack":1}]}],"result":"defeat"}