{"plays":[{"turn":1,"cards_played":[],"current_player":"opponent","my_health":0,"opponent_health":0,"my_armor":0,"opponent_armor":0,"my_hand":3,"opponent_hand":1,"my_board":[],"opponent_board":[]},{"turn":2,"cards_played":["Fiery Bat"],"current_player":"opponent","my_health":30,"opponent_health":30,"my_armor":0,"opponent_armor":0,"my_hand":4,"opponent_hand":5,"my_board":[],"opponent_board":[{"card_name":"Fiery Bat","card_health":1,"card_attack":2}]},{"turn":3,"cards_played":["Totem Golem"],"current_player":"me","my_health":30,"opponent_health":30,"my_armor":0,"opponent_armor":0,"my_hand":4,"opponent_hand":5,"my_board":[{"card_name":"Totem Golem","card_health":4,"card_attack":3}],"opponent_board":[{"card_name":"Fiery Bat","card_health":1,"card_attack":2}]},{"turn":4,"cards_played":["Knife Juggler"],"current_player":"opponent","my_health":28,"opponent_health":30,"my_armor":0,"opponent_armor":0,"my_hand":4,"opponent_hand":5,"my_board":[{"card_name":"Totem Golem","card_health":4,"card_attack":3}],"opponent_board":[{"card_name":"Knife Juggler","card_health":2,"card_attack":2},{"card_name":"Fiery Bat","card_health":1,"card_attack":2}]},{"turn":5,"cards_played":["Beckoner of Evil"],"current_player":"me","my_health":28,"opponent_health":30,"my_armor":0,"opponent_armor":0,"my_hand":4,"opponent_hand":5,"my_board":[{"card_name":"Totem Golem","card_health":2,"card_attack":3},{"card_name":"Beckoner of Evil","card_health":3,"card_attack":2}],"opponent_board":[{"card_name":"Fiery Bat","card_health":1,"card_attack":2}]},{"turn":6,"cards_played":["The Coin","Infested Wolf"],"current_player":"opponent","my_health":28,"opponent_health":30,"my_armor":0,"opponent_armor":0,"my_hand":4,"opponent_hand":4,"my_board":[{"card_name":"Beckoner of Evil","card_health":3,"card_attack":2}],"opponent_board":[{"card_name":"Infested Wolf","card_health":3,"card_attack":3}]},{"turn":7,"cards_played":["Rockbiter Weapon","Mana Tide Totem"],"current_player":"me","my_health":25,"opponent_health":30,"my_armor":0,"opponent_armor":0,"my_hand":4,"opponent_hand":4,"my_board":[{"card_name":"Mana Tide Totem","card_health":3,"card_attack":0},{"card_name":"Beckoner of Evil","card_health":1,"card_attack":2}],"opponent_board":[{"card_name":"Spider","card_health":1,"card_attack":1}]},{"turn":8,"cards_played":["Houndmaster"],"current_player":"opponent","my_health":25,"opponent_health":30,"my_armor":0,"opponent_armor":0,"my_hand":4,"opponent_hand":4,"my_board":[{"card_name":"Beckoner of Evil","card_health":1,"card_attack":2}],"opponent_board":[{"card_name":"Houndmaster","card_health":3,"card_attack":4},{"card_name":"Spider","card_health":3,"card_attack":3}]},{"turn":9,"cards_played":["Nerubian Prophet","Thing from Below"],"current_player":"me","my_health":25,"opponent_health":30,"my_armor":0,"opponent_armor":0,"my_hand":3,"opponent_hand":4,"my_board":[{"card_name":"Beckoner of Evil","card_health":1,"card_attack":2},{"card_name":"Thing from Below","card_health":5,"card_attack":5},{"card_name":"Nerubian Prophet","card_health":4,"card_attack":4}],"opponent_board":[{"card_name":"Houndmaster","card_health":3,"card_attack":4},{"card_name":"Spider","card_health":3,"card_attack":3}]},{"turn":10,"cards_played":["Unleash the Hounds"],"current_player":"opponent","my_health":21,"opponent_health":30,"my_armor":0,"opponent_armor":0,"my_hand":3,"opponent_hand":3,"my_board":[{"card_name":"Nerubian Prophet","card_health":4,"card_attack":4}],"opponent_board":[{"card_name":"Spider","card_health":3,"card_attack":3},{"card_name":"Hound","card_health":1,"card_attack":1}]},{"turn":11,"cards_played":["Tuskarr Totemic","Totemic Call","Rockbiter Weapon"],"current_player":"me","my_health":18,"opponent_health":30,"my_armor":0,"opponent_armor":0,"my_hand":3,"opponent_hand":3,"my_board":[{"card_name":"Tuskarr Totemic","card_health":2,"card_attack":3},{"card_name":"Searing Totem","card_health":1,"card_attack":1},{"card_name":"Wrath of Air Totem","card_health":2,"card_attack":0}],"opponent_board":[{"card_name":"Hound","card_health":1,"card_attack":1}]},{"turn":12,"cards_played":["Ram Wrangler","Abusive Sergeant"],"current_player":"opponent","my_health":18,"opponent_health":30,"my_armor":0,"opponent_armor":0,"my_hand":3,"opponent_hand":2,"my_board":[{"card_name":"Searing Totem","card_health":1,"card_attack":1},{"card_name":"Wrath of Air Totem","card_health":2,"card_attack":0}],"opponent_board":[{"card_name":"Ram Wrangler","card_health":3,"card_attack":3},{"card_name":"Abusive Sergeant","card_health":1,"card_attack":2},{"card_name":"Starving Buzzard","card_health":2,"card_attack":3}]},{"turn":13,"cards_played":["Beckoner of Evil","Totemic Call","Hex"],"current_player":"me","my_health":18,"opponent_health":30,"my_armor":0,"opponent_armor":0,"my_hand":2,"opponent_hand":2,"my_board":[{"card_name":"Beckoner of Evil","card_health":3,"card_attack":2},{"card_name":"Searing Totem","card_health":1,"card_attack":1},{"card_name":"Wrath of Air Totem","card_health":2,"card_attack":0},{"card_name":"Healing Totem","card_health":2,"card_attack":0}],"opponent_board":[{"card_name":"Ram Wrangler","card_health":3,"card_attack":3},{"card_name":"Abusive Sergeant","card_health":1,"card_attack":2}]},{"turn":14,"cards_played":["Animal Companion","Steady Shot"],"current_player":"opponent","my_health":10,"opponent_health":30,"my_armor":0,"opponent_armor":0,"my_hand":2,"opponent_hand":2,"my_board":[{"card_name":"Searing Totem","card_health":1,"card_attack":1},{"card_name":"Wrath of Air Totem","card_health":2,"card_attack":0},{"card_name":"Healing Totem","card_health":2,"card_attack":0}],"opponent_board":[{"card_name":"Ram Wrangler","card_health":1,"card_attack":3},{"card_name":"Abusive Sergeant","card_health":1,"card_attack":2},{"card_name":"Huffer","card_health":2,"card_attack":4}]},{"turn":15,"cards_played":["Twin Emperor Vek'lor"],"current_player":"me","my_health":10,"opponent_health":30,"my_armor":0,"opponent_armor":0,"my_hand":2,"opponent_hand":2,"my_board":[{"card_name":"Twin Emperor Vek'lor","card_health":6,"card_attack":4},{"card_name":"Wrath of Air Totem","card_health":2,"card_attack":0},{"card_name":"Healing Totem","card_health":2,"card_attack":0},{"card_name":"Twin Emperor Vek'nilash","card_health":6,"card_attack":4}],"opponent_board":[{"card_name":"Abusive Sergeant","card_health":1,"card_attack":2},{"card_name":"Huffer","card_health":2,"card_attack":4}]},{"turn":16,"cards_played":["Ram Wrangler","Steady Shot","Fiery Bat"],"current_player":"opponent","my_health":8,"opponent_health":30,"my_armor":0,"opponent_armor":0,"my_hand":2,"opponent_hand":1,"my_board":[{"card_name":"Wrath of Air Totem","card_health":2,"card_attack":0},{"card_name":"Healing Totem","card_health":2,"card_attack":0},{"card_name":"Twin Emperor Vek'nilash","card_health":6,"card_attack":4}],"opponent_board":[{"card_name":"Ram Wrangler","card_health":3,"card_attack":3},{"card_name":"Fiery Bat","card_health":1,"card_attack":2},{"card_name":"Young Dragonhawk","card_health":1,"card_attack":1}]},{"turn":17,"cards_played":["Tuskarr Totemic","Totemic Call","Flametongue Totem"],"current_player":"me","my_health":8,"opponent_health":30,"my_armor":0,"opponent_armor":0,"my_hand":1,"opponent_hand":1,"my_board":[{"card_name":"Flametongue Totem","card_health":2,"card_attack":0},{"card_name":"Tuskarr Totemic","card_health":2,"card_attack":3},{"card_name":"Healing Totem","card_health":1,"card_attack":2},{"card_name":"Twin Emperor Vek'nilash","card_health":3,"card_attack":4},{"card_name":"Stoneclaw Totem","card_health":2,"card_attack":2},{"card_name":"Searing Totem","card_health":1,"card_attack":1}],"opponent_board":[]},{"turn":18,"cards_played":["Call of the Wild"],"current_player":"opponent","my_health":8,"opponent_health":30,"my_armor":0,"opponent_armor":0,"my_hand":1,"opponent_hand":1,"my_board":[{"card_name":"Flametongue Totem","card_health":3,"card_attack":0},{"card_name":"Tuskarr Totemic","card_health":2,"card_attack":3},{"card_name":"Healing Totem","card_health":2,"card_attack":2},{"card_name":"Stoneclaw Totem","card_health":2,"card_attack":2},{"card_name":"Searing Totem","card_health":1,"card_attack":1}],"opponent_board":[{"card_name":"Leokk","card_health":4,"card_attack":2},{"card_name":"Misha","card_health":4,"card_attack":5}]},{"turn":19,"cards_played":["Totemic Call","Nerubian Prophet","Tunnel Trogg"],"current_player":"me","my_health":8,"opponent_health":27,"my_armor":0,"opponent_armor":0,"my_hand":0,"opponent_hand":1,"my_board":[{"card_name":"Flametongue Totem","card_health":3,"card_attack":0},{"card_name":"Nerubian Prophet","card_health":4,"card_attack":6},{"card_name":"Tunnel Trogg","card_health":3,"card_attack":1},{"card_name":"Searing Totem","card_health":1,"card_attack":3},{"card_name":"Wrath of Air Totem","card_health":2,"card_attack":0}],"opponent_board":[]},{"turn":20,"cards_played":["Steady Shot"],"current_player":"opponent","my_health":6,"opponent_health":27,"my_armor":0,"opponent_armor":0,"my_hand":0,"opponent_hand":1,"my_board":[{"card_name":"Flametongue Totem","card_health":3,"card_attack":0},{"card_name":"Nerubian Prophet","card_health":4,"card_attack":6},{"card_name":"Tunnel Trogg","card_health":3,"card_attack":1},{"card_name":"Searing Totem","card_health":1,"card_attack":3},{"card_name":"Wrath of Air Totem","card_health":2,"card_attack":0}],"opponent_board":[]},{"turn":21,"cards_played":["Totemic Call","Master of Evolution","Searing Totem"],"current_player":"me","my_health":6,"opponent_health":18,"my_armor":0,"opponent_armor":0,"my_hand":0,"opponent_hand":1,"my_board":[{"card_name":"Flametongue Totem","card_health":3,"card_attack":0},{"card_name":"Master of Evolution","card_health":5,"card_attack":4},{"card_name":"Tunnel Trogg","card_health":3,"card_attack":1},{"card_name":"Searing Totem","card_health":1,"card_attack":1},{"card_name":"Wrath of Air Totem","card_health":2,"card_attack":2},{"card_name":"Healing Totem","card_health":2,"card_attack":0},{"card_name":"Ravenholdt Assassin","card_health":5,"card_attack":9}],"opponent_board":[]},{"turn":22,"cards_played":["Steady Shot"],"current_player":"opponent","my_health":4,"opponent_health":18,"my_armor":0,"opponent_armor":0,"my_hand":0,"opponent_hand":2,"my_board":[{"card_name":"Flametongue Totem","card_health":3,"card_attack":0},{"card_name":"Master of Evolution","card_health":5,"card_attack":4},{"card_name":"Tunnel Trogg","card_health":3,"card_attack":1},{"card_name":"Searing Totem","card_health":1,"card_attack":3},{"card_name":"Wrath of Air Totem","card_health":2,"card_attack":0},{"card_name":"Healing Totem","card_health":2,"card_attack":0},{"card_name":"Ravenholdt Assassin","card_health":5,"card_attack":9}],"opponent_board":[]},{"turn":23,"cards_played":[],"current_player":"me","my_health":4,"opponent_health":1,"my_armor":0,"opponent_armor":0,"my_hand":1,"opponent_hand":2,"my_board":[{"card_name":"Flametongue Totem","card_health":3,"card_attack":0},{"card_name":"Master of Evolution","card_health":5,"card_attack":4},{"card_name":"Tunnel Trogg","card_health":3,"card_attack":1},{"card_name":"Searing Totem","card_health":1,"card_attack":3},{"card_name":"Wrath of Air Totem","card_health":2,"card_attack":0},{"card_name":"Healing Totem","card_health":2,"card_attack":0},{"card_name":"Ravenholdt Assassin","card_health":5,"card_attack":9}],"opponent_board":[]},{"turn":24,"cards_played":["Kill Command","Steady Shot"],"current_player":"opponent","my_health":-1,"opponent_health":1,"my_armor":0,"opponent_armor":0,"my_hand":1,"opponent_hand":2,"my_board":[{"card_name":"Flametongue Totem","card_health":3,"card_attack":0},{"card_name":"Master of Evolution","card_health":5,"card_attack":4},{"card_name":"Tunnel Trogg","card_health":3,"card_attack":1},{"card_name":"Searing Totem","card_health":1,"card_attack":3},{"card_name":"Wrath of Air Totem","card_health":2,"card_attack":0},{"card_name":"Healing Totem","card_health":2,"card_attack":0},{"card_name":"Ravenholdt Assassin","card_health":5,"card_attack":9}],"opponent_board":[]}],"result":"defeat"}