{"plays":[{"turn":1,"cards_played":[],"current_player":"me","my_health":0,"opponent_health":0,"my_armor":0,"opponent_armor":0,"my_hand":0,"opponent_hand":1,"my_board":[],"opponent_board":[]},{"turn":2,"cards_played":[],"current_player":"opponent","my_health":30,"opponent_health":30,"my_armor":0,"opponent_armor":0,"my_hand":4,"opponent_hand":6,"my_board":[],"opponent_board":[]},{"turn":3,"cards_played":["Life Tap"],"current_player":"me","my_health":28,"opponent_health":30,"my_armor":0,"opponent_armor":0,"my_hand":6,"opponent_hand":6,"my_board":[],"opponent_board":[]},{"turn":4,"cards_played":["Life Tap"],"current_player":"opponent","my_health":28,"opponent_health":28,"my_armor":0,"opponent_armor":0,"my_hand":6,"opponent_hand":8,"my_board":[],"opponent_board":[]},{"turn":5,"cards_played":["Life Tap"],"current_player":"me","my_health":26,"opponent_health":28,"my_armor":0,"opponent_armor":0,"my_hand":8,"opponent_hand":8,"my_board":[],"opponent_board":[]},{"turn":6,"cards_played":[],"current_player":"opponent","my_health":26,"opponent_health":28,"my_armor":0,"opponent_armor":0,"my_hand":8,"opponent_hand":9,"my_board":[],"opponent_board":[]},{"turn":7,"cards_played":["Mountain Giant"],"current_player":"me","my_health":26,"opponent_health":28,"my_armor":0,"opponent_armor":0,"my_hand":8,"opponent_hand":9,"my_board":[{"card_name":"Mountain Giant","card_health":8,"card_attack":8}],"opponent_board":[]},{"turn":8,"cards_played":["Mountain Giant"],"current_player":"opponent","my_health":26,"opponent_health":28,"my_armor":0,"opponent_armor":0,"my_hand":8,"opponent_hand":9,"my_board":[{"card_name":"Mountain Giant","card_health":8,"card_attack":8}],"opponent_board":[{"card_name":"Mountain Giant","card_health":8,"card_attack":8}]},{"turn":9,"cards_played":["Twilight Drake"],"current_player":"me","my_health":26,"opponent_health":28,"my_armor":0,"opponent_armor":0,"my_hand":8,"opponent_hand":9,"my_board":[{"card_name":"Twilight Drake","card_health":1,"card_attack":4}],"opponent_board":[]},{"turn":10,"cards_played":["Sludge Belcher"],"current_player":"opponent","my_health":26,"opponent_health":28,"my_armor":0,"opponent_armor":0,"my_hand":8,"opponent_hand":9,"my_board":[{"card_name":"Twilight Drake","card_health":9,"card_attack":4}],"opponent_board":[{"card_name":"Sludge Belcher","card_health":5,"card_attack":3}]},{"turn":11,"cards_played":["Mortal Coil","Twilight Drake"],"current_player":"me","my_health":26,"opponent_health":28,"my_armor":0,"opponent_armor":0,"my_hand":8,"opponent_hand":9,"my_board":[{"card_name":"Twilight Drake","card_health":1,"card_attack":4},{"card_name":"Twilight Drake","card_health":6,"card_attack":4}],"opponent_board":[{"card_name":"Slime","card_health":2,"card_attack":1}]},{"turn":12,"cards_played":["Darkbomb","The Coin","Bane of Doom"],"current_player":"opponent","my_health":26,"opponent_health":28,"my_armor":0,"opponent_armor":0,"my_hand":8,"opponent_hand":7,"my_board":[{"card_name":"Twilight Drake","card_health":9,"card_attack":4}],"opponent_board":[{"card_name":"Lord Jaraxxus","card_health":15,"card_attack":3}]},{"turn":13,"cards_played":["Dr. Boom"],"current_player":"me","my_health":26,"opponent_health":24,"my_armor":0,"opponent_armor":0,"my_hand":8,"opponent_hand":7,"my_board":[{"card_name":"Dr. Boom","card_health":7,"card_attack":7},{"card_name":"Twilight Drake","card_health":9,"card_attack":4},{"card_name":"Boom Bot","card_health":1,"card_attack":1},{"card_name":"Boom Bot","card_health":1,"card_attack":1}],"opponent_board":[{"card_name":"Lord Jaraxxus","card_health":15,"card_attack":3}]},{"turn":14,"cards_played":["Life Tap","Big Game Hunter"],"current_player":"opponent","my_health":26,"opponent_health":22,"my_armor":0,"opponent_armor":0,"my_hand":8,"opponent_hand":8,"my_board":[{"card_name":"Twilight Drake","card_health":9,"card_attack":4},{"card_name":"Boom Bot","card_health":1,"card_attack":1}],"opponent_board":[{"card_name":"Big Game Hunter","card_health":2,"card_attack":4},{"card_name":"Lord Jaraxxus","card_health":14,"card_attack":3}]},{"turn":15,"cards_played":["Mortal Coil","Life Tap","Sludge Belcher"],"current_player":"me","my_health":24,"opponent_health":19,"my_armor":0,"opponent_armor":0,"my_hand":9,"opponent_hand":8,"my_board":[{"card_name":"Sludge Belcher","card_health":5,"card_attack":3},{"card_name":"Twilight Drake","card_health":6,"card_attack":4}],"opponent_board":[{"card_name":"Lord Jaraxxus","card_health":8,"card_attack":3}]},{"turn":16,"cards_played":["Emperor Thaurissan","Life Tap"],"current_player":"opponent","my_health":24,"opponent_health":17,"my_armor":0,"opponent_armor":0,"my_hand":9,"opponent_hand":9,"my_board":[{"card_name":"Sludge Belcher","card_health":5,"card_attack":3},{"card_name":"Twilight Drake","card_health":6,"card_attack":4}],"opponent_board":[{"card_name":"Emperor Thaurissan","card_health":5,"card_attack":5},{"card_name":"Lord Jaraxxus","card_health":8,"card_attack":3}]},{"turn":17,"cards_played":["Defender of Argus","Life Tap","Earthen Ring Farseer"],"current_player":"me","my_health":22,"opponent_health":17,"my_armor":0,"opponent_armor":0,"my_hand":9,"opponent_hand":9,"my_board":[{"card_name":"Earthen Ring Farseer","card_health":3,"card_attack":3},{"card_name":"Sludge Belcher","card_health":6,"card_attack":4},{"card_name":"Twilight Drake","card_health":2,"card_attack":5},{"card_name":"Defender of Argus","card_health":3,"card_attack":2}],"opponent_board":[{"card_name":"Lord Jaraxxus","card_health":8,"card_attack":3}]},{"turn":18,"cards_played":["Hellfire","Imp-losion","Molten Giant"],"current_player":"opponent","my_health":19,"opponent_health":14,"my_armor":0,"opponent_armor":0,"my_hand":9,"opponent_hand":7,"my_board":[{"card_name":"Slime","card_health":2,"card_attack":1}],"opponent_board":[{"card_name":"Molten Giant","card_health":8,"card_attack":8},{"card_name":"Lord Jaraxxus","card_health":1,"card_attack":3},{"card_name":"Imp","card_health":1,"card_attack":1},{"card_name":"Imp","card_health":1,"card_attack":1},{"card_name":"Imp","card_health":1,"card_attack":1},{"card_name":"Imp","card_health":1,"card_attack":1}]},{"turn":19,"cards_played":["Mountain Giant","Ancient Watcher","Sunfury Protector","Life Tap"],"current_player":"me","my_health":17,"opponent_health":14,"my_armor":0,"opponent_armor":0,"my_hand":8,"opponent_hand":7,"my_board":[{"card_name":"Ancient Watcher","card_health":5,"card_attack":4},{"card_name":"Mountain Giant","card_health":8,"card_attack":8},{"card_name":"Sunfury Protector","card_health":3,"card_attack":2}],"opponent_board":[{"card_name":"Molten Giant","card_health":8,"card_attack":8},{"card_name":"Imp","card_health":1,"card_attack":1},{"card_name":"Imp","card_health":1,"card_attack":1},{"card_name":"Imp","card_health":1,"card_attack":1},{"card_name":"Imp","card_health":1,"card_attack":1}]},{"turn":20,"cards_played":["Defender of Argus","Dr. Boom"],"current_player":"opponent","my_health":17,"opponent_health":14,"my_armor":0,"opponent_armor":0,"my_hand":8,"opponent_hand":6,"my_board":[{"card_name":"Sunfury Protector","card_health":3,"card_attack":2}],"opponent_board":[{"card_name":"Dr. Boom","card_health":7,"card_attack":7},{"card_name":"Defender of Argus","card_health":3,"card_attack":2},{"card_name":"Molten Giant","card_health":1,"card_attack":9},{"card_name":"Boom Bot","card_health":1,"card_attack":1},{"card_name":"Boom Bot","card_health":1,"card_attack":1}]},{"turn":21,"cards_played":["Life Tap","Big Game Hunter","Molten Giant"],"current_player":"me","my_health":15,"opponent_health":14,"my_armor":0,"opponent_armor":0,"my_hand":8,"opponent_hand":6,"my_board":[{"card_name":"Molten Giant","card_health":8,"card_attack":8},{"card_name":"Big Game Hunter","card_health":2,"card_attack":4}],"opponent_board":[{"card_name":"Defender of Argus","card_health":3,"card_attack":2},{"card_name":"Boom Bot","card_health":1,"card_attack":1},{"card_name":"Boom Bot","card_health":1,"card_attack":1}]},{"turn":22,"cards_played":["Loatheb","Power Overwhelming","Shadowflame","Dark Peddler","Blood Imp"],"current_player":"opponent","my_health":11,"opponent_health":14,"my_armor":0,"opponent_armor":0,"my_hand":8,"opponent_hand":3,"my_board":[],"opponent_board":[{"card_name":"Defender of Argus","card_health":3,"card_attack":2},{"card_name":"Dark Peddler","card_health":2,"card_attack":2},{"card_name":"Boom Bot","card_health":1,"card_attack":1},{"card_name":"Boom Bot","card_health":1,"card_attack":1},{"card_name":"Blood Imp","card_health":1,"card_attack":0}]},{"turn":23,"cards_played":["Brann Bronzebeard","Life Tap","Antique Healbot"],"current_player":"me","my_health":9,"opponent_health":14,"my_armor":0,"opponent_armor":0,"my_hand":8,"opponent_hand":3,"my_board":[{"card_name":"Antique Healbot","card_health":3,"card_attack":3},{"card_name":"Brann Bronzebeard","card_health":4,"card_attack":2}],"opponent_board":[{"card_name":"Defender of Argus","card_health":3,"card_attack":2},{"card_name":"Dark Peddler","card_health":3,"card_attack":2},{"card_name":"Boom Bot","card_health":1,"card_attack":1},{"card_name":"Boom Bot","card_health":1,"card_attack":1},{"card_name":"Blood Imp","card_health":1,"card_attack":0}]},{"turn":24,"cards_played":["Life Tap","Piloted Shredder"],"current_player":"opponent","my_health":23,"opponent_health":12,"my_armor":0,"opponent_armor":0,"my_hand":8,"opponent_hand":4,"my_board":[],"opponent_board":[{"card_name":"Piloted Shredder","card_health":3,"card_attack":4},{"card_name":"Dark Peddler","card_health":1,"card_attack":2},{"card_name":"Blood Imp","card_health":1,"card_attack":0}]},{"turn":25,"cards_played":["Lord Jaraxxus"],"current_player":"me","my_health":13,"opponent_health":12,"my_armor":0,"opponent_armor":0,"my_hand":8,"opponent_hand":4,"my_board":[{"card_name":"Lord Jaraxxus","card_health":13,"card_attack":3}],"opponent_board":[{"card_name":"Piloted Shredder","card_health":3,"card_attack":4},{"card_name":"Blood Imp","card_health":1,"card_attack":0}]},{"turn":26,"cards_played":["Lord Jaraxxus","INFERNO!"],"current_player":"opponent","my_health":6,"opponent_health":15,"my_armor":0,"opponent_armor":0,"my_hand":8,"opponent_hand":4,"my_board":[{"card_name":"Lord Jaraxxus","card_health":6,"card_attack":0}],"opponent_board":[{"card_name":"Piloted Shredder","card_health":3,"card_attack":4},{"card_name":"Blood Imp","card_health":1,"card_attack":0},{"card_name":"Lord Jaraxxus","card_health":15,"card_attack":3},{"card_name":"Infernal","card_health":6,"card_attack":6}]},{"turn":27,"cards_played":["INFERNO!","Antique Healbot","Sunfury Protector"],"current_player":"me","my_health":14,"opponent_health":12,"my_armor":0,"opponent_armor":0,"my_hand":7,"opponent_hand":4,"my_board":[{"card_name":"Sunfury Protector","card_health":3,"card_attack":2},{"card_name":"Antique Healbot","card_health":3,"card_attack":3},{"card_name":"Lord Jaraxxus","card_health":14,"card_attack":3},{"card_name":"Infernal","card_health":6,"card_attack":6}],"opponent_board":[{"card_name":"Piloted Shredder","card_health":4,"card_attack":4},{"card_name":"Blood Imp","card_health":1,"card_attack":0},{"card_name":"Lord Jaraxxus","card_health":12,"card_attack":0},{"card_name":"Infernal","card_health":6,"card_attack":6}]},{"turn":28,"cards_played":["INFERNO!","Antique Healbot"],"current_player":"opponent","my_health":14,"opponent_health":15,"my_armor":0,"opponent_armor":0,"my_hand":7,"opponent_hand":4,"my_board":[{"card_name":"Lord Jaraxxus","card_health":14,"card_attack":0}],"opponent_board":[{"card_name":"Antique Healbot","card_health":3,"card_attack":3},{"card_name":"Piloted Shredder","card_health":1,"card_attack":4},{"card_name":"Blood Imp","card_health":1,"card_attack":0},{"card_name":"Lord Jaraxxus","card_health":15,"card_attack":3},{"card_name":"Infernal","card_health":6,"card_attack":6}]},{"turn":29,"cards_played":["Hellfire","INFERNO!","Shadowflame"],"current_player":"me","my_health":11,"opponent_health":9,"my_armor":0,"opponent_armor":0,"my_hand":6,"opponent_hand":4,"my_board":[{"card_name":"Lord Jaraxxus","card_health":11,"card_attack":3}],"opponent_board":[{"card_name":"Lord Jaraxxus","card_health":9,"card_attack":0},{"card_name":"Spectral Spider","card_health":1,"card_attack":1},{"card_name":"Spectral Spider","card_health":1,"card_attack":1}]},{"turn":30,"cards_played":["INFERNO!","Antique Healbot"],"current_player":"opponent","my_health":6,"opponent_health":15,"my_armor":0,"opponent_armor":0,"my_hand":6,"opponent_hand":4,"my_board":[{"card_name":"Lord Jaraxxus","card_health":6,"card_attack":0}],"opponent_board":[{"card_name":"Antique Healbot","card_health":3,"card_attack":3},{"card_name":"Lord Jaraxxus","card_health":15,"card_attack":3},{"card_name":"Spectral Spider","card_health":1,"card_attack":1},{"card_name":"Spectral Spider","card_health":1,"card_attack":1},{"card_name":"Infernal","card_health":6,"card_attack":6}]},{"turn":31,"cards_played":["Hellfire","INFERNO!","Defender of Argus"],"current_player":"me","my_health":3,"opponent_health":9,"my_armor":0,"opponent_armor":0,"my_hand":5,"opponent_hand":4,"my_board":[{"card_name":"Defender of Argus","card_health":3,"card_attack":2},{"card_name":"Lord Jaraxxus","card_health":3,"card_attack":3},{"card_name":"Infernal","card_health":7,"card_attack":7}],"opponent_board":[{"card_name":"Lord Jaraxxus","card_health":9,"card_attack":0},{"card_name":"Infernal","card_health":3,"card_attack":6}]},{"turn":32,"cards_played":["Mortal Coil"],"current_player":"opponent","my_health":3,"opponent_health":9,"my_armor":0,"opponent_armor":0,"my_hand":5,"opponent_hand":5,"my_board":[{"card_name":"Defender of Argus","card_health":3,"card_attack":2},{"card_name":"Lord Jaraxxus","card_health":3,"card_attack":0}],"opponent_board":[{"card_name":"Lord Jaraxxus","card_health":9,"card_attack":3}]}],"result":"defeat"}