{"plays":[{"turn":1,"cards_played":[],"current_player":"opponent","my_health":0,"opponent_health":0,"my_armor":0,"opponent_armor":0,"my_hand":1,"opponent_hand":0,"my_board":[],"opponent_board":[]},{"turn":2,"cards_played":[],"current_player":"opponent","my_health":30,"opponent_health":30,"my_armor":0,"opponent_armor":0,"my_hand":4,"opponent_hand":6,"my_board":[],"opponent_board":[]},{"turn":3,"cards_played":["Life Tap"],"current_player":"me","my_health":28,"opponent_health":30,"my_armor":0,"opponent_armor":0,"my_hand":6,"opponent_hand":6,"my_board":[],"opponent_board":[]},{"turn":4,"cards_played":["Armor Up!"],"current_player":"opponent","my_health":28,"opponent_health":30,"my_armor":0,"opponent_armor":2,"my_hand":6,"opponent_hand":7,"my_board":[],"opponent_board":[]},{"turn":5,"cards_played":["Imp Gang Boss"],"current_player":"me","my_health":28,"opponent_health":30,"my_armor":0,"opponent_armor":2,"my_hand":6,"opponent_hand":7,"my_board":[{"card_name":"Imp Gang Boss","card_health":4,"card_attack":2}],"opponent_board":[]},{"turn":6,"cards_played":["Acolyte of Pain"],"current_player":"opponent","my_health":28,"opponent_health":30,"my_armor":0,"opponent_armor":2,"my_hand":6,"opponent_hand":7,"my_board":[{"card_name":"Imp Gang Boss","card_health":4,"card_attack":2}],"opponent_board":[{"card_name":"Acolyte of Pain","card_health":3,"card_attack":1}]},{"turn":7,"cards_played":["Twilight Drake"],"current_player":"me","my_health":28,"opponent_health":30,"my_armor":0,"opponent_armor":0,"my_hand":6,"opponent_hand":7,"my_board":[{"card_name":"Twilight Drake","card_health":7,"card_attack":4},{"card_name":"Imp Gang Boss","card_health":4,"card_attack":2}],"opponent_board":[{"card_name":"Acolyte of Pain","card_health":3,"card_attack":1}]},{"turn":8,"cards_played":["Cruel Taskmaster","Armorsmith","The Coin","Execute"],"current_player":"opponent","my_health":28,"opponent_health":30,"my_armor":0,"opponent_armor":1,"my_hand":6,"opponent_hand":6,"my_board":[{"card_name":"Imp Gang Boss","card_health":4,"card_attack":2}],"opponent_board":[{"card_name":"Armorsmith","card_health":4,"card_attack":1},{"card_name":"Cruel Taskmaster","card_health":2,"card_attack":2}]},{"turn":9,"cards_played":["Imp-losion"],"current_player":"me","my_health":28,"opponent_health":30,"my_armor":0,"opponent_armor":2,"my_hand":6,"opponent_hand":6,"my_board":[{"card_name":"Imp Gang Boss","card_health":2,"card_attack":2},{"card_name":"Imp","card_health":1,"card_attack":1},{"card_name":"Imp","card_health":1,"card_attack":1},{"card_name":"Imp","card_health":1,"card_attack":1},{"card_name":"Imp","card_health":1,"card_attack":1},{"card_name":"Imp","card_health":1,"card_attack":1}],"opponent_board":[]},{"turn":10,"cards_played":["Shield Block","Armor Up!"],"current_player":"opponent","my_health":28,"opponent_health":30,"my_armor":0,"opponent_armor":9,"my_hand":6,"opponent_hand":7,"my_board":[{"card_name":"Imp Gang Boss","card_health":2,"card_attack":2},{"card_name":"Imp","card_health":1,"card_attack":1},{"card_name":"Imp","card_health":1,"card_attack":1},{"card_name":"Imp","card_health":1,"card_attack":1},{"card_name":"Imp","card_health":1,"card_attack":1},{"card_name":"Imp","card_health":1,"card_attack":1}],"opponent_board":[]},{"turn":11,"cards_played":["Life Tap","Zombie Chow"],"current_player":"me","my_health":26,"opponent_health":30,"my_armor":0,"opponent_armor":2,"my_hand":7,"opponent_hand":7,"my_board":[{"card_name":"Imp Gang Boss","card_health":2,"card_attack":2},{"card_name":"Zombie Chow","card_health":3,"card_attack":2},{"card_name":"Imp","card_health":1,"card_attack":1},{"card_name":"Imp","card_health":1,"card_attack":1},{"card_name":"Imp","card_health":1,"card_attack":1},{"card_name":"Imp","card_health":1,"card_attack":1},{"card_name":"Imp","card_health":1,"card_attack":1}],"opponent_board":[]},{"turn":12,"cards_played":["Emperor Thaurissan"],"current_player":"opponent","my_health":26,"opponent_health":30,"my_armor":0,"opponent_armor":2,"my_hand":7,"opponent_hand":7,"my_board":[{"card_name":"Imp Gang Boss","card_health":2,"card_attack":2},{"card_name":"Zombie Chow","card_health":3,"card_attack":2},{"card_name":"Imp","card_health":1,"card_attack":1},{"card_name":"Imp","card_health":1,"card_attack":1},{"card_name":"Imp","card_health":1,"card_attack":1},{"card_name":"Imp","card_health":1,"card_attack":1},{"card_name":"Imp","card_health":1,"card_attack":1}],"opponent_board":[{"card_name":"Emperor Thaurissan","card_health":5,"card_attack":5}]},{"turn":13,"cards_played":["Life Tap","Sludge Belcher"],"current_player":"me","my_health":24,"opponent_health":28,"my_armor":0,"opponent_armor":0,"my_hand":8,"opponent_hand":7,"my_board":[{"card_name":"Imp Gang Boss","card_health":2,"card_attack":2},{"card_name":"Sludge Belcher","card_health":5,"card_attack":3},{"card_name":"Imp","card_health":1,"card_attack":1},{"card_name":"Imp","card_health":1,"card_attack":1}],"opponent_board":[]},{"turn":14,"cards_played":["Dr. Boom"],"current_player":"opponent","my_health":24,"opponent_health":28,"my_armor":0,"opponent_armor":0,"my_hand":8,"opponent_hand":7,"my_board":[{"card_name":"Imp Gang Boss","card_health":2,"card_attack":2},{"card_name":"Sludge Belcher","card_health":5,"card_attack":3},{"card_name":"Imp","card_health":1,"card_attack":1},{"card_name":"Imp","card_health":1,"card_attack":1}],"opponent_board":[{"card_name":"Dr. Boom","card_health":7,"card_attack":7},{"card_name":"Boom Bot","card_health":1,"card_attack":1},{"card_name":"Boom Bot","card_health":1,"card_attack":1}]},{"turn":15,"cards_played":["Big Game Hunter","Life Tap"],"current_player":"me","my_health":17,"opponent_health":23,"my_armor":0,"opponent_armor":0,"my_hand":9,"opponent_hand":7,"my_board":[{"card_name":"Imp Gang Boss","card_health":2,"card_attack":2},{"card_name":"Sludge Belcher","card_health":5,"card_attack":3},{"card_name":"Big Game Hunter","card_health":2,"card_attack":4}],"opponent_board":[]},{"turn":16,"cards_played":["Shieldmaiden","Armor Up!"],"current_player":"opponent","my_health":17,"opponent_health":23,"my_armor":0,"opponent_armor":7,"my_hand":9,"opponent_hand":7,"my_board":[{"card_name":"Imp Gang Boss","card_health":2,"card_attack":2},{"card_name":"Sludge Belcher","card_health":5,"card_attack":3},{"card_name":"Big Game Hunter","card_health":2,"card_attack":4}],"opponent_board":[{"card_name":"Shieldmaiden","card_health":5,"card_attack":5}]},{"turn":17,"cards_played":["Mortal Coil","Emperor Thaurissan"],"current_player":"me","my_health":17,"opponent_health":23,"my_armor":0,"opponent_armor":2,"my_hand":9,"opponent_hand":7,"my_board":[{"card_name":"Imp Gang Boss","card_health":2,"card_attack":2},{"card_name":"Sludge Belcher","card_health":5,"card_attack":3},{"card_name":"Emperor Thaurissan","card_health":5,"card_attack":5}],"opponent_board":[]},{"turn":18,"cards_played":["Shieldmaiden","Shield Slam","Armor Up!"],"current_player":"opponent","my_health":17,"opponent_health":23,"my_armor":0,"opponent_armor":9,"my_hand":9,"opponent_hand":6,"my_board":[{"card_name":"Imp Gang Boss","card_health":2,"card_attack":2},{"card_name":"Sludge Belcher","card_health":5,"card_attack":3}],"opponent_board":[{"card_name":"Shieldmaiden","card_health":5,"card_attack":5}]},{"turn":19,"cards_played":["Stalagg"],"current_player":"me","my_health":17,"opponent_health":23,"my_armor":0,"opponent_armor":9,"my_hand":9,"opponent_hand":6,"my_board":[{"card_name":"Stalagg","card_health":4,"card_attack":7},{"card_name":"Slime","card_health":2,"card_attack":1},{"card_name":"Imp","card_health":1,"card_attack":1}],"opponent_board":[]},{"turn":20,"cards_played":["Fiery War Axe","Big Game Hunter","Sludge Belcher","Armor Up!"],"current_player":"opponent","my_health":17,"opponent_health":23,"my_armor":0,"opponent_armor":10,"my_hand":9,"opponent_hand":4,"my_board":[{"card_name":"Imp","card_health":1,"card_attack":1}],"opponent_board":[{"card_name":"Sludge Belcher","card_health":5,"card_attack":3},{"card_name":"Big Game Hunter","card_health":2,"card_attack":4}]},{"turn":21,"cards_played":["Feugen","Shadowflame"],"current_player":"me","my_health":17,"opponent_health":23,"my_armor":0,"opponent_armor":10,"my_hand":8,"opponent_hand":4,"my_board":[{"card_name":"Thaddius","card_health":11,"card_attack":11}],"opponent_board":[{"card_name":"Slime","card_health":2,"card_attack":1}]},{"turn":22,"cards_played":["Sylvanas Windrunner","Acolyte of Pain"],"current_player":"opponent","my_health":13,"opponent_health":23,"my_armor":0,"opponent_armor":10,"my_hand":8,"opponent_hand":3,"my_board":[{"card_name":"Thaddius","card_health":11,"card_attack":11}],"opponent_board":[{"card_name":"Acolyte of Pain","card_health":3,"card_attack":1},{"card_name":"Sylvanas Windrunner","card_health":5,"card_attack":5},{"card_name":"Slime","card_health":2,"card_attack":1}]},{"turn":23,"cards_played":["Reno Jackson"],"current_player":"me","my_health":13,"opponent_health":23,"my_armor":0,"opponent_armor":10,"my_hand":8,"opponent_hand":3,"my_board":[{"card_name":"Reno Jackson","card_health":6,"card_attack":4},{"card_name":"Thaddius","card_health":10,"card_attack":11}],"opponent_board":[{"card_name":"Acolyte of Pain","card_health":3,"card_attack":1},{"card_name":"Sylvanas Windrunner","card_health":5,"card_attack":5}]},{"turn":24,"cards_played":["Alexstrasza","Fiery War Axe"],"current_player":"opponent","my_health":6,"opponent_health":23,"my_armor":0,"opponent_armor":10,"my_hand":8,"opponent_hand":2,"my_board":[{"card_name":"Reno Jackson","card_health":6,"card_attack":4},{"card_name":"Thaddius","card_health":10,"card_attack":11}],"opponent_board":[{"card_name":"Alexstrasza","card_health":8,"card_attack":8},{"card_name":"Acolyte of Pain","card_health":3,"card_attack":1},{"card_name":"Sylvanas Windrunner","card_health":5,"card_attack":5}]},{"turn":25,"cards_played":["Hellfire","Brann Bronzebeard","Refreshment Vendor","Acidic Swamp Ooze"],"current_player":"me","my_health":11,"opponent_health":30,"my_armor":0,"opponent_armor":7,"my_hand":5,"opponent_hand":3,"my_board":[{"card_name":"Brann Bronzebeard","card_health":4,"card_attack":2},{"card_name":"Acidic Swamp Ooze","card_health":2,"card_attack":3},{"card_name":"Refreshment Vendor","card_health":5,"card_attack":3}],"opponent_board":[]},{"turn":26,"cards_played":["Shield Block","Death's Bite","Armor Up!"],"current_player":"opponent","my_health":7,"opponent_health":30,"my_armor":0,"opponent_armor":14,"my_hand":5,"opponent_hand":3,"my_board":[{"card_name":"Brann Bronzebeard","card_health":4,"card_attack":2},{"card_name":"Acidic Swamp Ooze","card_health":2,"card_attack":3},{"card_name":"Refreshment Vendor","card_health":5,"card_attack":3}],"opponent_board":[]},{"turn":27,"cards_played":["Dr. Boom"],"current_player":"me","my_health":7,"opponent_health":30,"my_armor":0,"opponent_armor":6,"my_hand":5,"opponent_hand":3,"my_board":[{"card_name":"Brann Bronzebeard","card_health":4,"card_attack":2},{"card_name":"Acidic Swamp Ooze","card_health":2,"card_attack":3},{"card_name":"Refreshment Vendor","card_health":5,"card_attack":3},{"card_name":"Dr. Boom","card_health":7,"card_attack":7},{"card_name":"Boom Bot","card_health":1,"card_attack":1},{"card_name":"Boom Bot","card_health":1,"card_attack":1},{"card_name":"Boom Bot","card_health":1,"card_attack":1}],"opponent_board":[]},{"turn":28,"cards_played":["Grommash Hellscream"],"current_player":"opponent","my_health":-1,"opponent_health":30,"my_armor":0,"opponent_armor":2,"my_hand":5,"opponent_hand":3,"my_board":[{"card_name":"Brann Bronzebeard","card_health":3,"card_attack":2},{"card_name":"Acidic Swamp Ooze","card_health":1,"card_attack":3},{"card_name":"Refreshment Vendor","card_health":4,"card_attack":3},{"card_name":"Dr. Boom","card_health":6,"card_attack":7}],"opponent_board":[{"card_name":"Grommash Hellscream","card_health":2,"card_attack":10}]}],"result":"defeat"}