{"plays":[{"turn":1,"cards_played":[],"current_player":"opponent","my_health":0,"opponent_health":0,"my_armor":0,"opponent_armor":0,"my_hand":1,"opponent_hand":0,"my_board":[],"opponent_board":[]},{"turn":2,"cards_played":["Zombie Chow","Northshire Cleric"],"current_player":"opponent","my_health":30,"opponent_health":30,"my_armor":0,"opponent_armor":0,"my_hand":3,"opponent_hand":5,"my_board":[{"card_name":"Zombie Chow","card_health":3,"card_attack":2}],"opponent_board":[{"card_name":"Northshire Cleric","card_health":3,"card_attack":1}]},{"turn":3,"cards_played":["Dark Peddler"],"current_player":"me","my_health":30,"opponent_health":30,"my_armor":0,"opponent_armor":0,"my_hand":4,"opponent_hand":5,"my_board":[{"card_name":"Dark Peddler","card_health":2,"card_attack":2},{"card_name":"Zombie Chow","card_health":2,"card_attack":2}],"opponent_board":[{"card_name":"Northshire Cleric","card_health":1,"card_attack":1}]},{"turn":4,"cards_played":["Lesser Heal","Lesser Heal"],"current_player":"opponent","my_health":29,"opponent_health":30,"my_armor":0,"opponent_armor":0,"my_hand":4,"opponent_hand":7,"my_board":[{"card_name":"Dark Peddler","card_health":2,"card_attack":2},{"card_name":"Zombie Chow","card_health":2,"card_attack":2}],"opponent_board":[{"card_name":"Northshire Cleric","card_health":3,"card_attack":1}]},{"turn":5,"cards_played":["Life Tap","Elven Archer"],"current_player":"me","my_health":27,"opponent_health":28,"my_armor":0,"opponent_armor":0,"my_hand":5,"opponent_hand":7,"my_board":[{"card_name":"Dark Peddler","card_health":2,"card_attack":2},{"card_name":"Zombie Chow","card_health":1,"card_attack":2},{"card_name":"Elven Archer","card_health":1,"card_attack":1}],"opponent_board":[]},{"turn":6,"cards_played":["Deathlord"],"current_player":"opponent","my_health":27,"opponent_health":28,"my_armor":0,"opponent_armor":0,"my_hand":5,"opponent_hand":7,"my_board":[{"card_name":"Dark Peddler","card_health":2,"card_attack":2},{"card_name":"Zombie Chow","card_health":1,"card_attack":2},{"card_name":"Elven Archer","card_health":1,"card_attack":1}],"opponent_board":[{"card_name":"Deathlord","card_health":8,"card_attack":2}]},{"turn":7,"cards_played":["Imp Gang Boss"],"current_player":"me","my_health":27,"opponent_health":28,"my_armor":0,"opponent_armor":0,"my_hand":5,"opponent_hand":7,"my_board":[{"card_name":"Dark Peddler","card_health":2,"card_attack":2},{"card_name":"Zombie Chow","card_health":1,"card_attack":2},{"card_name":"Imp Gang Boss","card_health":4,"card_attack":2},{"card_name":"Elven Archer","card_health":1,"card_attack":1}],"opponent_board":[{"card_name":"Deathlord","card_health":8,"card_attack":2}]},{"turn":8,"cards_played":["The Coin","Holy Nova"],"current_player":"opponent","my_health":25,"opponent_health":30,"my_armor":0,"opponent_armor":0,"my_hand":5,"opponent_hand":6,"my_board":[{"card_name":"Imp","card_health":1,"card_attack":1}],"opponent_board":[{"card_name":"Deathlord","card_health":8,"card_attack":2}]},{"turn":9,"cards_played":["Feugen"],"current_player":"me","my_health":25,"opponent_health":30,"my_armor":0,"opponent_armor":0,"my_hand":5,"opponent_hand":6,"my_board":[{"card_name":"Feugen","card_health":7,"card_attack":4},{"card_name":"Imp","card_health":1,"card_attack":1}],"opponent_board":[{"card_name":"Deathlord","card_health":8,"card_attack":2}]},{"turn":10,"cards_played":["Acolyte of Pain","Wild Pyromancer"],"current_player":"opponent","my_health":23,"opponent_health":30,"my_armor":0,"opponent_armor":0,"my_hand":5,"opponent_hand":5,"my_board":[{"card_name":"Feugen","card_health":7,"card_attack":4},{"card_name":"Imp","card_health":1,"card_attack":1}],"opponent_board":[{"card_name":"Deathlord","card_health":8,"card_attack":2},{"card_name":"Acolyte of Pain","card_health":3,"card_attack":1},{"card_name":"Wild Pyromancer","card_health":2,"card_attack":3}]},{"turn":11,"cards_played":["Siphon Soul"],"current_player":"me","my_health":26,"opponent_health":30,"my_armor":0,"opponent_armor":0,"my_hand":5,"opponent_hand":6,"my_board":[{"card_name":"Feugen","card_health":6,"card_attack":4},{"card_name":"Elise Starseeker","card_health":5,"card_attack":3}],"opponent_board":[{"card_name":"Wild Pyromancer","card_health":1,"card_attack":3}]},{"turn":12,"cards_played":["Power Word: Shield","Auchenai Soulpriest","Flash Heal"],"current_player":"opponent","my_health":26,"opponent_health":30,"my_armor":0,"opponent_armor":0,"my_hand":5,"opponent_hand":5,"my_board":[],"opponent_board":[{"card_name":"Auchenai Soulpriest","card_health":4,"card_attack":3}]},{"turn":13,"cards_played":["Dr. Boom"],"current_player":"me","my_health":26,"opponent_health":30,"my_armor":0,"opponent_armor":0,"my_hand":5,"opponent_hand":5,"my_board":[{"card_name":"Dr. Boom","card_health":7,"card_attack":7},{"card_name":"Boom Bot","card_health":1,"card_attack":1},{"card_name":"Boom Bot","card_health":1,"card_attack":1}],"opponent_board":[{"card_name":"Auchenai Soulpriest","card_health":4,"card_attack":3}]},{"turn":14,"cards_played":["Museum Curator","Sludge Belcher"],"current_player":"opponent","my_health":23,"opponent_health":30,"my_armor":0,"opponent_armor":0,"my_hand":5,"opponent_hand":5,"my_board":[{"card_name":"Dr. Boom","card_health":7,"card_attack":7},{"card_name":"Boom Bot","card_health":1,"card_attack":1},{"card_name":"Boom Bot","card_health":1,"card_attack":1}],"opponent_board":[{"card_name":"Museum Curator","card_health":2,"card_attack":1},{"card_name":"Sludge Belcher","card_health":5,"card_attack":3},{"card_name":"Auchenai Soulpriest","card_health":4,"card_attack":3}]},{"turn":15,"cards_played":["Darkbomb","Emperor Thaurissan"],"current_player":"me","my_health":23,"opponent_health":29,"my_armor":0,"opponent_armor":0,"my_hand":4,"opponent_hand":5,"my_board":[{"card_name":"Emperor Thaurissan","card_health":5,"card_attack":5},{"card_name":"Dr. Boom","card_health":6,"card_attack":7}],"opponent_board":[{"card_name":"Auchenai Soulpriest","card_health":4,"card_attack":3}]},{"turn":16,"cards_played":["Lesser Heal","Lesser Heal","Justicar Trueheart"],"current_player":"opponent","my_health":23,"opponent_health":29,"my_armor":0,"opponent_armor":0,"my_hand":4,"opponent_hand":5,"my_board":[{"card_name":"Emperor Thaurissan","card_health":3,"card_attack":5},{"card_name":"Dr. Boom","card_health":3,"card_attack":7}],"opponent_board":[{"card_name":"Justicar Trueheart","card_health":3,"card_attack":6}]},{"turn":17,"cards_played":["Defender of Argus","Life Tap","Stalagg"],"current_player":"me","my_health":21,"opponent_health":15,"my_armor":0,"opponent_armor":0,"my_hand":4,"opponent_hand":5,"my_board":[{"card_name":"Emperor Thaurissan","card_health":4,"card_attack":6},{"card_name":"Dr. Boom","card_health":4,"card_attack":8},{"card_name":"Defender of Argus","card_health":3,"card_attack":2},{"card_name":"Stalagg","card_health":4,"card_attack":7}],"opponent_board":[{"card_name":"Justicar Trueheart","card_health":3,"card_attack":6}]},{"turn":18,"cards_played":["Power Word: Shield","Auchenai Soulpriest","Circle of Healing","Shadow Word: Death","Northshire Cleric"],"current_player":"opponent","my_health":15,"opponent_health":15,"my_armor":0,"opponent_armor":0,"my_hand":4,"opponent_hand":2,"my_board":[],"opponent_board":[{"card_name":"Northshire Cleric","card_health":3,"card_attack":1},{"card_name":"Justicar Trueheart","card_health":1,"card_attack":6},{"card_name":"Auchenai Soulpriest","card_health":1,"card_attack":3}]},{"turn":19,"cards_played":["Hellfire","Life Tap","Loatheb"],"current_player":"me","my_health":10,"opponent_health":12,"my_armor":0,"opponent_armor":0,"my_hand":4,"opponent_hand":2,"my_board":[{"card_name":"Loatheb","card_health":5,"card_attack":5}],"opponent_board":[]},{"turn":20,"cards_played":["Cairne Bloodhoof","Wild Pyromancer","Heal","Heal"],"current_player":"opponent","my_health":10,"opponent_health":16,"my_armor":0,"opponent_armor":0,"my_hand":4,"opponent_hand":1,"my_board":[{"card_name":"Loatheb","card_health":5,"card_attack":5}],"opponent_board":[{"card_name":"Wild Pyromancer","card_health":2,"card_attack":3},{"card_name":"Cairne Bloodhoof","card_health":5,"card_attack":4}]},{"turn":21,"cards_played":["Ironbeak Owl","Lord Jaraxxus"],"current_player":"me","my_health":12,"opponent_health":16,"my_armor":0,"opponent_armor":0,"my_hand":3,"opponent_hand":1,"my_board":[{"card_name":"Loatheb","card_health":1,"card_attack":5},{"card_name":"Ironbeak Owl","card_health":1,"card_attack":2},{"card_name":"Lord Jaraxxus","card_health":12,"card_attack":3}],"opponent_board":[]},{"turn":22,"cards_played":["Heal","Entomb"],"current_player":"opponent","my_health":12,"opponent_health":20,"my_armor":0,"opponent_armor":0,"my_hand":3,"opponent_hand":1,"my_board":[{"card_name":"Ironbeak Owl","card_health":1,"card_attack":2},{"card_name":"Lord Jaraxxus","card_health":12,"card_attack":0}],"opponent_board":[]},{"turn":23,"cards_played":["INFERNO!"],"current_player":"me","my_health":12,"opponent_health":15,"my_armor":0,"opponent_armor":0,"my_hand":4,"opponent_hand":1,"my_board":[{"card_name":"Ironbeak Owl","card_health":1,"card_attack":2},{"card_name":"Lord Jaraxxus","card_health":12,"card_attack":3},{"card_name":"Infernal","card_health":6,"card_attack":6}],"opponent_board":[]},{"turn":24,"cards_played":["Sludge Belcher","Heal"],"current_player":"opponent","my_health":12,"opponent_health":19,"my_armor":0,"opponent_armor":0,"my_hand":4,"opponent_hand":1,"my_board":[{"card_name":"Ironbeak Owl","card_health":1,"card_attack":2},{"card_name":"Lord Jaraxxus","card_health":12,"card_attack":0},{"card_name":"Infernal","card_health":6,"card_attack":6}],"opponent_board":[{"card_name":"Sludge Belcher","card_health":5,"card_attack":3}]},{"turn":25,"cards_played":["INFERNO!"],"current_player":"me","my_health":12,"opponent_health":16,"my_armor":0,"opponent_armor":0,"my_hand":5,"opponent_hand":1,"my_board":[{"card_name":"Lord Jaraxxus","card_health":12,"card_attack":3},{"card_name":"Infernal","card_health":3,"card_attack":6},{"card_name":"Infernal","card_health":6,"card_attack":6}],"opponent_board":[]},{"turn":26,"cards_played":["Injured Blademaster","Heal"],"current_player":"opponent","my_health":12,"opponent_health":20,"my_armor":0,"opponent_armor":0,"my_hand":5,"opponent_hand":1,"my_board":[{"card_name":"Lord Jaraxxus","card_health":12,"card_attack":0},{"card_name":"Infernal","card_health":3,"card_attack":6},{"card_name":"Infernal","card_health":6,"card_attack":6}],"opponent_board":[{"card_name":"Injured Blademaster","card_health":3,"card_attack":4}]},{"turn":27,"cards_played":["INFERNO!","Refreshment Vendor"],"current_player":"me","my_health":12,"opponent_health":12,"my_armor":0,"opponent_armor":0,"my_hand":5,"opponent_hand":1,"my_board":[{"card_name":"Refreshment Vendor","card_health":5,"card_attack":3},{"card_name":"Lord Jaraxxus","card_health":12,"card_attack":3},{"card_name":"Infernal","card_health":3,"card_attack":6},{"card_name":"Infernal","card_health":6,"card_attack":6},{"card_name":"Infernal","card_health":6,"card_attack":6}],"opponent_board":[]},{"turn":28,"cards_played":["Heal","Lightbomb"],"current_player":"opponent","my_health":12,"opponent_health":16,"my_armor":0,"opponent_armor":0,"my_hand":5,"opponent_hand":1,"my_board":[{"card_name":"Refreshment Vendor","card_health":2,"card_attack":3},{"card_name":"Lord Jaraxxus","card_health":12,"card_attack":0}],"opponent_board":[]},{"turn":29,"cards_played":["INFERNO!"],"current_player":"me","my_health":12,"opponent_health":10,"my_armor":0,"opponent_armor":0,"my_hand":6,"opponent_hand":1,"my_board":[{"card_name":"Refreshment Vendor","card_health":2,"card_attack":3},{"card_name":"Lord Jaraxxus","card_health":12,"card_attack":3},{"card_name":"Infernal","card_health":6,"card_attack":6}],"opponent_board":[]},{"turn":30,"cards_played":["Acolyte of Pain","Heal"],"current_player":"opponent","my_health":12,"opponent_health":14,"my_armor":0,"opponent_armor":0,"my_hand":6,"opponent_hand":1,"my_board":[{"card_name":"Refreshment Vendor","card_health":2,"card_attack":3},{"card_name":"Lord Jaraxxus","card_health":12,"card_attack":0},{"card_name":"Infernal","card_health":6,"card_attack":6}],"opponent_board":[{"card_name":"Acolyte of Pain","card_health":3,"card_attack":1}]},{"turn":31,"cards_played":["Power Overwhelming"],"current_player":"me","my_health":12,"opponent_health":-2,"my_armor":0,"opponent_armor":0,"my_hand":6,"opponent_hand":1,"my_board":[{"card_name":"Refreshment Vendor","card_health":6,"card_attack":7},{"card_name":"Lord Jaraxxus","card_health":12,"card_attack":3},{"card_name":"Infernal","card_health":6,"card_attack":6}],"opponent_board":[{"card_name":"Acolyte of Pain","card_health":3,"card_attack":1}]}],"result":"victory"}