{"plays":[{"turn":1,"cards_played":[],"current_player":"me","my_health":0,"opponent_health":0,"my_armor":0,"opponent_armor":0,"my_hand":0,"opponent_hand":1,"my_board":[],"opponent_board":[]},{"turn":2,"cards_played":["The Coin","Life Tap"],"current_player":"me","my_health":28,"opponent_health":30,"my_armor":0,"opponent_armor":0,"my_hand":6,"opponent_hand":4,"my_board":[],"opponent_board":[]},{"turn":3,"cards_played":["Darnassus Aspirant"],"current_player":"opponent","my_health":28,"opponent_health":30,"my_armor":0,"opponent_armor":0,"my_hand":6,"opponent_hand":4,"my_board":[],"opponent_board":[{"card_name":"Darnassus Aspirant","card_health":3,"card_attack":2}]},{"turn":4,"cards_played":["Life Tap"],"current_player":"me","my_health":26,"opponent_health":30,"my_armor":0,"opponent_armor":0,"my_hand":8,"opponent_hand":4,"my_board":[],"opponent_board":[{"card_name":"Darnassus Aspirant","card_health":3,"card_attack":2}]},{"turn":5,"cards_played":["Shade of Naxxramas"],"current_player":"opponent","my_health":24,"opponent_health":30,"my_armor":0,"opponent_armor":0,"my_hand":8,"opponent_hand":4,"my_board":[],"opponent_board":[{"card_name":"Shade of Naxxramas","card_health":2,"card_attack":2},{"card_name":"Darnassus Aspirant","card_health":3,"card_attack":2}]},{"turn":6,"cards_played":["Brann Bronzebeard"],"current_player":"me","my_health":24,"opponent_health":30,"my_armor":0,"opponent_armor":0,"my_hand":8,"opponent_hand":4,"my_board":[{"card_name":"Brann Bronzebeard","card_health":4,"card_attack":2}],"opponent_board":[{"card_name":"Shade of Naxxramas","card_health":2,"card_attack":2},{"card_name":"Darnassus Aspirant","card_health":3,"card_attack":2}]},{"turn":7,"cards_played":["Wrath","Shapeshift"],"current_player":"opponent","my_health":24,"opponent_health":29,"my_armor":0,"opponent_armor":0,"my_hand":8,"opponent_hand":5,"my_board":[],"opponent_board":[{"card_name":"Shade of Naxxramas","card_health":3,"card_attack":3},{"card_name":"Darnassus Aspirant","card_health":1,"card_attack":2}]},{"turn":8,"cards_played":["Twilight Drake"],"current_player":"me","my_health":24,"opponent_health":29,"my_armor":0,"opponent_armor":0,"my_hand":8,"opponent_hand":5,"my_board":[{"card_name":"Twilight Drake","card_health":1,"card_attack":4}],"opponent_board":[{"card_name":"Shade of Naxxramas","card_health":3,"card_attack":3},{"card_name":"Darnassus Aspirant","card_health":1,"card_attack":2}]},{"turn":9,"cards_played":["Wild Growth","Shade of Naxxramas"],"current_player":"opponent","my_health":22,"opponent_health":29,"my_armor":0,"opponent_armor":0,"my_hand":8,"opponent_hand":4,"my_board":[{"card_name":"Twilight Drake","card_health":9,"card_attack":4}],"opponent_board":[{"card_name":"Shade of Naxxramas","card_health":4,"card_attack":4},{"card_name":"Darnassus Aspirant","card_health":1,"card_attack":2},{"card_name":"Shade of Naxxramas","card_health":2,"card_attack":2}]},{"turn":10,"cards_played":["Mortal Coil","Ancient Watcher","Sunfury Protector"],"current_player":"me","my_health":22,"opponent_health":25,"my_armor":0,"opponent_armor":0,"my_hand":7,"opponent_hand":4,"my_board":[{"card_name":"Ancient Watcher","card_health":5,"card_attack":4},{"card_name":"Twilight Drake","card_health":9,"card_attack":4},{"card_name":"Sunfury Protector","card_health":3,"card_attack":2}],"opponent_board":[{"card_name":"Shade of Naxxramas","card_health":4,"card_attack":4},{"card_name":"Shade of Naxxramas","card_health":2,"card_attack":2}]},{"turn":11,"cards_played":["Dr. Boom"],"current_player":"opponent","my_health":22,"opponent_health":25,"my_armor":0,"opponent_armor":0,"my_hand":7,"opponent_hand":4,"my_board":[{"card_name":"Ancient Watcher","card_health":5,"card_attack":4},{"card_name":"Twilight Drake","card_health":9,"card_attack":4},{"card_name":"Sunfury Protector","card_health":3,"card_attack":2}],"opponent_board":[{"card_name":"Shade of Naxxramas","card_health":5,"card_attack":5},{"card_name":"Shade of Naxxramas","card_health":3,"card_attack":3},{"card_name":"Dr. Boom","card_health":7,"card_attack":7},{"card_name":"Boom Bot","card_health":1,"card_attack":1},{"card_name":"Boom Bot","card_health":1,"card_attack":1}]},{"turn":12,"cards_played":["Emperor Thaurissan"],"current_player":"me","my_health":19,"opponent_health":25,"my_armor":0,"opponent_armor":0,"my_hand":7,"opponent_hand":4,"my_board":[{"card_name":"Ancient Watcher","card_health":5,"card_attack":4},{"card_name":"Twilight Drake","card_health":8,"card_attack":4},{"card_name":"Emperor Thaurissan","card_health":5,"card_attack":5}],"opponent_board":[{"card_name":"Shade of Naxxramas","card_health":5,"card_attack":5},{"card_name":"Shade of Naxxramas","card_health":3,"card_attack":3},{"card_name":"Dr. Boom","card_health":7,"card_attack":7}]},{"turn":13,"cards_played":["Swipe","Shapeshift"],"current_player":"opponent","my_health":18,"opponent_health":22,"my_armor":0,"opponent_armor":0,"my_hand":7,"opponent_hand":4,"my_board":[],"opponent_board":[{"card_name":"Shade of Naxxramas","card_health":1,"card_attack":6},{"card_name":"Shade of Naxxramas","card_health":4,"card_attack":4},{"card_name":"Dr. Boom","card_health":3,"card_attack":7}]},{"turn":14,"cards_played":["Twilight Drake","Shadowflame"],"current_player":"me","my_health":18,"opponent_health":22,"my_armor":0,"opponent_armor":0,"my_hand":6,"opponent_hand":4,"my_board":[],"opponent_board":[]},{"turn":15,"cards_played":["Ancient of War","Shapeshift"],"current_player":"opponent","my_health":17,"opponent_health":22,"my_armor":0,"opponent_armor":1,"my_hand":6,"opponent_hand":4,"my_board":[],"opponent_board":[{"card_name":"Ancient of War","card_health":10,"card_attack":5}]},{"turn":16,"cards_played":["Life Tap","Sludge Belcher"],"current_player":"me","my_health":15,"opponent_health":22,"my_armor":0,"opponent_armor":1,"my_hand":7,"opponent_hand":4,"my_board":[{"card_name":"Sludge Belcher","card_health":5,"card_attack":3}],"opponent_board":[{"card_name":"Ancient of War","card_health":10,"card_attack":5}]},{"turn":17,"cards_played":["Wild Growth","Excess Mana","Piloted Shredder","Shapeshift"],"current_player":"opponent","my_health":15,"opponent_health":22,"my_armor":0,"opponent_armor":1,"my_hand":7,"opponent_hand":4,"my_board":[{"card_name":"Slime","card_health":1,"card_attack":1}],"opponent_board":[{"card_name":"Ancient of War","card_health":7,"card_attack":5},{"card_name":"Piloted Shredder","card_health":3,"card_attack":4}]},{"turn":18,"cards_played":["Life Tap","Mountain Giant","Molten Giant","Sunfury Protector"],"current_player":"me","my_health":13,"opponent_health":22,"my_armor":0,"opponent_armor":1,"my_hand":6,"opponent_hand":4,"my_board":[{"card_name":"Sunfury Protector","card_health":3,"card_attack":2},{"card_name":"Molten Giant","card_health":8,"card_attack":8},{"card_name":"Mountain Giant","card_health":8,"card_attack":8},{"card_name":"Slime","card_health":1,"card_attack":1}],"opponent_board":[{"card_name":"Ancient of War","card_health":7,"card_attack":5},{"card_name":"Piloted Shredder","card_health":3,"card_attack":4}]},{"turn":19,"cards_played":["Keeper of the Grove","Savage Roar","Shapeshift"],"current_player":"opponent","my_health":13,"opponent_health":16,"my_armor":0,"opponent_armor":0,"my_hand":6,"opponent_hand":3,"my_board":[{"card_name":"Sunfury Protector","card_health":3,"card_attack":2},{"card_name":"Molten Giant","card_health":8,"card_attack":8}],"opponent_board":[{"card_name":"Ancient of War","card_health":6,"card_attack":7},{"card_name":"Keeper of the Grove","card_health":4,"card_attack":4},{"card_name":"Tiny Knight of Evil","card_health":2,"card_attack":3}]},{"turn":20,"cards_played":["Darkbomb","Darkbomb","Defender of Argus","Molten Giant"],"current_player":"me","my_health":13,"opponent_health":16,"my_armor":0,"opponent_armor":0,"my_hand":3,"opponent_hand":3,"my_board":[{"card_name":"Defender of Argus","card_health":3,"card_attack":2},{"card_name":"Sunfury Protector","card_health":1,"card_attack":3},{"card_name":"Molten Giant","card_health":7,"card_attack":9},{"card_name":"Molten Giant","card_health":8,"card_attack":8}],"opponent_board":[]},{"turn":21,"cards_played":["Azure Drake","Innervate","Ancient of Lore"],"current_player":"opponent","my_health":13,"opponent_health":16,"my_armor":0,"opponent_armor":0,"my_hand":3,"opponent_hand":4,"my_board":[{"card_name":"Defender of Argus","card_health":3,"card_attack":2},{"card_name":"Sunfury Protector","card_health":1,"card_attack":3},{"card_name":"Molten Giant","card_health":7,"card_attack":9},{"card_name":"Molten Giant","card_health":8,"card_attack":8}],"opponent_board":[{"card_name":"Ancient of Lore","card_health":5,"card_attack":5},{"card_name":"Azure Drake","card_health":4,"card_attack":4}]}],"result":"victory"}