{"plays":[{"turn":1,"cards_played":[],"current_player":"me","my_health":0,"opponent_health":0,"my_armor":0,"opponent_armor":0,"my_hand":0,"opponent_hand":1,"my_board":[],"opponent_board":[]},{"turn":2,"cards_played":[],"current_player":"opponent","my_health":30,"opponent_health":30,"my_armor":0,"opponent_armor":0,"my_hand":4,"opponent_hand":6,"my_board":[],"opponent_board":[]},{"turn":3,"cards_played":["Shapeshift"],"current_player":"me","my_health":30,"opponent_health":29,"my_armor":1,"opponent_armor":0,"my_hand":5,"opponent_hand":6,"my_board":[],"opponent_board":[]},{"turn":4,"cards_played":["Mad Scientist"],"current_player":"opponent","my_health":30,"opponent_health":29,"my_armor":1,"opponent_armor":0,"my_hand":5,"opponent_hand":6,"my_board":[],"opponent_board":[{"card_name":"Mad Scientist","card_health":2,"card_attack":2}]},{"turn":5,"cards_played":["Shade of Naxxramas"],"current_player":"me","my_health":30,"opponent_health":29,"my_armor":1,"opponent_armor":0,"my_hand":5,"opponent_hand":6,"my_board":[{"card_name":"Shade of Naxxramas","card_health":2,"card_attack":2}],"opponent_board":[{"card_name":"Mad Scientist","card_health":2,"card_attack":2}]},{"turn":6,"cards_played":["Flamecannon"],"current_player":"opponent","my_health":29,"opponent_health":29,"my_armor":0,"opponent_armor":0,"my_hand":5,"opponent_hand":6,"my_board":[],"opponent_board":[{"card_name":"Mad Scientist","card_health":2,"card_attack":2}]},{"turn":7,"cards_played":["Mounted Raptor"],"current_player":"me","my_health":29,"opponent_health":29,"my_armor":0,"opponent_armor":0,"my_hand":5,"opponent_hand":6,"my_board":[{"card_name":"Mounted Raptor","card_health":2,"card_attack":3}],"opponent_board":[{"card_name":"Mad Scientist","card_health":2,"card_attack":2}]},{"turn":8,"cards_played":["Unstable Portal","Unstable Ghoul","Arcane Missiles"],"current_player":"opponent","my_health":25,"opponent_health":29,"my_armor":0,"opponent_armor":0,"my_hand":5,"opponent_hand":5,"my_board":[{"card_name":"Mounted Raptor","card_health":1,"card_attack":3}],"opponent_board":[{"card_name":"Mad Scientist","card_health":2,"card_attack":2},{"card_name":"Unstable Ghoul","card_health":3,"card_attack":1}]},{"turn":9,"cards_played":["Wrath","Wrath","Shapeshift"],"current_player":"me","my_health":25,"opponent_health":28,"my_armor":1,"opponent_armor":0,"my_hand":6,"opponent_hand":5,"my_board":[],"opponent_board":[]},{"turn":10,"cards_played":["Arcane Intellect","Fireblast","Fireblast"],"current_player":"opponent","my_health":25,"opponent_health":28,"my_armor":0,"opponent_armor":0,"my_hand":6,"opponent_hand":7,"my_board":[],"opponent_board":[]},{"turn":11,"cards_played":["Druid of the Claw"],"current_player":"me","my_health":25,"opponent_health":28,"my_armor":0,"opponent_armor":0,"my_hand":6,"opponent_hand":7,"my_board":[{"card_name":"Druid of the Claw","card_health":6,"card_attack":4}],"opponent_board":[{"card_name":"Druid of the Claw","card_health":6,"card_attack":4}]},{"turn":12,"cards_played":["Flamewaker","The Coin","Arcane Missiles","Flamecannon","Mirror Image"],"current_player":"opponent","my_health":13,"opponent_health":28,"my_armor":0,"opponent_armor":0,"my_hand":6,"opponent_hand":3,"my_board":[],"opponent_board":[{"card_name":"Flamewaker","card_health":4,"card_attack":2},{"card_name":"Druid of the Claw","card_health":6,"card_attack":4},{"card_name":"Mirror Image","card_health":2,"card_attack":0},{"card_name":"Mirror Image","card_health":2,"card_attack":0}]},{"turn":13,"cards_played":["Force of Nature","Innervate","Savage Roar"],"current_player":"me","my_health":13,"opponent_health":28,"my_armor":0,"opponent_armor":0,"my_hand":4,"opponent_hand":3,"my_board":[],"opponent_board":[{"card_name":"Flamewaker","card_health":4,"card_attack":2}]},{"turn":14,"cards_played":["Fireball","Frostbolt"],"current_player":"opponent","my_health":0,"opponent_health":28,"my_armor":0,"opponent_armor":0,"my_hand":4,"opponent_hand":2,"my_board":[],"opponent_board":[{"card_name":"Flamewaker","card_health":4,"card_attack":2}]}],"result":"defeat"}