{"plays":[{"turn":1,"cards_played":[],"current_player":"me","my_health":0,"opponent_health":0,"my_armor":0,"opponent_armor":0,"my_hand":0,"opponent_hand":1,"my_board":[],"opponent_board":[]},{"turn":2,"cards_played":["Mana Wyrm"],"current_player":"opponent","my_health":30,"opponent_health":30,"my_armor":0,"opponent_armor":0,"my_hand":4,"opponent_hand":5,"my_board":[],"opponent_board":[{"card_name":"Mana Wyrm","card_health":3,"card_attack":1}]},{"turn":3,"cards_played":["Life Tap"],"current_player":"me","my_health":28,"opponent_health":30,"my_armor":0,"opponent_armor":0,"my_hand":6,"opponent_hand":5,"my_board":[],"opponent_board":[{"card_name":"Mana Wyrm","card_health":3,"card_attack":1}]},{"turn":4,"cards_played":["The Coin","Spellslinger"],"current_player":"opponent","my_health":26,"opponent_health":30,"my_armor":0,"opponent_armor":0,"my_hand":7,"opponent_hand":5,"my_board":[],"opponent_board":[{"card_name":"Spellslinger","card_health":4,"card_attack":3},{"card_name":"Mana Wyrm","card_health":3,"card_attack":2}]},{"turn":5,"cards_played":["Life Tap","Corruption"],"current_player":"me","my_health":24,"opponent_health":30,"my_armor":0,"opponent_armor":0,"my_hand":8,"opponent_hand":5,"my_board":[],"opponent_board":[{"card_name":"Spellslinger","card_health":4,"card_attack":3},{"card_name":"Mana Wyrm","card_health":3,"card_attack":2}]},{"turn":6,"cards_played":["Flamewaker"],"current_player":"me","my_health":19,"opponent_health":30,"my_armor":0,"opponent_armor":0,"my_hand":8,"opponent_hand":5,"my_board":[],"opponent_board":[{"card_name":"Flamewaker","card_health":4,"card_attack":2},{"card_name":"Spellslinger","card_health":4,"card_attack":3},{"card_name":"Mana Wyrm","card_health":3,"card_attack":2}]},{"turn":7,"cards_played":["Mountain Giant"],"current_player":"me","my_health":19,"opponent_health":30,"my_armor":0,"opponent_armor":0,"my_hand":8,"opponent_hand":5,"my_board":[{"card_name":"Mountain Giant","card_health":8,"card_attack":8}],"opponent_board":[{"card_name":"Flamewaker","card_health":4,"card_attack":2},{"card_name":"Spellslinger","card_health":4,"card_attack":3}]},{"turn":8,"cards_played":["Piloted Shredder"],"current_player":"opponent","my_health":14,"opponent_health":30,"my_armor":0,"opponent_armor":0,"my_hand":8,"opponent_hand":5,"my_board":[{"card_name":"Mountain Giant","card_health":8,"card_attack":8}],"opponent_board":[{"card_name":"Flamewaker","card_health":4,"card_attack":2},{"card_name":"Piloted Shredder","card_health":3,"card_attack":4},{"card_name":"Spellslinger","card_health":4,"card_attack":3}]},{"turn":9,"cards_played":["Shadowflame"],"current_player":"me","my_health":14,"opponent_health":30,"my_armor":0,"opponent_armor":0,"my_hand":8,"opponent_hand":5,"my_board":[],"opponent_board":[]},{"turn":10,"cards_played":["Ethereal Conjurer"],"current_player":"opponent","my_health":14,"opponent_health":30,"my_armor":0,"opponent_armor":0,"my_hand":8,"opponent_hand":6,"my_board":[],"opponent_board":[{"card_name":"Ethereal Conjurer","card_health":3,"card_attack":6}]},{"turn":11,"cards_played":["Twilight Drake","Darkbomb"],"current_player":"me","my_health":14,"opponent_health":30,"my_armor":0,"opponent_armor":0,"my_hand":7,"opponent_hand":6,"my_board":[{"card_name":"Twilight Drake","card_health":9,"card_attack":4}],"opponent_board":[]},{"turn":12,"cards_played":["Mana Wyrm","Unstable Portal","Questing Adventurer","Fireblast","Fireblast"],"current_player":"opponent","my_health":13,"opponent_health":30,"my_armor":0,"opponent_armor":0,"my_hand":7,"opponent_hand":5,"my_board":[{"card_name":"Twilight Drake","card_health":9,"card_attack":4}],"opponent_board":[{"card_name":"Mana Wyrm","card_health":3,"card_attack":2},{"card_name":"Questing Adventurer","card_health":2,"card_attack":2}]},{"turn":13,"cards_played":["Hellfire","Molten Giant","Sunfury Protector"],"current_player":"me","my_health":10,"opponent_health":23,"my_armor":0,"opponent_armor":0,"my_hand":5,"opponent_hand":5,"my_board":[{"card_name":"Sunfury Protector","card_health":3,"card_attack":2},{"card_name":"Molten Giant","card_health":8,"card_attack":8},{"card_name":"Twilight Drake","card_health":6,"card_attack":4}],"opponent_board":[]},{"turn":14,"cards_played":["Loatheb","Fireblast"],"current_player":"opponent","my_health":9,"opponent_health":23,"my_armor":0,"opponent_armor":0,"my_hand":5,"opponent_hand":5,"my_board":[{"card_name":"Sunfury Protector","card_health":3,"card_attack":2},{"card_name":"Molten Giant","card_health":8,"card_attack":8},{"card_name":"Twilight Drake","card_health":6,"card_attack":4}],"opponent_board":[{"card_name":"Loatheb","card_health":5,"card_attack":5}]},{"turn":15,"cards_played":["Life Tap","Defender of Argus"],"current_player":"me","my_health":7,"opponent_health":12,"my_armor":0,"opponent_armor":0,"my_hand":6,"opponent_hand":5,"my_board":[{"card_name":"Sunfury Protector","card_health":4,"card_attack":3},{"card_name":"Defender of Argus","card_health":3,"card_attack":2},{"card_name":"Molten Giant","card_health":8,"card_attack":8},{"card_name":"Twilight Drake","card_health":2,"card_attack":5}],"opponent_board":[]},{"turn":16,"cards_played":["Fireball"],"current_player":"opponent","my_health":1,"opponent_health":12,"my_armor":0,"opponent_armor":0,"my_hand":6,"opponent_hand":5,"my_board":[{"card_name":"Sunfury Protector","card_health":4,"card_attack":3},{"card_name":"Defender of Argus","card_health":3,"card_attack":2},{"card_name":"Molten Giant","card_health":8,"card_attack":8},{"card_name":"Twilight Drake","card_health":2,"card_attack":5}],"opponent_board":[]}],"result":"defeat"}