{"plays":[{"turn":1,"cards_played":[],"current_player":"me","my_health":0,"opponent_health":0,"my_armor":0,"opponent_armor":0,"my_hand":0,"opponent_hand":1,"my_board":[],"opponent_board":[]},{"turn":2,"cards_played":[],"current_player":"me","my_health":30,"opponent_health":30,"my_armor":0,"opponent_armor":0,"my_hand":6,"opponent_hand":4,"my_board":[],"opponent_board":[]},{"turn":3,"cards_played":["Fireblast","Fireblast"],"current_player":"opponent","my_health":29,"opponent_health":30,"my_armor":0,"opponent_armor":0,"my_hand":6,"opponent_hand":5,"my_board":[],"opponent_board":[]},{"turn":4,"cards_played":["Life Tap"],"current_player":"me","my_health":27,"opponent_health":30,"my_armor":0,"opponent_armor":0,"my_hand":8,"opponent_hand":5,"my_board":[],"opponent_board":[]},{"turn":5,"cards_played":["Arcane Intellect"],"current_player":"opponent","my_health":27,"opponent_health":30,"my_armor":0,"opponent_armor":0,"my_hand":8,"opponent_hand":7,"my_board":[],"opponent_board":[]},{"turn":6,"cards_played":["Imp Gang Boss"],"current_player":"me","my_health":27,"opponent_health":30,"my_armor":0,"opponent_armor":0,"my_hand":8,"opponent_hand":7,"my_board":[{"card_name":"Imp Gang Boss","card_health":4,"card_attack":2}],"opponent_board":[]},{"turn":7,"cards_played":["Forgotten Torch"],"current_player":"opponent","my_health":27,"opponent_health":30,"my_armor":0,"opponent_armor":0,"my_hand":8,"opponent_hand":7,"my_board":[{"card_name":"Imp Gang Boss","card_health":1,"card_attack":2},{"card_name":"Imp","card_health":1,"card_attack":1}],"opponent_board":[]},{"turn":8,"cards_played":["Life Tap","Acidic Swamp Ooze"],"current_player":"me","my_health":25,"opponent_health":27,"my_armor":0,"opponent_armor":0,"my_hand":9,"opponent_hand":7,"my_board":[{"card_name":"Imp Gang Boss","card_health":1,"card_attack":2},{"card_name":"Acidic Swamp Ooze","card_health":2,"card_attack":3},{"card_name":"Imp","card_health":1,"card_attack":1}],"opponent_board":[]},{"turn":9,"cards_played":["Fireblast","Fireblast","Explosive Sheep"],"current_player":"opponent","my_health":25,"opponent_health":27,"my_armor":0,"opponent_armor":0,"my_hand":9,"opponent_hand":7,"my_board":[{"card_name":"Acidic Swamp Ooze","card_health":2,"card_attack":3},{"card_name":"Imp","card_health":1,"card_attack":1},{"card_name":"Imp","card_health":1,"card_attack":1}],"opponent_board":[{"card_name":"Explosive Sheep","card_health":1,"card_attack":1}]},{"turn":10,"cards_played":["The Coin","Emperor Thaurissan"],"current_player":"me","my_health":25,"opponent_health":23,"my_armor":0,"opponent_armor":0,"my_hand":8,"opponent_hand":7,"my_board":[{"card_name":"Emperor Thaurissan","card_health":5,"card_attack":5}],"opponent_board":[]},{"turn":11,"cards_played":["Emperor Thaurissan"],"current_player":"opponent","my_health":25,"opponent_health":23,"my_armor":0,"opponent_armor":0,"my_hand":8,"opponent_hand":7,"my_board":[{"card_name":"Emperor Thaurissan","card_health":5,"card_attack":5}],"opponent_board":[{"card_name":"Emperor Thaurissan","card_health":5,"card_attack":5}]},{"turn":12,"cards_played":["Dr. Boom"],"current_player":"me","my_health":25,"opponent_health":23,"my_armor":0,"opponent_armor":0,"my_hand":8,"opponent_hand":7,"my_board":[{"card_name":"Dr. Boom","card_health":7,"card_attack":7},{"card_name":"Boom Bot","card_health":1,"card_attack":1},{"card_name":"Boom Bot","card_health":1,"card_attack":1}],"opponent_board":[]},{"turn":13,"cards_played":["Mad Scientist","Fireblast","Fireblast"],"current_player":"opponent","my_health":25,"opponent_health":23,"my_armor":0,"opponent_armor":0,"my_hand":8,"opponent_hand":7,"my_board":[{"card_name":"Dr. Boom","card_health":7,"card_attack":7},{"card_name":"Boom Bot","card_health":1,"card_attack":1}],"opponent_board":[{"card_name":"Mad Scientist","card_health":2,"card_attack":2}]},{"turn":14,"cards_played":[],"current_player":"me","my_health":25,"opponent_health":11,"my_armor":0,"opponent_armor":0,"my_hand":9,"opponent_hand":7,"my_board":[{"card_name":"Dr. Boom","card_health":7,"card_attack":7},{"card_name":"Boom Bot","card_health":1,"card_attack":1}],"opponent_board":[{"card_name":"Mad Scientist","card_health":2,"card_attack":2}]},{"turn":15,"cards_played":["Molten Giant","Fireblast","Fireblast","Animated Armor","Frost Nova"],"current_player":"opponent","my_health":25,"opponent_health":7,"my_armor":0,"opponent_armor":0,"my_hand":9,"opponent_hand":5,"my_board":[{"card_name":"Dr. Boom","card_health":7,"card_attack":7}],"opponent_board":[{"card_name":"Animated Armor","card_health":4,"card_attack":4},{"card_name":"Molten Giant","card_health":8,"card_attack":8}]},{"turn":16,"cards_played":["Loatheb"],"current_player":"me","my_health":25,"opponent_health":7,"my_armor":0,"opponent_armor":0,"my_hand":9,"opponent_hand":5,"my_board":[{"card_name":"Dr. Boom","card_health":7,"card_attack":7},{"card_name":"Loatheb","card_health":5,"card_attack":5}],"opponent_board":[{"card_name":"Animated Armor","card_health":4,"card_attack":4},{"card_name":"Molten Giant","card_health":8,"card_attack":8}]},{"turn":17,"cards_played":["Antique Healbot"],"current_player":"opponent","my_health":21,"opponent_health":15,"my_armor":0,"opponent_armor":0,"my_hand":9,"opponent_hand":5,"my_board":[{"card_name":"Loatheb","card_health":5,"card_attack":5}],"opponent_board":[{"card_name":"Animated Armor","card_health":4,"card_attack":4},{"card_name":"Antique Healbot","card_health":3,"card_attack":3},{"card_name":"Molten Giant","card_health":1,"card_attack":8}]},{"turn":18,"cards_played":["Demonwrath","Stalagg","Darkbomb"],"current_player":"me","my_health":21,"opponent_health":15,"my_armor":0,"opponent_armor":0,"my_hand":7,"opponent_hand":5,"my_board":[{"card_name":"Stalagg","card_health":4,"card_attack":7}],"opponent_board":[]},{"turn":19,"cards_played":["Nexus-Champion Saraad","Fireblast","Fireblast","Divine Spirit"],"current_player":"opponent","my_health":20,"opponent_health":15,"my_armor":0,"opponent_armor":0,"my_hand":7,"opponent_hand":5,"my_board":[{"card_name":"Stalagg","card_health":4,"card_attack":7}],"opponent_board":[{"card_name":"Nexus-Champion Saraad","card_health":5,"card_attack":4}]},{"turn":20,"cards_played":["Sylvanas Windrunner","Shadowflame"],"current_player":"me","my_health":20,"opponent_health":8,"my_armor":0,"opponent_armor":0,"my_hand":6,"opponent_hand":5,"my_board":[{"card_name":"Nexus-Champion Saraad","card_health":5,"card_attack":4},{"card_name":"Stalagg","card_health":4,"card_attack":7}],"opponent_board":[]},{"turn":21,"cards_played":["Flamestrike","Fireblast","Fireblast"],"current_player":"opponent","my_health":20,"opponent_health":8,"my_armor":0,"opponent_armor":0,"my_hand":6,"opponent_hand":5,"my_board":[],"opponent_board":[]},{"turn":22,"cards_played":["Life Tap","Dark Peddler","Elise Starseeker"],"current_player":"me","my_health":18,"opponent_health":8,"my_armor":0,"opponent_armor":0,"my_hand":7,"opponent_hand":5,"my_board":[{"card_name":"Dark Peddler","card_health":2,"card_attack":2},{"card_name":"Elise Starseeker","card_health":5,"card_attack":3}],"opponent_board":[]},{"turn":23,"cards_played":["Reno Jackson","Fireblast","Fireblast"],"current_player":"opponent","my_health":18,"opponent_health":30,"my_armor":0,"opponent_armor":0,"my_hand":7,"opponent_hand":4,"my_board":[{"card_name":"Dark Peddler","card_health":2,"card_attack":2},{"card_name":"Elise Starseeker","card_health":4,"card_attack":3}],"opponent_board":[{"card_name":"Reno Jackson","card_health":6,"card_attack":4}]},{"turn":24,"cards_played":["Feugen","Defender of Argus"],"current_player":"me","my_health":18,"opponent_health":23,"my_armor":0,"opponent_armor":0,"my_hand":6,"opponent_hand":4,"my_board":[{"card_name":"Dark Peddler","card_health":3,"card_attack":3},{"card_name":"Feugen","card_health":7,"card_attack":4},{"card_name":"Elise Starseeker","card_health":5,"card_attack":4},{"card_name":"Defender of Argus","card_health":3,"card_attack":2}],"opponent_board":[{"card_name":"Reno Jackson","card_health":6,"card_attack":4}]},{"turn":25,"cards_played":["Polymorph","Blizzard"],"current_player":"opponent","my_health":18,"opponent_health":23,"my_armor":0,"opponent_armor":0,"my_hand":6,"opponent_hand":3,"my_board":[{"card_name":"Dark Peddler","card_health":1,"card_attack":3},{"card_name":"Defender of Argus","card_health":1,"card_attack":2}],"opponent_board":[{"card_name":"Reno Jackson","card_health":2,"card_attack":4}]},{"turn":26,"cards_played":["Life Tap","Zombie Chow"],"current_player":"me","my_health":16,"opponent_health":23,"my_armor":0,"opponent_armor":0,"my_hand":7,"opponent_hand":3,"my_board":[{"card_name":"Dark Peddler","card_health":1,"card_attack":3},{"card_name":"Zombie Chow","card_health":3,"card_attack":2},{"card_name":"Defender of Argus","card_health":1,"card_attack":2}],"opponent_board":[{"card_name":"Reno Jackson","card_health":2,"card_attack":4}]},{"turn":27,"cards_played":["Fireblast","Fireblast","Arch-Thief Rafaam"],"current_player":"opponent","my_health":12,"opponent_health":23,"my_armor":0,"opponent_armor":0,"my_hand":7,"opponent_hand":4,"my_board":[{"card_name":"Zombie Chow","card_health":3,"card_attack":2},{"card_name":"Defender of Argus","card_health":1,"card_attack":2}],"opponent_board":[{"card_name":"Arch-Thief Rafaam","card_health":8,"card_attack":7},{"card_name":"Reno Jackson","card_health":2,"card_attack":4}]},{"turn":28,"cards_played":["Big Game Hunter","Life Tap","Reno Jackson"],"current_player":"me","my_health":30,"opponent_health":21,"my_armor":0,"opponent_armor":0,"my_hand":7,"opponent_hand":6,"my_board":[{"card_name":"Zombie Chow","card_health":3,"card_attack":2},{"card_name":"Big Game Hunter","card_health":2,"card_attack":4},{"card_name":"Reno Jackson","card_health":6,"card_attack":4}],"opponent_board":[]},{"turn":29,"cards_played":["Sylvanas Windrunner","Loatheb"],"current_player":"opponent","my_health":30,"opponent_health":21,"my_armor":0,"opponent_armor":0,"my_hand":7,"opponent_hand":5,"my_board":[{"card_name":"Zombie Chow","card_health":3,"card_attack":2},{"card_name":"Big Game Hunter","card_health":2,"card_attack":4},{"card_name":"Reno Jackson","card_health":6,"card_attack":4}],"opponent_board":[{"card_name":"Loatheb","card_health":5,"card_attack":5},{"card_name":"Sylvanas Windrunner","card_health":5,"card_attack":5}]},{"turn":30,"cards_played":["Life Tap","Ironbeak Owl","Sludge Belcher"],"current_player":"me","my_health":28,"opponent_health":26,"my_armor":0,"opponent_armor":0,"my_hand":7,"opponent_hand":5,"my_board":[{"card_name":"Sludge Belcher","card_health":5,"card_attack":3},{"card_name":"Reno Jackson","card_health":6,"card_attack":4},{"card_name":"Ironbeak Owl","card_health":1,"card_attack":2}],"opponent_board":[{"card_name":"Loatheb","card_health":5,"card_attack":5}]},{"turn":31,"cards_played":["The Black Knight","Fireblast","Fireblast"],"current_player":"opponent","my_health":28,"opponent_health":26,"my_armor":0,"opponent_armor":0,"my_hand":7,"opponent_hand":5,"my_board":[{"card_name":"Reno Jackson","card_health":6,"card_attack":4}],"opponent_board":[{"card_name":"Loatheb","card_health":4,"card_attack":5},{"card_name":"The Black Knight","card_health":5,"card_attack":4}]},{"turn":32,"cards_played":["Map to the Golden Monkey","Life Tap","Twilight Drake"],"current_player":"me","my_health":26,"opponent_health":26,"my_armor":0,"opponent_armor":0,"my_hand":8,"opponent_hand":5,"my_board":[{"card_name":"Twilight Drake","card_health":9,"card_attack":4},{"card_name":"Reno Jackson","card_health":1,"card_attack":4}],"opponent_board":[{"card_name":"The Black Knight","card_health":5,"card_attack":4}]},{"turn":33,"cards_played":["Fireblast","Fireblast","Azure Drake"],"current_player":"opponent","my_health":22,"opponent_health":26,"my_armor":0,"opponent_armor":0,"my_hand":8,"opponent_hand":5,"my_board":[{"card_name":"Twilight Drake","card_health":9,"card_attack":4}],"opponent_board":[{"card_name":"Azure Drake","card_health":4,"card_attack":4},{"card_name":"The Black Knight","card_health":5,"card_attack":4}]},{"turn":34,"cards_played":["Life Tap","Refreshment Vendor"],"current_player":"me","my_health":20,"opponent_health":26,"my_armor":0,"opponent_armor":0,"my_hand":9,"opponent_hand":5,"my_board":[{"card_name":"Twilight Drake","card_health":5,"card_attack":4},{"card_name":"Refreshment Vendor","card_health":5,"card_attack":3}],"opponent_board":[{"card_name":"The Black Knight","card_health":5,"card_attack":4},{"card_name":"Spiteful Smith","card_health":6,"card_attack":4}]},{"turn":35,"cards_played":["Alexstrasza"],"current_player":"opponent","my_health":7,"opponent_health":30,"my_armor":0,"opponent_armor":0,"my_hand":9,"opponent_hand":5,"my_board":[{"card_name":"Twilight Drake","card_health":5,"card_attack":4},{"card_name":"Refreshment Vendor","card_health":5,"card_attack":3}],"opponent_board":[{"card_name":"Alexstrasza","card_health":8,"card_attack":8},{"card_name":"The Black Knight","card_health":5,"card_attack":4},{"card_name":"Spiteful Smith","card_health":6,"card_attack":4}]},{"turn":36,"cards_played":["Molten Giant","Brann Bronzebeard","Antique Healbot","Mortal Coil"],"current_player":"me","my_health":23,"opponent_health":30,"my_armor":0,"opponent_armor":0,"my_hand":7,"opponent_hand":5,"my_board":[{"card_name":"Antique Healbot","card_health":3,"card_attack":3},{"card_name":"Brann Bronzebeard","card_health":4,"card_attack":2},{"card_name":"Molten Giant","card_health":8,"card_attack":8}],"opponent_board":[{"card_name":"The Black Knight","card_health":5,"card_attack":4},{"card_name":"Spiteful Smith","card_health":6,"card_attack":4}]},{"turn":37,"cards_played":["Doomsayer","Defender of Argus","Big Game Hunter"],"current_player":"opponent","my_health":13,"opponent_health":30,"my_armor":0,"opponent_armor":0,"my_hand":7,"opponent_hand":3,"my_board":[{"card_name":"Antique Healbot","card_health":3,"card_attack":3},{"card_name":"Brann Bronzebeard","card_health":4,"card_attack":2}],"opponent_board":[{"card_name":"The Black Knight","card_health":6,"card_attack":5},{"card_name":"Big Game Hunter","card_health":2,"card_attack":4},{"card_name":"Defender of Argus","card_health":3,"card_attack":2},{"card_name":"Doomsayer","card_health":7,"card_attack":0},{"card_name":"Spiteful Smith","card_health":7,"card_attack":5}]},{"turn":38,"cards_played":["Lord Jaraxxus","INFERNO!"],"current_player":"me","my_health":15,"opponent_health":30,"my_armor":0,"opponent_armor":0,"my_hand":6,"opponent_hand":3,"my_board":[{"card_name":"Antique Healbot","card_health":3,"card_attack":3},{"card_name":"Brann Bronzebeard","card_health":4,"card_attack":2},{"card_name":"Lord Jaraxxus","card_health":15,"card_attack":3},{"card_name":"Infernal","card_health":6,"card_attack":6}],"opponent_board":[{"card_name":"The Black Knight","card_health":6,"card_attack":5},{"card_name":"Big Game Hunter","card_health":2,"card_attack":4},{"card_name":"Defender of Argus","card_health":3,"card_attack":2},{"card_name":"Doomsayer","card_health":7,"card_attack":0},{"card_name":"Spiteful Smith","card_health":7,"card_attack":5}]},{"turn":39,"cards_played":["Timepiece of Horror"],"current_player":"opponent","my_health":15,"opponent_health":30,"my_armor":0,"opponent_armor":0,"my_hand":6,"opponent_hand":3,"my_board":[{"card_name":"Lord Jaraxxus","card_health":15,"card_attack":0}],"opponent_board":[]},{"turn":40,"cards_played":["Golden Monkey","INFERNO!"],"current_player":"me","my_health":3,"opponent_health":27,"my_armor":0,"opponent_armor":0,"my_hand":5,"opponent_hand":3,"my_board":[{"card_name":"Golden Monkey","card_health":6,"card_attack":6},{"card_name":"Lord Jaraxxus","card_health":3,"card_attack":3},{"card_name":"Infernal","card_health":6,"card_attack":6}],"opponent_board":[]}],"result":"defeat"}