{"plays":[{"turn":1,"cards_played":[],"current_player":"opponent","my_health":0,"opponent_health":0,"my_armor":0,"opponent_armor":0,"my_hand":1,"opponent_hand":0,"my_board":[],"opponent_board":[]},{"turn":2,"cards_played":[],"current_player":"me","my_health":30,"opponent_health":30,"my_armor":0,"opponent_armor":0,"my_hand":6,"opponent_hand":4,"my_board":[],"opponent_board":[]},{"turn":3,"cards_played":["Armorsmith"],"current_player":"opponent","my_health":30,"opponent_health":30,"my_armor":0,"opponent_armor":0,"my_hand":6,"opponent_hand":4,"my_board":[],"opponent_board":[{"card_name":"Armorsmith","card_health":4,"card_attack":1}]},{"turn":4,"cards_played":["Life Tap"],"current_player":"me","my_health":28,"opponent_health":30,"my_armor":0,"opponent_armor":0,"my_hand":8,"opponent_hand":4,"my_board":[],"opponent_board":[{"card_name":"Armorsmith","card_health":4,"card_attack":1}]},{"turn":5,"cards_played":["Fierce Monkey"],"current_player":"opponent","my_health":27,"opponent_health":30,"my_armor":0,"opponent_armor":0,"my_hand":8,"opponent_hand":4,"my_board":[],"opponent_board":[{"card_name":"Fierce Monkey","card_health":4,"card_attack":3},{"card_name":"Armorsmith","card_health":4,"card_attack":1}]},{"turn":6,"cards_played":["Imp Gang Boss"],"current_player":"me","my_health":27,"opponent_health":30,"my_armor":0,"opponent_armor":0,"my_hand":8,"opponent_hand":4,"my_board":[{"card_name":"Imp Gang Boss","card_health":4,"card_attack":2}],"opponent_board":[{"card_name":"Fierce Monkey","card_health":4,"card_attack":3},{"card_name":"Armorsmith","card_health":4,"card_attack":1}]},{"turn":7,"cards_played":["Shield Block"],"current_player":"opponent","my_health":27,"opponent_health":30,"my_armor":0,"opponent_armor":7,"my_hand":8,"opponent_hand":5,"my_board":[{"card_name":"Imp","card_health":1,"card_attack":1},{"card_name":"Imp","card_health":1,"card_attack":1}],"opponent_board":[{"card_name":"Fierce Monkey","card_health":2,"card_attack":3},{"card_name":"Armorsmith","card_health":2,"card_attack":1}]},{"turn":8,"cards_played":["Elise Starseeker"],"current_player":"me","my_health":27,"opponent_health":30,"my_armor":0,"opponent_armor":9,"my_hand":8,"opponent_hand":5,"my_board":[{"card_name":"Elise Starseeker","card_health":5,"card_attack":3}],"opponent_board":[{"card_name":"Armorsmith","card_health":2,"card_attack":1}]},{"turn":9,"cards_played":["Death's Bite"],"current_player":"opponent","my_health":27,"opponent_health":30,"my_armor":0,"opponent_armor":7,"my_hand":8,"opponent_hand":5,"my_board":[],"opponent_board":[]},{"turn":10,"cards_played":["Feugen"],"current_player":"me","my_health":27,"opponent_health":30,"my_armor":0,"opponent_armor":7,"my_hand":8,"opponent_hand":5,"my_board":[{"card_name":"Feugen","card_health":7,"card_attack":4}],"opponent_board":[]},{"turn":11,"cards_played":["Shield Slam","Fierce Monkey","Armor Up!"],"current_player":"opponent","my_health":27,"opponent_health":30,"my_armor":0,"opponent_armor":9,"my_hand":8,"opponent_hand":4,"my_board":[],"opponent_board":[{"card_name":"Fierce Monkey","card_health":4,"card_attack":3}]},{"turn":12,"cards_played":["Life Tap","Refreshment Vendor"],"current_player":"me","my_health":25,"opponent_health":30,"my_armor":0,"opponent_armor":9,"my_hand":9,"opponent_hand":4,"my_board":[{"card_name":"Refreshment Vendor","card_health":5,"card_attack":3}],"opponent_board":[{"card_name":"Fierce Monkey","card_health":4,"card_attack":3}]},{"turn":13,"cards_played":["Dr. Boom"],"current_player":"opponent","my_health":26,"opponent_health":30,"my_armor":0,"opponent_armor":6,"my_hand":9,"opponent_hand":4,"my_board":[],"opponent_board":[{"card_name":"Dr. Boom","card_health":7,"card_attack":7},{"card_name":"Fierce Monkey","card_health":3,"card_attack":3},{"card_name":"Boom Bot","card_health":1,"card_attack":1},{"card_name":"Boom Bot","card_health":1,"card_attack":1}]},{"turn":14,"cards_played":["Hellfire","Big Game Hunter"],"current_player":"me","my_health":20,"opponent_health":30,"my_armor":0,"opponent_armor":3,"my_hand":8,"opponent_hand":4,"my_board":[{"card_name":"Big Game Hunter","card_health":2,"card_attack":4}],"opponent_board":[]},{"turn":15,"cards_played":["Slam","Shield Block","Armor Up!"],"current_player":"opponent","my_health":20,"opponent_health":30,"my_armor":0,"opponent_armor":10,"my_hand":8,"opponent_hand":4,"my_board":[],"opponent_board":[]},{"turn":16,"cards_played":["Life Tap","Emperor Thaurissan"],"current_player":"me","my_health":18,"opponent_health":30,"my_armor":0,"opponent_armor":10,"my_hand":9,"opponent_hand":4,"my_board":[{"card_name":"Emperor Thaurissan","card_health":5,"card_attack":5}],"opponent_board":[]},{"turn":17,"cards_played":["Alexstrasza"],"current_player":"opponent","my_health":18,"opponent_health":30,"my_armor":0,"opponent_armor":10,"my_hand":9,"opponent_hand":4,"my_board":[{"card_name":"Emperor Thaurissan","card_health":5,"card_attack":5}],"opponent_board":[{"card_name":"Alexstrasza","card_health":8,"card_attack":8}]},{"turn":18,"cards_played":["Molten Giant","Siphon Soul"],"current_player":"me","my_health":18,"opponent_health":30,"my_armor":0,"opponent_armor":5,"my_hand":8,"opponent_hand":4,"my_board":[{"card_name":"Emperor Thaurissan","card_health":5,"card_attack":5},{"card_name":"Molten Giant","card_health":8,"card_attack":8}],"opponent_board":[]},{"turn":19,"cards_played":["Slam","Execute","Baron Geddon"],"current_player":"opponent","my_health":18,"opponent_health":30,"my_armor":0,"opponent_armor":5,"my_hand":8,"opponent_hand":3,"my_board":[{"card_name":"Emperor Thaurissan","card_health":5,"card_attack":5}],"opponent_board":[{"card_name":"Baron Geddon","card_health":5,"card_attack":7}]},{"turn":20,"cards_played":["Twilight Drake","Zombie Chow"],"current_player":"me","my_health":16,"opponent_health":30,"my_armor":0,"opponent_armor":3,"my_hand":7,"opponent_hand":3,"my_board":[{"card_name":"Zombie Chow","card_health":3,"card_attack":2},{"card_name":"Twilight Drake","card_health":9,"card_attack":4}],"opponent_board":[]},{"turn":21,"cards_played":["Armor Up!"],"current_player":"opponent","my_health":16,"opponent_health":30,"my_armor":0,"opponent_armor":5,"my_hand":7,"opponent_hand":4,"my_board":[{"card_name":"Zombie Chow","card_health":3,"card_attack":2},{"card_name":"Twilight Drake","card_health":9,"card_attack":4}],"opponent_board":[]},{"turn":22,"cards_played":[],"current_player":"me","my_health":16,"opponent_health":29,"my_armor":0,"opponent_armor":0,"my_hand":8,"opponent_hand":4,"my_board":[{"card_name":"Zombie Chow","card_health":3,"card_attack":2},{"card_name":"Twilight Drake","card_health":9,"card_attack":4}],"opponent_board":[]},{"turn":23,"cards_played":["Fiery War Axe","Sludge Belcher","Armor Up!"],"current_player":"opponent","my_health":16,"opponent_health":30,"my_armor":0,"opponent_armor":2,"my_hand":8,"opponent_hand":3,"my_board":[{"card_name":"Twilight Drake","card_health":9,"card_attack":4}],"opponent_board":[{"card_name":"Sludge Belcher","card_health":5,"card_attack":3}]},{"turn":24,"cards_played":["Mortal Coil","Life Tap","Dark Peddler","Sludge Belcher"],"current_player":"me","my_health":14,"opponent_health":30,"my_armor":0,"opponent_armor":2,"my_hand":9,"opponent_hand":3,"my_board":[{"card_name":"Dark Peddler","card_health":2,"card_attack":2},{"card_name":"Sludge Belcher","card_health":5,"card_attack":3},{"card_name":"Twilight Drake","card_health":6,"card_attack":4}],"opponent_board":[{"card_name":"Slime","card_health":2,"card_attack":1}]},{"turn":25,"cards_played":["Shieldmaiden","Armorsmith","Armor Up!"],"current_player":"opponent","my_health":14,"opponent_health":30,"my_armor":0,"opponent_armor":9,"my_hand":9,"opponent_hand":2,"my_board":[{"card_name":"Dark Peddler","card_health":2,"card_attack":2},{"card_name":"Sludge Belcher","card_health":5,"card_attack":3},{"card_name":"Twilight Drake","card_health":6,"card_attack":4}],"opponent_board":[{"card_name":"Armorsmith","card_health":4,"card_attack":1},{"card_name":"Shieldmaiden","card_health":5,"card_attack":5},{"card_name":"Slime","card_health":2,"card_attack":1}]},{"turn":26,"cards_played":["Loatheb"],"current_player":"me","my_health":14,"opponent_health":30,"my_armor":0,"opponent_armor":8,"my_hand":9,"opponent_hand":2,"my_board":[{"card_name":"Dark Peddler","card_health":1,"card_attack":2},{"card_name":"Sludge Belcher","card_health":5,"card_attack":3},{"card_name":"Twilight Drake","card_health":5,"card_attack":4},{"card_name":"Loatheb","card_health":5,"card_attack":5}],"opponent_board":[{"card_name":"Shieldmaiden","card_health":5,"card_attack":5}]},{"turn":27,"cards_played":["Shieldmaiden","Armor Up!"],"current_player":"opponent","my_health":14,"opponent_health":30,"my_armor":0,"opponent_armor":14,"my_hand":9,"opponent_hand":2,"my_board":[{"card_name":"Dark Peddler","card_health":1,"card_attack":2},{"card_name":"Twilight Drake","card_health":5,"card_attack":4},{"card_name":"Loatheb","card_health":5,"card_attack":5}],"opponent_board":[{"card_name":"Shieldmaiden","card_health":2,"card_attack":5},{"card_name":"Shieldmaiden","card_health":5,"card_attack":5}]},{"turn":28,"cards_played":["Map to the Golden Monkey","Antique Healbot"],"current_player":"me","my_health":22,"opponent_health":30,"my_armor":0,"opponent_armor":10,"my_hand":9,"opponent_hand":2,"my_board":[{"card_name":"Antique Healbot","card_health":3,"card_attack":3},{"card_name":"Twilight Drake","card_health":5,"card_attack":4}],"opponent_board":[]},{"turn":29,"cards_played":["Armor Up!","Justicar Trueheart","Tank Up!"],"current_player":"opponent","my_health":22,"opponent_health":30,"my_armor":0,"opponent_armor":16,"my_hand":9,"opponent_hand":2,"my_board":[{"card_name":"Antique Healbot","card_health":3,"card_attack":3},{"card_name":"Twilight Drake","card_health":5,"card_attack":4}],"opponent_board":[{"card_name":"Justicar Trueheart","card_health":3,"card_attack":6}]},{"turn":30,"cards_played":["Dr. Boom"],"current_player":"me","my_health":22,"opponent_health":30,"my_armor":0,"opponent_armor":12,"my_hand":9,"opponent_hand":2,"my_board":[{"card_name":"Dr. Boom","card_health":7,"card_attack":7},{"card_name":"Twilight Drake","card_health":5,"card_attack":4},{"card_name":"Boom Bot","card_health":1,"card_attack":1},{"card_name":"Boom Bot","card_health":1,"card_attack":1}],"opponent_board":[]},{"turn":31,"cards_played":["Shield Slam","Tank Up!","Fiery War Axe"],"current_player":"opponent","my_health":22,"opponent_health":30,"my_armor":0,"opponent_armor":16,"my_hand":9,"opponent_hand":1,"my_board":[{"card_name":"Twilight Drake","card_health":5,"card_attack":4},{"card_name":"Boom Bot","card_health":1,"card_attack":1},{"card_name":"Boom Bot","card_health":1,"card_attack":1}],"opponent_board":[]},{"turn":32,"cards_played":["Stalagg"],"current_player":"me","my_health":22,"opponent_health":30,"my_armor":0,"opponent_armor":10,"my_hand":9,"opponent_hand":1,"my_board":[{"card_name":"Stalagg","card_health":4,"card_attack":7},{"card_name":"Twilight Drake","card_health":5,"card_attack":4},{"card_name":"Boom Bot","card_health":1,"card_attack":1},{"card_name":"Boom Bot","card_health":1,"card_attack":1}],"opponent_board":[]},{"turn":33,"cards_played":["Grommash Hellscream","Tank Up!"],"current_player":"opponent","my_health":22,"opponent_health":30,"my_armor":0,"opponent_armor":14,"my_hand":9,"opponent_hand":1,"my_board":[{"card_name":"Twilight Drake","card_health":5,"card_attack":4},{"card_name":"Boom Bot","card_health":1,"card_attack":1},{"card_name":"Boom Bot","card_health":1,"card_attack":1},{"card_name":"Thaddius","card_health":11,"card_attack":11}],"opponent_board":[{"card_name":"Grommash Hellscream","card_health":2,"card_attack":10}]},{"turn":34,"cards_played":["Lord Jaraxxus","INFERNO!"],"current_player":"me","my_health":15,"opponent_health":22,"my_armor":0,"opponent_armor":0,"my_hand":9,"opponent_hand":1,"my_board":[{"card_name":"Twilight Drake","card_health":5,"card_attack":4},{"card_name":"Thaddius","card_health":11,"card_attack":11},{"card_name":"Lord Jaraxxus","card_health":15,"card_attack":3},{"card_name":"Infernal","card_health":6,"card_attack":6}],"opponent_board":[]},{"turn":35,"cards_played":["Brawl","Tank Up!"],"current_player":"opponent","my_health":15,"opponent_health":22,"my_armor":0,"opponent_armor":4,"my_hand":9,"opponent_hand":1,"my_board":[{"card_name":"Lord Jaraxxus","card_health":15,"card_attack":0},{"card_name":"Infernal","card_health":6,"card_attack":6}],"opponent_board":[]},{"turn":36,"cards_played":["INFERNO!"],"current_player":"me","my_health":15,"opponent_health":17,"my_armor":0,"opponent_armor":0,"my_hand":10,"opponent_hand":1,"my_board":[{"card_name":"Lord Jaraxxus","card_health":15,"card_attack":3},{"card_name":"Infernal","card_health":6,"card_attack":6},{"card_name":"Infernal","card_health":6,"card_attack":6}],"opponent_board":[]},{"turn":37,"cards_played":["Execute","Big Game Hunter","Tank Up!"],"current_player":"opponent","my_health":15,"opponent_health":11,"my_armor":0,"opponent_armor":4,"my_hand":10,"opponent_hand":0,"my_board":[{"card_name":"Lord Jaraxxus","card_health":15,"card_attack":0},{"card_name":"Infernal","card_health":6,"card_attack":6}],"opponent_board":[{"card_name":"Big Game Hunter","card_health":2,"card_attack":4}]},{"turn":38,"cards_played":["Darkbomb","Soulfire"],"current_player":"me","my_health":15,"opponent_health":-1,"my_armor":0,"opponent_armor":0,"my_hand":7,"opponent_hand":0,"my_board":[{"card_name":"Lord Jaraxxus","card_health":15,"card_attack":3},{"card_name":"Infernal","card_health":6,"card_attack":6}],"opponent_board":[{"card_name":"Big Game Hunter","card_health":2,"card_attack":4}]}],"result":"victory"}