{"plays":[{"turn":1,"cards_played":[],"current_player":"opponent","my_health":0,"opponent_health":0,"my_armor":0,"opponent_armor":0,"my_hand":1,"opponent_hand":0,"my_board":[],"opponent_board":[]},{"turn":2,"cards_played":["Zombie Chow"],"current_player":"me","my_health":30,"opponent_health":30,"my_armor":0,"opponent_armor":0,"my_hand":5,"opponent_hand":4,"my_board":[{"card_name":"Zombie Chow","card_health":3,"card_attack":2}],"opponent_board":[]},{"turn":3,"cards_played":["Acidic Swamp Ooze"],"current_player":"opponent","my_health":30,"opponent_health":30,"my_armor":0,"opponent_armor":0,"my_hand":5,"opponent_hand":4,"my_board":[{"card_name":"Zombie Chow","card_health":3,"card_attack":2}],"opponent_board":[{"card_name":"Acidic Swamp Ooze","card_health":2,"card_attack":3}]},{"turn":4,"cards_played":["The Coin","Flesheating Ghoul"],"current_player":"me","my_health":30,"opponent_health":30,"my_armor":0,"opponent_armor":0,"my_hand":4,"opponent_hand":4,"my_board":[{"card_name":"Flesheating Ghoul","card_health":3,"card_attack":2}],"opponent_board":[]},{"turn":5,"cards_played":["Frostbolt"],"current_player":"opponent","my_health":30,"opponent_health":30,"my_armor":0,"opponent_armor":0,"my_hand":4,"opponent_hand":4,"my_board":[],"opponent_board":[]},{"turn":6,"cards_played":["Demolisher"],"current_player":"me","my_health":30,"opponent_health":30,"my_armor":0,"opponent_armor":0,"my_hand":4,"opponent_hand":4,"my_board":[{"card_name":"Demolisher","card_health":4,"card_attack":1}],"opponent_board":[]},{"turn":7,"cards_played":["Sen'jin Shieldmasta"],"current_player":"opponent","my_health":30,"opponent_health":30,"my_armor":0,"opponent_armor":0,"my_hand":4,"opponent_hand":4,"my_board":[{"card_name":"Demolisher","card_health":4,"card_attack":1}],"opponent_board":[{"card_name":"Sen'jin Shieldmasta","card_health":5,"card_attack":3}]},{"turn":8,"cards_played":["Shadow Bolt","Flame Imp"],"current_player":"me","my_health":27,"opponent_health":29,"my_armor":0,"opponent_armor":0,"my_hand":3,"opponent_hand":4,"my_board":[{"card_name":"Demolisher","card_health":4,"card_attack":1},{"card_name":"Flame Imp","card_health":2,"card_attack":3}],"opponent_board":[]},{"turn":9,"cards_played":["Water Elemental"],"current_player":"opponent","my_health":27,"opponent_health":29,"my_armor":0,"opponent_armor":0,"my_hand":3,"opponent_hand":4,"my_board":[{"card_name":"Demolisher","card_health":4,"card_attack":1},{"card_name":"Flame Imp","card_health":2,"card_attack":3}],"opponent_board":[{"card_name":"Water Elemental","card_health":6,"card_attack":3}]},{"turn":10,"cards_played":["Crazed Alchemist","Imp Master"],"current_player":"me","my_health":27,"opponent_health":26,"my_armor":0,"opponent_armor":0,"my_hand":2,"opponent_hand":4,"my_board":[{"card_name":"Demolisher","card_health":4,"card_attack":1},{"card_name":"Crazed Alchemist","card_health":2,"card_attack":2},{"card_name":"Imp Master","card_health":4,"card_attack":1},{"card_name":"Imp","card_health":1,"card_attack":1}],"opponent_board":[]},{"turn":11,"cards_played":["Refreshment Vendor","Fireblast","Fireblast"],"current_player":"opponent","my_health":30,"opponent_health":30,"my_armor":0,"opponent_armor":0,"my_hand":2,"opponent_hand":4,"my_board":[{"card_name":"Demolisher","card_health":4,"card_attack":1},{"card_name":"Crazed Alchemist","card_health":2,"card_attack":2},{"card_name":"Imp Master","card_health":4,"card_attack":1}],"opponent_board":[{"card_name":"Refreshment Vendor","card_health":5,"card_attack":3}]},{"turn":12,"cards_played":["Clockwork Knight","Mortal Coil"],"current_player":"me","my_health":30,"opponent_health":27,"my_armor":0,"opponent_armor":0,"my_hand":2,"opponent_hand":4,"my_board":[{"card_name":"Demolisher","card_health":5,"card_attack":2},{"card_name":"Clockwork Knight","card_health":5,"card_attack":5},{"card_name":"Imp Master","card_health":3,"card_attack":1},{"card_name":"Imp","card_health":1,"card_attack":1}],"opponent_board":[]},{"turn":13,"cards_played":["Frost Elemental"],"current_player":"opponent","my_health":30,"opponent_health":27,"my_armor":0,"opponent_armor":0,"my_hand":2,"opponent_hand":4,"my_board":[{"card_name":"Demolisher","card_health":5,"card_attack":2},{"card_name":"Clockwork Knight","card_health":5,"card_attack":5},{"card_name":"Imp Master","card_health":3,"card_attack":1},{"card_name":"Imp","card_health":1,"card_attack":1}],"opponent_board":[{"card_name":"Frost Elemental","card_health":5,"card_attack":5}]},{"turn":14,"cards_played":["Life Tap","Haunted Creeper","Power Overwhelming"],"current_player":"me","my_health":28,"opponent_health":22,"my_armor":0,"opponent_armor":0,"my_hand":2,"opponent_hand":4,"my_board":[{"card_name":"Demolisher","card_health":5,"card_attack":2},{"card_name":"Clockwork Knight","card_health":5,"card_attack":5},{"card_name":"Imp Master","card_health":2,"card_attack":1},{"card_name":"Haunted Creeper","card_health":2,"card_attack":1},{"card_name":"Imp","card_health":1,"card_attack":1}],"opponent_board":[]},{"turn":15,"cards_played":["Evil Heckler","Faerie Dragon","Fireblast","Fireblast"],"current_player":"opponent","my_health":28,"opponent_health":22,"my_armor":0,"opponent_armor":0,"my_hand":2,"opponent_hand":3,"my_board":[{"card_name":"Demolisher","card_health":5,"card_attack":2},{"card_name":"Clockwork Knight","card_health":5,"card_attack":5},{"card_name":"Imp Master","card_health":2,"card_attack":1},{"card_name":"Haunted Creeper","card_health":2,"card_attack":1}],"opponent_board":[{"card_name":"Faerie Dragon","card_health":2,"card_attack":3},{"card_name":"Evil Heckler","card_health":4,"card_attack":5}]},{"turn":16,"cards_played":["Captured Jormungar"],"current_player":"me","my_health":28,"opponent_health":18,"my_armor":0,"opponent_armor":0,"my_hand":2,"opponent_hand":3,"my_board":[{"card_name":"Captured Jormungar","card_health":9,"card_attack":5},{"card_name":"Demolisher","card_health":2,"card_attack":2},{"card_name":"Imp Master","card_health":1,"card_attack":1},{"card_name":"Haunted Creeper","card_health":2,"card_attack":1},{"card_name":"Imp","card_health":1,"card_attack":1}],"opponent_board":[]},{"turn":17,"cards_played":["Flamestrike","Fireblast","Fireblast"],"current_player":"opponent","my_health":28,"opponent_health":18,"my_armor":0,"opponent_armor":0,"my_hand":2,"opponent_hand":3,"my_board":[{"card_name":"Captured Jormungar","card_health":5,"card_attack":5},{"card_name":"Spectral Spider","card_health":1,"card_attack":1}],"opponent_board":[]},{"turn":18,"cards_played":["Life Tap","Earthen Ring Farseer","Chillwind Yeti"],"current_player":"me","my_health":26,"opponent_health":12,"my_armor":0,"opponent_armor":0,"my_hand":2,"opponent_hand":3,"my_board":[{"card_name":"Captured Jormungar","card_health":8,"card_attack":5},{"card_name":"Earthen Ring Farseer","card_health":3,"card_attack":3},{"card_name":"Chillwind Yeti","card_health":5,"card_attack":4},{"card_name":"Spectral Spider","card_health":1,"card_attack":1}],"opponent_board":[]},{"turn":19,"cards_played":["Polymorph","Fireblast","Fireblast","Eerie Statue"],"current_player":"opponent","my_health":26,"opponent_health":12,"my_armor":0,"opponent_armor":0,"my_hand":2,"opponent_hand":2,"my_board":[{"card_name":"Earthen Ring Farseer","card_health":3,"card_attack":3},{"card_name":"Chillwind Yeti","card_health":5,"card_attack":4},{"card_name":"Spectral Spider","card_health":1,"card_attack":1}],"opponent_board":[{"card_name":"Eerie Statue","card_health":7,"card_attack":7}]},{"turn":20,"cards_played":["Life Tap","Boulderfist Ogre"],"current_player":"me","my_health":24,"opponent_health":4,"my_armor":0,"opponent_armor":0,"my_hand":3,"opponent_hand":2,"my_board":[{"card_name":"Boulderfist Ogre","card_health":7,"card_attack":6},{"card_name":"Earthen Ring Farseer","card_health":3,"card_attack":3},{"card_name":"Chillwind Yeti","card_health":5,"card_attack":4},{"card_name":"Spectral Spider","card_health":1,"card_attack":1}],"opponent_board":[{"card_name":"Eerie Statue","card_health":7,"card_attack":7}]},{"turn":21,"cards_played":[],"current_player":"opponent","my_health":24,"opponent_health":4,"my_armor":0,"opponent_armor":0,"my_hand":3,"opponent_hand":3,"my_board":[{"card_name":"Boulderfist Ogre","card_health":7,"card_attack":6},{"card_name":"Earthen Ring Farseer","card_health":3,"card_attack":3},{"card_name":"Chillwind Yeti","card_health":5,"card_attack":4},{"card_name":"Spectral Spider","card_health":1,"card_attack":1}],"opponent_board":[{"card_name":"Eerie Statue","card_health":7,"card_attack":7}]}],"result":"victory"}