{"plays":[{"turn":1,"cards_played":[],"current_player":"opponent","my_health":0,"opponent_health":0,"my_armor":0,"opponent_armor":0,"my_hand":1,"opponent_hand":0,"my_board":[],"opponent_board":[]},{"turn":2,"cards_played":["The Coin","Micro Machine"],"current_player":"opponent","my_health":30,"opponent_health":30,"my_armor":0,"opponent_armor":0,"my_hand":4,"opponent_hand":3,"my_board":[{"card_name":"Micro Machine","card_health":2,"card_attack":1}],"opponent_board":[]},{"turn":3,"cards_played":["Haunted Creeper"],"current_player":"opponent","my_health":30,"opponent_health":30,"my_armor":0,"opponent_armor":0,"my_hand":4,"opponent_hand":3,"my_board":[{"card_name":"Micro Machine","card_health":2,"card_attack":2}],"opponent_board":[{"card_name":"Haunted Creeper","card_health":2,"card_attack":1}]},{"turn":4,"cards_played":["Crazed Alchemist"],"current_player":"me","my_health":30,"opponent_health":28,"my_armor":0,"opponent_armor":0,"my_hand":4,"opponent_hand":3,"my_board":[{"card_name":"Micro Machine","card_health":3,"card_attack":2},{"card_name":"Crazed Alchemist","card_health":2,"card_attack":2}],"opponent_board":[{"card_name":"Haunted Creeper","card_health":2,"card_attack":1}]},{"turn":5,"cards_played":["Reinforce"],"current_player":"opponent","my_health":29,"opponent_health":28,"my_armor":0,"opponent_armor":0,"my_hand":4,"opponent_hand":4,"my_board":[{"card_name":"Micro Machine","card_health":3,"card_attack":3},{"card_name":"Crazed Alchemist","card_health":2,"card_attack":2}],"opponent_board":[{"card_name":"Haunted Creeper","card_health":2,"card_attack":1},{"card_name":"Silver Hand Recruit","card_health":1,"card_attack":1}]},{"turn":6,"cards_played":["Shadow Bolt"],"current_player":"me","my_health":29,"opponent_health":24,"my_armor":0,"opponent_armor":0,"my_hand":4,"opponent_hand":4,"my_board":[{"card_name":"Micro Machine","card_health":3,"card_attack":4},{"card_name":"Crazed Alchemist","card_health":1,"card_attack":2}],"opponent_board":[{"card_name":"Spectral Spider","card_health":1,"card_attack":1},{"card_name":"Spectral Spider","card_health":1,"card_attack":1}]},{"turn":7,"cards_played":["Truesilver Champion"],"current_player":"opponent","my_health":28,"opponent_health":21,"my_armor":0,"opponent_armor":0,"my_hand":4,"opponent_hand":4,"my_board":[],"opponent_board":[{"card_name":"Spectral Spider","card_health":1,"card_attack":1}]},{"turn":8,"cards_played":["Imp Gang Boss","Flame Imp"],"current_player":"me","my_health":28,"opponent_health":21,"my_armor":0,"opponent_armor":0,"my_hand":3,"opponent_hand":4,"my_board":[{"card_name":"Flame Imp","card_health":2,"card_attack":3},{"card_name":"Imp Gang Boss","card_health":4,"card_attack":2}],"opponent_board":[{"card_name":"Spectral Spider","card_health":1,"card_attack":1}]},{"turn":9,"cards_played":["Consecration"],"current_player":"opponent","my_health":22,"opponent_health":21,"my_armor":0,"opponent_armor":0,"my_hand":3,"opponent_hand":4,"my_board":[],"opponent_board":[{"card_name":"Spectral Spider","card_health":1,"card_attack":1}]},{"turn":10,"cards_played":["Life Tap","Earthen Ring Farseer"],"current_player":"me","my_health":20,"opponent_health":21,"my_armor":0,"opponent_armor":0,"my_hand":4,"opponent_hand":4,"my_board":[{"card_name":"Earthen Ring Farseer","card_health":3,"card_attack":3}],"opponent_board":[{"card_name":"Spectral Spider","card_health":1,"card_attack":1}]},{"turn":11,"cards_played":["Argent Lance","Spider Tank"],"current_player":"opponent","my_health":23,"opponent_health":18,"my_armor":0,"opponent_armor":0,"my_hand":4,"opponent_hand":3,"my_board":[],"opponent_board":[{"card_name":"Spider Tank","card_health":4,"card_attack":3}]},{"turn":12,"cards_played":["Dread Infernal"],"current_player":"me","my_health":23,"opponent_health":18,"my_armor":0,"opponent_armor":0,"my_hand":4,"opponent_hand":3,"my_board":[{"card_name":"Dread Infernal","card_health":6,"card_attack":6}],"opponent_board":[{"card_name":"Spider Tank","card_health":4,"card_attack":3}]},{"turn":13,"cards_played":["Equality","Silver Hand Regent","Reinforce"],"current_player":"opponent","my_health":19,"opponent_health":11,"my_armor":0,"opponent_armor":0,"my_hand":4,"opponent_hand":2,"my_board":[],"opponent_board":[{"card_name":"Silver Hand Regent","card_health":3,"card_attack":3},{"card_name":"Spider Tank","card_health":1,"card_attack":3},{"card_name":"Silver Hand Recruit","card_health":1,"card_attack":1},{"card_name":"Silver Hand Recruit","card_health":1,"card_attack":1}]},{"turn":14,"cards_played":["Hellfire","Life Tap"],"current_player":"me","my_health":14,"opponent_health":8,"my_armor":0,"opponent_armor":0,"my_hand":5,"opponent_hand":2,"my_board":[],"opponent_board":[]},{"turn":15,"cards_played":["Murloc Knight","Argent Squire","Reinforce"],"current_player":"opponent","my_health":14,"opponent_health":8,"my_armor":0,"opponent_armor":0,"my_hand":5,"opponent_hand":1,"my_board":[],"opponent_board":[{"card_name":"Murloc Knight","card_health":4,"card_attack":3},{"card_name":"Argent Squire","card_health":1,"card_attack":1},{"card_name":"Silver Hand Recruit","card_health":1,"card_attack":1},{"card_name":"Murloc Warleader","card_health":3,"card_attack":3}]},{"turn":16,"cards_played":["Knife Juggler","Chillwind Yeti","Haunted Creeper"],"current_player":"me","my_health":14,"opponent_health":7,"my_armor":0,"opponent_armor":0,"my_hand":3,"opponent_hand":1,"my_board":[{"card_name":"Knife Juggler","card_health":2,"card_attack":3},{"card_name":"Chillwind Yeti","card_health":5,"card_attack":4},{"card_name":"Haunted Creeper","card_health":2,"card_attack":1}],"opponent_board":[{"card_name":"Murloc Knight","card_health":5,"card_attack":5},{"card_name":"Argent Squire","card_health":1,"card_attack":1},{"card_name":"Silver Hand Recruit","card_health":1,"card_attack":1},{"card_name":"Murloc Warleader","card_health":3,"card_attack":3}]},{"turn":17,"cards_played":["North Sea Kraken"],"current_player":"opponent","my_health":5,"opponent_health":6,"my_armor":0,"opponent_armor":0,"my_hand":3,"opponent_hand":1,"my_board":[{"card_name":"Knife Juggler","card_health":2,"card_attack":3},{"card_name":"Chillwind Yeti","card_health":5,"card_attack":4},{"card_name":"Haunted Creeper","card_health":2,"card_attack":1}],"opponent_board":[{"card_name":"Murloc Knight","card_health":5,"card_attack":5},{"card_name":"Argent Squire","card_health":1,"card_attack":1},{"card_name":"North Sea Kraken","card_health":7,"card_attack":9},{"card_name":"Silver Hand Recruit","card_health":1,"card_attack":1},{"card_name":"Murloc Warleader","card_health":3,"card_attack":3}]}],"result":"defeat"}