{"plays":[{"turn":1,"cards_played":[],"current_player":"me","my_health":0,"opponent_health":0,"my_armor":0,"opponent_armor":0,"my_hand":0,"opponent_hand":1,"my_board":[],"opponent_board":[]},{"turn":2,"cards_played":["The Coin","Webspinner","Webspinner"],"current_player":"opponent","my_health":30,"opponent_health":30,"my_armor":0,"opponent_armor":0,"my_hand":4,"opponent_hand":3,"my_board":[],"opponent_board":[{"card_name":"Webspinner","card_health":1,"card_attack":1},{"card_name":"Webspinner","card_health":1,"card_attack":1}]},{"turn":3,"cards_played":["Life Tap"],"current_player":"me","my_health":28,"opponent_health":30,"my_armor":0,"opponent_armor":0,"my_hand":6,"opponent_hand":3,"my_board":[],"opponent_board":[{"card_name":"Webspinner","card_health":1,"card_attack":1},{"card_name":"Webspinner","card_health":1,"card_attack":1}]},{"turn":4,"cards_played":["Haunted Creeper"],"current_player":"opponent","my_health":26,"opponent_health":30,"my_armor":0,"opponent_armor":0,"my_hand":6,"opponent_hand":3,"my_board":[],"opponent_board":[{"card_name":"Webspinner","card_health":1,"card_attack":1},{"card_name":"Webspinner","card_health":1,"card_attack":1},{"card_name":"Haunted Creeper","card_health":2,"card_attack":1}]},{"turn":5,"cards_played":["Dark Peddler","Blood Imp"],"current_player":"me","my_health":26,"opponent_health":30,"my_armor":0,"opponent_armor":0,"my_hand":6,"opponent_hand":3,"my_board":[{"card_name":"Dark Peddler","card_health":2,"card_attack":2},{"card_name":"Blood Imp","card_health":1,"card_attack":0}],"opponent_board":[{"card_name":"Webspinner","card_health":1,"card_attack":1},{"card_name":"Webspinner","card_health":1,"card_attack":1},{"card_name":"Haunted Creeper","card_health":2,"card_attack":1}]},{"turn":6,"cards_played":["Animal Companion"],"current_player":"opponent","my_health":24,"opponent_health":30,"my_armor":0,"opponent_armor":0,"my_hand":6,"opponent_hand":5,"my_board":[{"card_name":"Blood Imp","card_health":1,"card_attack":0}],"opponent_board":[{"card_name":"Haunted Creeper","card_health":2,"card_attack":2},{"card_name":"Leokk","card_health":4,"card_attack":2}]},{"turn":7,"cards_played":["Refreshment Vendor"],"current_player":"me","my_health":28,"opponent_health":30,"my_armor":0,"opponent_armor":0,"my_hand":6,"opponent_hand":5,"my_board":[{"card_name":"Refreshment Vendor","card_health":5,"card_attack":3},{"card_name":"Blood Imp","card_health":1,"card_attack":0}],"opponent_board":[{"card_name":"Haunted Creeper","card_health":2,"card_attack":2},{"card_name":"Leokk","card_health":4,"card_attack":2}]},{"turn":8,"cards_played":["Piloted Shredder"],"current_player":"opponent","my_health":24,"opponent_health":30,"my_armor":0,"opponent_armor":0,"my_hand":6,"opponent_hand":5,"my_board":[{"card_name":"Refreshment Vendor","card_health":6,"card_attack":3},{"card_name":"Blood Imp","card_health":1,"card_attack":0}],"opponent_board":[{"card_name":"Piloted Shredder","card_health":3,"card_attack":5},{"card_name":"Haunted Creeper","card_health":2,"card_attack":2},{"card_name":"Leokk","card_health":4,"card_attack":2}]},{"turn":9,"cards_played":["Imp-losion"],"current_player":"me","my_health":24,"opponent_health":30,"my_armor":0,"opponent_armor":0,"my_hand":6,"opponent_hand":5,"my_board":[{"card_name":"Refreshment Vendor","card_health":4,"card_attack":3},{"card_name":"Blood Imp","card_health":1,"card_attack":0},{"card_name":"Imp","card_health":1,"card_attack":1},{"card_name":"Imp","card_health":1,"card_attack":1},{"card_name":"Imp","card_health":1,"card_attack":1}],"opponent_board":[{"card_name":"Piloted Shredder","card_health":3,"card_attack":4},{"card_name":"Haunted Creeper","card_health":2,"card_attack":1}]},{"turn":10,"cards_played":["Unleash the Hounds","Knife Juggler"],"current_player":"opponent","my_health":21,"opponent_health":30,"my_armor":0,"opponent_armor":0,"my_hand":6,"opponent_hand":4,"my_board":[{"card_name":"Blood Imp","card_health":1,"card_attack":0}],"opponent_board":[{"card_name":"Knife Juggler","card_health":2,"card_attack":3},{"card_name":"Haunted Creeper","card_health":1,"card_attack":1},{"card_name":"Hound","card_health":1,"card_attack":1},{"card_name":"Hound","card_health":1,"card_attack":1},{"card_name":"Hound","card_health":1,"card_attack":1},{"card_name":"Lance Carrier","card_health":2,"card_attack":1}]},{"turn":11,"cards_played":["Hellfire"],"current_player":"me","my_health":18,"opponent_health":27,"my_armor":0,"opponent_armor":0,"my_hand":6,"opponent_hand":4,"my_board":[],"opponent_board":[{"card_name":"Spectral Spider","card_health":1,"card_attack":1},{"card_name":"Spectral Spider","card_health":1,"card_attack":1}]},{"turn":12,"cards_played":["Tomb Spider","Mad Scientist"],"current_player":"opponent","my_health":16,"opponent_health":27,"my_armor":0,"opponent_armor":0,"my_hand":6,"opponent_hand":4,"my_board":[],"opponent_board":[{"card_name":"Mad Scientist","card_health":2,"card_attack":2},{"card_name":"Tomb Spider","card_health":3,"card_attack":3},{"card_name":"Spectral Spider","card_health":1,"card_attack":1},{"card_name":"Spectral Spider","card_health":1,"card_attack":1}]},{"turn":13,"cards_played":["Life Tap","Loatheb"],"current_player":"me","my_health":14,"opponent_health":27,"my_armor":0,"opponent_armor":0,"my_hand":7,"opponent_hand":4,"my_board":[{"card_name":"Loatheb","card_health":5,"card_attack":5}],"opponent_board":[{"card_name":"Mad Scientist","card_health":2,"card_attack":2},{"card_name":"Tomb Spider","card_health":3,"card_attack":3},{"card_name":"Spectral Spider","card_health":1,"card_attack":1},{"card_name":"Spectral Spider","card_health":1,"card_attack":1}]},{"turn":14,"cards_played":["Savannah Highmane"],"current_player":"opponent","my_health":7,"opponent_health":27,"my_armor":0,"opponent_armor":0,"my_hand":7,"opponent_hand":4,"my_board":[{"card_name":"Loatheb","card_health":5,"card_attack":5}],"opponent_board":[{"card_name":"Mad Scientist","card_health":2,"card_attack":2},{"card_name":"Savannah Highmane","card_health":5,"card_attack":6},{"card_name":"Tomb Spider","card_health":3,"card_attack":3},{"card_name":"Spectral Spider","card_health":1,"card_attack":1},{"card_name":"Spectral Spider","card_health":1,"card_attack":1}]},{"turn":15,"cards_played":["Life Tap","Reno Jackson"],"current_player":"me","my_health":30,"opponent_health":27,"my_armor":0,"opponent_armor":0,"my_hand":8,"opponent_hand":4,"my_board":[{"card_name":"Reno Jackson","card_health":6,"card_attack":4}],"opponent_board":[{"card_name":"Mad Scientist","card_health":2,"card_attack":2},{"card_name":"Tomb Spider","card_health":3,"card_attack":3},{"card_name":"Spectral Spider","card_health":1,"card_attack":1},{"card_name":"Spectral Spider","card_health":1,"card_attack":1},{"card_name":"Hyena","card_health":2,"card_attack":2},{"card_name":"Hyena","card_health":2,"card_attack":2}]},{"turn":16,"cards_played":["Kill Command","Tundra Rhino"],"current_player":"opponent","my_health":18,"opponent_health":27,"my_armor":0,"opponent_armor":0,"my_hand":8,"opponent_hand":3,"my_board":[],"opponent_board":[{"card_name":"Mad Scientist","card_health":2,"card_attack":2},{"card_name":"Tomb Spider","card_health":3,"card_attack":3},{"card_name":"Spectral Spider","card_health":1,"card_attack":1},{"card_name":"Tundra Rhino","card_health":5,"card_attack":2},{"card_name":"Hyena","card_health":2,"card_attack":2},{"card_name":"Hyena","card_health":2,"card_attack":2}]},{"turn":17,"cards_played":["Sludge Belcher","Elise Starseeker"],"current_player":"me","my_health":18,"opponent_health":27,"my_armor":0,"opponent_armor":0,"my_hand":7,"opponent_hand":3,"my_board":[{"card_name":"Elise Starseeker","card_health":5,"card_attack":3},{"card_name":"Sludge Belcher","card_health":5,"card_attack":3}],"opponent_board":[{"card_name":"Mad Scientist","card_health":2,"card_attack":2},{"card_name":"Tomb Spider","card_health":3,"card_attack":3},{"card_name":"Spectral Spider","card_health":1,"card_attack":1},{"card_name":"Tundra Rhino","card_health":5,"card_attack":2},{"card_name":"Hyena","card_health":2,"card_attack":2},{"card_name":"Hyena","card_health":2,"card_attack":2}]},{"turn":18,"cards_played":["Ironbeak Owl","Steady Shot"],"current_player":"opponent","my_health":2,"opponent_health":27,"my_armor":0,"opponent_armor":0,"my_hand":7,"opponent_hand":2,"my_board":[{"card_name":"Elise Starseeker","card_health":5,"card_attack":3},{"card_name":"Sludge Belcher","card_health":5,"card_attack":3}],"opponent_board":[{"card_name":"Mad Scientist","card_health":2,"card_attack":2},{"card_name":"Ironbeak Owl","card_health":1,"card_attack":2},{"card_name":"Tomb Spider","card_health":3,"card_attack":3},{"card_name":"Spectral Spider","card_health":1,"card_attack":1},{"card_name":"Tundra Rhino","card_health":5,"card_attack":2},{"card_name":"Hyena","card_health":2,"card_attack":2},{"card_name":"Hyena","card_health":2,"card_attack":2}]},{"turn":19,"cards_played":["Life Tap"],"current_player":"me","my_health":0,"opponent_health":27,"my_armor":0,"opponent_armor":0,"my_hand":9,"opponent_hand":2,"my_board":[{"card_name":"Elise Starseeker","card_health":5,"card_attack":3},{"card_name":"Sludge Belcher","card_health":3,"card_attack":3}],"opponent_board":[{"card_name":"Ironbeak Owl","card_health":1,"card_attack":2},{"card_name":"Tomb Spider","card_health":3,"card_attack":3},{"card_name":"Spectral Spider","card_health":1,"card_attack":1},{"card_name":"Tundra Rhino","card_health":5,"card_attack":2},{"card_name":"Hyena","card_health":2,"card_attack":2},{"card_name":"Hyena","card_health":2,"card_attack":2}]}],"result":"defeat"}