{"plays":[{"turn":1,"cards_played":[],"current_player":"me","my_health":0,"opponent_health":0,"my_armor":0,"opponent_armor":0,"my_hand":0,"opponent_hand":1,"my_board":[],"opponent_board":[]},{"turn":2,"cards_played":["Zombie Chow"],"current_player":"me","my_health":30,"opponent_health":30,"my_armor":0,"opponent_armor":0,"my_hand":5,"opponent_hand":4,"my_board":[{"card_name":"Zombie Chow","card_health":3,"card_attack":2}],"opponent_board":[]},{"turn":3,"cards_played":["Dark Peddler"],"current_player":"opponent","my_health":30,"opponent_health":30,"my_armor":0,"opponent_armor":0,"my_hand":5,"opponent_hand":5,"my_board":[{"card_name":"Zombie Chow","card_health":3,"card_attack":2}],"opponent_board":[{"card_name":"Dark Peddler","card_health":2,"card_attack":2}]},{"turn":4,"cards_played":["Life Tap"],"current_player":"me","my_health":28,"opponent_health":30,"my_armor":0,"opponent_armor":0,"my_hand":7,"opponent_hand":5,"my_board":[{"card_name":"Zombie Chow","card_health":1,"card_attack":2}],"opponent_board":[]},{"turn":5,"cards_played":["Imp Gang Boss"],"current_player":"opponent","my_health":28,"opponent_health":30,"my_armor":0,"opponent_armor":0,"my_hand":7,"opponent_hand":5,"my_board":[{"card_name":"Zombie Chow","card_health":1,"card_attack":2}],"opponent_board":[{"card_name":"Imp Gang Boss","card_health":4,"card_attack":2}]},{"turn":6,"cards_played":["Life Tap"],"current_player":"me","my_health":26,"opponent_health":28,"my_armor":0,"opponent_armor":0,"my_hand":9,"opponent_hand":5,"my_board":[{"card_name":"Zombie Chow","card_health":1,"card_attack":2}],"opponent_board":[{"card_name":"Imp Gang Boss","card_health":4,"card_attack":2}]},{"turn":7,"cards_played":["Imp Gang Boss","Voidwalker"],"current_player":"opponent","my_health":26,"opponent_health":30,"my_armor":0,"opponent_armor":0,"my_hand":9,"opponent_hand":4,"my_board":[],"opponent_board":[{"card_name":"Voidwalker","card_health":3,"card_attack":1},{"card_name":"Imp Gang Boss","card_health":2,"card_attack":2},{"card_name":"Imp Gang Boss","card_health":4,"card_attack":2},{"card_name":"Imp","card_health":1,"card_attack":1}]},{"turn":8,"cards_played":["Twilight Drake"],"current_player":"me","my_health":26,"opponent_health":30,"my_armor":0,"opponent_armor":0,"my_hand":9,"opponent_hand":4,"my_board":[{"card_name":"Twilight Drake","card_health":1,"card_attack":4}],"opponent_board":[{"card_name":"Voidwalker","card_health":3,"card_attack":1},{"card_name":"Imp Gang Boss","card_health":2,"card_attack":2},{"card_name":"Imp Gang Boss","card_health":4,"card_attack":2},{"card_name":"Imp","card_health":1,"card_attack":1}]},{"turn":9,"cards_played":["Loatheb"],"current_player":"opponent","my_health":20,"opponent_health":30,"my_armor":0,"opponent_armor":0,"my_hand":9,"opponent_hand":4,"my_board":[{"card_name":"Twilight Drake","card_health":10,"card_attack":4}],"opponent_board":[{"card_name":"Loatheb","card_health":5,"card_attack":5},{"card_name":"Voidwalker","card_health":3,"card_attack":1},{"card_name":"Imp Gang Boss","card_health":2,"card_attack":2},{"card_name":"Imp Gang Boss","card_health":4,"card_attack":2},{"card_name":"Imp","card_health":1,"card_attack":1}]},{"turn":10,"cards_played":["Feugen"],"current_player":"me","my_health":20,"opponent_health":30,"my_armor":0,"opponent_armor":0,"my_hand":9,"opponent_hand":4,"my_board":[{"card_name":"Twilight Drake","card_health":9,"card_attack":4},{"card_name":"Feugen","card_health":7,"card_attack":4}],"opponent_board":[{"card_name":"Loatheb","card_health":5,"card_attack":5},{"card_name":"Imp Gang Boss","card_health":2,"card_attack":2},{"card_name":"Imp Gang Boss","card_health":4,"card_attack":2},{"card_name":"Imp","card_health":1,"card_attack":1}]},{"turn":11,"cards_played":["Dire Wolf Alpha","Voidwalker","Life Tap"],"current_player":"opponent","my_health":8,"opponent_health":28,"my_armor":0,"opponent_armor":0,"my_hand":9,"opponent_hand":4,"my_board":[{"card_name":"Twilight Drake","card_health":9,"card_attack":4},{"card_name":"Feugen","card_health":7,"card_attack":4}],"opponent_board":[{"card_name":"Loatheb","card_health":5,"card_attack":5},{"card_name":"Dire Wolf Alpha","card_health":2,"card_attack":2},{"card_name":"Imp Gang Boss","card_health":2,"card_attack":2},{"card_name":"Imp Gang Boss","card_health":4,"card_attack":3},{"card_name":"Voidwalker","card_health":3,"card_attack":2},{"card_name":"Imp","card_health":1,"card_attack":1}]},{"turn":12,"cards_played":["Siphon Soul","The Coin","Mortal Coil"],"current_player":"me","my_health":11,"opponent_health":28,"my_armor":0,"opponent_armor":0,"my_hand":8,"opponent_hand":4,"my_board":[{"card_name":"Twilight Drake","card_health":7,"card_attack":4},{"card_name":"Feugen","card_health":5,"card_attack":4}],"opponent_board":[{"card_name":"Imp Gang Boss","card_health":2,"card_attack":2},{"card_name":"Imp Gang Boss","card_health":4,"card_attack":2}]},{"turn":13,"cards_played":["Power Overwhelming","Doomguard"],"current_player":"opponent","my_health":-2,"opponent_health":28,"my_armor":0,"opponent_armor":0,"my_hand":8,"opponent_hand":1,"my_board":[{"card_name":"Twilight Drake","card_health":7,"card_attack":4},{"card_name":"Feugen","card_health":5,"card_attack":4}],"opponent_board":[{"card_name":"Imp Gang Boss","card_health":2,"card_attack":2},{"card_name":"Doomguard","card_health":7,"card_attack":5},{"card_name":"Imp Gang Boss","card_health":8,"card_attack":6}]}],"result":"defeat"}