{"plays":[{"turn":1,"cards_played":[],"current_player":"opponent","my_health":0,"opponent_health":0,"my_armor":0,"opponent_armor":0,"my_hand":1,"opponent_hand":0,"my_board":[],"opponent_board":[]},{"turn":2,"cards_played":["Tunnel Trogg","The Coin","Life Tap"],"current_player":"me","my_health":28,"opponent_health":30,"my_armor":0,"opponent_armor":0,"my_hand":6,"opponent_hand":3,"my_board":[],"opponent_board":[{"card_name":"Tunnel Trogg","card_health":3,"card_attack":1}]},{"turn":3,"cards_played":["Ancestral Knowledge"],"current_player":"opponent","my_health":25,"opponent_health":30,"my_armor":0,"opponent_armor":0,"my_hand":6,"opponent_hand":5,"my_board":[],"opponent_board":[{"card_name":"Tunnel Trogg","card_health":3,"card_attack":3}]},{"turn":4,"cards_played":["Darkbomb"],"current_player":"me","my_health":25,"opponent_health":30,"my_armor":0,"opponent_armor":0,"my_hand":6,"opponent_hand":5,"my_board":[],"opponent_board":[]},{"turn":5,"cards_played":["Sir Finley Mrrgglton"],"current_player":"opponent","my_health":25,"opponent_health":30,"my_armor":0,"opponent_armor":0,"my_hand":6,"opponent_hand":5,"my_board":[],"opponent_board":[{"card_name":"Sir Finley Mrrgglton","card_health":3,"card_attack":1}]},{"turn":6,"cards_played":["Dark Peddler","Lightwarden"],"current_player":"me","my_health":25,"opponent_health":30,"my_armor":0,"opponent_armor":0,"my_hand":6,"opponent_hand":5,"my_board":[{"card_name":"Dark Peddler","card_health":2,"card_attack":2},{"card_name":"Lightwarden","card_health":2,"card_attack":1}],"opponent_board":[{"card_name":"Sir Finley Mrrgglton","card_health":3,"card_attack":1}]},{"turn":7,"cards_played":["Feral Spirit"],"current_player":"opponent","my_health":24,"opponent_health":30,"my_armor":0,"opponent_armor":0,"my_hand":6,"opponent_hand":5,"my_board":[{"card_name":"Dark Peddler","card_health":2,"card_attack":2},{"card_name":"Lightwarden","card_health":2,"card_attack":1}],"opponent_board":[{"card_name":"Sir Finley Mrrgglton","card_health":3,"card_attack":1},{"card_name":"Spirit Wolf","card_health":3,"card_attack":2},{"card_name":"Spirit Wolf","card_health":3,"card_attack":2}]},{"turn":8,"cards_played":["Refreshment Vendor"],"current_player":"me","my_health":28,"opponent_health":30,"my_armor":0,"opponent_armor":0,"my_hand":6,"opponent_hand":5,"my_board":[{"card_name":"Refreshment Vendor","card_health":5,"card_attack":3},{"card_name":"Dark Peddler","card_health":2,"card_attack":2}],"opponent_board":[{"card_name":"Sir Finley Mrrgglton","card_health":3,"card_attack":1},{"card_name":"Spirit Wolf","card_health":3,"card_attack":2}]},{"turn":9,"cards_played":["Lightning Bolt","Lava Shock","Crackle"],"current_player":"opponent","my_health":16,"opponent_health":30,"my_armor":0,"opponent_armor":0,"my_hand":6,"opponent_hand":3,"my_board":[{"card_name":"Refreshment Vendor","card_health":5,"card_attack":3},{"card_name":"Dark Peddler","card_health":2,"card_attack":2}],"opponent_board":[{"card_name":"Sir Finley Mrrgglton","card_health":3,"card_attack":1},{"card_name":"Spirit Wolf","card_health":3,"card_attack":2}]},{"turn":10,"cards_played":["Life Tap","Imp Gang Boss"],"current_player":"me","my_health":14,"opponent_health":28,"my_armor":0,"opponent_armor":0,"my_hand":7,"opponent_hand":3,"my_board":[{"card_name":"Refreshment Vendor","card_health":3,"card_attack":3},{"card_name":"Dark Peddler","card_health":2,"card_attack":2},{"card_name":"Imp Gang Boss","card_health":4,"card_attack":2}],"opponent_board":[{"card_name":"Sir Finley Mrrgglton","card_health":3,"card_attack":1}]},{"turn":11,"cards_played":["Lava Burst","Leper Gnome"],"current_player":"opponent","my_health":8,"opponent_health":28,"my_armor":0,"opponent_armor":0,"my_hand":7,"opponent_hand":2,"my_board":[{"card_name":"Refreshment Vendor","card_health":3,"card_attack":3},{"card_name":"Dark Peddler","card_health":2,"card_attack":2},{"card_name":"Imp Gang Boss","card_health":4,"card_attack":2}],"opponent_board":[{"card_name":"Sir Finley Mrrgglton","card_health":3,"card_attack":1},{"card_name":"Leper Gnome","card_health":1,"card_attack":2}]},{"turn":12,"cards_played":["Molten Giant","Antique Healbot"],"current_player":"me","my_health":14,"opponent_health":26,"my_armor":0,"opponent_armor":0,"my_hand":6,"opponent_hand":2,"my_board":[{"card_name":"Refreshment Vendor","card_health":2,"card_attack":3},{"card_name":"Molten Giant","card_health":8,"card_attack":8},{"card_name":"Antique Healbot","card_health":3,"card_attack":3},{"card_name":"Dark Peddler","card_health":2,"card_attack":2},{"card_name":"Imp Gang Boss","card_health":2,"card_attack":2},{"card_name":"Imp","card_health":1,"card_attack":1}],"opponent_board":[]},{"turn":13,"cards_played":["Doomhammer"],"current_player":"opponent","my_health":10,"opponent_health":26,"my_armor":0,"opponent_armor":0,"my_hand":6,"opponent_hand":2,"my_board":[{"card_name":"Refreshment Vendor","card_health":2,"card_attack":3},{"card_name":"Molten Giant","card_health":8,"card_attack":8},{"card_name":"Antique Healbot","card_health":3,"card_attack":3},{"card_name":"Dark Peddler","card_health":2,"card_attack":2},{"card_name":"Imp Gang Boss","card_health":2,"card_attack":2},{"card_name":"Imp","card_health":1,"card_attack":1}],"opponent_board":[]},{"turn":14,"cards_played":["Siphon Soul"],"current_player":"me","my_health":13,"opponent_health":7,"my_armor":0,"opponent_armor":0,"my_hand":6,"opponent_hand":2,"my_board":[{"card_name":"Refreshment Vendor","card_health":2,"card_attack":3},{"card_name":"Molten Giant","card_health":8,"card_attack":8},{"card_name":"Antique Healbot","card_health":3,"card_attack":3},{"card_name":"Dark Peddler","card_health":2,"card_attack":2},{"card_name":"Imp Gang Boss","card_health":2,"card_attack":2}],"opponent_board":[]},{"turn":15,"cards_played":["Shapeshift","Lava Shock","Lava Burst"],"current_player":"opponent","my_health":0,"opponent_health":7,"my_armor":0,"opponent_armor":1,"my_hand":6,"opponent_hand":1,"my_board":[{"card_name":"Refreshment Vendor","card_health":2,"card_attack":3},{"card_name":"Molten Giant","card_health":8,"card_attack":8},{"card_name":"Antique Healbot","card_health":3,"card_attack":3},{"card_name":"Dark Peddler","card_health":2,"card_attack":2},{"card_name":"Imp Gang Boss","card_health":2,"card_attack":2}],"opponent_board":[]}],"result":"defeat"}