{"plays":[{"turn":1,"cards_played":[],"current_player":"me","my_health":0,"opponent_health":0,"my_armor":0,"opponent_armor":0,"my_hand":0,"opponent_hand":1,"my_board":[],"opponent_board":[]},{"turn":2,"cards_played":["The Coin","Knife Juggler"],"current_player":"opponent","my_health":30,"opponent_health":30,"my_armor":0,"opponent_armor":0,"my_hand":4,"opponent_hand":4,"my_board":[],"opponent_board":[{"card_name":"Knife Juggler","card_health":2,"card_attack":3}]},{"turn":3,"cards_played":["Wild Growth"],"current_player":"me","my_health":30,"opponent_health":30,"my_armor":0,"opponent_armor":0,"my_hand":4,"opponent_hand":4,"my_board":[],"opponent_board":[{"card_name":"Knife Juggler","card_health":2,"card_attack":3}]},{"turn":4,"cards_played":["Blessing of Might"],"current_player":"opponent","my_health":24,"opponent_health":30,"my_armor":0,"opponent_armor":0,"my_hand":4,"opponent_hand":3,"my_board":[],"opponent_board":[{"card_name":"Knife Juggler","card_health":2,"card_attack":6}]},{"turn":5,"cards_played":["Savage Roar"],"current_player":"me","my_health":18,"opponent_health":30,"my_armor":0,"opponent_armor":0,"my_hand":4,"opponent_hand":3,"my_board":[],"opponent_board":[{"card_name":"Knife Juggler","card_health":1,"card_attack":3}]},{"turn":6,"cards_played":["Muster for Battle"],"current_player":"opponent","my_health":11,"opponent_health":30,"my_armor":0,"opponent_armor":0,"my_hand":4,"opponent_hand":3,"my_board":[],"opponent_board":[{"card_name":"Knife Juggler","card_health":1,"card_attack":3},{"card_name":"Silver Hand Recruit","card_health":1,"card_attack":1},{"card_name":"Silver Hand Recruit","card_health":1,"card_attack":1},{"card_name":"Silver Hand Recruit","card_health":1,"card_attack":1}]},{"turn":7,"cards_played":["Swipe"],"current_player":"me","my_health":11,"opponent_health":26,"my_armor":0,"opponent_armor":0,"my_hand":4,"opponent_hand":3,"my_board":[],"opponent_board":[]},{"turn":8,"cards_played":["Shielded Minibot","Reinforce"],"current_player":"opponent","my_health":10,"opponent_health":26,"my_armor":0,"opponent_armor":0,"my_hand":4,"opponent_hand":3,"my_board":[],"opponent_board":[{"card_name":"Shielded Minibot","card_health":2,"card_attack":2},{"card_name":"Silver Hand Recruit","card_health":1,"card_attack":1}]},{"turn":9,"cards_played":["Druid of the Claw"],"current_player":"me","my_health":10,"opponent_health":26,"my_armor":0,"opponent_armor":0,"my_hand":4,"opponent_hand":3,"my_board":[{"card_name":"Druid of the Claw","card_health":4,"card_attack":4},{"card_name":"Druid of the Claw","card_health":6,"card_attack":4}],"opponent_board":[{"card_name":"Shielded Minibot","card_health":2,"card_attack":2},{"card_name":"Silver Hand Recruit","card_health":1,"card_attack":1}]},{"turn":10,"cards_played":["Ironbeak Owl","Haunted Creeper","Leper Gnome"],"current_player":"opponent","my_health":6,"opponent_health":26,"my_armor":0,"opponent_armor":0,"my_hand":4,"opponent_hand":1,"my_board":[{"card_name":"Druid of the Claw","card_health":6,"card_attack":4}],"opponent_board":[{"card_name":"Shielded Minibot","card_health":2,"card_attack":2},{"card_name":"Leper Gnome","card_health":1,"card_attack":2},{"card_name":"Haunted Creeper","card_health":2,"card_attack":1},{"card_name":"Ironbeak Owl","card_health":1,"card_attack":2},{"card_name":"Silver Hand Recruit","card_health":1,"card_attack":1}]},{"turn":11,"cards_played":["Ancient of Lore","Ancient Secrets"],"current_player":"me","my_health":11,"opponent_health":26,"my_armor":0,"opponent_armor":0,"my_hand":4,"opponent_hand":1,"my_board":[{"card_name":"Ancient of Lore","card_health":5,"card_attack":5},{"card_name":"Druid of the Claw","card_health":4,"card_attack":4}],"opponent_board":[{"card_name":"Shielded Minibot","card_health":2,"card_attack":2},{"card_name":"Leper Gnome","card_health":1,"card_attack":2},{"card_name":"Haunted Creeper","card_health":2,"card_attack":1},{"card_name":"Silver Hand Recruit","card_health":1,"card_attack":1}]},{"turn":12,"cards_played":["Equality","Defender of Argus"],"current_player":"opponent","my_health":5,"opponent_health":26,"my_armor":0,"opponent_armor":0,"my_hand":4,"opponent_hand":0,"my_board":[],"opponent_board":[{"card_name":"Shielded Minibot","card_health":1,"card_attack":2},{"card_name":"Leper Gnome","card_health":2,"card_attack":3},{"card_name":"Defender of Argus","card_health":3,"card_attack":2},{"card_name":"Spectral Spider","card_health":2,"card_attack":2},{"card_name":"Spectral Spider","card_health":1,"card_attack":1}]},{"turn":13,"cards_played":["Wrath","Wrath","Innervate","Dr. Boom","Innervate","Savage Roar"],"current_player":"me","my_health":0,"opponent_health":26,"my_armor":0,"opponent_armor":0,"my_hand":1,"opponent_hand":0,"my_board":[{"card_name":"Dr. Boom","card_health":7,"card_attack":9},{"card_name":"Boom Bot","card_health":1,"card_attack":3},{"card_name":"Boom Bot","card_health":1,"card_attack":3}],"opponent_board":[{"card_name":"Shielded Minibot","card_health":1,"card_attack":2},{"card_name":"Defender of Argus","card_health":3,"card_attack":2},{"card_name":"Spectral Spider","card_health":2,"card_attack":2}]}],"result":"defeat"}