{"plays":[{"turn":1,"cards_played":[],"current_player":"opponent","my_health":0,"opponent_health":0,"my_armor":0,"opponent_armor":0,"my_hand":1,"opponent_hand":0,"my_board":[],"opponent_board":[]},{"turn":2,"cards_played":["Argent Squire"],"current_player":"opponent","my_health":30,"opponent_health":30,"my_armor":0,"opponent_armor":0,"my_hand":4,"opponent_hand":5,"my_board":[],"opponent_board":[{"card_name":"Argent Squire","card_health":1,"card_attack":1}]},{"turn":3,"cards_played":["Life Tap"],"current_player":"me","my_health":28,"opponent_health":30,"my_armor":0,"opponent_armor":0,"my_hand":6,"opponent_hand":5,"my_board":[],"opponent_board":[{"card_name":"Argent Squire","card_health":1,"card_attack":1}]},{"turn":4,"cards_played":["Knife Juggler","The Coin","Argent Squire"],"current_player":"opponent","my_health":26,"opponent_health":30,"my_armor":0,"opponent_armor":0,"my_hand":6,"opponent_hand":3,"my_board":[],"opponent_board":[{"card_name":"Knife Juggler","card_health":2,"card_attack":3},{"card_name":"Argent Squire","card_health":1,"card_attack":1},{"card_name":"Argent Squire","card_health":1,"card_attack":1}]},{"turn":5,"cards_played":["Darkbomb"],"current_player":"me","my_health":26,"opponent_health":30,"my_armor":0,"opponent_armor":0,"my_hand":6,"opponent_hand":3,"my_board":[],"opponent_board":[{"card_name":"Argent Squire","card_health":1,"card_attack":1},{"card_name":"Argent Squire","card_health":1,"card_attack":1}]},{"turn":6,"cards_played":["Shielded Minibot"],"current_player":"opponent","my_health":24,"opponent_health":30,"my_armor":0,"opponent_armor":0,"my_hand":6,"opponent_hand":3,"my_board":[],"opponent_board":[{"card_name":"Argent Squire","card_health":1,"card_attack":1},{"card_name":"Argent Squire","card_health":1,"card_attack":1},{"card_name":"Shielded Minibot","card_health":2,"card_attack":2}]},{"turn":7,"cards_played":["Refreshment Vendor"],"current_player":"me","my_health":24,"opponent_health":30,"my_armor":0,"opponent_armor":0,"my_hand":6,"opponent_hand":3,"my_board":[{"card_name":"Refreshment Vendor","card_health":5,"card_attack":3}],"opponent_board":[{"card_name":"Argent Squire","card_health":1,"card_attack":1},{"card_name":"Argent Squire","card_health":1,"card_attack":1},{"card_name":"Shielded Minibot","card_health":2,"card_attack":2}]},{"turn":8,"cards_played":["Piloted Shredder"],"current_player":"opponent","my_health":25,"opponent_health":30,"my_armor":0,"opponent_armor":0,"my_hand":6,"opponent_hand":3,"my_board":[{"card_name":"Refreshment Vendor","card_health":4,"card_attack":3}],"opponent_board":[{"card_name":"Piloted Shredder","card_health":3,"card_attack":4},{"card_name":"Argent Squire","card_health":1,"card_attack":1},{"card_name":"Argent Squire","card_health":1,"card_attack":1},{"card_name":"Shielded Minibot","card_health":2,"card_attack":2}]},{"turn":9,"cards_played":["Dark Peddler","Life Tap"],"current_player":"me","my_health":23,"opponent_health":30,"my_armor":0,"opponent_armor":0,"my_hand":8,"opponent_hand":3,"my_board":[{"card_name":"Dark Peddler","card_health":2,"card_attack":2},{"card_name":"Refreshment Vendor","card_health":2,"card_attack":3}],"opponent_board":[{"card_name":"Piloted Shredder","card_health":3,"card_attack":4},{"card_name":"Argent Squire","card_health":1,"card_attack":1},{"card_name":"Argent Squire","card_health":1,"card_attack":1},{"card_name":"Shielded Minibot","card_health":2,"card_attack":2}]},{"turn":10,"cards_played":["Divine Favor"],"current_player":"opponent","my_health":19,"opponent_health":30,"my_armor":0,"opponent_armor":0,"my_hand":8,"opponent_hand":8,"my_board":[],"opponent_board":[{"card_name":"Piloted Shredder","card_health":3,"card_attack":4},{"card_name":"Argent Squire","card_health":1,"card_attack":1}]},{"turn":11,"cards_played":["Emperor Thaurissan"],"current_player":"me","my_health":19,"opponent_health":30,"my_armor":0,"opponent_armor":0,"my_hand":8,"opponent_hand":8,"my_board":[{"card_name":"Emperor Thaurissan","card_health":5,"card_attack":5}],"opponent_board":[{"card_name":"Piloted Shredder","card_health":3,"card_attack":4},{"card_name":"Argent Squire","card_health":1,"card_attack":1}]},{"turn":12,"cards_played":["Mysterious Challenger"],"current_player":"opponent","my_health":15,"opponent_health":30,"my_armor":0,"opponent_armor":0,"my_hand":8,"opponent_hand":8,"my_board":[{"card_name":"Emperor Thaurissan","card_health":4,"card_attack":5}],"opponent_board":[{"card_name":"Piloted Shredder","card_health":3,"card_attack":4},{"card_name":"Mysterious Challenger","card_health":6,"card_attack":6}]},{"turn":13,"cards_played":["Ironbeak Owl","Power Overwhelming","Shadowflame","Imp Gang Boss"],"current_player":"me","my_health":15,"opponent_health":30,"my_armor":0,"opponent_armor":0,"my_hand":5,"opponent_hand":8,"my_board":[{"card_name":"Imp Gang Boss","card_health":4,"card_attack":2},{"card_name":"Emperor Thaurissan","card_health":2,"card_attack":5}],"opponent_board":[]},{"turn":14,"cards_played":["Knife Juggler","Muster for Battle"],"current_player":"opponent","my_health":13,"opponent_health":25,"my_armor":0,"opponent_armor":0,"my_hand":5,"opponent_hand":5,"my_board":[{"card_name":"Imp Gang Boss","card_health":4,"card_attack":2}],"opponent_board":[{"card_name":"Knife Juggler","card_health":2,"card_attack":3},{"card_name":"Silver Hand Recruit","card_health":1,"card_attack":1},{"card_name":"Silver Hand Recruit","card_health":1,"card_attack":1},{"card_name":"Silver Hand Recruit","card_health":1,"card_attack":1}]},{"turn":15,"cards_played":["Mortal Coil","Mortal Coil","Life Tap","Loatheb"],"current_player":"me","my_health":11,"opponent_health":25,"my_armor":0,"opponent_armor":0,"my_hand":6,"opponent_hand":5,"my_board":[{"card_name":"Imp Gang Boss","card_health":1,"card_attack":2},{"card_name":"Loatheb","card_health":5,"card_attack":5},{"card_name":"Imp","card_health":1,"card_attack":1},{"card_name":"Imp","card_health":1,"card_attack":1}],"opponent_board":[{"card_name":"Knife Juggler","card_health":2,"card_attack":3},{"card_name":"Silver Hand Recruit","card_health":1,"card_attack":1}]},{"turn":16,"cards_played":["Truesilver Champion","Haunted Creeper","Haunted Creeper"],"current_player":"opponent","my_health":1,"opponent_health":27,"my_armor":0,"opponent_armor":0,"my_hand":6,"opponent_hand":3,"my_board":[{"card_name":"Imp Gang Boss","card_health":1,"card_attack":2},{"card_name":"Loatheb","card_health":5,"card_attack":5}],"opponent_board":[{"card_name":"Haunted Creeper","card_health":2,"card_attack":1},{"card_name":"Haunted Creeper","card_health":2,"card_attack":1},{"card_name":"Knife Juggler","card_health":3,"card_attack":4},{"card_name":"Silver Hand Recruit","card_health":2,"card_attack":2}]},{"turn":17,"cards_played":["Lord Jaraxxus"],"current_player":"me","my_health":15,"opponent_health":24,"my_armor":0,"opponent_armor":0,"my_hand":6,"opponent_hand":3,"my_board":[{"card_name":"Loatheb","card_health":1,"card_attack":5},{"card_name":"Imp","card_health":1,"card_attack":1},{"card_name":"Lord Jaraxxus","card_health":15,"card_attack":3}],"opponent_board":[{"card_name":"Haunted Creeper","card_health":2,"card_attack":1},{"card_name":"Haunted Creeper","card_health":2,"card_attack":1}]},{"turn":18,"cards_played":["Nefarian"],"current_player":"opponent","my_health":15,"opponent_health":24,"my_armor":0,"opponent_armor":0,"my_hand":6,"opponent_hand":5,"my_board":[{"card_name":"Lord Jaraxxus","card_health":15,"card_attack":0}],"opponent_board":[{"card_name":"Haunted Creeper","card_health":1,"card_attack":1},{"card_name":"Nefarian","card_health":8,"card_attack":8},{"card_name":"Spectral Spider","card_health":1,"card_attack":1},{"card_name":"Spectral Spider","card_health":1,"card_attack":1}]},{"turn":19,"cards_played":["Siphon Soul","Acidic Swamp Ooze","Sylvanas Windrunner"],"current_player":"me","my_health":15,"opponent_health":24,"my_armor":0,"opponent_armor":0,"my_hand":4,"opponent_hand":5,"my_board":[{"card_name":"Acidic Swamp Ooze","card_health":2,"card_attack":3},{"card_name":"Sylvanas Windrunner","card_health":5,"card_attack":5},{"card_name":"Lord Jaraxxus","card_health":15,"card_attack":3}],"opponent_board":[{"card_name":"Haunted Creeper","card_health":1,"card_attack":1},{"card_name":"Spectral Spider","card_health":1,"card_attack":1}]},{"turn":20,"cards_played":["Blessing of Kings","Mortal Coil","Loatheb"],"current_player":"opponent","my_health":14,"opponent_health":24,"my_armor":0,"opponent_armor":0,"my_hand":4,"opponent_hand":4,"my_board":[{"card_name":"Acidic Swamp Ooze","card_health":2,"card_attack":3},{"card_name":"Lord Jaraxxus","card_health":14,"card_attack":0}],"opponent_board":[{"card_name":"Loatheb","card_health":5,"card_attack":5},{"card_name":"Spectral Spider","card_health":1,"card_attack":1},{"card_name":"Spectral Spider","card_health":1,"card_attack":1}]},{"turn":21,"cards_played":["Antique Healbot","INFERNO!","Stalagg"],"current_player":"me","my_health":15,"opponent_health":24,"my_armor":0,"opponent_armor":0,"my_hand":3,"opponent_hand":4,"my_board":[{"card_name":"Stalagg","card_health":4,"card_attack":7},{"card_name":"Antique Healbot","card_health":3,"card_attack":3},{"card_name":"Lord Jaraxxus","card_health":15,"card_attack":3},{"card_name":"Infernal","card_health":6,"card_attack":6}],"opponent_board":[{"card_name":"Spectral Spider","card_health":1,"card_attack":1},{"card_name":"Spectral Spider","card_health":1,"card_attack":1}]},{"turn":22,"cards_played":["Aldor Peacekeeper","Muster for Battle","Shielded Minibot"],"current_player":"opponent","my_health":12,"opponent_health":24,"my_armor":0,"opponent_armor":0,"my_hand":3,"opponent_hand":1,"my_board":[{"card_name":"Stalagg","card_health":4,"card_attack":7},{"card_name":"Antique Healbot","card_health":3,"card_attack":3},{"card_name":"Lord Jaraxxus","card_health":12,"card_attack":0},{"card_name":"Infernal","card_health":6,"card_attack":1}],"opponent_board":[{"card_name":"Aldor Peacekeeper","card_health":3,"card_attack":3},{"card_name":"Shielded Minibot","card_health":2,"card_attack":2},{"card_name":"Spectral Spider","card_health":1,"card_attack":1},{"card_name":"Spectral Spider","card_health":1,"card_attack":1},{"card_name":"Silver Hand Recruit","card_health":1,"card_attack":1},{"card_name":"Silver Hand Recruit","card_health":1,"card_attack":1},{"card_name":"Silver Hand Recruit","card_health":1,"card_attack":1}]},{"turn":23,"cards_played":["Hellfire","INFERNO!"],"current_player":"me","my_health":9,"opponent_health":10,"my_armor":0,"opponent_armor":0,"my_hand":3,"opponent_hand":1,"my_board":[{"card_name":"Stalagg","card_health":1,"card_attack":7},{"card_name":"Lord Jaraxxus","card_health":9,"card_attack":3},{"card_name":"Infernal","card_health":3,"card_attack":1},{"card_name":"Infernal","card_health":6,"card_attack":6}],"opponent_board":[]},{"turn":24,"cards_played":["Truesilver Champion","Reinforce"],"current_player":"opponent","my_health":5,"opponent_health":12,"my_armor":0,"opponent_armor":0,"my_hand":3,"opponent_hand":1,"my_board":[{"card_name":"Stalagg","card_health":1,"card_attack":7},{"card_name":"Lord Jaraxxus","card_health":5,"card_attack":0},{"card_name":"Infernal","card_health":3,"card_attack":1},{"card_name":"Infernal","card_health":6,"card_attack":6}],"opponent_board":[{"card_name":"Silver Hand Recruit","card_health":1,"card_attack":1}]}],"result":"victory"}