{"plays":[{"turn":1,"cards_played":[],"current_player":"me","my_health":0,"opponent_health":0,"my_armor":0,"opponent_armor":0,"my_hand":0,"opponent_hand":1,"my_board":[],"opponent_board":[]},{"turn":2,"cards_played":["Zombie Chow","Flame Imp"],"current_player":"opponent","my_health":30,"opponent_health":30,"my_armor":0,"opponent_armor":0,"my_hand":3,"opponent_hand":5,"my_board":[{"card_name":"Zombie Chow","card_health":3,"card_attack":2}],"opponent_board":[{"card_name":"Flame Imp","card_health":2,"card_attack":3}]},{"turn":3,"cards_played":["Life Tap"],"current_player":"me","my_health":28,"opponent_health":27,"my_armor":0,"opponent_armor":0,"my_hand":5,"opponent_hand":5,"my_board":[],"opponent_board":[]},{"turn":4,"cards_played":["Jeweled Scarab"],"current_player":"opponent","my_health":28,"opponent_health":30,"my_armor":0,"opponent_armor":0,"my_hand":5,"opponent_hand":6,"my_board":[],"opponent_board":[{"card_name":"Jeweled Scarab","card_health":1,"card_attack":1}]},{"turn":5,"cards_played":["Mortal Coil","Life Tap"],"current_player":"me","my_health":26,"opponent_health":30,"my_armor":0,"opponent_armor":0,"my_hand":7,"opponent_hand":6,"my_board":[],"opponent_board":[]},{"turn":6,"cards_played":["Knife Juggler","Abusive Sergeant"],"current_player":"opponent","my_health":26,"opponent_health":30,"my_armor":0,"opponent_armor":0,"my_hand":7,"opponent_hand":5,"my_board":[],"opponent_board":[{"card_name":"Knife Juggler","card_health":2,"card_attack":3},{"card_name":"Abusive Sergeant","card_health":1,"card_attack":2}]},{"turn":7,"cards_played":["Imp-losion"],"current_player":"me","my_health":25,"opponent_health":30,"my_armor":0,"opponent_armor":0,"my_hand":7,"opponent_hand":5,"my_board":[{"card_name":"Imp","card_health":1,"card_attack":1},{"card_name":"Imp","card_health":1,"card_attack":1},{"card_name":"Imp","card_health":1,"card_attack":1}],"opponent_board":[{"card_name":"Abusive Sergeant","card_health":1,"card_attack":2}]},{"turn":8,"cards_played":["Nerubian Egg","Voidwalker"],"current_player":"opponent","my_health":23,"opponent_health":30,"my_armor":0,"opponent_armor":0,"my_hand":7,"opponent_hand":4,"my_board":[{"card_name":"Imp","card_health":1,"card_attack":1},{"card_name":"Imp","card_health":1,"card_attack":1},{"card_name":"Imp","card_health":1,"card_attack":1}],"opponent_board":[{"card_name":"Voidwalker","card_health":3,"card_attack":1},{"card_name":"Nerubian Egg","card_health":2,"card_attack":0},{"card_name":"Abusive Sergeant","card_health":1,"card_attack":2}]},{"turn":9,"cards_played":["Feugen"],"current_player":"me","my_health":23,"opponent_health":30,"my_armor":0,"opponent_armor":0,"my_hand":7,"opponent_hand":4,"my_board":[{"card_name":"Feugen","card_health":7,"card_attack":4}],"opponent_board":[{"card_name":"Nerubian Egg","card_health":2,"card_attack":0},{"card_name":"Abusive Sergeant","card_health":1,"card_attack":2}]},{"turn":10,"cards_played":["Imp-losion","The Coin","Dire Wolf Alpha"],"current_player":"opponent","my_health":22,"opponent_health":30,"my_armor":0,"opponent_armor":0,"my_hand":7,"opponent_hand":2,"my_board":[],"opponent_board":[{"card_name":"Dire Wolf Alpha","card_health":2,"card_attack":2},{"card_name":"Nerubian Egg","card_health":2,"card_attack":1},{"card_name":"Imp","card_health":1,"card_attack":1},{"card_name":"Imp","card_health":1,"card_attack":1},{"card_name":"Imp","card_health":1,"card_attack":1},{"card_name":"Imp","card_health":1,"card_attack":1}]},{"turn":11,"cards_played":["Ironbeak Owl","Hellfire"],"current_player":"me","my_health":19,"opponent_health":27,"my_armor":0,"opponent_armor":0,"my_hand":6,"opponent_hand":2,"my_board":[],"opponent_board":[]},{"turn":12,"cards_played":["Haunted Creeper","Life Tap","Haunted Creeper"],"current_player":"opponent","my_health":19,"opponent_health":25,"my_armor":0,"opponent_armor":0,"my_hand":6,"opponent_hand":2,"my_board":[],"opponent_board":[{"card_name":"Haunted Creeper","card_health":2,"card_attack":1},{"card_name":"Haunted Creeper","card_health":2,"card_attack":1}]},{"turn":13,"cards_played":["Dr. Boom"],"current_player":"me","my_health":19,"opponent_health":25,"my_armor":0,"opponent_armor":0,"my_hand":6,"opponent_hand":2,"my_board":[{"card_name":"Dr. Boom","card_health":7,"card_attack":7},{"card_name":"Boom Bot","card_health":1,"card_attack":1},{"card_name":"Boom Bot","card_health":1,"card_attack":1}],"opponent_board":[{"card_name":"Haunted Creeper","card_health":2,"card_attack":1},{"card_name":"Haunted Creeper","card_health":2,"card_attack":1}]},{"turn":14,"cards_played":["Shadow Bolt","Dark Iron Dwarf"],"current_player":"opponent","my_health":19,"opponent_health":25,"my_armor":0,"opponent_armor":0,"my_hand":6,"opponent_hand":1,"my_board":[{"card_name":"Boom Bot","card_health":1,"card_attack":1}],"opponent_board":[{"card_name":"Dark Iron Dwarf","card_health":4,"card_attack":4},{"card_name":"Haunted Creeper","card_health":1,"card_attack":1},{"card_name":"Spectral Spider","card_health":1,"card_attack":1},{"card_name":"Spectral Spider","card_health":1,"card_attack":1}]},{"turn":15,"cards_played":["Dark Peddler","Stalagg","Dragon Egg"],"current_player":"me","my_health":19,"opponent_health":24,"my_armor":0,"opponent_armor":0,"my_hand":5,"opponent_hand":1,"my_board":[{"card_name":"Dark Peddler","card_health":2,"card_attack":2},{"card_name":"Stalagg","card_health":4,"card_attack":7},{"card_name":"Dragon Egg","card_health":2,"card_attack":0}],"opponent_board":[{"card_name":"Dark Iron Dwarf","card_health":4,"card_attack":4},{"card_name":"Spectral Spider","card_health":1,"card_attack":1},{"card_name":"Spectral Spider","card_health":1,"card_attack":1},{"card_name":"Spectral Spider","card_health":1,"card_attack":1}]},{"turn":16,"cards_played":["Life Tap","Sea Giant"],"current_player":"opponent","my_health":16,"opponent_health":22,"my_armor":0,"opponent_armor":0,"my_hand":5,"opponent_hand":2,"my_board":[{"card_name":"Stalagg","card_health":4,"card_attack":7},{"card_name":"Dragon Egg","card_health":2,"card_attack":0}],"opponent_board":[{"card_name":"Dark Iron Dwarf","card_health":2,"card_attack":4},{"card_name":"Sea Giant","card_health":8,"card_attack":8},{"card_name":"Spectral Spider","card_health":1,"card_attack":1},{"card_name":"Spectral Spider","card_health":1,"card_attack":1},{"card_name":"Spectral Spider","card_health":1,"card_attack":1}]},{"turn":17,"cards_played":["Refreshment Vendor","Loatheb"],"current_player":"me","my_health":20,"opponent_health":26,"my_armor":0,"opponent_armor":0,"my_hand":4,"opponent_hand":2,"my_board":[{"card_name":"Refreshment Vendor","card_health":5,"card_attack":3},{"card_name":"Loatheb","card_health":5,"card_attack":5},{"card_name":"Dragon Egg","card_health":2,"card_attack":0},{"card_name":"Thaddius","card_health":11,"card_attack":11}],"opponent_board":[{"card_name":"Sea Giant","card_health":8,"card_attack":8},{"card_name":"Spectral Spider","card_health":1,"card_attack":1},{"card_name":"Spectral Spider","card_health":1,"card_attack":1},{"card_name":"Spectral Spider","card_health":1,"card_attack":1}]},{"turn":18,"cards_played":["Life Tap"],"current_player":"opponent","my_health":20,"opponent_health":24,"my_armor":0,"opponent_armor":0,"my_hand":4,"opponent_hand":4,"my_board":[{"card_name":"Refreshment Vendor","card_health":5,"card_attack":3},{"card_name":"Loatheb","card_health":5,"card_attack":5},{"card_name":"Dragon Egg","card_health":2,"card_attack":0}],"opponent_board":[]},{"turn":19,"cards_played":[],"current_player":"me","my_health":20,"opponent_health":24,"my_armor":0,"opponent_armor":0,"my_hand":5,"opponent_hand":4,"my_board":[{"card_name":"Refreshment Vendor","card_health":5,"card_attack":3},{"card_name":"Loatheb","card_health":5,"card_attack":5},{"card_name":"Dragon Egg","card_health":2,"card_attack":0}],"opponent_board":[]}],"result":"victory"}