{"plays":[{"turn":1,"cards_played":[],"current_player":"opponent","my_health":0,"opponent_health":0,"my_armor":0,"opponent_armor":0,"my_hand":1,"opponent_hand":0,"my_board":[],"opponent_board":[]},{"turn":2,"cards_played":["Flame Imp"],"current_player":"me","my_health":30,"opponent_health":30,"my_armor":0,"opponent_armor":0,"my_hand":5,"opponent_hand":4,"my_board":[{"card_name":"Flame Imp","card_health":2,"card_attack":3}],"opponent_board":[]},{"turn":3,"cards_played":["Mad Scientist"],"current_player":"opponent","my_health":27,"opponent_health":30,"my_armor":0,"opponent_armor":0,"my_hand":5,"opponent_hand":4,"my_board":[{"card_name":"Flame Imp","card_health":2,"card_attack":3}],"opponent_board":[{"card_name":"Mad Scientist","card_health":2,"card_attack":2}]},{"turn":4,"cards_played":["Dark Peddler"],"current_player":"me","my_health":27,"opponent_health":27,"my_armor":0,"opponent_armor":0,"my_hand":6,"opponent_hand":4,"my_board":[{"card_name":"Flame Imp","card_health":2,"card_attack":3},{"card_name":"Dark Peddler","card_health":2,"card_attack":2}],"opponent_board":[{"card_name":"Mad Scientist","card_health":2,"card_attack":2}]},{"turn":5,"cards_played":["Animal Companion"],"current_player":"opponent","my_health":25,"opponent_health":27,"my_armor":0,"opponent_armor":0,"my_hand":6,"opponent_hand":4,"my_board":[{"card_name":"Flame Imp","card_health":2,"card_attack":3},{"card_name":"Dark Peddler","card_health":2,"card_attack":2}],"opponent_board":[{"card_name":"Mad Scientist","card_health":2,"card_attack":2},{"card_name":"Misha","card_health":4,"card_attack":4}]},{"turn":6,"cards_played":["The Coin","Imp-losion"],"current_player":"me","my_health":25,"opponent_health":24,"my_armor":0,"opponent_armor":0,"my_hand":5,"opponent_hand":4,"my_board":[{"card_name":"Flame Imp","card_health":2,"card_attack":3},{"card_name":"Imp","card_health":1,"card_attack":1},{"card_name":"Imp","card_health":1,"card_attack":1}],"opponent_board":[{"card_name":"Mad Scientist","card_health":2,"card_attack":2}]},{"turn":7,"cards_played":["Bluegill Warrior","Steady Shot"],"current_player":"opponent","my_health":19,"opponent_health":24,"my_armor":0,"opponent_armor":0,"my_hand":5,"opponent_hand":4,"my_board":[{"card_name":"Flame Imp","card_health":2,"card_attack":3},{"card_name":"Imp","card_health":1,"card_attack":1},{"card_name":"Imp","card_health":1,"card_attack":1}],"opponent_board":[{"card_name":"Mad Scientist","card_health":2,"card_attack":2},{"card_name":"Bluegill Warrior","card_health":1,"card_attack":2}]},{"turn":8,"cards_played":["Nerubian Egg","Abusive Sergeant"],"current_player":"me","my_health":19,"opponent_health":18,"my_armor":0,"opponent_armor":0,"my_hand":4,"opponent_hand":4,"my_board":[{"card_name":"Abusive Sergeant","card_health":1,"card_attack":2},{"card_name":"Nerubian Egg","card_health":2,"card_attack":0},{"card_name":"Flame Imp","card_health":2,"card_attack":5},{"card_name":"Imp","card_health":1,"card_attack":1}],"opponent_board":[{"card_name":"Mad Scientist","card_health":2,"card_attack":2}]},{"turn":9,"cards_played":["Wolfrider","Steady Shot"],"current_player":"opponent","my_health":12,"opponent_health":18,"my_armor":0,"opponent_armor":0,"my_hand":4,"opponent_hand":4,"my_board":[{"card_name":"Abusive Sergeant","card_health":1,"card_attack":2},{"card_name":"Nerubian Egg","card_health":2,"card_attack":0},{"card_name":"Flame Imp","card_health":2,"card_attack":3},{"card_name":"Imp","card_health":1,"card_attack":1}],"opponent_board":[{"card_name":"Mad Scientist","card_health":2,"card_attack":2},{"card_name":"Wolfrider","card_health":1,"card_attack":3}]},{"turn":10,"cards_played":["Defender of Argus"],"current_player":"me","my_health":12,"opponent_health":11,"my_armor":0,"opponent_armor":0,"my_hand":4,"opponent_hand":4,"my_board":[{"card_name":"Abusive Sergeant","card_health":1,"card_attack":2},{"card_name":"Nerubian Egg","card_health":3,"card_attack":1},{"card_name":"Flame Imp","card_health":3,"card_attack":4},{"card_name":"Defender of Argus","card_health":3,"card_attack":2}],"opponent_board":[{"card_name":"Mad Scientist","card_health":2,"card_attack":2}]},{"turn":11,"cards_played":["Glaivezooka","Steady Shot"],"current_player":"opponent","my_health":10,"opponent_health":10,"my_armor":0,"opponent_armor":0,"my_hand":4,"opponent_hand":4,"my_board":[{"card_name":"Abusive Sergeant","card_health":1,"card_attack":2},{"card_name":"Nerubian Egg","card_health":1,"card_attack":1},{"card_name":"Defender of Argus","card_health":3,"card_attack":2}],"opponent_board":[]},{"turn":12,"cards_played":[],"current_player":"me","my_health":8,"opponent_health":8,"my_armor":0,"opponent_armor":0,"my_hand":5,"opponent_hand":4,"my_board":[{"card_name":"Defender of Argus","card_health":1,"card_attack":2},{"card_name":"Nerubian","card_health":4,"card_attack":4}],"opponent_board":[]},{"turn":13,"cards_played":["Leeroy Jenkins","Steady Shot"],"current_player":"opponent","my_health":6,"opponent_health":8,"my_armor":0,"opponent_armor":0,"my_hand":5,"opponent_hand":4,"my_board":[{"card_name":"Defender of Argus","card_health":1,"card_attack":2},{"card_name":"Nerubian","card_health":4,"card_attack":4},{"card_name":"Whelp","card_health":1,"card_attack":1},{"card_name":"Whelp","card_health":1,"card_attack":1}],"opponent_board":[{"card_name":"Leeroy Jenkins","card_health":2,"card_attack":6}]}],"result":"defeat"}