{"plays":[{"turn":1,"cards_played":[],"current_player":"me","my_health":0,"opponent_health":0,"my_armor":0,"opponent_armor":0,"my_hand":0,"opponent_hand":1,"my_board":[],"opponent_board":[]},{"turn":2,"cards_played":["Argent Squire"],"current_player":"me","my_health":30,"opponent_health":30,"my_armor":0,"opponent_armor":0,"my_hand":5,"opponent_hand":4,"my_board":[{"card_name":"Argent Squire","card_health":1,"card_attack":1}],"opponent_board":[]},{"turn":3,"cards_played":["Gilblin Stalker"],"current_player":"opponent","my_health":30,"opponent_health":30,"my_armor":0,"opponent_armor":0,"my_hand":5,"opponent_hand":4,"my_board":[{"card_name":"Argent Squire","card_health":1,"card_attack":1}],"opponent_board":[{"card_name":"Gilblin Stalker","card_health":3,"card_attack":2}]},{"turn":4,"cards_played":["The Coin","Imp Gang Boss"],"current_player":"me","my_health":30,"opponent_health":29,"my_armor":0,"opponent_armor":0,"my_hand":4,"opponent_hand":4,"my_board":[{"card_name":"Imp Gang Boss","card_health":4,"card_attack":2},{"card_name":"Argent Squire","card_health":1,"card_attack":1}],"opponent_board":[{"card_name":"Gilblin Stalker","card_health":3,"card_attack":2}]},{"turn":5,"cards_played":["Coliseum Manager"],"current_player":"opponent","my_health":30,"opponent_health":29,"my_armor":0,"opponent_armor":0,"my_hand":4,"opponent_hand":4,"my_board":[{"card_name":"Imp Gang Boss","card_health":4,"card_attack":2},{"card_name":"Argent Squire","card_health":1,"card_attack":1}],"opponent_board":[{"card_name":"Coliseum Manager","card_health":5,"card_attack":2},{"card_name":"Gilblin Stalker","card_health":2,"card_attack":2}]},{"turn":6,"cards_played":["Flesheating Ghoul"],"current_player":"me","my_health":30,"opponent_health":28,"my_armor":0,"opponent_armor":0,"my_hand":4,"opponent_hand":4,"my_board":[{"card_name":"Imp Gang Boss","card_health":2,"card_attack":2},{"card_name":"Flesheating Ghoul","card_health":3,"card_attack":3},{"card_name":"Argent Squire","card_health":1,"card_attack":1},{"card_name":"Imp","card_health":1,"card_attack":1}],"opponent_board":[{"card_name":"Coliseum Manager","card_health":5,"card_attack":2}]},{"turn":7,"cards_played":["Mechanical Yeti"],"current_player":"opponent","my_health":30,"opponent_health":28,"my_armor":0,"opponent_armor":0,"my_hand":4,"opponent_hand":4,"my_board":[{"card_name":"Flesheating Ghoul","card_health":3,"card_attack":3},{"card_name":"Argent Squire","card_health":1,"card_attack":1},{"card_name":"Imp","card_health":1,"card_attack":1},{"card_name":"Imp","card_health":1,"card_attack":1}],"opponent_board":[{"card_name":"Mechanical Yeti","card_health":5,"card_attack":4},{"card_name":"Coliseum Manager","card_health":3,"card_attack":2}]},{"turn":8,"cards_played":["Mortal Coil","Void Terror"],"current_player":"me","my_health":30,"opponent_health":20,"my_armor":0,"opponent_armor":0,"my_hand":4,"opponent_hand":4,"my_board":[{"card_name":"Void Terror","card_health":7,"card_attack":11}],"opponent_board":[{"card_name":"Mechanical Yeti","card_health":5,"card_attack":4}]},{"turn":9,"cards_played":["Polymorph"],"current_player":"opponent","my_health":30,"opponent_health":20,"my_armor":0,"opponent_armor":0,"my_hand":4,"opponent_hand":4,"my_board":[],"opponent_board":[{"card_name":"Mechanical Yeti","card_health":4,"card_attack":4}]},{"turn":10,"cards_played":["Sludge Belcher"],"current_player":"me","my_health":30,"opponent_health":20,"my_armor":0,"opponent_armor":0,"my_hand":4,"opponent_hand":4,"my_board":[{"card_name":"Sludge Belcher","card_health":5,"card_attack":3}],"opponent_board":[{"card_name":"Mechanical Yeti","card_health":4,"card_attack":4}]},{"turn":11,"cards_played":["Master Jouster"],"current_player":"opponent","my_health":30,"opponent_health":20,"my_armor":0,"opponent_armor":0,"my_hand":4,"opponent_hand":4,"my_board":[{"card_name":"Sludge Belcher","card_health":5,"card_attack":3}],"opponent_board":[{"card_name":"Mechanical Yeti","card_health":4,"card_attack":4},{"card_name":"Master Jouster","card_health":6,"card_attack":5}]},{"turn":12,"cards_played":["Boulderfist Ogre"],"current_player":"me","my_health":30,"opponent_health":20,"my_armor":0,"opponent_armor":0,"my_hand":4,"opponent_hand":4,"my_board":[{"card_name":"Boulderfist Ogre","card_health":7,"card_attack":6},{"card_name":"Sludge Belcher","card_health":1,"card_attack":3}],"opponent_board":[{"card_name":"Mechanical Yeti","card_health":1,"card_attack":4},{"card_name":"Master Jouster","card_health":6,"card_attack":5}]},{"turn":13,"cards_played":["Jeweled Scarab","Fireblast","Fireblast","Tinkmaster Overspark"],"current_player":"opponent","my_health":26,"opponent_health":20,"my_armor":0,"opponent_armor":0,"my_hand":4,"opponent_hand":4,"my_board":[{"card_name":"Boulderfist Ogre","card_health":7,"card_attack":6}],"opponent_board":[{"card_name":"Mechanical Yeti","card_health":1,"card_attack":4},{"card_name":"Master Jouster","card_health":5,"card_attack":5},{"card_name":"Jeweled Scarab","card_health":1,"card_attack":1},{"card_name":"Tinkmaster Overspark","card_health":3,"card_attack":3},{"card_name":"Devilsaur","card_health":5,"card_attack":5}]},{"turn":14,"cards_played":["Wobbling Runts"],"current_player":"me","my_health":26,"opponent_health":20,"my_armor":0,"opponent_armor":0,"my_hand":4,"opponent_hand":4,"my_board":[{"card_name":"Boulderfist Ogre","card_health":2,"card_attack":6},{"card_name":"Wobbling Runts","card_health":6,"card_attack":2}],"opponent_board":[{"card_name":"Jeweled Scarab","card_health":1,"card_attack":1},{"card_name":"Tinkmaster Overspark","card_health":3,"card_attack":3},{"card_name":"Devilsaur","card_health":5,"card_attack":5}]},{"turn":15,"cards_played":["Fireblast","Fireblast","Annoy-o-Tron","Razorfen Hunter"],"current_player":"opponent","my_health":18,"opponent_health":20,"my_armor":0,"opponent_armor":0,"my_hand":4,"opponent_hand":3,"my_board":[{"card_name":"Wobbling Runts","card_health":6,"card_attack":2}],"opponent_board":[{"card_name":"Razorfen Hunter","card_health":3,"card_attack":2},{"card_name":"Annoy-o-Tron","card_health":2,"card_attack":1},{"card_name":"Tinkmaster Overspark","card_health":3,"card_attack":3},{"card_name":"Devilsaur","card_health":5,"card_attack":5},{"card_name":"Boar","card_health":1,"card_attack":1}]},{"turn":16,"cards_played":["Azure Drake","Haunted Creeper"],"current_player":"me","my_health":18,"opponent_health":20,"my_armor":0,"opponent_armor":0,"my_hand":4,"opponent_hand":3,"my_board":[{"card_name":"Azure Drake","card_health":4,"card_attack":4},{"card_name":"Haunted Creeper","card_health":2,"card_attack":1},{"card_name":"Wobbling Runts","card_health":5,"card_attack":2}],"opponent_board":[{"card_name":"Razorfen Hunter","card_health":3,"card_attack":2},{"card_name":"Annoy-o-Tron","card_health":2,"card_attack":1},{"card_name":"Tinkmaster Overspark","card_health":3,"card_attack":3},{"card_name":"Devilsaur","card_health":5,"card_attack":5},{"card_name":"Boar","card_health":1,"card_attack":1}]},{"turn":17,"cards_played":["Fireball"],"current_player":"opponent","my_health":0,"opponent_health":20,"my_armor":0,"opponent_armor":0,"my_hand":4,"opponent_hand":3,"my_board":[{"card_name":"Azure Drake","card_health":4,"card_attack":4},{"card_name":"Haunted Creeper","card_health":2,"card_attack":1},{"card_name":"Wobbling Runts","card_health":5,"card_attack":2}],"opponent_board":[{"card_name":"Razorfen Hunter","card_health":3,"card_attack":2},{"card_name":"Annoy-o-Tron","card_health":2,"card_attack":1},{"card_name":"Tinkmaster Overspark","card_health":3,"card_attack":3},{"card_name":"Devilsaur","card_health":5,"card_attack":5},{"card_name":"Boar","card_health":1,"card_attack":1}]}],"result":"defeat"}