{"plays":[{"turn":1,"cards_played":[],"current_player":"opponent","my_health":0,"opponent_health":0,"my_armor":0,"opponent_armor":0,"my_hand":4,"opponent_hand":1,"my_board":[],"opponent_board":[]},{"turn":2,"cards_played":[],"current_player":"me","my_health":30,"opponent_health":30,"my_armor":0,"opponent_armor":0,"my_hand":6,"opponent_hand":4,"my_board":[],"opponent_board":[]},{"turn":3,"cards_played":["Armor Up!"],"current_player":"opponent","my_health":30,"opponent_health":30,"my_armor":0,"opponent_armor":2,"my_hand":6,"opponent_hand":5,"my_board":[],"opponent_board":[]},{"turn":4,"cards_played":["Life Tap"],"current_player":"me","my_health":28,"opponent_health":30,"my_armor":0,"opponent_armor":2,"my_hand":8,"opponent_hand":5,"my_board":[],"opponent_board":[]},{"turn":5,"cards_played":["Acolyte of Pain"],"current_player":"opponent","my_health":28,"opponent_health":30,"my_armor":0,"opponent_armor":2,"my_hand":8,"opponent_hand":5,"my_board":[],"opponent_board":[{"card_name":"Acolyte of Pain","card_health":3,"card_attack":1}]},{"turn":6,"cards_played":["The Coin","Elise Starseeker"],"current_player":"me","my_health":28,"opponent_health":30,"my_armor":0,"opponent_armor":2,"my_hand":7,"opponent_hand":5,"my_board":[{"card_name":"Elise Starseeker","card_health":5,"card_attack":3}],"opponent_board":[{"card_name":"Acolyte of Pain","card_health":3,"card_attack":1}]},{"turn":7,"cards_played":["Deathlord"],"current_player":"opponent","my_health":27,"opponent_health":30,"my_armor":0,"opponent_armor":2,"my_hand":7,"opponent_hand":5,"my_board":[{"card_name":"Elise Starseeker","card_health":5,"card_attack":3}],"opponent_board":[{"card_name":"Deathlord","card_health":8,"card_attack":2},{"card_name":"Acolyte of Pain","card_health":3,"card_attack":1}]},{"turn":8,"cards_played":["Ironbeak Owl"],"current_player":"me","my_health":27,"opponent_health":30,"my_armor":0,"opponent_armor":2,"my_hand":7,"opponent_hand":6,"my_board":[{"card_name":"Ironbeak Owl","card_health":1,"card_attack":2},{"card_name":"Elise Starseeker","card_health":4,"card_attack":3}],"opponent_board":[{"card_name":"Deathlord","card_health":8,"card_attack":2}]},{"turn":9,"cards_played":["Bash","Revenge"],"current_player":"opponent","my_health":25,"opponent_health":30,"my_armor":0,"opponent_armor":5,"my_hand":7,"opponent_hand":5,"my_board":[],"opponent_board":[{"card_name":"Deathlord","card_health":7,"card_attack":2}]},{"turn":10,"cards_played":["Feugen"],"current_player":"me","my_health":25,"opponent_health":30,"my_armor":0,"opponent_armor":5,"my_hand":7,"opponent_hand":5,"my_board":[{"card_name":"Feugen","card_health":7,"card_attack":4}],"opponent_board":[{"card_name":"Deathlord","card_health":7,"card_attack":2}]},{"turn":11,"cards_played":["Sludge Belcher"],"current_player":"opponent","my_health":23,"opponent_health":30,"my_armor":0,"opponent_armor":5,"my_hand":7,"opponent_hand":5,"my_board":[{"card_name":"Feugen","card_health":7,"card_attack":4}],"opponent_board":[{"card_name":"Deathlord","card_health":7,"card_attack":2},{"card_name":"Sludge Belcher","card_health":5,"card_attack":3}]},{"turn":12,"cards_played":["Mortal Coil","Imp Gang Boss","Life Tap"],"current_player":"me","my_health":21,"opponent_health":30,"my_armor":0,"opponent_armor":5,"my_hand":8,"opponent_hand":5,"my_board":[{"card_name":"Imp Gang Boss","card_health":4,"card_attack":2},{"card_name":"Feugen","card_health":4,"card_attack":4}],"opponent_board":[{"card_name":"Deathlord","card_health":7,"card_attack":2},{"card_name":"Slime","card_health":2,"card_attack":1}]},{"turn":13,"cards_played":["Sludge Belcher","Armor Up!"],"current_player":"opponent","my_health":18,"opponent_health":30,"my_armor":0,"opponent_armor":7,"my_hand":8,"opponent_hand":5,"my_board":[{"card_name":"Imp Gang Boss","card_health":4,"card_attack":2},{"card_name":"Feugen","card_health":4,"card_attack":4}],"opponent_board":[{"card_name":"Deathlord","card_health":7,"card_attack":2},{"card_name":"Sludge Belcher","card_health":5,"card_attack":3},{"card_name":"Slime","card_health":2,"card_attack":1}]},{"turn":14,"cards_played":["Life Tap","Defender of Argus"],"current_player":"me","my_health":16,"opponent_health":30,"my_armor":0,"opponent_armor":7,"my_hand":9,"opponent_hand":5,"my_board":[{"card_name":"Defender of Argus","card_health":3,"card_attack":2},{"card_name":"Imp Gang Boss","card_health":4,"card_attack":3},{"card_name":"Feugen","card_health":2,"card_attack":5},{"card_name":"Imp","card_health":1,"card_attack":1}],"opponent_board":[{"card_name":"Deathlord","card_health":7,"card_attack":2},{"card_name":"Slime","card_health":2,"card_attack":1}]},{"turn":15,"cards_played":["Shield Slam","Shieldmaiden"],"current_player":"opponent","my_health":16,"opponent_health":30,"my_armor":0,"opponent_armor":12,"my_hand":9,"opponent_hand":4,"my_board":[{"card_name":"Defender of Argus","card_health":3,"card_attack":2},{"card_name":"Imp","card_health":1,"card_attack":1}],"opponent_board":[{"card_name":"Shieldmaiden","card_health":5,"card_attack":5},{"card_name":"Deathlord","card_health":2,"card_attack":2},{"card_name":"Slime","card_health":1,"card_attack":1}]},{"turn":16,"cards_played":["Dark Peddler","Imp-losion"],"current_player":"me","my_health":16,"opponent_health":30,"my_armor":0,"opponent_armor":12,"my_hand":9,"opponent_hand":4,"my_board":[{"card_name":"Dark Peddler","card_health":2,"card_attack":2},{"card_name":"Imp","card_health":1,"card_attack":1},{"card_name":"Imp","card_health":1,"card_attack":1},{"card_name":"Imp","card_health":1,"card_attack":1}],"opponent_board":[{"card_name":"Deathlord","card_health":2,"card_attack":2}]},{"turn":17,"cards_played":["Shield Block","Deathlord","Fiery War Axe"],"current_player":"opponent","my_health":14,"opponent_health":30,"my_armor":0,"opponent_armor":15,"my_hand":9,"opponent_hand":3,"my_board":[{"card_name":"Imp","card_health":1,"card_attack":1},{"card_name":"Imp","card_health":1,"card_attack":1},{"card_name":"Imp","card_health":1,"card_attack":1}],"opponent_board":[{"card_name":"Deathlord","card_health":2,"card_attack":2},{"card_name":"Deathlord","card_health":8,"card_attack":2}]},{"turn":18,"cards_played":["Map to the Golden Monkey","Dr. Boom"],"current_player":"me","my_health":14,"opponent_health":30,"my_armor":0,"opponent_armor":15,"my_hand":9,"opponent_hand":3,"my_board":[{"card_name":"Dr. Boom","card_health":7,"card_attack":7},{"card_name":"Boom Bot","card_health":1,"card_attack":1},{"card_name":"Boom Bot","card_health":1,"card_attack":1}],"opponent_board":[{"card_name":"Deathlord","card_health":2,"card_attack":2},{"card_name":"Deathlord","card_health":5,"card_attack":2}]},{"turn":19,"cards_played":["Brawl","Armor Up!"],"current_player":"opponent","my_health":7,"opponent_health":30,"my_armor":0,"opponent_armor":14,"my_hand":9,"opponent_hand":3,"my_board":[],"opponent_board":[{"card_name":"Deathlord","card_health":2,"card_attack":2}]},{"turn":20,"cards_played":["Molten Giant","Sludge Belcher"],"current_player":"me","my_health":7,"opponent_health":30,"my_armor":0,"opponent_armor":14,"my_hand":8,"opponent_hand":3,"my_board":[{"card_name":"Sludge Belcher","card_health":5,"card_attack":3},{"card_name":"Molten Giant","card_health":8,"card_attack":8}],"opponent_board":[{"card_name":"Deathlord","card_health":2,"card_attack":2}]},{"turn":21,"cards_played":["Shield Slam","Fiery War Axe","Armor Up!"],"current_player":"opponent","my_health":7,"opponent_health":30,"my_armor":0,"opponent_armor":13,"my_hand":8,"opponent_hand":2,"my_board":[{"card_name":"Twilight Drake","card_health":1,"card_attack":4},{"card_name":"Slime","card_health":2,"card_attack":1}],"opponent_board":[]},{"turn":22,"cards_played":["Stalagg","Antique Healbot"],"current_player":"me","my_health":15,"opponent_health":30,"my_armor":0,"opponent_armor":8,"my_hand":7,"opponent_hand":2,"my_board":[{"card_name":"Antique Healbot","card_health":3,"card_attack":3},{"card_name":"Twilight Drake","card_health":1,"card_attack":4},{"card_name":"Stalagg","card_health":4,"card_attack":7},{"card_name":"Slime","card_health":2,"card_attack":1}],"opponent_board":[]},{"turn":23,"cards_played":["Death's Bite","Armor Up!","Bash"],"current_player":"opponent","my_health":15,"opponent_health":30,"my_armor":0,"opponent_armor":12,"my_hand":7,"opponent_hand":1,"my_board":[{"card_name":"Antique Healbot","card_health":3,"card_attack":3},{"card_name":"Stalagg","card_health":4,"card_attack":7}],"opponent_board":[]},{"turn":24,"cards_played":["Acidic Swamp Ooze","Life Tap"],"current_player":"me","my_health":13,"opponent_health":30,"my_armor":0,"opponent_armor":2,"my_hand":8,"opponent_hand":1,"my_board":[{"card_name":"Antique Healbot","card_health":2,"card_attack":3},{"card_name":"Stalagg","card_health":3,"card_attack":7},{"card_name":"Acidic Swamp Ooze","card_health":1,"card_attack":3}],"opponent_board":[]},{"turn":25,"cards_played":["Shield Block","Armor Up!"],"current_player":"opponent","my_health":13,"opponent_health":30,"my_armor":0,"opponent_armor":9,"my_hand":8,"opponent_hand":2,"my_board":[{"card_name":"Antique Healbot","card_health":2,"card_attack":3},{"card_name":"Stalagg","card_health":3,"card_attack":7},{"card_name":"Acidic Swamp Ooze","card_health":1,"card_attack":3}],"opponent_board":[]},{"turn":26,"cards_played":[],"current_player":"me","my_health":13,"opponent_health":26,"my_armor":0,"opponent_armor":0,"my_hand":9,"opponent_hand":2,"my_board":[{"card_name":"Antique Healbot","card_health":2,"card_attack":3},{"card_name":"Stalagg","card_health":3,"card_attack":7},{"card_name":"Acidic Swamp Ooze","card_health":1,"card_attack":3}],"opponent_board":[]},{"turn":27,"cards_played":["Grommash Hellscream","Armor Up!"],"current_player":"opponent","my_health":9,"opponent_health":26,"my_armor":0,"opponent_armor":2,"my_hand":9,"opponent_hand":2,"my_board":[{"card_name":"Antique Healbot","card_health":2,"card_attack":3},{"card_name":"Stalagg","card_health":3,"card_attack":7},{"card_name":"Acidic Swamp Ooze","card_health":1,"card_attack":3}],"opponent_board":[{"card_name":"Grommash Hellscream","card_health":9,"card_attack":4}]},{"turn":28,"cards_played":["Siphon Soul"],"current_player":"me","my_health":12,"opponent_health":15,"my_armor":0,"opponent_armor":0,"my_hand":9,"opponent_hand":2,"my_board":[{"card_name":"Antique Healbot","card_health":2,"card_attack":3},{"card_name":"Stalagg","card_health":3,"card_attack":7},{"card_name":"Acidic Swamp Ooze","card_health":1,"card_attack":3}],"opponent_board":[]},{"turn":29,"cards_played":["Elise Starseeker","Armor Up!"],"current_player":"opponent","my_health":12,"opponent_health":15,"my_armor":0,"opponent_armor":2,"my_hand":9,"opponent_hand":2,"my_board":[{"card_name":"Antique Healbot","card_health":2,"card_attack":3},{"card_name":"Stalagg","card_health":3,"card_attack":7},{"card_name":"Acidic Swamp Ooze","card_health":1,"card_attack":3}],"opponent_board":[{"card_name":"Elise Starseeker","card_health":5,"card_attack":3}]},{"turn":30,"cards_played":["Power Overwhelming","Darkbomb","Reno Jackson"],"current_player":"me","my_health":30,"opponent_health":-3,"my_armor":0,"opponent_armor":0,"my_hand":7,"opponent_hand":2,"my_board":[{"card_name":"Antique Healbot","card_health":6,"card_attack":7},{"card_name":"Reno Jackson","card_health":6,"card_attack":4},{"card_name":"Stalagg","card_health":3,"card_attack":7},{"card_name":"Acidic Swamp Ooze","card_health":1,"card_attack":3}],"opponent_board":[{"card_name":"Elise Starseeker","card_health":5,"card_attack":3}]}],"result":"victory"}