{"plays":[{"turn":1,"cards_played":[],"current_player":"opponent","my_health":0,"opponent_health":0,"my_armor":0,"opponent_armor":0,"my_hand":3,"opponent_hand":1,"my_board":[],"opponent_board":[]},{"turn":2,"cards_played":["Zombie Chow","The Coin","Flame Juggler"],"current_player":"opponent","my_health":30,"opponent_health":30,"my_armor":0,"opponent_armor":0,"my_hand":3,"opponent_hand":4,"my_board":[{"card_name":"Zombie Chow","card_health":3,"card_attack":2}],"opponent_board":[{"card_name":"Flame Juggler","card_health":3,"card_attack":2}]},{"turn":3,"cards_played":["Darkbomb"],"current_player":"me","my_health":30,"opponent_health":28,"my_armor":0,"opponent_armor":0,"my_hand":3,"opponent_hand":4,"my_board":[{"card_name":"Zombie Chow","card_health":2,"card_attack":2}],"opponent_board":[]},{"turn":4,"cards_played":["Sir Finley Mrrgglton"],"current_player":"opponent","my_health":30,"opponent_health":28,"my_armor":0,"opponent_armor":0,"my_hand":3,"opponent_hand":4,"my_board":[{"card_name":"Zombie Chow","card_health":2,"card_attack":2}],"opponent_board":[{"card_name":"Sir Finley Mrrgglton","card_health":3,"card_attack":1}]},{"turn":5,"cards_played":["Life Tap"],"current_player":"me","my_health":28,"opponent_health":26,"my_armor":0,"opponent_armor":0,"my_hand":5,"opponent_hand":4,"my_board":[{"card_name":"Zombie Chow","card_health":2,"card_attack":2}],"opponent_board":[{"card_name":"Sir Finley Mrrgglton","card_health":3,"card_attack":1}]},{"turn":6,"cards_played":["Knife Juggler","Tunnel Trogg"],"current_player":"opponent","my_health":26,"opponent_health":26,"my_armor":0,"opponent_armor":0,"my_hand":5,"opponent_hand":3,"my_board":[{"card_name":"Zombie Chow","card_health":2,"card_attack":2}],"opponent_board":[{"card_name":"Sir Finley Mrrgglton","card_health":3,"card_attack":1},{"card_name":"Tunnel Trogg","card_health":3,"card_attack":1},{"card_name":"Knife Juggler","card_health":2,"card_attack":3}]},{"turn":7,"cards_played":["Twilight Drake"],"current_player":"me","my_health":26,"opponent_health":30,"my_armor":0,"opponent_armor":0,"my_hand":5,"opponent_hand":3,"my_board":[{"card_name":"Twilight Drake","card_health":1,"card_attack":4}],"opponent_board":[{"card_name":"Sir Finley Mrrgglton","card_health":3,"card_attack":1},{"card_name":"Tunnel Trogg","card_health":3,"card_attack":1}]},{"turn":8,"cards_played":["Unbound Elemental","Earth Shock"],"current_player":"opponent","my_health":24,"opponent_health":30,"my_armor":0,"opponent_armor":0,"my_hand":5,"opponent_hand":2,"my_board":[],"opponent_board":[{"card_name":"Sir Finley Mrrgglton","card_health":3,"card_attack":1},{"card_name":"Tunnel Trogg","card_health":3,"card_attack":1},{"card_name":"Unbound Elemental","card_health":4,"card_attack":2}]},{"turn":9,"cards_played":["Feugen"],"current_player":"me","my_health":24,"opponent_health":30,"my_armor":0,"opponent_armor":0,"my_hand":5,"opponent_hand":2,"my_board":[{"card_name":"Feugen","card_health":7,"card_attack":4}],"opponent_board":[{"card_name":"Sir Finley Mrrgglton","card_health":3,"card_attack":1},{"card_name":"Tunnel Trogg","card_health":3,"card_attack":1},{"card_name":"Unbound Elemental","card_health":4,"card_attack":2}]},{"turn":10,"cards_played":["Crackle","Steady Shot"],"current_player":"opponent","my_health":19,"opponent_health":30,"my_armor":0,"opponent_armor":0,"my_hand":5,"opponent_hand":2,"my_board":[],"opponent_board":[{"card_name":"Sir Finley Mrrgglton","card_health":3,"card_attack":1},{"card_name":"Tunnel Trogg","card_health":3,"card_attack":2},{"card_name":"Unbound Elemental","card_health":1,"card_attack":3}]},{"turn":11,"cards_played":["Hellfire","Life Tap"],"current_player":"me","my_health":14,"opponent_health":27,"my_armor":0,"opponent_armor":0,"my_hand":6,"opponent_hand":2,"my_board":[],"opponent_board":[]},{"turn":12,"cards_played":["Doomhammer"],"current_player":"opponent","my_health":10,"opponent_health":27,"my_armor":0,"opponent_armor":0,"my_hand":6,"opponent_hand":2,"my_board":[],"opponent_board":[]},{"turn":13,"cards_played":["Reno Jackson"],"current_player":"me","my_health":10,"opponent_health":27,"my_armor":0,"opponent_armor":0,"my_hand":6,"opponent_hand":2,"my_board":[{"card_name":"Reno Jackson","card_health":6,"card_attack":4}],"opponent_board":[]},{"turn":14,"cards_played":["Steady Shot"],"current_player":"opponent","my_health":24,"opponent_health":27,"my_armor":0,"opponent_armor":0,"my_hand":6,"opponent_hand":3,"my_board":[{"card_name":"Reno Jackson","card_health":6,"card_attack":4}],"opponent_board":[]},{"turn":15,"cards_played":["Sludge Belcher"],"current_player":"me","my_health":24,"opponent_health":23,"my_armor":0,"opponent_armor":0,"my_hand":6,"opponent_hand":3,"my_board":[{"card_name":"Sludge Belcher","card_health":5,"card_attack":3},{"card_name":"Reno Jackson","card_health":6,"card_attack":4}],"opponent_board":[]},{"turn":16,"cards_played":["Lava Burst","Feral Spirit","Steady Shot"],"current_player":"opponent","my_health":20,"opponent_health":22,"my_armor":0,"opponent_armor":0,"my_hand":6,"opponent_hand":2,"my_board":[{"card_name":"Reno Jackson","card_health":6,"card_attack":4}],"opponent_board":[{"card_name":"Spirit Wolf","card_health":3,"card_attack":2},{"card_name":"Spirit Wolf","card_health":3,"card_attack":2}]},{"turn":17,"cards_played":["Loatheb","Refreshment Vendor"],"current_player":"me","my_health":20,"opponent_health":22,"my_armor":0,"opponent_armor":0,"my_hand":5,"opponent_hand":2,"my_board":[{"card_name":"Reno Jackson","card_health":4,"card_attack":4},{"card_name":"Loatheb","card_health":5,"card_attack":5},{"card_name":"Refreshment Vendor","card_health":5,"card_attack":3}],"opponent_board":[{"card_name":"Spirit Wolf","card_health":3,"card_attack":2}]},{"turn":18,"cards_played":["Bloodmage Thalnos","Steady Shot"],"current_player":"opponent","my_health":16,"opponent_health":26,"my_armor":0,"opponent_armor":0,"my_hand":5,"opponent_hand":2,"my_board":[{"card_name":"Reno Jackson","card_health":4,"card_attack":4},{"card_name":"Loatheb","card_health":5,"card_attack":5},{"card_name":"Refreshment Vendor","card_health":5,"card_attack":3}],"opponent_board":[{"card_name":"Bloodmage Thalnos","card_health":1,"card_attack":1},{"card_name":"Spirit Wolf","card_health":3,"card_attack":2}]},{"turn":19,"cards_played":["Antique Healbot"],"current_player":"me","my_health":24,"opponent_health":21,"my_armor":0,"opponent_armor":0,"my_hand":5,"opponent_hand":3,"my_board":[{"card_name":"Reno Jackson","card_health":3,"card_attack":4},{"card_name":"Loatheb","card_health":5,"card_attack":5},{"card_name":"Antique Healbot","card_health":3,"card_attack":3},{"card_name":"Refreshment Vendor","card_health":3,"card_attack":3}],"opponent_board":[]},{"turn":20,"cards_played":["Doomhammer","Ancestral Knowledge","Argent Horserider"],"current_player":"opponent","my_health":18,"opponent_health":21,"my_armor":0,"opponent_armor":0,"my_hand":5,"opponent_hand":3,"my_board":[{"card_name":"Reno Jackson","card_health":3,"card_attack":4},{"card_name":"Loatheb","card_health":5,"card_attack":5},{"card_name":"Antique Healbot","card_health":3,"card_attack":3},{"card_name":"Refreshment Vendor","card_health":3,"card_attack":3}],"opponent_board":[{"card_name":"Argent Horserider","card_health":1,"card_attack":2}]},{"turn":21,"cards_played":["Acidic Swamp Ooze"],"current_player":"me","my_health":18,"opponent_health":21,"my_armor":0,"opponent_armor":0,"my_hand":5,"opponent_hand":3,"my_board":[{"card_name":"Acidic Swamp Ooze","card_health":2,"card_attack":3},{"card_name":"Reno Jackson","card_health":3,"card_attack":4},{"card_name":"Loatheb","card_health":5,"card_attack":5},{"card_name":"Antique Healbot","card_health":3,"card_attack":3},{"card_name":"Refreshment Vendor","card_health":3,"card_attack":3}],"opponent_board":[{"card_name":"Argent Horserider","card_health":1,"card_attack":2}]}],"result":"victory"}