{"plays":[{"turn":1,"cards_played":[],"current_player":"opponent","my_health":0,"opponent_health":0,"my_armor":0,"opponent_armor":0,"my_hand":1,"opponent_hand":0,"my_board":[],"opponent_board":[]},{"turn":2,"cards_played":["Gadgetzan Jouster"],"current_player":"opponent","my_health":30,"opponent_health":30,"my_armor":0,"opponent_armor":0,"my_hand":4,"opponent_hand":5,"my_board":[],"opponent_board":[{"card_name":"Gadgetzan Jouster","card_health":2,"card_attack":1}]},{"turn":3,"cards_played":["Argent Squire"],"current_player":"me","my_health":30,"opponent_health":30,"my_armor":0,"opponent_armor":0,"my_hand":4,"opponent_hand":5,"my_board":[{"card_name":"Argent Squire","card_health":1,"card_attack":1}],"opponent_board":[{"card_name":"Gadgetzan Jouster","card_health":2,"card_attack":1}]},{"turn":4,"cards_played":["Mechwarper"],"current_player":"opponent","my_health":30,"opponent_health":30,"my_armor":0,"opponent_armor":0,"my_hand":4,"opponent_hand":5,"my_board":[{"card_name":"Argent Squire","card_health":1,"card_attack":1}],"opponent_board":[{"card_name":"Mechwarper","card_health":3,"card_attack":2},{"card_name":"Gadgetzan Jouster","card_health":1,"card_attack":1}]},{"turn":5,"cards_played":["Crazed Alchemist","Mortal Coil"],"current_player":"me","my_health":30,"opponent_health":30,"my_armor":0,"opponent_armor":0,"my_hand":4,"opponent_hand":5,"my_board":[{"card_name":"Crazed Alchemist","card_health":2,"card_attack":2}],"opponent_board":[{"card_name":"Gadgetzan Jouster","card_health":1,"card_attack":1}]},{"turn":6,"cards_played":["Imp Master"],"current_player":"opponent","my_health":30,"opponent_health":30,"my_armor":0,"opponent_armor":0,"my_hand":4,"opponent_hand":5,"my_board":[{"card_name":"Crazed Alchemist","card_health":1,"card_attack":2}],"opponent_board":[{"card_name":"Imp Master","card_health":4,"card_attack":1},{"card_name":"Imp","card_health":1,"card_attack":1}]},{"turn":7,"cards_played":["Power Overwhelming","Void Terror"],"current_player":"me","my_health":30,"opponent_health":30,"my_armor":0,"opponent_armor":0,"my_hand":3,"opponent_hand":5,"my_board":[{"card_name":"Void Terror","card_health":7,"card_attack":9}],"opponent_board":[{"card_name":"Imp","card_health":1,"card_attack":1}]},{"turn":8,"cards_played":["Cult Master"],"current_player":"opponent","my_health":30,"opponent_health":30,"my_armor":0,"opponent_armor":0,"my_hand":3,"opponent_hand":6,"my_board":[{"card_name":"Void Terror","card_health":6,"card_attack":9}],"opponent_board":[{"card_name":"Cult Master","card_health":2,"card_attack":4}]},{"turn":9,"cards_played":["Life Tap","Shadow Bolt"],"current_player":"me","my_health":28,"opponent_health":21,"my_armor":0,"opponent_armor":0,"my_hand":4,"opponent_hand":6,"my_board":[{"card_name":"Void Terror","card_health":6,"card_attack":9}],"opponent_board":[]},{"turn":10,"cards_played":["Shadow Bolt","Darkbomb","The Coin","Gadgetzan Jouster"],"current_player":"opponent","my_health":28,"opponent_health":21,"my_armor":0,"opponent_armor":0,"my_hand":4,"opponent_hand":3,"my_board":[],"opponent_board":[{"card_name":"Gadgetzan Jouster","card_health":2,"card_attack":1}]},{"turn":11,"cards_played":["Wobbling Runts"],"current_player":"me","my_health":28,"opponent_health":21,"my_armor":0,"opponent_armor":0,"my_hand":4,"opponent_hand":3,"my_board":[{"card_name":"Wobbling Runts","card_health":6,"card_attack":2}],"opponent_board":[{"card_name":"Gadgetzan Jouster","card_health":2,"card_attack":1}]},{"turn":12,"cards_played":["Stampeding Kodo"],"current_player":"opponent","my_health":27,"opponent_health":21,"my_armor":0,"opponent_armor":0,"my_hand":4,"opponent_hand":3,"my_board":[{"card_name":"Grumbly Runt","card_health":2,"card_attack":2},{"card_name":"Wily Runt","card_health":2,"card_attack":2},{"card_name":"Rascally Runt","card_health":2,"card_attack":2}],"opponent_board":[{"card_name":"Stampeding Kodo","card_health":5,"card_attack":3},{"card_name":"Gadgetzan Jouster","card_health":2,"card_attack":1}]},{"turn":13,"cards_played":["Knife Juggler","Sludge Belcher"],"current_player":"me","my_health":27,"opponent_health":21,"my_armor":0,"opponent_armor":0,"my_hand":3,"opponent_hand":3,"my_board":[{"card_name":"Sludge Belcher","card_health":5,"card_attack":3},{"card_name":"Knife Juggler","card_health":2,"card_attack":3},{"card_name":"Rascally Runt","card_health":1,"card_attack":2}],"opponent_board":[]},{"turn":14,"cards_played":["Wobbling Runts"],"current_player":"opponent","my_health":27,"opponent_health":21,"my_armor":0,"opponent_armor":0,"my_hand":3,"opponent_hand":3,"my_board":[{"card_name":"Sludge Belcher","card_health":5,"card_attack":3},{"card_name":"Knife Juggler","card_health":2,"card_attack":3},{"card_name":"Rascally Runt","card_health":1,"card_attack":2}],"opponent_board":[{"card_name":"Wobbling Runts","card_health":6,"card_attack":2}]},{"turn":15,"cards_played":["Life Tap","Flame Imp","Earthen Ring Farseer"],"current_player":"me","my_health":22,"opponent_health":12,"my_armor":0,"opponent_armor":0,"my_hand":3,"opponent_hand":3,"my_board":[{"card_name":"Earthen Ring Farseer","card_health":3,"card_attack":3},{"card_name":"Sludge Belcher","card_health":5,"card_attack":3},{"card_name":"Knife Juggler","card_health":2,"card_attack":3},{"card_name":"Flame Imp","card_health":2,"card_attack":3},{"card_name":"Rascally Runt","card_health":1,"card_attack":2}],"opponent_board":[{"card_name":"Wobbling Runts","card_health":6,"card_attack":2}]},{"turn":16,"cards_played":["Gorillabot A-3","Shadowflame"],"current_player":"opponent","my_health":25,"opponent_health":11,"my_armor":0,"opponent_armor":0,"my_hand":3,"opponent_hand":2,"my_board":[{"card_name":"Slime","card_health":2,"card_attack":1}],"opponent_board":[{"card_name":"Wobbling Runts","card_health":3,"card_attack":2}]},{"turn":17,"cards_played":["Gorillabot A-3","Gorillabot A-3"],"current_player":"me","my_health":25,"opponent_health":10,"my_armor":0,"opponent_armor":0,"my_hand":3,"opponent_hand":2,"my_board":[{"card_name":"Gorillabot A-3","card_health":4,"card_attack":3},{"card_name":"Gorillabot A-3","card_health":4,"card_attack":3},{"card_name":"Slime","card_health":2,"card_attack":1}],"opponent_board":[{"card_name":"Wobbling Runts","card_health":3,"card_attack":2}]},{"turn":18,"cards_played":["Argent Horserider","Argent Horserider","Flame Juggler"],"current_player":"opponent","my_health":25,"opponent_health":10,"my_armor":0,"opponent_armor":0,"my_hand":3,"opponent_hand":0,"my_board":[{"card_name":"Gorillabot A-3","card_health":4,"card_attack":3}],"opponent_board":[{"card_name":"Argent Horserider","card_health":1,"card_attack":2},{"card_name":"Argent Horserider","card_health":1,"card_attack":2},{"card_name":"Flame Juggler","card_health":3,"card_attack":2},{"card_name":"Grumbly Runt","card_health":2,"card_attack":2},{"card_name":"Wily Runt","card_health":2,"card_attack":2},{"card_name":"Rascally Runt","card_health":2,"card_attack":2}]},{"turn":19,"cards_played":["Hellfire","Arcane Nullifier X-21"],"current_player":"me","my_health":21,"opponent_health":4,"my_armor":0,"opponent_armor":0,"my_hand":2,"opponent_hand":0,"my_board":[{"card_name":"Gorillabot A-3","card_health":1,"card_attack":3},{"card_name":"Arcane Nullifier X-21","card_health":5,"card_attack":2}],"opponent_board":[]},{"turn":20,"cards_played":["Life Tap","Dark Peddler","Imp Gang Boss","Blood Imp"],"current_player":"opponent","my_health":21,"opponent_health":2,"my_armor":0,"opponent_armor":0,"my_hand":2,"opponent_hand":0,"my_board":[{"card_name":"Gorillabot A-3","card_health":1,"card_attack":3},{"card_name":"Arcane Nullifier X-21","card_health":5,"card_attack":2}],"opponent_board":[{"card_name":"Imp Gang Boss","card_health":4,"card_attack":2},{"card_name":"Dark Peddler","card_health":2,"card_attack":2},{"card_name":"Blood Imp","card_health":1,"card_attack":0}]},{"turn":21,"cards_played":[],"current_player":"me","my_health":21,"opponent_health":2,"my_armor":0,"opponent_armor":0,"my_hand":3,"opponent_hand":0,"my_board":[{"card_name":"Gorillabot A-3","card_health":1,"card_attack":3},{"card_name":"Arcane Nullifier X-21","card_health":5,"card_attack":2}],"opponent_board":[{"card_name":"Imp Gang Boss","card_health":5,"card_attack":2},{"card_name":"Dark Peddler","card_health":2,"card_attack":2},{"card_name":"Blood Imp","card_health":1,"card_attack":0}]}],"result":"victory"}