{"plays":[{"turn":1,"cards_played":[],"current_player":"opponent","my_health":0,"opponent_health":0,"my_armor":0,"opponent_armor":0,"my_hand":1,"opponent_hand":0,"my_board":[],"opponent_board":[]},{"turn":2,"cards_played":[],"current_player":"me","my_health":30,"opponent_health":30,"my_armor":0,"opponent_armor":0,"my_hand":6,"opponent_hand":4,"my_board":[],"opponent_board":[]},{"turn":3,"cards_played":["Nerubian Egg"],"current_player":"opponent","my_health":30,"opponent_health":30,"my_armor":0,"opponent_armor":0,"my_hand":6,"opponent_hand":4,"my_board":[],"opponent_board":[{"card_name":"Nerubian Egg","card_health":2,"card_attack":0}]},{"turn":4,"cards_played":["Ironbeak Owl"],"current_player":"me","my_health":30,"opponent_health":30,"my_armor":0,"opponent_armor":0,"my_hand":6,"opponent_hand":4,"my_board":[{"card_name":"Ironbeak Owl","card_health":1,"card_attack":2}],"opponent_board":[{"card_name":"Nerubian Egg","card_health":2,"card_attack":0}]},{"turn":5,"cards_played":["Haunted Creeper","Abusive Sergeant"],"current_player":"opponent","my_health":30,"opponent_health":30,"my_armor":0,"opponent_armor":0,"my_hand":6,"opponent_hand":3,"my_board":[],"opponent_board":[{"card_name":"Haunted Creeper","card_health":2,"card_attack":1},{"card_name":"Abusive Sergeant","card_health":1,"card_attack":2}]},{"turn":6,"cards_played":["The Coin","Twilight Drake"],"current_player":"me","my_health":30,"opponent_health":30,"my_armor":0,"opponent_armor":0,"my_hand":5,"opponent_hand":3,"my_board":[{"card_name":"Twilight Drake","card_health":1,"card_attack":4}],"opponent_board":[{"card_name":"Haunted Creeper","card_health":2,"card_attack":1},{"card_name":"Abusive Sergeant","card_health":1,"card_attack":2}]},{"turn":7,"cards_played":["Abusive Sergeant","SI:7 Agent"],"current_player":"opponent","my_health":29,"opponent_health":30,"my_armor":0,"opponent_armor":0,"my_hand":5,"opponent_hand":2,"my_board":[],"opponent_board":[{"card_name":"Haunted Creeper","card_health":2,"card_attack":1},{"card_name":"SI:7 Agent","card_health":3,"card_attack":3},{"card_name":"Abusive Sergeant","card_health":1,"card_attack":2}]},{"turn":8,"cards_played":["Imp-losion"],"current_player":"me","my_health":29,"opponent_health":30,"my_armor":0,"opponent_armor":0,"my_hand":5,"opponent_hand":2,"my_board":[{"card_name":"Imp","card_health":1,"card_attack":1},{"card_name":"Imp","card_health":1,"card_attack":1},{"card_name":"Imp","card_health":1,"card_attack":1}],"opponent_board":[{"card_name":"Haunted Creeper","card_health":2,"card_attack":1},{"card_name":"Abusive Sergeant","card_health":1,"card_attack":2}]},{"turn":9,"cards_played":["Defender of Argus"],"current_player":"opponent","my_health":24,"opponent_health":30,"my_armor":0,"opponent_armor":0,"my_hand":5,"opponent_hand":2,"my_board":[{"card_name":"Imp","card_health":1,"card_attack":1},{"card_name":"Imp","card_health":1,"card_attack":1},{"card_name":"Imp","card_health":1,"card_attack":1}],"opponent_board":[{"card_name":"Haunted Creeper","card_health":3,"card_attack":2},{"card_name":"Defender of Argus","card_health":3,"card_attack":2},{"card_name":"Abusive Sergeant","card_health":2,"card_attack":3}]},{"turn":10,"cards_played":["Demonwrath","Dark Peddler"],"current_player":"me","my_health":24,"opponent_health":30,"my_armor":0,"opponent_armor":0,"my_hand":5,"opponent_hand":2,"my_board":[{"card_name":"Dark Peddler","card_health":2,"card_attack":2}],"opponent_board":[{"card_name":"Spectral Spider","card_health":1,"card_attack":1}]},{"turn":11,"cards_played":["Haunted Creeper","SI:7 Agent"],"current_player":"opponent","my_health":23,"opponent_health":30,"my_armor":0,"opponent_armor":0,"my_hand":5,"opponent_hand":1,"my_board":[],"opponent_board":[{"card_name":"Haunted Creeper","card_health":2,"card_attack":1},{"card_name":"SI:7 Agent","card_health":3,"card_attack":3},{"card_name":"Spectral Spider","card_health":1,"card_attack":1}]},{"turn":12,"cards_played":["Life Tap","Mortal Coil","Blood Imp"],"current_player":"me","my_health":21,"opponent_health":30,"my_armor":0,"opponent_armor":0,"my_hand":6,"opponent_hand":1,"my_board":[{"card_name":"Blood Imp","card_health":1,"card_attack":0}],"opponent_board":[{"card_name":"Haunted Creeper","card_health":2,"card_attack":1},{"card_name":"SI:7 Agent","card_health":3,"card_attack":3}]},{"turn":13,"cards_played":["Azure Drake","Dagger Mastery"],"current_player":"opponent","my_health":16,"opponent_health":30,"my_armor":0,"opponent_armor":0,"my_hand":6,"opponent_hand":2,"my_board":[{"card_name":"Blood Imp","card_health":1,"card_attack":0}],"opponent_board":[{"card_name":"Haunted Creeper","card_health":2,"card_attack":1},{"card_name":"Azure Drake","card_health":4,"card_attack":4},{"card_name":"SI:7 Agent","card_health":3,"card_attack":3}]},{"turn":14,"cards_played":["Acidic Swamp Ooze","Stalagg"],"current_player":"me","my_health":16,"opponent_health":30,"my_armor":0,"opponent_armor":0,"my_hand":5,"opponent_hand":2,"my_board":[{"card_name":"Acidic Swamp Ooze","card_health":2,"card_attack":3},{"card_name":"Stalagg","card_health":4,"card_attack":7},{"card_name":"Blood Imp","card_health":1,"card_attack":0}],"opponent_board":[{"card_name":"Haunted Creeper","card_health":2,"card_attack":1},{"card_name":"Azure Drake","card_health":4,"card_attack":4},{"card_name":"SI:7 Agent","card_health":3,"card_attack":3}]},{"turn":15,"cards_played":["Big Game Hunter","Dagger Mastery"],"current_player":"opponent","my_health":9,"opponent_health":27,"my_armor":0,"opponent_armor":0,"my_hand":5,"opponent_hand":2,"my_board":[{"card_name":"Blood Imp","card_health":1,"card_attack":0}],"opponent_board":[{"card_name":"Big Game Hunter","card_health":2,"card_attack":4},{"card_name":"Azure Drake","card_health":4,"card_attack":4},{"card_name":"SI:7 Agent","card_health":3,"card_attack":3},{"card_name":"Spectral Spider","card_health":1,"card_attack":1},{"card_name":"Spectral Spider","card_health":1,"card_attack":1}]},{"turn":16,"cards_played":["Hellfire","Molten Giant","Defender of Argus"],"current_player":"me","my_health":6,"opponent_health":24,"my_armor":0,"opponent_armor":0,"my_hand":3,"opponent_hand":2,"my_board":[{"card_name":"Molten Giant","card_health":8,"card_attack":8},{"card_name":"Defender of Argus","card_health":3,"card_attack":2}],"opponent_board":[{"card_name":"Azure Drake","card_health":1,"card_attack":4}]},{"turn":17,"cards_played":["Bloodmage Thalnos","Piloted Shredder","Eviscerate"],"current_player":"opponent","my_health":0,"opponent_health":15,"my_armor":0,"opponent_armor":0,"my_hand":3,"opponent_hand":0,"my_board":[{"card_name":"Molten Giant","card_health":8,"card_attack":9},{"card_name":"Defender of Argus","card_health":3,"card_attack":2}],"opponent_board":[{"card_name":"Azure Drake","card_health":1,"card_attack":4},{"card_name":"Bloodmage Thalnos","card_health":1,"card_attack":1},{"card_name":"Piloted Shredder","card_health":3,"card_attack":4}]}],"result":"defeat"}