{"plays":[{"turn":1,"cards_played":[],"current_player":"opponent","my_health":0,"opponent_health":0,"my_armor":0,"opponent_armor":0,"my_hand":1,"opponent_hand":0,"my_board":[],"opponent_board":[]},{"turn":2,"cards_played":["Sir Finley Mrrgglton"],"current_player":"opponent","my_health":30,"opponent_health":30,"my_armor":0,"opponent_armor":0,"my_hand":4,"opponent_hand":5,"my_board":[],"opponent_board":[{"card_name":"Sir Finley Mrrgglton","card_health":3,"card_attack":1}]},{"turn":3,"cards_played":["Life Tap"],"current_player":"me","my_health":28,"opponent_health":30,"my_armor":0,"opponent_armor":0,"my_hand":6,"opponent_hand":5,"my_board":[],"opponent_board":[{"card_name":"Sir Finley Mrrgglton","card_health":3,"card_attack":1}]},{"turn":4,"cards_played":["Flame Juggler"],"current_player":"opponent","my_health":26,"opponent_health":30,"my_armor":0,"opponent_armor":0,"my_hand":6,"opponent_hand":5,"my_board":[],"opponent_board":[{"card_name":"Sir Finley Mrrgglton","card_health":3,"card_attack":1},{"card_name":"Flame Juggler","card_health":3,"card_attack":2}]},{"turn":5,"cards_played":["Imp Gang Boss"],"current_player":"me","my_health":26,"opponent_health":30,"my_armor":0,"opponent_armor":0,"my_hand":6,"opponent_hand":5,"my_board":[{"card_name":"Imp Gang Boss","card_health":4,"card_attack":2}],"opponent_board":[{"card_name":"Sir Finley Mrrgglton","card_health":3,"card_attack":1},{"card_name":"Flame Juggler","card_health":3,"card_attack":2}]},{"turn":6,"cards_played":["The Coin","Rumbling Elemental"],"current_player":"opponent","my_health":23,"opponent_health":30,"my_armor":0,"opponent_armor":0,"my_hand":6,"opponent_hand":4,"my_board":[{"card_name":"Imp Gang Boss","card_health":4,"card_attack":2}],"opponent_board":[{"card_name":"Sir Finley Mrrgglton","card_health":3,"card_attack":1},{"card_name":"Rumbling Elemental","card_health":6,"card_attack":2},{"card_name":"Flame Juggler","card_health":3,"card_attack":2}]},{"turn":7,"cards_played":["Twilight Drake"],"current_player":"me","my_health":23,"opponent_health":30,"my_armor":0,"opponent_armor":0,"my_hand":6,"opponent_hand":4,"my_board":[{"card_name":"Twilight Drake","card_health":7,"card_attack":4},{"card_name":"Imp Gang Boss","card_health":2,"card_attack":2},{"card_name":"Imp","card_health":1,"card_attack":1}],"opponent_board":[{"card_name":"Sir Finley Mrrgglton","card_health":3,"card_attack":1},{"card_name":"Rumbling Elemental","card_health":4,"card_attack":2},{"card_name":"Flame Juggler","card_health":3,"card_attack":2}]},{"turn":8,"cards_played":["Defender of Argus"],"current_player":"opponent","my_health":17,"opponent_health":30,"my_armor":0,"opponent_armor":0,"my_hand":6,"opponent_hand":4,"my_board":[{"card_name":"Twilight Drake","card_health":7,"card_attack":4},{"card_name":"Imp","card_health":1,"card_attack":1},{"card_name":"Imp","card_health":1,"card_attack":1}],"opponent_board":[{"card_name":"Sir Finley Mrrgglton","card_health":3,"card_attack":1},{"card_name":"Rumbling Elemental","card_health":2,"card_attack":2},{"card_name":"Defender of Argus","card_health":3,"card_attack":2},{"card_name":"Flame Juggler","card_health":4,"card_attack":3}]},{"turn":9,"cards_played":["Hellfire"],"current_player":"me","my_health":14,"opponent_health":23,"my_armor":0,"opponent_armor":0,"my_hand":6,"opponent_hand":4,"my_board":[{"card_name":"Twilight Drake","card_health":4,"card_attack":4}],"opponent_board":[]},{"turn":10,"cards_played":["Ironbeak Owl","Fireblast","Fireblast"],"current_player":"opponent","my_health":14,"opponent_health":23,"my_armor":0,"opponent_armor":0,"my_hand":6,"opponent_hand":4,"my_board":[],"opponent_board":[{"card_name":"Ironbeak Owl","card_health":1,"card_attack":2}]},{"turn":11,"cards_played":["Mortal Coil","Feugen"],"current_player":"me","my_health":14,"opponent_health":23,"my_armor":0,"opponent_armor":0,"my_hand":6,"opponent_hand":4,"my_board":[{"card_name":"Feugen","card_health":7,"card_attack":4}],"opponent_board":[]},{"turn":12,"cards_played":["Justicar Trueheart"],"current_player":"opponent","my_health":14,"opponent_health":23,"my_armor":0,"opponent_armor":0,"my_hand":6,"opponent_hand":4,"my_board":[{"card_name":"Feugen","card_health":7,"card_attack":4}],"opponent_board":[{"card_name":"Justicar Trueheart","card_health":3,"card_attack":6}]},{"turn":13,"cards_played":["Darkbomb","Molten Giant"],"current_player":"me","my_health":14,"opponent_health":19,"my_armor":0,"opponent_armor":0,"my_hand":5,"opponent_hand":4,"my_board":[{"card_name":"Feugen","card_health":7,"card_attack":4},{"card_name":"Molten Giant","card_health":8,"card_attack":8}],"opponent_board":[]},{"turn":14,"cards_played":["Azure Drake","Murloc Tidehunter"],"current_player":"opponent","my_health":14,"opponent_health":19,"my_armor":0,"opponent_armor":0,"my_hand":5,"opponent_hand":4,"my_board":[{"card_name":"Feugen","card_health":7,"card_attack":4},{"card_name":"Molten Giant","card_health":8,"card_attack":8}],"opponent_board":[{"card_name":"Azure Drake","card_health":4,"card_attack":4},{"card_name":"Murloc Tidehunter","card_health":1,"card_attack":2},{"card_name":"Murloc Scout","card_health":1,"card_attack":1}]},{"turn":15,"cards_played":["Imp-losion","Defender of Argus"],"current_player":"me","my_health":14,"opponent_health":11,"my_armor":0,"opponent_armor":0,"my_hand":4,"opponent_hand":4,"my_board":[{"card_name":"Feugen","card_health":3,"card_attack":4},{"card_name":"Molten Giant","card_health":8,"card_attack":8},{"card_name":"Defender of Argus","card_health":3,"card_attack":2},{"card_name":"Imp","card_health":1,"card_attack":1},{"card_name":"Imp","card_health":1,"card_attack":1},{"card_name":"Imp","card_health":1,"card_attack":1}],"opponent_board":[{"card_name":"Murloc Scout","card_health":1,"card_attack":1}]},{"turn":16,"cards_played":["Mind Control Tech","Hex","Totem Golem"],"current_player":"opponent","my_health":14,"opponent_health":11,"my_armor":0,"opponent_armor":0,"my_hand":4,"opponent_hand":2,"my_board":[{"card_name":"Defender of Argus","card_health":3,"card_attack":2},{"card_name":"Imp","card_health":1,"card_attack":1},{"card_name":"Imp","card_health":1,"card_attack":1},{"card_name":"Imp","card_health":1,"card_attack":1}],"opponent_board":[{"card_name":"Feugen","card_health":4,"card_attack":5},{"card_name":"Totem Golem","card_health":4,"card_attack":3},{"card_name":"Mind Control Tech","card_health":3,"card_attack":3},{"card_name":"Murloc Scout","card_health":1,"card_attack":1}]},{"turn":17,"cards_played":["Demonwrath","Loatheb"],"current_player":"me","my_health":14,"opponent_health":11,"my_armor":0,"opponent_armor":0,"my_hand":3,"opponent_hand":2,"my_board":[{"card_name":"Loatheb","card_health":5,"card_attack":5}],"opponent_board":[]},{"turn":18,"cards_played":["Dr. Boom"],"current_player":"opponent","my_health":14,"opponent_health":11,"my_armor":0,"opponent_armor":0,"my_hand":3,"opponent_hand":2,"my_board":[{"card_name":"Loatheb","card_health":5,"card_attack":5}],"opponent_board":[{"card_name":"Dr. Boom","card_health":7,"card_attack":7},{"card_name":"Boom Bot","card_health":1,"card_attack":1},{"card_name":"Boom Bot","card_health":1,"card_attack":1}]},{"turn":19,"cards_played":["Life Tap","Reno Jackson"],"current_player":"me","my_health":30,"opponent_health":6,"my_armor":0,"opponent_armor":0,"my_hand":4,"opponent_hand":2,"my_board":[{"card_name":"Reno Jackson","card_health":6,"card_attack":4},{"card_name":"Loatheb","card_health":5,"card_attack":5}],"opponent_board":[{"card_name":"Dr. Boom","card_health":7,"card_attack":7},{"card_name":"Boom Bot","card_health":1,"card_attack":1},{"card_name":"Boom Bot","card_health":1,"card_attack":1}]},{"turn":20,"cards_played":["Fire Elemental","Fireblast Rank 2","Fireblast Rank 2"],"current_player":"opponent","my_health":29,"opponent_health":6,"my_armor":0,"opponent_armor":0,"my_hand":4,"opponent_hand":2,"my_board":[],"opponent_board":[{"card_name":"Fire Elemental","card_health":5,"card_attack":6},{"card_name":"Dr. Boom","card_health":3,"card_attack":7}]},{"turn":21,"cards_played":["Life Tap","Sylvanas Windrunner"],"current_player":"me","my_health":27,"opponent_health":6,"my_armor":0,"opponent_armor":0,"my_hand":5,"opponent_hand":2,"my_board":[{"card_name":"Sylvanas Windrunner","card_health":5,"card_attack":5}],"opponent_board":[{"card_name":"Fire Elemental","card_health":5,"card_attack":6},{"card_name":"Dr. Boom","card_health":3,"card_attack":7}]},{"turn":22,"cards_played":["Fire Elemental","Totem Golem","Fireblast Rank 2","Fireblast Rank 2"],"current_player":"opponent","my_health":18,"opponent_health":6,"my_armor":0,"opponent_armor":0,"my_hand":5,"opponent_hand":1,"my_board":[{"card_name":"Fire Elemental","card_health":5,"card_attack":6}],"opponent_board":[{"card_name":"Totem Golem","card_health":4,"card_attack":3}]},{"turn":23,"cards_played":[],"current_player":"me","my_health":18,"opponent_health":6,"my_armor":0,"opponent_armor":0,"my_hand":6,"opponent_hand":1,"my_board":[{"card_name":"Fire Elemental","card_health":5,"card_attack":6}],"opponent_board":[{"card_name":"Totem Golem","card_health":4,"card_attack":3}]}],"result":"victory"}