{"plays":[{"turn":1,"cards_played":[],"current_player":"me","my_health":0,"opponent_health":0,"my_armor":0,"opponent_armor":0,"my_hand":0,"opponent_hand":1,"my_board":[],"opponent_board":[]},{"turn":2,"cards_played":["Innervate","The Coin","Piloted Shredder"],"current_player":"me","my_health":30,"opponent_health":30,"my_armor":0,"opponent_armor":0,"my_hand":3,"opponent_hand":4,"my_board":[{"card_name":"Piloted Shredder","card_health":3,"card_attack":4}],"opponent_board":[]},{"turn":3,"cards_played":["Knife Juggler"],"current_player":"opponent","my_health":30,"opponent_health":30,"my_armor":0,"opponent_armor":0,"my_hand":3,"opponent_hand":4,"my_board":[{"card_name":"Piloted Shredder","card_health":3,"card_attack":4}],"opponent_board":[{"card_name":"Knife Juggler","card_health":2,"card_attack":3}]},{"turn":4,"cards_played":["Shapeshift"],"current_player":"me","my_health":30,"opponent_health":29,"my_armor":1,"opponent_armor":0,"my_hand":4,"opponent_hand":4,"my_board":[{"card_name":"Alexstrasza's Champion","card_health":3,"card_attack":2}],"opponent_board":[]},{"turn":5,"cards_played":["Reinforce"],"current_player":"opponent","my_health":30,"opponent_health":29,"my_armor":1,"opponent_armor":0,"my_hand":4,"opponent_hand":5,"my_board":[{"card_name":"Alexstrasza's Champion","card_health":3,"card_attack":2}],"opponent_board":[{"card_name":"Silver Hand Recruit","card_health":1,"card_attack":1}]},{"turn":6,"cards_played":["Shapeshift"],"current_player":"me","my_health":30,"opponent_health":27,"my_armor":1,"opponent_armor":0,"my_hand":5,"opponent_hand":5,"my_board":[{"card_name":"Alexstrasza's Champion","card_health":3,"card_attack":2}],"opponent_board":[]},{"turn":7,"cards_played":["Reinforce"],"current_player":"opponent","my_health":30,"opponent_health":27,"my_armor":1,"opponent_armor":0,"my_hand":5,"opponent_hand":6,"my_board":[{"card_name":"Alexstrasza's Champion","card_health":3,"card_attack":2}],"opponent_board":[{"card_name":"Silver Hand Recruit","card_health":1,"card_attack":1}]},{"turn":8,"cards_played":["Shapeshift"],"current_player":"me","my_health":30,"opponent_health":25,"my_armor":1,"opponent_armor":0,"my_hand":6,"opponent_hand":6,"my_board":[{"card_name":"Alexstrasza's Champion","card_health":3,"card_attack":2}],"opponent_board":[]},{"turn":9,"cards_played":["Sludge Belcher"],"current_player":"opponent","my_health":30,"opponent_health":25,"my_armor":1,"opponent_armor":0,"my_hand":6,"opponent_hand":6,"my_board":[{"card_name":"Alexstrasza's Champion","card_health":3,"card_attack":2}],"opponent_board":[{"card_name":"Sludge Belcher","card_health":5,"card_attack":3}]},{"turn":10,"cards_played":["Keeper of the Grove","Dispel"],"current_player":"me","my_health":30,"opponent_health":23,"my_armor":1,"opponent_armor":0,"my_hand":6,"opponent_hand":6,"my_board":[{"card_name":"Keeper of the Grove","card_health":4,"card_attack":2},{"card_name":"Alexstrasza's Champion","card_health":3,"card_attack":2}],"opponent_board":[{"card_name":"Sludge Belcher","card_health":5,"card_attack":3}]},{"turn":11,"cards_played":["Coghammer","Jeweled Scarab"],"current_player":"opponent","my_health":29,"opponent_health":23,"my_armor":0,"opponent_armor":0,"my_hand":6,"opponent_hand":6,"my_board":[{"card_name":"Keeper of the Grove","card_health":4,"card_attack":2}],"opponent_board":[{"card_name":"Sludge Belcher","card_health":5,"card_attack":3},{"card_name":"Jeweled Scarab","card_health":1,"card_attack":1}]},{"turn":12,"cards_played":["Wrath","Wrath","Swipe"],"current_player":"me","my_health":29,"opponent_health":20,"my_armor":0,"opponent_armor":0,"my_hand":6,"opponent_hand":6,"my_board":[{"card_name":"Keeper of the Grove","card_health":4,"card_attack":2}],"opponent_board":[]},{"turn":13,"cards_played":["Sylvanas Windrunner"],"current_player":"opponent","my_health":27,"opponent_health":20,"my_armor":0,"opponent_armor":0,"my_hand":6,"opponent_hand":6,"my_board":[{"card_name":"Keeper of the Grove","card_health":4,"card_attack":2}],"opponent_board":[{"card_name":"Sylvanas Windrunner","card_health":5,"card_attack":5}]},{"turn":14,"cards_played":["Wrath","Wrath","Azure Drake"],"current_player":"me","my_health":27,"opponent_health":20,"my_armor":0,"opponent_armor":0,"my_hand":6,"opponent_hand":6,"my_board":[{"card_name":"Azure Drake","card_health":4,"card_attack":4}],"opponent_board":[]},{"turn":15,"cards_played":["Sludge Belcher","Reinforce"],"current_player":"opponent","my_health":27,"opponent_health":20,"my_armor":0,"opponent_armor":0,"my_hand":6,"opponent_hand":6,"my_board":[{"card_name":"Azure Drake","card_health":4,"card_attack":4}],"opponent_board":[{"card_name":"Sludge Belcher","card_health":5,"card_attack":3},{"card_name":"Silver Hand Recruit","card_health":1,"card_attack":1}]},{"turn":16,"cards_played":["Swipe","Darnassus Aspirant","Shapeshift"],"current_player":"me","my_health":27,"opponent_health":17,"my_armor":1,"opponent_armor":0,"my_hand":5,"opponent_hand":6,"my_board":[{"card_name":"Azure Drake","card_health":3,"card_attack":4},{"card_name":"Darnassus Aspirant","card_health":3,"card_attack":2}],"opponent_board":[]},{"turn":17,"cards_played":["Brann Bronzebeard","Antique Healbot"],"current_player":"opponent","my_health":27,"opponent_health":15,"my_armor":1,"opponent_armor":0,"my_hand":5,"opponent_hand":5,"my_board":[{"card_name":"Azure Drake","card_health":3,"card_attack":4},{"card_name":"Darnassus Aspirant","card_health":1,"card_attack":2}],"opponent_board":[{"card_name":"Antique Healbot","card_health":3,"card_attack":3},{"card_name":"Brann Bronzebeard","card_health":4,"card_attack":2}]},{"turn":18,"cards_played":["Wild Growth","Excess Mana","Wild Growth","Excess Mana","Shapeshift"],"current_player":"me","my_health":26,"opponent_health":30,"my_armor":0,"opponent_armor":0,"my_hand":6,"opponent_hand":5,"my_board":[{"card_name":"Azure Drake","card_health":1,"card_attack":4}],"opponent_board":[]},{"turn":19,"cards_played":["Dr. Boom","Reinforce"],"current_player":"opponent","my_health":26,"opponent_health":30,"my_armor":0,"opponent_armor":0,"my_hand":6,"opponent_hand":5,"my_board":[{"card_name":"Azure Drake","card_health":1,"card_attack":4}],"opponent_board":[{"card_name":"Dr. Boom","card_health":7,"card_attack":7},{"card_name":"Boom Bot","card_health":1,"card_attack":1},{"card_name":"Boom Bot","card_health":1,"card_attack":1},{"card_name":"Silver Hand Recruit","card_health":1,"card_attack":1}]},{"turn":20,"cards_played":["Ancient of Lore","Shade of Naxxramas"],"current_player":"me","my_health":26,"opponent_health":26,"my_armor":0,"opponent_armor":0,"my_hand":7,"opponent_hand":5,"my_board":[{"card_name":"Azure Drake","card_health":1,"card_attack":4},{"card_name":"Shade of Naxxramas","card_health":2,"card_attack":2},{"card_name":"Ancient of Lore","card_health":5,"card_attack":5}],"opponent_board":[{"card_name":"Dr. Boom","card_health":7,"card_attack":7},{"card_name":"Boom Bot","card_health":1,"card_attack":1},{"card_name":"Boom Bot","card_health":1,"card_attack":1},{"card_name":"Silver Hand Recruit","card_health":1,"card_attack":1}]},{"turn":21,"cards_played":["Consecration","Shielded Minibot","Reinforce"],"current_player":"opponent","my_health":13,"opponent_health":26,"my_armor":0,"opponent_armor":0,"my_hand":7,"opponent_hand":4,"my_board":[],"opponent_board":[{"card_name":"Dr. Boom","card_health":7,"card_attack":7},{"card_name":"Shielded Minibot","card_health":2,"card_attack":2},{"card_name":"Silver Hand Recruit","card_health":1,"card_attack":1}]},{"turn":22,"cards_played":["Ancient of Lore","Ancient Secrets","Shapeshift"],"current_player":"me","my_health":18,"opponent_health":26,"my_armor":0,"opponent_armor":0,"my_hand":7,"opponent_hand":4,"my_board":[{"card_name":"Ancient of Lore","card_health":5,"card_attack":5}],"opponent_board":[{"card_name":"Dr. Boom","card_health":7,"card_attack":7},{"card_name":"Shielded Minibot","card_health":2,"card_attack":2}]},{"turn":23,"cards_played":["Blessing of Kings","Reinforce"],"current_player":"opponent","my_health":11,"opponent_health":26,"my_armor":0,"opponent_armor":0,"my_hand":7,"opponent_hand":4,"my_board":[],"opponent_board":[{"card_name":"Dr. Boom","card_health":7,"card_attack":7},{"card_name":"Shielded Minibot","card_health":6,"card_attack":6},{"card_name":"Silver Hand Recruit","card_health":1,"card_attack":1}]},{"turn":24,"cards_played":["Ancient of War","Shapeshift"],"current_player":"me","my_health":11,"opponent_health":26,"my_armor":0,"opponent_armor":0,"my_hand":7,"opponent_hand":4,"my_board":[{"card_name":"Ancient of War","card_health":10,"card_attack":5}],"opponent_board":[{"card_name":"Dr. Boom","card_health":7,"card_attack":7},{"card_name":"Shielded Minibot","card_health":6,"card_attack":6}]},{"turn":25,"cards_played":["Equality","Avenging Wrath"],"current_player":"opponent","my_health":4,"opponent_health":26,"my_armor":0,"opponent_armor":0,"my_hand":7,"opponent_hand":3,"my_board":[],"opponent_board":[{"card_name":"Dr. Boom","card_health":1,"card_attack":7},{"card_name":"Shielded Minibot","card_health":1,"card_attack":6}]}],"result":"defeat"}