{"plays":[{"turn":1,"cards_played":[],"current_player":"me","my_health":0,"opponent_health":0,"my_armor":0,"opponent_armor":0,"my_hand":0,"opponent_hand":1,"my_board":[],"opponent_board":[]},{"turn":2,"cards_played":["The Coin","Knife Juggler"],"current_player":"me","my_health":30,"opponent_health":30,"my_armor":0,"opponent_armor":0,"my_hand":4,"opponent_hand":3,"my_board":[{"card_name":"Knife Juggler","card_health":2,"card_attack":3}],"opponent_board":[]},{"turn":3,"cards_played":["Mad Scientist"],"current_player":"opponent","my_health":30,"opponent_health":30,"my_armor":0,"opponent_armor":0,"my_hand":4,"opponent_hand":3,"my_board":[{"card_name":"Knife Juggler","card_health":2,"card_attack":3}],"opponent_board":[{"card_name":"Mad Scientist","card_health":2,"card_attack":2}]},{"turn":4,"cards_played":["Argent Squire","Flame Imp"],"current_player":"me","my_health":30,"opponent_health":29,"my_armor":0,"opponent_armor":0,"my_hand":3,"opponent_hand":3,"my_board":[{"card_name":"Argent Squire","card_health":1,"card_attack":1},{"card_name":"Flame Imp","card_health":2,"card_attack":3},{"card_name":"Knife Juggler","card_health":2,"card_attack":3}],"opponent_board":[{"card_name":"Mad Scientist","card_health":2,"card_attack":2}]},{"turn":5,"cards_played":["Annoy-o-Tron"],"current_player":"opponent","my_health":27,"opponent_health":28,"my_armor":0,"opponent_armor":0,"my_hand":3,"opponent_hand":3,"my_board":[{"card_name":"Argent Squire","card_health":1,"card_attack":1},{"card_name":"Flame Imp","card_health":2,"card_attack":3}],"opponent_board":[{"card_name":"Annoy-o-Tron","card_health":2,"card_attack":1}]},{"turn":6,"cards_played":["Earthen Ring Farseer"],"current_player":"me","my_health":30,"opponent_health":28,"my_armor":0,"opponent_armor":0,"my_hand":3,"opponent_hand":3,"my_board":[{"card_name":"Argent Squire","card_health":1,"card_attack":1},{"card_name":"Flame Imp","card_health":1,"card_attack":3},{"card_name":"Earthen Ring Farseer","card_health":3,"card_attack":3}],"opponent_board":[{"card_name":"Annoy-o-Tron","card_health":2,"card_attack":1}]},{"turn":7,"cards_played":["Dark Iron Dwarf"],"current_player":"opponent","my_health":30,"opponent_health":28,"my_armor":0,"opponent_armor":0,"my_hand":3,"opponent_hand":3,"my_board":[{"card_name":"Flame Imp","card_health":1,"card_attack":3},{"card_name":"Earthen Ring Farseer","card_health":3,"card_attack":3}],"opponent_board":[{"card_name":"Annoy-o-Tron","card_health":2,"card_attack":4},{"card_name":"Dark Iron Dwarf","card_health":4,"card_attack":4}]},{"turn":8,"cards_played":["Shadow Bolt"],"current_player":"me","my_health":30,"opponent_health":25,"my_armor":0,"opponent_armor":0,"my_hand":3,"opponent_hand":3,"my_board":[{"card_name":"Flame Imp","card_health":1,"card_attack":3},{"card_name":"Earthen Ring Farseer","card_health":1,"card_attack":3}],"opponent_board":[]},{"turn":9,"cards_played":["Mechwarper","Reinforce"],"current_player":"opponent","my_health":30,"opponent_health":25,"my_armor":0,"opponent_armor":0,"my_hand":3,"opponent_hand":3,"my_board":[{"card_name":"Flame Imp","card_health":1,"card_attack":3},{"card_name":"Earthen Ring Farseer","card_health":1,"card_attack":3}],"opponent_board":[{"card_name":"Mechwarper","card_health":3,"card_attack":2},{"card_name":"Silver Hand Recruit","card_health":1,"card_attack":1}]},{"turn":10,"cards_played":["Azure Drake"],"current_player":"me","my_health":30,"opponent_health":22,"my_armor":0,"opponent_armor":0,"my_hand":4,"opponent_hand":3,"my_board":[{"card_name":"Earthen Ring Farseer","card_health":1,"card_attack":3},{"card_name":"Azure Drake","card_health":4,"card_attack":4}],"opponent_board":[{"card_name":"Silver Hand Recruit","card_health":1,"card_attack":1}]},{"turn":11,"cards_played":["Boulderfist Ogre"],"current_player":"opponent","my_health":30,"opponent_health":22,"my_armor":0,"opponent_armor":0,"my_hand":4,"opponent_hand":3,"my_board":[{"card_name":"Azure Drake","card_health":4,"card_attack":4}],"opponent_board":[{"card_name":"Boulderfist Ogre","card_health":7,"card_attack":6}]},{"turn":12,"cards_played":["Micro Machine","Gorillabot A-3"],"current_player":"opponent","my_health":30,"opponent_health":18,"my_armor":0,"opponent_armor":0,"my_hand":4,"opponent_hand":3,"my_board":[{"card_name":"Micro Machine","card_health":2,"card_attack":1},{"card_name":"Azure Drake","card_health":4,"card_attack":4},{"card_name":"Gorillabot A-3","card_health":4,"card_attack":3}],"opponent_board":[{"card_name":"Boulderfist Ogre","card_health":7,"card_attack":6}]},{"turn":13,"cards_played":["Murloc Knight","Reinforce"],"current_player":"opponent","my_health":30,"opponent_health":18,"my_armor":0,"opponent_armor":0,"my_hand":4,"opponent_hand":3,"my_board":[{"card_name":"Micro Machine","card_health":2,"card_attack":2},{"card_name":"Gorillabot A-3","card_health":4,"card_attack":3}],"opponent_board":[{"card_name":"Murloc Knight","card_health":4,"card_attack":3},{"card_name":"Boulderfist Ogre","card_health":3,"card_attack":6},{"card_name":"Silver Hand Recruit","card_health":1,"card_attack":1},{"card_name":"Murloc Raider","card_health":1,"card_attack":2}]},{"turn":14,"cards_played":["Mortal Coil","Piloted Sky Golem"],"current_player":"me","my_health":30,"opponent_health":18,"my_armor":0,"opponent_armor":0,"my_hand":4,"opponent_hand":3,"my_board":[{"card_name":"Gorillabot A-3","card_health":1,"card_attack":3},{"card_name":"Piloted Sky Golem","card_health":4,"card_attack":6}],"opponent_board":[{"card_name":"Silver Hand Recruit","card_health":1,"card_attack":1},{"card_name":"Murloc Raider","card_health":1,"card_attack":2}]},{"turn":15,"cards_played":["Frost Elemental","Reinforce"],"current_player":"opponent","my_health":28,"opponent_health":18,"my_armor":0,"opponent_armor":0,"my_hand":4,"opponent_hand":3,"my_board":[{"card_name":"Piloted Sky Golem","card_health":4,"card_attack":6}],"opponent_board":[{"card_name":"Frost Elemental","card_health":5,"card_attack":5},{"card_name":"Murloc Raider","card_health":1,"card_attack":2},{"card_name":"Silver Hand Recruit","card_health":1,"card_attack":1}]},{"turn":16,"cards_played":["Gorillabot A-3","Razorfen Hunter"],"current_player":"me","my_health":28,"opponent_health":18,"my_armor":0,"opponent_armor":0,"my_hand":4,"opponent_hand":3,"my_board":[{"card_name":"Razorfen Hunter","card_health":3,"card_attack":2},{"card_name":"Gorillabot A-3","card_health":4,"card_attack":3},{"card_name":"Piloted Sky Golem","card_health":4,"card_attack":6},{"card_name":"Boar","card_health":1,"card_attack":1}],"opponent_board":[{"card_name":"Frost Elemental","card_health":5,"card_attack":5},{"card_name":"Murloc Raider","card_health":1,"card_attack":2},{"card_name":"Silver Hand Recruit","card_health":1,"card_attack":1}]},{"turn":17,"cards_played":["Keeper of Uldaman","Murloc Tidehunter","Reinforce"],"current_player":"opponent","my_health":28,"opponent_health":18,"my_armor":0,"opponent_armor":0,"my_hand":4,"opponent_hand":1,"my_board":[{"card_name":"Piloted Sky Golem","card_health":3,"card_attack":3},{"card_name":"Boar","card_health":1,"card_attack":1}],"opponent_board":[{"card_name":"Keeper of Uldaman","card_health":4,"card_attack":3},{"card_name":"Frost Elemental","card_health":2,"card_attack":5},{"card_name":"Murloc Tidehunter","card_health":1,"card_attack":2},{"card_name":"Murloc Scout","card_health":1,"card_attack":1},{"card_name":"Silver Hand Recruit","card_health":1,"card_attack":1}]},{"turn":18,"cards_played":["Power Overwhelming","Blingtron 3000","Void Terror"],"current_player":"me","my_health":18,"opponent_health":18,"my_armor":0,"opponent_armor":0,"my_hand":2,"opponent_hand":1,"my_board":[{"card_name":"Void Terror","card_health":4,"card_attack":10},{"card_name":"Blingtron 3000","card_health":4,"card_attack":3},{"card_name":"Mogu'shan Warden","card_health":7,"card_attack":1}],"opponent_board":[{"card_name":"Murloc Tidehunter","card_health":1,"card_attack":2},{"card_name":"Silver Hand Recruit","card_health":1,"card_attack":1}]},{"turn":19,"cards_played":["North Sea Kraken"],"current_player":"opponent","my_health":18,"opponent_health":17,"my_armor":0,"opponent_armor":0,"my_hand":2,"opponent_hand":1,"my_board":[{"card_name":"Blingtron 3000","card_health":4,"card_attack":3},{"card_name":"Mogu'shan Warden","card_health":4,"card_attack":1}],"opponent_board":[{"card_name":"North Sea Kraken","card_health":7,"card_attack":9},{"card_name":"Murloc Tidehunter","card_health":1,"card_attack":2},{"card_name":"Silver Hand Recruit","card_health":1,"card_attack":1}]},{"turn":20,"cards_played":["Flesheating Ghoul","Dragonkin Sorcerer"],"current_player":"me","my_health":16,"opponent_health":16,"my_armor":0,"opponent_armor":0,"my_hand":1,"opponent_hand":1,"my_board":[{"card_name":"Dragonkin Sorcerer","card_health":5,"card_attack":3},{"card_name":"Flesheating Ghoul","card_health":3,"card_attack":3},{"card_name":"Blingtron 3000","card_health":2,"card_attack":3},{"card_name":"Mogu'shan Warden","card_health":4,"card_attack":1}],"opponent_board":[{"card_name":"North Sea Kraken","card_health":7,"card_attack":9}]},{"turn":21,"cards_played":["Gnomish Inventor","Master Jouster"],"current_player":"opponent","my_health":16,"opponent_health":12,"my_armor":0,"opponent_armor":0,"my_hand":1,"opponent_hand":1,"my_board":[{"card_name":"Dragonkin Sorcerer","card_health":5,"card_attack":3},{"card_name":"Blingtron 3000","card_health":2,"card_attack":3}],"opponent_board":[{"card_name":"North Sea Kraken","card_health":6,"card_attack":9},{"card_name":"Gnomish Inventor","card_health":4,"card_attack":2},{"card_name":"Master Jouster","card_health":6,"card_attack":5}]},{"turn":22,"cards_played":["Life Tap","Wobbling Runts"],"current_player":"me","my_health":14,"opponent_health":10,"my_armor":0,"opponent_armor":0,"my_hand":2,"opponent_hand":1,"my_board":[{"card_name":"Wobbling Runts","card_health":6,"card_attack":2}],"opponent_board":[{"card_name":"Gnomish Inventor","card_health":4,"card_attack":2},{"card_name":"Master Jouster","card_health":6,"card_attack":5}]},{"turn":23,"cards_played":["Lance Carrier","Reinforce"],"current_player":"opponent","my_health":5,"opponent_health":10,"my_armor":0,"opponent_armor":0,"my_hand":2,"opponent_hand":1,"my_board":[{"card_name":"Wobbling Runts","card_health":6,"card_attack":2}],"opponent_board":[{"card_name":"Lance Carrier","card_health":2,"card_attack":1},{"card_name":"Gnomish Inventor","card_health":4,"card_attack":4},{"card_name":"Master Jouster","card_health":6,"card_attack":5},{"card_name":"Silver Hand Recruit","card_health":1,"card_attack":1}]},{"turn":24,"cards_played":["Life Tap"],"current_player":"me","my_health":3,"opponent_health":10,"my_armor":0,"opponent_armor":0,"my_hand":4,"opponent_hand":1,"my_board":[{"card_name":"Wobbling Runts","card_health":6,"card_attack":2}],"opponent_board":[{"card_name":"Lance Carrier","card_health":2,"card_attack":1},{"card_name":"Gnomish Inventor","card_health":4,"card_attack":4},{"card_name":"Master Jouster","card_health":6,"card_attack":5},{"card_name":"Silver Hand Recruit","card_health":1,"card_attack":1}]}],"result":"defeat"}