{"plays":[{"turn":1,"cards_played":[],"current_player":"opponent","my_health":0,"opponent_health":0,"my_armor":0,"opponent_armor":0,"my_hand":3,"opponent_hand":1,"my_board":[],"opponent_board":[]},{"turn":2,"cards_played":[],"current_player":"opponent","my_health":30,"opponent_health":30,"my_armor":0,"opponent_armor":0,"my_hand":4,"opponent_hand":6,"my_board":[],"opponent_board":[]},{"turn":3,"cards_played":["Life Tap"],"current_player":"me","my_health":28,"opponent_health":30,"my_armor":0,"opponent_armor":0,"my_hand":6,"opponent_hand":6,"my_board":[],"opponent_board":[]},{"turn":4,"cards_played":["The Coin","Frothing Berserker"],"current_player":"opponent","my_health":28,"opponent_health":30,"my_armor":0,"opponent_armor":0,"my_hand":6,"opponent_hand":5,"my_board":[],"opponent_board":[{"card_name":"Frothing Berserker","card_health":4,"card_attack":2}]},{"turn":5,"cards_played":["Imp Gang Boss"],"current_player":"me","my_health":28,"opponent_health":30,"my_armor":0,"opponent_armor":0,"my_hand":6,"opponent_hand":5,"my_board":[{"card_name":"Imp Gang Boss","card_health":4,"card_attack":2}],"opponent_board":[{"card_name":"Frothing Berserker","card_health":4,"card_attack":2}]},{"turn":6,"cards_played":["Slam"],"current_player":"opponent","my_health":25,"opponent_health":30,"my_armor":0,"opponent_armor":0,"my_hand":6,"opponent_hand":6,"my_board":[{"card_name":"Imp Gang Boss","card_health":2,"card_attack":2},{"card_name":"Imp","card_health":1,"card_attack":1}],"opponent_board":[{"card_name":"Frothing Berserker","card_health":4,"card_attack":3}]},{"turn":7,"cards_played":["Imp-losion"],"current_player":"me","my_health":25,"opponent_health":28,"my_armor":0,"opponent_armor":0,"my_hand":6,"opponent_hand":6,"my_board":[{"card_name":"Imp Gang Boss","card_health":2,"card_attack":2},{"card_name":"Imp","card_health":1,"card_attack":1},{"card_name":"Imp","card_health":1,"card_attack":1},{"card_name":"Imp","card_health":1,"card_attack":1}],"opponent_board":[]},{"turn":8,"cards_played":["Fiery War Axe","Whirlwind"],"current_player":"opponent","my_health":25,"opponent_health":26,"my_armor":0,"opponent_armor":0,"my_hand":6,"opponent_hand":5,"my_board":[],"opponent_board":[]},{"turn":9,"cards_played":["Life Tap"],"current_player":"me","my_health":23,"opponent_health":26,"my_armor":0,"opponent_armor":0,"my_hand":8,"opponent_hand":5,"my_board":[],"opponent_board":[]},{"turn":10,"cards_played":["Armorsmith","Armor Up!"],"current_player":"opponent","my_health":23,"opponent_health":26,"my_armor":0,"opponent_armor":2,"my_hand":8,"opponent_hand":5,"my_board":[],"opponent_board":[{"card_name":"Armorsmith","card_health":4,"card_attack":1}]},{"turn":11,"cards_played":["Life Tap","Twilight Drake"],"current_player":"me","my_health":21,"opponent_health":26,"my_armor":0,"opponent_armor":2,"my_hand":9,"opponent_hand":5,"my_board":[{"card_name":"Twilight Drake","card_health":1,"card_attack":4}],"opponent_board":[{"card_name":"Armorsmith","card_health":4,"card_attack":1}]},{"turn":12,"cards_played":["Execute","Armor Up!"],"current_player":"opponent","my_health":18,"opponent_health":26,"my_armor":0,"opponent_armor":5,"my_hand":9,"opponent_hand":5,"my_board":[],"opponent_board":[]},{"turn":13,"cards_played":["Emperor Thaurissan"],"current_player":"me","my_health":18,"opponent_health":26,"my_armor":0,"opponent_armor":5,"my_hand":9,"opponent_hand":5,"my_board":[{"card_name":"Emperor Thaurissan","card_health":5,"card_attack":5}],"opponent_board":[]},{"turn":14,"cards_played":["Slam","Death's Bite"],"current_player":"opponent","my_health":18,"opponent_health":26,"my_armor":0,"opponent_armor":0,"my_hand":9,"opponent_hand":5,"my_board":[],"opponent_board":[]},{"turn":15,"cards_played":["Acidic Swamp Ooze","Life Tap","Sludge Belcher"],"current_player":"me","my_health":16,"opponent_health":26,"my_armor":0,"opponent_armor":0,"my_hand":9,"opponent_hand":5,"my_board":[{"card_name":"Acidic Swamp Ooze","card_health":1,"card_attack":3},{"card_name":"Sludge Belcher","card_health":5,"card_attack":3}],"opponent_board":[]},{"turn":16,"cards_played":["Acolyte of Pain","Armor Up!"],"current_player":"opponent","my_health":16,"opponent_health":26,"my_armor":0,"opponent_armor":2,"my_hand":9,"opponent_hand":5,"my_board":[{"card_name":"Acidic Swamp Ooze","card_health":1,"card_attack":3},{"card_name":"Sludge Belcher","card_health":5,"card_attack":3}],"opponent_board":[{"card_name":"Acolyte of Pain","card_health":3,"card_attack":1}]},{"turn":17,"cards_played":["Siphon Soul"],"current_player":"me","my_health":19,"opponent_health":22,"my_armor":0,"opponent_armor":0,"my_hand":9,"opponent_hand":5,"my_board":[{"card_name":"Acidic Swamp Ooze","card_health":1,"card_attack":3},{"card_name":"Sludge Belcher","card_health":5,"card_attack":3}],"opponent_board":[]},{"turn":18,"cards_played":["Dread Corsair","Armor Up!"],"current_player":"opponent","my_health":19,"opponent_health":22,"my_armor":0,"opponent_armor":2,"my_hand":9,"opponent_hand":5,"my_board":[{"card_name":"Acidic Swamp Ooze","card_health":1,"card_attack":3},{"card_name":"Sludge Belcher","card_health":5,"card_attack":3}],"opponent_board":[{"card_name":"Dread Corsair","card_health":3,"card_attack":3}]},{"turn":19,"cards_played":["Stalagg"],"current_player":"me","my_health":19,"opponent_health":21,"my_armor":0,"opponent_armor":0,"my_hand":9,"opponent_hand":5,"my_board":[{"card_name":"Stalagg","card_health":4,"card_attack":7},{"card_name":"Acidic Swamp Ooze","card_health":1,"card_attack":3},{"card_name":"Sludge Belcher","card_health":2,"card_attack":3}],"opponent_board":[]},{"turn":20,"cards_played":["Big Game Hunter","Death's Bite","Armor Up!"],"current_player":"opponent","my_health":19,"opponent_health":18,"my_armor":0,"opponent_armor":2,"my_hand":9,"opponent_hand":4,"my_board":[{"card_name":"Acidic Swamp Ooze","card_health":1,"card_attack":3},{"card_name":"Slime","card_health":2,"card_attack":1}],"opponent_board":[{"card_name":"Big Game Hunter","card_health":2,"card_attack":4}]},{"turn":21,"cards_played":["Loatheb","Antique Healbot"],"current_player":"me","my_health":27,"opponent_health":18,"my_armor":0,"opponent_armor":1,"my_hand":8,"opponent_hand":4,"my_board":[{"card_name":"Antique Healbot","card_health":3,"card_attack":3},{"card_name":"Loatheb","card_health":5,"card_attack":5},{"card_name":"Slime","card_health":2,"card_attack":1}],"opponent_board":[]},{"turn":22,"cards_played":["Grim Patron","Inner Rage"],"current_player":"opponent","my_health":27,"opponent_health":18,"my_armor":0,"opponent_armor":0,"my_hand":8,"opponent_hand":3,"my_board":[{"card_name":"Antique Healbot","card_health":2,"card_attack":3},{"card_name":"Loatheb","card_health":4,"card_attack":5}],"opponent_board":[{"card_name":"Grim Patron","card_health":1,"card_attack":5},{"card_name":"Grim Patron","card_health":2,"card_attack":3},{"card_name":"Grim Patron","card_health":3,"card_attack":3},{"card_name":"Grim Patron","card_health":3,"card_attack":3}]},{"turn":23,"cards_played":["Demonwrath","Dr. Boom"],"current_player":"me","my_health":27,"opponent_health":18,"my_armor":0,"opponent_armor":0,"my_hand":7,"opponent_hand":3,"my_board":[{"card_name":"Dr. Boom","card_health":7,"card_attack":7},{"card_name":"Boom Bot","card_health":1,"card_attack":1},{"card_name":"Boom Bot","card_health":1,"card_attack":1}],"opponent_board":[]},{"turn":24,"cards_played":["Grommash Hellscream","Whirlwind"],"current_player":"opponent","my_health":17,"opponent_health":15,"my_armor":0,"opponent_armor":0,"my_hand":7,"opponent_hand":2,"my_board":[{"card_name":"Dr. Boom","card_health":6,"card_attack":7}],"opponent_board":[{"card_name":"Grommash Hellscream","card_health":6,"card_attack":10}]},{"turn":25,"cards_played":["Big Game Hunter","Life Tap"],"current_player":"me","my_health":15,"opponent_health":8,"my_armor":0,"opponent_armor":0,"my_hand":8,"opponent_hand":2,"my_board":[{"card_name":"Dr. Boom","card_health":6,"card_attack":7},{"card_name":"Big Game Hunter","card_health":2,"card_attack":4}],"opponent_board":[]},{"turn":26,"cards_played":["Unstable Ghoul","Brawl","Armor Up!"],"current_player":"opponent","my_health":15,"opponent_health":8,"my_armor":0,"opponent_armor":2,"my_hand":8,"opponent_hand":1,"my_board":[{"card_name":"Dr. Boom","card_health":5,"card_attack":7}],"opponent_board":[]}],"result":"victory"}