{"plays":[{"turn":1,"cards_played":[],"current_player":"opponent","my_health":0,"opponent_health":0,"my_armor":0,"opponent_armor":0,"my_hand":1,"opponent_hand":0,"my_board":[],"opponent_board":[]},{"turn":2,"cards_played":[],"current_player":"opponent","my_health":30,"opponent_health":30,"my_armor":0,"opponent_armor":0,"my_hand":4,"opponent_hand":6,"my_board":[],"opponent_board":[]},{"turn":3,"cards_played":["Acidic Swamp Ooze"],"current_player":"me","my_health":30,"opponent_health":30,"my_armor":0,"opponent_armor":0,"my_hand":4,"opponent_hand":6,"my_board":[{"card_name":"Acidic Swamp Ooze","card_health":2,"card_attack":3}],"opponent_board":[]},{"turn":4,"cards_played":["Shadow Word: Pain"],"current_player":"opponent","my_health":30,"opponent_health":30,"my_armor":0,"opponent_armor":0,"my_hand":4,"opponent_hand":6,"my_board":[],"opponent_board":[]},{"turn":5,"cards_played":["Life Tap"],"current_player":"me","my_health":28,"opponent_health":30,"my_armor":0,"opponent_armor":0,"my_hand":6,"opponent_hand":6,"my_board":[],"opponent_board":[]},{"turn":6,"cards_played":["The Coin","Sen'jin Shieldmasta"],"current_player":"opponent","my_health":28,"opponent_health":30,"my_armor":0,"opponent_armor":0,"my_hand":6,"opponent_hand":5,"my_board":[],"opponent_board":[{"card_name":"Sen'jin Shieldmasta","card_health":5,"card_attack":3}]},{"turn":7,"cards_played":["Twilight Drake"],"current_player":"me","my_health":28,"opponent_health":30,"my_armor":0,"opponent_armor":0,"my_hand":6,"opponent_hand":5,"my_board":[{"card_name":"Twilight Drake","card_health":1,"card_attack":4}],"opponent_board":[{"card_name":"Sen'jin Shieldmasta","card_health":5,"card_attack":3}]},{"turn":8,"cards_played":["Light of the Naaru","Lesser Heal","Lesser Heal"],"current_player":"opponent","my_health":28,"opponent_health":30,"my_armor":0,"opponent_armor":0,"my_hand":6,"opponent_hand":5,"my_board":[{"card_name":"Twilight Drake","card_health":4,"card_attack":4}],"opponent_board":[{"card_name":"Sen'jin Shieldmasta","card_health":5,"card_attack":3},{"card_name":"Lightwarden","card_health":2,"card_attack":1}]},{"turn":9,"cards_played":["Mortal Coil","Refreshment Vendor"],"current_player":"me","my_health":28,"opponent_health":30,"my_armor":0,"opponent_armor":0,"my_hand":6,"opponent_hand":5,"my_board":[{"card_name":"Refreshment Vendor","card_health":5,"card_attack":3},{"card_name":"Twilight Drake","card_health":1,"card_attack":4}],"opponent_board":[{"card_name":"Lightwarden","card_health":2,"card_attack":3}]},{"turn":10,"cards_played":["Shadow Madness","Northshire Cleric"],"current_player":"opponent","my_health":25,"opponent_health":30,"my_armor":0,"opponent_armor":0,"my_hand":6,"opponent_hand":4,"my_board":[],"opponent_board":[{"card_name":"Refreshment Vendor","card_health":1,"card_attack":3},{"card_name":"Northshire Cleric","card_health":3,"card_attack":1},{"card_name":"Lightwarden","card_health":2,"card_attack":5}]},{"turn":11,"cards_played":["Emperor Thaurissan"],"current_player":"me","my_health":25,"opponent_health":30,"my_armor":0,"opponent_armor":0,"my_hand":6,"opponent_hand":4,"my_board":[{"card_name":"Emperor Thaurissan","card_health":5,"card_attack":5}],"opponent_board":[{"card_name":"Northshire Cleric","card_health":3,"card_attack":1}]},{"turn":12,"cards_played":[],"current_player":"opponent","my_health":25,"opponent_health":30,"my_armor":0,"opponent_armor":0,"my_hand":6,"opponent_hand":5,"my_board":[{"card_name":"Emperor Thaurissan","card_health":5,"card_attack":5}],"opponent_board":[{"card_name":"Northshire Cleric","card_health":3,"card_attack":1}]}],"result":"victory"}