{"plays":[{"turn":1,"cards_played":[],"current_player":"opponent","my_health":0,"opponent_health":0,"my_armor":0,"opponent_armor":0,"my_hand":1,"opponent_hand":0,"my_board":[],"opponent_board":[]},{"turn":2,"cards_played":["The Coin","Dark Peddler"],"current_player":"opponent","my_health":30,"opponent_health":30,"my_armor":0,"opponent_armor":0,"my_hand":4,"opponent_hand":5,"my_board":[],"opponent_board":[{"card_name":"Dark Peddler","card_health":2,"card_attack":2}]},{"turn":3,"cards_played":["Life Tap"],"current_player":"me","my_health":28,"opponent_health":30,"my_armor":0,"opponent_armor":0,"my_hand":6,"opponent_hand":5,"my_board":[],"opponent_board":[{"card_name":"Dark Peddler","card_health":2,"card_attack":2}]},{"turn":4,"cards_played":["Life Tap"],"current_player":"opponent","my_health":26,"opponent_health":28,"my_armor":0,"opponent_armor":0,"my_hand":6,"opponent_hand":7,"my_board":[],"opponent_board":[{"card_name":"Dark Peddler","card_health":2,"card_attack":2}]},{"turn":5,"cards_played":["Imp Gang Boss"],"current_player":"me","my_health":26,"opponent_health":28,"my_armor":0,"opponent_armor":0,"my_hand":6,"opponent_hand":7,"my_board":[{"card_name":"Imp Gang Boss","card_health":4,"card_attack":2}],"opponent_board":[{"card_name":"Dark Peddler","card_health":2,"card_attack":2}]},{"turn":6,"cards_played":["Life Tap","Power Overwhelming"],"current_player":"opponent","my_health":26,"opponent_health":26,"my_armor":0,"opponent_armor":0,"my_hand":6,"opponent_hand":8,"my_board":[{"card_name":"Imp","card_health":1,"card_attack":1}],"opponent_board":[]},{"turn":7,"cards_played":["Life Tap","Zombie Chow"],"current_player":"me","my_health":24,"opponent_health":25,"my_armor":0,"opponent_armor":0,"my_hand":7,"opponent_hand":8,"my_board":[{"card_name":"Zombie Chow","card_health":3,"card_attack":2},{"card_name":"Imp","card_health":1,"card_attack":1}],"opponent_board":[]},{"turn":8,"cards_played":["Twilight Drake"],"current_player":"opponent","my_health":24,"opponent_health":25,"my_armor":0,"opponent_armor":0,"my_hand":7,"opponent_hand":8,"my_board":[{"card_name":"Zombie Chow","card_health":3,"card_attack":2},{"card_name":"Imp","card_health":1,"card_attack":1}],"opponent_board":[{"card_name":"Twilight Drake","card_health":1,"card_attack":4}]},{"turn":9,"cards_played":["Stalagg"],"current_player":"me","my_health":24,"opponent_health":22,"my_armor":0,"opponent_armor":0,"my_hand":7,"opponent_hand":8,"my_board":[{"card_name":"Stalagg","card_health":4,"card_attack":7},{"card_name":"Zombie Chow","card_health":3,"card_attack":2},{"card_name":"Imp","card_health":1,"card_attack":1}],"opponent_board":[{"card_name":"Twilight Drake","card_health":9,"card_attack":4}]},{"turn":10,"cards_played":["Earthen Ring Farseer","Life Tap"],"current_player":"opponent","my_health":24,"opponent_health":20,"my_armor":0,"opponent_armor":0,"my_hand":7,"opponent_hand":9,"my_board":[{"card_name":"Zombie Chow","card_health":3,"card_attack":2},{"card_name":"Imp","card_health":1,"card_attack":1}],"opponent_board":[{"card_name":"Twilight Drake","card_health":5,"card_attack":4},{"card_name":"Earthen Ring Farseer","card_health":3,"card_attack":3}]},{"turn":11,"cards_played":["Life Tap","Darkbomb"],"current_player":"me","my_health":22,"opponent_health":25,"my_armor":0,"opponent_armor":0,"my_hand":8,"opponent_hand":9,"my_board":[],"opponent_board":[{"card_name":"Earthen Ring Farseer","card_health":2,"card_attack":3}]},{"turn":12,"cards_played":["Emperor Thaurissan"],"current_player":"opponent","my_health":19,"opponent_health":25,"my_armor":0,"opponent_armor":0,"my_hand":8,"opponent_hand":9,"my_board":[],"opponent_board":[{"card_name":"Earthen Ring Farseer","card_health":2,"card_attack":3},{"card_name":"Emperor Thaurissan","card_health":5,"card_attack":5}]},{"turn":13,"cards_played":["Life Tap","Ironbeak Owl"],"current_player":"me","my_health":17,"opponent_health":25,"my_armor":0,"opponent_armor":0,"my_hand":9,"opponent_hand":9,"my_board":[{"card_name":"Ironbeak Owl","card_health":1,"card_attack":2}],"opponent_board":[{"card_name":"Earthen Ring Farseer","card_health":2,"card_attack":3},{"card_name":"Emperor Thaurissan","card_health":5,"card_attack":5}]},{"turn":14,"cards_played":["Haunted Creeper","Defender of Argus","Life Tap","Flame Imp"],"current_player":"opponent","my_health":13,"opponent_health":23,"my_armor":0,"opponent_armor":0,"my_hand":9,"opponent_hand":8,"my_board":[],"opponent_board":[{"card_name":"Defender of Argus","card_health":3,"card_attack":2},{"card_name":"Haunted Creeper","card_health":2,"card_attack":1},{"card_name":"Flame Imp","card_health":2,"card_attack":3},{"card_name":"Earthen Ring Farseer","card_health":3,"card_attack":4},{"card_name":"Emperor Thaurissan","card_health":4,"card_attack":6}]},{"turn":15,"cards_played":["Demonwrath","Mortal Coil","Refreshment Vendor"],"current_player":"me","my_health":13,"opponent_health":20,"my_armor":0,"opponent_armor":0,"my_hand":8,"opponent_hand":8,"my_board":[{"card_name":"Refreshment Vendor","card_health":5,"card_attack":3}],"opponent_board":[{"card_name":"Defender of Argus","card_health":1,"card_attack":2},{"card_name":"Flame Imp","card_health":2,"card_attack":3},{"card_name":"Emperor Thaurissan","card_health":2,"card_attack":6},{"card_name":"Spectral Spider","card_health":1,"card_attack":1},{"card_name":"Spectral Spider","card_health":1,"card_attack":1}]},{"turn":16,"cards_played":["Lord Jaraxxus"],"current_player":"opponent","my_health":6,"opponent_health":15,"my_armor":0,"opponent_armor":0,"my_hand":8,"opponent_hand":8,"my_board":[],"opponent_board":[{"card_name":"Emperor Thaurissan","card_health":2,"card_attack":6},{"card_name":"Spectral Spider","card_health":1,"card_attack":1},{"card_name":"Spectral Spider","card_health":1,"card_attack":1},{"card_name":"Lord Jaraxxus","card_health":15,"card_attack":3}]},{"turn":17,"cards_played":["Acidic Swamp Ooze","Reno Jackson"],"current_player":"me","my_health":6,"opponent_health":15,"my_armor":0,"opponent_armor":0,"my_hand":7,"opponent_hand":8,"my_board":[{"card_name":"Reno Jackson","card_health":6,"card_attack":4},{"card_name":"Acidic Swamp Ooze","card_health":2,"card_attack":3}],"opponent_board":[{"card_name":"Emperor Thaurissan","card_health":2,"card_attack":6},{"card_name":"Spectral Spider","card_health":1,"card_attack":1},{"card_name":"Spectral Spider","card_health":1,"card_attack":1},{"card_name":"Lord Jaraxxus","card_health":15,"card_attack":0}]},{"turn":18,"cards_played":["INFERNO!","Sen'jin Shieldmasta","Zombie Chow"],"current_player":"opponent","my_health":30,"opponent_health":15,"my_armor":0,"opponent_armor":0,"my_hand":7,"opponent_hand":7,"my_board":[],"opponent_board":[{"card_name":"Sen'jin Shieldmasta","card_health":5,"card_attack":3},{"card_name":"Zombie Chow","card_health":3,"card_attack":2},{"card_name":"Lord Jaraxxus","card_health":15,"card_attack":0},{"card_name":"Infernal","card_health":6,"card_attack":6}]},{"turn":19,"cards_played":["Twilight Drake","Emperor Thaurissan"],"current_player":"me","my_health":30,"opponent_health":15,"my_armor":0,"opponent_armor":0,"my_hand":6,"opponent_hand":7,"my_board":[{"card_name":"Emperor Thaurissan","card_health":5,"card_attack":5},{"card_name":"Twilight Drake","card_health":8,"card_attack":4}],"opponent_board":[{"card_name":"Sen'jin Shieldmasta","card_health":5,"card_attack":3},{"card_name":"Zombie Chow","card_health":3,"card_attack":2},{"card_name":"Lord Jaraxxus","card_health":15,"card_attack":0},{"card_name":"Infernal","card_health":6,"card_attack":6}]},{"turn":20,"cards_played":["Imp-losion","Darkbomb","INFERNO!"],"current_player":"opponent","my_health":27,"opponent_health":15,"my_armor":0,"opponent_armor":0,"my_hand":6,"opponent_hand":6,"my_board":[],"opponent_board":[{"card_name":"Sen'jin Shieldmasta","card_health":5,"card_attack":3},{"card_name":"Lord Jaraxxus","card_health":15,"card_attack":0},{"card_name":"Infernal","card_health":2,"card_attack":6},{"card_name":"Imp","card_health":1,"card_attack":1},{"card_name":"Imp","card_health":1,"card_attack":1},{"card_name":"Infernal","card_health":6,"card_attack":6}]},{"turn":21,"cards_played":["Life Tap","Sylvanas Windrunner"],"current_player":"me","my_health":25,"opponent_health":15,"my_armor":0,"opponent_armor":0,"my_hand":7,"opponent_hand":6,"my_board":[{"card_name":"Sylvanas Windrunner","card_health":5,"card_attack":5}],"opponent_board":[{"card_name":"Sen'jin Shieldmasta","card_health":5,"card_attack":3},{"card_name":"Lord Jaraxxus","card_health":15,"card_attack":0},{"card_name":"Infernal","card_health":2,"card_attack":6},{"card_name":"Imp","card_health":1,"card_attack":1},{"card_name":"Imp","card_health":1,"card_attack":1},{"card_name":"Infernal","card_health":6,"card_attack":6}]},{"turn":22,"cards_played":["Ironbeak Owl","INFERNO!"],"current_player":"opponent","my_health":14,"opponent_health":15,"my_armor":0,"opponent_armor":0,"my_hand":7,"opponent_hand":6,"my_board":[],"opponent_board":[{"card_name":"Ironbeak Owl","card_health":1,"card_attack":2},{"card_name":"Sen'jin Shieldmasta","card_health":5,"card_attack":3},{"card_name":"Lord Jaraxxus","card_health":15,"card_attack":0},{"card_name":"Imp","card_health":1,"card_attack":1},{"card_name":"Imp","card_health":1,"card_attack":1},{"card_name":"Infernal","card_health":6,"card_attack":6},{"card_name":"Infernal","card_health":6,"card_attack":6}]},{"turn":23,"cards_played":["Mind Control Tech","Siphon Soul"],"current_player":"me","my_health":17,"opponent_health":15,"my_armor":0,"opponent_armor":0,"my_hand":6,"opponent_hand":6,"my_board":[{"card_name":"Mind Control Tech","card_health":3,"card_attack":3},{"card_name":"Imp","card_health":1,"card_attack":1}],"opponent_board":[{"card_name":"Ironbeak Owl","card_health":1,"card_attack":2},{"card_name":"Sen'jin Shieldmasta","card_health":5,"card_attack":3},{"card_name":"Lord Jaraxxus","card_health":15,"card_attack":0},{"card_name":"Imp","card_health":1,"card_attack":1},{"card_name":"Infernal","card_health":6,"card_attack":6}]},{"turn":24,"cards_played":["INFERNO!","Imp Gang Boss"],"current_player":"opponent","my_health":11,"opponent_health":15,"my_armor":0,"opponent_armor":0,"my_hand":6,"opponent_hand":6,"my_board":[],"opponent_board":[{"card_name":"Sen'jin Shieldmasta","card_health":4,"card_attack":3},{"card_name":"Imp Gang Boss","card_health":4,"card_attack":2},{"card_name":"Lord Jaraxxus","card_health":15,"card_attack":0},{"card_name":"Infernal","card_health":6,"card_attack":6},{"card_name":"Infernal","card_health":6,"card_attack":6}]},{"turn":25,"cards_played":["Feugen","Brann Bronzebeard","Defender of Argus"],"current_player":"me","my_health":11,"opponent_health":15,"my_armor":0,"opponent_armor":0,"my_hand":4,"opponent_hand":6,"my_board":[{"card_name":"Feugen","card_health":8,"card_attack":5},{"card_name":"Brann Bronzebeard","card_health":4,"card_attack":2},{"card_name":"Defender of Argus","card_health":3,"card_attack":2}],"opponent_board":[{"card_name":"Sen'jin Shieldmasta","card_health":4,"card_attack":3},{"card_name":"Imp Gang Boss","card_health":4,"card_attack":2},{"card_name":"Lord Jaraxxus","card_health":15,"card_attack":0},{"card_name":"Infernal","card_health":6,"card_attack":6},{"card_name":"Infernal","card_health":6,"card_attack":6}]},{"turn":26,"cards_played":["Hellfire"],"current_player":"opponent","my_health":0,"opponent_health":12,"my_armor":0,"opponent_armor":0,"my_hand":4,"opponent_hand":6,"my_board":[{"card_name":"Brann Bronzebeard","card_health":1,"card_attack":2},{"card_name":"Thaddius","card_health":11,"card_attack":11}],"opponent_board":[{"card_name":"Sen'jin Shieldmasta","card_health":1,"card_attack":3},{"card_name":"Imp Gang Boss","card_health":1,"card_attack":2},{"card_name":"Lord Jaraxxus","card_health":12,"card_attack":0},{"card_name":"Infernal","card_health":3,"card_attack":6},{"card_name":"Imp","card_health":1,"card_attack":1}]}],"result":"defeat"}