{"plays":[{"turn":1,"cards_played":[],"current_player":"me","my_health":0,"opponent_health":0,"my_armor":0,"opponent_armor":0,"my_hand":0,"opponent_hand":1,"my_board":[],"opponent_board":[]},{"turn":2,"cards_played":["Zombie Chow","The Coin","Mad Scientist"],"current_player":"opponent","my_health":30,"opponent_health":30,"my_armor":0,"opponent_armor":0,"my_hand":3,"opponent_hand":4,"my_board":[{"card_name":"Zombie Chow","card_health":3,"card_attack":2}],"opponent_board":[{"card_name":"Mad Scientist","card_health":2,"card_attack":2}]},{"turn":3,"cards_played":["Life Tap"],"current_player":"me","my_health":28,"opponent_health":30,"my_armor":0,"opponent_armor":0,"my_hand":5,"opponent_hand":4,"my_board":[{"card_name":"Zombie Chow","card_health":1,"card_attack":2}],"opponent_board":[]},{"turn":4,"cards_played":["Steady Shot"],"current_player":"opponent","my_health":26,"opponent_health":30,"my_armor":0,"opponent_armor":0,"my_hand":5,"opponent_hand":5,"my_board":[{"card_name":"Zombie Chow","card_health":1,"card_attack":2}],"opponent_board":[]},{"turn":5,"cards_played":["Life Tap"],"current_player":"me","my_health":24,"opponent_health":30,"my_armor":0,"opponent_armor":0,"my_hand":7,"opponent_hand":5,"my_board":[{"card_name":"Zombie Chow","card_health":1,"card_attack":2}],"opponent_board":[]},{"turn":6,"cards_played":["Animal Companion"],"current_player":"opponent","my_health":20,"opponent_health":30,"my_armor":0,"opponent_armor":0,"my_hand":7,"opponent_hand":5,"my_board":[{"card_name":"Zombie Chow","card_health":1,"card_attack":2}],"opponent_board":[{"card_name":"Huffer","card_health":2,"card_attack":4}]},{"turn":7,"cards_played":["Life Tap"],"current_player":"me","my_health":18,"opponent_health":30,"my_armor":0,"opponent_armor":0,"my_hand":9,"opponent_hand":5,"my_board":[],"opponent_board":[]},{"turn":8,"cards_played":["Argent Horserider"],"current_player":"opponent","my_health":16,"opponent_health":30,"my_armor":0,"opponent_armor":0,"my_hand":9,"opponent_hand":5,"my_board":[],"opponent_board":[{"card_name":"Argent Horserider","card_health":1,"card_attack":2}]},{"turn":9,"cards_played":["Feugen"],"current_player":"me","my_health":16,"opponent_health":30,"my_armor":0,"opponent_armor":0,"my_hand":9,"opponent_hand":5,"my_board":[{"card_name":"Feugen","card_health":7,"card_attack":4}],"opponent_board":[{"card_name":"Argent Horserider","card_health":1,"card_attack":2}]},{"turn":10,"cards_played":["Glaivezooka","Steady Shot"],"current_player":"opponent","my_health":9,"opponent_health":30,"my_armor":0,"opponent_armor":0,"my_hand":9,"opponent_hand":5,"my_board":[{"card_name":"Feugen","card_health":7,"card_attack":4}],"opponent_board":[{"card_name":"Argent Horserider","card_health":1,"card_attack":3}]},{"turn":11,"cards_played":["Reno Jackson"],"current_player":"me","my_health":7,"opponent_health":26,"my_armor":0,"opponent_armor":0,"my_hand":9,"opponent_hand":5,"my_board":[{"card_name":"Feugen","card_health":5,"card_attack":4},{"card_name":"Reno Jackson","card_health":6,"card_attack":4}],"opponent_board":[{"card_name":"Argent Horserider","card_health":1,"card_attack":3}]},{"turn":12,"cards_played":["Worgen Infiltrator","Eaglehorn Bow","Steady Shot"],"current_player":"opponent","my_health":23,"opponent_health":26,"my_armor":0,"opponent_armor":0,"my_hand":9,"opponent_hand":4,"my_board":[{"card_name":"Feugen","card_health":5,"card_attack":4},{"card_name":"Reno Jackson","card_health":6,"card_attack":4}],"opponent_board":[{"card_name":"Worgen Infiltrator","card_health":1,"card_attack":2},{"card_name":"Argent Horserider","card_health":1,"card_attack":3}]},{"turn":13,"cards_played":["Demonwrath","Acidic Swamp Ooze"],"current_player":"me","my_health":23,"opponent_health":22,"my_armor":0,"opponent_armor":0,"my_hand":8,"opponent_hand":4,"my_board":[{"card_name":"Feugen","card_health":3,"card_attack":4},{"card_name":"Acidic Swamp Ooze","card_health":2,"card_attack":3},{"card_name":"Reno Jackson","card_health":1,"card_attack":4}],"opponent_board":[]},{"turn":14,"cards_played":["Animal Companion","Unleash the Hounds"],"current_player":"opponent","my_health":17,"opponent_health":22,"my_armor":0,"opponent_armor":0,"my_hand":8,"opponent_hand":3,"my_board":[{"card_name":"Feugen","card_health":3,"card_attack":4},{"card_name":"Acidic Swamp Ooze","card_health":2,"card_attack":3},{"card_name":"Reno Jackson","card_health":1,"card_attack":4}],"opponent_board":[{"card_name":"Leokk","card_health":4,"card_attack":2},{"card_name":"Hound","card_health":1,"card_attack":2},{"card_name":"Hound","card_health":1,"card_attack":2},{"card_name":"Hound","card_health":1,"card_attack":2}]},{"turn":15,"cards_played":["Shadowflame","Defender of Argus"],"current_player":"me","my_health":17,"opponent_health":11,"my_armor":0,"opponent_armor":0,"my_hand":7,"opponent_hand":3,"my_board":[{"card_name":"Feugen","card_health":3,"card_attack":4},{"card_name":"Acidic Swamp Ooze","card_health":2,"card_attack":3},{"card_name":"Defender of Argus","card_health":3,"card_attack":2}],"opponent_board":[]},{"turn":16,"cards_played":["Ironbeak Owl","Ironbeak Owl","Arcane Golem"],"current_player":"opponent","my_health":13,"opponent_health":11,"my_armor":0,"opponent_armor":0,"my_hand":7,"opponent_hand":1,"my_board":[{"card_name":"Feugen","card_health":4,"card_attack":4},{"card_name":"Acidic Swamp Ooze","card_health":2,"card_attack":3},{"card_name":"Defender of Argus","card_health":3,"card_attack":2}],"opponent_board":[{"card_name":"Ironbeak Owl","card_health":1,"card_attack":2},{"card_name":"Ironbeak Owl","card_health":1,"card_attack":2},{"card_name":"Arcane Golem","card_health":2,"card_attack":4}]},{"turn":17,"cards_played":["Siphon Soul","Life Tap","Power Overwhelming"],"current_player":"me","my_health":14,"opponent_health":-2,"my_armor":0,"opponent_armor":0,"my_hand":7,"opponent_hand":1,"my_board":[{"card_name":"Feugen","card_health":4,"card_attack":4},{"card_name":"Acidic Swamp Ooze","card_health":6,"card_attack":7},{"card_name":"Defender of Argus","card_health":3,"card_attack":2}],"opponent_board":[{"card_name":"Ironbeak Owl","card_health":1,"card_attack":2},{"card_name":"Ironbeak Owl","card_health":1,"card_attack":2}]}],"result":"victory"}