{"plays":[{"turn":1,"cards_played":[],"current_player":"me","my_health":0,"opponent_health":0,"my_armor":0,"opponent_armor":0,"my_hand":0,"opponent_hand":1,"my_board":[],"opponent_board":[]},{"turn":2,"cards_played":["Abusive Sergeant"],"current_player":"me","my_health":30,"opponent_health":30,"my_armor":0,"opponent_armor":0,"my_hand":6,"opponent_hand":3,"my_board":[],"opponent_board":[{"card_name":"Abusive Sergeant","card_health":1,"card_attack":2}]},{"turn":3,"cards_played":["Echoing Ooze"],"current_player":"opponent","my_health":28,"opponent_health":30,"my_armor":0,"opponent_armor":0,"my_hand":6,"opponent_hand":3,"my_board":[],"opponent_board":[{"card_name":"Abusive Sergeant","card_health":1,"card_attack":2},{"card_name":"Echoing Ooze","card_health":2,"card_attack":1},{"card_name":"Echoing Ooze","card_health":2,"card_attack":1}]},{"turn":4,"cards_played":["The Coin","Demonwrath"],"current_player":"me","my_health":28,"opponent_health":30,"my_armor":0,"opponent_armor":0,"my_hand":5,"opponent_hand":3,"my_board":[],"opponent_board":[]},{"turn":5,"cards_played":["Mounted Raptor"],"current_player":"opponent","my_health":28,"opponent_health":30,"my_armor":0,"opponent_armor":0,"my_hand":5,"opponent_hand":3,"my_board":[],"opponent_board":[{"card_name":"Mounted Raptor","card_health":2,"card_attack":3}]},{"turn":6,"cards_played":["Ironbeak Owl"],"current_player":"me","my_health":28,"opponent_health":30,"my_armor":0,"opponent_armor":0,"my_hand":5,"opponent_hand":3,"my_board":[{"card_name":"Ironbeak Owl","card_health":1,"card_attack":2}],"opponent_board":[{"card_name":"Mounted Raptor","card_health":2,"card_attack":3}]},{"turn":7,"cards_played":["Keeper of the Grove"],"current_player":"opponent","my_health":25,"opponent_health":30,"my_armor":0,"opponent_armor":0,"my_hand":5,"opponent_hand":3,"my_board":[],"opponent_board":[{"card_name":"Keeper of the Grove","card_health":4,"card_attack":2},{"card_name":"Mounted Raptor","card_health":2,"card_attack":3}]},{"turn":8,"cards_played":["Twilight Drake"],"current_player":"me","my_health":25,"opponent_health":30,"my_armor":0,"opponent_armor":0,"my_hand":5,"opponent_hand":3,"my_board":[{"card_name":"Twilight Drake","card_health":1,"card_attack":4}],"opponent_board":[{"card_name":"Keeper of the Grove","card_health":4,"card_attack":2},{"card_name":"Mounted Raptor","card_health":2,"card_attack":3}]},{"turn":9,"cards_played":["Dragon Egg","Jeeves"],"current_player":"opponent","my_health":20,"opponent_health":30,"my_armor":0,"opponent_armor":0,"my_hand":5,"opponent_hand":3,"my_board":[{"card_name":"Twilight Drake","card_health":6,"card_attack":4}],"opponent_board":[{"card_name":"Dragon Egg","card_health":2,"card_attack":0},{"card_name":"Keeper of the Grove","card_health":4,"card_attack":2},{"card_name":"Mounted Raptor","card_health":2,"card_attack":3},{"card_name":"Jeeves","card_health":4,"card_attack":1}]},{"turn":10,"cards_played":["Imp-losion"],"current_player":"me","my_health":20,"opponent_health":30,"my_armor":0,"opponent_armor":0,"my_hand":5,"opponent_hand":3,"my_board":[{"card_name":"Twilight Drake","card_health":5,"card_attack":4},{"card_name":"Imp","card_health":1,"card_attack":1},{"card_name":"Imp","card_health":1,"card_attack":1},{"card_name":"Imp","card_health":1,"card_attack":1},{"card_name":"Imp","card_health":1,"card_attack":1}],"opponent_board":[{"card_name":"Dragon Egg","card_health":2,"card_attack":0},{"card_name":"Keeper of the Grove","card_health":4,"card_attack":2}]},{"turn":11,"cards_played":["Swipe","Nerubian Egg"],"current_player":"opponent","my_health":17,"opponent_health":30,"my_armor":0,"opponent_armor":0,"my_hand":5,"opponent_hand":2,"my_board":[{"card_name":"Twilight Drake","card_health":1,"card_attack":4}],"opponent_board":[{"card_name":"Dragon Egg","card_health":2,"card_attack":0},{"card_name":"Nerubian Egg","card_health":2,"card_attack":0},{"card_name":"Keeper of the Grove","card_health":4,"card_attack":2}]},{"turn":12,"cards_played":["Life Tap","Refreshment Vendor"],"current_player":"me","my_health":15,"opponent_health":30,"my_armor":0,"opponent_armor":0,"my_hand":6,"opponent_hand":2,"my_board":[{"card_name":"Refreshment Vendor","card_health":5,"card_attack":3}],"opponent_board":[{"card_name":"Dragon Egg","card_health":2,"card_attack":0},{"card_name":"Nerubian Egg","card_health":2,"card_attack":0}]},{"turn":13,"cards_played":["Power of the Wild","Soul of the Forest"],"current_player":"opponent","my_health":17,"opponent_health":30,"my_armor":0,"opponent_armor":0,"my_hand":6,"opponent_hand":1,"my_board":[{"card_name":"Refreshment Vendor","card_health":5,"card_attack":3}],"opponent_board":[{"card_name":"Dragon Egg","card_health":3,"card_attack":1},{"card_name":"Nerubian Egg","card_health":3,"card_attack":1}]},{"turn":14,"cards_played":["Sludge Belcher","Acidic Swamp Ooze"],"current_player":"me","my_health":17,"opponent_health":30,"my_armor":0,"opponent_armor":0,"my_hand":5,"opponent_hand":1,"my_board":[{"card_name":"Acidic Swamp Ooze","card_health":2,"card_attack":3},{"card_name":"Sludge Belcher","card_health":5,"card_attack":3},{"card_name":"Refreshment Vendor","card_health":4,"card_attack":3}],"opponent_board":[{"card_name":"Nerubian Egg","card_health":3,"card_attack":1},{"card_name":"Black Whelp","card_health":1,"card_attack":2},{"card_name":"Treant","card_health":2,"card_attack":2}]},{"turn":15,"cards_played":["Dragon Egg","Savage Roar","Shapeshift"],"current_player":"opponent","my_health":13,"opponent_health":28,"my_armor":0,"opponent_armor":0,"my_hand":5,"opponent_hand":0,"my_board":[{"card_name":"Acidic Swamp Ooze","card_health":2,"card_attack":3},{"card_name":"Refreshment Vendor","card_health":4,"card_attack":3}],"opponent_board":[{"card_name":"Dragon Egg","card_health":2,"card_attack":2},{"card_name":"Black Whelp","card_health":1,"card_attack":4},{"card_name":"Treant","card_health":1,"card_attack":4},{"card_name":"Nerubian","card_health":4,"card_attack":4},{"card_name":"Treant","card_health":2,"card_attack":2}]},{"turn":16,"cards_played":["Elise Starseeker","Defender of Argus"],"current_player":"me","my_health":13,"opponent_health":28,"my_armor":0,"opponent_armor":0,"my_hand":4,"opponent_hand":0,"my_board":[{"card_name":"Acidic Swamp Ooze","card_health":1,"card_attack":4},{"card_name":"Defender of Argus","card_health":3,"card_attack":2},{"card_name":"Elise Starseeker","card_health":5,"card_attack":3},{"card_name":"Refreshment Vendor","card_health":1,"card_attack":4}],"opponent_board":[{"card_name":"Dragon Egg","card_health":2,"card_attack":0},{"card_name":"Black Whelp","card_health":1,"card_attack":2},{"card_name":"Treant","card_health":1,"card_attack":2}]},{"turn":17,"cards_played":["Shapeshift","Mark of the Wild"],"current_player":"opponent","my_health":9,"opponent_health":25,"my_armor":0,"opponent_armor":0,"my_hand":4,"opponent_hand":0,"my_board":[{"card_name":"Defender of Argus","card_health":3,"card_attack":2},{"card_name":"Elise Starseeker","card_health":5,"card_attack":3}],"opponent_board":[{"card_name":"Dragon Egg","card_health":4,"card_attack":2},{"card_name":"Black Whelp","card_health":1,"card_attack":2}]},{"turn":18,"cards_played":["Molten Giant","Siphon Soul"],"current_player":"me","my_health":12,"opponent_health":22,"my_armor":0,"opponent_armor":0,"my_hand":3,"opponent_hand":0,"my_board":[{"card_name":"Molten Giant","card_health":8,"card_attack":8},{"card_name":"Defender of Argus","card_health":1,"card_attack":2},{"card_name":"Elise Starseeker","card_health":5,"card_attack":3}],"opponent_board":[]},{"turn":19,"cards_played":["Haunted Creeper","Shapeshift"],"current_player":"opponent","my_health":11,"opponent_health":22,"my_armor":0,"opponent_armor":1,"my_hand":3,"opponent_hand":0,"my_board":[{"card_name":"Molten Giant","card_health":8,"card_attack":8},{"card_name":"Defender of Argus","card_health":1,"card_attack":2},{"card_name":"Elise Starseeker","card_health":5,"card_attack":3}],"opponent_board":[{"card_name":"Haunted Creeper","card_health":2,"card_attack":1}]},{"turn":20,"cards_played":["Loatheb","Feugen"],"current_player":"me","my_health":11,"opponent_health":15,"my_armor":0,"opponent_armor":0,"my_hand":2,"opponent_hand":0,"my_board":[{"card_name":"Feugen","card_health":7,"card_attack":4},{"card_name":"Molten Giant","card_health":8,"card_attack":8},{"card_name":"Loatheb","card_health":5,"card_attack":5},{"card_name":"Elise Starseeker","card_health":4,"card_attack":3}],"opponent_board":[{"card_name":"Spectral Spider","card_health":1,"card_attack":1}]},{"turn":21,"cards_played":[],"current_player":"opponent","my_health":11,"opponent_health":15,"my_armor":0,"opponent_armor":0,"my_hand":2,"opponent_hand":1,"my_board":[{"card_name":"Feugen","card_health":7,"card_attack":4},{"card_name":"Molten Giant","card_health":8,"card_attack":8},{"card_name":"Loatheb","card_health":5,"card_attack":5},{"card_name":"Elise Starseeker","card_health":4,"card_attack":3}],"opponent_board":[{"card_name":"Spectral Spider","card_health":1,"card_attack":1}]}],"result":"victory"}