{"plays":[{"turn":1,"cards_played":[],"current_player":"me","my_health":0,"opponent_health":0,"my_armor":0,"opponent_armor":0,"my_hand":0,"opponent_hand":1,"my_board":[],"opponent_board":[]},{"turn":2,"cards_played":[],"current_player":"me","my_health":30,"opponent_health":30,"my_armor":0,"opponent_armor":0,"my_hand":6,"opponent_hand":4,"my_board":[],"opponent_board":[]},{"turn":3,"cards_played":["Dagger Mastery"],"current_player":"opponent","my_health":30,"opponent_health":30,"my_armor":0,"opponent_armor":0,"my_hand":6,"opponent_hand":5,"my_board":[],"opponent_board":[]},{"turn":4,"cards_played":["Dark Peddler"],"current_player":"me","my_health":30,"opponent_health":30,"my_armor":0,"opponent_armor":0,"my_hand":7,"opponent_hand":5,"my_board":[{"card_name":"Dark Peddler","card_health":2,"card_attack":2}],"opponent_board":[]},{"turn":5,"cards_played":["Backstab","Deadly Poison"],"current_player":"opponent","my_health":30,"opponent_health":30,"my_armor":0,"opponent_armor":0,"my_hand":7,"opponent_hand":4,"my_board":[],"opponent_board":[]},{"turn":6,"cards_played":["Life Tap"],"current_player":"me","my_health":28,"opponent_health":30,"my_armor":0,"opponent_armor":0,"my_hand":9,"opponent_hand":4,"my_board":[],"opponent_board":[]},{"turn":7,"cards_played":["Tomb Pillager"],"current_player":"opponent","my_health":28,"opponent_health":30,"my_armor":0,"opponent_armor":0,"my_hand":9,"opponent_hand":4,"my_board":[],"opponent_board":[{"card_name":"Tomb Pillager","card_health":4,"card_attack":5}]},{"turn":8,"cards_played":["Darkbomb","Mortal Coil","The Coin","Acidic Swamp Ooze"],"current_player":"me","my_health":28,"opponent_health":30,"my_armor":0,"opponent_armor":0,"my_hand":7,"opponent_hand":5,"my_board":[{"card_name":"Acidic Swamp Ooze","card_health":2,"card_attack":3}],"opponent_board":[]},{"turn":9,"cards_played":["Violet Teacher"],"current_player":"opponent","my_health":28,"opponent_health":30,"my_armor":0,"opponent_armor":0,"my_hand":7,"opponent_hand":5,"my_board":[{"card_name":"Acidic Swamp Ooze","card_health":2,"card_attack":3}],"opponent_board":[{"card_name":"Violet Teacher","card_health":5,"card_attack":3}]},{"turn":10,"cards_played":["Elise Starseeker","Power Overwhelming"],"current_player":"me","my_health":28,"opponent_health":30,"my_armor":0,"opponent_armor":0,"my_hand":6,"opponent_hand":5,"my_board":[{"card_name":"Elise Starseeker","card_health":5,"card_attack":3}],"opponent_board":[]},{"turn":11,"cards_played":["Azure Drake"],"current_player":"opponent","my_health":28,"opponent_health":30,"my_armor":0,"opponent_armor":0,"my_hand":6,"opponent_hand":6,"my_board":[{"card_name":"Elise Starseeker","card_health":5,"card_attack":3}],"opponent_board":[{"card_name":"Azure Drake","card_health":4,"card_attack":4}]},{"turn":12,"cards_played":["Emperor Thaurissan"],"current_player":"me","my_health":28,"opponent_health":27,"my_armor":0,"opponent_armor":0,"my_hand":6,"opponent_hand":6,"my_board":[{"card_name":"Elise Starseeker","card_health":5,"card_attack":3},{"card_name":"Emperor Thaurissan","card_health":5,"card_attack":5}],"opponent_board":[{"card_name":"Azure Drake","card_health":4,"card_attack":4}]},{"turn":13,"cards_played":["Preparation","Sprint","Sap","The Coin","Dagger Mastery"],"current_player":"opponent","my_health":28,"opponent_health":24,"my_armor":0,"opponent_armor":0,"my_hand":7,"opponent_hand":7,"my_board":[],"opponent_board":[{"card_name":"Azure Drake","card_health":1,"card_attack":4}]},{"turn":14,"cards_played":["Imp-losion","Brann Bronzebeard"],"current_player":"me","my_health":28,"opponent_health":24,"my_armor":0,"opponent_armor":0,"my_hand":6,"opponent_hand":7,"my_board":[{"card_name":"Brann Bronzebeard","card_health":4,"card_attack":2},{"card_name":"Imp","card_health":1,"card_attack":1},{"card_name":"Imp","card_health":1,"card_attack":1},{"card_name":"Imp","card_health":1,"card_attack":1},{"card_name":"Imp","card_health":1,"card_attack":1}],"opponent_board":[]},{"turn":15,"cards_played":["Fan of Knives","SI:7 Agent","Dagger Mastery"],"current_player":"opponent","my_health":28,"opponent_health":22,"my_armor":0,"opponent_armor":0,"my_hand":6,"opponent_hand":7,"my_board":[],"opponent_board":[{"card_name":"SI:7 Agent","card_health":3,"card_attack":3}]},{"turn":16,"cards_played":["Life Tap","Dr. Boom"],"current_player":"me","my_health":26,"opponent_health":22,"my_armor":0,"opponent_armor":0,"my_hand":7,"opponent_hand":7,"my_board":[{"card_name":"Dr. Boom","card_health":7,"card_attack":7},{"card_name":"Boom Bot","card_health":1,"card_attack":1},{"card_name":"Boom Bot","card_health":1,"card_attack":1}],"opponent_board":[{"card_name":"SI:7 Agent","card_health":3,"card_attack":3}]},{"turn":17,"cards_played":["Dr. Boom","Sap"],"current_player":"opponent","my_health":23,"opponent_health":22,"my_armor":0,"opponent_armor":0,"my_hand":8,"opponent_hand":6,"my_board":[{"card_name":"Boom Bot","card_health":1,"card_attack":1},{"card_name":"Boom Bot","card_health":1,"card_attack":1}],"opponent_board":[{"card_name":"SI:7 Agent","card_health":3,"card_attack":3},{"card_name":"Dr. Boom","card_health":7,"card_attack":7},{"card_name":"Boom Bot","card_health":1,"card_attack":1},{"card_name":"Boom Bot","card_health":1,"card_attack":1}]},{"turn":18,"cards_played":["Stalagg","Shadowflame"],"current_player":"me","my_health":22,"opponent_health":20,"my_armor":0,"opponent_armor":0,"my_hand":7,"opponent_hand":6,"my_board":[{"card_name":"Boom Bot","card_health":1,"card_attack":1}],"opponent_board":[]},{"turn":19,"cards_played":["Dagger Mastery","Piloted Shredder"],"current_player":"opponent","my_health":22,"opponent_health":18,"my_armor":0,"opponent_armor":0,"my_hand":7,"opponent_hand":6,"my_board":[],"opponent_board":[{"card_name":"Captain's Parrot","card_health":1,"card_attack":1}]},{"turn":20,"cards_played":[],"current_player":"me","my_health":22,"opponent_health":18,"my_armor":0,"opponent_armor":0,"my_hand":8,"opponent_hand":6,"my_board":[],"opponent_board":[{"card_name":"Captain's Parrot","card_health":1,"card_attack":1}]}],"result":"victory"}