{"plays":[{"turn":1,"cards_played":[],"current_player":"opponent","my_health":0,"opponent_health":0,"my_armor":0,"opponent_armor":0,"my_hand":1,"opponent_hand":0,"my_board":[],"opponent_board":[]},{"turn":2,"cards_played":["Abusive Sergeant","Mortal Coil"],"current_player":"me","my_health":30,"opponent_health":30,"my_armor":0,"opponent_armor":0,"my_hand":6,"opponent_hand":3,"my_board":[],"opponent_board":[]},{"turn":3,"cards_played":["Dark Peddler"],"current_player":"opponent","my_health":30,"opponent_health":30,"my_armor":0,"opponent_armor":0,"my_hand":6,"opponent_hand":4,"my_board":[],"opponent_board":[{"card_name":"Dark Peddler","card_health":2,"card_attack":2}]},{"turn":4,"cards_played":["Life Tap"],"current_player":"me","my_health":28,"opponent_health":30,"my_armor":0,"opponent_armor":0,"my_hand":8,"opponent_hand":4,"my_board":[],"opponent_board":[{"card_name":"Dark Peddler","card_health":2,"card_attack":2}]},{"turn":5,"cards_played":["Haunted Creeper"],"current_player":"opponent","my_health":26,"opponent_health":30,"my_armor":0,"opponent_armor":0,"my_hand":8,"opponent_hand":4,"my_board":[],"opponent_board":[{"card_name":"Dark Peddler","card_health":2,"card_attack":2},{"card_name":"Haunted Creeper","card_health":2,"card_attack":1}]},{"turn":6,"cards_played":["Life Tap","Zombie Chow"],"current_player":"me","my_health":24,"opponent_health":30,"my_armor":0,"opponent_armor":0,"my_hand":9,"opponent_hand":4,"my_board":[{"card_name":"Zombie Chow","card_health":3,"card_attack":2}],"opponent_board":[{"card_name":"Dark Peddler","card_health":2,"card_attack":2},{"card_name":"Haunted Creeper","card_health":2,"card_attack":1}]},{"turn":7,"cards_played":["Imp-losion"],"current_player":"opponent","my_health":21,"opponent_health":30,"my_armor":0,"opponent_armor":0,"my_hand":9,"opponent_hand":4,"my_board":[],"opponent_board":[{"card_name":"Dark Peddler","card_health":2,"card_attack":2},{"card_name":"Haunted Creeper","card_health":2,"card_attack":1},{"card_name":"Imp","card_health":1,"card_attack":1},{"card_name":"Imp","card_health":1,"card_attack":1},{"card_name":"Imp","card_health":1,"card_attack":1}]},{"turn":8,"cards_played":["Refreshment Vendor"],"current_player":"me","my_health":21,"opponent_health":30,"my_armor":0,"opponent_armor":0,"my_hand":9,"opponent_hand":4,"my_board":[{"card_name":"Refreshment Vendor","card_health":5,"card_attack":3}],"opponent_board":[{"card_name":"Dark Peddler","card_health":2,"card_attack":2},{"card_name":"Haunted Creeper","card_health":2,"card_attack":1},{"card_name":"Imp","card_health":1,"card_attack":1},{"card_name":"Imp","card_health":1,"card_attack":1},{"card_name":"Imp","card_health":1,"card_attack":1}]},{"turn":9,"cards_played":["Knife Juggler","Nerubian Egg"],"current_player":"opponent","my_health":21,"opponent_health":30,"my_armor":0,"opponent_armor":0,"my_hand":9,"opponent_hand":3,"my_board":[],"opponent_board":[{"card_name":"Dark Peddler","card_health":2,"card_attack":2},{"card_name":"Nerubian Egg","card_health":2,"card_attack":0},{"card_name":"Knife Juggler","card_health":2,"card_attack":3},{"card_name":"Spectral Spider","card_health":1,"card_attack":1},{"card_name":"Spectral Spider","card_health":1,"card_attack":1}]},{"turn":10,"cards_played":["Imp-losion","The Coin","Darkbomb"],"current_player":"me","my_health":21,"opponent_health":30,"my_armor":0,"opponent_armor":0,"my_hand":7,"opponent_hand":3,"my_board":[{"card_name":"Imp","card_health":1,"card_attack":1},{"card_name":"Imp","card_health":1,"card_attack":1},{"card_name":"Imp","card_health":1,"card_attack":1}],"opponent_board":[{"card_name":"Nerubian Egg","card_health":2,"card_attack":0},{"card_name":"Spectral Spider","card_health":1,"card_attack":1},{"card_name":"Spectral Spider","card_health":1,"card_attack":1}]},{"turn":11,"cards_played":["Haunted Creeper","Life Tap","Nerubian Egg"],"current_player":"opponent","my_health":21,"opponent_health":28,"my_armor":0,"opponent_armor":0,"my_hand":7,"opponent_hand":3,"my_board":[{"card_name":"Imp","card_health":1,"card_attack":1}],"opponent_board":[{"card_name":"Nerubian Egg","card_health":2,"card_attack":0},{"card_name":"Haunted Creeper","card_health":2,"card_attack":1},{"card_name":"Nerubian Egg","card_health":2,"card_attack":0}]},{"turn":12,"cards_played":["Dark Peddler","Ironbeak Owl","Mortal Coil"],"current_player":"me","my_health":21,"opponent_health":28,"my_armor":0,"opponent_armor":0,"my_hand":7,"opponent_hand":3,"my_board":[{"card_name":"Ironbeak Owl","card_health":1,"card_attack":2},{"card_name":"Dark Peddler","card_health":2,"card_attack":2},{"card_name":"Imp","card_health":1,"card_attack":1}],"opponent_board":[{"card_name":"Nerubian Egg","card_health":2,"card_attack":0},{"card_name":"Haunted Creeper","card_health":2,"card_attack":1}]},{"turn":13,"cards_played":["Imp-losion","Reliquary Seeker","Life Tap"],"current_player":"opponent","my_health":21,"opponent_health":26,"my_armor":0,"opponent_armor":0,"my_hand":7,"opponent_hand":3,"my_board":[{"card_name":"Imp","card_health":1,"card_attack":1}],"opponent_board":[{"card_name":"Nerubian Egg","card_health":2,"card_attack":0},{"card_name":"Reliquary Seeker","card_health":5,"card_attack":5},{"card_name":"Imp","card_health":1,"card_attack":1},{"card_name":"Imp","card_health":1,"card_attack":1},{"card_name":"Imp","card_health":1,"card_attack":1},{"card_name":"Spectral Spider","card_health":1,"card_attack":1},{"card_name":"Spectral Spider","card_health":1,"card_attack":1}]},{"turn":14,"cards_played":["Demonwrath","Hellfire"],"current_player":"me","my_health":18,"opponent_health":23,"my_armor":0,"opponent_armor":0,"my_hand":6,"opponent_hand":3,"my_board":[],"opponent_board":[]},{"turn":15,"cards_played":["Life Tap","Voidwalker","Brann Bronzebeard","Dire Wolf Alpha"],"current_player":"opponent","my_health":18,"opponent_health":21,"my_armor":0,"opponent_armor":0,"my_hand":6,"opponent_hand":2,"my_board":[],"opponent_board":[{"card_name":"Dire Wolf Alpha","card_health":2,"card_attack":2},{"card_name":"Brann Bronzebeard","card_health":4,"card_attack":2},{"card_name":"Voidwalker","card_health":3,"card_attack":1}]},{"turn":16,"cards_played":["Life Tap","Antique Healbot"],"current_player":"me","my_health":16,"opponent_health":21,"my_armor":0,"opponent_armor":0,"my_hand":7,"opponent_hand":2,"my_board":[{"card_name":"Antique Healbot","card_health":3,"card_attack":3}],"opponent_board":[{"card_name":"Dire Wolf Alpha","card_health":2,"card_attack":2},{"card_name":"Brann Bronzebeard","card_health":4,"card_attack":3},{"card_name":"Voidwalker","card_health":3,"card_attack":2}]},{"turn":17,"cards_played":["Voidwalker","Doomguard","Life Tap"],"current_player":"opponent","my_health":12,"opponent_health":19,"my_armor":0,"opponent_armor":0,"my_hand":7,"opponent_hand":1,"my_board":[{"card_name":"Antique Healbot","card_health":3,"card_attack":3}],"opponent_board":[{"card_name":"Voidwalker","card_health":3,"card_attack":1},{"card_name":"Dire Wolf Alpha","card_health":2,"card_attack":2},{"card_name":"Brann Bronzebeard","card_health":4,"card_attack":3},{"card_name":"Doomguard","card_health":7,"card_attack":5},{"card_name":"Voidwalker","card_health":3,"card_attack":2}]},{"turn":18,"cards_played":["Molten Giant","Siphon Soul"],"current_player":"me","my_health":15,"opponent_health":19,"my_armor":0,"opponent_armor":0,"my_hand":6,"opponent_hand":1,"my_board":[{"card_name":"Antique Healbot","card_health":1,"card_attack":3},{"card_name":"Molten Giant","card_health":8,"card_attack":8}],"opponent_board":[{"card_name":"Voidwalker","card_health":3,"card_attack":1},{"card_name":"Dire Wolf Alpha","card_health":2,"card_attack":2},{"card_name":"Brann Bronzebeard","card_health":4,"card_attack":3}]},{"turn":19,"cards_played":["Life Tap","Abusive Sergeant","Doomguard"],"current_player":"opponent","my_health":0,"opponent_health":17,"my_armor":0,"opponent_armor":0,"my_hand":6,"opponent_hand":0,"my_board":[{"card_name":"Antique Healbot","card_health":1,"card_attack":3},{"card_name":"Molten Giant","card_health":8,"card_attack":8}],"opponent_board":[{"card_name":"Voidwalker","card_health":3,"card_attack":5},{"card_name":"Dire Wolf Alpha","card_health":2,"card_attack":2},{"card_name":"Doomguard","card_health":7,"card_attack":5},{"card_name":"Brann Bronzebeard","card_health":4,"card_attack":3},{"card_name":"Abusive Sergeant","card_health":1,"card_attack":3}]}],"result":"defeat"}