{"plays":[{"turn":1,"cards_played":[],"current_player":"me","my_health":0,"opponent_health":0,"my_armor":0,"opponent_armor":0,"my_hand":0,"opponent_hand":1,"my_board":[],"opponent_board":[]},{"turn":2,"cards_played":["Northshire Cleric"],"current_player":"me","my_health":30,"opponent_health":30,"my_armor":0,"opponent_armor":0,"my_hand":6,"opponent_hand":3,"my_board":[],"opponent_board":[{"card_name":"Northshire Cleric","card_health":3,"card_attack":1}]},{"turn":3,"cards_played":["Museum Curator"],"current_player":"opponent","my_health":29,"opponent_health":30,"my_armor":0,"opponent_armor":0,"my_hand":6,"opponent_hand":4,"my_board":[],"opponent_board":[{"card_name":"Northshire Cleric","card_health":3,"card_attack":1},{"card_name":"Museum Curator","card_health":2,"card_attack":1}]},{"turn":4,"cards_played":["Life Tap"],"current_player":"me","my_health":27,"opponent_health":30,"my_armor":0,"opponent_armor":0,"my_hand":8,"opponent_hand":4,"my_board":[],"opponent_board":[{"card_name":"Northshire Cleric","card_health":3,"card_attack":1},{"card_name":"Museum Curator","card_health":2,"card_attack":1}]},{"turn":5,"cards_played":["Injured Blademaster","Circle of Healing"],"current_player":"opponent","my_health":25,"opponent_health":30,"my_armor":0,"opponent_armor":0,"my_hand":8,"opponent_hand":4,"my_board":[],"opponent_board":[{"card_name":"Northshire Cleric","card_health":3,"card_attack":1},{"card_name":"Injured Blademaster","card_health":7,"card_attack":4},{"card_name":"Museum Curator","card_health":2,"card_attack":1}]},{"turn":6,"cards_played":["The Coin","Twilight Drake"],"current_player":"me","my_health":25,"opponent_health":30,"my_armor":0,"opponent_armor":0,"my_hand":7,"opponent_hand":4,"my_board":[{"card_name":"Twilight Drake","card_health":1,"card_attack":4}],"opponent_board":[{"card_name":"Northshire Cleric","card_health":3,"card_attack":1},{"card_name":"Injured Blademaster","card_health":7,"card_attack":4},{"card_name":"Museum Curator","card_health":2,"card_attack":1}]},{"turn":7,"cards_played":["Velen's Chosen"],"current_player":"opponent","my_health":25,"opponent_health":30,"my_armor":0,"opponent_armor":0,"my_hand":7,"opponent_hand":4,"my_board":[],"opponent_board":[{"card_name":"Injured Blademaster","card_health":7,"card_attack":6}]},{"turn":8,"cards_played":["Life Tap","Dark Peddler"],"current_player":"me","my_health":23,"opponent_health":30,"my_armor":0,"opponent_armor":0,"my_hand":9,"opponent_hand":4,"my_board":[{"card_name":"Dark Peddler","card_health":2,"card_attack":2}],"opponent_board":[{"card_name":"Injured Blademaster","card_health":7,"card_attack":6}]},{"turn":9,"cards_played":["Thoughtsteal","Lesser Heal","Lesser Heal"],"current_player":"opponent","my_health":23,"opponent_health":30,"my_armor":0,"opponent_armor":0,"my_hand":9,"opponent_hand":6,"my_board":[],"opponent_board":[{"card_name":"Injured Blademaster","card_health":7,"card_attack":6}]},{"turn":10,"cards_played":["Loatheb"],"current_player":"me","my_health":23,"opponent_health":30,"my_armor":0,"opponent_armor":0,"my_hand":9,"opponent_hand":6,"my_board":[{"card_name":"Loatheb","card_health":5,"card_attack":5}],"opponent_board":[{"card_name":"Injured Blademaster","card_health":7,"card_attack":6}]},{"turn":11,"cards_played":["Sylvanas Windrunner"],"current_player":"opponent","my_health":23,"opponent_health":30,"my_armor":0,"opponent_armor":0,"my_hand":9,"opponent_hand":6,"my_board":[],"opponent_board":[{"card_name":"Injured Blademaster","card_health":2,"card_attack":6},{"card_name":"Sylvanas Windrunner","card_health":5,"card_attack":5}]},{"turn":12,"cards_played":["Elise Starseeker","Lowly Squire"],"current_player":"me","my_health":23,"opponent_health":30,"my_armor":0,"opponent_armor":0,"my_hand":8,"opponent_hand":6,"my_board":[{"card_name":"Elise Starseeker","card_health":5,"card_attack":3},{"card_name":"Lowly Squire","card_health":2,"card_attack":1}],"opponent_board":[{"card_name":"Injured Blademaster","card_health":2,"card_attack":6},{"card_name":"Sylvanas Windrunner","card_health":5,"card_attack":5}]},{"turn":13,"cards_played":["Power Word: Shield","Sylvanas Windrunner"],"current_player":"opponent","my_health":23,"opponent_health":30,"my_armor":0,"opponent_armor":0,"my_hand":8,"opponent_hand":6,"my_board":[],"opponent_board":[{"card_name":"Sylvanas Windrunner","card_health":5,"card_attack":5},{"card_name":"Injured Blademaster","card_health":1,"card_attack":6},{"card_name":"Sylvanas Windrunner","card_health":4,"card_attack":5}]},{"turn":14,"cards_played":["Hellfire","Demonwrath"],"current_player":"me","my_health":20,"opponent_health":27,"my_armor":0,"opponent_armor":0,"my_hand":7,"opponent_hand":6,"my_board":[],"opponent_board":[]},{"turn":15,"cards_played":["Northshire Cleric","Dark Cultist","Power Word: Shield","Dark Cultist"],"current_player":"opponent","my_health":20,"opponent_health":27,"my_armor":0,"opponent_armor":0,"my_hand":7,"opponent_hand":4,"my_board":[],"opponent_board":[{"card_name":"Dark Cultist","card_health":4,"card_attack":3},{"card_name":"Dark Cultist","card_health":4,"card_attack":3},{"card_name":"Northshire Cleric","card_health":5,"card_attack":1}]},{"turn":16,"cards_played":["Life Tap","Sylvanas Windrunner"],"current_player":"me","my_health":18,"opponent_health":27,"my_armor":0,"opponent_armor":0,"my_hand":8,"opponent_hand":4,"my_board":[{"card_name":"Sylvanas Windrunner","card_health":5,"card_attack":5}],"opponent_board":[{"card_name":"Dark Cultist","card_health":4,"card_attack":3},{"card_name":"Dark Cultist","card_health":4,"card_attack":3},{"card_name":"Northshire Cleric","card_health":5,"card_attack":1}]},{"turn":17,"cards_played":["Entomb","Lesser Heal","Lesser Heal"],"current_player":"opponent","my_health":11,"opponent_health":29,"my_armor":0,"opponent_armor":0,"my_hand":8,"opponent_hand":4,"my_board":[],"opponent_board":[{"card_name":"Dark Cultist","card_health":4,"card_attack":3},{"card_name":"Dark Cultist","card_health":4,"card_attack":3},{"card_name":"Northshire Cleric","card_health":5,"card_attack":1}]},{"turn":18,"cards_played":["Map to the Golden Monkey","Molten Giant","Antique Healbot"],"current_player":"me","my_health":11,"opponent_health":29,"my_armor":0,"opponent_armor":0,"my_hand":7,"opponent_hand":4,"my_board":[{"card_name":"Antique Healbot","card_health":3,"card_attack":3},{"card_name":"Molten Giant","card_health":8,"card_attack":8}],"opponent_board":[{"card_name":"Dark Cultist","card_health":4,"card_attack":3},{"card_name":"Dark Cultist","card_health":4,"card_attack":3},{"card_name":"Northshire Cleric","card_health":5,"card_attack":1}]},{"turn":19,"cards_played":["Big Game Hunter","Lesser Heal","Lesser Heal","Museum Curator"],"current_player":"opponent","my_health":15,"opponent_health":29,"my_armor":0,"opponent_armor":0,"my_hand":7,"opponent_hand":5,"my_board":[],"opponent_board":[{"card_name":"Museum Curator","card_health":2,"card_attack":1},{"card_name":"Dark Cultist","card_health":4,"card_attack":3},{"card_name":"Dark Cultist","card_health":3,"card_attack":3},{"card_name":"Northshire Cleric","card_health":5,"card_attack":1},{"card_name":"Big Game Hunter","card_health":2,"card_attack":4}]},{"turn":20,"cards_played":["Stalagg","Shadowflame"],"current_player":"me","my_health":15,"opponent_health":29,"my_armor":0,"opponent_armor":0,"my_hand":6,"opponent_hand":5,"my_board":[],"opponent_board":[]},{"turn":21,"cards_played":["Auchenai Soulpriest","Mechanical Yeti","Lesser Heal","Lesser Heal"],"current_player":"opponent","my_health":13,"opponent_health":29,"my_armor":0,"opponent_armor":0,"my_hand":6,"opponent_hand":4,"my_board":[],"opponent_board":[{"card_name":"Auchenai Soulpriest","card_health":5,"card_attack":3},{"card_name":"Mechanical Yeti","card_health":5,"card_attack":4}]},{"turn":22,"cards_played":["Reno Jackson","Golden Monkey"],"current_player":"me","my_health":30,"opponent_health":29,"my_armor":0,"opponent_armor":0,"my_hand":5,"opponent_hand":4,"my_board":[{"card_name":"Reno Jackson","card_health":6,"card_attack":4},{"card_name":"Golden Monkey","card_health":6,"card_attack":6}],"opponent_board":[{"card_name":"Auchenai Soulpriest","card_health":5,"card_attack":3},{"card_name":"Mechanical Yeti","card_health":5,"card_attack":4}]},{"turn":23,"cards_played":[],"current_player":"opponent","my_health":30,"opponent_health":29,"my_armor":0,"opponent_armor":0,"my_hand":5,"opponent_hand":5,"my_board":[{"card_name":"Reno Jackson","card_health":6,"card_attack":4},{"card_name":"Golden Monkey","card_health":6,"card_attack":6}],"opponent_board":[{"card_name":"Auchenai Soulpriest","card_health":5,"card_attack":3},{"card_name":"Mechanical Yeti","card_health":5,"card_attack":4}]},{"turn":24,"cards_played":["Life Tap","Toshley"],"current_player":"me","my_health":28,"opponent_health":29,"my_armor":0,"opponent_armor":0,"my_hand":7,"opponent_hand":5,"my_board":[{"card_name":"Reno Jackson","card_health":6,"card_attack":4},{"card_name":"Golden Monkey","card_health":3,"card_attack":6},{"card_name":"Toshley","card_health":7,"card_attack":5}],"opponent_board":[{"card_name":"Mechanical Yeti","card_health":5,"card_attack":4}]}],"result":"victory"}