{"plays":[{"turn":1,"cards_played":[],"current_player":"me","my_health":0,"opponent_health":0,"my_armor":0,"opponent_armor":0,"my_hand":0,"opponent_hand":1,"my_board":[],"opponent_board":[]},{"turn":2,"cards_played":[],"current_player":"me","my_health":30,"opponent_health":30,"my_armor":0,"opponent_armor":0,"my_hand":6,"opponent_hand":4,"my_board":[],"opponent_board":[]},{"turn":3,"cards_played":["Reinforce"],"current_player":"opponent","my_health":30,"opponent_health":30,"my_armor":0,"opponent_armor":0,"my_hand":6,"opponent_hand":5,"my_board":[],"opponent_board":[{"card_name":"Silver Hand Recruit","card_health":1,"card_attack":1}]},{"turn":4,"cards_played":["Dark Peddler","The Coin","Mortal Coil"],"current_player":"me","my_health":30,"opponent_health":30,"my_armor":0,"opponent_armor":0,"my_hand":6,"opponent_hand":5,"my_board":[{"card_name":"Dark Peddler","card_health":2,"card_attack":2}],"opponent_board":[]},{"turn":5,"cards_played":["Muster for Battle"],"current_player":"opponent","my_health":29,"opponent_health":30,"my_armor":0,"opponent_armor":0,"my_hand":6,"opponent_hand":5,"my_board":[{"card_name":"Dark Peddler","card_health":2,"card_attack":2}],"opponent_board":[{"card_name":"Silver Hand Recruit","card_health":1,"card_attack":1},{"card_name":"Silver Hand Recruit","card_health":1,"card_attack":1},{"card_name":"Silver Hand Recruit","card_health":1,"card_attack":1}]},{"turn":6,"cards_played":["Life Tap"],"current_player":"me","my_health":27,"opponent_health":28,"my_armor":0,"opponent_armor":0,"my_hand":8,"opponent_hand":5,"my_board":[{"card_name":"Dark Peddler","card_health":2,"card_attack":2}],"opponent_board":[{"card_name":"Silver Hand Recruit","card_health":1,"card_attack":1},{"card_name":"Silver Hand Recruit","card_health":1,"card_attack":1},{"card_name":"Silver Hand Recruit","card_health":1,"card_attack":1}]},{"turn":7,"cards_played":["Murloc Knight"],"current_player":"opponent","my_health":25,"opponent_health":26,"my_armor":0,"opponent_armor":0,"my_hand":8,"opponent_hand":5,"my_board":[],"opponent_board":[{"card_name":"Murloc Knight","card_health":4,"card_attack":3},{"card_name":"Silver Hand Recruit","card_health":1,"card_attack":1},{"card_name":"Silver Hand Recruit","card_health":1,"card_attack":1}]},{"turn":8,"cards_played":["Life Tap","Ironbeak Owl"],"current_player":"me","my_health":23,"opponent_health":26,"my_armor":0,"opponent_armor":0,"my_hand":9,"opponent_hand":5,"my_board":[{"card_name":"Ironbeak Owl","card_health":1,"card_attack":2}],"opponent_board":[{"card_name":"Murloc Knight","card_health":4,"card_attack":3},{"card_name":"Silver Hand Recruit","card_health":1,"card_attack":1},{"card_name":"Silver Hand Recruit","card_health":1,"card_attack":1}]},{"turn":9,"cards_played":["Quartermaster"],"current_player":"opponent","my_health":16,"opponent_health":26,"my_armor":0,"opponent_armor":0,"my_hand":9,"opponent_hand":5,"my_board":[],"opponent_board":[{"card_name":"Murloc Knight","card_health":4,"card_attack":3},{"card_name":"Quartermaster","card_health":5,"card_attack":2},{"card_name":"Silver Hand Recruit","card_health":1,"card_attack":3},{"card_name":"Silver Hand Recruit","card_health":3,"card_attack":3}]},{"turn":10,"cards_played":["Feugen"],"current_player":"me","my_health":16,"opponent_health":26,"my_armor":0,"opponent_armor":0,"my_hand":9,"opponent_hand":5,"my_board":[{"card_name":"Feugen","card_health":7,"card_attack":4}],"opponent_board":[{"card_name":"Murloc Knight","card_health":4,"card_attack":3},{"card_name":"Quartermaster","card_health":5,"card_attack":2},{"card_name":"Silver Hand Recruit","card_health":1,"card_attack":3},{"card_name":"Silver Hand Recruit","card_health":3,"card_attack":3}]},{"turn":11,"cards_played":["Reinforce","Defender of Argus"],"current_player":"opponent","my_health":4,"opponent_health":26,"my_armor":0,"opponent_armor":0,"my_hand":9,"opponent_hand":5,"my_board":[{"card_name":"Feugen","card_health":7,"card_attack":4}],"opponent_board":[{"card_name":"Defender of Argus","card_health":3,"card_attack":2},{"card_name":"Murloc Knight","card_health":4,"card_attack":3},{"card_name":"Quartermaster","card_health":5,"card_attack":2},{"card_name":"Silver Hand Recruit","card_health":1,"card_attack":3},{"card_name":"Silver Hand Recruit","card_health":4,"card_attack":4},{"card_name":"Silver Hand Recruit","card_health":2,"card_attack":2}]},{"turn":12,"cards_played":["Demonwrath","Darkbomb"],"current_player":"me","my_health":1,"opponent_health":26,"my_armor":0,"opponent_armor":0,"my_hand":8,"opponent_hand":5,"my_board":[{"card_name":"Feugen","card_health":1,"card_attack":4}],"opponent_board":[{"card_name":"Defender of Argus","card_health":1,"card_attack":2},{"card_name":"Murloc Knight","card_health":2,"card_attack":3},{"card_name":"Quartermaster","card_health":3,"card_attack":2}]}],"result":"defeat"}