{"plays":[{"turn":1,"cards_played":[],"current_player":"opponent","my_health":0,"opponent_health":0,"my_armor":0,"opponent_armor":0,"my_hand":1,"opponent_hand":0,"my_board":[],"opponent_board":[]},{"turn":2,"cards_played":["Flame Imp","The Coin","Pint-Sized Summoner"],"current_player":"opponent","my_health":27,"opponent_health":30,"my_armor":0,"opponent_armor":0,"my_hand":3,"opponent_hand":4,"my_board":[{"card_name":"Flame Imp","card_health":2,"card_attack":3}],"opponent_board":[{"card_name":"Pint-Sized Summoner","card_health":2,"card_attack":2}]},{"turn":3,"cards_played":["Haunted Creeper"],"current_player":"me","my_health":27,"opponent_health":30,"my_armor":0,"opponent_armor":0,"my_hand":3,"opponent_hand":4,"my_board":[{"card_name":"Haunted Creeper","card_health":2,"card_attack":1}],"opponent_board":[]},{"turn":4,"cards_played":["Unstable Portal","Dire Wolf Alpha"],"current_player":"opponent","my_health":27,"opponent_health":30,"my_armor":0,"opponent_armor":0,"my_hand":3,"opponent_hand":4,"my_board":[{"card_name":"Haunted Creeper","card_health":2,"card_attack":1}],"opponent_board":[{"card_name":"Dire Wolf Alpha","card_health":2,"card_attack":2}]},{"turn":5,"cards_played":["Earthen Ring Farseer"],"current_player":"me","my_health":30,"opponent_health":29,"my_armor":0,"opponent_armor":0,"my_hand":3,"opponent_hand":4,"my_board":[{"card_name":"Earthen Ring Farseer","card_health":3,"card_attack":3},{"card_name":"Haunted Creeper","card_health":2,"card_attack":1}],"opponent_board":[{"card_name":"Dire Wolf Alpha","card_health":2,"card_attack":2}]},{"turn":6,"cards_played":["Fallen Hero"],"current_player":"opponent","my_health":28,"opponent_health":29,"my_armor":0,"opponent_armor":0,"my_hand":3,"opponent_hand":4,"my_board":[{"card_name":"Earthen Ring Farseer","card_health":3,"card_attack":3},{"card_name":"Haunted Creeper","card_health":2,"card_attack":1}],"opponent_board":[{"card_name":"Fallen Hero","card_health":2,"card_attack":4},{"card_name":"Dire Wolf Alpha","card_health":2,"card_attack":2}]},{"turn":7,"cards_played":["Chillwind Yeti"],"current_player":"me","my_health":28,"opponent_health":28,"my_armor":0,"opponent_armor":0,"my_hand":3,"opponent_hand":4,"my_board":[{"card_name":"Haunted Creeper","card_health":2,"card_attack":1},{"card_name":"Chillwind Yeti","card_health":5,"card_attack":4}],"opponent_board":[{"card_name":"Dire Wolf Alpha","card_health":2,"card_attack":2}]},{"turn":8,"cards_played":["Dalaran Aspirant"],"current_player":"opponent","my_health":26,"opponent_health":28,"my_armor":0,"opponent_armor":0,"my_hand":3,"opponent_hand":4,"my_board":[{"card_name":"Haunted Creeper","card_health":2,"card_attack":1},{"card_name":"Chillwind Yeti","card_health":5,"card_attack":4}],"opponent_board":[{"card_name":"Dalaran Aspirant","card_health":5,"card_attack":4},{"card_name":"Dire Wolf Alpha","card_health":2,"card_attack":2}]},{"turn":9,"cards_played":["Life Tap","Razorfen Hunter"],"current_player":"me","my_health":24,"opponent_health":27,"my_armor":0,"opponent_armor":0,"my_hand":4,"opponent_hand":4,"my_board":[{"card_name":"Razorfen Hunter","card_health":3,"card_attack":2},{"card_name":"Haunted Creeper","card_health":2,"card_attack":1},{"card_name":"Chillwind Yeti","card_health":3,"card_attack":4},{"card_name":"Boar","card_health":1,"card_attack":1}],"opponent_board":[{"card_name":"Dalaran Aspirant","card_health":5,"card_attack":3}]},{"turn":10,"cards_played":["Saboteur","Fireblast","Fireblast"],"current_player":"opponent","my_health":24,"opponent_health":27,"my_armor":0,"opponent_armor":0,"my_hand":4,"opponent_hand":4,"my_board":[{"card_name":"Haunted Creeper","card_health":2,"card_attack":1},{"card_name":"Chillwind Yeti","card_health":3,"card_attack":4}],"opponent_board":[{"card_name":"Dalaran Aspirant","card_health":3,"card_attack":3},{"card_name":"Saboteur","card_health":3,"card_attack":4}]},{"turn":11,"cards_played":["Micro Machine","Gorillabot A-3"],"current_player":"opponent","my_health":24,"opponent_health":26,"my_armor":0,"opponent_armor":0,"my_hand":4,"opponent_hand":4,"my_board":[{"card_name":"Gorillabot A-3","card_health":4,"card_attack":3},{"card_name":"Haunted Creeper","card_health":2,"card_attack":1},{"card_name":"Micro Machine","card_health":2,"card_attack":1}],"opponent_board":[{"card_name":"Dalaran Aspirant","card_health":3,"card_attack":3}]},{"turn":12,"cards_played":["Silvermoon Guardian","Fireblast","Fireblast"],"current_player":"opponent","my_health":24,"opponent_health":26,"my_armor":0,"opponent_armor":0,"my_hand":4,"opponent_hand":4,"my_board":[{"card_name":"Gorillabot A-3","card_health":3,"card_attack":3},{"card_name":"Haunted Creeper","card_health":2,"card_attack":1}],"opponent_board":[{"card_name":"Dalaran Aspirant","card_health":1,"card_attack":3},{"card_name":"Silvermoon Guardian","card_health":3,"card_attack":3}]},{"turn":13,"cards_played":["Gorillabot A-3","Crazed Alchemist","Argent Squire"],"current_player":"me","my_health":24,"opponent_health":26,"my_armor":0,"opponent_armor":0,"my_hand":3,"opponent_hand":4,"my_board":[{"card_name":"Gorillabot A-3","card_health":2,"card_attack":3},{"card_name":"Crazed Alchemist","card_health":2,"card_attack":2},{"card_name":"Argent Squire","card_health":1,"card_attack":1},{"card_name":"Gorillabot A-3","card_health":4,"card_attack":3},{"card_name":"Spectral Spider","card_health":1,"card_attack":1},{"card_name":"Spectral Spider","card_health":1,"card_attack":1}],"opponent_board":[{"card_name":"Silvermoon Guardian","card_health":3,"card_attack":3}]},{"turn":14,"cards_played":["Argent Horserider","Dark Iron Dwarf"],"current_player":"opponent","my_health":24,"opponent_health":26,"my_armor":0,"opponent_armor":0,"my_hand":3,"opponent_hand":3,"my_board":[{"card_name":"Gorillabot A-3","card_health":2,"card_attack":3},{"card_name":"Argent Squire","card_health":1,"card_attack":1},{"card_name":"Spectral Spider","card_health":1,"card_attack":1},{"card_name":"Spectral Spider","card_health":1,"card_attack":1}],"opponent_board":[{"card_name":"Silvermoon Guardian","card_health":1,"card_attack":3},{"card_name":"Dark Iron Dwarf","card_health":4,"card_attack":4},{"card_name":"Argent Horserider","card_health":1,"card_attack":4}]},{"turn":15,"cards_played":["Life Tap","Junkbot"],"current_player":"me","my_health":22,"opponent_health":26,"my_armor":0,"opponent_armor":0,"my_hand":4,"opponent_hand":3,"my_board":[{"card_name":"Argent Squire","card_health":1,"card_attack":1},{"card_name":"Junkbot","card_health":7,"card_attack":3}],"opponent_board":[]},{"turn":16,"cards_played":["Unstable Portal","Tomb Spider","Flame Lance"],"current_player":"opponent","my_health":22,"opponent_health":26,"my_armor":0,"opponent_armor":0,"my_hand":4,"opponent_hand":3,"my_board":[{"card_name":"Argent Squire","card_health":1,"card_attack":1}],"opponent_board":[{"card_name":"Tomb Spider","card_health":3,"card_attack":3}]},{"turn":17,"cards_played":["Life Tap","Azure Drake","Mortal Coil"],"current_player":"me","my_health":20,"opponent_health":26,"my_armor":0,"opponent_armor":0,"my_hand":6,"opponent_hand":3,"my_board":[{"card_name":"Azure Drake","card_health":4,"card_attack":4}],"opponent_board":[]},{"turn":18,"cards_played":["Dalaran Aspirant","Fireblast","Fireblast","Earthen Ring Farseer"],"current_player":"opponent","my_health":20,"opponent_health":26,"my_armor":0,"opponent_armor":0,"my_hand":6,"opponent_hand":2,"my_board":[{"card_name":"Azure Drake","card_health":3,"card_attack":4}],"opponent_board":[{"card_name":"Earthen Ring Farseer","card_health":3,"card_attack":3},{"card_name":"Dalaran Aspirant","card_health":5,"card_attack":3}]},{"turn":19,"cards_played":["Shadow Bolt","Knife Juggler","Imp Master","Life Tap"],"current_player":"me","my_health":18,"opponent_health":28,"my_armor":0,"opponent_armor":0,"my_hand":5,"opponent_hand":2,"my_board":[{"card_name":"Knife Juggler","card_health":2,"card_attack":3},{"card_name":"Imp Master","card_health":4,"card_attack":1},{"card_name":"Imp","card_health":1,"card_attack":1}],"opponent_board":[]},{"turn":20,"cards_played":["Acolyte of Pain","Mukla's Champion","Fireblast","Fireblast"],"current_player":"opponent","my_health":18,"opponent_health":27,"my_armor":0,"opponent_armor":0,"my_hand":5,"opponent_hand":1,"my_board":[{"card_name":"Knife Juggler","card_health":2,"card_attack":3},{"card_name":"Imp Master","card_health":4,"card_attack":1}],"opponent_board":[{"card_name":"Acolyte of Pain","card_health":3,"card_attack":1},{"card_name":"Mukla's Champion","card_health":3,"card_attack":4}]},{"turn":21,"cards_played":["Hellfire","Dragonkin Sorcerer","Zombie Chow"],"current_player":"me","my_health":15,"opponent_health":23,"my_armor":0,"opponent_armor":0,"my_hand":3,"opponent_hand":3,"my_board":[{"card_name":"Dragonkin Sorcerer","card_health":5,"card_attack":3},{"card_name":"Zombie Chow","card_health":3,"card_attack":2},{"card_name":"Imp","card_health":1,"card_attack":1}],"opponent_board":[]},{"turn":22,"cards_played":["Sorcerer's Apprentice","Reckless Rocketeer"],"current_player":"opponent","my_health":15,"opponent_health":23,"my_armor":0,"opponent_armor":0,"my_hand":3,"opponent_hand":1,"my_board":[{"card_name":"Zombie Chow","card_health":3,"card_attack":2},{"card_name":"Imp","card_health":1,"card_attack":1}],"opponent_board":[{"card_name":"Sorcerer's Apprentice","card_health":2,"card_attack":3}]},{"turn":23,"cards_played":["Clockwork Knight","Life Tap","Power Overwhelming"],"current_player":"me","my_health":13,"opponent_health":28,"my_armor":0,"opponent_armor":0,"my_hand":3,"opponent_hand":1,"my_board":[{"card_name":"Clockwork Knight","card_health":5,"card_attack":5}],"opponent_board":[]},{"turn":24,"cards_played":["Huge Toad","Anubisath Sentinel","Fireblast","Fireblast"],"current_player":"opponent","my_health":13,"opponent_health":28,"my_armor":0,"opponent_armor":0,"my_hand":3,"opponent_hand":0,"my_board":[{"card_name":"Clockwork Knight","card_health":4,"card_attack":5}],"opponent_board":[{"card_name":"Anubisath Sentinel","card_health":4,"card_attack":4},{"card_name":"Huge Toad","card_health":2,"card_attack":3}]},{"turn":25,"cards_played":["Captured Jormungar"],"current_player":"me","my_health":12,"opponent_health":28,"my_armor":0,"opponent_armor":0,"my_hand":3,"opponent_hand":0,"my_board":[{"card_name":"Captured Jormungar","card_health":9,"card_attack":5},{"card_name":"Clockwork Knight","card_health":1,"card_attack":5}],"opponent_board":[{"card_name":"Anubisath Sentinel","card_health":4,"card_attack":4}]},{"turn":26,"cards_played":["Mana Wyrm","Fireblast"],"current_player":"opponent","my_health":12,"opponent_health":28,"my_armor":0,"opponent_armor":0,"my_hand":3,"opponent_hand":0,"my_board":[{"card_name":"Captured Jormungar","card_health":5,"card_attack":5}],"opponent_board":[{"card_name":"Mana Wyrm","card_health":3,"card_attack":1}]},{"turn":27,"cards_played":["Dread Infernal"],"current_player":"me","my_health":11,"opponent_health":27,"my_armor":0,"opponent_armor":0,"my_hand":3,"opponent_hand":0,"my_board":[{"card_name":"Dread Infernal","card_health":6,"card_attack":6}],"opponent_board":[]},{"turn":28,"cards_played":["Earthen Ring Farseer","Fireblast","Fireblast"],"current_player":"opponent","my_health":11,"opponent_health":30,"my_armor":0,"opponent_armor":0,"my_hand":3,"opponent_hand":0,"my_board":[{"card_name":"Dread Infernal","card_health":5,"card_attack":6}],"opponent_board":[{"card_name":"Earthen Ring Farseer","card_health":3,"card_attack":3}]},{"turn":29,"cards_played":["Fearsome Doomguard"],"current_player":"me","my_health":11,"opponent_health":30,"my_armor":0,"opponent_armor":0,"my_hand":3,"opponent_hand":0,"my_board":[{"card_name":"Dread Infernal","card_health":2,"card_attack":6},{"card_name":"Fearsome Doomguard","card_health":8,"card_attack":6}],"opponent_board":[]},{"turn":30,"cards_played":["Sen'jin Shieldmasta","Fireblast"],"current_player":"opponent","my_health":11,"opponent_health":30,"my_armor":0,"opponent_armor":0,"my_hand":3,"opponent_hand":0,"my_board":[{"card_name":"Dread Infernal","card_health":1,"card_attack":6},{"card_name":"Fearsome Doomguard","card_health":8,"card_attack":6}],"opponent_board":[{"card_name":"Sen'jin Shieldmasta","card_health":5,"card_attack":3}]},{"turn":31,"cards_played":["Flesheating Ghoul","Boulderfist Ogre"],"current_player":"me","my_health":11,"opponent_health":24,"my_armor":0,"opponent_armor":0,"my_hand":2,"opponent_hand":0,"my_board":[{"card_name":"Boulderfist Ogre","card_health":7,"card_attack":6},{"card_name":"Flesheating Ghoul","card_health":3,"card_attack":4},{"card_name":"Fearsome Doomguard","card_health":8,"card_attack":6}],"opponent_board":[]},{"turn":32,"cards_played":["Icehowl"],"current_player":"opponent","my_health":11,"opponent_health":24,"my_armor":0,"opponent_armor":0,"my_hand":2,"opponent_hand":0,"my_board":[{"card_name":"Boulderfist Ogre","card_health":7,"card_attack":6},{"card_name":"Flesheating Ghoul","card_health":3,"card_attack":4}],"opponent_board":[{"card_name":"Icehowl","card_health":4,"card_attack":10}]},{"turn":33,"cards_played":["Wobbling Runts"],"current_player":"me","my_health":11,"opponent_health":18,"my_armor":0,"opponent_armor":0,"my_hand":2,"opponent_hand":0,"my_board":[{"card_name":"Boulderfist Ogre","card_health":7,"card_attack":6},{"card_name":"Wobbling Runts","card_health":6,"card_attack":2}],"opponent_board":[]},{"turn":34,"cards_played":["Jungle Panther","Fireblast","Fireblast"],"current_player":"opponent","my_health":10,"opponent_health":18,"my_armor":0,"opponent_armor":0,"my_hand":2,"opponent_hand":0,"my_board":[{"card_name":"Boulderfist Ogre","card_health":7,"card_attack":6},{"card_name":"Wobbling Runts","card_health":6,"card_attack":2}],"opponent_board":[{"card_name":"Jungle Panther","card_health":2,"card_attack":4}]},{"turn":35,"cards_played":["Sludge Belcher","Demolisher"],"current_player":"me","my_health":10,"opponent_health":10,"my_armor":0,"opponent_armor":0,"my_hand":1,"opponent_hand":0,"my_board":[{"card_name":"Boulderfist Ogre","card_health":7,"card_attack":6},{"card_name":"Demolisher","card_health":4,"card_attack":1},{"card_name":"Sludge Belcher","card_health":5,"card_attack":3},{"card_name":"Wobbling Runts","card_health":6,"card_attack":2}],"opponent_board":[{"card_name":"Jungle Panther","card_health":2,"card_attack":4}]},{"turn":36,"cards_played":["Flamecannon","Fireblast","Fireblast"],"current_player":"opponent","my_health":10,"opponent_health":10,"my_armor":0,"opponent_armor":0,"my_hand":1,"opponent_hand":0,"my_board":[{"card_name":"Boulderfist Ogre","card_health":7,"card_attack":6},{"card_name":"Demolisher","card_health":4,"card_attack":1},{"card_name":"Wobbling Runts","card_health":6,"card_attack":2}],"opponent_board":[{"card_name":"Jungle Panther","card_health":1,"card_attack":4}]},{"turn":37,"cards_played":[],"current_player":"me","my_health":10,"opponent_health":8,"my_armor":0,"opponent_armor":0,"my_hand":2,"opponent_hand":0,"my_board":[{"card_name":"Boulderfist Ogre","card_health":7,"card_attack":6},{"card_name":"Demolisher","card_health":4,"card_attack":1},{"card_name":"Wobbling Runts","card_health":6,"card_attack":2}],"opponent_board":[{"card_name":"Jungle Panther","card_health":1,"card_attack":4}]}],"result":"victory"}