{"plays":[{"turn":1,"cards_played":[],"current_player":"opponent","my_health":0,"opponent_health":0,"my_armor":0,"opponent_armor":0,"my_hand":1,"opponent_hand":0,"my_board":[],"opponent_board":[]},{"turn":2,"cards_played":[],"current_player":"me","my_health":30,"opponent_health":30,"my_armor":0,"opponent_armor":0,"my_hand":6,"opponent_hand":4,"my_board":[],"opponent_board":[]},{"turn":3,"cards_played":["Mad Scientist"],"current_player":"opponent","my_health":30,"opponent_health":30,"my_armor":0,"opponent_armor":0,"my_hand":6,"opponent_hand":4,"my_board":[],"opponent_board":[{"card_name":"Mad Scientist","card_health":2,"card_attack":2}]},{"turn":4,"cards_played":["Life Tap"],"current_player":"me","my_health":28,"opponent_health":30,"my_armor":0,"opponent_armor":0,"my_hand":8,"opponent_hand":4,"my_board":[],"opponent_board":[{"card_name":"Mad Scientist","card_health":2,"card_attack":2}]},{"turn":5,"cards_played":["Mad Scientist"],"current_player":"opponent","my_health":26,"opponent_health":30,"my_armor":0,"opponent_armor":0,"my_hand":8,"opponent_hand":4,"my_board":[],"opponent_board":[{"card_name":"Mad Scientist","card_health":2,"card_attack":2},{"card_name":"Mad Scientist","card_health":2,"card_attack":2}]},{"turn":6,"cards_played":["The Coin","Imp-losion"],"current_player":"me","my_health":26,"opponent_health":30,"my_armor":0,"opponent_armor":0,"my_hand":7,"opponent_hand":4,"my_board":[{"card_name":"Imp","card_health":1,"card_attack":1},{"card_name":"Imp","card_health":1,"card_attack":1},{"card_name":"Imp","card_health":1,"card_attack":1},{"card_name":"Imp","card_health":1,"card_attack":1}],"opponent_board":[{"card_name":"Mad Scientist","card_health":2,"card_attack":2}]},{"turn":7,"cards_played":["Flamewaker","Mirror Image"],"current_player":"opponent","my_health":26,"opponent_health":30,"my_armor":0,"opponent_armor":0,"my_hand":7,"opponent_hand":3,"my_board":[{"card_name":"Imp","card_health":1,"card_attack":1}],"opponent_board":[{"card_name":"Mad Scientist","card_health":1,"card_attack":2},{"card_name":"Flamewaker","card_health":4,"card_attack":2},{"card_name":"Mirror Image","card_health":2,"card_attack":0},{"card_name":"Mirror Image","card_health":2,"card_attack":0}]},{"turn":8,"cards_played":["Mortal Coil","Zombie Chow","Darkbomb"],"current_player":"me","my_health":26,"opponent_health":30,"my_armor":0,"opponent_armor":0,"my_hand":6,"opponent_hand":3,"my_board":[{"card_name":"Zombie Chow","card_health":3,"card_attack":2},{"card_name":"Imp","card_health":1,"card_attack":1}],"opponent_board":[{"card_name":"Flamewaker","card_health":4,"card_attack":2},{"card_name":"Mirror Image","card_health":1,"card_attack":0},{"card_name":"Mirror Image","card_health":2,"card_attack":0},{"card_name":"Zombie Chow","card_health":3,"card_attack":2}]},{"turn":9,"cards_played":["Azure Drake"],"current_player":"opponent","my_health":24,"opponent_health":30,"my_armor":0,"opponent_armor":0,"my_hand":6,"opponent_hand":4,"my_board":[{"card_name":"Zombie Chow","card_health":3,"card_attack":2}],"opponent_board":[{"card_name":"Azure Drake","card_health":4,"card_attack":4},{"card_name":"Flamewaker","card_health":4,"card_attack":2},{"card_name":"Mirror Image","card_health":1,"card_attack":0},{"card_name":"Mirror Image","card_health":2,"card_attack":0},{"card_name":"Zombie Chow","card_health":2,"card_attack":2}]},{"turn":10,"cards_played":["Feugen"],"current_player":"me","my_health":24,"opponent_health":30,"my_armor":0,"opponent_armor":0,"my_hand":6,"opponent_hand":4,"my_board":[{"card_name":"Zombie Chow","card_health":3,"card_attack":2},{"card_name":"Feugen","card_health":7,"card_attack":4}],"opponent_board":[{"card_name":"Azure Drake","card_health":4,"card_attack":4},{"card_name":"Flamewaker","card_health":4,"card_attack":2},{"card_name":"Mirror Image","card_health":1,"card_attack":0},{"card_name":"Zombie Chow","card_health":2,"card_attack":2}]},{"turn":11,"cards_played":["Fireball","Fireblast","Fireblast"],"current_player":"opponent","my_health":16,"opponent_health":30,"my_armor":0,"opponent_armor":0,"my_hand":6,"opponent_hand":4,"my_board":[],"opponent_board":[{"card_name":"Azure Drake","card_health":4,"card_attack":4},{"card_name":"Flamewaker","card_health":4,"card_attack":2},{"card_name":"Mirror Image","card_health":1,"card_attack":0},{"card_name":"Zombie Chow","card_health":2,"card_attack":2}]},{"turn":12,"cards_played":["Emperor Thaurissan"],"current_player":"me","my_health":16,"opponent_health":30,"my_armor":0,"opponent_armor":0,"my_hand":6,"opponent_hand":4,"my_board":[{"card_name":"Emperor Thaurissan","card_health":5,"card_attack":5}],"opponent_board":[{"card_name":"Azure Drake","card_health":4,"card_attack":4},{"card_name":"Flamewaker","card_health":4,"card_attack":2},{"card_name":"Mirror Image","card_health":1,"card_attack":0},{"card_name":"Zombie Chow","card_health":2,"card_attack":2}]},{"turn":13,"cards_played":["Azure Drake","Frostbolt"],"current_player":"opponent","my_health":6,"opponent_health":30,"my_armor":0,"opponent_armor":0,"my_hand":6,"opponent_hand":4,"my_board":[],"opponent_board":[{"card_name":"Azure Drake","card_health":4,"card_attack":4},{"card_name":"Azure Drake","card_health":4,"card_attack":4},{"card_name":"Flamewaker","card_health":4,"card_attack":2},{"card_name":"Mirror Image","card_health":1,"card_attack":0},{"card_name":"Zombie Chow","card_health":2,"card_attack":2}]},{"turn":14,"cards_played":["Twilight Drake","Shadowflame"],"current_player":"me","my_health":6,"opponent_health":30,"my_armor":0,"opponent_armor":0,"my_hand":5,"opponent_hand":4,"my_board":[],"opponent_board":[]},{"turn":15,"cards_played":["Flamewaker","Mana Wyrm","Unstable Portal","Fireblast","Fireblast"],"current_player":"opponent","my_health":8,"opponent_health":30,"my_armor":0,"opponent_armor":0,"my_hand":5,"opponent_hand":3,"my_board":[],"opponent_board":[{"card_name":"Mana Wyrm","card_health":3,"card_attack":2},{"card_name":"Flamewaker","card_health":4,"card_attack":2}]},{"turn":16,"cards_played":["Life Tap","Reno Jackson"],"current_player":"me","my_health":6,"opponent_health":30,"my_armor":0,"opponent_armor":0,"my_hand":6,"opponent_hand":3,"my_board":[{"card_name":"Reno Jackson","card_health":6,"card_attack":4}],"opponent_board":[{"card_name":"Mana Wyrm","card_health":3,"card_attack":2},{"card_name":"Flamewaker","card_health":4,"card_attack":2}]},{"turn":17,"cards_played":["Piloted Shredder","Hemet Nesingwary","Fireblast","Fireblast"],"current_player":"opponent","my_health":26,"opponent_health":30,"my_armor":0,"opponent_armor":0,"my_hand":6,"opponent_hand":2,"my_board":[{"card_name":"Reno Jackson","card_health":5,"card_attack":4}],"opponent_board":[{"card_name":"Mana Wyrm","card_health":3,"card_attack":2},{"card_name":"Flamewaker","card_health":4,"card_attack":2},{"card_name":"Piloted Shredder","card_health":3,"card_attack":4},{"card_name":"Hemet Nesingwary","card_health":3,"card_attack":6}]},{"turn":18,"cards_played":["Sludge Belcher","Sylvanas Windrunner"],"current_player":"me","my_health":26,"opponent_health":30,"my_armor":0,"opponent_armor":0,"my_hand":5,"opponent_hand":2,"my_board":[{"card_name":"Reno Jackson","card_health":3,"card_attack":4},{"card_name":"Sludge Belcher","card_health":5,"card_attack":3},{"card_name":"Sylvanas Windrunner","card_health":5,"card_attack":5}],"opponent_board":[{"card_name":"Mana Wyrm","card_health":3,"card_attack":2},{"card_name":"Piloted Shredder","card_health":3,"card_attack":4},{"card_name":"Hemet Nesingwary","card_health":3,"card_attack":6}]},{"turn":19,"cards_played":["Piloted Shredder","Fireblast","Fireblast"],"current_player":"opponent","my_health":21,"opponent_health":30,"my_armor":0,"opponent_armor":0,"my_hand":5,"opponent_hand":2,"my_board":[{"card_name":"Reno Jackson","card_health":3,"card_attack":4},{"card_name":"Sylvanas Windrunner","card_health":5,"card_attack":5}],"opponent_board":[{"card_name":"Mana Wyrm","card_health":2,"card_attack":2},{"card_name":"Piloted Shredder","card_health":3,"card_attack":4},{"card_name":"Piloted Shredder","card_health":3,"card_attack":4}]},{"turn":20,"cards_played":["Dr. Boom"],"current_player":"me","my_health":21,"opponent_health":30,"my_armor":0,"opponent_armor":0,"my_hand":5,"opponent_hand":2,"my_board":[{"card_name":"Reno Jackson","card_health":1,"card_attack":4},{"card_name":"Dr. Boom","card_health":7,"card_attack":7},{"card_name":"Sylvanas Windrunner","card_health":1,"card_attack":5},{"card_name":"Boom Bot","card_health":1,"card_attack":1},{"card_name":"Boom Bot","card_health":1,"card_attack":1}],"opponent_board":[{"card_name":"Piloted Shredder","card_health":3,"card_attack":4},{"card_name":"Loot Hoarder","card_health":1,"card_attack":2}]},{"turn":21,"cards_played":["Fireblast","Fireblast","Archmage Antonidas","Flamecannon"],"current_player":"opponent","my_health":21,"opponent_health":30,"my_armor":0,"opponent_armor":0,"my_hand":5,"opponent_hand":2,"my_board":[{"card_name":"Dr. Boom","card_health":3,"card_attack":7},{"card_name":"Loot Hoarder","card_health":1,"card_attack":2},{"card_name":"Boom Bot","card_health":1,"card_attack":1},{"card_name":"Boom Bot","card_health":1,"card_attack":1}],"opponent_board":[{"card_name":"Archmage Antonidas","card_health":7,"card_attack":5},{"card_name":"Sorcerer's Apprentice","card_health":2,"card_attack":3}]}],"result":"victory"}