{"plays":[{"turn":1,"cards_played":[],"current_player":"me","my_health":0,"opponent_health":0,"my_armor":0,"opponent_armor":0,"my_hand":0,"opponent_hand":1,"my_board":[],"opponent_board":[]},{"turn":2,"cards_played":["Zombie Chow","Dragon Egg"],"current_player":"opponent","my_health":30,"opponent_health":30,"my_armor":0,"opponent_armor":0,"my_hand":3,"opponent_hand":5,"my_board":[{"card_name":"Zombie Chow","card_health":3,"card_attack":2}],"opponent_board":[{"card_name":"Dragon Egg","card_health":2,"card_attack":0}]},{"turn":3,"cards_played":["Dark Peddler"],"current_player":"me","my_health":30,"opponent_health":30,"my_armor":0,"opponent_armor":0,"my_hand":4,"opponent_hand":5,"my_board":[{"card_name":"Dark Peddler","card_health":2,"card_attack":2},{"card_name":"Zombie Chow","card_health":3,"card_attack":2}],"opponent_board":[{"card_name":"Black Whelp","card_health":1,"card_attack":2}]},{"turn":4,"cards_played":["The Coin","Mounted Raptor"],"current_player":"opponent","my_health":30,"opponent_health":30,"my_armor":0,"opponent_armor":0,"my_hand":4,"opponent_hand":4,"my_board":[{"card_name":"Zombie Chow","card_health":3,"card_attack":2}],"opponent_board":[{"card_name":"Mounted Raptor","card_health":2,"card_attack":3}]},{"turn":5,"cards_played":["Flame Imp","Acidic Swamp Ooze"],"current_player":"me","my_health":27,"opponent_health":30,"my_armor":0,"opponent_armor":0,"my_hand":3,"opponent_hand":4,"my_board":[{"card_name":"Acidic Swamp Ooze","card_health":2,"card_attack":3},{"card_name":"Flame Imp","card_health":2,"card_attack":3}],"opponent_board":[{"card_name":"Lightwarden","card_health":2,"card_attack":1}]},{"turn":6,"cards_played":["Haunted Creeper"],"current_player":"opponent","my_health":26,"opponent_health":30,"my_armor":0,"opponent_armor":0,"my_hand":3,"opponent_hand":4,"my_board":[{"card_name":"Acidic Swamp Ooze","card_health":2,"card_attack":3},{"card_name":"Flame Imp","card_health":2,"card_attack":3}],"opponent_board":[{"card_name":"Haunted Creeper","card_health":2,"card_attack":1},{"card_name":"Lightwarden","card_health":2,"card_attack":1}]},{"turn":7,"cards_played":["Defender of Argus"],"current_player":"me","my_health":26,"opponent_health":26,"my_armor":0,"opponent_armor":0,"my_hand":3,"opponent_hand":4,"my_board":[{"card_name":"Acidic Swamp Ooze","card_health":2,"card_attack":4},{"card_name":"Defender of Argus","card_health":3,"card_attack":2},{"card_name":"Flame Imp","card_health":3,"card_attack":4}],"opponent_board":[{"card_name":"Haunted Creeper","card_health":2,"card_attack":1}]},{"turn":8,"cards_played":["Mark of the Wild","Haunted Creeper"],"current_player":"opponent","my_health":26,"opponent_health":26,"my_armor":0,"opponent_armor":0,"my_hand":3,"opponent_hand":3,"my_board":[{"card_name":"Acidic Swamp Ooze","card_health":2,"card_attack":4},{"card_name":"Defender of Argus","card_health":3,"card_attack":2}],"opponent_board":[{"card_name":"Haunted Creeper","card_health":2,"card_attack":1},{"card_name":"Spectral Spider","card_health":1,"card_attack":1},{"card_name":"Spectral Spider","card_health":1,"card_attack":1}]},{"turn":9,"cards_played":["Life Tap"],"current_player":"me","my_health":24,"opponent_health":22,"my_armor":0,"opponent_armor":0,"my_hand":5,"opponent_hand":3,"my_board":[{"card_name":"Acidic Swamp Ooze","card_health":2,"card_attack":4},{"card_name":"Defender of Argus","card_health":2,"card_attack":2}],"opponent_board":[{"card_name":"Spectral Spider","card_health":1,"card_attack":1},{"card_name":"Spectral Spider","card_health":1,"card_attack":1},{"card_name":"Spectral Spider","card_health":1,"card_attack":1},{"card_name":"Spectral Spider","card_health":1,"card_attack":1}]},{"turn":10,"cards_played":["Sir Finley Mrrgglton","Soul of the Forest"],"current_player":"opponent","my_health":22,"opponent_health":22,"my_armor":0,"opponent_armor":0,"my_hand":5,"opponent_hand":2,"my_board":[{"card_name":"Defender of Argus","card_health":2,"card_attack":2}],"opponent_board":[{"card_name":"Sir Finley Mrrgglton","card_health":3,"card_attack":1},{"card_name":"Spectral Spider","card_health":1,"card_attack":1},{"card_name":"Spectral Spider","card_health":1,"card_attack":1},{"card_name":"Treant","card_health":2,"card_attack":2},{"card_name":"Treant","card_health":2,"card_attack":2}]},{"turn":11,"cards_played":["Sylvanas Windrunner"],"current_player":"me","my_health":22,"opponent_health":22,"my_armor":0,"opponent_armor":0,"my_hand":5,"opponent_hand":2,"my_board":[{"card_name":"Sylvanas Windrunner","card_health":5,"card_attack":5}],"opponent_board":[{"card_name":"Sir Finley Mrrgglton","card_health":3,"card_attack":1},{"card_name":"Spectral Spider","card_health":1,"card_attack":1},{"card_name":"Spectral Spider","card_health":1,"card_attack":1},{"card_name":"Treant","card_health":2,"card_attack":2}]},{"turn":12,"cards_played":["Mark of the Wild","Savage Roar"],"current_player":"opponent","my_health":5,"opponent_health":22,"my_armor":0,"opponent_armor":0,"my_hand":5,"opponent_hand":1,"my_board":[{"card_name":"Sylvanas Windrunner","card_health":5,"card_attack":5}],"opponent_board":[{"card_name":"Sir Finley Mrrgglton","card_health":3,"card_attack":3},{"card_name":"Spectral Spider","card_health":1,"card_attack":3},{"card_name":"Spectral Spider","card_health":3,"card_attack":5},{"card_name":"Treant","card_health":2,"card_attack":4}]},{"turn":13,"cards_played":["Hellfire","Darkbomb","Molten Giant"],"current_player":"me","my_health":2,"opponent_health":19,"my_armor":0,"opponent_armor":0,"my_hand":3,"opponent_hand":1,"my_board":[{"card_name":"Molten Giant","card_health":8,"card_attack":8},{"card_name":"Treant","card_health":2,"card_attack":2}],"opponent_board":[]},{"turn":14,"cards_played":["Life Tap","Abusive Sergeant","Swipe"],"current_player":"opponent","my_health":-2,"opponent_health":17,"my_armor":0,"opponent_armor":0,"my_hand":3,"opponent_hand":1,"my_board":[{"card_name":"Molten Giant","card_health":7,"card_attack":10},{"card_name":"Treant","card_health":1,"card_attack":2}],"opponent_board":[{"card_name":"Abusive Sergeant","card_health":1,"card_attack":2}]}],"result":"defeat"}