{"plays":[{"turn":1,"cards_played":[],"current_player":"opponent","my_health":0,"opponent_health":0,"my_armor":0,"opponent_armor":0,"my_hand":1,"opponent_hand":0,"my_board":[],"opponent_board":[]},{"turn":2,"cards_played":["Flame Imp","The Coin","Acidic Swamp Ooze"],"current_player":"me","my_health":30,"opponent_health":27,"my_armor":0,"opponent_armor":0,"my_hand":4,"opponent_hand":3,"my_board":[{"card_name":"Acidic Swamp Ooze","card_health":2,"card_attack":3}],"opponent_board":[{"card_name":"Flame Imp","card_health":2,"card_attack":3}]},{"turn":3,"cards_played":["Dark Peddler"],"current_player":"opponent","my_health":27,"opponent_health":27,"my_armor":0,"opponent_armor":0,"my_hand":4,"opponent_hand":4,"my_board":[{"card_name":"Acidic Swamp Ooze","card_health":2,"card_attack":3}],"opponent_board":[{"card_name":"Flame Imp","card_health":2,"card_attack":3},{"card_name":"Dark Peddler","card_health":2,"card_attack":2}]},{"turn":4,"cards_played":["Life Tap"],"current_player":"me","my_health":25,"opponent_health":27,"my_armor":0,"opponent_armor":0,"my_hand":6,"opponent_hand":4,"my_board":[],"opponent_board":[{"card_name":"Dark Peddler","card_health":2,"card_attack":2}]},{"turn":5,"cards_played":["Knife Juggler","Flame Imp"],"current_player":"opponent","my_health":22,"opponent_health":24,"my_armor":0,"opponent_armor":0,"my_hand":6,"opponent_hand":3,"my_board":[],"opponent_board":[{"card_name":"Flame Imp","card_health":2,"card_attack":3},{"card_name":"Knife Juggler","card_health":2,"card_attack":3},{"card_name":"Dark Peddler","card_health":2,"card_attack":2}]},{"turn":6,"cards_played":["Darkbomb"],"current_player":"me","my_health":22,"opponent_health":24,"my_armor":0,"opponent_armor":0,"my_hand":6,"opponent_hand":3,"my_board":[],"opponent_board":[{"card_name":"Flame Imp","card_health":2,"card_attack":3},{"card_name":"Dark Peddler","card_health":2,"card_attack":2}]},{"turn":7,"cards_played":["Dark Peddler","Life Tap"],"current_player":"opponent","my_health":17,"opponent_health":22,"my_armor":0,"opponent_armor":0,"my_hand":6,"opponent_hand":5,"my_board":[],"opponent_board":[{"card_name":"Flame Imp","card_health":2,"card_attack":3},{"card_name":"Dark Peddler","card_health":2,"card_attack":2},{"card_name":"Dark Peddler","card_health":2,"card_attack":2}]},{"turn":8,"cards_played":["Imp-losion"],"current_player":"me","my_health":17,"opponent_health":22,"my_armor":0,"opponent_armor":0,"my_hand":6,"opponent_hand":5,"my_board":[{"card_name":"Imp","card_health":1,"card_attack":1},{"card_name":"Imp","card_health":1,"card_attack":1},{"card_name":"Imp","card_health":1,"card_attack":1}],"opponent_board":[{"card_name":"Dark Peddler","card_health":2,"card_attack":2},{"card_name":"Dark Peddler","card_health":2,"card_attack":2}]},{"turn":9,"cards_played":["Flame Imp","Nerubian Egg"],"current_player":"opponent","my_health":17,"opponent_health":19,"my_armor":0,"opponent_armor":0,"my_hand":6,"opponent_hand":4,"my_board":[{"card_name":"Imp","card_health":1,"card_attack":1}],"opponent_board":[{"card_name":"Nerubian Egg","card_health":2,"card_attack":0},{"card_name":"Dark Peddler","card_health":1,"card_attack":2},{"card_name":"Dark Peddler","card_health":1,"card_attack":2},{"card_name":"Flame Imp","card_health":2,"card_attack":3}]},{"turn":10,"cards_played":["Feugen"],"current_player":"me","my_health":17,"opponent_health":19,"my_armor":0,"opponent_armor":0,"my_hand":6,"opponent_hand":4,"my_board":[{"card_name":"Feugen","card_health":7,"card_attack":4}],"opponent_board":[{"card_name":"Nerubian Egg","card_health":2,"card_attack":0},{"card_name":"Dark Peddler","card_health":1,"card_attack":2},{"card_name":"Flame Imp","card_health":2,"card_attack":3}]},{"turn":11,"cards_played":["Abusive Sergeant","Abusive Sergeant","Power Overwhelming","Power Overwhelming"],"current_player":"opponent","my_health":3,"opponent_health":19,"my_armor":0,"opponent_armor":0,"my_hand":6,"opponent_hand":1,"my_board":[{"card_name":"Feugen","card_health":7,"card_attack":4}],"opponent_board":[{"card_name":"Abusive Sergeant","card_health":1,"card_attack":2},{"card_name":"Nerubian Egg","card_health":2,"card_attack":0},{"card_name":"Dark Peddler","card_health":9,"card_attack":14},{"card_name":"Abusive Sergeant","card_health":1,"card_attack":2},{"card_name":"Flame Imp","card_health":2,"card_attack":3}]}],"result":"defeat"}