{"plays":[{"turn":1,"cards_played":[],"current_player":"me","my_health":0,"opponent_health":0,"my_armor":0,"opponent_armor":0,"my_hand":0,"opponent_hand":1,"my_board":[],"opponent_board":[]},{"turn":2,"cards_played":["Abusive Sergeant"],"current_player":"opponent","my_health":30,"opponent_health":30,"my_armor":0,"opponent_armor":0,"my_hand":4,"opponent_hand":5,"my_board":[],"opponent_board":[{"card_name":"Abusive Sergeant","card_health":1,"card_attack":2}]},{"turn":3,"cards_played":["Life Tap"],"current_player":"me","my_health":28,"opponent_health":30,"my_armor":0,"opponent_armor":0,"my_hand":6,"opponent_hand":5,"my_board":[],"opponent_board":[{"card_name":"Abusive Sergeant","card_health":1,"card_attack":2}]},{"turn":4,"cards_played":["Glaivezooka","The Coin","Abusive Sergeant"],"current_player":"opponent","my_health":21,"opponent_health":30,"my_armor":0,"opponent_armor":0,"my_hand":6,"opponent_hand":3,"my_board":[],"opponent_board":[{"card_name":"Abusive Sergeant","card_health":1,"card_attack":5},{"card_name":"Abusive Sergeant","card_health":1,"card_attack":2}]},{"turn":5,"cards_played":["Demonwrath"],"current_player":"me","my_health":21,"opponent_health":30,"my_armor":0,"opponent_armor":0,"my_hand":6,"opponent_hand":3,"my_board":[],"opponent_board":[]},{"turn":6,"cards_played":["Animal Companion"],"current_player":"opponent","my_health":15,"opponent_health":30,"my_armor":0,"opponent_armor":0,"my_hand":6,"opponent_hand":3,"my_board":[],"opponent_board":[{"card_name":"Huffer","card_health":2,"card_attack":4}]},{"turn":7,"cards_played":["Twilight Drake"],"current_player":"me","my_health":15,"opponent_health":30,"my_armor":0,"opponent_armor":0,"my_hand":6,"opponent_hand":3,"my_board":[{"card_name":"Twilight Drake","card_health":1,"card_attack":4}],"opponent_board":[{"card_name":"Huffer","card_health":2,"card_attack":4}]},{"turn":8,"cards_played":["Wolfrider","Worgen Infiltrator"],"current_player":"opponent","my_health":8,"opponent_health":30,"my_armor":0,"opponent_armor":0,"my_hand":6,"opponent_hand":2,"my_board":[{"card_name":"Twilight Drake","card_health":7,"card_attack":4}],"opponent_board":[{"card_name":"Worgen Infiltrator","card_health":1,"card_attack":2},{"card_name":"Wolfrider","card_health":1,"card_attack":3},{"card_name":"Huffer","card_health":2,"card_attack":4}]},{"turn":9,"cards_played":["Antique Healbot"],"current_player":"me","my_health":16,"opponent_health":30,"my_armor":0,"opponent_armor":0,"my_hand":6,"opponent_hand":2,"my_board":[{"card_name":"Twilight Drake","card_health":3,"card_attack":4},{"card_name":"Antique Healbot","card_health":3,"card_attack":3}],"opponent_board":[{"card_name":"Worgen Infiltrator","card_health":1,"card_attack":2},{"card_name":"Wolfrider","card_health":1,"card_attack":3}]},{"turn":10,"cards_played":["Knife Juggler","Quick Shot"],"current_player":"opponent","my_health":11,"opponent_health":30,"my_armor":0,"opponent_armor":0,"my_hand":6,"opponent_hand":1,"my_board":[{"card_name":"Twilight Drake","card_health":3,"card_attack":4},{"card_name":"Antique Healbot","card_health":3,"card_attack":3}],"opponent_board":[{"card_name":"Knife Juggler","card_health":2,"card_attack":3},{"card_name":"Worgen Infiltrator","card_health":1,"card_attack":2},{"card_name":"Wolfrider","card_health":1,"card_attack":3}]},{"turn":11,"cards_played":["Shadowflame"],"current_player":"me","my_health":8,"opponent_health":23,"my_armor":0,"opponent_armor":0,"my_hand":6,"opponent_hand":1,"my_board":[{"card_name":"Twilight Drake","card_health":3,"card_attack":4}],"opponent_board":[]},{"turn":12,"cards_played":["Quick Shot","Leper Gnome"],"current_player":"opponent","my_health":5,"opponent_health":23,"my_armor":0,"opponent_armor":0,"my_hand":6,"opponent_hand":0,"my_board":[{"card_name":"Twilight Drake","card_health":3,"card_attack":4}],"opponent_board":[{"card_name":"Leper Gnome","card_health":1,"card_attack":2}]},{"turn":13,"cards_played":["Sludge Belcher","Ironbeak Owl"],"current_player":"me","my_health":5,"opponent_health":23,"my_armor":0,"opponent_armor":0,"my_hand":5,"opponent_hand":0,"my_board":[{"card_name":"Twilight Drake","card_health":1,"card_attack":4},{"card_name":"Ironbeak Owl","card_health":1,"card_attack":2},{"card_name":"Sludge Belcher","card_health":5,"card_attack":3}],"opponent_board":[]},{"turn":14,"cards_played":["Steady Shot","Kill Command"],"current_player":"opponent","my_health":0,"opponent_health":23,"my_armor":0,"opponent_armor":0,"my_hand":5,"opponent_hand":0,"my_board":[{"card_name":"Twilight Drake","card_health":1,"card_attack":4},{"card_name":"Ironbeak Owl","card_health":1,"card_attack":2},{"card_name":"Sludge Belcher","card_health":5,"card_attack":3}],"opponent_board":[]}],"result":"defeat"}