{"plays":[{"turn":1,"cards_played":[],"current_player":"me","my_health":0,"opponent_health":0,"my_armor":0,"opponent_armor":0,"my_hand":0,"opponent_hand":1,"my_board":[],"opponent_board":[]},{"turn":2,"cards_played":["The Coin","Wild Growth"],"current_player":"opponent","my_health":30,"opponent_health":30,"my_armor":0,"opponent_armor":0,"my_hand":4,"opponent_hand":4,"my_board":[],"opponent_board":[]},{"turn":3,"cards_played":["Dark Peddler"],"current_player":"me","my_health":30,"opponent_health":30,"my_armor":0,"opponent_armor":0,"my_hand":5,"opponent_hand":4,"my_board":[{"card_name":"Dark Peddler","card_health":2,"card_attack":2}],"opponent_board":[]},{"turn":4,"cards_played":["Shade of Naxxramas"],"current_player":"opponent","my_health":30,"opponent_health":30,"my_armor":0,"opponent_armor":0,"my_hand":5,"opponent_hand":4,"my_board":[{"card_name":"Dark Peddler","card_health":2,"card_attack":2}],"opponent_board":[{"card_name":"Shade of Naxxramas","card_health":2,"card_attack":2}]},{"turn":5,"cards_played":["Life Tap","Injured Kvaldir"],"current_player":"me","my_health":28,"opponent_health":28,"my_armor":0,"opponent_armor":0,"my_hand":6,"opponent_hand":4,"my_board":[{"card_name":"Dark Peddler","card_health":2,"card_attack":2},{"card_name":"Injured Kvaldir","card_health":1,"card_attack":2}],"opponent_board":[{"card_name":"Shade of Naxxramas","card_health":2,"card_attack":2}]},{"turn":6,"cards_played":["Keeper of the Grove"],"current_player":"opponent","my_health":28,"opponent_health":28,"my_armor":0,"opponent_armor":0,"my_hand":6,"opponent_hand":4,"my_board":[{"card_name":"Injured Kvaldir","card_health":1,"card_attack":2}],"opponent_board":[{"card_name":"Keeper of the Grove","card_health":4,"card_attack":2},{"card_name":"Shade of Naxxramas","card_health":3,"card_attack":3}]},{"turn":7,"cards_played":["Twilight Drake"],"current_player":"me","my_health":28,"opponent_health":26,"my_armor":0,"opponent_armor":0,"my_hand":6,"opponent_hand":4,"my_board":[{"card_name":"Twilight Drake","card_health":7,"card_attack":4},{"card_name":"Injured Kvaldir","card_health":1,"card_attack":2}],"opponent_board":[{"card_name":"Keeper of the Grove","card_health":4,"card_attack":2},{"card_name":"Shade of Naxxramas","card_health":3,"card_attack":3}]},{"turn":8,"cards_played":["Innervate","Innervate","Ragnaros the Firelord"],"current_player":"opponent","my_health":28,"opponent_health":26,"my_armor":0,"opponent_armor":0,"my_hand":6,"opponent_hand":2,"my_board":[{"card_name":"Twilight Drake","card_health":7,"card_attack":4}],"opponent_board":[{"card_name":"Ragnaros the Firelord","card_health":8,"card_attack":8},{"card_name":"Keeper of the Grove","card_health":2,"card_attack":2},{"card_name":"Shade of Naxxramas","card_health":4,"card_attack":4}]},{"turn":9,"cards_played":["Shadowflame"],"current_player":"me","my_health":20,"opponent_health":22,"my_armor":0,"opponent_armor":0,"my_hand":6,"opponent_hand":2,"my_board":[],"opponent_board":[{"card_name":"Ragnaros the Firelord","card_health":4,"card_attack":8}]},{"turn":10,"cards_played":["Emperor Thaurissan"],"current_player":"opponent","my_health":12,"opponent_health":22,"my_armor":0,"opponent_armor":0,"my_hand":6,"opponent_hand":2,"my_board":[],"opponent_board":[{"card_name":"Ragnaros the Firelord","card_health":4,"card_attack":8},{"card_name":"Emperor Thaurissan","card_health":5,"card_attack":5}]},{"turn":11,"cards_played":["Life Tap","Refreshment Vendor"],"current_player":"me","my_health":10,"opponent_health":22,"my_armor":0,"opponent_armor":0,"my_hand":7,"opponent_hand":2,"my_board":[{"card_name":"Refreshment Vendor","card_health":5,"card_attack":3}],"opponent_board":[{"card_name":"Ragnaros the Firelord","card_health":4,"card_attack":8},{"card_name":"Emperor Thaurissan","card_health":5,"card_attack":5}]},{"turn":12,"cards_played":["Swipe","Wrath","Savage Roar"],"current_player":"opponent","my_health":6,"opponent_health":26,"my_armor":0,"opponent_armor":0,"my_hand":7,"opponent_hand":1,"my_board":[],"opponent_board":[{"card_name":"Ragnaros the Firelord","card_health":4,"card_attack":10},{"card_name":"Emperor Thaurissan","card_health":5,"card_attack":7}]}],"result":"defeat"}