{"plays":[{"turn":1,"cards_played":[],"current_player":"opponent","my_health":0,"opponent_health":0,"my_armor":0,"opponent_armor":0,"my_hand":4,"opponent_hand":1,"my_board":[],"opponent_board":[]},{"turn":2,"cards_played":["Abusive Sergeant"],"current_player":"me","my_health":30,"opponent_health":30,"my_armor":0,"opponent_armor":0,"my_hand":6,"opponent_hand":3,"my_board":[],"opponent_board":[{"card_name":"Abusive Sergeant","card_health":1,"card_attack":2}]},{"turn":3,"cards_played":["Haunted Creeper"],"current_player":"opponent","my_health":28,"opponent_health":30,"my_armor":0,"opponent_armor":0,"my_hand":6,"opponent_hand":3,"my_board":[],"opponent_board":[{"card_name":"Haunted Creeper","card_health":2,"card_attack":1},{"card_name":"Abusive Sergeant","card_health":1,"card_attack":2}]},{"turn":4,"cards_played":["Life Tap"],"current_player":"me","my_health":26,"opponent_health":30,"my_armor":0,"opponent_armor":0,"my_hand":8,"opponent_hand":3,"my_board":[],"opponent_board":[{"card_name":"Haunted Creeper","card_health":2,"card_attack":1},{"card_name":"Abusive Sergeant","card_health":1,"card_attack":2}]},{"turn":5,"cards_played":["Animal Companion"],"current_player":"opponent","my_health":23,"opponent_health":30,"my_armor":0,"opponent_armor":0,"my_hand":8,"opponent_hand":3,"my_board":[],"opponent_board":[{"card_name":"Haunted Creeper","card_health":2,"card_attack":1},{"card_name":"Abusive Sergeant","card_health":1,"card_attack":2},{"card_name":"Misha","card_health":4,"card_attack":4}]},{"turn":6,"cards_played":["The Coin","Twilight Drake"],"current_player":"me","my_health":23,"opponent_health":30,"my_armor":0,"opponent_armor":0,"my_hand":7,"opponent_hand":3,"my_board":[{"card_name":"Twilight Drake","card_health":1,"card_attack":4}],"opponent_board":[{"card_name":"Haunted Creeper","card_health":2,"card_attack":1},{"card_name":"Abusive Sergeant","card_health":1,"card_attack":2},{"card_name":"Misha","card_health":4,"card_attack":4}]},{"turn":7,"cards_played":["Knife Juggler","Steady Shot"],"current_player":"opponent","my_health":14,"opponent_health":30,"my_armor":0,"opponent_armor":0,"my_hand":7,"opponent_hand":3,"my_board":[{"card_name":"Twilight Drake","card_health":8,"card_attack":4}],"opponent_board":[{"card_name":"Knife Juggler","card_health":2,"card_attack":3},{"card_name":"Haunted Creeper","card_health":2,"card_attack":1},{"card_name":"Abusive Sergeant","card_health":1,"card_attack":2},{"card_name":"Misha","card_health":4,"card_attack":4}]},{"turn":8,"cards_played":["Imp-losion"],"current_player":"me","my_health":14,"opponent_health":30,"my_armor":0,"opponent_armor":0,"my_hand":7,"opponent_hand":3,"my_board":[{"card_name":"Twilight Drake","card_health":4,"card_attack":4},{"card_name":"Imp","card_health":1,"card_attack":1},{"card_name":"Imp","card_health":1,"card_attack":1},{"card_name":"Imp","card_health":1,"card_attack":1},{"card_name":"Imp","card_health":1,"card_attack":1}],"opponent_board":[{"card_name":"Haunted Creeper","card_health":2,"card_attack":1},{"card_name":"Abusive Sergeant","card_health":1,"card_attack":2}]},{"turn":9,"cards_played":["Knife Juggler","Unleash the Hounds"],"current_player":"opponent","my_health":9,"opponent_health":30,"my_armor":0,"opponent_armor":0,"my_hand":7,"opponent_hand":2,"my_board":[],"opponent_board":[{"card_name":"Knife Juggler","card_health":2,"card_attack":3},{"card_name":"Hound","card_health":1,"card_attack":1},{"card_name":"Hound","card_health":1,"card_attack":1},{"card_name":"Hound","card_health":1,"card_attack":1},{"card_name":"Spectral Spider","card_health":1,"card_attack":1},{"card_name":"Spectral Spider","card_health":1,"card_attack":1}]},{"turn":10,"cards_played":["Hellfire"],"current_player":"me","my_health":6,"opponent_health":27,"my_armor":0,"opponent_armor":0,"my_hand":7,"opponent_hand":2,"my_board":[],"opponent_board":[]},{"turn":11,"cards_played":["Arcane Golem","Steady Shot"],"current_player":"opponent","my_health":0,"opponent_health":27,"my_armor":0,"opponent_armor":0,"my_hand":7,"opponent_hand":2,"my_board":[],"opponent_board":[{"card_name":"Arcane Golem","card_health":2,"card_attack":4}]}],"result":"defeat"}