{"plays":[{"turn":1,"cards_played":[],"current_player":"me","my_health":0,"opponent_health":30,"my_armor":0,"opponent_armor":0,"my_hand":0,"opponent_hand":1,"my_board":[],"opponent_board":[]},{"turn":2,"cards_played":["The Coin","Haunted Creeper"],"current_player":"me","my_health":30,"opponent_health":30,"my_armor":0,"opponent_armor":0,"my_hand":4,"opponent_hand":4,"my_board":[{"card_name":"Haunted Creeper","card_health":2,"card_attack":1}],"opponent_board":[]},{"turn":3,"cards_played":["Annoy-o-Tron"],"current_player":"opponent","my_health":30,"opponent_health":30,"my_armor":0,"opponent_armor":0,"my_hand":4,"opponent_hand":4,"my_board":[{"card_name":"Haunted Creeper","card_health":2,"card_attack":1}],"opponent_board":[{"card_name":"Annoy-o-Tron","card_health":2,"card_attack":1}]},{"turn":4,"cards_played":[],"current_player":"me","my_health":30,"opponent_health":30,"my_armor":0,"opponent_armor":0,"my_hand":4,"opponent_hand":4,"my_board":[{"card_name":"Haunted Creeper","card_health":1,"card_attack":1}],"opponent_board":[{"card_name":"Annoy-o-Tron","card_health":2,"card_attack":1}]},{"turn":5,"cards_played":["Flamecannon","Clockwork Gnome"],"current_player":"opponent","my_health":30,"opponent_health":30,"my_armor":0,"opponent_armor":0,"my_hand":4,"opponent_hand":3,"my_board":[{"card_name":"Spectral Spider","card_health":1,"card_attack":1}],"opponent_board":[{"card_name":"Clockwork Gnome","card_health":1,"card_attack":2},{"card_name":"Annoy-o-Tron","card_health":1,"card_attack":1}]},{"turn":6,"cards_played":["Eaglehorn Bow"],"current_player":"me","my_health":29,"opponent_health":30,"my_armor":0,"opponent_armor":0,"my_hand":4,"opponent_hand":4,"my_board":[],"opponent_board":[]},{"turn":7,"cards_played":["Annoy-o-Tron","Unstable Portal"],"current_player":"opponent","my_health":29,"opponent_health":30,"my_armor":0,"opponent_armor":0,"my_hand":4,"opponent_hand":4,"my_board":[],"opponent_board":[{"card_name":"Annoy-o-Tron","card_health":2,"card_attack":1}]},{"turn":8,"cards_played":["King's Elekk"],"current_player":"me","my_health":29,"opponent_health":30,"my_armor":0,"opponent_armor":0,"my_hand":4,"opponent_hand":4,"my_board":[{"card_name":"King's Elekk","card_health":2,"card_attack":3}],"opponent_board":[{"card_name":"Annoy-o-Tron","card_health":2,"card_attack":1}]},{"turn":9,"cards_played":["Piloted Shredder","Magnataur Alpha"],"current_player":"opponent","my_health":29,"opponent_health":30,"my_armor":0,"opponent_armor":0,"my_hand":4,"opponent_hand":3,"my_board":[{"card_name":"King's Elekk","card_health":2,"card_attack":3}],"opponent_board":[{"card_name":"Piloted Shredder","card_health":3,"card_attack":4},{"card_name":"Annoy-o-Tron","card_health":2,"card_attack":1},{"card_name":"Magnataur Alpha","card_health":3,"card_attack":5}]},{"turn":10,"cards_played":["Knife Juggler","Unleash the Hounds"],"current_player":"me","my_health":29,"opponent_health":30,"my_armor":0,"opponent_armor":0,"my_hand":3,"opponent_hand":3,"my_board":[{"card_name":"Knife Juggler","card_health":2,"card_attack":3}],"opponent_board":[{"card_name":"Mistress of Pain","card_health":4,"card_attack":1}]},{"turn":11,"cards_played":["Fireblast","Fireblast","Mistress of Pain"],"current_player":"opponent","my_health":29,"opponent_health":30,"my_armor":0,"opponent_armor":0,"my_hand":3,"opponent_hand":4,"my_board":[{"card_name":"Knife Juggler","card_health":1,"card_attack":3}],"opponent_board":[{"card_name":"Mistress of Pain","card_health":4,"card_attack":1}]},{"turn":12,"cards_played":["Loatheb"],"current_player":"me","my_health":29,"opponent_health":23,"my_armor":0,"opponent_armor":0,"my_hand":3,"opponent_hand":4,"my_board":[{"card_name":"Loatheb","card_health":5,"card_attack":5},{"card_name":"Knife Juggler","card_health":1,"card_attack":3}],"opponent_board":[{"card_name":"Mistress of Pain","card_health":4,"card_attack":1}]},{"turn":13,"cards_played":["Spider Tank","Goblin Blastmage"],"current_player":"opponent","my_health":26,"opponent_health":24,"my_armor":0,"opponent_armor":0,"my_hand":3,"opponent_hand":3,"my_board":[{"card_name":"Loatheb","card_health":4,"card_attack":5},{"card_name":"Ironfur Grizzly","card_health":3,"card_attack":3}],"opponent_board":[{"card_name":"Spider Tank","card_health":4,"card_attack":3},{"card_name":"Goblin Blastmage","card_health":4,"card_attack":5},{"card_name":"Mistress of Pain","card_health":4,"card_attack":1}]},{"turn":14,"cards_played":["Dr. Boom"],"current_player":"me","my_health":26,"opponent_health":18,"my_armor":0,"opponent_armor":0,"my_hand":3,"opponent_hand":3,"my_board":[{"card_name":"Dr. Boom","card_health":7,"card_attack":7},{"card_name":"Ironfur Grizzly","card_health":3,"card_attack":3},{"card_name":"Boom Bot","card_health":1,"card_attack":1},{"card_name":"Boom Bot","card_health":1,"card_attack":1}],"opponent_board":[{"card_name":"Spider Tank","card_health":4,"card_attack":3},{"card_name":"Mistress of Pain","card_health":4,"card_attack":1}]},{"turn":15,"cards_played":["Fireball","Fireblast","Fireblast","Frostbolt"],"current_player":"opponent","my_health":26,"opponent_health":19,"my_armor":0,"opponent_armor":0,"my_hand":3,"opponent_hand":2,"my_board":[{"card_name":"Boom Bot","card_health":1,"card_attack":1}],"opponent_board":[{"card_name":"Mistress of Pain","card_health":3,"card_attack":1}]},{"turn":16,"cards_played":["Stranglethorn Tiger","Steady Shot"],"current_player":"me","my_health":25,"opponent_health":17,"my_armor":0,"opponent_armor":0,"my_hand":3,"opponent_hand":2,"my_board":[{"card_name":"Stranglethorn Tiger","card_health":5,"card_attack":5},{"card_name":"Boom Bot","card_health":1,"card_attack":1}],"opponent_board":[]},{"turn":17,"cards_played":["Cogmaster","Fireblast","Fireblast"],"current_player":"opponent","my_health":25,"opponent_health":17,"my_armor":0,"opponent_armor":0,"my_hand":3,"opponent_hand":2,"my_board":[{"card_name":"Stranglethorn Tiger","card_health":5,"card_attack":5}],"opponent_board":[{"card_name":"Cogmaster","card_health":2,"card_attack":1}]},{"turn":18,"cards_played":["Savannah Highmane","Steady Shot"],"current_player":"me","my_health":25,"opponent_health":8,"my_armor":0,"opponent_armor":0,"my_hand":3,"opponent_hand":2,"my_board":[{"card_name":"Stranglethorn Tiger","card_health":5,"card_attack":5},{"card_name":"Savannah Highmane","card_health":5,"card_attack":6}],"opponent_board":[{"card_name":"Cogmaster","card_health":2,"card_attack":1}]},{"turn":19,"cards_played":["Snowchugger","Frostbolt","Whirling Blades","Fireblast","Fireblast"],"current_player":"opponent","my_health":25,"opponent_health":8,"my_armor":0,"opponent_armor":0,"my_hand":3,"opponent_hand":0,"my_board":[{"card_name":"Savannah Highmane","card_health":2,"card_attack":6}],"opponent_board":[{"card_name":"Snowchugger","card_health":3,"card_attack":2}]},{"turn":20,"cards_played":["Quick Shot","Mad Scientist","Steady Shot"],"current_player":"me","my_health":25,"opponent_health":6,"my_armor":0,"opponent_armor":0,"my_hand":1,"opponent_hand":0,"my_board":[{"card_name":"Savannah Highmane","card_health":2,"card_attack":6},{"card_name":"Mad Scientist","card_health":2,"card_attack":2}],"opponent_board":[]},{"turn":21,"cards_played":["Fireblast","Fireblast"],"current_player":"opponent","my_health":25,"opponent_health":5,"my_armor":0,"opponent_armor":0,"my_hand":1,"opponent_hand":1,"my_board":[{"card_name":"Savannah Highmane","card_health":2,"card_attack":6},{"card_name":"Mad Scientist","card_health":2,"card_attack":2}],"opponent_board":[]}],"result":"victory"}