{"plays":[{"turn":1,"cards_played":[],"current_player":"me","my_health":0,"opponent_health":0,"my_armor":0,"opponent_armor":0,"my_hand":0,"opponent_hand":1,"my_board":[],"opponent_board":[]},{"turn":2,"cards_played":["Zombie Chow"],"current_player":"opponent","my_health":30,"opponent_health":30,"my_armor":0,"opponent_armor":0,"my_hand":3,"opponent_hand":6,"my_board":[{"card_name":"Zombie Chow","card_health":3,"card_attack":2}],"opponent_board":[]},{"turn":3,"cards_played":["Dark Peddler"],"current_player":"me","my_health":30,"opponent_health":28,"my_armor":0,"opponent_armor":0,"my_hand":4,"opponent_hand":6,"my_board":[{"card_name":"Zombie Chow","card_health":3,"card_attack":2},{"card_name":"Dark Peddler","card_health":2,"card_attack":2}],"opponent_board":[]},{"turn":4,"cards_played":["Life Tap"],"current_player":"opponent","my_health":30,"opponent_health":26,"my_armor":0,"opponent_armor":0,"my_hand":4,"opponent_hand":8,"my_board":[{"card_name":"Zombie Chow","card_health":3,"card_attack":2},{"card_name":"Dark Peddler","card_health":2,"card_attack":2}],"opponent_board":[]},{"turn":5,"cards_played":["Life Tap","Dragon Egg"],"current_player":"me","my_health":28,"opponent_health":22,"my_armor":0,"opponent_armor":0,"my_hand":5,"opponent_hand":8,"my_board":[{"card_name":"Zombie Chow","card_health":3,"card_attack":2},{"card_name":"Dark Peddler","card_health":2,"card_attack":2},{"card_name":"Dragon Egg","card_health":2,"card_attack":0}],"opponent_board":[]},{"turn":6,"cards_played":["The Coin","Twilight Drake"],"current_player":"opponent","my_health":28,"opponent_health":22,"my_armor":0,"opponent_armor":0,"my_hand":5,"opponent_hand":7,"my_board":[{"card_name":"Zombie Chow","card_health":3,"card_attack":2},{"card_name":"Dark Peddler","card_health":2,"card_attack":2},{"card_name":"Dragon Egg","card_health":2,"card_attack":0}],"opponent_board":[{"card_name":"Twilight Drake","card_health":1,"card_attack":4}]},{"turn":7,"cards_played":["Piloted Shredder"],"current_player":"me","my_health":28,"opponent_health":18,"my_armor":0,"opponent_armor":0,"my_hand":5,"opponent_hand":7,"my_board":[{"card_name":"Zombie Chow","card_health":3,"card_attack":2},{"card_name":"Dark Peddler","card_health":2,"card_attack":2},{"card_name":"Piloted Shredder","card_health":3,"card_attack":4},{"card_name":"Dragon Egg","card_health":2,"card_attack":0}],"opponent_board":[{"card_name":"Twilight Drake","card_health":8,"card_attack":4}]},{"turn":8,"cards_played":["Mortal Coil","Shadow Bolt"],"current_player":"opponent","my_health":28,"opponent_health":18,"my_armor":0,"opponent_armor":0,"my_hand":5,"opponent_hand":6,"my_board":[{"card_name":"Dark Peddler","card_health":2,"card_attack":2},{"card_name":"Dragon Egg","card_health":2,"card_attack":0},{"card_name":"Sorcerer's Apprentice","card_health":2,"card_attack":3}],"opponent_board":[{"card_name":"Twilight Drake","card_health":6,"card_attack":4}]},{"turn":9,"cards_played":["Life Tap","Imp Gang Boss"],"current_player":"me","my_health":26,"opponent_health":18,"my_armor":0,"opponent_armor":0,"my_hand":6,"opponent_hand":6,"my_board":[{"card_name":"Imp Gang Boss","card_health":4,"card_attack":2},{"card_name":"Dark Peddler","card_health":2,"card_attack":2},{"card_name":"Dragon Egg","card_health":2,"card_attack":0},{"card_name":"Sorcerer's Apprentice","card_health":2,"card_attack":3}],"opponent_board":[{"card_name":"Twilight Drake","card_health":6,"card_attack":4}]},{"turn":10,"cards_played":["Hellfire"],"current_player":"opponent","my_health":23,"opponent_health":15,"my_armor":0,"opponent_armor":0,"my_hand":6,"opponent_hand":6,"my_board":[{"card_name":"Imp Gang Boss","card_health":1,"card_attack":2},{"card_name":"Imp","card_health":1,"card_attack":1}],"opponent_board":[{"card_name":"Twilight Drake","card_health":3,"card_attack":4}]},{"turn":11,"cards_played":["Life Tap","Twilight Drake"],"current_player":"me","my_health":21,"opponent_health":15,"my_armor":0,"opponent_armor":0,"my_hand":7,"opponent_hand":6,"my_board":[{"card_name":"Twilight Drake","card_health":1,"card_attack":4},{"card_name":"Imp","card_health":1,"card_attack":1}],"opponent_board":[]},{"turn":12,"cards_played":["Life Tap","Twilight Drake"],"current_player":"opponent","my_health":21,"opponent_health":13,"my_armor":0,"opponent_armor":0,"my_hand":7,"opponent_hand":7,"my_board":[{"card_name":"Twilight Drake","card_health":8,"card_attack":4},{"card_name":"Imp","card_health":1,"card_attack":1}],"opponent_board":[{"card_name":"Twilight Drake","card_health":1,"card_attack":4}]},{"turn":13,"cards_played":["Life Tap","Sludge Belcher"],"current_player":"me","my_health":19,"opponent_health":8,"my_armor":0,"opponent_armor":0,"my_hand":8,"opponent_hand":7,"my_board":[{"card_name":"Twilight Drake","card_health":8,"card_attack":4},{"card_name":"Sludge Belcher","card_health":5,"card_attack":3},{"card_name":"Imp","card_health":1,"card_attack":1}],"opponent_board":[{"card_name":"Twilight Drake","card_health":8,"card_attack":4}]},{"turn":14,"cards_played":["Molten Giant","Molten Giant","Sunfury Protector","Ancient Watcher"],"current_player":"opponent","my_health":19,"opponent_health":8,"my_armor":0,"opponent_armor":0,"my_hand":8,"opponent_hand":4,"my_board":[{"card_name":"Twilight Drake","card_health":8,"card_attack":4},{"card_name":"Sludge Belcher","card_health":5,"card_attack":3},{"card_name":"Imp","card_health":1,"card_attack":1}],"opponent_board":[{"card_name":"Molten Giant","card_health":8,"card_attack":8},{"card_name":"Sunfury Protector","card_health":3,"card_attack":2},{"card_name":"Ancient Watcher","card_health":5,"card_attack":4},{"card_name":"Twilight Drake","card_health":8,"card_attack":4},{"card_name":"Molten Giant","card_health":8,"card_attack":8}]},{"turn":15,"cards_played":["Siphon Soul","Life Tap"],"current_player":"me","my_health":20,"opponent_health":8,"my_armor":0,"opponent_armor":0,"my_hand":9,"opponent_hand":4,"my_board":[{"card_name":"Slime","card_health":2,"card_attack":1}],"opponent_board":[{"card_name":"Sunfury Protector","card_health":3,"card_attack":2},{"card_name":"Ancient Watcher","card_health":5,"card_attack":4},{"card_name":"Twilight Drake","card_health":8,"card_attack":4}]},{"turn":16,"cards_played":["Sylvanas Windrunner"],"current_player":"opponent","my_health":16,"opponent_health":8,"my_armor":0,"opponent_armor":0,"my_hand":9,"opponent_hand":4,"my_board":[],"opponent_board":[{"card_name":"Sylvanas Windrunner","card_health":5,"card_attack":5},{"card_name":"Sunfury Protector","card_health":2,"card_attack":2},{"card_name":"Ancient Watcher","card_health":5,"card_attack":4},{"card_name":"Twilight Drake","card_health":8,"card_attack":4}]},{"turn":17,"cards_played":["Hellfire","Darkbomb","Brann Bronzebeard"],"current_player":"me","my_health":13,"opponent_health":2,"my_armor":0,"opponent_armor":0,"my_hand":7,"opponent_hand":4,"my_board":[{"card_name":"Brann Bronzebeard","card_health":4,"card_attack":2}],"opponent_board":[{"card_name":"Sylvanas Windrunner","card_health":2,"card_attack":5},{"card_name":"Ancient Watcher","card_health":2,"card_attack":4},{"card_name":"Twilight Drake","card_health":5,"card_attack":4}]},{"turn":18,"cards_played":["Defender of Argus","Power Overwhelming","Soulfire"],"current_player":"opponent","my_health":-1,"opponent_health":2,"my_armor":0,"opponent_armor":0,"my_hand":7,"opponent_hand":1,"my_board":[{"card_name":"Brann Bronzebeard","card_health":4,"card_attack":2}],"opponent_board":[{"card_name":"Sylvanas Windrunner","card_health":7,"card_attack":10},{"card_name":"Defender of Argus","card_health":3,"card_attack":2},{"card_name":"Ancient Watcher","card_health":3,"card_attack":5},{"card_name":"Twilight Drake","card_health":5,"card_attack":4}]}],"result":"defeat"}