{"plays":[{"turn":1,"cards_played":[],"current_player":"me","my_health":0,"opponent_health":0,"my_armor":0,"opponent_armor":0,"my_hand":0,"opponent_hand":1,"my_board":[],"opponent_board":[]},{"turn":2,"cards_played":[],"current_player":"me","my_health":30,"opponent_health":30,"my_armor":0,"opponent_armor":0,"my_hand":6,"opponent_hand":4,"my_board":[],"opponent_board":[]},{"turn":3,"cards_played":["Lesser Heal","Lesser Heal"],"current_player":"opponent","my_health":30,"opponent_health":30,"my_armor":0,"opponent_armor":0,"my_hand":6,"opponent_hand":5,"my_board":[],"opponent_board":[]},{"turn":4,"cards_played":["Life Tap"],"current_player":"me","my_health":28,"opponent_health":30,"my_armor":0,"opponent_armor":0,"my_hand":8,"opponent_hand":5,"my_board":[],"opponent_board":[]},{"turn":5,"cards_played":["Twilight Whelp","Lesser Heal"],"current_player":"opponent","my_health":28,"opponent_health":30,"my_armor":0,"opponent_armor":0,"my_hand":8,"opponent_hand":5,"my_board":[],"opponent_board":[{"card_name":"Twilight Whelp","card_health":3,"card_attack":2}]},{"turn":6,"cards_played":["Life Tap","The Coin","Darkbomb"],"current_player":"me","my_health":26,"opponent_health":30,"my_armor":0,"opponent_armor":0,"my_hand":8,"opponent_hand":5,"my_board":[],"opponent_board":[]},{"turn":7,"cards_played":["Blackwing Technician"],"current_player":"opponent","my_health":26,"opponent_health":30,"my_armor":0,"opponent_armor":0,"my_hand":8,"opponent_hand":5,"my_board":[],"opponent_board":[{"card_name":"Blackwing Technician","card_health":4,"card_attack":2}]},{"turn":8,"cards_played":["Twilight Drake"],"current_player":"me","my_health":26,"opponent_health":30,"my_armor":0,"opponent_armor":0,"my_hand":8,"opponent_hand":5,"my_board":[{"card_name":"Twilight Drake","card_health":1,"card_attack":4}],"opponent_board":[{"card_name":"Blackwing Technician","card_health":5,"card_attack":3}]},{"turn":9,"cards_played":["Vol'jin"],"current_player":"opponent","my_health":26,"opponent_health":30,"my_armor":0,"opponent_armor":0,"my_hand":8,"opponent_hand":5,"my_board":[],"opponent_board":[{"card_name":"Vol'jin","card_health":9,"card_attack":6},{"card_name":"Blackwing Technician","card_health":1,"card_attack":3}]},{"turn":10,"cards_played":["Mortal Coil","Mountain Giant"],"current_player":"me","my_health":26,"opponent_health":30,"my_armor":0,"opponent_armor":0,"my_hand":8,"opponent_hand":5,"my_board":[{"card_name":"Mountain Giant","card_health":8,"card_attack":8}],"opponent_board":[{"card_name":"Vol'jin","card_health":9,"card_attack":6}]},{"turn":11,"cards_played":["Velen's Chosen","Northshire Cleric","Lesser Heal","Lesser Heal"],"current_player":"opponent","my_health":26,"opponent_health":30,"my_armor":0,"opponent_armor":0,"my_hand":8,"opponent_hand":5,"my_board":[],"opponent_board":[{"card_name":"Vol'jin","card_health":7,"card_attack":8},{"card_name":"Northshire Cleric","card_health":3,"card_attack":1}]},{"turn":12,"cards_played":["Life Tap","Hellfire"],"current_player":"me","my_health":21,"opponent_health":27,"my_armor":0,"opponent_armor":0,"my_hand":9,"opponent_hand":5,"my_board":[],"opponent_board":[{"card_name":"Vol'jin","card_health":4,"card_attack":8}]},{"turn":13,"cards_played":["Blackwing Technician","Lesser Heal"],"current_player":"opponent","my_health":13,"opponent_health":27,"my_armor":0,"opponent_armor":0,"my_hand":9,"opponent_hand":5,"my_board":[],"opponent_board":[{"card_name":"Blackwing Technician","card_health":5,"card_attack":3},{"card_name":"Vol'jin","card_health":6,"card_attack":8}]},{"turn":14,"cards_played":["Darkbomb","Hellfire","Molten Giant"],"current_player":"me","my_health":10,"opponent_health":24,"my_armor":0,"opponent_armor":0,"my_hand":7,"opponent_hand":5,"my_board":[{"card_name":"Molten Giant","card_health":8,"card_attack":8}],"opponent_board":[{"card_name":"Blackwing Technician","card_health":2,"card_attack":3}]},{"turn":15,"cards_played":["Shadow Word: Death","Azure Drake"],"current_player":"opponent","my_health":7,"opponent_health":24,"my_armor":0,"opponent_armor":0,"my_hand":7,"opponent_hand":5,"my_board":[],"opponent_board":[{"card_name":"Blackwing Technician","card_health":2,"card_attack":3},{"card_name":"Azure Drake","card_health":4,"card_attack":4}]},{"turn":16,"cards_played":["Brann Bronzebeard","Antique Healbot"],"current_player":"me","my_health":7,"opponent_health":24,"my_armor":0,"opponent_armor":0,"my_hand":6,"opponent_hand":5,"my_board":[{"card_name":"Antique Healbot","card_health":3,"card_attack":3},{"card_name":"Brann Bronzebeard","card_health":4,"card_attack":2}],"opponent_board":[{"card_name":"Blackwing Technician","card_health":2,"card_attack":3},{"card_name":"Azure Drake","card_health":4,"card_attack":4}]},{"turn":17,"cards_played":["Cabal Shadow Priest","Northshire Cleric","Lesser Heal","Lesser Heal"],"current_player":"opponent","my_health":19,"opponent_health":24,"my_armor":0,"opponent_armor":0,"my_hand":6,"opponent_hand":5,"my_board":[],"opponent_board":[{"card_name":"Blackwing Technician","card_health":1,"card_attack":3},{"card_name":"Northshire Cleric","card_health":3,"card_attack":1},{"card_name":"Azure Drake","card_health":4,"card_attack":4},{"card_name":"Cabal Shadow Priest","card_health":5,"card_attack":4},{"card_name":"Brann Bronzebeard","card_health":4,"card_attack":2}]},{"turn":18,"cards_played":["Life Tap","Mountain Giant","Sunfury Protector"],"current_player":"me","my_health":17,"opponent_health":24,"my_armor":0,"opponent_armor":0,"my_hand":6,"opponent_hand":5,"my_board":[{"card_name":"Sunfury Protector","card_health":3,"card_attack":2},{"card_name":"Mountain Giant","card_health":8,"card_attack":8}],"opponent_board":[{"card_name":"Blackwing Technician","card_health":1,"card_attack":3},{"card_name":"Northshire Cleric","card_health":3,"card_attack":1},{"card_name":"Azure Drake","card_health":4,"card_attack":4},{"card_name":"Cabal Shadow Priest","card_health":5,"card_attack":4},{"card_name":"Brann Bronzebeard","card_health":4,"card_attack":2}]},{"turn":19,"cards_played":["Azure Drake","Twilight Guardian","Power Word: Shield"],"current_player":"opponent","my_health":15,"opponent_health":24,"my_armor":0,"opponent_armor":0,"my_hand":6,"opponent_hand":6,"my_board":[],"opponent_board":[{"card_name":"Azure Drake","card_health":4,"card_attack":4},{"card_name":"Twilight Guardian","card_health":6,"card_attack":4},{"card_name":"Cabal Shadow Priest","card_health":5,"card_attack":4},{"card_name":"Brann Bronzebeard","card_health":4,"card_attack":2}]},{"turn":20,"cards_played":["Life Tap","Antique Healbot","Ancient Watcher"],"current_player":"me","my_health":21,"opponent_health":24,"my_armor":0,"opponent_armor":0,"my_hand":6,"opponent_hand":6,"my_board":[{"card_name":"Antique Healbot","card_health":3,"card_attack":3},{"card_name":"Ancient Watcher","card_health":5,"card_attack":4}],"opponent_board":[{"card_name":"Azure Drake","card_health":4,"card_attack":4},{"card_name":"Twilight Guardian","card_health":6,"card_attack":4},{"card_name":"Cabal Shadow Priest","card_health":5,"card_attack":4},{"card_name":"Brann Bronzebeard","card_health":4,"card_attack":2}]},{"turn":21,"cards_played":["Twilight Guardian","Blackwing Corruptor"],"current_player":"opponent","my_health":11,"opponent_health":24,"my_armor":0,"opponent_armor":0,"my_hand":6,"opponent_hand":5,"my_board":[],"opponent_board":[{"card_name":"Blackwing Corruptor","card_health":4,"card_attack":5},{"card_name":"Twilight Guardian","card_health":6,"card_attack":4},{"card_name":"Azure Drake","card_health":4,"card_attack":4},{"card_name":"Twilight Guardian","card_health":6,"card_attack":4},{"card_name":"Cabal Shadow Priest","card_health":2,"card_attack":4},{"card_name":"Brann Bronzebeard","card_health":4,"card_attack":2}]},{"turn":22,"cards_played":["Life Tap","Sludge Belcher","Earthen Ring Farseer"],"current_player":"me","my_health":12,"opponent_health":24,"my_armor":0,"opponent_armor":0,"my_hand":6,"opponent_hand":5,"my_board":[{"card_name":"Earthen Ring Farseer","card_health":3,"card_attack":3},{"card_name":"Sludge Belcher","card_health":5,"card_attack":3}],"opponent_board":[{"card_name":"Blackwing Corruptor","card_health":4,"card_attack":5},{"card_name":"Twilight Guardian","card_health":6,"card_attack":4},{"card_name":"Azure Drake","card_health":4,"card_attack":4},{"card_name":"Twilight Guardian","card_health":6,"card_attack":4},{"card_name":"Cabal Shadow Priest","card_health":2,"card_attack":4},{"card_name":"Brann Bronzebeard","card_health":4,"card_attack":2}]}],"result":"defeat"}