{"plays":[{"turn":1,"cards_played":[],"current_player":"me","my_health":0,"opponent_health":0,"my_armor":0,"opponent_armor":0,"my_hand":0,"opponent_hand":1,"my_board":[],"opponent_board":[]},{"turn":2,"cards_played":["Zombie Chow"],"current_player":"opponent","my_health":30,"opponent_health":30,"my_armor":0,"opponent_armor":0,"my_hand":3,"opponent_hand":6,"my_board":[{"card_name":"Zombie Chow","card_health":3,"card_attack":2}],"opponent_board":[]},{"turn":3,"cards_played":["Life Tap"],"current_player":"me","my_health":28,"opponent_health":28,"my_armor":0,"opponent_armor":0,"my_hand":5,"opponent_hand":6,"my_board":[{"card_name":"Zombie Chow","card_health":3,"card_attack":2}],"opponent_board":[]},{"turn":4,"cards_played":["The Coin","Acolyte of Pain"],"current_player":"opponent","my_health":28,"opponent_health":28,"my_armor":0,"opponent_armor":0,"my_hand":5,"opponent_hand":5,"my_board":[{"card_name":"Zombie Chow","card_health":3,"card_attack":2}],"opponent_board":[{"card_name":"Acolyte of Pain","card_health":3,"card_attack":1}]},{"turn":5,"cards_played":["Life Tap"],"current_player":"me","my_health":26,"opponent_health":26,"my_armor":0,"opponent_armor":0,"my_hand":7,"opponent_hand":5,"my_board":[{"card_name":"Zombie Chow","card_health":3,"card_attack":2}],"opponent_board":[{"card_name":"Acolyte of Pain","card_health":3,"card_attack":1}]},{"turn":6,"cards_played":["Mad Scientist"],"current_player":"opponent","my_health":26,"opponent_health":26,"my_armor":0,"opponent_armor":0,"my_hand":7,"opponent_hand":6,"my_board":[{"card_name":"Zombie Chow","card_health":2,"card_attack":2}],"opponent_board":[{"card_name":"Acolyte of Pain","card_health":1,"card_attack":1},{"card_name":"Mad Scientist","card_health":2,"card_attack":2}]},{"turn":7,"cards_played":["Imp-losion"],"current_player":"me","my_health":26,"opponent_health":26,"my_armor":0,"opponent_armor":0,"my_hand":7,"opponent_hand":7,"my_board":[{"card_name":"Zombie Chow","card_health":1,"card_attack":2},{"card_name":"Imp","card_health":1,"card_attack":1},{"card_name":"Imp","card_health":1,"card_attack":1}],"opponent_board":[]},{"turn":8,"cards_played":[],"current_player":"opponent","my_health":26,"opponent_health":26,"my_armor":0,"opponent_armor":0,"my_hand":7,"opponent_hand":7,"my_board":[{"card_name":"Zombie Chow","card_health":1,"card_attack":2},{"card_name":"Imp","card_health":1,"card_attack":1},{"card_name":"Imp","card_health":1,"card_attack":1}],"opponent_board":[]},{"turn":9,"cards_played":["Feugen"],"current_player":"me","my_health":26,"opponent_health":26,"my_armor":0,"opponent_armor":4,"my_hand":7,"opponent_hand":7,"my_board":[{"card_name":"Feugen","card_health":7,"card_attack":4},{"card_name":"Zombie Chow","card_health":1,"card_attack":2},{"card_name":"Imp","card_health":1,"card_attack":1},{"card_name":"Imp","card_health":1,"card_attack":1}],"opponent_board":[]},{"turn":10,"cards_played":["Gnomish Inventor"],"current_player":"opponent","my_health":26,"opponent_health":26,"my_armor":0,"opponent_armor":4,"my_hand":7,"opponent_hand":8,"my_board":[{"card_name":"Feugen","card_health":7,"card_attack":4},{"card_name":"Zombie Chow","card_health":1,"card_attack":2},{"card_name":"Imp","card_health":1,"card_attack":1},{"card_name":"Imp","card_health":1,"card_attack":1}],"opponent_board":[{"card_name":"Gnomish Inventor","card_health":4,"card_attack":2}]},{"turn":11,"cards_played":["Life Tap","Acidic Swamp Ooze"],"current_player":"me","my_health":24,"opponent_health":26,"my_armor":0,"opponent_armor":0,"my_hand":8,"opponent_hand":8,"my_board":[{"card_name":"Acidic Swamp Ooze","card_health":2,"card_attack":3},{"card_name":"Feugen","card_health":5,"card_attack":4},{"card_name":"Zombie Chow","card_health":1,"card_attack":2},{"card_name":"Imp","card_health":1,"card_attack":1},{"card_name":"Imp","card_health":1,"card_attack":1}],"opponent_board":[]},{"turn":12,"cards_played":["Arcane Intellect"],"current_player":"opponent","my_health":24,"opponent_health":26,"my_armor":0,"opponent_armor":0,"my_hand":8,"opponent_hand":9,"my_board":[{"card_name":"Acidic Swamp Ooze","card_health":2,"card_attack":3},{"card_name":"Feugen","card_health":5,"card_attack":4},{"card_name":"Zombie Chow","card_health":1,"card_attack":2},{"card_name":"Imp","card_health":1,"card_attack":1},{"card_name":"Imp","card_health":1,"card_attack":1}],"opponent_board":[]},{"turn":13,"cards_played":["Life Tap","Dark Peddler","Gadgetzan Jouster"],"current_player":"me","my_health":22,"opponent_health":23,"my_armor":0,"opponent_armor":0,"my_hand":9,"opponent_hand":9,"my_board":[{"card_name":"Dark Peddler","card_health":2,"card_attack":2},{"card_name":"Acidic Swamp Ooze","card_health":2,"card_attack":3},{"card_name":"Feugen","card_health":5,"card_attack":4},{"card_name":"Zombie Chow","card_health":1,"card_attack":2},{"card_name":"Imp","card_health":1,"card_attack":1},{"card_name":"Imp","card_health":1,"card_attack":1},{"card_name":"Gadgetzan Jouster","card_health":2,"card_attack":1}],"opponent_board":[]},{"turn":14,"cards_played":["Flamestrike"],"current_player":"opponent","my_health":22,"opponent_health":23,"my_armor":0,"opponent_armor":0,"my_hand":9,"opponent_hand":9,"my_board":[{"card_name":"Feugen","card_health":1,"card_attack":4}],"opponent_board":[]},{"turn":15,"cards_played":["Emperor Thaurissan"],"current_player":"me","my_health":22,"opponent_health":24,"my_armor":0,"opponent_armor":0,"my_hand":9,"opponent_hand":9,"my_board":[{"card_name":"Emperor Thaurissan","card_health":5,"card_attack":5},{"card_name":"Feugen","card_health":1,"card_attack":4}],"opponent_board":[]},{"turn":16,"cards_played":["Fireblast","Fireblast","Mad Scientist","Doomsayer"],"current_player":"opponent","my_health":22,"opponent_health":24,"my_armor":0,"opponent_armor":0,"my_hand":9,"opponent_hand":8,"my_board":[{"card_name":"Emperor Thaurissan","card_health":5,"card_attack":5}],"opponent_board":[{"card_name":"Mad Scientist","card_health":2,"card_attack":2},{"card_name":"Doomsayer","card_health":7,"card_attack":0}]},{"turn":17,"cards_played":["Darkbomb","Stalagg"],"current_player":"me","my_health":22,"opponent_health":24,"my_armor":0,"opponent_armor":0,"my_hand":8,"opponent_hand":8,"my_board":[{"card_name":"Emperor Thaurissan","card_health":5,"card_attack":5},{"card_name":"Stalagg","card_health":4,"card_attack":7}],"opponent_board":[{"card_name":"Mad Scientist","card_health":2,"card_attack":2}]},{"turn":18,"cards_played":["Fireball","Novice Engineer","Fireblast","Fireblast"],"current_player":"opponent","my_health":19,"opponent_health":24,"my_armor":0,"opponent_armor":0,"my_hand":8,"opponent_hand":8,"my_board":[{"card_name":"Stalagg","card_health":4,"card_attack":7}],"opponent_board":[{"card_name":"Mad Scientist","card_health":2,"card_attack":2},{"card_name":"Novice Engineer","card_health":1,"card_attack":1}]},{"turn":19,"cards_played":["Mortal Coil"],"current_player":"me","my_health":19,"opponent_health":24,"my_armor":0,"opponent_armor":0,"my_hand":9,"opponent_hand":8,"my_board":[{"card_name":"Stalagg","card_health":2,"card_attack":7}],"opponent_board":[]},{"turn":20,"cards_played":["Archmage Antonidas","Frostbolt","Ice Lance"],"current_player":"opponent","my_health":16,"opponent_health":24,"my_armor":0,"opponent_armor":0,"my_hand":9,"opponent_hand":8,"my_board":[{"card_name":"Stalagg","card_health":2,"card_attack":7}],"opponent_board":[{"card_name":"Archmage Antonidas","card_health":7,"card_attack":5}]},{"turn":21,"cards_played":["Life Tap","Brann Bronzebeard","Antique Healbot","Imp Gang Boss"],"current_player":"me","my_health":26,"opponent_health":24,"my_armor":0,"opponent_armor":0,"my_hand":7,"opponent_hand":8,"my_board":[{"card_name":"Antique Healbot","card_health":3,"card_attack":3},{"card_name":"Brann Bronzebeard","card_health":4,"card_attack":2},{"card_name":"Imp Gang Boss","card_health":4,"card_attack":2},{"card_name":"Thaddius","card_health":11,"card_attack":11}],"opponent_board":[]},{"turn":22,"cards_played":["Frost Nova","Doomsayer","Fireblast"],"current_player":"opponent","my_health":25,"opponent_health":24,"my_armor":0,"opponent_armor":0,"my_hand":7,"opponent_hand":7,"my_board":[{"card_name":"Antique Healbot","card_health":3,"card_attack":3},{"card_name":"Brann Bronzebeard","card_health":4,"card_attack":2},{"card_name":"Imp Gang Boss","card_health":4,"card_attack":2},{"card_name":"Thaddius","card_health":11,"card_attack":11}],"opponent_board":[{"card_name":"Doomsayer","card_health":7,"card_attack":0}]},{"turn":23,"cards_played":["Ironbeak Owl"],"current_player":"me","my_health":25,"opponent_health":24,"my_armor":0,"opponent_armor":0,"my_hand":7,"opponent_hand":7,"my_board":[{"card_name":"Antique Healbot","card_health":3,"card_attack":3},{"card_name":"Brann Bronzebeard","card_health":4,"card_attack":2},{"card_name":"Ironbeak Owl","card_health":1,"card_attack":2},{"card_name":"Imp Gang Boss","card_health":4,"card_attack":2},{"card_name":"Thaddius","card_health":11,"card_attack":11}],"opponent_board":[]},{"turn":24,"cards_played":["Blizzard","Fireblast"],"current_player":"opponent","my_health":24,"opponent_health":24,"my_armor":0,"opponent_armor":0,"my_hand":7,"opponent_hand":7,"my_board":[{"card_name":"Antique Healbot","card_health":1,"card_attack":3},{"card_name":"Brann Bronzebeard","card_health":2,"card_attack":2},{"card_name":"Imp Gang Boss","card_health":2,"card_attack":2},{"card_name":"Thaddius","card_health":9,"card_attack":11},{"card_name":"Imp","card_health":1,"card_attack":1}],"opponent_board":[]},{"turn":25,"cards_played":["Elise Starseeker"],"current_player":"me","my_health":24,"opponent_health":24,"my_armor":0,"opponent_armor":0,"my_hand":7,"opponent_hand":7,"my_board":[{"card_name":"Antique Healbot","card_health":1,"card_attack":3},{"card_name":"Brann Bronzebeard","card_health":2,"card_attack":2},{"card_name":"Imp Gang Boss","card_health":2,"card_attack":2},{"card_name":"Elise Starseeker","card_health":5,"card_attack":3},{"card_name":"Thaddius","card_health":9,"card_attack":11},{"card_name":"Imp","card_health":1,"card_attack":1}],"opponent_board":[]},{"turn":26,"cards_played":["Bloodmage Thalnos","Cone of Cold","Fireblast","Fireblast"],"current_player":"opponent","my_health":24,"opponent_health":24,"my_armor":0,"opponent_armor":0,"my_hand":7,"opponent_hand":6,"my_board":[{"card_name":"Elise Starseeker","card_health":5,"card_attack":3},{"card_name":"Thaddius","card_health":7,"card_attack":11},{"card_name":"Imp","card_health":1,"card_attack":1},{"card_name":"Imp","card_health":1,"card_attack":1}],"opponent_board":[{"card_name":"Bloodmage Thalnos","card_health":1,"card_attack":1}]},{"turn":27,"cards_played":["Life Tap","Defender of Argus"],"current_player":"me","my_health":22,"opponent_health":19,"my_armor":0,"opponent_armor":0,"my_hand":8,"opponent_hand":7,"my_board":[{"card_name":"Elise Starseeker","card_health":6,"card_attack":4},{"card_name":"Defender of Argus","card_health":3,"card_attack":2},{"card_name":"Thaddius","card_health":8,"card_attack":12},{"card_name":"Imp","card_health":1,"card_attack":1}],"opponent_board":[]},{"turn":28,"cards_played":["Arcane Intellect","Emperor Thaurissan"],"current_player":"opponent","my_health":22,"opponent_health":19,"my_armor":0,"opponent_armor":0,"my_hand":8,"opponent_hand":8,"my_board":[{"card_name":"Elise Starseeker","card_health":6,"card_attack":4},{"card_name":"Defender of Argus","card_health":3,"card_attack":2},{"card_name":"Thaddius","card_health":8,"card_attack":12},{"card_name":"Imp","card_health":1,"card_attack":1}],"opponent_board":[{"card_name":"Emperor Thaurissan","card_health":5,"card_attack":5}]},{"turn":29,"cards_played":["Map to the Golden Monkey","Siphon Soul"],"current_player":"me","my_health":25,"opponent_health":1,"my_armor":0,"opponent_armor":0,"my_hand":8,"opponent_hand":8,"my_board":[{"card_name":"Elise Starseeker","card_health":6,"card_attack":4},{"card_name":"Defender of Argus","card_health":3,"card_attack":2},{"card_name":"Thaddius","card_health":8,"card_attack":12},{"card_name":"Imp","card_health":1,"card_attack":1}],"opponent_board":[]},{"turn":30,"cards_played":["Fireball","Reno Jackson"],"current_player":"opponent","my_health":19,"opponent_health":30,"my_armor":0,"opponent_armor":0,"my_hand":8,"opponent_hand":6,"my_board":[{"card_name":"Elise Starseeker","card_health":6,"card_attack":4},{"card_name":"Defender of Argus","card_health":3,"card_attack":2},{"card_name":"Thaddius","card_health":8,"card_attack":12},{"card_name":"Imp","card_health":1,"card_attack":1}],"opponent_board":[{"card_name":"Reno Jackson","card_health":6,"card_attack":4}]},{"turn":31,"cards_played":["Refreshment Vendor","Loatheb"],"current_player":"me","my_health":23,"opponent_health":11,"my_armor":0,"opponent_armor":0,"my_hand":7,"opponent_hand":6,"my_board":[{"card_name":"Refreshment Vendor","card_health":5,"card_attack":3},{"card_name":"Loatheb","card_health":5,"card_attack":5},{"card_name":"Elise Starseeker","card_health":6,"card_attack":4},{"card_name":"Defender of Argus","card_health":3,"card_attack":2},{"card_name":"Thaddius","card_health":8,"card_attack":12},{"card_name":"Imp","card_health":1,"card_attack":1}],"opponent_board":[{"card_name":"Reno Jackson","card_health":6,"card_attack":4}]},{"turn":32,"cards_played":["Sludge Belcher","Fireblast","Fireblast"],"current_player":"opponent","my_health":22,"opponent_health":11,"my_armor":0,"opponent_armor":0,"my_hand":7,"opponent_hand":6,"my_board":[{"card_name":"Refreshment Vendor","card_health":5,"card_attack":3},{"card_name":"Loatheb","card_health":5,"card_attack":5},{"card_name":"Elise Starseeker","card_health":6,"card_attack":4},{"card_name":"Defender of Argus","card_health":3,"card_attack":2},{"card_name":"Thaddius","card_health":8,"card_attack":12},{"card_name":"Imp","card_health":1,"card_attack":1}],"opponent_board":[{"card_name":"Sludge Belcher","card_health":5,"card_attack":3},{"card_name":"Reno Jackson","card_health":6,"card_attack":4}]}],"result":"victory"}