{"plays":[{"turn":1,"cards_played":[],"current_player":"opponent","my_health":0,"opponent_health":0,"my_armor":0,"opponent_armor":0,"my_hand":1,"opponent_hand":0,"my_board":[],"opponent_board":[]},{"turn":2,"cards_played":["Zombie Chow","The Coin","Doomsayer"],"current_player":"opponent","my_health":30,"opponent_health":30,"my_armor":0,"opponent_armor":0,"my_hand":3,"opponent_hand":4,"my_board":[{"card_name":"Zombie Chow","card_health":3,"card_attack":2}],"opponent_board":[{"card_name":"Doomsayer","card_health":7,"card_attack":0}]},{"turn":3,"cards_played":["Life Tap"],"current_player":"opponent","my_health":28,"opponent_health":28,"my_armor":0,"opponent_armor":0,"my_hand":5,"opponent_hand":4,"my_board":[{"card_name":"Zombie Chow","card_health":3,"card_attack":2}],"opponent_board":[{"card_name":"Doomsayer","card_health":7,"card_attack":0}]},{"turn":4,"cards_played":["Loot Hoarder"],"current_player":"opponent","my_health":28,"opponent_health":30,"my_armor":0,"opponent_armor":0,"my_hand":5,"opponent_hand":4,"my_board":[],"opponent_board":[{"card_name":"Loot Hoarder","card_health":1,"card_attack":2}]},{"turn":5,"cards_played":["Life Tap"],"current_player":"me","my_health":26,"opponent_health":30,"my_armor":0,"opponent_armor":0,"my_hand":7,"opponent_hand":4,"my_board":[],"opponent_board":[{"card_name":"Loot Hoarder","card_health":1,"card_attack":2}]},{"turn":6,"cards_played":["Murloc Warleader"],"current_player":"opponent","my_health":24,"opponent_health":30,"my_armor":0,"opponent_armor":0,"my_hand":7,"opponent_hand":4,"my_board":[],"opponent_board":[{"card_name":"Murloc Warleader","card_health":3,"card_attack":3},{"card_name":"Loot Hoarder","card_health":1,"card_attack":2}]},{"turn":7,"cards_played":["Refreshment Vendor"],"current_player":"me","my_health":24,"opponent_health":30,"my_armor":0,"opponent_armor":0,"my_hand":7,"opponent_hand":4,"my_board":[{"card_name":"Refreshment Vendor","card_health":5,"card_attack":3}],"opponent_board":[{"card_name":"Murloc Warleader","card_health":3,"card_attack":3},{"card_name":"Loot Hoarder","card_health":1,"card_attack":2}]},{"turn":8,"cards_played":["Old Murk-Eye"],"current_player":"opponent","my_health":23,"opponent_health":30,"my_armor":0,"opponent_armor":0,"my_hand":7,"opponent_hand":4,"my_board":[],"opponent_board":[{"card_name":"Old Murk-Eye","card_health":2,"card_attack":5},{"card_name":"Murloc Warleader","card_health":3,"card_attack":3},{"card_name":"Loot Hoarder","card_health":1,"card_attack":2}]},{"turn":9,"cards_played":["Feugen"],"current_player":"me","my_health":23,"opponent_health":30,"my_armor":0,"opponent_armor":0,"my_hand":7,"opponent_hand":4,"my_board":[{"card_name":"Feugen","card_health":7,"card_attack":4}],"opponent_board":[{"card_name":"Old Murk-Eye","card_health":2,"card_attack":5},{"card_name":"Murloc Warleader","card_health":3,"card_attack":3},{"card_name":"Loot Hoarder","card_health":1,"card_attack":2}]},{"turn":10,"cards_played":["Loot Hoarder","Reinforce"],"current_player":"opponent","my_health":13,"opponent_health":30,"my_armor":0,"opponent_armor":0,"my_hand":7,"opponent_hand":4,"my_board":[{"card_name":"Feugen","card_health":7,"card_attack":4}],"opponent_board":[{"card_name":"Old Murk-Eye","card_health":2,"card_attack":5},{"card_name":"Murloc Warleader","card_health":3,"card_attack":3},{"card_name":"Loot Hoarder","card_health":1,"card_attack":2},{"card_name":"Loot Hoarder","card_health":1,"card_attack":2},{"card_name":"Silver Hand Recruit","card_health":1,"card_attack":1}]},{"turn":11,"cards_played":["Shadowflame","Acidic Swamp Ooze"],"current_player":"me","my_health":13,"opponent_health":26,"my_armor":0,"opponent_armor":0,"my_hand":6,"opponent_hand":6,"my_board":[{"card_name":"Acidic Swamp Ooze","card_health":2,"card_attack":3}],"opponent_board":[]},{"turn":12,"cards_played":["Truesilver Champion","Wild Pyromancer"],"current_player":"opponent","my_health":13,"opponent_health":25,"my_armor":0,"opponent_armor":0,"my_hand":6,"opponent_hand":5,"my_board":[],"opponent_board":[{"card_name":"Wild Pyromancer","card_health":2,"card_attack":3}]},{"turn":13,"cards_played":["Dark Peddler","Stalagg"],"current_player":"me","my_health":13,"opponent_health":25,"my_armor":0,"opponent_armor":0,"my_hand":6,"opponent_hand":5,"my_board":[{"card_name":"Dark Peddler","card_health":2,"card_attack":2},{"card_name":"Stalagg","card_health":4,"card_attack":7}],"opponent_board":[{"card_name":"Wild Pyromancer","card_health":2,"card_attack":3}]},{"turn":14,"cards_played":["Aldor Peacekeeper","Truesilver Champion"],"current_player":"opponent","my_health":6,"opponent_health":27,"my_armor":0,"opponent_armor":0,"my_hand":6,"opponent_hand":4,"my_board":[{"card_name":"Dark Peddler","card_health":2,"card_attack":2},{"card_name":"Stalagg","card_health":4,"card_attack":1}],"opponent_board":[{"card_name":"Aldor Peacekeeper","card_health":3,"card_attack":3},{"card_name":"Wild Pyromancer","card_health":2,"card_attack":3}]},{"turn":15,"cards_played":["Siphon Soul","Mortal Coil"],"current_player":"me","my_health":9,"opponent_health":26,"my_armor":0,"opponent_armor":0,"my_hand":6,"opponent_hand":4,"my_board":[{"card_name":"Stalagg","card_health":4,"card_attack":1}],"opponent_board":[]},{"turn":16,"cards_played":["Antique Healbot","Reinforce"],"current_player":"opponent","my_health":5,"opponent_health":30,"my_armor":0,"opponent_armor":0,"my_hand":6,"opponent_hand":4,"my_board":[{"card_name":"Stalagg","card_health":4,"card_attack":1}],"opponent_board":[{"card_name":"Antique Healbot","card_health":3,"card_attack":3},{"card_name":"Silver Hand Recruit","card_health":1,"card_attack":1}]},{"turn":17,"cards_played":["Lord Jaraxxus"],"current_player":"me","my_health":12,"opponent_health":30,"my_armor":0,"opponent_armor":0,"my_hand":6,"opponent_hand":4,"my_board":[{"card_name":"Stalagg","card_health":3,"card_attack":1},{"card_name":"Lord Jaraxxus","card_health":12,"card_attack":3}],"opponent_board":[]},{"turn":18,"cards_played":["Solemn Vigil","Murloc Warleader"],"current_player":"opponent","my_health":12,"opponent_health":30,"my_armor":0,"opponent_armor":0,"my_hand":6,"opponent_hand":5,"my_board":[{"card_name":"Stalagg","card_health":3,"card_attack":1},{"card_name":"Lord Jaraxxus","card_health":12,"card_attack":0}],"opponent_board":[{"card_name":"Murloc Warleader","card_health":3,"card_attack":3}]},{"turn":19,"cards_played":["Twilight Drake","Loatheb","Power Overwhelming"],"current_player":"me","my_health":9,"opponent_health":25,"my_armor":0,"opponent_armor":0,"my_hand":4,"opponent_hand":5,"my_board":[{"card_name":"Loatheb","card_health":5,"card_attack":5},{"card_name":"Twilight Drake","card_health":7,"card_attack":4},{"card_name":"Lord Jaraxxus","card_health":9,"card_attack":3},{"card_name":"Thaddius","card_health":11,"card_attack":11}],"opponent_board":[]},{"turn":20,"cards_played":["Wild Pyromancer","Equality"],"current_player":"opponent","my_health":9,"opponent_health":25,"my_armor":0,"opponent_armor":0,"my_hand":4,"opponent_hand":4,"my_board":[{"card_name":"Lord Jaraxxus","card_health":9,"card_attack":0}],"opponent_board":[]},{"turn":21,"cards_played":["Antique Healbot","INFERNO!"],"current_player":"me","my_health":15,"opponent_health":22,"my_armor":0,"opponent_armor":0,"my_hand":4,"opponent_hand":4,"my_board":[{"card_name":"Antique Healbot","card_health":3,"card_attack":3},{"card_name":"Lord Jaraxxus","card_health":15,"card_attack":3},{"card_name":"Infernal","card_health":6,"card_attack":6}],"opponent_board":[]},{"turn":22,"cards_played":["Lay on Hands","Doomsayer"],"current_player":"opponent","my_health":15,"opponent_health":30,"my_armor":0,"opponent_armor":0,"my_hand":4,"opponent_hand":6,"my_board":[{"card_name":"Antique Healbot","card_health":3,"card_attack":3},{"card_name":"Lord Jaraxxus","card_health":15,"card_attack":0},{"card_name":"Infernal","card_health":6,"card_attack":6}],"opponent_board":[{"card_name":"Doomsayer","card_health":7,"card_attack":0}]},{"turn":23,"cards_played":["Mortal Coil","Sludge Belcher","INFERNO!"],"current_player":"me","my_health":15,"opponent_health":24,"my_armor":0,"opponent_armor":0,"my_hand":4,"opponent_hand":6,"my_board":[{"card_name":"Sludge Belcher","card_health":5,"card_attack":3},{"card_name":"Antique Healbot","card_health":3,"card_attack":3},{"card_name":"Lord Jaraxxus","card_health":15,"card_attack":3},{"card_name":"Infernal","card_health":6,"card_attack":6},{"card_name":"Infernal","card_health":6,"card_attack":6}],"opponent_board":[]},{"turn":24,"cards_played":["Equality","Consecration","Solemn Vigil","Bluegill Warrior","Reinforce"],"current_player":"opponent","my_health":11,"opponent_health":25,"my_armor":0,"opponent_armor":0,"my_hand":4,"opponent_hand":5,"my_board":[{"card_name":"Lord Jaraxxus","card_health":11,"card_attack":0}],"opponent_board":[{"card_name":"Bluegill Warrior","card_health":1,"card_attack":2},{"card_name":"Silver Hand Recruit","card_health":1,"card_attack":1}]},{"turn":25,"cards_played":["Dr. Boom","INFERNO!"],"current_player":"me","my_health":11,"opponent_health":22,"my_armor":0,"opponent_armor":0,"my_hand":4,"opponent_hand":5,"my_board":[{"card_name":"Dr. Boom","card_health":7,"card_attack":7},{"card_name":"Lord Jaraxxus","card_health":11,"card_attack":3},{"card_name":"Boom Bot","card_health":1,"card_attack":1},{"card_name":"Boom Bot","card_health":1,"card_attack":1},{"card_name":"Infernal","card_health":6,"card_attack":6}],"opponent_board":[{"card_name":"Bluegill Warrior","card_health":1,"card_attack":2},{"card_name":"Silver Hand Recruit","card_health":1,"card_attack":1}]},{"turn":26,"cards_played":["Anyfin Can Happen"],"current_player":"opponent","my_health":11,"opponent_health":22,"my_armor":0,"opponent_armor":0,"my_hand":4,"opponent_hand":5,"my_board":[{"card_name":"Dr. Boom","card_health":7,"card_attack":7},{"card_name":"Lord Jaraxxus","card_health":11,"card_attack":0},{"card_name":"Boom Bot","card_health":1,"card_attack":1},{"card_name":"Boom Bot","card_health":1,"card_attack":1},{"card_name":"Infernal","card_health":6,"card_attack":6}],"opponent_board":[{"card_name":"Bluegill Warrior","card_health":3,"card_attack":6},{"card_name":"Silver Hand Recruit","card_health":1,"card_attack":1},{"card_name":"Murloc Warleader","card_health":4,"card_attack":5},{"card_name":"Old Murk-Eye","card_health":6,"card_attack":9},{"card_name":"Murloc Warleader","card_health":4,"card_attack":5}]}],"result":"defeat"}