{"plays":[{"turn":1,"cards_played":[],"current_player":"opponent","my_health":0,"opponent_health":0,"my_armor":0,"opponent_armor":0,"my_hand":4,"opponent_hand":1,"my_board":[],"opponent_board":[]},{"turn":2,"cards_played":["Sir Finley Mrrgglton"],"current_player":"me","my_health":30,"opponent_health":30,"my_armor":0,"opponent_armor":0,"my_hand":6,"opponent_hand":3,"my_board":[],"opponent_board":[{"card_name":"Sir Finley Mrrgglton","card_health":3,"card_attack":1}]},{"turn":3,"cards_played":["Annoy-o-Tron"],"current_player":"opponent","my_health":29,"opponent_health":30,"my_armor":0,"opponent_armor":0,"my_hand":6,"opponent_hand":3,"my_board":[],"opponent_board":[{"card_name":"Annoy-o-Tron","card_health":2,"card_attack":1},{"card_name":"Sir Finley Mrrgglton","card_health":3,"card_attack":1}]},{"turn":4,"cards_played":["The Coin","Brann Bronzebeard"],"current_player":"me","my_health":29,"opponent_health":30,"my_armor":0,"opponent_armor":0,"my_hand":5,"opponent_hand":3,"my_board":[{"card_name":"Brann Bronzebeard","card_health":4,"card_attack":2}],"opponent_board":[{"card_name":"Annoy-o-Tron","card_health":2,"card_attack":1},{"card_name":"Sir Finley Mrrgglton","card_health":3,"card_attack":1}]},{"turn":5,"cards_played":["Abusive Sergeant","Shielded Minibot"],"current_player":"opponent","my_health":29,"opponent_health":30,"my_armor":0,"opponent_armor":0,"my_hand":5,"opponent_hand":2,"my_board":[],"opponent_board":[{"card_name":"Shielded Minibot","card_health":2,"card_attack":2},{"card_name":"Annoy-o-Tron","card_health":2,"card_attack":1},{"card_name":"Abusive Sergeant","card_health":1,"card_attack":2},{"card_name":"Sir Finley Mrrgglton","card_health":1,"card_attack":3}]},{"turn":6,"cards_played":["Life Tap","Abusive Sergeant"],"current_player":"me","my_health":27,"opponent_health":30,"my_armor":0,"opponent_armor":0,"my_hand":6,"opponent_hand":2,"my_board":[{"card_name":"Abusive Sergeant","card_health":1,"card_attack":2}],"opponent_board":[{"card_name":"Shielded Minibot","card_health":2,"card_attack":2},{"card_name":"Annoy-o-Tron","card_health":2,"card_attack":1},{"card_name":"Abusive Sergeant","card_health":1,"card_attack":2},{"card_name":"Sir Finley Mrrgglton","card_health":1,"card_attack":1}]},{"turn":7,"cards_played":["Knife Juggler","Steady Shot"],"current_player":"opponent","my_health":20,"opponent_health":30,"my_armor":0,"opponent_armor":0,"my_hand":6,"opponent_hand":2,"my_board":[],"opponent_board":[{"card_name":"Knife Juggler","card_health":2,"card_attack":3},{"card_name":"Shielded Minibot","card_health":2,"card_attack":2},{"card_name":"Annoy-o-Tron","card_health":2,"card_attack":1},{"card_name":"Abusive Sergeant","card_health":1,"card_attack":2}]},{"turn":8,"cards_played":["Hellfire"],"current_player":"me","my_health":17,"opponent_health":27,"my_armor":0,"opponent_armor":0,"my_hand":6,"opponent_hand":2,"my_board":[],"opponent_board":[{"card_name":"Shielded Minibot","card_health":2,"card_attack":2}]},{"turn":9,"cards_played":["Blessing of Kings"],"current_player":"opponent","my_health":11,"opponent_health":27,"my_armor":0,"opponent_armor":0,"my_hand":6,"opponent_hand":2,"my_board":[],"opponent_board":[{"card_name":"Shielded Minibot","card_health":6,"card_attack":6}]},{"turn":10,"cards_played":["Twilight Drake"],"current_player":"me","my_health":11,"opponent_health":27,"my_armor":0,"opponent_armor":0,"my_hand":6,"opponent_hand":2,"my_board":[{"card_name":"Twilight Drake","card_health":1,"card_attack":4}],"opponent_board":[{"card_name":"Shielded Minibot","card_health":6,"card_attack":6}]},{"turn":11,"cards_played":["Steady Shot","Truesilver Champion"],"current_player":"opponent","my_health":-1,"opponent_health":29,"my_armor":0,"opponent_armor":0,"my_hand":6,"opponent_hand":2,"my_board":[{"card_name":"Twilight Drake","card_health":7,"card_attack":4}],"opponent_board":[{"card_name":"Shielded Minibot","card_health":6,"card_attack":6}]}],"result":"defeat"}