{"plays":[{"turn":1,"cards_played":[],"current_player":"me","my_health":0,"opponent_health":0,"my_armor":0,"opponent_armor":0,"my_hand":0,"opponent_hand":1,"my_board":[],"opponent_board":[]},{"turn":2,"cards_played":["The Coin","Knife Juggler"],"current_player":"opponent","my_health":30,"opponent_health":30,"my_armor":0,"opponent_armor":0,"my_hand":4,"opponent_hand":4,"my_board":[],"opponent_board":[{"card_name":"Knife Juggler","card_health":2,"card_attack":3}]},{"turn":3,"cards_played":["Dark Peddler"],"current_player":"me","my_health":30,"opponent_health":30,"my_armor":0,"opponent_armor":0,"my_hand":5,"opponent_hand":4,"my_board":[{"card_name":"Dark Peddler","card_health":2,"card_attack":2}],"opponent_board":[{"card_name":"Knife Juggler","card_health":2,"card_attack":3}]},{"turn":4,"cards_played":[],"current_player":"opponent","my_health":27,"opponent_health":30,"my_armor":0,"opponent_armor":0,"my_hand":5,"opponent_hand":4,"my_board":[{"card_name":"Dark Peddler","card_health":2,"card_attack":2}],"opponent_board":[{"card_name":"Knife Juggler","card_health":2,"card_attack":3}]},{"turn":5,"cards_played":["Voidwalker"],"current_player":"me","my_health":27,"opponent_health":30,"my_armor":0,"opponent_armor":0,"my_hand":5,"opponent_hand":4,"my_board":[{"card_name":"Voidwalker","card_health":3,"card_attack":1}],"opponent_board":[]},{"turn":6,"cards_played":["Eaglehorn Bow"],"current_player":"opponent","my_health":27,"opponent_health":29,"my_armor":0,"opponent_armor":0,"my_hand":5,"opponent_hand":4,"my_board":[],"opponent_board":[]},{"turn":7,"cards_played":["Twilight Drake"],"current_player":"me","my_health":27,"opponent_health":29,"my_armor":0,"opponent_armor":0,"my_hand":5,"opponent_hand":4,"my_board":[{"card_name":"Twilight Drake","card_health":1,"card_attack":4}],"opponent_board":[]},{"turn":8,"cards_played":["Wolfrider"],"current_player":"opponent","my_health":21,"opponent_health":29,"my_armor":0,"opponent_armor":0,"my_hand":5,"opponent_hand":4,"my_board":[{"card_name":"Twilight Drake","card_health":6,"card_attack":4}],"opponent_board":[{"card_name":"Wolfrider","card_health":1,"card_attack":3}]},{"turn":9,"cards_played":["Mortal Coil","Imp Gang Boss"],"current_player":"me","my_health":19,"opponent_health":25,"my_armor":0,"opponent_armor":0,"my_hand":5,"opponent_hand":4,"my_board":[{"card_name":"Twilight Drake","card_health":4,"card_attack":4},{"card_name":"Imp Gang Boss","card_health":4,"card_attack":2}],"opponent_board":[]},{"turn":10,"cards_played":["Ironbeak Owl","Arcane Golem"],"current_player":"opponent","my_health":15,"opponent_health":25,"my_armor":0,"opponent_armor":0,"my_hand":5,"opponent_hand":3,"my_board":[{"card_name":"Twilight Drake","card_health":4,"card_attack":4},{"card_name":"Imp Gang Boss","card_health":4,"card_attack":2}],"opponent_board":[{"card_name":"Arcane Golem","card_health":2,"card_attack":4},{"card_name":"Ironbeak Owl","card_health":1,"card_attack":2}]},{"turn":11,"cards_played":["Imp-losion"],"current_player":"me","my_health":15,"opponent_health":21,"my_armor":0,"opponent_armor":0,"my_hand":5,"opponent_hand":3,"my_board":[{"card_name":"Twilight Drake","card_health":4,"card_attack":4},{"card_name":"Imp Gang Boss","card_health":2,"card_attack":2},{"card_name":"Imp","card_health":1,"card_attack":1},{"card_name":"Imp","card_health":1,"card_attack":1},{"card_name":"Imp","card_health":1,"card_attack":1},{"card_name":"Imp","card_health":1,"card_attack":1}],"opponent_board":[]},{"turn":12,"cards_played":["Unleash the Hounds","Kill Command"],"current_player":"opponent","my_health":12,"opponent_health":21,"my_armor":0,"opponent_armor":0,"my_hand":5,"opponent_hand":2,"my_board":[{"card_name":"Imp","card_health":1,"card_attack":1},{"card_name":"Imp","card_health":1,"card_attack":1},{"card_name":"Imp","card_health":1,"card_attack":1}],"opponent_board":[{"card_name":"Hound","card_health":1,"card_attack":1},{"card_name":"Hound","card_health":1,"card_attack":1},{"card_name":"Hound","card_health":1,"card_attack":1}]},{"turn":13,"cards_played":["Antique Healbot","Zombie Chow"],"current_player":"me","my_health":20,"opponent_health":21,"my_armor":0,"opponent_armor":0,"my_hand":4,"opponent_hand":2,"my_board":[{"card_name":"Zombie Chow","card_health":3,"card_attack":2},{"card_name":"Antique Healbot","card_health":3,"card_attack":3}],"opponent_board":[]},{"turn":14,"cards_played":["Glaivezooka","Quick Shot","Steady Shot"],"current_player":"opponent","my_health":18,"opponent_health":23,"my_armor":0,"opponent_armor":0,"my_hand":4,"opponent_hand":1,"my_board":[{"card_name":"Antique Healbot","card_health":1,"card_attack":3}],"opponent_board":[]},{"turn":15,"cards_played":["Molten Giant"],"current_player":"me","my_health":18,"opponent_health":20,"my_armor":0,"opponent_armor":0,"my_hand":4,"opponent_hand":1,"my_board":[{"card_name":"Molten Giant","card_health":8,"card_attack":8},{"card_name":"Antique Healbot","card_health":1,"card_attack":3}],"opponent_board":[]},{"turn":16,"cards_played":["Animal Companion","Steady Shot","Eaglehorn Bow"],"current_player":"opponent","my_health":14,"opponent_health":20,"my_armor":0,"opponent_armor":0,"my_hand":4,"opponent_hand":0,"my_board":[{"card_name":"Molten Giant","card_health":8,"card_attack":8},{"card_name":"Antique Healbot","card_health":1,"card_attack":3}],"opponent_board":[{"card_name":"Misha","card_health":4,"card_attack":4}]},{"turn":17,"cards_played":["Elise Starseeker"],"current_player":"me","my_health":14,"opponent_health":17,"my_armor":0,"opponent_armor":0,"my_hand":4,"opponent_hand":0,"my_board":[{"card_name":"Elise Starseeker","card_health":5,"card_attack":3},{"card_name":"Molten Giant","card_health":4,"card_attack":8},{"card_name":"Antique Healbot","card_health":1,"card_attack":3}],"opponent_board":[]},{"turn":18,"cards_played":["Leper Gnome","Steady Shot"],"current_player":"opponent","my_health":9,"opponent_health":17,"my_armor":0,"opponent_armor":0,"my_hand":4,"opponent_hand":0,"my_board":[{"card_name":"Elise Starseeker","card_health":5,"card_attack":3},{"card_name":"Molten Giant","card_health":4,"card_attack":8},{"card_name":"Antique Healbot","card_health":1,"card_attack":3}],"opponent_board":[{"card_name":"Leper Gnome","card_health":1,"card_attack":2}]},{"turn":19,"cards_played":["Hellfire"],"current_player":"me","my_health":4,"opponent_health":0,"my_armor":0,"opponent_armor":0,"my_hand":4,"opponent_hand":0,"my_board":[{"card_name":"Elise Starseeker","card_health":2,"card_attack":3},{"card_name":"Molten Giant","card_health":1,"card_attack":8}],"opponent_board":[]}],"result":"victory"}