{"plays":[{"turn":1,"cards_played":[],"current_player":"opponent","my_health":0,"opponent_health":0,"my_armor":0,"opponent_armor":0,"my_hand":1,"opponent_hand":0,"my_board":[],"opponent_board":[]},{"turn":2,"cards_played":["Mana Wyrm"],"current_player":"opponent","my_health":30,"opponent_health":30,"my_armor":0,"opponent_armor":0,"my_hand":4,"opponent_hand":5,"my_board":[],"opponent_board":[{"card_name":"Mana Wyrm","card_health":3,"card_attack":1}]},{"turn":3,"cards_played":["Crazed Alchemist"],"current_player":"me","my_health":30,"opponent_health":30,"my_armor":0,"opponent_armor":0,"my_hand":4,"opponent_hand":5,"my_board":[{"card_name":"Crazed Alchemist","card_health":2,"card_attack":2}],"opponent_board":[{"card_name":"Mana Wyrm","card_health":3,"card_attack":1}]},{"turn":4,"cards_played":["Annoy-o-Tron"],"current_player":"opponent","my_health":27,"opponent_health":30,"my_armor":0,"opponent_armor":0,"my_hand":4,"opponent_hand":5,"my_board":[{"card_name":"Crazed Alchemist","card_health":2,"card_attack":2}],"opponent_board":[{"card_name":"Annoy-o-Tron","card_health":2,"card_attack":1},{"card_name":"Mana Wyrm","card_health":1,"card_attack":3}]},{"turn":5,"cards_played":["Imp Gang Boss"],"current_player":"me","my_health":27,"opponent_health":30,"my_armor":0,"opponent_armor":0,"my_hand":4,"opponent_hand":5,"my_board":[{"card_name":"Imp Gang Boss","card_health":4,"card_attack":2},{"card_name":"Crazed Alchemist","card_health":1,"card_attack":2}],"opponent_board":[{"card_name":"Annoy-o-Tron","card_health":2,"card_attack":1},{"card_name":"Mana Wyrm","card_health":1,"card_attack":3}]},{"turn":6,"cards_played":["The Coin","Zombie Chow"],"current_player":"opponent","my_health":27,"opponent_health":30,"my_armor":0,"opponent_armor":0,"my_hand":4,"opponent_hand":3,"my_board":[{"card_name":"Crazed Alchemist","card_health":1,"card_attack":2}],"opponent_board":[{"card_name":"Annoy-o-Tron","card_health":1,"card_attack":1},{"card_name":"Zombie Chow","card_health":3,"card_attack":2}]},{"turn":7,"cards_played":["Demolisher"],"current_player":"me","my_health":27,"opponent_health":30,"my_armor":0,"opponent_armor":0,"my_hand":4,"opponent_hand":3,"my_board":[{"card_name":"Demolisher","card_health":4,"card_attack":1}],"opponent_board":[{"card_name":"Zombie Chow","card_health":3,"card_attack":2}]},{"turn":8,"cards_played":["Acolyte of Pain"],"current_player":"opponent","my_health":25,"opponent_health":30,"my_armor":0,"opponent_armor":0,"my_hand":4,"opponent_hand":3,"my_board":[{"card_name":"Demolisher","card_health":4,"card_attack":1}],"opponent_board":[{"card_name":"Acolyte of Pain","card_health":3,"card_attack":1},{"card_name":"Zombie Chow","card_health":3,"card_attack":2}]},{"turn":9,"cards_played":["Clockwork Knight"],"current_player":"me","my_health":25,"opponent_health":28,"my_armor":0,"opponent_armor":0,"my_hand":4,"opponent_hand":3,"my_board":[{"card_name":"Clockwork Knight","card_health":5,"card_attack":5},{"card_name":"Demolisher","card_health":4,"card_attack":1}],"opponent_board":[{"card_name":"Acolyte of Pain","card_health":3,"card_attack":1},{"card_name":"Zombie Chow","card_health":3,"card_attack":2}]},{"turn":10,"cards_played":["Shattered Sun Cleric","Fireblast","Fireblast"],"current_player":"opponent","my_health":25,"opponent_health":28,"my_armor":0,"opponent_armor":0,"my_hand":4,"opponent_hand":4,"my_board":[{"card_name":"Clockwork Knight","card_health":5,"card_attack":5}],"opponent_board":[{"card_name":"Shattered Sun Cleric","card_health":2,"card_attack":3},{"card_name":"Acolyte of Pain","card_health":2,"card_attack":2},{"card_name":"Zombie Chow","card_health":1,"card_attack":2}]},{"turn":11,"cards_played":["Boulderfist Ogre"],"current_player":"me","my_health":25,"opponent_health":28,"my_armor":0,"opponent_armor":0,"my_hand":4,"opponent_hand":5,"my_board":[{"card_name":"Boulderfist Ogre","card_health":7,"card_attack":6},{"card_name":"Clockwork Knight","card_health":3,"card_attack":5}],"opponent_board":[{"card_name":"Shattered Sun Cleric","card_health":2,"card_attack":3},{"card_name":"Zombie Chow","card_health":1,"card_attack":2}]},{"turn":12,"cards_played":["Cult Master","Fireblast","Fireblast"],"current_player":"opponent","my_health":30,"opponent_health":28,"my_armor":0,"opponent_armor":0,"my_hand":4,"opponent_hand":7,"my_board":[{"card_name":"Boulderfist Ogre","card_health":4,"card_attack":6}],"opponent_board":[{"card_name":"Cult Master","card_health":2,"card_attack":4}]},{"turn":13,"cards_played":["Chillwind Yeti","Razorfen Hunter"],"current_player":"me","my_health":30,"opponent_health":28,"my_armor":0,"opponent_armor":0,"my_hand":3,"opponent_hand":7,"my_board":[{"card_name":"Chillwind Yeti","card_health":5,"card_attack":4},{"card_name":"Razorfen Hunter","card_health":3,"card_attack":2},{"card_name":"Boar","card_health":1,"card_attack":1}],"opponent_board":[]},{"turn":14,"cards_played":["Boulderfist Ogre"],"current_player":"opponent","my_health":30,"opponent_health":28,"my_armor":0,"opponent_armor":0,"my_hand":3,"opponent_hand":7,"my_board":[{"card_name":"Chillwind Yeti","card_health":5,"card_attack":4},{"card_name":"Razorfen Hunter","card_health":3,"card_attack":2},{"card_name":"Boar","card_health":1,"card_attack":1}],"opponent_board":[{"card_name":"Boulderfist Ogre","card_health":7,"card_attack":6}]},{"turn":15,"cards_played":["Fearsome Doomguard"],"current_player":"me","my_health":30,"opponent_health":21,"my_armor":0,"opponent_armor":0,"my_hand":3,"opponent_hand":7,"my_board":[{"card_name":"Chillwind Yeti","card_health":5,"card_attack":4},{"card_name":"Fearsome Doomguard","card_health":8,"card_attack":6},{"card_name":"Razorfen Hunter","card_health":3,"card_attack":2},{"card_name":"Boar","card_health":1,"card_attack":1}],"opponent_board":[{"card_name":"Boulderfist Ogre","card_health":7,"card_attack":6}]},{"turn":16,"cards_played":["Mana Wyrm","Flamestrike"],"current_player":"opponent","my_health":30,"opponent_health":21,"my_armor":0,"opponent_armor":0,"my_hand":3,"opponent_hand":6,"my_board":[{"card_name":"Chillwind Yeti","card_health":1,"card_attack":4}],"opponent_board":[{"card_name":"Boulderfist Ogre","card_health":1,"card_attack":6},{"card_name":"Mana Wyrm","card_health":3,"card_attack":2}]},{"turn":17,"cards_played":["Earthen Ring Farseer","Wobbling Runts"],"current_player":"me","my_health":30,"opponent_health":21,"my_armor":0,"opponent_armor":0,"my_hand":2,"opponent_hand":6,"my_board":[{"card_name":"Chillwind Yeti","card_health":2,"card_attack":4},{"card_name":"Earthen Ring Farseer","card_health":3,"card_attack":3},{"card_name":"Wobbling Runts","card_health":6,"card_attack":2}],"opponent_board":[{"card_name":"Boulderfist Ogre","card_health":1,"card_attack":6}]},{"turn":18,"cards_played":["Garrison Commander","Fireblast","Fireblast","Fireblast"],"current_player":"opponent","my_health":24,"opponent_health":21,"my_armor":0,"opponent_armor":0,"my_hand":2,"opponent_hand":5,"my_board":[{"card_name":"Earthen Ring Farseer","card_health":3,"card_attack":3},{"card_name":"Wobbling Runts","card_health":6,"card_attack":2}],"opponent_board":[{"card_name":"Boulderfist Ogre","card_health":1,"card_attack":6},{"card_name":"Garrison Commander","card_health":3,"card_attack":2}]},{"turn":19,"cards_played":["Shadow Bolt","Azure Drake","Mortal Coil"],"current_player":"me","my_health":24,"opponent_health":21,"my_armor":0,"opponent_armor":0,"my_hand":2,"opponent_hand":5,"my_board":[{"card_name":"Azure Drake","card_health":4,"card_attack":4},{"card_name":"Earthen Ring Farseer","card_health":1,"card_attack":3},{"card_name":"Wobbling Runts","card_health":2,"card_attack":2}],"opponent_board":[]},{"turn":20,"cards_played":["Fireblast","Fireblast","Drakonid Crusher","Sunfury Protector"],"current_player":"opponent","my_health":24,"opponent_health":21,"my_armor":0,"opponent_armor":0,"my_hand":2,"opponent_hand":4,"my_board":[{"card_name":"Azure Drake","card_health":4,"card_attack":4},{"card_name":"Wobbling Runts","card_health":2,"card_attack":2}],"opponent_board":[{"card_name":"Sunfury Protector","card_health":3,"card_attack":2},{"card_name":"Drakonid Crusher","card_health":6,"card_attack":6}]},{"turn":21,"cards_played":["Life Tap","Knife Juggler","Imp Master","Micro Machine"],"current_player":"opponent","my_health":22,"opponent_health":19,"my_armor":0,"opponent_armor":0,"my_hand":1,"opponent_hand":4,"my_board":[{"card_name":"Imp Master","card_health":4,"card_attack":1},{"card_name":"Knife Juggler","card_health":2,"card_attack":3},{"card_name":"Micro Machine","card_health":2,"card_attack":1},{"card_name":"Grumbly Runt","card_health":2,"card_attack":2},{"card_name":"Wily Runt","card_health":2,"card_attack":2},{"card_name":"Rascally Runt","card_health":2,"card_attack":2},{"card_name":"Imp","card_health":1,"card_attack":1}],"opponent_board":[]},{"turn":22,"cards_played":["Mana Wyrm","Frostbolt","Worgen Infiltrator","Dalaran Aspirant","Fireblast","Fireblast"],"current_player":"opponent","my_health":22,"opponent_health":18,"my_armor":0,"opponent_armor":0,"my_hand":1,"opponent_hand":1,"my_board":[{"card_name":"Imp Master","card_health":4,"card_attack":1},{"card_name":"Micro Machine","card_health":2,"card_attack":2},{"card_name":"Grumbly Runt","card_health":2,"card_attack":2},{"card_name":"Wily Runt","card_health":2,"card_attack":2},{"card_name":"Rascally Runt","card_health":2,"card_attack":2}],"opponent_board":[{"card_name":"Dalaran Aspirant","card_health":5,"card_attack":3},{"card_name":"Worgen Infiltrator","card_health":1,"card_attack":2},{"card_name":"Mana Wyrm","card_health":3,"card_attack":2}]},{"turn":23,"cards_played":["Dread Infernal","Life Tap"],"current_player":"me","my_health":19,"opponent_health":13,"my_armor":0,"opponent_armor":0,"my_hand":2,"opponent_hand":1,"my_board":[{"card_name":"Imp Master","card_health":2,"card_attack":1},{"card_name":"Dread Infernal","card_health":6,"card_attack":6},{"card_name":"Micro Machine","card_health":1,"card_attack":3},{"card_name":"Imp","card_health":1,"card_attack":1}],"opponent_board":[]},{"turn":24,"cards_played":["Fireblast","Fireblast","Antique Healbot"],"current_player":"opponent","my_health":19,"opponent_health":13,"my_armor":0,"opponent_armor":0,"my_hand":2,"opponent_hand":1,"my_board":[{"card_name":"Imp Master","card_health":2,"card_attack":1},{"card_name":"Dread Infernal","card_health":6,"card_attack":6},{"card_name":"Imp","card_health":1,"card_attack":1}],"opponent_board":[{"card_name":"Antique Healbot","card_health":3,"card_attack":3}]},{"turn":25,"cards_played":["Life Tap","Captured Jormungar","Argent Squire"],"current_player":"me","my_health":17,"opponent_health":19,"my_armor":0,"opponent_armor":0,"my_hand":2,"opponent_hand":1,"my_board":[{"card_name":"Imp Master","card_health":1,"card_attack":1},{"card_name":"Argent Squire","card_health":1,"card_attack":1},{"card_name":"Captured Jormungar","card_health":9,"card_attack":5},{"card_name":"Dread Infernal","card_health":3,"card_attack":6},{"card_name":"Imp","card_health":1,"card_attack":1},{"card_name":"Imp","card_health":1,"card_attack":1}],"opponent_board":[]},{"turn":26,"cards_played":["Soot Spewer","Fireblast","Fireblast","Mana Addict"],"current_player":"opponent","my_health":17,"opponent_health":19,"my_armor":0,"opponent_armor":0,"my_hand":2,"opponent_hand":0,"my_board":[{"card_name":"Imp Master","card_health":1,"card_attack":1},{"card_name":"Argent Squire","card_health":1,"card_attack":1},{"card_name":"Captured Jormungar","card_health":9,"card_attack":5},{"card_name":"Dread Infernal","card_health":3,"card_attack":6},{"card_name":"Imp","card_health":1,"card_attack":1}],"opponent_board":[{"card_name":"Mana Addict","card_health":3,"card_attack":1},{"card_name":"Soot Spewer","card_health":3,"card_attack":3}]},{"turn":27,"cards_played":["Life Tap","Zombie Chow"],"current_player":"me","my_health":15,"opponent_health":13,"my_armor":0,"opponent_armor":0,"my_hand":3,"opponent_hand":0,"my_board":[{"card_name":"Argent Squire","card_health":1,"card_attack":1},{"card_name":"Captured Jormungar","card_health":8,"card_attack":5},{"card_name":"Dread Infernal","card_health":3,"card_attack":6},{"card_name":"Zombie Chow","card_health":3,"card_attack":2}],"opponent_board":[]},{"turn":28,"cards_played":["Fireball","Fireblast","Fireblast"],"current_player":"opponent","my_health":15,"opponent_health":13,"my_armor":0,"opponent_armor":0,"my_hand":3,"opponent_hand":0,"my_board":[{"card_name":"Argent Squire","card_health":1,"card_attack":1},{"card_name":"Captured Jormungar","card_health":8,"card_attack":5},{"card_name":"Zombie Chow","card_health":2,"card_attack":2}],"opponent_board":[]},{"turn":29,"cards_played":["Flesheating Ghoul","Life Tap","Sludge Belcher"],"current_player":"me","my_health":13,"opponent_health":5,"my_armor":0,"opponent_armor":0,"my_hand":3,"opponent_hand":0,"my_board":[{"card_name":"Argent Squire","card_health":1,"card_attack":1},{"card_name":"Captured Jormungar","card_health":8,"card_attack":5},{"card_name":"Sludge Belcher","card_health":5,"card_attack":3},{"card_name":"Flesheating Ghoul","card_health":3,"card_attack":2},{"card_name":"Zombie Chow","card_health":2,"card_attack":2}],"opponent_board":[]},{"turn":30,"cards_played":["Stranglethorn Tiger","Fireblast"],"current_player":"opponent","my_health":13,"opponent_health":5,"my_armor":0,"opponent_armor":0,"my_hand":3,"opponent_hand":0,"my_board":[{"card_name":"Argent Squire","card_health":1,"card_attack":1},{"card_name":"Captured Jormungar","card_health":8,"card_attack":5},{"card_name":"Sludge Belcher","card_health":5,"card_attack":3},{"card_name":"Flesheating Ghoul","card_health":3,"card_attack":2},{"card_name":"Zombie Chow","card_health":1,"card_attack":2}],"opponent_board":[{"card_name":"Stranglethorn Tiger","card_health":5,"card_attack":5}]},{"turn":31,"cards_played":["Life Tap","Haunted Creeper"],"current_player":"me","my_health":11,"opponent_health":1,"my_armor":0,"opponent_armor":0,"my_hand":4,"opponent_hand":0,"my_board":[{"card_name":"Argent Squire","card_health":1,"card_attack":1},{"card_name":"Captured Jormungar","card_health":8,"card_attack":5},{"card_name":"Sludge Belcher","card_health":5,"card_attack":3},{"card_name":"Haunted Creeper","card_health":2,"card_attack":1},{"card_name":"Flesheating Ghoul","card_health":3,"card_attack":2},{"card_name":"Zombie Chow","card_health":1,"card_attack":2}],"opponent_board":[{"card_name":"Stranglethorn Tiger","card_health":5,"card_attack":5}]},{"turn":32,"cards_played":[],"current_player":"opponent","my_health":11,"opponent_health":1,"my_armor":0,"opponent_armor":0,"my_hand":4,"opponent_hand":1,"my_board":[{"card_name":"Argent Squire","card_health":1,"card_attack":1},{"card_name":"Captured Jormungar","card_health":8,"card_attack":5},{"card_name":"Sludge Belcher","card_health":5,"card_attack":3},{"card_name":"Haunted Creeper","card_health":2,"card_attack":1},{"card_name":"Flesheating Ghoul","card_health":3,"card_attack":2},{"card_name":"Zombie Chow","card_health":1,"card_attack":2}],"opponent_board":[{"card_name":"Stranglethorn Tiger","card_health":5,"card_attack":5}]}],"result":"victory"}