{"plays":[{"turn":1,"cards_played":[],"current_player":"me","my_health":0,"opponent_health":0,"my_armor":0,"opponent_armor":0,"my_hand":0,"opponent_hand":1,"my_board":[],"opponent_board":[]},{"turn":2,"cards_played":[],"current_player":"me","my_health":30,"opponent_health":30,"my_armor":0,"opponent_armor":0,"my_hand":6,"opponent_hand":4,"my_board":[],"opponent_board":[]},{"turn":3,"cards_played":["Dagger Mastery"],"current_player":"opponent","my_health":30,"opponent_health":30,"my_armor":0,"opponent_armor":0,"my_hand":6,"opponent_hand":5,"my_board":[],"opponent_board":[]},{"turn":4,"cards_played":["Dark Peddler"],"current_player":"me","my_health":30,"opponent_health":30,"my_armor":0,"opponent_armor":0,"my_hand":7,"opponent_hand":5,"my_board":[{"card_name":"Dark Peddler","card_health":2,"card_attack":2}],"opponent_board":[]},{"turn":5,"cards_played":["Shiv"],"current_player":"opponent","my_health":30,"opponent_health":28,"my_armor":0,"opponent_armor":0,"my_hand":7,"opponent_hand":6,"my_board":[],"opponent_board":[]},{"turn":6,"cards_played":["Life Tap"],"current_player":"me","my_health":28,"opponent_health":28,"my_armor":0,"opponent_armor":0,"my_hand":9,"opponent_hand":6,"my_board":[],"opponent_board":[]},{"turn":7,"cards_played":["Tomb Pillager"],"current_player":"opponent","my_health":28,"opponent_health":28,"my_armor":0,"opponent_armor":0,"my_hand":9,"opponent_hand":6,"my_board":[],"opponent_board":[{"card_name":"Tomb Pillager","card_health":4,"card_attack":5}]},{"turn":8,"cards_played":["Darkbomb","Mortal Coil"],"current_player":"me","my_health":28,"opponent_health":28,"my_armor":0,"opponent_armor":0,"my_hand":9,"opponent_hand":7,"my_board":[],"opponent_board":[]},{"turn":9,"cards_played":["Fan of Knives","Dagger Mastery"],"current_player":"opponent","my_health":27,"opponent_health":28,"my_armor":0,"opponent_armor":0,"my_hand":9,"opponent_hand":8,"my_board":[],"opponent_board":[]},{"turn":10,"cards_played":["Refreshment Vendor"],"current_player":"me","my_health":27,"opponent_health":28,"my_armor":0,"opponent_armor":0,"my_hand":9,"opponent_hand":8,"my_board":[{"card_name":"Refreshment Vendor","card_health":5,"card_attack":3}],"opponent_board":[]},{"turn":11,"cards_played":["Violet Teacher","Backstab","Deadly Poison"],"current_player":"opponent","my_health":30,"opponent_health":27,"my_armor":0,"opponent_armor":0,"my_hand":9,"opponent_hand":6,"my_board":[],"opponent_board":[{"card_name":"Violet Teacher","card_health":5,"card_attack":3},{"card_name":"Violet Apprentice","card_health":1,"card_attack":1},{"card_name":"Violet Apprentice","card_health":1,"card_attack":1}]},{"turn":12,"cards_played":["Ironbeak Owl","Life Tap","Acidic Swamp Ooze"],"current_player":"me","my_health":28,"opponent_health":27,"my_armor":0,"opponent_armor":0,"my_hand":9,"opponent_hand":6,"my_board":[{"card_name":"Acidic Swamp Ooze","card_health":2,"card_attack":3},{"card_name":"Ironbeak Owl","card_health":1,"card_attack":2}],"opponent_board":[{"card_name":"Violet Teacher","card_health":5,"card_attack":3},{"card_name":"Violet Apprentice","card_health":1,"card_attack":1},{"card_name":"Violet Apprentice","card_health":1,"card_attack":1}]},{"turn":13,"cards_played":["Fan of Knives","Dagger Mastery"],"current_player":"opponent","my_health":24,"opponent_health":27,"my_armor":0,"opponent_armor":0,"my_hand":9,"opponent_hand":7,"my_board":[],"opponent_board":[{"card_name":"Violet Teacher","card_health":5,"card_attack":3},{"card_name":"Violet Apprentice","card_health":1,"card_attack":1}]},{"turn":14,"cards_played":["Dr. Boom"],"current_player":"me","my_health":24,"opponent_health":27,"my_armor":0,"opponent_armor":0,"my_hand":9,"opponent_hand":7,"my_board":[{"card_name":"Dr. Boom","card_health":7,"card_attack":7},{"card_name":"Boom Bot","card_health":1,"card_attack":1},{"card_name":"Boom Bot","card_health":1,"card_attack":1}],"opponent_board":[{"card_name":"Violet Teacher","card_health":5,"card_attack":3},{"card_name":"Violet Apprentice","card_health":1,"card_attack":1}]},{"turn":15,"cards_played":["Azure Drake","Eviscerate","The Coin","Blade Flurry"],"current_player":"opponent","my_health":18,"opponent_health":27,"my_armor":0,"opponent_armor":0,"my_hand":9,"opponent_hand":5,"my_board":[],"opponent_board":[{"card_name":"Violet Teacher","card_health":3,"card_attack":3},{"card_name":"Azure Drake","card_health":4,"card_attack":4}]},{"turn":16,"cards_played":["Brann Bronzebeard","Antique Healbot"],"current_player":"me","my_health":18,"opponent_health":27,"my_armor":0,"opponent_armor":0,"my_hand":8,"opponent_hand":5,"my_board":[{"card_name":"Antique Healbot","card_health":3,"card_attack":3},{"card_name":"Brann Bronzebeard","card_health":4,"card_attack":2}],"opponent_board":[{"card_name":"Violet Teacher","card_health":3,"card_attack":3},{"card_name":"Azure Drake","card_health":4,"card_attack":4}]},{"turn":17,"cards_played":["Gadgetzan Auctioneer","Shiv"],"current_player":"opponent","my_health":28,"opponent_health":27,"my_armor":0,"opponent_armor":0,"my_hand":8,"opponent_hand":6,"my_board":[],"opponent_board":[{"card_name":"Gadgetzan Auctioneer","card_health":4,"card_attack":4},{"card_name":"Azure Drake","card_health":2,"card_attack":4}]},{"turn":18,"cards_played":["Demonwrath","Soulfire","Twilight Drake"],"current_player":"me","my_health":28,"opponent_health":27,"my_armor":0,"opponent_armor":0,"my_hand":5,"opponent_hand":6,"my_board":[{"card_name":"Twilight Drake","card_health":1,"card_attack":4}],"opponent_board":[]},{"turn":19,"cards_played":["Dagger Mastery","Sap","SI:7 Agent"],"current_player":"opponent","my_health":28,"opponent_health":27,"my_armor":0,"opponent_armor":0,"my_hand":6,"opponent_hand":5,"my_board":[],"opponent_board":[{"card_name":"SI:7 Agent","card_health":3,"card_attack":3}]},{"turn":20,"cards_played":["Life Tap","Sludge Belcher","Imp Gang Boss"],"current_player":"me","my_health":24,"opponent_health":27,"my_armor":0,"opponent_armor":0,"my_hand":6,"opponent_hand":5,"my_board":[{"card_name":"Sludge Belcher","card_health":5,"card_attack":3},{"card_name":"Imp Gang Boss","card_health":4,"card_attack":2}],"opponent_board":[{"card_name":"SI:7 Agent","card_health":3,"card_attack":3}]},{"turn":21,"cards_played":["Antique Healbot","SI:7 Agent","Dagger Mastery"],"current_player":"opponent","my_health":24,"opponent_health":29,"my_armor":0,"opponent_armor":0,"my_hand":6,"opponent_hand":4,"my_board":[{"card_name":"Imp Gang Boss","card_health":4,"card_attack":2},{"card_name":"Slime","card_health":1,"card_attack":1}],"opponent_board":[{"card_name":"SI:7 Agent","card_health":3,"card_attack":3},{"card_name":"Antique Healbot","card_health":3,"card_attack":3}]},{"turn":22,"cards_played":["Stalagg","Life Tap","The Coin","Shadowflame"],"current_player":"me","my_health":22,"opponent_health":26,"my_armor":0,"opponent_armor":0,"my_hand":5,"opponent_hand":4,"my_board":[{"card_name":"Imp Gang Boss","card_health":4,"card_attack":2},{"card_name":"Slime","card_health":1,"card_attack":1}],"opponent_board":[]},{"turn":23,"cards_played":["Azure Drake","Dagger Mastery","Deadly Poison"],"current_player":"opponent","my_health":22,"opponent_health":25,"my_armor":0,"opponent_armor":0,"my_hand":5,"opponent_hand":4,"my_board":[{"card_name":"Imp Gang Boss","card_health":4,"card_attack":2}],"opponent_board":[{"card_name":"Azure Drake","card_health":4,"card_attack":4}]},{"turn":24,"cards_played":["Life Tap","Twilight Drake","Defender of Argus"],"current_player":"me","my_health":20,"opponent_health":22,"my_armor":0,"opponent_armor":0,"my_hand":5,"opponent_hand":4,"my_board":[{"card_name":"Twilight Drake","card_health":8,"card_attack":5},{"card_name":"Defender of Argus","card_health":3,"card_attack":2},{"card_name":"Imp Gang Boss","card_health":5,"card_attack":3}],"opponent_board":[{"card_name":"Azure Drake","card_health":4,"card_attack":4}]},{"turn":25,"cards_played":["Antique Healbot"],"current_player":"opponent","my_health":20,"opponent_health":22,"my_armor":0,"opponent_armor":0,"my_hand":5,"opponent_hand":4,"my_board":[{"card_name":"Twilight Drake","card_health":8,"card_attack":5},{"card_name":"Defender of Argus","card_health":3,"card_attack":2},{"card_name":"Imp Gang Boss","card_health":5,"card_attack":3}],"opponent_board":[{"card_name":"Antique Healbot","card_health":3,"card_attack":3},{"card_name":"Azure Drake","card_health":4,"card_attack":4}]},{"turn":26,"cards_played":["Life Tap","Reno Jackson"],"current_player":"me","my_health":30,"opponent_health":28,"my_armor":0,"opponent_armor":0,"my_hand":6,"opponent_hand":4,"my_board":[{"card_name":"Reno Jackson","card_health":6,"card_attack":4},{"card_name":"Twilight Drake","card_health":4,"card_attack":5},{"card_name":"Defender of Argus","card_health":3,"card_attack":2},{"card_name":"Imp Gang Boss","card_health":2,"card_attack":3},{"card_name":"Imp","card_health":1,"card_attack":1}],"opponent_board":[]},{"turn":27,"cards_played":["Malygos","Preparation","Blade Flurry"],"current_player":"opponent","my_health":22,"opponent_health":25,"my_armor":0,"opponent_armor":0,"my_hand":6,"opponent_hand":2,"my_board":[],"opponent_board":[{"card_name":"Malygos","card_health":12,"card_attack":4}]},{"turn":28,"cards_played":["Life Tap","Siphon Soul","Zombie Chow"],"current_player":"me","my_health":23,"opponent_health":25,"my_armor":0,"opponent_armor":0,"my_hand":6,"opponent_hand":2,"my_board":[{"card_name":"Zombie Chow","card_health":3,"card_attack":2}],"opponent_board":[]},{"turn":29,"cards_played":["Tomb Pillager","Dagger Mastery","Eviscerate"],"current_player":"opponent","my_health":23,"opponent_health":25,"my_armor":0,"opponent_armor":0,"my_hand":6,"opponent_hand":1,"my_board":[],"opponent_board":[{"card_name":"Tomb Pillager","card_health":4,"card_attack":5}]},{"turn":30,"cards_played":["Feugen","Loatheb"],"current_player":"me","my_health":23,"opponent_health":30,"my_armor":0,"opponent_armor":0,"my_hand":5,"opponent_hand":1,"my_board":[{"card_name":"Loatheb","card_health":5,"card_attack":5},{"card_name":"Feugen","card_health":7,"card_attack":4}],"opponent_board":[{"card_name":"Tomb Pillager","card_health":4,"card_attack":5}]},{"turn":31,"cards_played":["Dagger Mastery"],"current_player":"opponent","my_health":17,"opponent_health":30,"my_armor":0,"opponent_armor":0,"my_hand":5,"opponent_hand":2,"my_board":[{"card_name":"Loatheb","card_health":5,"card_attack":5},{"card_name":"Feugen","card_health":7,"card_attack":4}],"opponent_board":[{"card_name":"Tomb Pillager","card_health":4,"card_attack":5}]},{"turn":32,"cards_played":["Elise Starseeker"],"current_player":"me","my_health":17,"opponent_health":25,"my_armor":0,"opponent_armor":0,"my_hand":5,"opponent_hand":3,"my_board":[{"card_name":"Loatheb","card_health":5,"card_attack":5},{"card_name":"Feugen","card_health":2,"card_attack":4},{"card_name":"Elise Starseeker","card_health":5,"card_attack":3}],"opponent_board":[]},{"turn":33,"cards_played":[],"current_player":"opponent","my_health":17,"opponent_health":25,"my_armor":0,"opponent_armor":0,"my_hand":5,"opponent_hand":4,"my_board":[{"card_name":"Loatheb","card_health":5,"card_attack":5},{"card_name":"Feugen","card_health":2,"card_attack":4},{"card_name":"Elise Starseeker","card_health":5,"card_attack":3}],"opponent_board":[]},{"turn":34,"cards_played":["Map to the Golden Monkey","Emperor Thaurissan"],"current_player":"me","my_health":17,"opponent_health":13,"my_armor":0,"opponent_armor":0,"my_hand":5,"opponent_hand":4,"my_board":[{"card_name":"Emperor Thaurissan","card_health":5,"card_attack":5},{"card_name":"Loatheb","card_health":5,"card_attack":5},{"card_name":"Feugen","card_health":2,"card_attack":4},{"card_name":"Elise Starseeker","card_health":5,"card_attack":3}],"opponent_board":[]},{"turn":35,"cards_played":[],"current_player":"opponent","my_health":17,"opponent_health":13,"my_armor":0,"opponent_armor":0,"my_hand":5,"opponent_hand":5,"my_board":[{"card_name":"Emperor Thaurissan","card_health":5,"card_attack":5},{"card_name":"Loatheb","card_health":5,"card_attack":5},{"card_name":"Feugen","card_health":2,"card_attack":4},{"card_name":"Elise Starseeker","card_health":5,"card_attack":3}],"opponent_board":[]},{"turn":36,"cards_played":["Golden Monkey","Life Tap"],"current_player":"me","my_health":15,"opponent_health":-1,"my_armor":0,"opponent_armor":0,"my_hand":6,"opponent_hand":5,"my_board":[{"card_name":"Emperor Thaurissan","card_health":5,"card_attack":5},{"card_name":"Loatheb","card_health":5,"card_attack":5},{"card_name":"Feugen","card_health":2,"card_attack":4},{"card_name":"Elise Starseeker","card_health":5,"card_attack":3},{"card_name":"Golden Monkey","card_health":6,"card_attack":6}],"opponent_board":[]}],"result":"victory"}