{"plays":[{"turn":1,"cards_played":[],"current_player":"opponent","my_health":0,"opponent_health":0,"my_armor":0,"opponent_armor":0,"my_hand":4,"opponent_hand":1,"my_board":[],"opponent_board":[]},{"turn":2,"cards_played":["Mana Wyrm"],"current_player":"me","my_health":30,"opponent_health":30,"my_armor":0,"opponent_armor":0,"my_hand":6,"opponent_hand":3,"my_board":[],"opponent_board":[{"card_name":"Mana Wyrm","card_health":3,"card_attack":1}]},{"turn":3,"cards_played":["Fireblast","Fireblast"],"current_player":"opponent","my_health":28,"opponent_health":30,"my_armor":0,"opponent_armor":0,"my_hand":6,"opponent_hand":4,"my_board":[],"opponent_board":[{"card_name":"Mana Wyrm","card_health":3,"card_attack":1}]},{"turn":4,"cards_played":["Darkbomb"],"current_player":"me","my_health":28,"opponent_health":30,"my_armor":0,"opponent_armor":0,"my_hand":6,"opponent_hand":4,"my_board":[],"opponent_board":[]},{"turn":5,"cards_played":[],"current_player":"opponent","my_health":28,"opponent_health":30,"my_armor":0,"opponent_armor":0,"my_hand":6,"opponent_hand":4,"my_board":[],"opponent_board":[]},{"turn":6,"cards_played":["Brann Bronzebeard"],"current_player":"me","my_health":28,"opponent_health":30,"my_armor":0,"opponent_armor":0,"my_hand":6,"opponent_hand":4,"my_board":[{"card_name":"Brann Bronzebeard","card_health":4,"card_attack":2}],"opponent_board":[{"card_name":"Brann Bronzebeard","card_health":4,"card_attack":2}]},{"turn":7,"cards_played":["Flamewaker","Arcane Missiles"],"current_player":"opponent","my_health":25,"opponent_health":30,"my_armor":0,"opponent_armor":0,"my_hand":6,"opponent_hand":3,"my_board":[],"opponent_board":[{"card_name":"Flamewaker","card_health":4,"card_attack":2},{"card_name":"Brann Bronzebeard","card_health":4,"card_attack":2}]},{"turn":8,"cards_played":["Imp-losion"],"current_player":"me","my_health":25,"opponent_health":30,"my_armor":0,"opponent_armor":0,"my_hand":6,"opponent_hand":3,"my_board":[{"card_name":"Imp","card_health":1,"card_attack":1},{"card_name":"Imp","card_health":1,"card_attack":1},{"card_name":"Imp","card_health":1,"card_attack":1},{"card_name":"Imp","card_health":1,"card_attack":1}],"opponent_board":[{"card_name":"Brann Bronzebeard","card_health":4,"card_attack":2}]},{"turn":9,"cards_played":["Azure Drake"],"current_player":"opponent","my_health":23,"opponent_health":30,"my_armor":0,"opponent_armor":0,"my_hand":6,"opponent_hand":5,"my_board":[{"card_name":"Imp","card_health":1,"card_attack":1},{"card_name":"Imp","card_health":1,"card_attack":1},{"card_name":"Imp","card_health":1,"card_attack":1},{"card_name":"Imp","card_health":1,"card_attack":1}],"opponent_board":[{"card_name":"Azure Drake","card_health":4,"card_attack":4},{"card_name":"Brann Bronzebeard","card_health":4,"card_attack":2}]},{"turn":10,"cards_played":["Sludge Belcher"],"current_player":"me","my_health":23,"opponent_health":27,"my_armor":0,"opponent_armor":0,"my_hand":6,"opponent_hand":5,"my_board":[{"card_name":"Sludge Belcher","card_health":5,"card_attack":3},{"card_name":"Imp","card_health":1,"card_attack":1},{"card_name":"Imp","card_health":1,"card_attack":1},{"card_name":"Imp","card_health":1,"card_attack":1}],"opponent_board":[{"card_name":"Azure Drake","card_health":3,"card_attack":4},{"card_name":"Brann Bronzebeard","card_health":4,"card_attack":2}]},{"turn":11,"cards_played":["Mana Wyrm","Sorcerer's Apprentice","Frostbolt","Fireblast","Fireblast"],"current_player":"opponent","my_health":19,"opponent_health":27,"my_armor":0,"opponent_armor":0,"my_hand":6,"opponent_hand":3,"my_board":[{"card_name":"Imp","card_health":1,"card_attack":1},{"card_name":"Imp","card_health":1,"card_attack":1},{"card_name":"Imp","card_health":1,"card_attack":1}],"opponent_board":[{"card_name":"Sorcerer's Apprentice","card_health":2,"card_attack":3},{"card_name":"Azure Drake","card_health":3,"card_attack":4},{"card_name":"Mana Wyrm","card_health":3,"card_attack":2},{"card_name":"Brann Bronzebeard","card_health":3,"card_attack":2}]},{"turn":12,"cards_played":["Life Tap","Hellfire"],"current_player":"me","my_health":14,"opponent_health":21,"my_armor":0,"opponent_armor":0,"my_hand":7,"opponent_hand":3,"my_board":[],"opponent_board":[]},{"turn":13,"cards_played":["Ethereal Conjurer","Sorcerer's Apprentice"],"current_player":"opponent","my_health":14,"opponent_health":21,"my_armor":0,"opponent_armor":0,"my_hand":7,"opponent_hand":3,"my_board":[],"opponent_board":[{"card_name":"Sorcerer's Apprentice","card_health":2,"card_attack":3},{"card_name":"Ethereal Conjurer","card_health":3,"card_attack":6}]},{"turn":14,"cards_played":["Siphon Soul"],"current_player":"me","my_health":17,"opponent_health":21,"my_armor":0,"opponent_armor":0,"my_hand":7,"opponent_hand":3,"my_board":[],"opponent_board":[{"card_name":"Sorcerer's Apprentice","card_health":2,"card_attack":3}]},{"turn":15,"cards_played":["Water Elemental","Arcane Intellect","Frostbolt","Ice Lance"],"current_player":"opponent","my_health":7,"opponent_health":21,"my_armor":0,"opponent_armor":0,"my_hand":7,"opponent_hand":2,"my_board":[],"opponent_board":[{"card_name":"Sorcerer's Apprentice","card_health":2,"card_attack":3},{"card_name":"Water Elemental","card_health":6,"card_attack":3}]},{"turn":16,"cards_played":["Antique Healbot","The Coin","Refreshment Vendor"],"current_player":"me","my_health":15,"opponent_health":21,"my_armor":0,"opponent_armor":0,"my_hand":5,"opponent_hand":2,"my_board":[{"card_name":"Refreshment Vendor","card_health":5,"card_attack":3},{"card_name":"Antique Healbot","card_health":3,"card_attack":3}],"opponent_board":[{"card_name":"Sorcerer's Apprentice","card_health":2,"card_attack":3},{"card_name":"Water Elemental","card_health":6,"card_attack":3}]},{"turn":17,"cards_played":["Blizzard","Fireblast","Fireblast"],"current_player":"opponent","my_health":13,"opponent_health":25,"my_armor":0,"opponent_armor":0,"my_hand":5,"opponent_hand":1,"my_board":[{"card_name":"Refreshment Vendor","card_health":3,"card_attack":3}],"opponent_board":[{"card_name":"Sorcerer's Apprentice","card_health":2,"card_attack":3},{"card_name":"Water Elemental","card_health":6,"card_attack":3}]},{"turn":18,"cards_played":["Twilight Drake"],"current_player":"me","my_health":13,"opponent_health":25,"my_armor":0,"opponent_armor":0,"my_hand":5,"opponent_hand":1,"my_board":[{"card_name":"Twilight Drake","card_health":1,"card_attack":4},{"card_name":"Refreshment Vendor","card_health":3,"card_attack":3}],"opponent_board":[{"card_name":"Sorcerer's Apprentice","card_health":2,"card_attack":3},{"card_name":"Water Elemental","card_health":6,"card_attack":3}]},{"turn":19,"cards_played":["Ethereal Conjurer","Fireball"],"current_player":"opponent","my_health":7,"opponent_health":25,"my_armor":0,"opponent_armor":0,"my_hand":5,"opponent_hand":1,"my_board":[{"card_name":"Twilight Drake","card_health":6,"card_attack":4},{"card_name":"Refreshment Vendor","card_health":3,"card_attack":3}],"opponent_board":[{"card_name":"Sorcerer's Apprentice","card_health":2,"card_attack":3},{"card_name":"Ethereal Conjurer","card_health":3,"card_attack":6},{"card_name":"Water Elemental","card_health":6,"card_attack":3}]}],"result":"defeat"}