{"plays":[{"turn":1,"cards_played":[],"current_player":"me","my_health":0,"opponent_health":0,"my_armor":0,"opponent_armor":0,"my_hand":0,"opponent_hand":1,"my_board":[],"opponent_board":[]},{"turn":2,"cards_played":[],"current_player":"opponent","my_health":30,"opponent_health":30,"my_armor":0,"opponent_armor":0,"my_hand":4,"opponent_hand":6,"my_board":[],"opponent_board":[]},{"turn":3,"cards_played":["Haunted Creeper"],"current_player":"me","my_health":30,"opponent_health":30,"my_armor":0,"opponent_armor":0,"my_hand":4,"opponent_hand":6,"my_board":[{"card_name":"Haunted Creeper","card_health":2,"card_attack":1}],"opponent_board":[]},{"turn":4,"cards_played":["Innervate","Keeper of the Grove"],"current_player":"opponent","my_health":30,"opponent_health":30,"my_armor":0,"opponent_armor":0,"my_hand":4,"opponent_hand":5,"my_board":[{"card_name":"Haunted Creeper","card_health":2,"card_attack":1}],"opponent_board":[{"card_name":"Keeper of the Grove","card_health":4,"card_attack":2}]},{"turn":5,"cards_played":["Eaglehorn Bow"],"current_player":"me","my_health":28,"opponent_health":29,"my_armor":0,"opponent_armor":0,"my_hand":4,"opponent_hand":5,"my_board":[{"card_name":"Haunted Creeper","card_health":2,"card_attack":1}],"opponent_board":[{"card_name":"Keeper of the Grove","card_health":1,"card_attack":2}]},{"turn":6,"cards_played":["Darnassus Aspirant","The Coin","Wild Growth"],"current_player":"opponent","my_health":28,"opponent_health":29,"my_armor":0,"opponent_armor":0,"my_hand":4,"opponent_hand":3,"my_board":[],"opponent_board":[{"card_name":"Darnassus Aspirant","card_health":3,"card_attack":2}]},{"turn":7,"cards_played":["Knife Juggler","Sir Finley Mrrgglton"],"current_player":"me","my_health":26,"opponent_health":28,"my_armor":0,"opponent_armor":0,"my_hand":3,"opponent_hand":3,"my_board":[{"card_name":"Sir Finley Mrrgglton","card_health":3,"card_attack":1},{"card_name":"Knife Juggler","card_health":2,"card_attack":3}],"opponent_board":[]},{"turn":8,"cards_played":["Druid of the Claw"],"current_player":"opponent","my_health":26,"opponent_health":28,"my_armor":0,"opponent_armor":0,"my_hand":3,"opponent_hand":3,"my_board":[{"card_name":"Sir Finley Mrrgglton","card_health":3,"card_attack":1},{"card_name":"Knife Juggler","card_health":2,"card_attack":3}],"opponent_board":[{"card_name":"Druid of the Claw","card_health":4,"card_attack":4},{"card_name":"Druid of the Claw","card_health":6,"card_attack":4}]},{"turn":9,"cards_played":["Fireblast","Fireblast"],"current_player":"me","my_health":26,"opponent_health":27,"my_armor":0,"opponent_armor":0,"my_hand":3,"opponent_hand":3,"my_board":[{"card_name":"Sir Finley Mrrgglton","card_health":3,"card_attack":1},{"card_name":"Knife Juggler","card_health":2,"card_attack":3}],"opponent_board":[{"card_name":"Druid of the Claw","card_health":6,"card_attack":4}]},{"turn":10,"cards_played":["Loatheb"],"current_player":"opponent","my_health":26,"opponent_health":27,"my_armor":0,"opponent_armor":0,"my_hand":3,"opponent_hand":4,"my_board":[{"card_name":"Sir Finley Mrrgglton","card_health":3,"card_attack":1},{"card_name":"Knife Juggler","card_health":2,"card_attack":3}],"opponent_board":[{"card_name":"Loatheb","card_health":5,"card_attack":5}]},{"turn":11,"cards_played":["Fireblast","Fireblast"],"current_player":"me","my_health":26,"opponent_health":23,"my_armor":0,"opponent_armor":0,"my_hand":4,"opponent_hand":4,"my_board":[{"card_name":"Sir Finley Mrrgglton","card_health":3,"card_attack":1},{"card_name":"Knife Juggler","card_health":2,"card_attack":3}],"opponent_board":[{"card_name":"Loatheb","card_health":4,"card_attack":5}]},{"turn":12,"cards_played":["Dr. Boom"],"current_player":"opponent","my_health":26,"opponent_health":23,"my_armor":0,"opponent_armor":0,"my_hand":4,"opponent_hand":4,"my_board":[{"card_name":"Sir Finley Mrrgglton","card_health":3,"card_attack":1}],"opponent_board":[{"card_name":"Dr. Boom","card_health":7,"card_attack":7},{"card_name":"Loatheb","card_health":1,"card_attack":5},{"card_name":"Boom Bot","card_health":1,"card_attack":1},{"card_name":"Boom Bot","card_health":1,"card_attack":1}]},{"turn":13,"cards_played":["Dr. Boom"],"current_player":"me","my_health":26,"opponent_health":23,"my_armor":0,"opponent_armor":0,"my_hand":4,"opponent_hand":4,"my_board":[{"card_name":"Dr. Boom","card_health":7,"card_attack":7},{"card_name":"Boom Bot","card_health":1,"card_attack":1},{"card_name":"Boom Bot","card_health":1,"card_attack":1}],"opponent_board":[{"card_name":"Dr. Boom","card_health":7,"card_attack":7},{"card_name":"Boom Bot","card_health":1,"card_attack":1},{"card_name":"Boom Bot","card_health":1,"card_attack":1}]},{"turn":14,"cards_played":["Swipe","Big Game Hunter"],"current_player":"opponent","my_health":11,"opponent_health":23,"my_armor":0,"opponent_armor":0,"my_hand":4,"opponent_hand":3,"my_board":[],"opponent_board":[{"card_name":"Dr. Boom","card_health":3,"card_attack":7},{"card_name":"Big Game Hunter","card_health":2,"card_attack":4},{"card_name":"Boom Bot","card_health":1,"card_attack":1}]},{"turn":15,"cards_played":["Animal Companion","Unleash the Hounds","Fireblast","Fireblast"],"current_player":"me","my_health":11,"opponent_health":23,"my_armor":0,"opponent_armor":0,"my_hand":3,"opponent_hand":3,"my_board":[{"card_name":"Misha","card_health":4,"card_attack":4}],"opponent_board":[{"card_name":"Big Game Hunter","card_health":2,"card_attack":4}]},{"turn":16,"cards_played":["Shapeshift","Innervate","Cenarius"],"current_player":"opponent","my_health":7,"opponent_health":20,"my_armor":0,"opponent_armor":0,"my_hand":3,"opponent_hand":2,"my_board":[],"opponent_board":[{"card_name":"Cenarius","card_health":8,"card_attack":5},{"card_name":"Big Game Hunter","card_health":2,"card_attack":4},{"card_name":"Treant","card_health":2,"card_attack":2},{"card_name":"Treant","card_health":2,"card_attack":2}]},{"turn":17,"cards_played":["Tomb Spider"],"current_player":"me","my_health":7,"opponent_health":20,"my_armor":0,"opponent_armor":0,"my_hand":4,"opponent_hand":2,"my_board":[{"card_name":"Tomb Spider","card_health":3,"card_attack":3}],"opponent_board":[{"card_name":"Cenarius","card_health":8,"card_attack":5},{"card_name":"Big Game Hunter","card_health":2,"card_attack":4},{"card_name":"Treant","card_health":2,"card_attack":2},{"card_name":"Treant","card_health":2,"card_attack":2}]}],"result":"defeat"}