{"plays":[{"turn":1,"cards_played":[],"current_player":"opponent","my_health":0,"opponent_health":0,"my_armor":0,"opponent_armor":0,"my_hand":4,"opponent_hand":1,"my_board":[],"opponent_board":[]},{"turn":2,"cards_played":[],"current_player":"me","my_health":30,"opponent_health":30,"my_armor":0,"opponent_armor":0,"my_hand":6,"opponent_hand":4,"my_board":[],"opponent_board":[]},{"turn":3,"cards_played":["Haunted Creeper"],"current_player":"opponent","my_health":30,"opponent_health":30,"my_armor":0,"opponent_armor":0,"my_hand":6,"opponent_hand":4,"my_board":[],"opponent_board":[{"card_name":"Haunted Creeper","card_health":2,"card_attack":1}]},{"turn":4,"cards_played":["Dark Peddler"],"current_player":"me","my_health":30,"opponent_health":30,"my_armor":0,"opponent_armor":0,"my_hand":7,"opponent_hand":4,"my_board":[{"card_name":"Dark Peddler","card_health":2,"card_attack":2}],"opponent_board":[{"card_name":"Haunted Creeper","card_health":2,"card_attack":1}]},{"turn":5,"cards_played":["Feral Spirit"],"current_player":"opponent","my_health":29,"opponent_health":30,"my_armor":0,"opponent_armor":0,"my_hand":7,"opponent_hand":4,"my_board":[{"card_name":"Dark Peddler","card_health":2,"card_attack":2}],"opponent_board":[{"card_name":"Haunted Creeper","card_health":2,"card_attack":1},{"card_name":"Spirit Wolf","card_health":3,"card_attack":2},{"card_name":"Spirit Wolf","card_health":3,"card_attack":2}]},{"turn":6,"cards_played":["Imp Gang Boss"],"current_player":"me","my_health":29,"opponent_health":30,"my_armor":0,"opponent_armor":0,"my_hand":7,"opponent_hand":4,"my_board":[{"card_name":"Imp Gang Boss","card_health":4,"card_attack":2}],"opponent_board":[{"card_name":"Haunted Creeper","card_health":2,"card_attack":1},{"card_name":"Spirit Wolf","card_health":1,"card_attack":2},{"card_name":"Spirit Wolf","card_health":3,"card_attack":2}]},{"turn":7,"cards_played":["Flametongue Totem"],"current_player":"opponent","my_health":25,"opponent_health":30,"my_armor":0,"opponent_armor":0,"my_hand":7,"opponent_hand":4,"my_board":[],"opponent_board":[{"card_name":"Haunted Creeper","card_health":1,"card_attack":1},{"card_name":"Flametongue Totem","card_health":3,"card_attack":0},{"card_name":"Spirit Wolf","card_health":1,"card_attack":4},{"card_name":"Spirit Wolf","card_health":1,"card_attack":4}]},{"turn":8,"cards_played":["Darkbomb","The Coin","Earthen Ring Farseer"],"current_player":"me","my_health":25,"opponent_health":30,"my_armor":0,"opponent_armor":0,"my_hand":5,"opponent_hand":4,"my_board":[{"card_name":"Earthen Ring Farseer","card_health":3,"card_attack":3}],"opponent_board":[{"card_name":"Haunted Creeper","card_health":1,"card_attack":1},{"card_name":"Spirit Wolf","card_health":1,"card_attack":2},{"card_name":"Spirit Wolf","card_health":1,"card_attack":2}]},{"turn":9,"cards_played":["Doomhammer"],"current_player":"opponent","my_health":22,"opponent_health":27,"my_armor":0,"opponent_armor":0,"my_hand":5,"opponent_hand":4,"my_board":[],"opponent_board":[{"card_name":"Spirit Wolf","card_health":1,"card_attack":2},{"card_name":"Spirit Wolf","card_health":1,"card_attack":2},{"card_name":"Spectral Spider","card_health":1,"card_attack":1},{"card_name":"Spectral Spider","card_health":1,"card_attack":1}]},{"turn":10,"cards_played":["Piloted Shredder","Reliquary Seeker"],"current_player":"me","my_health":22,"opponent_health":27,"my_armor":0,"opponent_armor":0,"my_hand":4,"opponent_hand":4,"my_board":[{"card_name":"Piloted Shredder","card_health":3,"card_attack":4},{"card_name":"Reliquary Seeker","card_health":1,"card_attack":1}],"opponent_board":[{"card_name":"Spirit Wolf","card_health":1,"card_attack":2},{"card_name":"Spirit Wolf","card_health":1,"card_attack":2},{"card_name":"Spectral Spider","card_health":1,"card_attack":1},{"card_name":"Spectral Spider","card_health":1,"card_attack":1}]},{"turn":11,"cards_played":["Tuskarr Totemic"],"current_player":"opponent","my_health":14,"opponent_health":26,"my_armor":0,"opponent_armor":0,"my_hand":4,"opponent_hand":4,"my_board":[{"card_name":"Piloted Shredder","card_health":3,"card_attack":4}],"opponent_board":[{"card_name":"Tuskarr Totemic","card_health":2,"card_attack":3},{"card_name":"Spirit Wolf","card_health":1,"card_attack":2},{"card_name":"Spirit Wolf","card_health":1,"card_attack":2},{"card_name":"Spectral Spider","card_health":1,"card_attack":1},{"card_name":"Spectral Spider","card_health":1,"card_attack":1},{"card_name":"Totem Golem","card_health":4,"card_attack":3}]},{"turn":12,"cards_played":["Life Tap","Hellfire"],"current_player":"me","my_health":9,"opponent_health":23,"my_armor":0,"opponent_armor":0,"my_hand":5,"opponent_hand":4,"my_board":[{"card_name":"Shadowboxer","card_health":3,"card_attack":2}],"opponent_board":[{"card_name":"Totem Golem","card_health":1,"card_attack":3}]},{"turn":13,"cards_played":["Fire Elemental"],"current_player":"opponent","my_health":3,"opponent_health":23,"my_armor":0,"opponent_armor":0,"my_hand":5,"opponent_hand":4,"my_board":[{"card_name":"Shadowboxer","card_health":3,"card_attack":2}],"opponent_board":[{"card_name":"Fire Elemental","card_health":5,"card_attack":6},{"card_name":"Totem Golem","card_health":1,"card_attack":3}]}],"result":"defeat"}