{"plays":[{"turn":1,"cards_played":[],"current_player":"me","my_health":0,"opponent_health":0,"my_armor":0,"opponent_armor":0,"my_hand":0,"opponent_hand":1,"my_board":[],"opponent_board":[]},{"turn":2,"cards_played":[],"current_player":"me","my_health":30,"opponent_health":30,"my_armor":0,"opponent_armor":0,"my_hand":6,"opponent_hand":4,"my_board":[],"opponent_board":[]},{"turn":3,"cards_played":["Fireblast","Fireblast"],"current_player":"opponent","my_health":29,"opponent_health":30,"my_armor":0,"opponent_armor":0,"my_hand":6,"opponent_hand":5,"my_board":[],"opponent_board":[]},{"turn":4,"cards_played":["Life Tap"],"current_player":"me","my_health":27,"opponent_health":30,"my_armor":0,"opponent_armor":0,"my_hand":8,"opponent_hand":5,"my_board":[],"opponent_board":[]},{"turn":5,"cards_played":[],"current_player":"opponent","my_health":27,"opponent_health":30,"my_armor":0,"opponent_armor":0,"my_hand":8,"opponent_hand":5,"my_board":[],"opponent_board":[]},{"turn":6,"cards_played":["The Coin","Piloted Shredder"],"current_player":"me","my_health":27,"opponent_health":30,"my_armor":0,"opponent_armor":0,"my_hand":7,"opponent_hand":5,"my_board":[{"card_name":"Piloted Shredder","card_health":3,"card_attack":4}],"opponent_board":[]},{"turn":7,"cards_played":["Frostbolt","Fireblast","Fireblast"],"current_player":"opponent","my_health":27,"opponent_health":30,"my_armor":0,"opponent_armor":0,"my_hand":7,"opponent_hand":5,"my_board":[{"card_name":"Anodized Robo Cub","card_health":1,"card_attack":2}],"opponent_board":[]},{"turn":8,"cards_played":["Twilight Drake"],"current_player":"me","my_health":27,"opponent_health":30,"my_armor":0,"opponent_armor":6,"my_hand":7,"opponent_hand":5,"my_board":[{"card_name":"Twilight Drake","card_health":8,"card_attack":4},{"card_name":"Anodized Robo Cub","card_health":1,"card_attack":2}],"opponent_board":[]},{"turn":9,"cards_played":["Fireblast"],"current_player":"opponent","my_health":27,"opponent_health":30,"my_armor":0,"opponent_armor":6,"my_hand":7,"opponent_hand":5,"my_board":[{"card_name":"Twilight Drake","card_health":8,"card_attack":4}],"opponent_board":[]},{"turn":10,"cards_played":["Sludge Belcher"],"current_player":"me","my_health":27,"opponent_health":30,"my_armor":0,"opponent_armor":2,"my_hand":7,"opponent_hand":5,"my_board":[{"card_name":"Sludge Belcher","card_health":5,"card_attack":3},{"card_name":"Twilight Drake","card_health":8,"card_attack":4}],"opponent_board":[]},{"turn":11,"cards_played":["Fireblast","Fireblast"],"current_player":"opponent","my_health":26,"opponent_health":30,"my_armor":0,"opponent_armor":2,"my_hand":7,"opponent_hand":6,"my_board":[{"card_name":"Sludge Belcher","card_health":5,"card_attack":3},{"card_name":"Twilight Drake","card_health":8,"card_attack":4}],"opponent_board":[]},{"turn":12,"cards_played":["Emperor Thaurissan"],"current_player":"me","my_health":26,"opponent_health":25,"my_armor":0,"opponent_armor":0,"my_hand":7,"opponent_hand":6,"my_board":[{"card_name":"Emperor Thaurissan","card_health":5,"card_attack":5},{"card_name":"Sludge Belcher","card_health":5,"card_attack":3},{"card_name":"Twilight Drake","card_health":8,"card_attack":4}],"opponent_board":[]},{"turn":13,"cards_played":["Frost Nova","Doomsayer","Fireblast"],"current_player":"opponent","my_health":25,"opponent_health":25,"my_armor":0,"opponent_armor":0,"my_hand":7,"opponent_hand":5,"my_board":[{"card_name":"Emperor Thaurissan","card_health":5,"card_attack":5},{"card_name":"Sludge Belcher","card_health":5,"card_attack":3},{"card_name":"Twilight Drake","card_health":8,"card_attack":4}],"opponent_board":[{"card_name":"Doomsayer","card_health":7,"card_attack":0}]},{"turn":14,"cards_played":["Life Tap","Ironbeak Owl","Dark Peddler"],"current_player":"me","my_health":23,"opponent_health":25,"my_armor":0,"opponent_armor":0,"my_hand":8,"opponent_hand":5,"my_board":[{"card_name":"Ironbeak Owl","card_health":1,"card_attack":2},{"card_name":"Emperor Thaurissan","card_health":5,"card_attack":5},{"card_name":"Sludge Belcher","card_health":5,"card_attack":3},{"card_name":"Dark Peddler","card_health":2,"card_attack":2},{"card_name":"Twilight Drake","card_health":8,"card_attack":4}],"opponent_board":[{"card_name":"Doomsayer","card_health":7,"card_attack":0}]},{"turn":15,"cards_played":["Frost Nova","Doomsayer","Fireblast"],"current_player":"opponent","my_health":22,"opponent_health":25,"my_armor":0,"opponent_armor":0,"my_hand":8,"opponent_hand":4,"my_board":[{"card_name":"Ironbeak Owl","card_health":1,"card_attack":2},{"card_name":"Emperor Thaurissan","card_health":5,"card_attack":5},{"card_name":"Sludge Belcher","card_health":5,"card_attack":3},{"card_name":"Dark Peddler","card_health":2,"card_attack":2},{"card_name":"Twilight Drake","card_health":8,"card_attack":4}],"opponent_board":[{"card_name":"Doomsayer","card_health":7,"card_attack":0},{"card_name":"Doomsayer","card_health":7,"card_attack":0}]},{"turn":16,"cards_played":["Life Tap","Siphon Soul"],"current_player":"me","my_health":23,"opponent_health":25,"my_armor":0,"opponent_armor":0,"my_hand":9,"opponent_hand":4,"my_board":[{"card_name":"Ironbeak Owl","card_health":1,"card_attack":2},{"card_name":"Emperor Thaurissan","card_health":5,"card_attack":5},{"card_name":"Sludge Belcher","card_health":5,"card_attack":3},{"card_name":"Dark Peddler","card_health":2,"card_attack":2},{"card_name":"Twilight Drake","card_health":8,"card_attack":4}],"opponent_board":[{"card_name":"Doomsayer","card_health":7,"card_attack":0}]},{"turn":17,"cards_played":["Alexstrasza"],"current_player":"opponent","my_health":23,"opponent_health":25,"my_armor":0,"opponent_armor":0,"my_hand":9,"opponent_hand":4,"my_board":[{"card_name":"Ironbeak Owl","card_health":1,"card_attack":2},{"card_name":"Emperor Thaurissan","card_health":5,"card_attack":5},{"card_name":"Sludge Belcher","card_health":5,"card_attack":3},{"card_name":"Dark Peddler","card_health":2,"card_attack":2},{"card_name":"Twilight Drake","card_health":8,"card_attack":4}],"opponent_board":[{"card_name":"Doomsayer","card_health":7,"card_attack":0},{"card_name":"Alexstrasza","card_health":8,"card_attack":8}]},{"turn":18,"cards_played":["Loatheb","Hellfire","Arcane Golem","Darkbomb","Dr. Boom"],"current_player":"me","my_health":12,"opponent_health":2,"my_armor":0,"opponent_armor":0,"my_hand":5,"opponent_hand":4,"my_board":[{"card_name":"Loatheb","card_health":2,"card_attack":5},{"card_name":"Emperor Thaurissan","card_health":2,"card_attack":5},{"card_name":"Sludge Belcher","card_health":2,"card_attack":3},{"card_name":"Arcane Golem","card_health":2,"card_attack":4},{"card_name":"Dr. Boom","card_health":7,"card_attack":7},{"card_name":"Twilight Drake","card_health":5,"card_attack":4},{"card_name":"Boom Bot","card_health":1,"card_attack":1}],"opponent_board":[{"card_name":"Doomsayer","card_health":4,"card_attack":0},{"card_name":"Alexstrasza","card_health":5,"card_attack":8}]},{"turn":19,"cards_played":[],"current_player":"opponent","my_health":12,"opponent_health":2,"my_armor":0,"opponent_armor":0,"my_hand":5,"opponent_hand":5,"my_board":[{"card_name":"Loatheb","card_health":2,"card_attack":5},{"card_name":"Emperor Thaurissan","card_health":2,"card_attack":5},{"card_name":"Sludge Belcher","card_health":2,"card_attack":3},{"card_name":"Arcane Golem","card_health":2,"card_attack":4},{"card_name":"Dr. Boom","card_health":7,"card_attack":7},{"card_name":"Twilight Drake","card_health":5,"card_attack":4},{"card_name":"Boom Bot","card_health":1,"card_attack":1}],"opponent_board":[{"card_name":"Doomsayer","card_health":4,"card_attack":0},{"card_name":"Alexstrasza","card_health":5,"card_attack":8}]}],"result":"victory"}