{"plays":[{"turn":1,"cards_played":[],"current_player":"opponent","my_health":0,"opponent_health":0,"my_armor":0,"opponent_armor":0,"my_hand":1,"opponent_hand":0,"my_board":[],"opponent_board":[]},{"turn":2,"cards_played":["Zombie Chow"],"current_player":"opponent","my_health":30,"opponent_health":30,"my_armor":0,"opponent_armor":0,"my_hand":3,"opponent_hand":6,"my_board":[{"card_name":"Zombie Chow","card_health":3,"card_attack":2}],"opponent_board":[]},{"turn":3,"cards_played":["Life Tap"],"current_player":"me","my_health":28,"opponent_health":28,"my_armor":0,"opponent_armor":0,"my_hand":5,"opponent_hand":6,"my_board":[{"card_name":"Zombie Chow","card_health":3,"card_attack":2}],"opponent_board":[]},{"turn":4,"cards_played":["Life Tap"],"current_player":"opponent","my_health":28,"opponent_health":26,"my_armor":0,"opponent_armor":0,"my_hand":5,"opponent_hand":8,"my_board":[{"card_name":"Zombie Chow","card_health":3,"card_attack":2}],"opponent_board":[]},{"turn":5,"cards_played":["Dark Peddler"],"current_player":"me","my_health":28,"opponent_health":24,"my_armor":0,"opponent_armor":0,"my_hand":6,"opponent_hand":8,"my_board":[{"card_name":"Zombie Chow","card_health":3,"card_attack":2},{"card_name":"Dark Peddler","card_health":2,"card_attack":2}],"opponent_board":[]},{"turn":6,"cards_played":["Imp Gang Boss"],"current_player":"opponent","my_health":28,"opponent_health":24,"my_armor":0,"opponent_armor":0,"my_hand":6,"opponent_hand":8,"my_board":[{"card_name":"Zombie Chow","card_health":3,"card_attack":2},{"card_name":"Dark Peddler","card_health":2,"card_attack":2}],"opponent_board":[{"card_name":"Imp Gang Boss","card_health":4,"card_attack":2}]},{"turn":7,"cards_played":["Imp-losion"],"current_player":"me","my_health":28,"opponent_health":22,"my_armor":0,"opponent_armor":0,"my_hand":6,"opponent_hand":8,"my_board":[{"card_name":"Zombie Chow","card_health":3,"card_attack":2},{"card_name":"Dark Peddler","card_health":1,"card_attack":2},{"card_name":"Imp","card_health":1,"card_attack":1},{"card_name":"Imp","card_health":1,"card_attack":1},{"card_name":"Imp","card_health":1,"card_attack":1},{"card_name":"Imp","card_health":1,"card_attack":1}],"opponent_board":[]},{"turn":8,"cards_played":["Hellfire"],"current_player":"opponent","my_health":25,"opponent_health":19,"my_armor":0,"opponent_armor":0,"my_hand":6,"opponent_hand":8,"my_board":[],"opponent_board":[]},{"turn":9,"cards_played":["Stalagg"],"current_player":"me","my_health":25,"opponent_health":24,"my_armor":0,"opponent_armor":0,"my_hand":6,"opponent_hand":8,"my_board":[{"card_name":"Stalagg","card_health":4,"card_attack":7}],"opponent_board":[]},{"turn":10,"cards_played":["Big Game Hunter","Dark Peddler"],"current_player":"opponent","my_health":25,"opponent_health":24,"my_armor":0,"opponent_armor":0,"my_hand":6,"opponent_hand":8,"my_board":[],"opponent_board":[{"card_name":"Dark Peddler","card_health":2,"card_attack":2},{"card_name":"Big Game Hunter","card_health":2,"card_attack":4}]},{"turn":11,"cards_played":["Life Tap","Demonwrath"],"current_player":"me","my_health":23,"opponent_health":24,"my_armor":0,"opponent_armor":0,"my_hand":7,"opponent_hand":8,"my_board":[],"opponent_board":[]},{"turn":12,"cards_played":["Life Tap","Twilight Drake"],"current_player":"opponent","my_health":23,"opponent_health":22,"my_armor":0,"opponent_armor":0,"my_hand":7,"opponent_hand":9,"my_board":[],"opponent_board":[{"card_name":"Twilight Drake","card_health":1,"card_attack":4}]},{"turn":13,"cards_played":["Life Tap","Loatheb"],"current_player":"me","my_health":21,"opponent_health":22,"my_armor":0,"opponent_armor":0,"my_hand":8,"opponent_hand":9,"my_board":[{"card_name":"Loatheb","card_health":5,"card_attack":5}],"opponent_board":[{"card_name":"Twilight Drake","card_health":10,"card_attack":4}]},{"turn":14,"cards_played":["Blood Imp","Sludge Belcher"],"current_player":"opponent","my_health":17,"opponent_health":22,"my_armor":0,"opponent_armor":0,"my_hand":8,"opponent_hand":8,"my_board":[{"card_name":"Loatheb","card_health":5,"card_attack":5}],"opponent_board":[{"card_name":"Sludge Belcher","card_health":5,"card_attack":3},{"card_name":"Twilight Drake","card_health":10,"card_attack":4},{"card_name":"Blood Imp","card_health":1,"card_attack":0}]},{"turn":15,"cards_played":["Mortal Coil","Life Tap","Molten Giant"],"current_player":"me","my_health":15,"opponent_health":22,"my_armor":0,"opponent_armor":0,"my_hand":9,"opponent_hand":8,"my_board":[{"card_name":"Loatheb","card_health":2,"card_attack":5},{"card_name":"Molten Giant","card_health":8,"card_attack":8}],"opponent_board":[{"card_name":"Twilight Drake","card_health":10,"card_attack":4},{"card_name":"Blood Imp","card_health":1,"card_attack":0},{"card_name":"Slime","card_health":2,"card_attack":1}]},{"turn":16,"cards_played":["Sylvanas Windrunner","Life Tap"],"current_player":"opponent","my_health":14,"opponent_health":20,"my_armor":0,"opponent_armor":0,"my_hand":9,"opponent_hand":9,"my_board":[{"card_name":"Molten Giant","card_health":8,"card_attack":8}],"opponent_board":[{"card_name":"Sylvanas Windrunner","card_health":5,"card_attack":5},{"card_name":"Twilight Drake","card_health":5,"card_attack":4},{"card_name":"Blood Imp","card_health":1,"card_attack":0},{"card_name":"Slime","card_health":2,"card_attack":1}]},{"turn":17,"cards_played":["Shadowflame","Refreshment Vendor"],"current_player":"me","my_health":14,"opponent_health":20,"my_armor":0,"opponent_armor":0,"my_hand":8,"opponent_hand":9,"my_board":[{"card_name":"Refreshment Vendor","card_health":5,"card_attack":3}],"opponent_board":[]},{"turn":18,"cards_played":["Refreshment Vendor","Stalagg"],"current_player":"opponent","my_health":22,"opponent_health":28,"my_armor":0,"opponent_armor":0,"my_hand":8,"opponent_hand":8,"my_board":[{"card_name":"Refreshment Vendor","card_health":5,"card_attack":3}],"opponent_board":[{"card_name":"Refreshment Vendor","card_health":5,"card_attack":3},{"card_name":"Stalagg","card_health":4,"card_attack":7}]},{"turn":19,"cards_played":["Life Tap","Big Game Hunter","Darkbomb"],"current_player":"me","my_health":20,"opponent_health":28,"my_armor":0,"opponent_armor":0,"my_hand":8,"opponent_hand":8,"my_board":[{"card_name":"Refreshment Vendor","card_health":2,"card_attack":3},{"card_name":"Big Game Hunter","card_health":2,"card_attack":4}],"opponent_board":[]},{"turn":20,"cards_played":["Life Tap","Imp-losion","The Coin","Feugen"],"current_player":"opponent","my_health":20,"opponent_health":26,"my_armor":0,"opponent_armor":0,"my_hand":8,"opponent_hand":7,"my_board":[{"card_name":"Refreshment Vendor","card_health":2,"card_attack":3}],"opponent_board":[{"card_name":"Feugen","card_health":7,"card_attack":4},{"card_name":"Imp","card_health":1,"card_attack":1},{"card_name":"Imp","card_health":1,"card_attack":1},{"card_name":"Imp","card_health":1,"card_attack":1},{"card_name":"Imp","card_health":1,"card_attack":1}]},{"turn":21,"cards_played":["Ironbeak Owl","Sir Finley Mrrgglton","Power Overwhelming","Armor Up!"],"current_player":"me","my_health":20,"opponent_health":26,"my_armor":2,"opponent_armor":0,"my_hand":6,"opponent_hand":7,"my_board":[{"card_name":"Ironbeak Owl","card_health":1,"card_attack":2},{"card_name":"Sir Finley Mrrgglton","card_health":3,"card_attack":1}],"opponent_board":[{"card_name":"Imp","card_health":1,"card_attack":1},{"card_name":"Imp","card_health":1,"card_attack":1},{"card_name":"Imp","card_health":1,"card_attack":1},{"card_name":"Imp","card_health":1,"card_attack":1}]},{"turn":22,"cards_played":["Life Tap"],"current_player":"opponent","my_health":19,"opponent_health":24,"my_armor":0,"opponent_armor":0,"my_hand":6,"opponent_hand":9,"my_board":[{"card_name":"Sir Finley Mrrgglton","card_health":3,"card_attack":1}],"opponent_board":[{"card_name":"Imp","card_health":1,"card_attack":1},{"card_name":"Imp","card_health":1,"card_attack":1},{"card_name":"Imp","card_health":1,"card_attack":1}]},{"turn":23,"cards_played":["Emperor Thaurissan","Defender of Argus"],"current_player":"me","my_health":19,"opponent_health":24,"my_armor":0,"opponent_armor":0,"my_hand":5,"opponent_hand":9,"my_board":[{"card_name":"Defender of Argus","card_health":3,"card_attack":2},{"card_name":"Emperor Thaurissan","card_health":5,"card_attack":5},{"card_name":"Sir Finley Mrrgglton","card_health":3,"card_attack":2}],"opponent_board":[{"card_name":"Imp","card_health":1,"card_attack":1},{"card_name":"Imp","card_health":1,"card_attack":1}]},{"turn":24,"cards_played":["Antique Healbot","Shadowflame"],"current_player":"opponent","my_health":19,"opponent_health":30,"my_armor":0,"opponent_armor":0,"my_hand":5,"opponent_hand":8,"my_board":[],"opponent_board":[]},{"turn":25,"cards_played":["Lord Jaraxxus","INFERNO!"],"current_player":"me","my_health":15,"opponent_health":27,"my_armor":0,"opponent_armor":0,"my_hand":5,"opponent_hand":8,"my_board":[{"card_name":"Lord Jaraxxus","card_health":15,"card_attack":3},{"card_name":"Infernal","card_health":6,"card_attack":6}],"opponent_board":[]},{"turn":26,"cards_played":["Emperor Thaurissan","Life Tap"],"current_player":"opponent","my_health":15,"opponent_health":25,"my_armor":0,"opponent_armor":0,"my_hand":5,"opponent_hand":9,"my_board":[{"card_name":"Lord Jaraxxus","card_health":15,"card_attack":0},{"card_name":"Infernal","card_health":6,"card_attack":6}],"opponent_board":[{"card_name":"Emperor Thaurissan","card_health":5,"card_attack":5}]},{"turn":27,"cards_played":["Brann Bronzebeard","Dr. Boom"],"current_player":"me","my_health":15,"opponent_health":22,"my_armor":0,"opponent_armor":0,"my_hand":4,"opponent_hand":9,"my_board":[{"card_name":"Brann Bronzebeard","card_health":4,"card_attack":2},{"card_name":"Dr. Boom","card_health":7,"card_attack":7},{"card_name":"Lord Jaraxxus","card_health":15,"card_attack":3},{"card_name":"Infernal","card_health":1,"card_attack":6},{"card_name":"Boom Bot","card_health":1,"card_attack":1},{"card_name":"Boom Bot","card_health":1,"card_attack":1},{"card_name":"Boom Bot","card_health":1,"card_attack":1},{"card_name":"Boom Bot","card_health":1,"card_attack":1}],"opponent_board":[]},{"turn":28,"cards_played":["Brann Bronzebeard","Mind Control Tech","Siphon Soul","Darkbomb"],"current_player":"opponent","my_health":15,"opponent_health":25,"my_armor":0,"opponent_armor":0,"my_hand":4,"opponent_hand":6,"my_board":[{"card_name":"Lord Jaraxxus","card_health":15,"card_attack":0},{"card_name":"Boom Bot","card_health":1,"card_attack":1},{"card_name":"Boom Bot","card_health":1,"card_attack":1},{"card_name":"Boom Bot","card_health":1,"card_attack":1}],"opponent_board":[{"card_name":"Brann Bronzebeard","card_health":4,"card_attack":2},{"card_name":"Mind Control Tech","card_health":3,"card_attack":3},{"card_name":"Brann Bronzebeard","card_health":4,"card_attack":2},{"card_name":"Boom Bot","card_health":1,"card_attack":1}]},{"turn":29,"cards_played":["Hellfire","INFERNO!","Sludge Belcher"],"current_player":"me","my_health":8,"opponent_health":13,"my_armor":0,"opponent_armor":0,"my_hand":3,"opponent_hand":6,"my_board":[{"card_name":"Sludge Belcher","card_health":5,"card_attack":3},{"card_name":"Lord Jaraxxus","card_health":8,"card_attack":3},{"card_name":"Infernal","card_health":6,"card_attack":6}],"opponent_board":[]},{"turn":30,"cards_played":["Loatheb","Reno Jackson","Zombie Chow"],"current_player":"opponent","my_health":8,"opponent_health":30,"my_armor":0,"opponent_armor":0,"my_hand":3,"opponent_hand":4,"my_board":[{"card_name":"Sludge Belcher","card_health":5,"card_attack":3},{"card_name":"Lord Jaraxxus","card_health":8,"card_attack":0},{"card_name":"Infernal","card_health":6,"card_attack":6}],"opponent_board":[{"card_name":"Reno Jackson","card_health":6,"card_attack":4},{"card_name":"Loatheb","card_health":5,"card_attack":5},{"card_name":"Zombie Chow","card_health":3,"card_attack":2}]},{"turn":31,"cards_played":["INFERNO!","Feugen"],"current_player":"me","my_health":13,"opponent_health":30,"my_armor":0,"opponent_armor":0,"my_hand":3,"opponent_hand":4,"my_board":[{"card_name":"Sludge Belcher","card_health":3,"card_attack":3},{"card_name":"Feugen","card_health":7,"card_attack":4},{"card_name":"Lord Jaraxxus","card_health":13,"card_attack":3},{"card_name":"Infernal","card_health":2,"card_attack":6},{"card_name":"Infernal","card_health":6,"card_attack":6}],"opponent_board":[{"card_name":"Loatheb","card_health":5,"card_attack":5}]},{"turn":32,"cards_played":["Dr. Boom","Life Tap"],"current_player":"opponent","my_health":13,"opponent_health":28,"my_armor":0,"opponent_armor":0,"my_hand":3,"opponent_hand":5,"my_board":[{"card_name":"Feugen","card_health":7,"card_attack":4},{"card_name":"Lord Jaraxxus","card_health":13,"card_attack":0},{"card_name":"Infernal","card_health":2,"card_attack":6},{"card_name":"Infernal","card_health":6,"card_attack":6},{"card_name":"Slime","card_health":2,"card_attack":1}],"opponent_board":[{"card_name":"Dr. Boom","card_health":7,"card_attack":7},{"card_name":"Loatheb","card_health":2,"card_attack":5},{"card_name":"Boom Bot","card_health":1,"card_attack":1},{"card_name":"Boom Bot","card_health":1,"card_attack":1}]},{"turn":33,"cards_played":["INFERNO!","Imp Gang Boss"],"current_player":"me","my_health":12,"opponent_health":28,"my_armor":0,"opponent_armor":0,"my_hand":3,"opponent_hand":5,"my_board":[{"card_name":"Imp Gang Boss","card_health":1,"card_attack":2},{"card_name":"Feugen","card_health":1,"card_attack":4},{"card_name":"Lord Jaraxxus","card_health":12,"card_attack":3},{"card_name":"Infernal","card_health":5,"card_attack":6},{"card_name":"Infernal","card_health":6,"card_attack":6},{"card_name":"Imp","card_health":1,"card_attack":1}],"opponent_board":[]},{"turn":34,"cards_played":["Lord Jaraxxus","Ironbeak Owl"],"current_player":"opponent","my_health":9,"opponent_health":15,"my_armor":0,"opponent_armor":0,"my_hand":3,"opponent_hand":4,"my_board":[{"card_name":"Imp Gang Boss","card_health":1,"card_attack":2},{"card_name":"Feugen","card_health":1,"card_attack":4},{"card_name":"Lord Jaraxxus","card_health":9,"card_attack":0},{"card_name":"Infernal","card_health":5,"card_attack":6},{"card_name":"Infernal","card_health":6,"card_attack":6},{"card_name":"Imp","card_health":1,"card_attack":1}],"opponent_board":[{"card_name":"Ironbeak Owl","card_health":1,"card_attack":2},{"card_name":"Lord Jaraxxus","card_health":15,"card_attack":3}]}],"result":"victory"}