{"plays":[{"turn":1,"cards_played":[],"current_player":"me","my_health":0,"opponent_health":0,"my_armor":0,"opponent_armor":0,"my_hand":0,"opponent_hand":1,"my_board":[],"opponent_board":[]},{"turn":2,"cards_played":[],"current_player":"me","my_health":30,"opponent_health":30,"my_armor":0,"opponent_armor":0,"my_hand":6,"opponent_hand":4,"my_board":[],"opponent_board":[]},{"turn":3,"cards_played":["Lesser Heal","Lesser Heal"],"current_player":"opponent","my_health":30,"opponent_health":30,"my_armor":0,"opponent_armor":0,"my_hand":6,"opponent_hand":5,"my_board":[],"opponent_board":[]},{"turn":4,"cards_played":["Life Tap"],"current_player":"me","my_health":28,"opponent_health":30,"my_armor":0,"opponent_armor":0,"my_hand":8,"opponent_hand":5,"my_board":[],"opponent_board":[]},{"turn":5,"cards_played":["Deathlord"],"current_player":"opponent","my_health":28,"opponent_health":30,"my_armor":0,"opponent_armor":0,"my_hand":8,"opponent_hand":5,"my_board":[],"opponent_board":[{"card_name":"Deathlord","card_health":8,"card_attack":2}]},{"turn":6,"cards_played":["Imp Gang Boss"],"current_player":"me","my_health":28,"opponent_health":30,"my_armor":0,"opponent_armor":0,"my_hand":8,"opponent_hand":5,"my_board":[{"card_name":"Imp Gang Boss","card_health":4,"card_attack":2}],"opponent_board":[{"card_name":"Deathlord","card_health":8,"card_attack":2}]},{"turn":7,"cards_played":["Lesser Heal","Lesser Heal","Power Word: Shield"],"current_player":"opponent","my_health":28,"opponent_health":30,"my_armor":0,"opponent_armor":0,"my_hand":8,"opponent_hand":6,"my_board":[{"card_name":"Imp Gang Boss","card_health":2,"card_attack":2},{"card_name":"Imp","card_health":1,"card_attack":1}],"opponent_board":[{"card_name":"Deathlord","card_health":8,"card_attack":2}]},{"turn":8,"cards_played":["Imp-losion","The Coin","Power Overwhelming"],"current_player":"me","my_health":28,"opponent_health":30,"my_armor":0,"opponent_armor":0,"my_hand":6,"opponent_hand":6,"my_board":[{"card_name":"Dark Peddler","card_health":2,"card_attack":2},{"card_name":"Imp","card_health":1,"card_attack":1},{"card_name":"Imp","card_health":1,"card_attack":1},{"card_name":"Imp","card_health":1,"card_attack":1},{"card_name":"Imp","card_health":1,"card_attack":1}],"opponent_board":[]},{"turn":9,"cards_played":["Excavated Evil"],"current_player":"opponent","my_health":28,"opponent_health":30,"my_armor":0,"opponent_armor":0,"my_hand":6,"opponent_hand":6,"my_board":[],"opponent_board":[]},{"turn":10,"cards_played":["Feugen"],"current_player":"me","my_health":28,"opponent_health":30,"my_armor":0,"opponent_armor":0,"my_hand":6,"opponent_hand":6,"my_board":[{"card_name":"Feugen","card_health":7,"card_attack":4}],"opponent_board":[]},{"turn":11,"cards_played":["Sludge Belcher","Power Word: Shield"],"current_player":"opponent","my_health":28,"opponent_health":30,"my_armor":0,"opponent_armor":0,"my_hand":6,"opponent_hand":6,"my_board":[{"card_name":"Feugen","card_health":7,"card_attack":4}],"opponent_board":[{"card_name":"Sludge Belcher","card_health":5,"card_attack":3}]},{"turn":12,"cards_played":["Stalagg"],"current_player":"me","my_health":28,"opponent_health":30,"my_armor":0,"opponent_armor":0,"my_hand":6,"opponent_hand":6,"my_board":[{"card_name":"Stalagg","card_health":4,"card_attack":7},{"card_name":"Feugen","card_health":4,"card_attack":4}],"opponent_board":[{"card_name":"Sludge Belcher","card_health":3,"card_attack":3}]},{"turn":13,"cards_played":["Justicar Trueheart"],"current_player":"opponent","my_health":25,"opponent_health":30,"my_armor":0,"opponent_armor":0,"my_hand":6,"opponent_hand":6,"my_board":[{"card_name":"Stalagg","card_health":4,"card_attack":7},{"card_name":"Feugen","card_health":4,"card_attack":4}],"opponent_board":[{"card_name":"Justicar Trueheart","card_health":3,"card_attack":6},{"card_name":"Sludge Belcher","card_health":3,"card_attack":3}]},{"turn":14,"cards_played":["Refreshment Vendor","Life Tap"],"current_player":"me","my_health":27,"opponent_health":30,"my_armor":0,"opponent_armor":0,"my_hand":7,"opponent_hand":6,"my_board":[{"card_name":"Stalagg","card_health":3,"card_attack":7},{"card_name":"Feugen","card_health":1,"card_attack":4},{"card_name":"Refreshment Vendor","card_health":5,"card_attack":3}],"opponent_board":[{"card_name":"Justicar Trueheart","card_health":3,"card_attack":6}]},{"turn":15,"cards_played":["Auchenai Soulpriest","Heal","Heal"],"current_player":"opponent","my_health":27,"opponent_health":30,"my_armor":0,"opponent_armor":0,"my_hand":7,"opponent_hand":6,"my_board":[{"card_name":"Feugen","card_health":1,"card_attack":4}],"opponent_board":[{"card_name":"Auchenai Soulpriest","card_health":5,"card_attack":3}]},{"turn":16,"cards_played":["Dr. Boom"],"current_player":"me","my_health":27,"opponent_health":26,"my_armor":0,"opponent_armor":0,"my_hand":7,"opponent_hand":6,"my_board":[{"card_name":"Dr. Boom","card_health":7,"card_attack":7},{"card_name":"Feugen","card_health":1,"card_attack":4},{"card_name":"Boom Bot","card_health":1,"card_attack":1},{"card_name":"Boom Bot","card_health":1,"card_attack":1}],"opponent_board":[{"card_name":"Auchenai Soulpriest","card_health":5,"card_attack":3}]},{"turn":17,"cards_played":["Cabal Shadow Priest","Shadow Word: Death"],"current_player":"opponent","my_health":27,"opponent_health":26,"my_armor":0,"opponent_armor":0,"my_hand":7,"opponent_hand":5,"my_board":[{"card_name":"Dr. Boom","card_health":7,"card_attack":7},{"card_name":"Boom Bot","card_health":1,"card_attack":1}],"opponent_board":[{"card_name":"Cabal Shadow Priest","card_health":5,"card_attack":4},{"card_name":"Auchenai Soulpriest","card_health":1,"card_attack":3},{"card_name":"Boom Bot","card_health":1,"card_attack":1}]},{"turn":18,"cards_played":["Lord Jaraxxus"],"current_player":"me","my_health":15,"opponent_health":21,"my_armor":0,"opponent_armor":0,"my_hand":7,"opponent_hand":5,"my_board":[{"card_name":"Dr. Boom","card_health":3,"card_attack":7},{"card_name":"Lord Jaraxxus","card_health":15,"card_attack":3}],"opponent_board":[{"card_name":"Boom Bot","card_health":1,"card_attack":1}]},{"turn":19,"cards_played":["Auchenai Soulpriest","Deathlord","Heal","Heal"],"current_player":"opponent","my_health":14,"opponent_health":21,"my_armor":0,"opponent_armor":0,"my_hand":7,"opponent_hand":4,"my_board":[{"card_name":"Lord Jaraxxus","card_health":14,"card_attack":0}],"opponent_board":[{"card_name":"Auchenai Soulpriest","card_health":5,"card_attack":3},{"card_name":"Deathlord","card_health":8,"card_attack":2}]},{"turn":20,"cards_played":["Sludge Belcher","INFERNO!"],"current_player":"me","my_health":14,"opponent_health":21,"my_armor":0,"opponent_armor":0,"my_hand":7,"opponent_hand":4,"my_board":[{"card_name":"Sludge Belcher","card_health":5,"card_attack":3},{"card_name":"Lord Jaraxxus","card_health":14,"card_attack":3},{"card_name":"Infernal","card_health":6,"card_attack":6}],"opponent_board":[{"card_name":"Auchenai Soulpriest","card_health":5,"card_attack":3},{"card_name":"Deathlord","card_health":8,"card_attack":2}]},{"turn":21,"cards_played":["Heal","Heal"],"current_player":"opponent","my_health":10,"opponent_health":21,"my_armor":0,"opponent_armor":0,"my_hand":7,"opponent_hand":5,"my_board":[{"card_name":"Sludge Belcher","card_health":5,"card_attack":3},{"card_name":"Lord Jaraxxus","card_health":10,"card_attack":0},{"card_name":"Infernal","card_health":6,"card_attack":6}],"opponent_board":[{"card_name":"Auchenai Soulpriest","card_health":5,"card_attack":3},{"card_name":"Deathlord","card_health":8,"card_attack":2}]},{"turn":22,"cards_played":["Brann Bronzebeard","Defender of Argus","INFERNO!"],"current_player":"me","my_health":10,"opponent_health":18,"my_armor":0,"opponent_armor":0,"my_hand":6,"opponent_hand":5,"my_board":[{"card_name":"Sludge Belcher","card_health":4,"card_attack":5},{"card_name":"Ironbeak Owl","card_health":1,"card_attack":2},{"card_name":"Brann Bronzebeard","card_health":4,"card_attack":2},{"card_name":"Defender of Argus","card_health":3,"card_attack":2},{"card_name":"Lord Jaraxxus","card_health":10,"card_attack":3},{"card_name":"Infernal","card_health":6,"card_attack":8},{"card_name":"Infernal","card_health":6,"card_attack":6}],"opponent_board":[]},{"turn":23,"cards_played":["Lightbomb","Thoughtsteal","Flash Heal"],"current_player":"opponent","my_health":10,"opponent_health":18,"my_armor":0,"opponent_armor":0,"my_hand":6,"opponent_hand":5,"my_board":[{"card_name":"Brann Bronzebeard","card_health":2,"card_attack":2},{"card_name":"Defender of Argus","card_health":1,"card_attack":2},{"card_name":"Lord Jaraxxus","card_health":10,"card_attack":0},{"card_name":"Slime","card_health":2,"card_attack":1}],"opponent_board":[]},{"turn":24,"cards_played":["INFERNO!"],"current_player":"me","my_health":10,"opponent_health":15,"my_armor":0,"opponent_armor":0,"my_hand":7,"opponent_hand":5,"my_board":[{"card_name":"Brann Bronzebeard","card_health":2,"card_attack":2},{"card_name":"Defender of Argus","card_health":1,"card_attack":2},{"card_name":"Lord Jaraxxus","card_health":10,"card_attack":3},{"card_name":"Slime","card_health":2,"card_attack":1},{"card_name":"Infernal","card_health":6,"card_attack":6}],"opponent_board":[]},{"turn":25,"cards_played":["Cabal Shadow Priest","Heal","Heal","Circle of Healing"],"current_player":"opponent","my_health":10,"opponent_health":19,"my_armor":0,"opponent_armor":0,"my_hand":7,"opponent_hand":4,"my_board":[{"card_name":"Defender of Argus","card_health":1,"card_attack":2},{"card_name":"Lord Jaraxxus","card_health":10,"card_attack":0},{"card_name":"Slime","card_health":2,"card_attack":1},{"card_name":"Infernal","card_health":6,"card_attack":6}],"opponent_board":[{"card_name":"Cabal Shadow Priest","card_health":5,"card_attack":4},{"card_name":"Brann Bronzebeard","card_health":2,"card_attack":2}]},{"turn":26,"cards_played":["Antique Healbot","INFERNO!"],"current_player":"me","my_health":15,"opponent_health":17,"my_armor":0,"opponent_armor":0,"my_hand":7,"opponent_hand":4,"my_board":[{"card_name":"Antique Healbot","card_health":3,"card_attack":3},{"card_name":"Defender of Argus","card_health":3,"card_attack":2},{"card_name":"Lord Jaraxxus","card_health":15,"card_attack":3},{"card_name":"Infernal","card_health":2,"card_attack":6},{"card_name":"Infernal","card_health":6,"card_attack":6}],"opponent_board":[]},{"turn":27,"cards_played":["Holy Nova","Sludge Belcher"],"current_player":"opponent","my_health":13,"opponent_health":19,"my_armor":0,"opponent_armor":0,"my_hand":7,"opponent_hand":3,"my_board":[{"card_name":"Antique Healbot","card_health":1,"card_attack":3},{"card_name":"Defender of Argus","card_health":1,"card_attack":2},{"card_name":"Lord Jaraxxus","card_health":13,"card_attack":0},{"card_name":"Infernal","card_health":4,"card_attack":6}],"opponent_board":[{"card_name":"Sludge Belcher","card_health":5,"card_attack":3}]},{"turn":28,"cards_played":["INFERNO!","Loatheb"],"current_player":"me","my_health":12,"opponent_health":14,"my_armor":0,"opponent_armor":0,"my_hand":7,"opponent_hand":3,"my_board":[{"card_name":"Antique Healbot","card_health":1,"card_attack":3},{"card_name":"Defender of Argus","card_health":1,"card_attack":2},{"card_name":"Loatheb","card_health":5,"card_attack":5},{"card_name":"Lord Jaraxxus","card_health":12,"card_attack":3},{"card_name":"Infernal","card_health":1,"card_attack":6},{"card_name":"Infernal","card_health":6,"card_attack":6}],"opponent_board":[]},{"turn":29,"cards_played":["Loatheb","Heal"],"current_player":"opponent","my_health":12,"opponent_health":18,"my_armor":0,"opponent_armor":0,"my_hand":7,"opponent_hand":3,"my_board":[{"card_name":"Antique Healbot","card_health":1,"card_attack":3},{"card_name":"Defender of Argus","card_health":1,"card_attack":2},{"card_name":"Loatheb","card_health":5,"card_attack":5},{"card_name":"Lord Jaraxxus","card_health":12,"card_attack":0},{"card_name":"Infernal","card_health":1,"card_attack":6},{"card_name":"Infernal","card_health":6,"card_attack":6}],"opponent_board":[{"card_name":"Loatheb","card_health":5,"card_attack":5}]},{"turn":30,"cards_played":[],"current_player":"me","my_health":12,"opponent_health":18,"my_armor":0,"opponent_armor":0,"my_hand":8,"opponent_hand":3,"my_board":[{"card_name":"Antique Healbot","card_health":1,"card_attack":3},{"card_name":"Defender of Argus","card_health":1,"card_attack":2},{"card_name":"Loatheb","card_health":5,"card_attack":5},{"card_name":"Lord Jaraxxus","card_health":12,"card_attack":3},{"card_name":"Infernal","card_health":1,"card_attack":6},{"card_name":"Infernal","card_health":6,"card_attack":6}],"opponent_board":[{"card_name":"Loatheb","card_health":5,"card_attack":5}]}],"result":"victory"}