{"plays":[{"turn":1,"cards_played":[],"current_player":"opponent","my_health":0,"opponent_health":0,"my_armor":0,"opponent_armor":0,"my_hand":1,"opponent_hand":0,"my_board":[],"opponent_board":[]},{"turn":2,"cards_played":[],"current_player":"me","my_health":30,"opponent_health":30,"my_armor":0,"opponent_armor":0,"my_hand":6,"opponent_hand":3,"my_board":[],"opponent_board":[]},{"turn":3,"cards_played":["Haunted Creeper"],"current_player":"opponent","my_health":30,"opponent_health":30,"my_armor":0,"opponent_armor":0,"my_hand":6,"opponent_hand":3,"my_board":[],"opponent_board":[{"card_name":"Haunted Creeper","card_health":2,"card_attack":1}]},{"turn":4,"cards_played":["Life Tap"],"current_player":"me","my_health":28,"opponent_health":30,"my_armor":0,"opponent_armor":0,"my_hand":8,"opponent_hand":3,"my_board":[],"opponent_board":[{"card_name":"Haunted Creeper","card_health":2,"card_attack":1}]},{"turn":5,"cards_played":["Reinforce"],"current_player":"opponent","my_health":27,"opponent_health":30,"my_armor":0,"opponent_armor":0,"my_hand":8,"opponent_hand":3,"my_board":[],"opponent_board":[{"card_name":"Haunted Creeper","card_health":2,"card_attack":1},{"card_name":"Silver Hand Recruit","card_health":1,"card_attack":1}]},{"turn":6,"cards_played":["Mortal Coil","Ironbeak Owl"],"current_player":"me","my_health":27,"opponent_health":30,"my_armor":0,"opponent_armor":0,"my_hand":8,"opponent_hand":3,"my_board":[{"card_name":"Ironbeak Owl","card_health":1,"card_attack":2}],"opponent_board":[{"card_name":"Haunted Creeper","card_health":4,"card_attack":4},{"card_name":"Silver Hand Recruit","card_health":1,"card_attack":1}]},{"turn":7,"cards_played":["Reinforce","Haunted Creeper"],"current_player":"opponent","my_health":26,"opponent_health":30,"my_armor":0,"opponent_armor":0,"my_hand":8,"opponent_hand":3,"my_board":[],"opponent_board":[{"card_name":"Haunted Creeper","card_health":2,"card_attack":1},{"card_name":"Haunted Creeper","card_health":2,"card_attack":1},{"card_name":"Silver Hand Recruit","card_health":1,"card_attack":1}]},{"turn":8,"cards_played":["Imp-losion"],"current_player":"me","my_health":26,"opponent_health":30,"my_armor":0,"opponent_armor":0,"my_hand":8,"opponent_hand":3,"my_board":[{"card_name":"Imp","card_health":1,"card_attack":1},{"card_name":"Imp","card_health":1,"card_attack":1},{"card_name":"Imp","card_health":1,"card_attack":1},{"card_name":"Imp","card_health":1,"card_attack":1}],"opponent_board":[{"card_name":"Haunted Creeper","card_health":2,"card_attack":1},{"card_name":"Silver Hand Recruit","card_health":1,"card_attack":1}]},{"turn":9,"cards_played":["Loatheb"],"current_player":"opponent","my_health":24,"opponent_health":30,"my_armor":0,"opponent_armor":0,"my_hand":8,"opponent_hand":3,"my_board":[{"card_name":"Imp","card_health":1,"card_attack":1},{"card_name":"Imp","card_health":1,"card_attack":1},{"card_name":"Imp","card_health":1,"card_attack":1},{"card_name":"Imp","card_health":1,"card_attack":1}],"opponent_board":[{"card_name":"Loatheb","card_health":5,"card_attack":5},{"card_name":"Haunted Creeper","card_health":2,"card_attack":1},{"card_name":"Silver Hand Recruit","card_health":1,"card_attack":1}]},{"turn":10,"cards_played":["Stalagg"],"current_player":"me","my_health":24,"opponent_health":27,"my_armor":0,"opponent_armor":0,"my_hand":8,"opponent_hand":3,"my_board":[{"card_name":"Stalagg","card_health":4,"card_attack":7},{"card_name":"Imp","card_health":1,"card_attack":1},{"card_name":"Imp","card_health":1,"card_attack":1},{"card_name":"Imp","card_health":1,"card_attack":1}],"opponent_board":[{"card_name":"Loatheb","card_health":5,"card_attack":5},{"card_name":"Haunted Creeper","card_health":2,"card_attack":1}]},{"turn":11,"cards_played":["Mysterious Challenger"],"current_player":"opponent","my_health":18,"opponent_health":27,"my_armor":0,"opponent_armor":0,"my_hand":8,"opponent_hand":3,"my_board":[{"card_name":"Stalagg","card_health":4,"card_attack":7},{"card_name":"Imp","card_health":1,"card_attack":1},{"card_name":"Imp","card_health":1,"card_attack":1},{"card_name":"Imp","card_health":1,"card_attack":1}],"opponent_board":[{"card_name":"Loatheb","card_health":5,"card_attack":5},{"card_name":"Mysterious Challenger","card_health":6,"card_attack":6},{"card_name":"Haunted Creeper","card_health":2,"card_attack":1}]},{"turn":12,"cards_played":["Big Game Hunter","Imp Gang Boss"],"current_player":"me","my_health":18,"opponent_health":25,"my_armor":0,"opponent_armor":0,"my_hand":7,"opponent_hand":3,"my_board":[{"card_name":"Imp Gang Boss","card_health":4,"card_attack":2},{"card_name":"Big Game Hunter","card_health":1,"card_attack":4},{"card_name":"Imp","card_health":1,"card_attack":1},{"card_name":"Imp","card_health":1,"card_attack":1}],"opponent_board":[{"card_name":"Haunted Creeper","card_health":2,"card_attack":1}]},{"turn":13,"cards_played":["Secretkeeper","Consecration"],"current_player":"opponent","my_health":16,"opponent_health":25,"my_armor":0,"opponent_armor":0,"my_hand":7,"opponent_hand":1,"my_board":[{"card_name":"Imp Gang Boss","card_health":2,"card_attack":2}],"opponent_board":[{"card_name":"Secretkeeper","card_health":3,"card_attack":2},{"card_name":"Haunted Creeper","card_health":1,"card_attack":1}]},{"turn":14,"cards_played":["Dark Peddler","Elven Archer","The Coin","Sludge Belcher"],"current_player":"me","my_health":16,"opponent_health":25,"my_armor":0,"opponent_armor":0,"my_hand":5,"opponent_hand":1,"my_board":[{"card_name":"Sludge Belcher","card_health":5,"card_attack":3},{"card_name":"Dark Peddler","card_health":2,"card_attack":2},{"card_name":"Elven Archer","card_health":1,"card_attack":1},{"card_name":"Imp","card_health":1,"card_attack":1}],"opponent_board":[{"card_name":"Haunted Creeper","card_health":1,"card_attack":1}]},{"turn":15,"cards_played":["Tirion Fordring"],"current_player":"opponent","my_health":16,"opponent_health":25,"my_armor":0,"opponent_armor":0,"my_hand":5,"opponent_hand":1,"my_board":[{"card_name":"Sludge Belcher","card_health":5,"card_attack":3},{"card_name":"Dark Peddler","card_health":2,"card_attack":2},{"card_name":"Elven Archer","card_health":1,"card_attack":1},{"card_name":"Imp","card_health":1,"card_attack":1}],"opponent_board":[{"card_name":"Tirion Fordring","card_health":6,"card_attack":6},{"card_name":"Haunted Creeper","card_health":2,"card_attack":2}]},{"turn":16,"cards_played":["Power Overwhelming","Life Tap","Molten Giant"],"current_player":"me","my_health":14,"opponent_health":25,"my_armor":0,"opponent_armor":0,"my_hand":5,"opponent_hand":1,"my_board":[{"card_name":"Molten Giant","card_health":8,"card_attack":8},{"card_name":"Sludge Belcher","card_health":3,"card_attack":3}],"opponent_board":[{"card_name":"Spectral Spider","card_health":1,"card_attack":1}]},{"turn":17,"cards_played":["Knife Juggler","Mysterious Challenger"],"current_player":"opponent","my_health":14,"opponent_health":22,"my_armor":0,"opponent_armor":0,"my_hand":5,"opponent_hand":0,"my_board":[{"card_name":"Molten Giant","card_health":8,"card_attack":8},{"card_name":"Slime","card_health":2,"card_attack":1}],"opponent_board":[{"card_name":"Mysterious Challenger","card_health":6,"card_attack":6},{"card_name":"Knife Juggler","card_health":2,"card_attack":3},{"card_name":"Spectral Spider","card_health":1,"card_attack":1}]},{"turn":18,"cards_played":["Feugen","Shadowflame"],"current_player":"me","my_health":14,"opponent_health":21,"my_armor":0,"opponent_armor":0,"my_hand":4,"opponent_hand":0,"my_board":[{"card_name":"Feugen","card_health":7,"card_attack":4},{"card_name":"Slime","card_health":1,"card_attack":1}],"opponent_board":[]},{"turn":19,"cards_played":["Reinforce"],"current_player":"opponent","my_health":14,"opponent_health":21,"my_armor":0,"opponent_armor":0,"my_hand":4,"opponent_hand":1,"my_board":[{"card_name":"Feugen","card_health":7,"card_attack":4},{"card_name":"Slime","card_health":1,"card_attack":1}],"opponent_board":[{"card_name":"Silver Hand Recruit","card_health":1,"card_attack":1}]},{"turn":20,"cards_played":["Life Tap","Brann Bronzebeard","Loatheb"],"current_player":"me","my_health":12,"opponent_health":20,"my_armor":0,"opponent_armor":0,"my_hand":4,"opponent_hand":1,"my_board":[{"card_name":"Loatheb","card_health":5,"card_attack":5},{"card_name":"Brann Bronzebeard","card_health":4,"card_attack":2},{"card_name":"Feugen","card_health":6,"card_attack":4},{"card_name":"Slime","card_health":1,"card_attack":1}],"opponent_board":[]},{"turn":21,"cards_played":["Dr. Boom","Reinforce"],"current_player":"opponent","my_health":12,"opponent_health":19,"my_armor":0,"opponent_armor":0,"my_hand":4,"opponent_hand":1,"my_board":[{"card_name":"Loatheb","card_health":5,"card_attack":5},{"card_name":"Brann Bronzebeard","card_health":4,"card_attack":2},{"card_name":"Feugen","card_health":6,"card_attack":4}],"opponent_board":[{"card_name":"Dr. Boom","card_health":7,"card_attack":7},{"card_name":"Boom Bot","card_health":1,"card_attack":1},{"card_name":"Boom Bot","card_health":1,"card_attack":1},{"card_name":"Silver Hand Recruit","card_health":1,"card_attack":1}]},{"turn":22,"cards_played":["Demonwrath","Life Tap","Refreshment Vendor"],"current_player":"me","my_health":7,"opponent_health":13,"my_armor":0,"opponent_armor":0,"my_hand":4,"opponent_hand":1,"my_board":[{"card_name":"Brann Bronzebeard","card_health":1,"card_attack":2},{"card_name":"Refreshment Vendor","card_health":5,"card_attack":3},{"card_name":"Feugen","card_health":4,"card_attack":4}],"opponent_board":[]},{"turn":23,"cards_played":["Truesilver Champion","Reinforce"],"current_player":"opponent","my_health":15,"opponent_health":18,"my_armor":0,"opponent_armor":0,"my_hand":4,"opponent_hand":1,"my_board":[{"card_name":"Brann Bronzebeard","card_health":1,"card_attack":2},{"card_name":"Feugen","card_health":4,"card_attack":4}],"opponent_board":[{"card_name":"Silver Hand Recruit","card_health":1,"card_attack":1}]},{"turn":24,"cards_played":["Dr. Boom"],"current_player":"me","my_health":15,"opponent_health":16,"my_armor":0,"opponent_armor":0,"my_hand":4,"opponent_hand":1,"my_board":[{"card_name":"Dr. Boom","card_health":7,"card_attack":7},{"card_name":"Brann Bronzebeard","card_health":1,"card_attack":2},{"card_name":"Feugen","card_health":3,"card_attack":4},{"card_name":"Boom Bot","card_health":1,"card_attack":1},{"card_name":"Boom Bot","card_health":1,"card_attack":1},{"card_name":"Boom Bot","card_health":1,"card_attack":1},{"card_name":"Boom Bot","card_health":1,"card_attack":1}],"opponent_board":[]},{"turn":25,"cards_played":["Shielded Minibot","Blessing of Kings","Reinforce"],"current_player":"opponent","my_health":11,"opponent_health":18,"my_armor":0,"opponent_armor":0,"my_hand":4,"opponent_hand":0,"my_board":[{"card_name":"Dr. Boom","card_health":7,"card_attack":7},{"card_name":"Brann Bronzebeard","card_health":1,"card_attack":2},{"card_name":"Feugen","card_health":3,"card_attack":4},{"card_name":"Boom Bot","card_health":1,"card_attack":1},{"card_name":"Boom Bot","card_health":1,"card_attack":1},{"card_name":"Boom Bot","card_health":1,"card_attack":1},{"card_name":"Boom Bot","card_health":1,"card_attack":1}],"opponent_board":[{"card_name":"Shielded Minibot","card_health":6,"card_attack":6},{"card_name":"Silver Hand Recruit","card_health":1,"card_attack":1}]},{"turn":26,"cards_played":[],"current_player":"me","my_health":11,"opponent_health":-2,"my_armor":0,"opponent_armor":0,"my_hand":5,"opponent_hand":0,"my_board":[{"card_name":"Dr. Boom","card_health":7,"card_attack":7},{"card_name":"Brann Bronzebeard","card_health":1,"card_attack":2},{"card_name":"Feugen","card_health":3,"card_attack":4},{"card_name":"Boom Bot","card_health":1,"card_attack":1},{"card_name":"Boom Bot","card_health":1,"card_attack":1}],"opponent_board":[{"card_name":"Shielded Minibot","card_health":6,"card_attack":6}]}],"result":"victory"}