{"plays":[{"turn":1,"cards_played":[],"current_player":"opponent","my_health":0,"opponent_health":0,"my_armor":0,"opponent_armor":0,"my_hand":1,"opponent_hand":0,"my_board":[],"opponent_board":[]},{"turn":2,"cards_played":["Flame Imp"],"current_player":"me","my_health":30,"opponent_health":30,"my_armor":0,"opponent_armor":0,"my_hand":5,"opponent_hand":4,"my_board":[{"card_name":"Flame Imp","card_health":2,"card_attack":3}],"opponent_board":[]},{"turn":3,"cards_played":["Totemic Call"],"current_player":"opponent","my_health":27,"opponent_health":30,"my_armor":0,"opponent_armor":0,"my_hand":5,"opponent_hand":5,"my_board":[{"card_name":"Flame Imp","card_health":2,"card_attack":3}],"opponent_board":[{"card_name":"Healing Totem","card_health":2,"card_attack":0}]},{"turn":4,"cards_played":["Haunted Creeper"],"current_player":"me","my_health":27,"opponent_health":30,"my_armor":0,"opponent_armor":0,"my_hand":5,"opponent_hand":5,"my_board":[{"card_name":"Haunted Creeper","card_health":2,"card_attack":1},{"card_name":"Flame Imp","card_health":2,"card_attack":3}],"opponent_board":[]},{"turn":5,"cards_played":["Unbound Elemental"],"current_player":"opponent","my_health":27,"opponent_health":30,"my_armor":0,"opponent_armor":0,"my_hand":5,"opponent_hand":5,"my_board":[{"card_name":"Haunted Creeper","card_health":2,"card_attack":1},{"card_name":"Flame Imp","card_health":2,"card_attack":3}],"opponent_board":[{"card_name":"Unbound Elemental","card_health":4,"card_attack":2}]},{"turn":6,"cards_played":["Mortal Coil","The Coin","Imp Gang Boss"],"current_player":"me","my_health":27,"opponent_health":29,"my_armor":0,"opponent_armor":0,"my_hand":4,"opponent_hand":5,"my_board":[{"card_name":"Haunted Creeper","card_health":2,"card_attack":1},{"card_name":"Imp Gang Boss","card_health":4,"card_attack":2}],"opponent_board":[]},{"turn":7,"cards_played":["Jeweled Scarab","Totemic Call"],"current_player":"opponent","my_health":27,"opponent_health":29,"my_armor":0,"opponent_armor":0,"my_hand":4,"opponent_hand":6,"my_board":[{"card_name":"Haunted Creeper","card_health":2,"card_attack":1},{"card_name":"Imp Gang Boss","card_health":4,"card_attack":2}],"opponent_board":[{"card_name":"Jeweled Scarab","card_health":1,"card_attack":1},{"card_name":"Searing Totem","card_health":1,"card_attack":1}]},{"turn":8,"cards_played":["Chillwind Yeti"],"current_player":"me","my_health":27,"opponent_health":29,"my_armor":0,"opponent_armor":0,"my_hand":4,"opponent_hand":6,"my_board":[{"card_name":"Chillwind Yeti","card_health":5,"card_attack":4},{"card_name":"Haunted Creeper","card_health":1,"card_attack":1},{"card_name":"Imp Gang Boss","card_health":3,"card_attack":2},{"card_name":"Imp","card_health":1,"card_attack":1}],"opponent_board":[]},{"turn":9,"cards_played":["Tuskarr Totemic","Totemic Call"],"current_player":"opponent","my_health":27,"opponent_health":29,"my_armor":0,"opponent_armor":0,"my_hand":4,"opponent_hand":6,"my_board":[{"card_name":"Chillwind Yeti","card_health":5,"card_attack":4},{"card_name":"Haunted Creeper","card_health":1,"card_attack":1},{"card_name":"Imp Gang Boss","card_health":3,"card_attack":2},{"card_name":"Imp","card_health":1,"card_attack":1}],"opponent_board":[{"card_name":"Tuskarr Totemic","card_health":2,"card_attack":3},{"card_name":"Vitality Totem","card_health":3,"card_attack":0},{"card_name":"Healing Totem","card_health":2,"card_attack":0}]},{"turn":10,"cards_played":["Sludge Belcher"],"current_player":"me","my_health":27,"opponent_health":30,"my_armor":0,"opponent_armor":0,"my_hand":4,"opponent_hand":6,"my_board":[{"card_name":"Sludge Belcher","card_health":5,"card_attack":3},{"card_name":"Chillwind Yeti","card_health":5,"card_attack":4},{"card_name":"Imp Gang Boss","card_health":3,"card_attack":2},{"card_name":"Spectral Spider","card_health":1,"card_attack":1},{"card_name":"Spectral Spider","card_health":1,"card_attack":1}],"opponent_board":[]},{"turn":11,"cards_played":["Mind Control Tech","Totemic Call"],"current_player":"opponent","my_health":27,"opponent_health":30,"my_armor":0,"opponent_armor":0,"my_hand":4,"opponent_hand":6,"my_board":[{"card_name":"Sludge Belcher","card_health":5,"card_attack":3},{"card_name":"Imp Gang Boss","card_health":3,"card_attack":2},{"card_name":"Spectral Spider","card_health":1,"card_attack":1},{"card_name":"Spectral Spider","card_health":1,"card_attack":1}],"opponent_board":[{"card_name":"Chillwind Yeti","card_health":5,"card_attack":4},{"card_name":"Mind Control Tech","card_health":3,"card_attack":3},{"card_name":"Wrath of Air Totem","card_health":2,"card_attack":0}]},{"turn":12,"cards_played":["Earthen Ring Farseer","Life Tap"],"current_player":"me","my_health":25,"opponent_health":28,"my_armor":0,"opponent_armor":0,"my_hand":5,"opponent_hand":6,"my_board":[{"card_name":"Sludge Belcher","card_health":5,"card_attack":3},{"card_name":"Imp Gang Boss","card_health":3,"card_attack":2},{"card_name":"Earthen Ring Farseer","card_health":3,"card_attack":3},{"card_name":"Spectral Spider","card_health":1,"card_attack":1},{"card_name":"Spectral Spider","card_health":1,"card_attack":1}],"opponent_board":[{"card_name":"Chillwind Yeti","card_health":5,"card_attack":4}]},{"turn":13,"cards_played":["Windfury","Flametongue Totem","Ancestral Healing","Totemic Call"],"current_player":"opponent","my_health":25,"opponent_health":28,"my_armor":0,"opponent_armor":0,"my_hand":5,"opponent_hand":4,"my_board":[{"card_name":"Imp Gang Boss","card_health":3,"card_attack":2},{"card_name":"Earthen Ring Farseer","card_health":3,"card_attack":3},{"card_name":"Spectral Spider","card_health":1,"card_attack":1},{"card_name":"Spectral Spider","card_health":1,"card_attack":1}],"opponent_board":[{"card_name":"Chillwind Yeti","card_health":5,"card_attack":6},{"card_name":"Flametongue Totem","card_health":3,"card_attack":0},{"card_name":"Healing Totem","card_health":2,"card_attack":0}]},{"turn":14,"cards_played":["Fearsome Doomguard"],"current_player":"me","my_health":25,"opponent_health":28,"my_armor":0,"opponent_armor":0,"my_hand":5,"opponent_hand":4,"my_board":[{"card_name":"Fearsome Doomguard","card_health":8,"card_attack":6},{"card_name":"Imp Gang Boss","card_health":1,"card_attack":2},{"card_name":"Imp","card_health":1,"card_attack":1}],"opponent_board":[{"card_name":"Flametongue Totem","card_health":3,"card_attack":0}]},{"turn":15,"cards_played":["Earth Shock","Totemic Call","Fireguard Destroyer"],"current_player":"opponent","my_health":25,"opponent_health":28,"my_armor":0,"opponent_armor":0,"my_hand":5,"opponent_hand":3,"my_board":[{"card_name":"Fearsome Doomguard","card_health":8,"card_attack":6},{"card_name":"Imp","card_health":1,"card_attack":1}],"opponent_board":[{"card_name":"Flametongue Totem","card_health":3,"card_attack":0},{"card_name":"Fireguard Destroyer","card_health":6,"card_attack":5},{"card_name":"Stoneclaw Totem","card_health":2,"card_attack":2}]},{"turn":16,"cards_played":["Hellfire","Razorfen Hunter","Zombie Chow"],"current_player":"me","my_health":22,"opponent_health":19,"my_armor":0,"opponent_armor":0,"my_hand":3,"opponent_hand":3,"my_board":[{"card_name":"Razorfen Hunter","card_health":3,"card_attack":2},{"card_name":"Fearsome Doomguard","card_health":5,"card_attack":6},{"card_name":"Zombie Chow","card_health":3,"card_attack":2},{"card_name":"Boar","card_health":1,"card_attack":1}],"opponent_board":[{"card_name":"Fireguard Destroyer","card_health":3,"card_attack":5}]},{"turn":17,"cards_played":["Stormpike Commando","Tunnel Trogg","Totemic Call"],"current_player":"opponent","my_health":22,"opponent_health":19,"my_armor":0,"opponent_armor":0,"my_hand":3,"opponent_hand":2,"my_board":[{"card_name":"Razorfen Hunter","card_health":3,"card_attack":2},{"card_name":"Zombie Chow","card_health":3,"card_attack":2}],"opponent_board":[{"card_name":"Stormpike Commando","card_health":2,"card_attack":4},{"card_name":"Tunnel Trogg","card_health":3,"card_attack":1},{"card_name":"Healing Totem","card_health":2,"card_attack":0}]},{"turn":18,"cards_played":["Life Tap","Boulderfist Ogre"],"current_player":"me","my_health":20,"opponent_health":24,"my_armor":0,"opponent_armor":0,"my_hand":4,"opponent_hand":2,"my_board":[{"card_name":"Boulderfist Ogre","card_health":7,"card_attack":6},{"card_name":"Razorfen Hunter","card_health":3,"card_attack":2}],"opponent_board":[{"card_name":"Tunnel Trogg","card_health":3,"card_attack":1}]},{"turn":19,"cards_played":["Anubisath Sentinel","Rumbling Elemental"],"current_player":"opponent","my_health":19,"opponent_health":24,"my_armor":0,"opponent_armor":0,"my_hand":4,"opponent_hand":1,"my_board":[{"card_name":"Boulderfist Ogre","card_health":7,"card_attack":6},{"card_name":"Razorfen Hunter","card_health":3,"card_attack":2}],"opponent_board":[{"card_name":"Rumbling Elemental","card_health":6,"card_attack":2},{"card_name":"Anubisath Sentinel","card_health":4,"card_attack":4},{"card_name":"Tunnel Trogg","card_health":3,"card_attack":1}]},{"turn":20,"cards_played":["Life Tap","Power Overwhelming","Flesheating Ghoul","Void Terror"],"current_player":"me","my_health":17,"opponent_health":24,"my_armor":0,"opponent_armor":0,"my_hand":3,"opponent_hand":1,"my_board":[{"card_name":"Boulderfist Ogre","card_health":5,"card_attack":6},{"card_name":"Void Terror","card_health":9,"card_attack":9},{"card_name":"Flesheating Ghoul","card_health":3,"card_attack":3}],"opponent_board":[{"card_name":"Anubisath Sentinel","card_health":4,"card_attack":4}]},{"turn":21,"cards_played":["Totemic Call","Rockbiter Weapon","Ancient Brewmaster","Stoneclaw Totem"],"current_player":"opponent","my_health":17,"opponent_health":24,"my_armor":0,"opponent_armor":0,"my_hand":3,"opponent_hand":0,"my_board":[{"card_name":"Void Terror","card_health":9,"card_attack":9},{"card_name":"Flesheating Ghoul","card_health":3,"card_attack":6}],"opponent_board":[{"card_name":"Ancient Brewmaster","card_health":4,"card_attack":5},{"card_name":"Stoneclaw Totem","card_health":2,"card_attack":0}]}],"result":"victory"}