{"plays":[{"turn":1,"cards_played":[],"current_player":"opponent","my_health":0,"opponent_health":0,"my_armor":0,"opponent_armor":0,"my_hand":1,"opponent_hand":0,"my_board":[],"opponent_board":[]},{"turn":2,"cards_played":["Zombie Chow","The Coin","Haunted Creeper"],"current_player":"opponent","my_health":30,"opponent_health":30,"my_armor":0,"opponent_armor":0,"my_hand":3,"opponent_hand":4,"my_board":[{"card_name":"Zombie Chow","card_health":3,"card_attack":2}],"opponent_board":[{"card_name":"Haunted Creeper","card_health":2,"card_attack":1}]},{"turn":3,"cards_played":["Life Tap"],"current_player":"me","my_health":28,"opponent_health":28,"my_armor":0,"opponent_armor":0,"my_hand":5,"opponent_hand":4,"my_board":[{"card_name":"Zombie Chow","card_health":3,"card_attack":2}],"opponent_board":[{"card_name":"Haunted Creeper","card_health":2,"card_attack":1}]},{"turn":4,"cards_played":["Mad Scientist"],"current_player":"opponent","my_health":27,"opponent_health":28,"my_armor":0,"opponent_armor":0,"my_hand":5,"opponent_hand":4,"my_board":[{"card_name":"Zombie Chow","card_health":3,"card_attack":2}],"opponent_board":[{"card_name":"Haunted Creeper","card_health":2,"card_attack":1},{"card_name":"Mad Scientist","card_health":2,"card_attack":2}]},{"turn":5,"cards_played":["Life Tap","Mortal Coil"],"current_player":"me","my_health":25,"opponent_health":28,"my_armor":0,"opponent_armor":0,"my_hand":7,"opponent_hand":4,"my_board":[{"card_name":"Zombie Chow","card_health":2,"card_attack":2}],"opponent_board":[{"card_name":"Mad Scientist","card_health":2,"card_attack":2},{"card_name":"Spectral Spider","card_health":1,"card_attack":1}]},{"turn":6,"cards_played":["Abusive Sergeant","Steady Shot"],"current_player":"opponent","my_health":18,"opponent_health":28,"my_armor":0,"opponent_armor":0,"my_hand":7,"opponent_hand":4,"my_board":[{"card_name":"Zombie Chow","card_health":2,"card_attack":2}],"opponent_board":[{"card_name":"Mad Scientist","card_health":2,"card_attack":2},{"card_name":"Abusive Sergeant","card_health":1,"card_attack":2},{"card_name":"Spectral Spider","card_health":1,"card_attack":3}]},{"turn":7,"cards_played":["Imp-losion"],"current_player":"me","my_health":18,"opponent_health":28,"my_armor":0,"opponent_armor":0,"my_hand":7,"opponent_hand":4,"my_board":[{"card_name":"Imp","card_health":1,"card_attack":1},{"card_name":"Imp","card_health":1,"card_attack":1},{"card_name":"Imp","card_health":1,"card_attack":1}],"opponent_board":[{"card_name":"Spectral Spider","card_health":1,"card_attack":1}]},{"turn":8,"cards_played":["Steady Shot"],"current_player":"opponent","my_health":15,"opponent_health":30,"my_armor":0,"opponent_armor":0,"my_hand":7,"opponent_hand":5,"my_board":[{"card_name":"Imp","card_health":1,"card_attack":1},{"card_name":"Imp","card_health":1,"card_attack":1},{"card_name":"Imp","card_health":1,"card_attack":1}],"opponent_board":[{"card_name":"Spectral Spider","card_health":1,"card_attack":1}]},{"turn":9,"cards_played":["Antique Healbot"],"current_player":"me","my_health":13,"opponent_health":30,"my_armor":0,"opponent_armor":0,"my_hand":7,"opponent_hand":5,"my_board":[{"card_name":"Antique Healbot","card_health":3,"card_attack":3}],"opponent_board":[]},{"turn":10,"cards_played":["Eaglehorn Bow","Steady Shot"],"current_player":"opponent","my_health":16,"opponent_health":30,"my_armor":0,"opponent_armor":0,"my_hand":7,"opponent_hand":5,"my_board":[{"card_name":"Antique Healbot","card_health":3,"card_attack":3}],"opponent_board":[]},{"turn":11,"cards_played":["Acidic Swamp Ooze","Defender of Argus"],"current_player":"me","my_health":16,"opponent_health":26,"my_armor":0,"opponent_armor":0,"my_hand":6,"opponent_hand":5,"my_board":[{"card_name":"Antique Healbot","card_health":4,"card_attack":4},{"card_name":"Defender of Argus","card_health":3,"card_attack":2},{"card_name":"Acidic Swamp Ooze","card_health":3,"card_attack":4}],"opponent_board":[]},{"turn":12,"cards_played":["Ironbeak Owl","Ironbeak Owl"],"current_player":"opponent","my_health":16,"opponent_health":26,"my_armor":0,"opponent_armor":0,"my_hand":6,"opponent_hand":3,"my_board":[{"card_name":"Antique Healbot","card_health":3,"card_attack":3},{"card_name":"Defender of Argus","card_health":3,"card_attack":2},{"card_name":"Acidic Swamp Ooze","card_health":2,"card_attack":3}],"opponent_board":[{"card_name":"Ironbeak Owl","card_health":1,"card_attack":2},{"card_name":"Ironbeak Owl","card_health":1,"card_attack":2}]},{"turn":13,"cards_played":["Mind Control Tech","Darkbomb"],"current_player":"me","my_health":16,"opponent_health":26,"my_armor":0,"opponent_armor":0,"my_hand":5,"opponent_hand":3,"my_board":[{"card_name":"Antique Healbot","card_health":2,"card_attack":3},{"card_name":"Defender of Argus","card_health":1,"card_attack":2},{"card_name":"Mind Control Tech","card_health":3,"card_attack":3},{"card_name":"Snake","card_health":1,"card_attack":1}],"opponent_board":[]},{"turn":14,"cards_played":["Unleash the Hounds","Kill Command"],"current_player":"opponent","my_health":12,"opponent_health":26,"my_armor":0,"opponent_armor":0,"my_hand":5,"opponent_hand":2,"my_board":[{"card_name":"Antique Healbot","card_health":2,"card_attack":3},{"card_name":"Defender of Argus","card_health":1,"card_attack":2},{"card_name":"Mind Control Tech","card_health":3,"card_attack":3},{"card_name":"Snake","card_health":1,"card_attack":1}],"opponent_board":[{"card_name":"Hound","card_health":1,"card_attack":1},{"card_name":"Hound","card_health":1,"card_attack":1},{"card_name":"Hound","card_health":1,"card_attack":1},{"card_name":"Hound","card_health":1,"card_attack":1}]},{"turn":15,"cards_played":["Life Tap","Siphon Soul"],"current_player":"me","my_health":8,"opponent_health":23,"my_armor":0,"opponent_armor":0,"my_hand":6,"opponent_hand":2,"my_board":[{"card_name":"Antique Healbot","card_health":1,"card_attack":3},{"card_name":"Mind Control Tech","card_health":3,"card_attack":3}],"opponent_board":[]},{"turn":16,"cards_played":["Arcane Golem","Steady Shot","Quick Shot"],"current_player":"opponent","my_health":-1,"opponent_health":23,"my_armor":0,"opponent_armor":0,"my_hand":6,"opponent_hand":1,"my_board":[{"card_name":"Antique Healbot","card_health":1,"card_attack":3},{"card_name":"Mind Control Tech","card_health":3,"card_attack":3}],"opponent_board":[{"card_name":"Arcane Golem","card_health":2,"card_attack":4}]}],"result":"defeat"}