{"plays":[{"turn":1,"cards_played":[],"current_player":"me","my_health":0,"opponent_health":0,"my_armor":0,"opponent_armor":0,"my_hand":0,"opponent_hand":1,"my_board":[],"opponent_board":[]},{"turn":2,"cards_played":["The Coin","Loot Hoarder"],"current_player":"opponent","my_health":30,"opponent_health":30,"my_armor":0,"opponent_armor":0,"my_hand":4,"opponent_hand":4,"my_board":[],"opponent_board":[{"card_name":"Loot Hoarder","card_health":1,"card_attack":2}]},{"turn":3,"cards_played":["Life Tap"],"current_player":"me","my_health":28,"opponent_health":30,"my_armor":0,"opponent_armor":0,"my_hand":6,"opponent_hand":4,"my_board":[],"opponent_board":[{"card_name":"Loot Hoarder","card_health":1,"card_attack":2}]},{"turn":4,"cards_played":["Nerubian Egg"],"current_player":"opponent","my_health":26,"opponent_health":30,"my_armor":0,"opponent_armor":0,"my_hand":6,"opponent_hand":4,"my_board":[],"opponent_board":[{"card_name":"Loot Hoarder","card_health":1,"card_attack":2},{"card_name":"Nerubian Egg","card_health":2,"card_attack":0}]},{"turn":5,"cards_played":["Imp Gang Boss"],"current_player":"me","my_health":26,"opponent_health":30,"my_armor":0,"opponent_armor":0,"my_hand":6,"opponent_hand":4,"my_board":[{"card_name":"Imp Gang Boss","card_health":4,"card_attack":2}],"opponent_board":[{"card_name":"Loot Hoarder","card_health":1,"card_attack":2},{"card_name":"Nerubian Egg","card_health":2,"card_attack":0}]},{"turn":6,"cards_played":["Backstab","Eviscerate"],"current_player":"opponent","my_health":26,"opponent_health":30,"my_armor":0,"opponent_armor":0,"my_hand":6,"opponent_hand":4,"my_board":[],"opponent_board":[{"card_name":"Nerubian","card_health":4,"card_attack":4}]},{"turn":7,"cards_played":["Life Tap"],"current_player":"me","my_health":24,"opponent_health":30,"my_armor":0,"opponent_armor":0,"my_hand":8,"opponent_hand":4,"my_board":[],"opponent_board":[{"card_name":"Nerubian","card_health":4,"card_attack":4}]},{"turn":8,"cards_played":["Dagger Mastery","Deadly Poison"],"current_player":"opponent","my_health":17,"opponent_health":30,"my_armor":0,"opponent_armor":0,"my_hand":8,"opponent_hand":4,"my_board":[],"opponent_board":[{"card_name":"Nerubian","card_health":4,"card_attack":4}]},{"turn":9,"cards_played":["Loatheb"],"current_player":"me","my_health":17,"opponent_health":30,"my_armor":0,"opponent_armor":0,"my_hand":8,"opponent_hand":4,"my_board":[{"card_name":"Loatheb","card_health":5,"card_attack":5}],"opponent_board":[{"card_name":"Nerubian","card_health":4,"card_attack":4}]},{"turn":10,"cards_played":["Loatheb"],"current_player":"opponent","my_health":13,"opponent_health":30,"my_armor":0,"opponent_armor":0,"my_hand":8,"opponent_hand":4,"my_board":[{"card_name":"Loatheb","card_health":5,"card_attack":5}],"opponent_board":[{"card_name":"Loatheb","card_health":5,"card_attack":5},{"card_name":"Nerubian","card_health":4,"card_attack":4}]},{"turn":11,"cards_played":["Acidic Swamp Ooze","Molten Giant"],"current_player":"me","my_health":13,"opponent_health":30,"my_armor":0,"opponent_armor":0,"my_hand":7,"opponent_hand":4,"my_board":[{"card_name":"Loatheb","card_health":1,"card_attack":5},{"card_name":"Acidic Swamp Ooze","card_health":2,"card_attack":3},{"card_name":"Molten Giant","card_health":8,"card_attack":8}],"opponent_board":[{"card_name":"Loatheb","card_health":5,"card_attack":5}]},{"turn":12,"cards_played":["Bloodmage Thalnos","Fan of Knives"],"current_player":"opponent","my_health":8,"opponent_health":30,"my_armor":0,"opponent_armor":0,"my_hand":7,"opponent_hand":4,"my_board":[{"card_name":"Molten Giant","card_health":6,"card_attack":8}],"opponent_board":[{"card_name":"Bloodmage Thalnos","card_health":1,"card_attack":1},{"card_name":"Loatheb","card_health":5,"card_attack":5}]},{"turn":13,"cards_played":["Reno Jackson","Zombie Chow"],"current_player":"me","my_health":30,"opponent_health":30,"my_armor":0,"opponent_armor":0,"my_hand":6,"opponent_hand":4,"my_board":[{"card_name":"Molten Giant","card_health":1,"card_attack":8},{"card_name":"Zombie Chow","card_health":3,"card_attack":2},{"card_name":"Reno Jackson","card_health":6,"card_attack":4}],"opponent_board":[{"card_name":"Bloodmage Thalnos","card_health":1,"card_attack":1}]},{"turn":14,"cards_played":["Nerubian Egg","Unearthed Raptor","Backstab","Eviscerate"],"current_player":"opponent","my_health":30,"opponent_health":30,"my_armor":0,"opponent_armor":0,"my_hand":6,"opponent_hand":2,"my_board":[{"card_name":"Zombie Chow","card_health":3,"card_attack":2}],"opponent_board":[{"card_name":"Nerubian Egg","card_health":2,"card_attack":0},{"card_name":"Unearthed Raptor","card_health":4,"card_attack":3}]},{"turn":15,"cards_played":["Twilight Drake","Imp-losion"],"current_player":"me","my_health":30,"opponent_health":30,"my_armor":0,"opponent_armor":0,"my_hand":5,"opponent_hand":2,"my_board":[{"card_name":"Twilight Drake","card_health":7,"card_attack":4},{"card_name":"Imp","card_health":1,"card_attack":1},{"card_name":"Imp","card_health":1,"card_attack":1}],"opponent_board":[{"card_name":"Nerubian Egg","card_health":2,"card_attack":0},{"card_name":"Nerubian","card_health":4,"card_attack":4}]},{"turn":16,"cards_played":["Preparation","Sprint","Defender of Argus"],"current_player":"opponent","my_health":25,"opponent_health":30,"my_armor":0,"opponent_armor":0,"my_hand":5,"opponent_hand":4,"my_board":[{"card_name":"Twilight Drake","card_health":7,"card_attack":4},{"card_name":"Imp","card_health":1,"card_attack":1}],"opponent_board":[{"card_name":"Nerubian Egg","card_health":2,"card_attack":1},{"card_name":"Defender of Argus","card_health":3,"card_attack":2},{"card_name":"Nerubian","card_health":5,"card_attack":5}]},{"turn":17,"cards_played":["Life Tap","Sludge Belcher"],"current_player":"me","my_health":23,"opponent_health":30,"my_armor":0,"opponent_armor":0,"my_hand":6,"opponent_hand":4,"my_board":[{"card_name":"Twilight Drake","card_health":2,"card_attack":4},{"card_name":"Sludge Belcher","card_health":5,"card_attack":3}],"opponent_board":[{"card_name":"Nerubian Egg","card_health":2,"card_attack":1},{"card_name":"Defender of Argus","card_health":3,"card_attack":2}]},{"turn":18,"cards_played":["Piloted Shredder","Unearthed Raptor","Haunted Creeper"],"current_player":"opponent","my_health":23,"opponent_health":30,"my_armor":0,"opponent_armor":0,"my_hand":6,"opponent_hand":2,"my_board":[{"card_name":"Twilight Drake","card_health":2,"card_attack":4},{"card_name":"Sludge Belcher","card_health":5,"card_attack":3}],"opponent_board":[{"card_name":"Nerubian Egg","card_health":2,"card_attack":1},{"card_name":"Defender of Argus","card_health":3,"card_attack":2},{"card_name":"Unearthed Raptor","card_health":4,"card_attack":3},{"card_name":"Haunted Creeper","card_health":2,"card_attack":1},{"card_name":"Piloted Shredder","card_health":3,"card_attack":4}]},{"turn":19,"cards_played":["Life Tap","Sylvanas Windrunner"],"current_player":"me","my_health":21,"opponent_health":30,"my_armor":0,"opponent_armor":0,"my_hand":7,"opponent_hand":2,"my_board":[{"card_name":"Sylvanas Windrunner","card_health":5,"card_attack":5},{"card_name":"Sludge Belcher","card_health":4,"card_attack":3}],"opponent_board":[{"card_name":"Defender of Argus","card_health":3,"card_attack":2},{"card_name":"Unearthed Raptor","card_health":4,"card_attack":3},{"card_name":"Haunted Creeper","card_health":2,"card_attack":1},{"card_name":"Piloted Shredder","card_health":3,"card_attack":4}]},{"turn":20,"cards_played":["Sprint","Haunted Creeper"],"current_player":"opponent","my_health":17,"opponent_health":30,"my_armor":0,"opponent_armor":1,"my_hand":7,"opponent_hand":5,"my_board":[{"card_name":"Sylvanas Windrunner","card_health":5,"card_attack":5}],"opponent_board":[{"card_name":"Haunted Creeper","card_health":2,"card_attack":1},{"card_name":"Defender of Argus","card_health":2,"card_attack":2},{"card_name":"Unearthed Raptor","card_health":4,"card_attack":3},{"card_name":"Haunted Creeper","card_health":2,"card_attack":1},{"card_name":"Armorsmith","card_health":4,"card_attack":1}]},{"turn":21,"cards_played":["Darkbomb","Mortal Coil","Dr. Boom"],"current_player":"me","my_health":17,"opponent_health":30,"my_armor":0,"opponent_armor":4,"my_hand":6,"opponent_hand":5,"my_board":[{"card_name":"Dr. Boom","card_health":7,"card_attack":7},{"card_name":"Sylvanas Windrunner","card_health":2,"card_attack":5},{"card_name":"Boom Bot","card_health":1,"card_attack":1},{"card_name":"Boom Bot","card_health":1,"card_attack":1}],"opponent_board":[{"card_name":"Haunted Creeper","card_health":2,"card_attack":1},{"card_name":"Defender of Argus","card_health":2,"card_attack":2},{"card_name":"Haunted Creeper","card_health":2,"card_attack":1},{"card_name":"Armorsmith","card_health":4,"card_attack":1}]},{"turn":22,"cards_played":["Dagger Mastery","Tinker's Sharpsword Oil","Blade Flurry"],"current_player":"opponent","my_health":4,"opponent_health":30,"my_armor":0,"opponent_armor":4,"my_hand":6,"opponent_hand":4,"my_board":[{"card_name":"Dr. Boom","card_health":3,"card_attack":7}],"opponent_board":[{"card_name":"Haunted Creeper","card_health":2,"card_attack":1},{"card_name":"Defender of Argus","card_health":2,"card_attack":2},{"card_name":"Haunted Creeper","card_health":2,"card_attack":1},{"card_name":"Armorsmith","card_health":4,"card_attack":1}]},{"turn":23,"cards_played":["Brann Bronzebeard","Antique Healbot"],"current_player":"me","my_health":20,"opponent_health":28,"my_armor":0,"opponent_armor":0,"my_hand":5,"opponent_hand":4,"my_board":[{"card_name":"Defender of Argus","card_health":1,"card_attack":2},{"card_name":"Antique Healbot","card_health":3,"card_attack":3},{"card_name":"Dr. Boom","card_health":3,"card_attack":7},{"card_name":"Brann Bronzebeard","card_health":4,"card_attack":2}],"opponent_board":[{"card_name":"Haunted Creeper","card_health":2,"card_attack":1},{"card_name":"Haunted Creeper","card_health":2,"card_attack":1}]},{"turn":24,"cards_played":["Dagger Mastery","Tinker's Sharpsword Oil","Blade Flurry"],"current_player":"opponent","my_health":10,"opponent_health":28,"my_armor":0,"opponent_armor":0,"my_hand":5,"opponent_hand":3,"my_board":[],"opponent_board":[{"card_name":"Haunted Creeper","card_health":2,"card_attack":1},{"card_name":"Haunted Creeper","card_health":2,"card_attack":1}]},{"turn":25,"cards_played":["Emperor Thaurissan","Refreshment Vendor"],"current_player":"me","my_health":14,"opponent_health":30,"my_armor":0,"opponent_armor":0,"my_hand":4,"opponent_hand":3,"my_board":[{"card_name":"Emperor Thaurissan","card_health":5,"card_attack":5},{"card_name":"Refreshment Vendor","card_health":5,"card_attack":3}],"opponent_board":[{"card_name":"Haunted Creeper","card_health":2,"card_attack":1},{"card_name":"Haunted Creeper","card_health":2,"card_attack":1}]},{"turn":26,"cards_played":["Sludge Belcher","Piloted Shredder"],"current_player":"opponent","my_health":12,"opponent_health":30,"my_armor":0,"opponent_armor":0,"my_hand":4,"opponent_hand":2,"my_board":[{"card_name":"Emperor Thaurissan","card_health":5,"card_attack":5},{"card_name":"Refreshment Vendor","card_health":5,"card_attack":3}],"opponent_board":[{"card_name":"Piloted Shredder","card_health":3,"card_attack":4},{"card_name":"Sludge Belcher","card_health":5,"card_attack":3},{"card_name":"Haunted Creeper","card_health":2,"card_attack":1},{"card_name":"Haunted Creeper","card_health":2,"card_attack":1}]},{"turn":27,"cards_played":["Siphon Soul","Stalagg"],"current_player":"me","my_health":15,"opponent_health":30,"my_armor":0,"opponent_armor":0,"my_hand":3,"opponent_hand":2,"my_board":[{"card_name":"Stalagg","card_health":4,"card_attack":7},{"card_name":"Emperor Thaurissan","card_health":2,"card_attack":5},{"card_name":"Refreshment Vendor","card_health":4,"card_attack":3}],"opponent_board":[{"card_name":"Haunted Creeper","card_health":2,"card_attack":1},{"card_name":"Haunted Creeper","card_health":2,"card_attack":1},{"card_name":"Mad Bomber","card_health":2,"card_attack":3}]},{"turn":28,"cards_played":["Dagger Mastery","Deadly Poison","Defender of Argus"],"current_player":"opponent","my_health":5,"opponent_health":30,"my_armor":0,"opponent_armor":0,"my_hand":3,"opponent_hand":1,"my_board":[{"card_name":"Stalagg","card_health":4,"card_attack":7},{"card_name":"Emperor Thaurissan","card_health":2,"card_attack":5},{"card_name":"Refreshment Vendor","card_health":4,"card_attack":3}],"opponent_board":[{"card_name":"Haunted Creeper","card_health":3,"card_attack":2},{"card_name":"Haunted Creeper","card_health":3,"card_attack":2},{"card_name":"Defender of Argus","card_health":3,"card_attack":2},{"card_name":"Mad Bomber","card_health":2,"card_attack":3}]},{"turn":29,"cards_played":["Demonwrath","Lord Jaraxxus"],"current_player":"me","my_health":15,"opponent_health":27,"my_armor":0,"opponent_armor":0,"my_hand":2,"opponent_hand":1,"my_board":[{"card_name":"Lord Jaraxxus","card_health":15,"card_attack":3}],"opponent_board":[]},{"turn":30,"cards_played":["Preparation","Fan of Knives"],"current_player":"opponent","my_health":12,"opponent_health":26,"my_armor":0,"opponent_armor":0,"my_hand":2,"opponent_hand":0,"my_board":[{"card_name":"Lord Jaraxxus","card_health":12,"card_attack":0}],"opponent_board":[]}],"result":"victory"}