{"plays":[{"turn":1,"cards_played":[],"current_player":"me","my_health":0,"opponent_health":0,"my_armor":0,"opponent_armor":0,"my_hand":0,"opponent_hand":1,"my_board":[],"opponent_board":[]},{"turn":2,"cards_played":["The Coin","Wild Growth"],"current_player":"opponent","my_health":30,"opponent_health":30,"my_armor":0,"opponent_armor":0,"my_hand":4,"opponent_hand":4,"my_board":[],"opponent_board":[]},{"turn":3,"cards_played":["Dark Peddler"],"current_player":"me","my_health":30,"opponent_health":30,"my_armor":0,"opponent_armor":0,"my_hand":5,"opponent_hand":4,"my_board":[{"card_name":"Dark Peddler","card_health":2,"card_attack":2}],"opponent_board":[]},{"turn":4,"cards_played":["Shade of Naxxramas"],"current_player":"opponent","my_health":30,"opponent_health":30,"my_armor":0,"opponent_armor":0,"my_hand":5,"opponent_hand":4,"my_board":[{"card_name":"Dark Peddler","card_health":2,"card_attack":2}],"opponent_board":[{"card_name":"Shade of Naxxramas","card_health":2,"card_attack":2}]},{"turn":5,"cards_played":["Life Tap","Voidwalker"],"current_player":"me","my_health":28,"opponent_health":28,"my_armor":0,"opponent_armor":0,"my_hand":6,"opponent_hand":4,"my_board":[{"card_name":"Dark Peddler","card_health":2,"card_attack":2},{"card_name":"Voidwalker","card_health":3,"card_attack":1}],"opponent_board":[{"card_name":"Shade of Naxxramas","card_health":2,"card_attack":2}]},{"turn":6,"cards_played":["Piloted Shredder"],"current_player":"opponent","my_health":28,"opponent_health":28,"my_armor":0,"opponent_armor":0,"my_hand":6,"opponent_hand":4,"my_board":[{"card_name":"Dark Peddler","card_health":2,"card_attack":2},{"card_name":"Voidwalker","card_health":3,"card_attack":1}],"opponent_board":[{"card_name":"Shade of Naxxramas","card_health":3,"card_attack":3},{"card_name":"Piloted Shredder","card_health":3,"card_attack":4}]},{"turn":7,"cards_played":["Life Tap","Darkbomb"],"current_player":"me","my_health":26,"opponent_health":25,"my_armor":0,"opponent_armor":0,"my_hand":7,"opponent_hand":4,"my_board":[{"card_name":"Dark Peddler","card_health":2,"card_attack":2},{"card_name":"Voidwalker","card_health":3,"card_attack":1}],"opponent_board":[{"card_name":"Shade of Naxxramas","card_health":3,"card_attack":3},{"card_name":"Nat Pagle","card_health":4,"card_attack":0}]},{"turn":8,"cards_played":["Keeper of the Grove"],"current_player":"opponent","my_health":26,"opponent_health":25,"my_armor":0,"opponent_armor":0,"my_hand":7,"opponent_hand":4,"my_board":[],"opponent_board":[{"card_name":"Shade of Naxxramas","card_health":3,"card_attack":4},{"card_name":"Keeper of the Grove","card_health":4,"card_attack":2},{"card_name":"Nat Pagle","card_health":4,"card_attack":0}]},{"turn":9,"cards_played":["Loatheb"],"current_player":"me","my_health":26,"opponent_health":25,"my_armor":0,"opponent_armor":0,"my_hand":7,"opponent_hand":4,"my_board":[{"card_name":"Loatheb","card_health":5,"card_attack":5}],"opponent_board":[{"card_name":"Shade of Naxxramas","card_health":3,"card_attack":4},{"card_name":"Keeper of the Grove","card_health":4,"card_attack":2},{"card_name":"Nat Pagle","card_health":4,"card_attack":0}]},{"turn":10,"cards_played":["Emperor Thaurissan"],"current_player":"opponent","my_health":24,"opponent_health":25,"my_armor":0,"opponent_armor":0,"my_hand":7,"opponent_hand":5,"my_board":[],"opponent_board":[{"card_name":"Emperor Thaurissan","card_health":5,"card_attack":5},{"card_name":"Keeper of the Grove","card_health":4,"card_attack":2},{"card_name":"Nat Pagle","card_health":4,"card_attack":0}]},{"turn":11,"cards_played":["Life Tap","Refreshment Vendor"],"current_player":"me","my_health":22,"opponent_health":25,"my_armor":0,"opponent_armor":0,"my_hand":8,"opponent_hand":5,"my_board":[{"card_name":"Refreshment Vendor","card_health":5,"card_attack":3}],"opponent_board":[{"card_name":"Emperor Thaurissan","card_health":5,"card_attack":5},{"card_name":"Keeper of the Grove","card_health":4,"card_attack":2},{"card_name":"Nat Pagle","card_health":4,"card_attack":0}]},{"turn":12,"cards_played":["Force of Nature","Savage Roar"],"current_player":"opponent","my_health":-1,"opponent_health":29,"my_armor":0,"opponent_armor":0,"my_hand":8,"opponent_hand":5,"my_board":[{"card_name":"Refreshment Vendor","card_health":5,"card_attack":3}],"opponent_board":[{"card_name":"Emperor Thaurissan","card_health":5,"card_attack":7},{"card_name":"Keeper of the Grove","card_health":4,"card_attack":4},{"card_name":"Nat Pagle","card_health":4,"card_attack":2},{"card_name":"Treant","card_health":2,"card_attack":4},{"card_name":"Treant","card_health":2,"card_attack":4},{"card_name":"Treant","card_health":2,"card_attack":4}]}],"result":"defeat"}