{"plays":[{"turn":1,"cards_played":[],"current_player":"me","my_health":0,"opponent_health":0,"my_armor":0,"opponent_armor":0,"my_hand":0,"opponent_hand":1,"my_board":[],"opponent_board":[]},{"turn":2,"cards_played":[],"current_player":"opponent","my_health":30,"opponent_health":30,"my_armor":0,"opponent_armor":0,"my_hand":4,"opponent_hand":6,"my_board":[],"opponent_board":[]},{"turn":3,"cards_played":["Knife Juggler"],"current_player":"me","my_health":30,"opponent_health":30,"my_armor":0,"opponent_armor":0,"my_hand":4,"opponent_hand":6,"my_board":[{"card_name":"Knife Juggler","card_health":2,"card_attack":3}],"opponent_board":[]},{"turn":4,"cards_played":["The Coin","Imp Gang Boss"],"current_player":"opponent","my_health":30,"opponent_health":30,"my_armor":0,"opponent_armor":0,"my_hand":4,"opponent_hand":5,"my_board":[{"card_name":"Knife Juggler","card_health":2,"card_attack":3}],"opponent_board":[{"card_name":"Imp Gang Boss","card_health":4,"card_attack":2}]},{"turn":5,"cards_played":["Animal Companion"],"current_player":"me","my_health":30,"opponent_health":25,"my_armor":0,"opponent_armor":0,"my_hand":4,"opponent_hand":5,"my_board":[{"card_name":"Knife Juggler","card_health":2,"card_attack":4},{"card_name":"Leokk","card_health":4,"card_attack":2}],"opponent_board":[{"card_name":"Imp Gang Boss","card_health":4,"card_attack":2}]},{"turn":6,"cards_played":["Demonwrath"],"current_player":"opponent","my_health":30,"opponent_health":25,"my_armor":0,"opponent_armor":0,"my_hand":4,"opponent_hand":5,"my_board":[],"opponent_board":[{"card_name":"Imp Gang Boss","card_health":2,"card_attack":2},{"card_name":"Imp","card_health":1,"card_attack":1}]},{"turn":7,"cards_played":["Piloted Shredder"],"current_player":"me","my_health":30,"opponent_health":25,"my_armor":0,"opponent_armor":0,"my_hand":4,"opponent_hand":5,"my_board":[{"card_name":"Piloted Shredder","card_health":3,"card_attack":4}],"opponent_board":[{"card_name":"Imp Gang Boss","card_health":2,"card_attack":2},{"card_name":"Imp","card_health":1,"card_attack":1}]},{"turn":8,"cards_played":["Life Tap","Ironbeak Owl"],"current_player":"opponent","my_health":30,"opponent_health":23,"my_armor":0,"opponent_armor":0,"my_hand":4,"opponent_hand":6,"my_board":[],"opponent_board":[{"card_name":"Ironbeak Owl","card_health":1,"card_attack":2},{"card_name":"Imp","card_health":1,"card_attack":1}]},{"turn":9,"cards_played":["Piloted Shredder","Webspinner"],"current_player":"me","my_health":30,"opponent_health":23,"my_armor":0,"opponent_armor":0,"my_hand":3,"opponent_hand":6,"my_board":[{"card_name":"Webspinner","card_health":1,"card_attack":1},{"card_name":"Piloted Shredder","card_health":3,"card_attack":4}],"opponent_board":[{"card_name":"Ironbeak Owl","card_health":1,"card_attack":2},{"card_name":"Imp","card_health":1,"card_attack":1}]},{"turn":10,"cards_played":["Darkbomb","Earthen Ring Farseer"],"current_player":"opponent","my_health":28,"opponent_health":26,"my_armor":0,"opponent_armor":0,"my_hand":4,"opponent_hand":5,"my_board":[{"card_name":"Nerubian Egg","card_health":2,"card_attack":0}],"opponent_board":[{"card_name":"Ironbeak Owl","card_health":1,"card_attack":2},{"card_name":"Earthen Ring Farseer","card_health":3,"card_attack":3}]},{"turn":11,"cards_played":["Mad Scientist","Steady Shot"],"current_player":"me","my_health":28,"opponent_health":24,"my_armor":0,"opponent_armor":0,"my_hand":4,"opponent_hand":5,"my_board":[{"card_name":"Mad Scientist","card_health":2,"card_attack":2},{"card_name":"Nerubian Egg","card_health":2,"card_attack":0}],"opponent_board":[{"card_name":"Ironbeak Owl","card_health":1,"card_attack":2},{"card_name":"Earthen Ring Farseer","card_health":3,"card_attack":3}]},{"turn":12,"cards_played":["Emperor Thaurissan"],"current_player":"opponent","my_health":23,"opponent_health":24,"my_armor":0,"opponent_armor":0,"my_hand":4,"opponent_hand":5,"my_board":[{"card_name":"Mad Scientist","card_health":2,"card_attack":2},{"card_name":"Nerubian Egg","card_health":2,"card_attack":0}],"opponent_board":[{"card_name":"Ironbeak Owl","card_health":1,"card_attack":2},{"card_name":"Emperor Thaurissan","card_health":5,"card_attack":5},{"card_name":"Earthen Ring Farseer","card_health":3,"card_attack":3}]},{"turn":13,"cards_played":["Dr. Boom"],"current_player":"me","my_health":23,"opponent_health":22,"my_armor":0,"opponent_armor":0,"my_hand":4,"opponent_hand":5,"my_board":[{"card_name":"Mad Scientist","card_health":2,"card_attack":2},{"card_name":"Dr. Boom","card_health":7,"card_attack":7},{"card_name":"Nerubian Egg","card_health":2,"card_attack":0},{"card_name":"Boom Bot","card_health":1,"card_attack":1},{"card_name":"Boom Bot","card_health":1,"card_attack":1}],"opponent_board":[{"card_name":"Ironbeak Owl","card_health":1,"card_attack":2},{"card_name":"Emperor Thaurissan","card_health":5,"card_attack":5},{"card_name":"Earthen Ring Farseer","card_health":3,"card_attack":3}]},{"turn":14,"cards_played":["Twisting Nether"],"current_player":"opponent","my_health":18,"opponent_health":22,"my_armor":0,"opponent_armor":0,"my_hand":4,"opponent_hand":5,"my_board":[],"opponent_board":[]},{"turn":15,"cards_played":["King's Elekk","Steady Shot"],"current_player":"me","my_health":18,"opponent_health":16,"my_armor":0,"opponent_armor":0,"my_hand":4,"opponent_hand":5,"my_board":[{"card_name":"King's Elekk","card_health":2,"card_attack":3}],"opponent_board":[]},{"turn":16,"cards_played":["Antique Healbot","Loatheb"],"current_player":"opponent","my_health":18,"opponent_health":24,"my_armor":0,"opponent_armor":0,"my_hand":4,"opponent_hand":4,"my_board":[{"card_name":"King's Elekk","card_health":2,"card_attack":3}],"opponent_board":[{"card_name":"Antique Healbot","card_health":3,"card_attack":3},{"card_name":"Loatheb","card_health":5,"card_attack":5}]},{"turn":17,"cards_played":["Mad Scientist","Steady Shot"],"current_player":"me","my_health":18,"opponent_health":22,"my_armor":0,"opponent_armor":0,"my_hand":4,"opponent_hand":4,"my_board":[{"card_name":"Mad Scientist","card_health":2,"card_attack":2}],"opponent_board":[{"card_name":"Loatheb","card_health":5,"card_attack":5}]},{"turn":18,"cards_played":["Life Tap","Arcane Golem"],"current_player":"opponent","my_health":9,"opponent_health":20,"my_armor":0,"opponent_armor":0,"my_hand":4,"opponent_hand":5,"my_board":[{"card_name":"Mad Scientist","card_health":2,"card_attack":2}],"opponent_board":[{"card_name":"Arcane Golem","card_health":2,"card_attack":4},{"card_name":"Loatheb","card_health":5,"card_attack":5}]},{"turn":19,"cards_played":["Acidmaw","Unleash the Hounds"],"current_player":"me","my_health":9,"opponent_health":19,"my_armor":0,"opponent_armor":0,"my_hand":3,"opponent_hand":5,"my_board":[{"card_name":"Acidmaw","card_health":2,"card_attack":4},{"card_name":"Hound","card_health":1,"card_attack":1}],"opponent_board":[]},{"turn":20,"cards_played":["Hellfire","Life Tap","Abusive Sergeant"],"current_player":"opponent","my_health":6,"opponent_health":14,"my_armor":0,"opponent_armor":0,"my_hand":3,"opponent_hand":5,"my_board":[],"opponent_board":[{"card_name":"Abusive Sergeant","card_health":1,"card_attack":2}]},{"turn":21,"cards_played":["King's Elekk","Stranglethorn Tiger","Steady Shot"],"current_player":"me","my_health":6,"opponent_health":12,"my_armor":0,"opponent_armor":0,"my_hand":2,"opponent_hand":5,"my_board":[{"card_name":"Stranglethorn Tiger","card_health":5,"card_attack":5},{"card_name":"King's Elekk","card_health":2,"card_attack":3}],"opponent_board":[{"card_name":"Abusive Sergeant","card_health":1,"card_attack":2}]},{"turn":22,"cards_played":["Life Tap","Reno Jackson"],"current_player":"opponent","my_health":6,"opponent_health":8,"my_armor":0,"opponent_armor":0,"my_hand":2,"opponent_hand":6,"my_board":[{"card_name":"Stranglethorn Tiger","card_health":5,"card_attack":5},{"card_name":"King's Elekk","card_health":2,"card_attack":3}],"opponent_board":[{"card_name":"Reno Jackson","card_health":6,"card_attack":4}]},{"turn":23,"cards_played":["Hunter's Mark","Savannah Highmane","Steady Shot"],"current_player":"me","my_health":6,"opponent_health":23,"my_armor":0,"opponent_armor":0,"my_hand":1,"opponent_hand":6,"my_board":[{"card_name":"Stranglethorn Tiger","card_health":5,"card_attack":5},{"card_name":"Savannah Highmane","card_health":5,"card_attack":6}],"opponent_board":[]},{"turn":24,"cards_played":["Mal'Ganis"],"current_player":"opponent","my_health":6,"opponent_health":23,"my_armor":0,"opponent_armor":0,"my_hand":1,"opponent_hand":6,"my_board":[{"card_name":"Stranglethorn Tiger","card_health":5,"card_attack":5},{"card_name":"Savannah Highmane","card_health":5,"card_attack":6}],"opponent_board":[{"card_name":"Mal'Ganis","card_health":7,"card_attack":9}]},{"turn":25,"cards_played":["Eaglehorn Bow","Steady Shot"],"current_player":"me","my_health":6,"opponent_health":18,"my_armor":0,"opponent_armor":0,"my_hand":1,"opponent_hand":6,"my_board":[{"card_name":"Hyena","card_health":2,"card_attack":2},{"card_name":"Hyena","card_health":2,"card_attack":2}],"opponent_board":[]},{"turn":26,"cards_played":["Ysera"],"current_player":"opponent","my_health":6,"opponent_health":18,"my_armor":0,"opponent_armor":0,"my_hand":1,"opponent_hand":7,"my_board":[{"card_name":"Hyena","card_health":2,"card_attack":2},{"card_name":"Hyena","card_health":2,"card_attack":2}],"opponent_board":[{"card_name":"Ysera","card_health":12,"card_attack":4}]},{"turn":27,"cards_played":["Ironbeak Owl","Steady Shot"],"current_player":"me","my_health":6,"opponent_health":9,"my_armor":0,"opponent_armor":0,"my_hand":1,"opponent_hand":7,"my_board":[{"card_name":"Ironbeak Owl","card_health":1,"card_attack":2},{"card_name":"Hyena","card_health":2,"card_attack":2},{"card_name":"Hyena","card_health":2,"card_attack":2}],"opponent_board":[{"card_name":"Ysera","card_health":12,"card_attack":4}]},{"turn":28,"cards_played":["Nightmare"],"current_player":"opponent","my_health":-3,"opponent_health":9,"my_armor":0,"opponent_armor":0,"my_hand":1,"opponent_hand":7,"my_board":[{"card_name":"Ironbeak Owl","card_health":1,"card_attack":2},{"card_name":"Hyena","card_health":2,"card_attack":2},{"card_name":"Hyena","card_health":2,"card_attack":2}],"opponent_board":[{"card_name":"Ysera","card_health":17,"card_attack":9}]}],"result":"defeat"}