{"plays":[{"turn":1,"cards_played":[],"current_player":"me","my_health":0,"opponent_health":0,"my_armor":0,"opponent_armor":0,"my_hand":0,"opponent_hand":1,"my_board":[],"opponent_board":[]},{"turn":2,"cards_played":[],"current_player":"me","my_health":30,"opponent_health":30,"my_armor":0,"opponent_armor":0,"my_hand":6,"opponent_hand":4,"my_board":[],"opponent_board":[]},{"turn":3,"cards_played":["Knife Juggler"],"current_player":"opponent","my_health":30,"opponent_health":30,"my_armor":0,"opponent_armor":0,"my_hand":6,"opponent_hand":4,"my_board":[],"opponent_board":[{"card_name":"Knife Juggler","card_health":2,"card_attack":3}]},{"turn":4,"cards_played":["Life Tap"],"current_player":"me","my_health":28,"opponent_health":30,"my_armor":0,"opponent_armor":0,"my_hand":8,"opponent_hand":4,"my_board":[],"opponent_board":[{"card_name":"Knife Juggler","card_health":2,"card_attack":3}]},{"turn":5,"cards_played":["Shade of Naxxramas"],"current_player":"opponent","my_health":24,"opponent_health":30,"my_armor":0,"opponent_armor":0,"my_hand":8,"opponent_hand":4,"my_board":[],"opponent_board":[{"card_name":"Knife Juggler","card_health":2,"card_attack":3},{"card_name":"Shade of Naxxramas","card_health":2,"card_attack":2}]},{"turn":6,"cards_played":["Demonwrath"],"current_player":"me","my_health":24,"opponent_health":30,"my_armor":0,"opponent_armor":0,"my_hand":8,"opponent_hand":4,"my_board":[],"opponent_board":[]},{"turn":7,"cards_played":["Darnassus Aspirant","Druid of the Saber"],"current_player":"opponent","my_health":24,"opponent_health":30,"my_armor":0,"opponent_armor":0,"my_hand":8,"opponent_hand":3,"my_board":[],"opponent_board":[{"card_name":"Druid of the Saber","card_health":1,"card_attack":2},{"card_name":"Darnassus Aspirant","card_health":3,"card_attack":2},{"card_name":"Sabertooth Panther","card_health":2,"card_attack":3}]},{"turn":8,"cards_played":["Twilight Drake"],"current_player":"me","my_health":24,"opponent_health":30,"my_armor":0,"opponent_armor":0,"my_hand":8,"opponent_hand":3,"my_board":[{"card_name":"Twilight Drake","card_health":1,"card_attack":4}],"opponent_board":[{"card_name":"Darnassus Aspirant","card_health":3,"card_attack":2},{"card_name":"Sabertooth Panther","card_health":2,"card_attack":3}]},{"turn":9,"cards_played":["Piloted Shredder","Shapeshift"],"current_player":"opponent","my_health":18,"opponent_health":30,"my_armor":0,"opponent_armor":1,"my_hand":8,"opponent_hand":3,"my_board":[{"card_name":"Twilight Drake","card_health":9,"card_attack":4}],"opponent_board":[{"card_name":"Piloted Shredder","card_health":3,"card_attack":4},{"card_name":"Darnassus Aspirant","card_health":3,"card_attack":2},{"card_name":"Sabertooth Panther","card_health":2,"card_attack":3}]},{"turn":10,"cards_played":["Refreshment Vendor"],"current_player":"me","my_health":18,"opponent_health":30,"my_armor":0,"opponent_armor":1,"my_hand":8,"opponent_hand":3,"my_board":[{"card_name":"Twilight Drake","card_health":7,"card_attack":4},{"card_name":"Refreshment Vendor","card_health":5,"card_attack":3}],"opponent_board":[{"card_name":"Piloted Shredder","card_health":3,"card_attack":4},{"card_name":"Sabertooth Panther","card_health":2,"card_attack":3}]},{"turn":11,"cards_played":["Savage Roar","Savage Roar"],"current_player":"opponent","my_health":3,"opponent_health":30,"my_armor":0,"opponent_armor":1,"my_hand":8,"opponent_hand":2,"my_board":[{"card_name":"Twilight Drake","card_health":7,"card_attack":4},{"card_name":"Refreshment Vendor","card_health":5,"card_attack":3}],"opponent_board":[{"card_name":"Piloted Shredder","card_health":3,"card_attack":8},{"card_name":"Sabertooth Panther","card_health":2,"card_attack":7}]},{"turn":12,"cards_played":["Reno Jackson"],"current_player":"me","my_health":30,"opponent_health":30,"my_armor":0,"opponent_armor":1,"my_hand":8,"opponent_hand":2,"my_board":[{"card_name":"Twilight Drake","card_health":4,"card_attack":4},{"card_name":"Refreshment Vendor","card_health":1,"card_attack":3},{"card_name":"Reno Jackson","card_health":6,"card_attack":4}],"opponent_board":[{"card_name":"Sabertooth Panther","card_health":2,"card_attack":3}]},{"turn":13,"cards_played":["Shade of Naxxramas","Keeper of the Grove"],"current_player":"opponent","my_health":27,"opponent_health":30,"my_armor":0,"opponent_armor":1,"my_hand":8,"opponent_hand":1,"my_board":[{"card_name":"Twilight Drake","card_health":1,"card_attack":4},{"card_name":"Refreshment Vendor","card_health":1,"card_attack":3},{"card_name":"Reno Jackson","card_health":6,"card_attack":4}],"opponent_board":[{"card_name":"Keeper of the Grove","card_health":4,"card_attack":2},{"card_name":"Shade of Naxxramas","card_health":2,"card_attack":2},{"card_name":"Sabertooth Panther","card_health":2,"card_attack":3}]},{"turn":14,"cards_played":["Shadowflame"],"current_player":"me","my_health":27,"opponent_health":30,"my_armor":0,"opponent_armor":1,"my_hand":8,"opponent_hand":1,"my_board":[{"card_name":"Refreshment Vendor","card_health":1,"card_attack":3},{"card_name":"Reno Jackson","card_health":6,"card_attack":4}],"opponent_board":[]}],"result":"victory"}