{"plays":[{"turn":1,"cards_played":[],"current_player":"opponent","my_health":0,"opponent_health":0,"my_armor":0,"opponent_armor":0,"my_hand":1,"opponent_hand":0,"my_board":[],"opponent_board":[]},{"turn":2,"cards_played":["Tournament Attendee","Zombie Chow"],"current_player":"me","my_health":30,"opponent_health":30,"my_armor":0,"opponent_armor":0,"my_hand":5,"opponent_hand":3,"my_board":[{"card_name":"Zombie Chow","card_health":3,"card_attack":2}],"opponent_board":[{"card_name":"Tournament Attendee","card_health":1,"card_attack":2}]},{"turn":3,"cards_played":["Armor Up!"],"current_player":"opponent","my_health":28,"opponent_health":30,"my_armor":0,"opponent_armor":2,"my_hand":5,"opponent_hand":4,"my_board":[{"card_name":"Zombie Chow","card_health":3,"card_attack":2}],"opponent_board":[{"card_name":"Tournament Attendee","card_health":1,"card_attack":2}]},{"turn":4,"cards_played":["Flame Imp"],"current_player":"me","my_health":28,"opponent_health":30,"my_armor":0,"opponent_armor":2,"my_hand":5,"opponent_hand":4,"my_board":[{"card_name":"Zombie Chow","card_health":1,"card_attack":2},{"card_name":"Flame Imp","card_health":2,"card_attack":3}],"opponent_board":[]},{"turn":5,"cards_played":["Bouncing Blade"],"current_player":"opponent","my_health":25,"opponent_health":30,"my_armor":0,"opponent_armor":2,"my_hand":5,"opponent_hand":4,"my_board":[{"card_name":"Flame Imp","card_health":2,"card_attack":3}],"opponent_board":[]},{"turn":6,"cards_played":["Flesheating Ghoul"],"current_player":"me","my_health":25,"opponent_health":29,"my_armor":0,"opponent_armor":0,"my_hand":5,"opponent_hand":4,"my_board":[{"card_name":"Flesheating Ghoul","card_health":3,"card_attack":2},{"card_name":"Flame Imp","card_health":2,"card_attack":3}],"opponent_board":[]},{"turn":7,"cards_played":["Scarlet Crusader","Shieldbearer"],"current_player":"opponent","my_health":25,"opponent_health":29,"my_armor":0,"opponent_armor":0,"my_hand":5,"opponent_hand":3,"my_board":[{"card_name":"Flesheating Ghoul","card_health":3,"card_attack":2},{"card_name":"Flame Imp","card_health":2,"card_attack":3}],"opponent_board":[{"card_name":"Scarlet Crusader","card_health":1,"card_attack":3},{"card_name":"Shieldbearer","card_health":4,"card_attack":0}]},{"turn":8,"cards_played":["Chillwind Yeti"],"current_player":"me","my_health":25,"opponent_health":29,"my_armor":0,"opponent_armor":0,"my_hand":5,"opponent_hand":3,"my_board":[{"card_name":"Chillwind Yeti","card_health":5,"card_attack":4},{"card_name":"Flesheating Ghoul","card_health":3,"card_attack":3},{"card_name":"Flame Imp","card_health":2,"card_attack":3}],"opponent_board":[{"card_name":"Scarlet Crusader","card_health":1,"card_attack":3}]},{"turn":9,"cards_played":["Stormpike Commando"],"current_player":"opponent","my_health":25,"opponent_health":29,"my_armor":0,"opponent_armor":0,"my_hand":5,"opponent_hand":3,"my_board":[{"card_name":"Chillwind Yeti","card_health":5,"card_attack":4}],"opponent_board":[{"card_name":"Scarlet Crusader","card_health":1,"card_attack":3},{"card_name":"Stormpike Commando","card_health":2,"card_attack":4}]},{"turn":10,"cards_played":["Life Tap","Demolisher"],"current_player":"me","my_health":23,"opponent_health":29,"my_armor":0,"opponent_armor":0,"my_hand":6,"opponent_hand":3,"my_board":[{"card_name":"Chillwind Yeti","card_health":1,"card_attack":4},{"card_name":"Demolisher","card_health":4,"card_attack":1}],"opponent_board":[{"card_name":"Scarlet Crusader","card_health":1,"card_attack":3}]},{"turn":11,"cards_played":["Booty Bay Bodyguard"],"current_player":"me","my_health":20,"opponent_health":29,"my_armor":0,"opponent_armor":0,"my_hand":6,"opponent_hand":3,"my_board":[{"card_name":"Chillwind Yeti","card_health":1,"card_attack":4},{"card_name":"Demolisher","card_health":4,"card_attack":1}],"opponent_board":[{"card_name":"Scarlet Crusader","card_health":1,"card_attack":3},{"card_name":"Booty Bay Bodyguard","card_health":4,"card_attack":5}]},{"turn":12,"cards_played":["Clockwork Knight"],"current_player":"me","my_health":20,"opponent_health":27,"my_armor":0,"opponent_armor":0,"my_hand":6,"opponent_hand":3,"my_board":[{"card_name":"Demolisher","card_health":5,"card_attack":2},{"card_name":"Clockwork Knight","card_health":5,"card_attack":5}],"opponent_board":[]},{"turn":13,"cards_played":["Obsidian Destroyer"],"current_player":"me","my_health":20,"opponent_health":27,"my_armor":0,"opponent_armor":0,"my_hand":6,"opponent_hand":3,"my_board":[{"card_name":"Demolisher","card_health":5,"card_attack":2},{"card_name":"Clockwork Knight","card_health":5,"card_attack":5}],"opponent_board":[{"card_name":"Obsidian Destroyer","card_health":7,"card_attack":7},{"card_name":"Scarab","card_health":1,"card_attack":1}]},{"turn":14,"cards_played":["Shadow Bolt","The Coin","Sludge Belcher"],"current_player":"me","my_health":20,"opponent_health":20,"my_armor":0,"opponent_armor":0,"my_hand":4,"opponent_hand":3,"my_board":[{"card_name":"Demolisher","card_health":5,"card_attack":2},{"card_name":"Sludge Belcher","card_health":5,"card_attack":3},{"card_name":"Clockwork Knight","card_health":5,"card_attack":5}],"opponent_board":[{"card_name":"Obsidian Destroyer","card_health":3,"card_attack":7}]},{"turn":15,"cards_played":["Haunted Creeper","Oasis Snapjaw","Armor Up!"],"current_player":"opponent","my_health":20,"opponent_health":20,"my_armor":0,"opponent_armor":2,"my_hand":4,"opponent_hand":2,"my_board":[{"card_name":"Demolisher","card_health":5,"card_attack":2},{"card_name":"Clockwork Knight","card_health":5,"card_attack":5},{"card_name":"Slime","card_health":2,"card_attack":1}],"opponent_board":[{"card_name":"Oasis Snapjaw","card_health":7,"card_attack":2},{"card_name":"Haunted Creeper","card_health":2,"card_attack":1}]},{"turn":16,"cards_played":["Knife Juggler"],"current_player":"me","my_health":20,"opponent_health":19,"my_armor":0,"opponent_armor":0,"my_hand":4,"opponent_hand":2,"my_board":[{"card_name":"Knife Juggler","card_health":2,"card_attack":3},{"card_name":"Demolisher","card_health":3,"card_attack":2},{"card_name":"Clockwork Knight","card_health":3,"card_attack":5},{"card_name":"Slime","card_health":2,"card_attack":1}],"opponent_board":[{"card_name":"Haunted Creeper","card_health":2,"card_attack":1}]},{"turn":17,"cards_played":["Execute","Clockwork Knight","Shield Block"],"current_player":"me","my_health":20,"opponent_health":19,"my_armor":0,"opponent_armor":5,"my_hand":4,"opponent_hand":1,"my_board":[{"card_name":"Knife Juggler","card_health":2,"card_attack":3},{"card_name":"Demolisher","card_health":3,"card_attack":2},{"card_name":"Slime","card_health":1,"card_attack":1}],"opponent_board":[{"card_name":"Haunted Creeper","card_health":1,"card_attack":1},{"card_name":"Clockwork Knight","card_health":5,"card_attack":5}]},{"turn":18,"cards_played":["Power Overwhelming","Azure Drake","Razorfen Hunter"],"current_player":"me","my_health":20,"opponent_health":18,"my_armor":0,"opponent_armor":0,"my_hand":3,"opponent_hand":1,"my_board":[{"card_name":"Knife Juggler","card_health":2,"card_attack":3},{"card_name":"Demolisher","card_health":3,"card_attack":2},{"card_name":"Razorfen Hunter","card_health":3,"card_attack":2},{"card_name":"Azure Drake","card_health":4,"card_attack":4},{"card_name":"Boar","card_health":1,"card_attack":1}],"opponent_board":[]},{"turn":19,"cards_played":["Annoy-o-Tron","Armor Up!","Commanding Shout","Injured Kvaldir"],"current_player":"me","my_health":20,"opponent_health":18,"my_armor":0,"opponent_armor":2,"my_hand":3,"opponent_hand":0,"my_board":[{"card_name":"Knife Juggler","card_health":2,"card_attack":3},{"card_name":"Demolisher","card_health":3,"card_attack":2},{"card_name":"Razorfen Hunter","card_health":3,"card_attack":2},{"card_name":"Azure Drake","card_health":4,"card_attack":4},{"card_name":"Boar","card_health":1,"card_attack":1}],"opponent_board":[{"card_name":"Annoy-o-Tron","card_health":2,"card_attack":1},{"card_name":"Injured Kvaldir","card_health":4,"card_attack":2}]},{"turn":20,"cards_played":["Boulderfist Ogre"],"current_player":"me","my_health":20,"opponent_health":11,"my_armor":0,"opponent_armor":0,"my_hand":3,"opponent_hand":0,"my_board":[{"card_name":"Knife Juggler","card_health":2,"card_attack":3},{"card_name":"Demolisher","card_health":3,"card_attack":2},{"card_name":"Razorfen Hunter","card_health":2,"card_attack":2},{"card_name":"Azure Drake","card_health":4,"card_attack":4},{"card_name":"Boulderfist Ogre","card_health":7,"card_attack":6}],"opponent_board":[]},{"turn":21,"cards_played":["Axe Flinger","Armor Up!"],"current_player":"opponent","my_health":20,"opponent_health":10,"my_armor":0,"opponent_armor":2,"my_hand":3,"opponent_hand":0,"my_board":[{"card_name":"Knife Juggler","card_health":2,"card_attack":3},{"card_name":"Demolisher","card_health":3,"card_attack":2},{"card_name":"Razorfen Hunter","card_health":2,"card_attack":2},{"card_name":"Azure Drake","card_health":4,"card_attack":4},{"card_name":"Boulderfist Ogre","card_health":7,"card_attack":6}],"opponent_board":[{"card_name":"Axe Flinger","card_health":5,"card_attack":2}]},{"turn":22,"cards_played":["Hellfire"],"current_player":"me","my_health":14,"opponent_health":-2,"my_armor":0,"opponent_armor":0,"my_hand":3,"opponent_hand":0,"my_board":[{"card_name":"Boulderfist Ogre","card_health":3,"card_attack":6}],"opponent_board":[{"card_name":"Axe Flinger","card_health":1,"card_attack":2}]}],"result":"victory"}