{"plays":[{"turn":1,"cards_played":[],"current_player":"me","my_health":0,"opponent_health":0,"my_armor":0,"opponent_armor":0,"my_hand":0,"opponent_hand":1,"my_board":[],"opponent_board":[]},{"turn":2,"cards_played":["The Coin","Jeweled Scarab"],"current_player":"opponent","my_health":30,"opponent_health":30,"my_armor":0,"opponent_armor":0,"my_hand":4,"opponent_hand":5,"my_board":[],"opponent_board":[{"card_name":"Jeweled Scarab","card_health":1,"card_attack":1}]},{"turn":3,"cards_played":["Life Tap"],"current_player":"me","my_health":28,"opponent_health":30,"my_armor":0,"opponent_armor":0,"my_hand":6,"opponent_hand":5,"my_board":[],"opponent_board":[{"card_name":"Jeweled Scarab","card_health":1,"card_attack":1}]},{"turn":4,"cards_played":["Shapeshift"],"current_player":"opponent","my_health":26,"opponent_health":30,"my_armor":0,"opponent_armor":1,"my_hand":6,"opponent_hand":6,"my_board":[],"opponent_board":[{"card_name":"Jeweled Scarab","card_health":1,"card_attack":1}]},{"turn":5,"cards_played":["Imp Gang Boss"],"current_player":"me","my_health":26,"opponent_health":30,"my_armor":0,"opponent_armor":1,"my_hand":6,"opponent_hand":6,"my_board":[{"card_name":"Imp Gang Boss","card_health":4,"card_attack":2}],"opponent_board":[{"card_name":"Jeweled Scarab","card_health":1,"card_attack":1}]},{"turn":6,"cards_played":["Tauren Warrior"],"current_player":"opponent","my_health":25,"opponent_health":30,"my_armor":0,"opponent_armor":1,"my_hand":6,"opponent_hand":6,"my_board":[{"card_name":"Imp Gang Boss","card_health":4,"card_attack":2}],"opponent_board":[{"card_name":"Tauren Warrior","card_health":3,"card_attack":2},{"card_name":"Jeweled Scarab","card_health":1,"card_attack":1}]},{"turn":7,"cards_played":["Dragonkin Sorcerer"],"current_player":"me","my_health":25,"opponent_health":30,"my_armor":0,"opponent_armor":1,"my_hand":6,"opponent_hand":6,"my_board":[{"card_name":"Dragonkin Sorcerer","card_health":5,"card_attack":3},{"card_name":"Imp Gang Boss","card_health":4,"card_attack":2}],"opponent_board":[{"card_name":"Tauren Warrior","card_health":3,"card_attack":2},{"card_name":"Jeweled Scarab","card_health":1,"card_attack":1}]},{"turn":8,"cards_played":["Savage Combatant"],"current_player":"opponent","my_health":25,"opponent_health":30,"my_armor":0,"opponent_armor":1,"my_hand":6,"opponent_hand":6,"my_board":[{"card_name":"Dragonkin Sorcerer","card_health":5,"card_attack":3},{"card_name":"Imp Gang Boss","card_health":2,"card_attack":2}],"opponent_board":[{"card_name":"Tauren Warrior","card_health":1,"card_attack":5},{"card_name":"Savage Combatant","card_health":4,"card_attack":5}]},{"turn":9,"cards_played":["Power Overwhelming","Void Terror"],"current_player":"me","my_health":25,"opponent_health":30,"my_armor":0,"opponent_armor":1,"my_hand":5,"opponent_hand":6,"my_board":[{"card_name":"Void Terror","card_health":8,"card_attack":11},{"card_name":"Imp","card_health":1,"card_attack":1}],"opponent_board":[]},{"turn":10,"cards_played":["Piloted Shredder"],"current_player":"opponent","my_health":25,"opponent_health":30,"my_armor":0,"opponent_armor":1,"my_hand":5,"opponent_hand":6,"my_board":[{"card_name":"Void Terror","card_health":8,"card_attack":11},{"card_name":"Imp","card_health":1,"card_attack":1}],"opponent_board":[{"card_name":"Piloted Shredder","card_health":3,"card_attack":4}]},{"turn":11,"cards_played":["Chillwind Yeti","Life Tap"],"current_player":"me","my_health":23,"opponent_health":19,"my_armor":0,"opponent_armor":0,"my_hand":6,"opponent_hand":6,"my_board":[{"card_name":"Void Terror","card_health":8,"card_attack":11},{"card_name":"Chillwind Yeti","card_health":5,"card_attack":4},{"card_name":"Imp","card_health":1,"card_attack":1}],"opponent_board":[{"card_name":"Piloted Shredder","card_health":3,"card_attack":4}]},{"turn":12,"cards_played":["Earthen Ring Farseer","Flesheating Ghoul"],"current_player":"opponent","my_health":23,"opponent_health":22,"my_armor":0,"opponent_armor":0,"my_hand":6,"opponent_hand":5,"my_board":[{"card_name":"Void Terror","card_health":4,"card_attack":11},{"card_name":"Chillwind Yeti","card_health":5,"card_attack":4},{"card_name":"Imp","card_health":1,"card_attack":1}],"opponent_board":[{"card_name":"Flesheating Ghoul","card_health":3,"card_attack":2},{"card_name":"Earthen Ring Farseer","card_health":3,"card_attack":3},{"card_name":"Goblin Auto-Barber","card_health":2,"card_attack":3}]},{"turn":13,"cards_played":["Earthen Ring Farseer","Flesheating Ghoul"],"current_player":"me","my_health":23,"opponent_health":10,"my_armor":0,"opponent_armor":0,"my_hand":5,"opponent_hand":5,"my_board":[{"card_name":"Flesheating Ghoul","card_health":3,"card_attack":2},{"card_name":"Void Terror","card_health":7,"card_attack":11},{"card_name":"Earthen Ring Farseer","card_health":3,"card_attack":3},{"card_name":"Chillwind Yeti","card_health":3,"card_attack":4},{"card_name":"Imp","card_health":1,"card_attack":1}],"opponent_board":[{"card_name":"Earthen Ring Farseer","card_health":3,"card_attack":3},{"card_name":"Goblin Auto-Barber","card_health":2,"card_attack":3}]},{"turn":14,"cards_played":["Shapeshift","Volcanic Lumberer"],"current_player":"opponent","my_health":23,"opponent_health":10,"my_armor":0,"opponent_armor":0,"my_hand":5,"opponent_hand":5,"my_board":[{"card_name":"Void Terror","card_health":7,"card_attack":11},{"card_name":"Earthen Ring Farseer","card_health":3,"card_attack":3}],"opponent_board":[{"card_name":"Volcanic Lumberer","card_health":8,"card_attack":7}]},{"turn":15,"cards_played":["Fearsome Doomguard"],"current_player":"me","my_health":23,"opponent_health":7,"my_armor":0,"opponent_armor":0,"my_hand":5,"opponent_hand":5,"my_board":[{"card_name":"Earthen Ring Farseer","card_health":3,"card_attack":3},{"card_name":"Fearsome Doomguard","card_health":8,"card_attack":6}],"opponent_board":[]},{"turn":16,"cards_played":[],"current_player":"opponent","my_health":23,"opponent_health":7,"my_armor":0,"opponent_armor":0,"my_hand":5,"opponent_hand":6,"my_board":[{"card_name":"Earthen Ring Farseer","card_health":3,"card_attack":3},{"card_name":"Fearsome Doomguard","card_health":8,"card_attack":6}],"opponent_board":[]}],"result":"victory"}