{"plays":[{"turn":1,"cards_played":[],"current_player":"me","my_health":0,"opponent_health":0,"my_armor":0,"opponent_armor":0,"my_hand":0,"opponent_hand":1,"my_board":[],"opponent_board":[]},{"turn":2,"cards_played":[],"current_player":"opponent","my_health":30,"opponent_health":30,"my_armor":0,"opponent_armor":0,"my_hand":4,"opponent_hand":6,"my_board":[],"opponent_board":[]},{"turn":3,"cards_played":["Dark Peddler"],"current_player":"me","my_health":30,"opponent_health":30,"my_armor":0,"opponent_armor":0,"my_hand":5,"opponent_hand":6,"my_board":[{"card_name":"Dark Peddler","card_health":2,"card_attack":2}],"opponent_board":[]},{"turn":4,"cards_played":["Nerubian Egg"],"current_player":"opponent","my_health":30,"opponent_health":30,"my_armor":0,"opponent_armor":0,"my_hand":5,"opponent_hand":6,"my_board":[{"card_name":"Dark Peddler","card_health":2,"card_attack":2}],"opponent_board":[{"card_name":"Nerubian Egg","card_health":2,"card_attack":0}]},{"turn":5,"cards_played":["Life Tap"],"current_player":"me","my_health":28,"opponent_health":28,"my_armor":0,"opponent_armor":0,"my_hand":7,"opponent_hand":6,"my_board":[{"card_name":"Dark Peddler","card_health":2,"card_attack":2}],"opponent_board":[{"card_name":"Nerubian Egg","card_health":2,"card_attack":0}]},{"turn":6,"cards_played":["The Coin","Keeper of Uldaman"],"current_player":"opponent","my_health":28,"opponent_health":28,"my_armor":0,"opponent_armor":0,"my_hand":7,"opponent_hand":5,"my_board":[],"opponent_board":[{"card_name":"Nerubian Egg","card_health":1,"card_attack":3},{"card_name":"Keeper of Uldaman","card_health":4,"card_attack":3}]},{"turn":7,"cards_played":["Refreshment Vendor"],"current_player":"me","my_health":28,"opponent_health":28,"my_armor":0,"opponent_armor":0,"my_hand":7,"opponent_hand":5,"my_board":[{"card_name":"Refreshment Vendor","card_health":5,"card_attack":3}],"opponent_board":[{"card_name":"Nerubian Egg","card_health":1,"card_attack":3},{"card_name":"Keeper of Uldaman","card_health":4,"card_attack":3}]},{"turn":8,"cards_played":["Seal of Champions"],"current_player":"opponent","my_health":27,"opponent_health":30,"my_armor":0,"opponent_armor":0,"my_hand":7,"opponent_hand":4,"my_board":[],"opponent_board":[{"card_name":"Nerubian Egg","card_health":1,"card_attack":3},{"card_name":"Keeper of Uldaman","card_health":4,"card_attack":6}]},{"turn":9,"cards_played":["Sludge Belcher"],"current_player":"me","my_health":27,"opponent_health":30,"my_armor":0,"opponent_armor":0,"my_hand":7,"opponent_hand":4,"my_board":[{"card_name":"Sludge Belcher","card_health":5,"card_attack":3}],"opponent_board":[{"card_name":"Nerubian Egg","card_health":1,"card_attack":3},{"card_name":"Keeper of Uldaman","card_health":4,"card_attack":6}]},{"turn":10,"cards_played":["Ironbeak Owl","Reinforce"],"current_player":"opponent","my_health":18,"opponent_health":30,"my_armor":0,"opponent_armor":0,"my_hand":7,"opponent_hand":4,"my_board":[{"card_name":"Sludge Belcher","card_health":5,"card_attack":3}],"opponent_board":[{"card_name":"Nerubian Egg","card_health":1,"card_attack":3},{"card_name":"Keeper of Uldaman","card_health":4,"card_attack":6},{"card_name":"Ironbeak Owl","card_health":1,"card_attack":2},{"card_name":"Silver Hand Recruit","card_health":1,"card_attack":1}]},{"turn":11,"cards_played":["Mortal Coil","Power Overwhelming","Shadowflame"],"current_player":"me","my_health":18,"opponent_health":30,"my_armor":0,"opponent_armor":0,"my_hand":6,"opponent_hand":4,"my_board":[],"opponent_board":[]},{"turn":12,"cards_played":["Loatheb"],"current_player":"opponent","my_health":18,"opponent_health":30,"my_armor":0,"opponent_armor":0,"my_hand":6,"opponent_hand":4,"my_board":[],"opponent_board":[{"card_name":"Loatheb","card_health":5,"card_attack":5}]},{"turn":13,"cards_played":["Dr. Boom"],"current_player":"me","my_health":18,"opponent_health":30,"my_armor":0,"opponent_armor":0,"my_hand":6,"opponent_hand":4,"my_board":[{"card_name":"Dr. Boom","card_health":7,"card_attack":7},{"card_name":"Boom Bot","card_health":1,"card_attack":1},{"card_name":"Boom Bot","card_health":1,"card_attack":1}],"opponent_board":[{"card_name":"Loatheb","card_health":5,"card_attack":5}]},{"turn":14,"cards_played":["Dr. Boom"],"current_player":"opponent","my_health":13,"opponent_health":30,"my_armor":0,"opponent_armor":0,"my_hand":6,"opponent_hand":4,"my_board":[{"card_name":"Dr. Boom","card_health":7,"card_attack":7},{"card_name":"Boom Bot","card_health":1,"card_attack":1},{"card_name":"Boom Bot","card_health":1,"card_attack":1}],"opponent_board":[{"card_name":"Loatheb","card_health":5,"card_attack":5},{"card_name":"Dr. Boom","card_health":7,"card_attack":7},{"card_name":"Boom Bot","card_health":1,"card_attack":1},{"card_name":"Boom Bot","card_health":1,"card_attack":1}]},{"turn":15,"cards_played":["Mind Control Tech","Power Overwhelming","Twilight Drake"],"current_player":"me","my_health":13,"opponent_health":22,"my_armor":0,"opponent_armor":0,"my_hand":4,"opponent_hand":4,"my_board":[{"card_name":"Twilight Drake","card_health":1,"card_attack":4},{"card_name":"Boom Bot","card_health":1,"card_attack":1}],"opponent_board":[]},{"turn":16,"cards_played":["Muster for Battle","Truesilver Champion"],"current_player":"opponent","my_health":9,"opponent_health":24,"my_armor":0,"opponent_armor":0,"my_hand":4,"opponent_hand":3,"my_board":[{"card_name":"Twilight Drake","card_health":5,"card_attack":4},{"card_name":"Boom Bot","card_health":1,"card_attack":1}],"opponent_board":[{"card_name":"Silver Hand Recruit","card_health":1,"card_attack":1},{"card_name":"Silver Hand Recruit","card_health":1,"card_attack":1},{"card_name":"Silver Hand Recruit","card_health":1,"card_attack":1}]},{"turn":17,"cards_played":["Brann Bronzebeard","Defender of Argus","Life Tap"],"current_player":"me","my_health":7,"opponent_health":24,"my_armor":0,"opponent_armor":0,"my_hand":4,"opponent_hand":3,"my_board":[{"card_name":"Twilight Drake","card_health":6,"card_attack":6},{"card_name":"Brann Bronzebeard","card_health":6,"card_attack":4},{"card_name":"Defender of Argus","card_health":3,"card_attack":2}],"opponent_board":[]},{"turn":18,"cards_played":["Mysterious Challenger","Reinforce"],"current_player":"opponent","my_health":7,"opponent_health":24,"my_armor":0,"opponent_armor":0,"my_hand":4,"opponent_hand":2,"my_board":[{"card_name":"Twilight Drake","card_health":6,"card_attack":6},{"card_name":"Brann Bronzebeard","card_health":6,"card_attack":4},{"card_name":"Defender of Argus","card_health":3,"card_attack":2}],"opponent_board":[{"card_name":"Mysterious Challenger","card_health":6,"card_attack":6},{"card_name":"Silver Hand Recruit","card_health":1,"card_attack":1}]},{"turn":19,"cards_played":["Siphon Soul","Life Tap"],"current_player":"me","my_health":8,"opponent_health":24,"my_armor":0,"opponent_armor":0,"my_hand":5,"opponent_hand":2,"my_board":[{"card_name":"Twilight Drake","card_health":5,"card_attack":6},{"card_name":"Brann Bronzebeard","card_health":4,"card_attack":4},{"card_name":"Defender of Argus","card_health":1,"card_attack":2}],"opponent_board":[]},{"turn":20,"cards_played":["Muster for Battle","Divine Favor","Nerubian Egg"],"current_player":"opponent","my_health":8,"opponent_health":22,"my_armor":0,"opponent_armor":0,"my_hand":5,"opponent_hand":3,"my_board":[{"card_name":"Twilight Drake","card_health":5,"card_attack":6},{"card_name":"Defender of Argus","card_health":1,"card_attack":2}],"opponent_board":[{"card_name":"Nerubian Egg","card_health":2,"card_attack":0},{"card_name":"Silver Hand Recruit","card_health":1,"card_attack":1},{"card_name":"Silver Hand Recruit","card_health":1,"card_attack":1},{"card_name":"Silver Hand Recruit","card_health":1,"card_attack":1}]},{"turn":21,"cards_played":["Hellfire","Reno Jackson"],"current_player":"me","my_health":5,"opponent_health":19,"my_armor":0,"opponent_armor":0,"my_hand":4,"opponent_hand":3,"my_board":[{"card_name":"Reno Jackson","card_health":6,"card_attack":4}],"opponent_board":[]},{"turn":22,"cards_played":["Reinforce","Blessing of Kings","Coghammer"],"current_player":"opponent","my_health":29,"opponent_health":19,"my_armor":0,"opponent_armor":0,"my_hand":4,"opponent_hand":2,"my_board":[{"card_name":"Reno Jackson","card_health":6,"card_attack":4}],"opponent_board":[{"card_name":"Silver Hand Recruit","card_health":5,"card_attack":5}]},{"turn":23,"cards_played":["Life Tap","Sylvanas Windrunner"],"current_player":"me","my_health":27,"opponent_health":19,"my_armor":0,"opponent_armor":0,"my_hand":5,"opponent_hand":2,"my_board":[{"card_name":"Sylvanas Windrunner","card_health":5,"card_attack":5},{"card_name":"Reno Jackson","card_health":6,"card_attack":4}],"opponent_board":[{"card_name":"Silver Hand Recruit","card_health":5,"card_attack":5}]},{"turn":24,"cards_played":["Murloc Knight","Reinforce"],"current_player":"opponent","my_health":20,"opponent_health":19,"my_armor":0,"opponent_armor":0,"my_hand":5,"opponent_hand":2,"my_board":[{"card_name":"Sylvanas Windrunner","card_health":5,"card_attack":5},{"card_name":"Reno Jackson","card_health":6,"card_attack":4}],"opponent_board":[{"card_name":"Murloc Knight","card_health":4,"card_attack":3},{"card_name":"Silver Hand Recruit","card_health":5,"card_attack":5},{"card_name":"Silver Hand Recruit","card_health":1,"card_attack":1},{"card_name":"Coldlight Seer","card_health":3,"card_attack":2}]},{"turn":25,"cards_played":["Imp-losion","Demonwrath","Life Tap"],"current_player":"me","my_health":18,"opponent_health":15,"my_armor":0,"opponent_armor":0,"my_hand":5,"opponent_hand":2,"my_board":[{"card_name":"Murloc Knight","card_health":2,"card_attack":3},{"card_name":"Reno Jackson","card_health":4,"card_attack":4},{"card_name":"Imp","card_health":1,"card_attack":1},{"card_name":"Imp","card_health":1,"card_attack":1},{"card_name":"Imp","card_health":1,"card_attack":1},{"card_name":"Imp","card_health":1,"card_attack":1},{"card_name":"Puddlestomper","card_health":2,"card_attack":3}],"opponent_board":[]},{"turn":26,"cards_played":["Reinforce"],"current_player":"opponent","my_health":18,"opponent_health":12,"my_armor":0,"opponent_armor":0,"my_hand":5,"opponent_hand":2,"my_board":[{"card_name":"Reno Jackson","card_health":4,"card_attack":4},{"card_name":"Imp","card_health":1,"card_attack":1},{"card_name":"Imp","card_health":1,"card_attack":1},{"card_name":"Imp","card_health":1,"card_attack":1},{"card_name":"Imp","card_health":1,"card_attack":1},{"card_name":"Puddlestomper","card_health":2,"card_attack":3}],"opponent_board":[{"card_name":"Silver Hand Recruit","card_health":1,"card_attack":1}]},{"turn":27,"cards_played":["Life Tap","Loatheb"],"current_player":"me","my_health":16,"opponent_health":3,"my_armor":0,"opponent_armor":0,"my_hand":6,"opponent_hand":2,"my_board":[{"card_name":"Loatheb","card_health":5,"card_attack":5},{"card_name":"Reno Jackson","card_health":4,"card_attack":4},{"card_name":"Imp","card_health":1,"card_attack":1},{"card_name":"Imp","card_health":1,"card_attack":1},{"card_name":"Puddlestomper","card_health":2,"card_attack":3}],"opponent_board":[]},{"turn":28,"cards_played":[],"current_player":"opponent","my_health":16,"opponent_health":3,"my_armor":0,"opponent_armor":0,"my_hand":6,"opponent_hand":3,"my_board":[{"card_name":"Loatheb","card_health":5,"card_attack":5},{"card_name":"Reno Jackson","card_health":4,"card_attack":4},{"card_name":"Imp","card_health":1,"card_attack":1},{"card_name":"Imp","card_health":1,"card_attack":1},{"card_name":"Puddlestomper","card_health":2,"card_attack":3}],"opponent_board":[]}],"result":"victory"}