{"plays":[{"turn":1,"cards_played":[],"current_player":"opponent","my_health":0,"opponent_health":0,"my_armor":0,"opponent_armor":0,"my_hand":3,"opponent_hand":1,"my_board":[],"opponent_board":[]},{"turn":2,"cards_played":["Tunnel Trogg"],"current_player":"opponent","my_health":30,"opponent_health":30,"my_armor":0,"opponent_armor":0,"my_hand":4,"opponent_hand":5,"my_board":[],"opponent_board":[{"card_name":"Tunnel Trogg","card_health":3,"card_attack":1}]},{"turn":3,"cards_played":["Life Tap"],"current_player":"me","my_health":28,"opponent_health":30,"my_armor":0,"opponent_armor":0,"my_hand":6,"opponent_hand":5,"my_board":[],"opponent_board":[{"card_name":"Tunnel Trogg","card_health":3,"card_attack":1}]},{"turn":4,"cards_played":["Totem Golem"],"current_player":"opponent","my_health":26,"opponent_health":30,"my_armor":0,"opponent_armor":0,"my_hand":6,"opponent_hand":5,"my_board":[],"opponent_board":[{"card_name":"Totem Golem","card_health":4,"card_attack":3},{"card_name":"Tunnel Trogg","card_health":3,"card_attack":2}]},{"turn":5,"cards_played":["Earthen Ring Farseer"],"current_player":"me","my_health":26,"opponent_health":30,"my_armor":0,"opponent_armor":0,"my_hand":6,"opponent_hand":5,"my_board":[{"card_name":"Earthen Ring Farseer","card_health":3,"card_attack":3}],"opponent_board":[{"card_name":"Totem Golem","card_health":4,"card_attack":3},{"card_name":"Tunnel Trogg","card_health":3,"card_attack":2}]},{"turn":6,"cards_played":["Totem Golem"],"current_player":"opponent","my_health":26,"opponent_health":30,"my_armor":0,"opponent_armor":0,"my_hand":6,"opponent_hand":5,"my_board":[],"opponent_board":[{"card_name":"Totem Golem","card_health":4,"card_attack":3},{"card_name":"Totem Golem","card_health":1,"card_attack":3},{"card_name":"Tunnel Trogg","card_health":3,"card_attack":3}]},{"turn":7,"cards_played":["Life Tap","Ironbeak Owl"],"current_player":"me","my_health":24,"opponent_health":30,"my_armor":0,"opponent_armor":0,"my_hand":7,"opponent_hand":5,"my_board":[{"card_name":"Ironbeak Owl","card_health":1,"card_attack":2}],"opponent_board":[{"card_name":"Totem Golem","card_health":4,"card_attack":3},{"card_name":"Totem Golem","card_health":1,"card_attack":3},{"card_name":"Tunnel Trogg","card_health":3,"card_attack":3}]},{"turn":8,"cards_played":["The Coin","Piloted Shredder"],"current_player":"opponent","my_health":18,"opponent_health":30,"my_armor":0,"opponent_armor":0,"my_hand":7,"opponent_hand":4,"my_board":[],"opponent_board":[{"card_name":"Totem Golem","card_health":4,"card_attack":3},{"card_name":"Totem Golem","card_health":1,"card_attack":3},{"card_name":"Tunnel Trogg","card_health":1,"card_attack":1},{"card_name":"Piloted Shredder","card_health":3,"card_attack":4}]},{"turn":9,"cards_played":["Faceless Manipulator"],"current_player":"me","my_health":18,"opponent_health":30,"my_armor":0,"opponent_armor":0,"my_hand":7,"opponent_hand":4,"my_board":[{"card_name":"Faceless Manipulator","card_health":3,"card_attack":3},{"card_name":"Piloted Shredder","card_health":3,"card_attack":4}],"opponent_board":[{"card_name":"Totem Golem","card_health":4,"card_attack":3},{"card_name":"Totem Golem","card_health":1,"card_attack":3},{"card_name":"Tunnel Trogg","card_health":1,"card_attack":1},{"card_name":"Piloted Shredder","card_health":3,"card_attack":4}]},{"turn":10,"cards_played":["Bloodlust"],"current_player":"opponent","my_health":14,"opponent_health":30,"my_armor":0,"opponent_armor":0,"my_hand":7,"opponent_hand":4,"my_board":[{"card_name":"Piloted Shredder","card_health":3,"card_attack":4}],"opponent_board":[{"card_name":"Totem Golem","card_health":4,"card_attack":6},{"card_name":"Totem Golem","card_health":1,"card_attack":6},{"card_name":"Tunnel Trogg","card_health":1,"card_attack":4},{"card_name":"Piloted Shredder","card_health":3,"card_attack":7}]}],"result":"defeat"}