{"plays":[{"turn":1,"cards_played":[],"current_player":"me","my_health":0,"opponent_health":0,"my_armor":0,"opponent_armor":0,"my_hand":0,"opponent_hand":1,"my_board":[],"opponent_board":[]},{"turn":2,"cards_played":[],"current_player":"opponent","my_health":30,"opponent_health":30,"my_armor":0,"opponent_armor":0,"my_hand":4,"opponent_hand":6,"my_board":[],"opponent_board":[]},{"turn":3,"cards_played":["Life Tap"],"current_player":"me","my_health":28,"opponent_health":30,"my_armor":0,"opponent_armor":0,"my_hand":6,"opponent_hand":6,"my_board":[],"opponent_board":[]},{"turn":4,"cards_played":["Life Tap"],"current_player":"opponent","my_health":28,"opponent_health":28,"my_armor":0,"opponent_armor":0,"my_hand":6,"opponent_hand":8,"my_board":[],"opponent_board":[]},{"turn":5,"cards_played":["Life Tap"],"current_player":"me","my_health":26,"opponent_health":28,"my_armor":0,"opponent_armor":0,"my_hand":8,"opponent_hand":8,"my_board":[],"opponent_board":[]},{"turn":6,"cards_played":["Life Tap"],"current_player":"opponent","my_health":26,"opponent_health":26,"my_armor":0,"opponent_armor":0,"my_hand":8,"opponent_hand":10,"my_board":[],"opponent_board":[]},{"turn":7,"cards_played":["Elise Starseeker"],"current_player":"me","my_health":26,"opponent_health":26,"my_armor":0,"opponent_armor":0,"my_hand":8,"opponent_hand":10,"my_board":[{"card_name":"Elise Starseeker","card_health":5,"card_attack":3}],"opponent_board":[]},{"turn":8,"cards_played":["Shadow Bolt","Mortal Coil"],"current_player":"opponent","my_health":26,"opponent_health":26,"my_armor":0,"opponent_armor":0,"my_hand":8,"opponent_hand":9,"my_board":[],"opponent_board":[]},{"turn":9,"cards_played":["Stalagg"],"current_player":"me","my_health":26,"opponent_health":26,"my_armor":0,"opponent_armor":0,"my_hand":8,"opponent_hand":9,"my_board":[{"card_name":"Stalagg","card_health":4,"card_attack":7}],"opponent_board":[]},{"turn":10,"cards_played":["Voidcaller"],"current_player":"opponent","my_health":26,"opponent_health":26,"my_armor":0,"opponent_armor":0,"my_hand":8,"opponent_hand":9,"my_board":[{"card_name":"Stalagg","card_health":4,"card_attack":7}],"opponent_board":[{"card_name":"Voidcaller","card_health":4,"card_attack":3}]},{"turn":11,"cards_played":["Dark Peddler","Map to the Golden Monkey","Voidwalker"],"current_player":"me","my_health":26,"opponent_health":19,"my_armor":0,"opponent_armor":0,"my_hand":8,"opponent_hand":9,"my_board":[{"card_name":"Stalagg","card_health":4,"card_attack":7},{"card_name":"Dark Peddler","card_health":2,"card_attack":2},{"card_name":"Voidwalker","card_health":3,"card_attack":1}],"opponent_board":[{"card_name":"Voidcaller","card_health":4,"card_attack":3}]},{"turn":12,"cards_played":["Ironbeak Owl","Power Overwhelming","Shattered Sun Cleric","Floating Watcher"],"current_player":"opponent","my_health":26,"opponent_health":19,"my_armor":0,"opponent_armor":0,"my_hand":8,"opponent_hand":6,"my_board":[{"card_name":"Dark Peddler","card_health":2,"card_attack":2},{"card_name":"Voidwalker","card_health":3,"card_attack":1}],"opponent_board":[{"card_name":"Ironbeak Owl","card_health":2,"card_attack":3},{"card_name":"Floating Watcher","card_health":4,"card_attack":4},{"card_name":"Shattered Sun Cleric","card_health":2,"card_attack":3}]},{"turn":13,"cards_played":["Brann Bronzebeard","Defender of Argus"],"current_player":"me","my_health":26,"opponent_health":19,"my_armor":0,"opponent_armor":0,"my_hand":7,"opponent_hand":6,"my_board":[{"card_name":"Brann Bronzebeard","card_health":4,"card_attack":2},{"card_name":"Defender of Argus","card_health":3,"card_attack":2},{"card_name":"Voidwalker","card_health":2,"card_attack":3}],"opponent_board":[{"card_name":"Ironbeak Owl","card_health":2,"card_attack":3}]},{"turn":14,"cards_played":["Emperor Thaurissan","The Coin","Nerubian Egg"],"current_player":"opponent","my_health":26,"opponent_health":19,"my_armor":0,"opponent_armor":0,"my_hand":7,"opponent_hand":4,"my_board":[{"card_name":"Brann Bronzebeard","card_health":4,"card_attack":2},{"card_name":"Defender of Argus","card_health":3,"card_attack":2}],"opponent_board":[{"card_name":"Nerubian Egg","card_health":2,"card_attack":0},{"card_name":"Emperor Thaurissan","card_health":5,"card_attack":5}]},{"turn":15,"cards_played":["Darkbomb","Sludge Belcher"],"current_player":"me","my_health":26,"opponent_health":17,"my_armor":0,"opponent_armor":0,"my_hand":6,"opponent_hand":4,"my_board":[{"card_name":"Brann Bronzebeard","card_health":4,"card_attack":2},{"card_name":"Sludge Belcher","card_health":5,"card_attack":3}],"opponent_board":[{"card_name":"Nerubian Egg","card_health":2,"card_attack":0}]},{"turn":16,"cards_played":["Dr. Boom","Life Tap"],"current_player":"opponent","my_health":26,"opponent_health":15,"my_armor":0,"opponent_armor":0,"my_hand":6,"opponent_hand":5,"my_board":[{"card_name":"Brann Bronzebeard","card_health":4,"card_attack":2},{"card_name":"Sludge Belcher","card_health":5,"card_attack":3}],"opponent_board":[{"card_name":"Dr. Boom","card_health":7,"card_attack":7},{"card_name":"Nerubian Egg","card_health":2,"card_attack":0},{"card_name":"Boom Bot","card_health":1,"card_attack":1},{"card_name":"Boom Bot","card_health":1,"card_attack":1}]},{"turn":17,"cards_played":["Emperor Thaurissan","Life Tap","Mortal Coil"],"current_player":"me","my_health":21,"opponent_health":10,"my_armor":0,"opponent_armor":0,"my_hand":7,"opponent_hand":5,"my_board":[{"card_name":"Brann Bronzebeard","card_health":4,"card_attack":2},{"card_name":"Emperor Thaurissan","card_health":5,"card_attack":5},{"card_name":"Sludge Belcher","card_health":5,"card_attack":3}],"opponent_board":[{"card_name":"Dr. Boom","card_health":7,"card_attack":7},{"card_name":"Nerubian Egg","card_health":2,"card_attack":0},{"card_name":"Boom Bot","card_health":1,"card_attack":1}]},{"turn":18,"cards_played":["Shadowflame","Piloted Shredder"],"current_player":"opponent","my_health":20,"opponent_health":10,"my_armor":0,"opponent_armor":0,"my_hand":7,"opponent_hand":4,"my_board":[],"opponent_board":[{"card_name":"Nerubian Egg","card_health":2,"card_attack":0},{"card_name":"Piloted Shredder","card_health":3,"card_attack":4},{"card_name":"Boom Bot","card_health":1,"card_attack":1}]},{"turn":19,"cards_played":["Antique Healbot","Golden Monkey","Lorewalker Cho"],"current_player":"me","my_health":28,"opponent_health":10,"my_armor":0,"opponent_armor":0,"my_hand":5,"opponent_hand":4,"my_board":[{"card_name":"Antique Healbot","card_health":3,"card_attack":3},{"card_name":"Golden Monkey","card_health":6,"card_attack":6},{"card_name":"Lorewalker Cho","card_health":4,"card_attack":0}],"opponent_board":[{"card_name":"Nerubian Egg","card_health":2,"card_attack":0},{"card_name":"Piloted Shredder","card_health":3,"card_attack":4},{"card_name":"Boom Bot","card_health":1,"card_attack":1}]},{"turn":20,"cards_played":["Defender of Argus","Baron Rivendare"],"current_player":"opponent","my_health":28,"opponent_health":10,"my_armor":0,"opponent_armor":0,"my_hand":5,"opponent_hand":3,"my_board":[{"card_name":"Lorewalker Cho","card_health":3,"card_attack":0}],"opponent_board":[{"card_name":"Defender of Argus","card_health":3,"card_attack":2},{"card_name":"Baron Rivendare","card_health":7,"card_attack":1},{"card_name":"Nerubian Egg","card_health":3,"card_attack":1},{"card_name":"Totem Golem","card_health":4,"card_attack":3},{"card_name":"Wrathguard","card_health":3,"card_attack":4}]},{"turn":21,"cards_played":["Confessor Paletress","Life Tap","Sir Finley Mrrgglton"],"current_player":"me","my_health":26,"opponent_health":10,"my_armor":0,"opponent_armor":0,"my_hand":5,"opponent_hand":3,"my_board":[{"card_name":"Sir Finley Mrrgglton","card_health":3,"card_attack":1},{"card_name":"Confessor Paletress","card_health":4,"card_attack":5},{"card_name":"Lorewalker Cho","card_health":3,"card_attack":0},{"card_name":"Wilfred Fizzlebang","card_health":4,"card_attack":4}],"opponent_board":[{"card_name":"Defender of Argus","card_health":3,"card_attack":2},{"card_name":"Baron Rivendare","card_health":7,"card_attack":1},{"card_name":"Nerubian Egg","card_health":3,"card_attack":1},{"card_name":"Totem Golem","card_health":4,"card_attack":3},{"card_name":"Wrathguard","card_health":3,"card_attack":4}]},{"turn":22,"cards_played":["Reno Jackson","Sludge Belcher"],"current_player":"opponent","my_health":26,"opponent_health":26,"my_armor":0,"opponent_armor":0,"my_hand":5,"opponent_hand":2,"my_board":[{"card_name":"Lorewalker Cho","card_health":3,"card_attack":0}],"opponent_board":[{"card_name":"Defender of Argus","card_health":2,"card_attack":2},{"card_name":"Sludge Belcher","card_health":5,"card_attack":3},{"card_name":"Baron Rivendare","card_health":6,"card_attack":1},{"card_name":"Reno Jackson","card_health":6,"card_attack":4},{"card_name":"Nerubian","card_health":4,"card_attack":4},{"card_name":"Nerubian","card_health":4,"card_attack":4}]},{"turn":23,"cards_played":["Confessor Paletress","Fireblast","Fireblast"],"current_player":"me","my_health":26,"opponent_health":26,"my_armor":0,"opponent_armor":0,"my_hand":5,"opponent_hand":2,"my_board":[{"card_name":"Confessor Paletress","card_health":4,"card_attack":5},{"card_name":"Lorewalker Cho","card_health":3,"card_attack":0},{"card_name":"Chillmaw","card_health":6,"card_attack":6}],"opponent_board":[{"card_name":"Defender of Argus","card_health":1,"card_attack":2},{"card_name":"Sludge Belcher","card_health":5,"card_attack":3},{"card_name":"Baron Rivendare","card_health":6,"card_attack":1},{"card_name":"Reno Jackson","card_health":6,"card_attack":4},{"card_name":"Nerubian","card_health":4,"card_attack":4},{"card_name":"Nerubian","card_health":4,"card_attack":4}]},{"turn":24,"cards_played":["Loatheb","Life Tap"],"current_player":"opponent","my_health":21,"opponent_health":24,"my_armor":0,"opponent_armor":0,"my_hand":5,"opponent_hand":3,"my_board":[],"opponent_board":[{"card_name":"Sludge Belcher","card_health":5,"card_attack":3},{"card_name":"Loatheb","card_health":5,"card_attack":5},{"card_name":"Baron Rivendare","card_health":6,"card_attack":1},{"card_name":"Reno Jackson","card_health":6,"card_attack":4}]},{"turn":25,"cards_played":["Acidmaw","Fireblast","Fireblast"],"current_player":"me","my_health":21,"opponent_health":24,"my_armor":0,"opponent_armor":0,"my_hand":5,"opponent_hand":3,"my_board":[{"card_name":"Acidmaw","card_health":2,"card_attack":4}],"opponent_board":[{"card_name":"Sludge Belcher","card_health":5,"card_attack":3},{"card_name":"Baron Rivendare","card_health":6,"card_attack":1},{"card_name":"Reno Jackson","card_health":6,"card_attack":4}]},{"turn":26,"cards_played":["Life Tap","Antique Healbot"],"current_player":"opponent","my_health":16,"opponent_health":30,"my_armor":0,"opponent_armor":0,"my_hand":5,"opponent_hand":4,"my_board":[],"opponent_board":[{"card_name":"Antique Healbot","card_health":3,"card_attack":3},{"card_name":"Baron Rivendare","card_health":6,"card_attack":1},{"card_name":"Reno Jackson","card_health":6,"card_attack":4},{"card_name":"Slime","card_health":2,"card_attack":1},{"card_name":"Slime","card_health":2,"card_attack":1}]},{"turn":27,"cards_played":["The Black Knight","Old Murk-Eye"],"current_player":"me","my_health":16,"opponent_health":30,"my_armor":0,"opponent_armor":0,"my_hand":4,"opponent_hand":4,"my_board":[{"card_name":"The Black Knight","card_health":5,"card_attack":4},{"card_name":"Old Murk-Eye","card_health":3,"card_attack":2}],"opponent_board":[{"card_name":"Antique Healbot","card_health":3,"card_attack":3},{"card_name":"Baron Rivendare","card_health":6,"card_attack":1},{"card_name":"Reno Jackson","card_health":6,"card_attack":4}]},{"turn":28,"cards_played":["Imp-losion","Life Tap"],"current_player":"opponent","my_health":15,"opponent_health":28,"my_armor":0,"opponent_armor":0,"my_hand":4,"opponent_hand":5,"my_board":[],"opponent_board":[{"card_name":"Antique Healbot","card_health":1,"card_attack":3},{"card_name":"Baron Rivendare","card_health":6,"card_attack":1},{"card_name":"Reno Jackson","card_health":2,"card_attack":4},{"card_name":"Imp","card_health":1,"card_attack":1},{"card_name":"Imp","card_health":1,"card_attack":1},{"card_name":"Imp","card_health":1,"card_attack":1}]},{"turn":29,"cards_played":["Troggzor the Earthinator","Fireblast","Fireblast"],"current_player":"me","my_health":15,"opponent_health":28,"my_armor":0,"opponent_armor":0,"my_hand":4,"opponent_hand":5,"my_board":[{"card_name":"Troggzor the Earthinator","card_health":6,"card_attack":6}],"opponent_board":[{"card_name":"Baron Rivendare","card_health":6,"card_attack":1},{"card_name":"Reno Jackson","card_health":2,"card_attack":4},{"card_name":"Imp","card_health":1,"card_attack":1},{"card_name":"Imp","card_health":1,"card_attack":1},{"card_name":"Imp","card_health":1,"card_attack":1}]},{"turn":30,"cards_played":["Voidwalker","Life Tap","Flame Imp","Bane of Doom"],"current_player":"opponent","my_health":13,"opponent_health":23,"my_armor":0,"opponent_armor":0,"my_hand":4,"opponent_hand":4,"my_board":[],"opponent_board":[{"card_name":"Flame Imp","card_health":2,"card_attack":3},{"card_name":"Baron Rivendare","card_health":6,"card_attack":1},{"card_name":"Voidwalker","card_health":3,"card_attack":1},{"card_name":"Felguard","card_health":5,"card_attack":3}]},{"turn":31,"cards_played":["Mekgineer Thermaplugg"],"current_player":"me","my_health":13,"opponent_health":23,"my_armor":0,"opponent_armor":0,"my_hand":4,"opponent_hand":4,"my_board":[{"card_name":"Mekgineer Thermaplugg","card_health":7,"card_attack":9}],"opponent_board":[{"card_name":"Flame Imp","card_health":2,"card_attack":3},{"card_name":"Baron Rivendare","card_health":6,"card_attack":1},{"card_name":"Voidwalker","card_health":3,"card_attack":1},{"card_name":"Felguard","card_health":5,"card_attack":3}]},{"turn":32,"cards_played":["Doomguard","Faceless Manipulator"],"current_player":"opponent","my_health":0,"opponent_health":23,"my_armor":0,"opponent_armor":0,"my_hand":4,"opponent_hand":1,"my_board":[{"card_name":"Mekgineer Thermaplugg","card_health":2,"card_attack":9},{"card_name":"Leper Gnome","card_health":1,"card_attack":2}],"opponent_board":[{"card_name":"Doomguard","card_health":7,"card_attack":5},{"card_name":"Flame Imp","card_health":2,"card_attack":3},{"card_name":"Baron Rivendare","card_health":6,"card_attack":1},{"card_name":"Voidwalker","card_health":3,"card_attack":1},{"card_name":"Felguard","card_health":5,"card_attack":3}]}],"result":"defeat"}