{"plays":[{"turn":1,"cards_played":[],"current_player":"opponent","my_health":0,"opponent_health":0,"my_armor":0,"opponent_armor":0,"my_hand":1,"opponent_hand":0,"my_board":[],"opponent_board":[]},{"turn":2,"cards_played":["Argent Squire","The Coin","Unstable Ghoul"],"current_player":"me","my_health":30,"opponent_health":30,"my_armor":0,"opponent_armor":0,"my_hand":4,"opponent_hand":3,"my_board":[{"card_name":"Unstable Ghoul","card_health":3,"card_attack":1}],"opponent_board":[{"card_name":"Argent Squire","card_health":1,"card_attack":1}]},{"turn":3,"cards_played":["Dark Peddler"],"current_player":"opponent","my_health":30,"opponent_health":30,"my_armor":0,"opponent_armor":0,"my_hand":4,"opponent_hand":4,"my_board":[{"card_name":"Unstable Ghoul","card_health":3,"card_attack":1}],"opponent_board":[{"card_name":"Argent Squire","card_health":1,"card_attack":1},{"card_name":"Dark Peddler","card_health":2,"card_attack":2}]},{"turn":4,"cards_played":["Cruel Taskmaster"],"current_player":"me","my_health":30,"opponent_health":30,"my_armor":0,"opponent_armor":0,"my_hand":4,"opponent_hand":4,"my_board":[{"card_name":"Cruel Taskmaster","card_health":2,"card_attack":2},{"card_name":"Unstable Ghoul","card_health":2,"card_attack":1}],"opponent_board":[{"card_name":"Dark Peddler","card_health":2,"card_attack":2}]},{"turn":5,"cards_played":["Nerubian Egg","Flame Imp"],"current_player":"opponent","my_health":30,"opponent_health":30,"my_armor":0,"opponent_armor":0,"my_hand":4,"opponent_hand":3,"my_board":[{"card_name":"Cruel Taskmaster","card_health":1,"card_attack":2}],"opponent_board":[{"card_name":"Nerubian Egg","card_health":1,"card_attack":0},{"card_name":"Flame Imp","card_health":2,"card_attack":3}]},{"turn":6,"cards_played":["Armor Up!"],"current_player":"me","my_health":30,"opponent_health":27,"my_armor":2,"opponent_armor":0,"my_hand":5,"opponent_hand":3,"my_board":[],"opponent_board":[{"card_name":"Nerubian Egg","card_health":1,"card_attack":0}]},{"turn":7,"cards_played":["Life Tap","Haunted Creeper"],"current_player":"opponent","my_health":30,"opponent_health":25,"my_armor":2,"opponent_armor":0,"my_hand":5,"opponent_hand":4,"my_board":[],"opponent_board":[{"card_name":"Nerubian Egg","card_health":1,"card_attack":0},{"card_name":"Haunted Creeper","card_health":2,"card_attack":1}]},{"turn":8,"cards_played":["Death's Bite"],"current_player":"me","my_health":30,"opponent_health":25,"my_armor":1,"opponent_armor":0,"my_hand":5,"opponent_hand":4,"my_board":[],"opponent_board":[{"card_name":"Nerubian Egg","card_health":1,"card_attack":0},{"card_name":"Spectral Spider","card_health":1,"card_attack":1},{"card_name":"Spectral Spider","card_health":1,"card_attack":1}]},{"turn":9,"cards_played":["Defender of Argus"],"current_player":"opponent","my_health":27,"opponent_health":25,"my_armor":0,"opponent_armor":0,"my_hand":5,"opponent_hand":4,"my_board":[],"opponent_board":[{"card_name":"Nerubian Egg","card_health":1,"card_attack":0},{"card_name":"Defender of Argus","card_health":3,"card_attack":2},{"card_name":"Spectral Spider","card_health":2,"card_attack":2},{"card_name":"Spectral Spider","card_health":2,"card_attack":2}]},{"turn":10,"cards_played":["Loatheb"],"current_player":"me","my_health":27,"opponent_health":25,"my_armor":0,"opponent_armor":0,"my_hand":5,"opponent_hand":4,"my_board":[{"card_name":"Loatheb","card_health":5,"card_attack":5}],"opponent_board":[{"card_name":"Nerubian Egg","card_health":1,"card_attack":0},{"card_name":"Defender of Argus","card_health":3,"card_attack":2},{"card_name":"Spectral Spider","card_health":2,"card_attack":2},{"card_name":"Spectral Spider","card_health":2,"card_attack":2}]},{"turn":11,"cards_played":["Dire Wolf Alpha","Imp Gang Boss"],"current_player":"opponent","my_health":23,"opponent_health":25,"my_armor":0,"opponent_armor":0,"my_hand":5,"opponent_hand":3,"my_board":[],"opponent_board":[{"card_name":"Nerubian Egg","card_health":1,"card_attack":1},{"card_name":"Imp Gang Boss","card_health":4,"card_attack":2},{"card_name":"Dire Wolf Alpha","card_health":2,"card_attack":2},{"card_name":"Spectral Spider","card_health":2,"card_attack":3}]},{"turn":12,"cards_played":["Grim Patron","Whirlwind","Inner Rage"],"current_player":"me","my_health":18,"opponent_health":25,"my_armor":0,"opponent_armor":0,"my_hand":3,"opponent_hand":3,"my_board":[{"card_name":"Grim Patron","card_health":1,"card_attack":3},{"card_name":"Grim Patron","card_health":2,"card_attack":3},{"card_name":"Grim Patron","card_health":3,"card_attack":3},{"card_name":"Grim Patron","card_health":3,"card_attack":3}],"opponent_board":[{"card_name":"Imp Gang Boss","card_health":2,"card_attack":3},{"card_name":"Imp","card_health":1,"card_attack":1}]},{"turn":13,"cards_played":["Life Tap","Abusive Sergeant","Dire Wolf Alpha","Voidwalker"],"current_player":"opponent","my_health":18,"opponent_health":23,"my_armor":0,"opponent_armor":0,"my_hand":3,"opponent_hand":2,"my_board":[{"card_name":"Grim Patron","card_health":1,"card_attack":3},{"card_name":"Grim Patron","card_health":2,"card_attack":3}],"opponent_board":[{"card_name":"Abusive Sergeant","card_health":1,"card_attack":3},{"card_name":"Dire Wolf Alpha","card_health":2,"card_attack":2},{"card_name":"Voidwalker","card_health":3,"card_attack":1},{"card_name":"Imp","card_health":1,"card_attack":2}]},{"turn":14,"cards_played":["Battle Rage","Armorsmith","Whirlwind","Armor Up!"],"current_player":"me","my_health":18,"opponent_health":23,"my_armor":7,"opponent_armor":0,"my_hand":4,"opponent_hand":2,"my_board":[{"card_name":"Armorsmith","card_health":3,"card_attack":1},{"card_name":"Grim Patron","card_health":2,"card_attack":3},{"card_name":"Grim Patron","card_health":3,"card_attack":3}],"opponent_board":[]},{"turn":15,"cards_played":["Life Tap","Ironbeak Owl"],"current_player":"opponent","my_health":18,"opponent_health":21,"my_armor":7,"opponent_armor":0,"my_hand":4,"opponent_hand":3,"my_board":[{"card_name":"Armorsmith","card_health":3,"card_attack":1},{"card_name":"Grim Patron","card_health":2,"card_attack":3},{"card_name":"Grim Patron","card_health":3,"card_attack":3}],"opponent_board":[{"card_name":"Ironbeak Owl","card_health":1,"card_attack":2}]},{"turn":16,"cards_played":["Shield Block","Acolyte of Pain","Armor Up!"],"current_player":"me","my_health":18,"opponent_health":17,"my_armor":15,"opponent_armor":0,"my_hand":4,"opponent_hand":3,"my_board":[{"card_name":"Armorsmith","card_health":3,"card_attack":1},{"card_name":"Acolyte of Pain","card_health":3,"card_attack":1},{"card_name":"Grim Patron","card_health":2,"card_attack":3},{"card_name":"Grim Patron","card_health":1,"card_attack":3}],"opponent_board":[]},{"turn":17,"cards_played":["Life Tap","Sea Giant"],"current_player":"opponent","my_health":18,"opponent_health":15,"my_armor":15,"opponent_armor":0,"my_hand":4,"opponent_hand":4,"my_board":[{"card_name":"Armorsmith","card_health":3,"card_attack":1},{"card_name":"Acolyte of Pain","card_health":3,"card_attack":1},{"card_name":"Grim Patron","card_health":2,"card_attack":3},{"card_name":"Grim Patron","card_health":1,"card_attack":3}],"opponent_board":[{"card_name":"Sea Giant","card_health":8,"card_attack":8}]},{"turn":18,"cards_played":["Slam","Execute","Emperor Thaurissan"],"current_player":"me","my_health":18,"opponent_health":7,"my_armor":15,"opponent_armor":0,"my_hand":3,"opponent_hand":4,"my_board":[{"card_name":"Emperor Thaurissan","card_health":5,"card_attack":5},{"card_name":"Armorsmith","card_health":3,"card_attack":1},{"card_name":"Acolyte of Pain","card_health":3,"card_attack":1},{"card_name":"Grim Patron","card_health":2,"card_attack":3},{"card_name":"Grim Patron","card_health":1,"card_attack":3}],"opponent_board":[]},{"turn":19,"cards_played":[],"current_player":"opponent","my_health":18,"opponent_health":7,"my_armor":15,"opponent_armor":0,"my_hand":3,"opponent_hand":5,"my_board":[{"card_name":"Emperor Thaurissan","card_health":5,"card_attack":5},{"card_name":"Armorsmith","card_health":3,"card_attack":1},{"card_name":"Acolyte of Pain","card_health":3,"card_attack":1},{"card_name":"Grim Patron","card_health":2,"card_attack":3},{"card_name":"Grim Patron","card_health":1,"card_attack":3}],"opponent_board":[]}],"result":"victory"}