{"plays":[{"turn":1,"cards_played":[],"current_player":"opponent","my_health":30,"opponent_health":0,"my_armor":0,"opponent_armor":0,"my_hand":1,"opponent_hand":0,"my_board":[],"opponent_board":[]},{"turn":2,"cards_played":["The Coin","Darnassus Aspirant"],"current_player":"opponent","my_health":30,"opponent_health":30,"my_armor":0,"opponent_armor":0,"my_hand":4,"opponent_hand":4,"my_board":[],"opponent_board":[{"card_name":"Darnassus Aspirant","card_health":3,"card_attack":2}]},{"turn":3,"cards_played":["Slam"],"current_player":"me","my_health":30,"opponent_health":30,"my_armor":0,"opponent_armor":0,"my_hand":5,"opponent_hand":4,"my_board":[],"opponent_board":[{"card_name":"Darnassus Aspirant","card_health":1,"card_attack":2}]},{"turn":4,"cards_played":["Wild Growth"],"current_player":"opponent","my_health":28,"opponent_health":30,"my_armor":0,"opponent_armor":0,"my_hand":5,"opponent_hand":4,"my_board":[],"opponent_board":[{"card_name":"Darnassus Aspirant","card_health":1,"card_attack":2}]},{"turn":5,"cards_played":["Cruel Taskmaster"],"current_player":"me","my_health":28,"opponent_health":30,"my_armor":0,"opponent_armor":0,"my_hand":5,"opponent_hand":4,"my_board":[{"card_name":"Cruel Taskmaster","card_health":2,"card_attack":2}],"opponent_board":[]},{"turn":6,"cards_played":["Piloted Shredder"],"current_player":"opponent","my_health":28,"opponent_health":30,"my_armor":0,"opponent_armor":0,"my_hand":5,"opponent_hand":4,"my_board":[{"card_name":"Cruel Taskmaster","card_health":2,"card_attack":2}],"opponent_board":[{"card_name":"Piloted Shredder","card_health":3,"card_attack":4}]},{"turn":7,"cards_played":["Fiery War Axe","Unstable Ghoul"],"current_player":"me","my_health":24,"opponent_health":28,"my_armor":0,"opponent_armor":0,"my_hand":4,"opponent_hand":4,"my_board":[{"card_name":"Unstable Ghoul","card_health":3,"card_attack":1},{"card_name":"Cruel Taskmaster","card_health":2,"card_attack":2}],"opponent_board":[{"card_name":"River Crocolisk","card_health":3,"card_attack":2}]},{"turn":8,"cards_played":["Keeper of the Grove"],"current_player":"opponent","my_health":24,"opponent_health":28,"my_armor":0,"opponent_armor":0,"my_hand":4,"opponent_hand":4,"my_board":[{"card_name":"Unstable Ghoul","card_health":3,"card_attack":1}],"opponent_board":[{"card_name":"Keeper of the Grove","card_health":4,"card_attack":2},{"card_name":"River Crocolisk","card_health":1,"card_attack":2}]},{"turn":9,"cards_played":["Shield Block","Armor Up!"],"current_player":"me","my_health":24,"opponent_health":28,"my_armor":5,"opponent_armor":0,"my_hand":5,"opponent_hand":4,"my_board":[{"card_name":"Unstable Ghoul","card_health":1,"card_attack":1}],"opponent_board":[{"card_name":"River Crocolisk","card_health":1,"card_attack":2}]},{"turn":10,"cards_played":["Piloted Shredder","Shapeshift"],"current_player":"opponent","my_health":24,"opponent_health":28,"my_armor":3,"opponent_armor":0,"my_hand":5,"opponent_hand":4,"my_board":[],"opponent_board":[{"card_name":"Piloted Shredder","card_health":3,"card_attack":4},{"card_name":"River Crocolisk","card_health":1,"card_attack":2}]},{"turn":11,"cards_played":["Acolyte of Pain","Armor Up!"],"current_player":"me","my_health":24,"opponent_health":28,"my_armor":5,"opponent_armor":0,"my_hand":5,"opponent_hand":4,"my_board":[{"card_name":"Acolyte of Pain","card_health":3,"card_attack":1}],"opponent_board":[{"card_name":"Piloted Shredder","card_health":3,"card_attack":4},{"card_name":"River Crocolisk","card_health":1,"card_attack":2}]},{"turn":12,"cards_played":["Ancient of War"],"current_player":"opponent","my_health":24,"opponent_health":28,"my_armor":3,"opponent_armor":0,"my_hand":6,"opponent_hand":4,"my_board":[],"opponent_board":[{"card_name":"Piloted Shredder","card_health":2,"card_attack":4},{"card_name":"Ancient of War","card_health":10,"card_attack":5},{"card_name":"River Crocolisk","card_health":1,"card_attack":2}]},{"turn":13,"cards_played":["Battle Rage","Death's Bite","Execute"],"current_player":"me","my_health":22,"opponent_health":28,"my_armor":0,"opponent_armor":0,"my_hand":5,"opponent_hand":4,"my_board":[],"opponent_board":[{"card_name":"Piloted Shredder","card_health":2,"card_attack":4},{"card_name":"River Crocolisk","card_health":1,"card_attack":2}]},{"turn":14,"cards_played":["Shapeshift"],"current_player":"opponent","my_health":15,"opponent_health":28,"my_armor":0,"opponent_armor":1,"my_hand":5,"opponent_hand":5,"my_board":[],"opponent_board":[{"card_name":"Piloted Shredder","card_health":2,"card_attack":4},{"card_name":"River Crocolisk","card_health":1,"card_attack":2}]},{"turn":15,"cards_played":["Emperor Thaurissan","Armor Up!"],"current_player":"me","my_health":15,"opponent_health":28,"my_armor":2,"opponent_armor":1,"my_hand":5,"opponent_hand":5,"my_board":[{"card_name":"Emperor Thaurissan","card_health":5,"card_attack":5}],"opponent_board":[{"card_name":"Piloted Shredder","card_health":2,"card_attack":4},{"card_name":"River Crocolisk","card_health":1,"card_attack":2}]},{"turn":16,"cards_played":["Cenarius"],"current_player":"me","my_health":13,"opponent_health":28,"my_armor":0,"opponent_armor":1,"my_hand":5,"opponent_hand":5,"my_board":[],"opponent_board":[{"card_name":"Cenarius","card_health":8,"card_attack":5},{"card_name":"River Crocolisk","card_health":3,"card_attack":4},{"card_name":"Micro Machine","card_health":2,"card_attack":1}]},{"turn":17,"cards_played":["Warsong Commander","Grim Patron","Frothing Berserker","Whirlwind"],"current_player":"opponent","my_health":13,"opponent_health":25,"my_armor":0,"opponent_armor":0,"my_hand":2,"opponent_hand":5,"my_board":[{"card_name":"Frothing Berserker","card_health":2,"card_attack":16},{"card_name":"Warsong Commander","card_health":1,"card_attack":2},{"card_name":"Grim Patron","card_health":1,"card_attack":3},{"card_name":"Grim Patron","card_health":2,"card_attack":3},{"card_name":"Grim Patron","card_health":3,"card_attack":3},{"card_name":"Grim Patron","card_health":3,"card_attack":3}],"opponent_board":[{"card_name":"Cenarius","card_health":6,"card_attack":5},{"card_name":"River Crocolisk","card_health":1,"card_attack":4}]}],"result":"victory"}