{"plays":[{"turn":1,"cards_played":[],"current_player":"opponent","my_health":0,"opponent_health":0,"my_armor":0,"opponent_armor":0,"my_hand":1,"opponent_hand":0,"my_board":[],"opponent_board":[]},{"turn":2,"cards_played":["Mana Wyrm"],"current_player":"me","my_health":30,"opponent_health":30,"my_armor":0,"opponent_armor":0,"my_hand":6,"opponent_hand":3,"my_board":[],"opponent_board":[{"card_name":"Mana Wyrm","card_health":3,"card_attack":1}]},{"turn":3,"cards_played":["Mad Bomber"],"current_player":"opponent","my_health":28,"opponent_health":28,"my_armor":0,"opponent_armor":0,"my_hand":6,"opponent_hand":3,"my_board":[],"opponent_board":[{"card_name":"Mana Wyrm","card_health":3,"card_attack":1},{"card_name":"Mad Bomber","card_health":2,"card_attack":3}]},{"turn":4,"cards_played":["The Coin","Blackwing Technician"],"current_player":"me","my_health":28,"opponent_health":28,"my_armor":0,"opponent_armor":0,"my_hand":5,"opponent_hand":3,"my_board":[{"card_name":"Blackwing Technician","card_health":4,"card_attack":2}],"opponent_board":[{"card_name":"Mana Wyrm","card_health":3,"card_attack":1},{"card_name":"Mad Bomber","card_health":2,"card_attack":3}]},{"turn":5,"cards_played":["Leper Gnome","Fireblast","Fireblast"],"current_player":"opponent","my_health":23,"opponent_health":28,"my_armor":0,"opponent_armor":0,"my_hand":5,"opponent_hand":3,"my_board":[{"card_name":"Blackwing Technician","card_health":5,"card_attack":3}],"opponent_board":[{"card_name":"Leper Gnome","card_health":1,"card_attack":2},{"card_name":"Mana Wyrm","card_health":3,"card_attack":1},{"card_name":"Mad Bomber","card_health":2,"card_attack":3}]},{"turn":6,"cards_played":["Quick Shot"],"current_player":"me","my_health":23,"opponent_health":28,"my_armor":0,"opponent_armor":0,"my_hand":5,"opponent_hand":3,"my_board":[{"card_name":"Blackwing Technician","card_health":4,"card_attack":3}],"opponent_board":[{"card_name":"Leper Gnome","card_health":1,"card_attack":2}]},{"turn":7,"cards_played":["Fireball"],"current_player":"opponent","my_health":15,"opponent_health":28,"my_armor":0,"opponent_armor":0,"my_hand":5,"opponent_hand":3,"my_board":[{"card_name":"Blackwing Technician","card_health":4,"card_attack":3}],"opponent_board":[{"card_name":"Leper Gnome","card_health":1,"card_attack":2}]},{"turn":8,"cards_played":["Twilight Guardian"],"current_player":"me","my_health":13,"opponent_health":28,"my_armor":0,"opponent_armor":0,"my_hand":5,"opponent_hand":3,"my_board":[{"card_name":"Twilight Guardian","card_health":6,"card_attack":2},{"card_name":"Blackwing Technician","card_health":2,"card_attack":3}],"opponent_board":[]},{"turn":9,"cards_played":["Forgotten Torch","Fireblast"],"current_player":"opponent","my_health":9,"opponent_health":28,"my_armor":0,"opponent_armor":0,"my_hand":5,"opponent_hand":3,"my_board":[{"card_name":"Twilight Guardian","card_health":6,"card_attack":3},{"card_name":"Blackwing Technician","card_health":2,"card_attack":3}],"opponent_board":[]},{"turn":10,"cards_played":["Antique Healbot"],"current_player":"me","my_health":17,"opponent_health":22,"my_armor":0,"opponent_armor":0,"my_hand":5,"opponent_hand":3,"my_board":[{"card_name":"Antique Healbot","card_health":3,"card_attack":3},{"card_name":"Twilight Guardian","card_health":6,"card_attack":3},{"card_name":"Blackwing Technician","card_health":2,"card_attack":3}],"opponent_board":[]},{"turn":11,"cards_played":["Coldlight Oracle","Frost Nova"],"current_player":"opponent","my_health":17,"opponent_health":22,"my_armor":0,"opponent_armor":0,"my_hand":7,"opponent_hand":4,"my_board":[{"card_name":"Antique Healbot","card_health":3,"card_attack":3},{"card_name":"Twilight Guardian","card_health":6,"card_attack":3},{"card_name":"Blackwing Technician","card_health":2,"card_attack":3}],"opponent_board":[{"card_name":"Coldlight Oracle","card_health":2,"card_attack":2}]},{"turn":12,"cards_played":["Arcane Shot","Blackwing Corruptor"],"current_player":"me","my_health":17,"opponent_health":22,"my_armor":0,"opponent_armor":0,"my_hand":6,"opponent_hand":4,"my_board":[{"card_name":"Blackwing Corruptor","card_health":4,"card_attack":5},{"card_name":"Antique Healbot","card_health":3,"card_attack":3},{"card_name":"Twilight Guardian","card_health":6,"card_attack":3},{"card_name":"Blackwing Technician","card_health":2,"card_attack":3}],"opponent_board":[]},{"turn":13,"cards_played":["Arcane Intellect","Fireball"],"current_player":"opponent","my_health":17,"opponent_health":19,"my_armor":0,"opponent_armor":0,"my_hand":6,"opponent_hand":5,"my_board":[{"card_name":"Blackwing Corruptor","card_health":4,"card_attack":5},{"card_name":"Antique Healbot","card_health":3,"card_attack":3},{"card_name":"Twilight Guardian","card_health":6,"card_attack":3},{"card_name":"Blackwing Technician","card_health":2,"card_attack":3}],"opponent_board":[]},{"turn":14,"cards_played":["Antique Healbot","Steady Shot"],"current_player":"me","my_health":19,"opponent_health":3,"my_armor":0,"opponent_armor":0,"my_hand":6,"opponent_hand":5,"my_board":[{"card_name":"Blackwing Corruptor","card_health":4,"card_attack":5},{"card_name":"Antique Healbot","card_health":3,"card_attack":3},{"card_name":"Antique Healbot","card_health":3,"card_attack":3},{"card_name":"Twilight Guardian","card_health":6,"card_attack":3},{"card_name":"Blackwing Technician","card_health":2,"card_attack":3}],"opponent_board":[]},{"turn":15,"cards_played":["Frostbolt","Frostbolt","Ice Lance"],"current_player":"opponent","my_health":13,"opponent_health":3,"my_armor":0,"opponent_armor":0,"my_hand":6,"opponent_hand":2,"my_board":[{"card_name":"Blackwing Corruptor","card_health":4,"card_attack":5},{"card_name":"Antique Healbot","card_health":3,"card_attack":3},{"card_name":"Antique Healbot","card_health":3,"card_attack":3},{"card_name":"Twilight Guardian","card_health":6,"card_attack":3},{"card_name":"Blackwing Technician","card_health":2,"card_attack":3}],"opponent_board":[]},{"turn":16,"cards_played":["Steady Shot","Blackwing Technician"],"current_player":"me","my_health":9,"opponent_health":1,"my_armor":0,"opponent_armor":0,"my_hand":6,"opponent_hand":2,"my_board":[{"card_name":"Blackwing Corruptor","card_health":4,"card_attack":5},{"card_name":"Antique Healbot","card_health":3,"card_attack":3},{"card_name":"Blackwing Technician","card_health":4,"card_attack":2},{"card_name":"Antique Healbot","card_health":3,"card_attack":3},{"card_name":"Twilight Guardian","card_health":6,"card_attack":3},{"card_name":"Blackwing Technician","card_health":2,"card_attack":3}],"opponent_board":[]},{"turn":17,"cards_played":["Mad Scientist","Loot Hoarder","Fireblast","Fireblast","Ice Lance"],"current_player":"opponent","my_health":9,"opponent_health":1,"my_armor":0,"opponent_armor":0,"my_hand":6,"opponent_hand":1,"my_board":[{"card_name":"Blackwing Corruptor","card_health":4,"card_attack":5},{"card_name":"Antique Healbot","card_health":3,"card_attack":3},{"card_name":"Blackwing Technician","card_health":5,"card_attack":3},{"card_name":"Antique Healbot","card_health":3,"card_attack":3},{"card_name":"Twilight Guardian","card_health":6,"card_attack":3},{"card_name":"Blackwing Technician","card_health":2,"card_attack":3}],"opponent_board":[{"card_name":"Mad Scientist","card_health":2,"card_attack":2}]}],"result":"victory"}