{"plays":[{"turn":1,"cards_played":[],"current_player":"me","my_health":0,"opponent_health":0,"my_armor":0,"opponent_armor":0,"my_hand":0,"opponent_hand":1,"my_board":[],"opponent_board":[]},{"turn":2,"cards_played":["Zombie Chow"],"current_player":"me","my_health":30,"opponent_health":30,"my_armor":0,"opponent_armor":0,"my_hand":6,"opponent_hand":3,"my_board":[],"opponent_board":[{"card_name":"Zombie Chow","card_health":3,"card_attack":2}]},{"turn":3,"cards_played":["Life Tap"],"current_player":"opponent","my_health":28,"opponent_health":28,"my_armor":0,"opponent_armor":0,"my_hand":6,"opponent_hand":5,"my_board":[],"opponent_board":[{"card_name":"Zombie Chow","card_health":3,"card_attack":2}]},{"turn":4,"cards_played":["Fiery War Axe"],"current_player":"me","my_health":26,"opponent_health":28,"my_armor":0,"opponent_armor":0,"my_hand":6,"opponent_hand":5,"my_board":[],"opponent_board":[]},{"turn":5,"cards_played":["Imp Gang Boss"],"current_player":"opponent","my_health":30,"opponent_health":28,"my_armor":0,"opponent_armor":0,"my_hand":6,"opponent_hand":5,"my_board":[],"opponent_board":[{"card_name":"Imp Gang Boss","card_health":4,"card_attack":2}]},{"turn":6,"cards_played":["Acolyte of Pain"],"current_player":"me","my_health":30,"opponent_health":28,"my_armor":0,"opponent_armor":0,"my_hand":6,"opponent_hand":5,"my_board":[{"card_name":"Acolyte of Pain","card_health":3,"card_attack":1}],"opponent_board":[{"card_name":"Imp Gang Boss","card_health":4,"card_attack":2}]},{"turn":7,"cards_played":["Defender of Argus"],"current_player":"opponent","my_health":30,"opponent_health":28,"my_armor":0,"opponent_armor":0,"my_hand":7,"opponent_hand":5,"my_board":[],"opponent_board":[{"card_name":"Imp Gang Boss","card_health":4,"card_attack":3},{"card_name":"Defender of Argus","card_health":3,"card_attack":2},{"card_name":"Imp","card_health":1,"card_attack":1}]},{"turn":8,"cards_played":["Execute","Shield Block"],"current_player":"me","my_health":30,"opponent_health":28,"my_armor":3,"opponent_armor":0,"my_hand":7,"opponent_hand":5,"my_board":[],"opponent_board":[{"card_name":"Imp","card_health":1,"card_attack":1}]},{"turn":9,"cards_played":["Piloted Shredder"],"current_player":"opponent","my_health":30,"opponent_health":28,"my_armor":2,"opponent_armor":0,"my_hand":7,"opponent_hand":5,"my_board":[],"opponent_board":[{"card_name":"Piloted Shredder","card_health":3,"card_attack":4},{"card_name":"Imp","card_health":1,"card_attack":1}]},{"turn":10,"cards_played":["Unstable Ghoul","Acolyte of Pain"],"current_player":"me","my_health":30,"opponent_health":28,"my_armor":2,"opponent_armor":0,"my_hand":6,"opponent_hand":5,"my_board":[{"card_name":"Unstable Ghoul","card_health":3,"card_attack":1},{"card_name":"Acolyte of Pain","card_health":3,"card_attack":1}],"opponent_board":[{"card_name":"Piloted Shredder","card_health":3,"card_attack":4},{"card_name":"Imp","card_health":1,"card_attack":1}]},{"turn":11,"cards_played":["Emperor Thaurissan"],"current_player":"opponent","my_health":30,"opponent_health":28,"my_armor":2,"opponent_armor":0,"my_hand":6,"opponent_hand":5,"my_board":[{"card_name":"Unstable Ghoul","card_health":2,"card_attack":1},{"card_name":"Acolyte of Pain","card_health":3,"card_attack":1}],"opponent_board":[{"card_name":"Emperor Thaurissan","card_health":5,"card_attack":5},{"card_name":"Piloted Shredder","card_health":3,"card_attack":4}]},{"turn":12,"cards_played":["Grim Patron","The Coin","Slam"],"current_player":"me","my_health":30,"opponent_health":28,"my_armor":2,"opponent_armor":0,"my_hand":7,"opponent_hand":5,"my_board":[{"card_name":"Grim Patron","card_health":2,"card_attack":3},{"card_name":"Grim Patron","card_health":3,"card_attack":3}],"opponent_board":[{"card_name":"Piloted Shredder","card_health":2,"card_attack":4}]},{"turn":13,"cards_played":["Life Tap","Shadowflame"],"current_player":"opponent","my_health":28,"opponent_health":26,"my_armor":0,"opponent_armor":0,"my_hand":7,"opponent_hand":6,"my_board":[],"opponent_board":[{"card_name":"Sunfury Protector","card_health":3,"card_attack":2}]},{"turn":14,"cards_played":["Gnomish Inventor","Fiery War Axe"],"current_player":"me","my_health":26,"opponent_health":26,"my_armor":0,"opponent_armor":0,"my_hand":7,"opponent_hand":6,"my_board":[{"card_name":"Gnomish Inventor","card_health":4,"card_attack":2}],"opponent_board":[]},{"turn":15,"cards_played":["Life Tap","Sludge Belcher"],"current_player":"opponent","my_health":26,"opponent_health":24,"my_armor":0,"opponent_armor":0,"my_hand":7,"opponent_hand":7,"my_board":[{"card_name":"Gnomish Inventor","card_health":4,"card_attack":2}],"opponent_board":[{"card_name":"Sludge Belcher","card_health":5,"card_attack":3}]},{"turn":16,"cards_played":["Battle Rage","Loatheb"],"current_player":"me","my_health":23,"opponent_health":24,"my_armor":0,"opponent_armor":0,"my_hand":8,"opponent_hand":7,"my_board":[{"card_name":"Loatheb","card_health":5,"card_attack":5},{"card_name":"Gnomish Inventor","card_health":1,"card_attack":2}],"opponent_board":[{"card_name":"Slime","card_health":2,"card_attack":1}]},{"turn":17,"cards_played":["Life Tap","Antique Healbot"],"current_player":"opponent","my_health":23,"opponent_health":22,"my_armor":0,"opponent_armor":0,"my_hand":8,"opponent_hand":8,"my_board":[{"card_name":"Loatheb","card_health":5,"card_attack":5}],"opponent_board":[{"card_name":"Antique Healbot","card_health":3,"card_attack":3}]},{"turn":18,"cards_played":["Death's Bite","Armor Up!","Unstable Ghoul"],"current_player":"me","my_health":20,"opponent_health":25,"my_armor":2,"opponent_armor":0,"my_hand":7,"opponent_hand":8,"my_board":[{"card_name":"Unstable Ghoul","card_health":3,"card_attack":1},{"card_name":"Loatheb","card_health":5,"card_attack":5}],"opponent_board":[]},{"turn":19,"cards_played":["Life Tap","Sylvanas Windrunner"],"current_player":"opponent","my_health":20,"opponent_health":23,"my_armor":2,"opponent_armor":0,"my_hand":7,"opponent_hand":9,"my_board":[{"card_name":"Unstable Ghoul","card_health":3,"card_attack":1},{"card_name":"Loatheb","card_health":5,"card_attack":5}],"opponent_board":[{"card_name":"Sylvanas Windrunner","card_health":5,"card_attack":5}]},{"turn":20,"cards_played":["Raging Worgen","Charge","Inner Rage","Inner Rage"],"current_player":"me","my_health":20,"opponent_health":-3,"my_armor":2,"opponent_armor":0,"my_hand":4,"opponent_hand":9,"my_board":[{"card_name":"Unstable Ghoul","card_health":3,"card_attack":1},{"card_name":"Loatheb","card_health":5,"card_attack":5},{"card_name":"Raging Worgen","card_health":1,"card_attack":10}],"opponent_board":[{"card_name":"Sylvanas Windrunner","card_health":5,"card_attack":5}]}],"result":"victory"}