{"plays":[{"turn":1,"cards_played":[],"current_player":"me","my_health":0,"opponent_health":0,"my_armor":0,"opponent_armor":0,"my_hand":0,"opponent_hand":1,"my_board":[],"opponent_board":[]},{"turn":2,"cards_played":[],"current_player":"me","my_health":30,"opponent_health":30,"my_armor":0,"opponent_armor":0,"my_hand":6,"opponent_hand":4,"my_board":[],"opponent_board":[]},{"turn":3,"cards_played":["Dagger Mastery"],"current_player":"opponent","my_health":29,"opponent_health":30,"my_armor":0,"opponent_armor":0,"my_hand":6,"opponent_hand":5,"my_board":[],"opponent_board":[]},{"turn":4,"cards_played":["Armorsmith"],"current_player":"me","my_health":29,"opponent_health":30,"my_armor":0,"opponent_armor":0,"my_hand":6,"opponent_hand":5,"my_board":[{"card_name":"Armorsmith","card_health":4,"card_attack":1}],"opponent_board":[]},{"turn":5,"cards_played":["Dagger Mastery"],"current_player":"opponent","my_health":29,"opponent_health":29,"my_armor":1,"opponent_armor":0,"my_hand":6,"opponent_hand":6,"my_board":[{"card_name":"Armorsmith","card_health":3,"card_attack":1}],"opponent_board":[]},{"turn":6,"cards_played":["The Coin","Gnomish Inventor"],"current_player":"me","my_health":29,"opponent_health":28,"my_armor":1,"opponent_armor":0,"my_hand":6,"opponent_hand":6,"my_board":[{"card_name":"Armorsmith","card_health":3,"card_attack":1},{"card_name":"Gnomish Inventor","card_health":4,"card_attack":2}],"opponent_board":[]},{"turn":7,"cards_played":["Refreshment Vendor"],"current_player":"opponent","my_health":29,"opponent_health":28,"my_armor":1,"opponent_armor":0,"my_hand":6,"opponent_hand":6,"my_board":[{"card_name":"Armorsmith","card_health":3,"card_attack":1},{"card_name":"Gnomish Inventor","card_health":4,"card_attack":2}],"opponent_board":[{"card_name":"Refreshment Vendor","card_health":5,"card_attack":3}]},{"turn":8,"cards_played":["Unstable Ghoul","Armor Up!"],"current_player":"me","my_health":30,"opponent_health":27,"my_armor":3,"opponent_armor":0,"my_hand":6,"opponent_hand":6,"my_board":[{"card_name":"Armorsmith","card_health":3,"card_attack":1},{"card_name":"Unstable Ghoul","card_health":3,"card_attack":1},{"card_name":"Gnomish Inventor","card_health":4,"card_attack":2}],"opponent_board":[{"card_name":"Refreshment Vendor","card_health":5,"card_attack":3}]},{"turn":9,"cards_played":["Azure Drake","Backstab"],"current_player":"opponent","my_health":30,"opponent_health":27,"my_armor":7,"opponent_armor":0,"my_hand":6,"opponent_hand":6,"my_board":[{"card_name":"Gnomish Inventor","card_health":3,"card_attack":2}],"opponent_board":[{"card_name":"Azure Drake","card_health":3,"card_attack":4},{"card_name":"Refreshment Vendor","card_health":3,"card_attack":3}]},{"turn":10,"cards_played":["Whirlwind","Armor Up!"],"current_player":"me","my_health":30,"opponent_health":27,"my_armor":9,"opponent_armor":0,"my_hand":6,"opponent_hand":6,"my_board":[],"opponent_board":[{"card_name":"Refreshment Vendor","card_health":2,"card_attack":3}]},{"turn":11,"cards_played":["Coldlight Oracle","Gang Up","Deadly Poison"],"current_player":"opponent","my_health":30,"opponent_health":27,"my_armor":6,"opponent_armor":0,"my_hand":8,"opponent_hand":6,"my_board":[],"opponent_board":[{"card_name":"Refreshment Vendor","card_health":2,"card_attack":3},{"card_name":"Coldlight Oracle","card_health":2,"card_attack":2}]},{"turn":12,"cards_played":["Slam","Fiery War Axe","Battle Rage"],"current_player":"me","my_health":30,"opponent_health":27,"my_armor":3,"opponent_armor":0,"my_hand":6,"opponent_hand":6,"my_board":[],"opponent_board":[]},{"turn":13,"cards_played":["Azure Drake"],"current_player":"opponent","my_health":30,"opponent_health":27,"my_armor":3,"opponent_armor":0,"my_hand":6,"opponent_hand":7,"my_board":[],"opponent_board":[{"card_name":"Azure Drake","card_health":4,"card_attack":4}]},{"turn":14,"cards_played":["Acolyte of Pain","Armor Up!"],"current_player":"me","my_health":30,"opponent_health":27,"my_armor":5,"opponent_armor":0,"my_hand":6,"opponent_hand":7,"my_board":[{"card_name":"Acolyte of Pain","card_health":3,"card_attack":1}],"opponent_board":[{"card_name":"Azure Drake","card_health":4,"card_attack":4}]},{"turn":15,"cards_played":["Fan of Knives","Deathlord"],"current_player":"opponent","my_health":30,"opponent_health":27,"my_armor":5,"opponent_armor":0,"my_hand":8,"opponent_hand":7,"my_board":[],"opponent_board":[{"card_name":"Deathlord","card_health":8,"card_attack":2},{"card_name":"Azure Drake","card_health":3,"card_attack":4}]},{"turn":16,"cards_played":["Execute","Loatheb","Armor Up!"],"current_player":"me","my_health":30,"opponent_health":27,"my_armor":7,"opponent_armor":0,"my_hand":7,"opponent_hand":7,"my_board":[{"card_name":"Loatheb","card_health":5,"card_attack":5}],"opponent_board":[{"card_name":"Deathlord","card_health":8,"card_attack":2}]},{"turn":17,"cards_played":["Deadly Poison"],"current_player":"opponent","my_health":30,"opponent_health":22,"my_armor":5,"opponent_armor":0,"my_hand":7,"opponent_hand":7,"my_board":[],"opponent_board":[{"card_name":"Deathlord","card_health":8,"card_attack":2}]},{"turn":18,"cards_played":["Shield Block","Battle Rage","Shield Block"],"current_player":"me","my_health":30,"opponent_health":22,"my_armor":13,"opponent_armor":0,"my_hand":7,"opponent_hand":7,"my_board":[],"opponent_board":[{"card_name":"Deathlord","card_health":5,"card_attack":2}]},{"turn":19,"cards_played":["Antique Healbot","Deathlord"],"current_player":"opponent","my_health":30,"opponent_health":30,"my_armor":11,"opponent_armor":0,"my_hand":7,"opponent_hand":6,"my_board":[],"opponent_board":[{"card_name":"Deathlord","card_health":5,"card_attack":2},{"card_name":"Deathlord","card_health":8,"card_attack":2},{"card_name":"Antique Healbot","card_health":3,"card_attack":3}]},{"turn":20,"cards_played":["Slam","Whirlwind","Death's Bite","Armor Up!"],"current_player":"me","my_health":30,"opponent_health":30,"my_armor":11,"opponent_armor":0,"my_hand":6,"opponent_hand":6,"my_board":[],"opponent_board":[{"card_name":"Deathlord","card_health":4,"card_attack":2},{"card_name":"Deathlord","card_health":1,"card_attack":2},{"card_name":"Antique Healbot","card_health":2,"card_attack":3}]},{"turn":21,"cards_played":["Refreshment Vendor"],"current_player":"opponent","my_health":30,"opponent_health":30,"my_armor":4,"opponent_armor":0,"my_hand":6,"opponent_hand":6,"my_board":[],"opponent_board":[{"card_name":"Deathlord","card_health":4,"card_attack":2},{"card_name":"Refreshment Vendor","card_health":5,"card_attack":3},{"card_name":"Deathlord","card_health":1,"card_attack":2},{"card_name":"Antique Healbot","card_health":2,"card_attack":3}]},{"turn":22,"cards_played":["Emperor Thaurissan","Fiery War Axe","Armor Up!"],"current_player":"me","my_health":30,"opponent_health":30,"my_armor":4,"opponent_armor":0,"my_hand":5,"opponent_hand":6,"my_board":[{"card_name":"Grim Patron","card_health":2,"card_attack":3},{"card_name":"Emperor Thaurissan","card_health":5,"card_attack":5},{"card_name":"Grim Patron","card_health":3,"card_attack":3},{"card_name":"Grim Patron","card_health":3,"card_attack":3}],"opponent_board":[{"card_name":"Refreshment Vendor","card_health":4,"card_attack":3},{"card_name":"Antique Healbot","card_health":1,"card_attack":3}]},{"turn":23,"cards_played":["Bloodmage Thalnos","Blade Flurry","Dagger Mastery"],"current_player":"opponent","my_health":21,"opponent_health":30,"my_armor":0,"opponent_armor":0,"my_hand":5,"opponent_hand":5,"my_board":[],"opponent_board":[{"card_name":"Refreshment Vendor","card_health":4,"card_attack":3},{"card_name":"Bloodmage Thalnos","card_health":1,"card_attack":1},{"card_name":"Antique Healbot","card_health":1,"card_attack":3}]},{"turn":24,"cards_played":["Unstable Ghoul","Armor Up!"],"current_player":"me","my_health":20,"opponent_health":30,"my_armor":0,"opponent_armor":0,"my_hand":5,"opponent_hand":5,"my_board":[{"card_name":"Unstable Ghoul","card_health":3,"card_attack":1}],"opponent_board":[{"card_name":"Refreshment Vendor","card_health":1,"card_attack":3},{"card_name":"Bloodmage Thalnos","card_health":1,"card_attack":1},{"card_name":"Antique Healbot","card_health":1,"card_attack":3}]},{"turn":25,"cards_played":["Coldlight Oracle","Shadowstep","Coldlight Oracle","Gang Up","Shadowstep","Coldlight Oracle","Dagger Mastery"],"current_player":"opponent","my_health":16,"opponent_health":30,"my_armor":0,"opponent_armor":0,"my_hand":9,"opponent_hand":9,"my_board":[],"opponent_board":[{"card_name":"Coldlight Oracle","card_health":2,"card_attack":2}]},{"turn":26,"cards_played":["Raging Worgen","Charge","Inner Rage","Inner Rage","Rampage","Cruel Taskmaster","Armor Up!"],"current_player":"me","my_health":13,"opponent_health":0,"my_armor":0,"opponent_armor":0,"my_hand":3,"opponent_hand":9,"my_board":[{"card_name":"Cruel Taskmaster","card_health":2,"card_attack":2},{"card_name":"Raging Worgen","card_health":3,"card_attack":15}],"opponent_board":[]}],"result":"victory"}