{"plays":[{"turn":1,"cards_played":[],"current_player":"opponent","my_health":0,"opponent_health":0,"my_armor":0,"opponent_armor":0,"my_hand":3,"opponent_hand":1,"my_board":[],"opponent_board":[]},{"turn":2,"cards_played":["Mana Wyrm"],"current_player":"opponent","my_health":30,"opponent_health":30,"my_armor":0,"opponent_armor":0,"my_hand":4,"opponent_hand":5,"my_board":[],"opponent_board":[{"card_name":"Mana Wyrm","card_health":3,"card_attack":1}]},{"turn":3,"cards_played":["Slam"],"current_player":"me","my_health":30,"opponent_health":30,"my_armor":0,"opponent_armor":0,"my_hand":5,"opponent_hand":5,"my_board":[],"opponent_board":[{"card_name":"Mana Wyrm","card_health":1,"card_attack":1}]},{"turn":4,"cards_played":["The Coin","Arcane Intellect"],"current_player":"opponent","my_health":27,"opponent_health":30,"my_armor":0,"opponent_armor":0,"my_hand":5,"opponent_hand":6,"my_board":[],"opponent_board":[{"card_name":"Mana Wyrm","card_health":1,"card_attack":3}]},{"turn":5,"cards_played":["Unstable Ghoul"],"current_player":"me","my_health":27,"opponent_health":30,"my_armor":0,"opponent_armor":0,"my_hand":5,"opponent_hand":6,"my_board":[{"card_name":"Unstable Ghoul","card_health":3,"card_attack":1}],"opponent_board":[{"card_name":"Mana Wyrm","card_health":1,"card_attack":3}]},{"turn":6,"cards_played":["Mana Wyrm","Frostbolt"],"current_player":"opponent","my_health":27,"opponent_health":30,"my_armor":0,"opponent_armor":0,"my_hand":5,"opponent_hand":5,"my_board":[],"opponent_board":[{"card_name":"Mana Wyrm","card_health":3,"card_attack":2}]},{"turn":7,"cards_played":["Shield Block"],"current_player":"me","my_health":24,"opponent_health":30,"my_armor":5,"opponent_armor":0,"my_hand":6,"opponent_hand":5,"my_board":[],"opponent_board":[{"card_name":"Mana Wyrm","card_health":3,"card_attack":2}]},{"turn":8,"cards_played":["Flamewaker","Arcane Missiles"],"current_player":"opponent","my_health":21,"opponent_health":30,"my_armor":0,"opponent_armor":0,"my_hand":6,"opponent_hand":4,"my_board":[],"opponent_board":[{"card_name":"Mana Wyrm","card_health":3,"card_attack":3},{"card_name":"Flamewaker","card_health":4,"card_attack":2}]},{"turn":9,"cards_played":["Acolyte of Pain","Armorsmith"],"current_player":"me","my_health":21,"opponent_health":30,"my_armor":0,"opponent_armor":0,"my_hand":5,"opponent_hand":4,"my_board":[{"card_name":"Armorsmith","card_health":4,"card_attack":1},{"card_name":"Acolyte of Pain","card_health":3,"card_attack":1}],"opponent_board":[{"card_name":"Mana Wyrm","card_health":3,"card_attack":3},{"card_name":"Flamewaker","card_health":4,"card_attack":2}]},{"turn":10,"cards_played":["Ethereal Conjurer"],"current_player":"opponent","my_health":16,"opponent_health":30,"my_armor":0,"opponent_armor":0,"my_hand":5,"opponent_hand":5,"my_board":[{"card_name":"Armorsmith","card_health":4,"card_attack":1},{"card_name":"Acolyte of Pain","card_health":3,"card_attack":1}],"opponent_board":[{"card_name":"Mana Wyrm","card_health":3,"card_attack":3},{"card_name":"Ethereal Conjurer","card_health":3,"card_attack":6},{"card_name":"Flamewaker","card_health":4,"card_attack":2}]},{"turn":11,"cards_played":["Grim Patron","Whirlwind"],"current_player":"me","my_health":16,"opponent_health":30,"my_armor":5,"opponent_armor":0,"my_hand":6,"opponent_hand":5,"my_board":[{"card_name":"Grim Patron","card_health":2,"card_attack":3},{"card_name":"Grim Patron","card_health":3,"card_attack":3}],"opponent_board":[{"card_name":"Mana Wyrm","card_health":2,"card_attack":3},{"card_name":"Flamewaker","card_health":3,"card_attack":2}]},{"turn":12,"cards_played":["Forgotten Torch","Unstable Portal"],"current_player":"opponent","my_health":13,"opponent_health":30,"my_armor":0,"opponent_armor":0,"my_hand":6,"opponent_hand":5,"my_board":[{"card_name":"Grim Patron","card_health":2,"card_attack":3},{"card_name":"Grim Patron","card_health":3,"card_attack":3}],"opponent_board":[{"card_name":"Mana Wyrm","card_health":2,"card_attack":5},{"card_name":"Flamewaker","card_health":3,"card_attack":2}]},{"turn":13,"cards_played":["Acolyte of Pain","Armor Up!","Fiery War Axe"],"current_player":"me","my_health":13,"opponent_health":27,"my_armor":2,"opponent_armor":0,"my_hand":5,"opponent_hand":5,"my_board":[{"card_name":"Acolyte of Pain","card_health":3,"card_attack":1},{"card_name":"Grim Patron","card_health":1,"card_attack":3},{"card_name":"Grim Patron","card_health":3,"card_attack":3}],"opponent_board":[]},{"turn":14,"cards_played":["Water Elemental","Arcane Intellect"],"current_player":"opponent","my_health":13,"opponent_health":27,"my_armor":2,"opponent_armor":0,"my_hand":5,"opponent_hand":6,"my_board":[{"card_name":"Acolyte of Pain","card_health":3,"card_attack":1},{"card_name":"Grim Patron","card_health":1,"card_attack":3},{"card_name":"Grim Patron","card_health":3,"card_attack":3}],"opponent_board":[{"card_name":"Water Elemental","card_health":6,"card_attack":3}]},{"turn":15,"cards_played":["Emperor Thaurissan","Armor Up!"],"current_player":"me","my_health":12,"opponent_health":23,"my_armor":2,"opponent_armor":0,"my_hand":5,"opponent_hand":6,"my_board":[{"card_name":"Acolyte of Pain","card_health":3,"card_attack":1},{"card_name":"Emperor Thaurissan","card_health":5,"card_attack":5},{"card_name":"Grim Patron","card_health":3,"card_attack":3}],"opponent_board":[]},{"turn":16,"cards_played":["Azure Drake","Frostbolt"],"current_player":"opponent","my_health":12,"opponent_health":23,"my_armor":2,"opponent_armor":0,"my_hand":5,"opponent_hand":6,"my_board":[{"card_name":"Acolyte of Pain","card_health":3,"card_attack":1},{"card_name":"Emperor Thaurissan","card_health":5,"card_attack":5},{"card_name":"Grim Patron","card_health":3,"card_attack":3}],"opponent_board":[{"card_name":"Azure Drake","card_health":4,"card_attack":4}]},{"turn":17,"cards_played":["Execute","Death's Bite","Armor Up!"],"current_player":"me","my_health":10,"opponent_health":15,"my_armor":2,"opponent_armor":0,"my_hand":5,"opponent_hand":6,"my_board":[{"card_name":"Emperor Thaurissan","card_health":5,"card_attack":5},{"card_name":"Grim Patron","card_health":3,"card_attack":3}],"opponent_board":[]},{"turn":18,"cards_played":["Fireball","Fireball"],"current_player":"opponent","my_health":0,"opponent_health":15,"my_armor":0,"opponent_armor":0,"my_hand":5,"opponent_hand":5,"my_board":[{"card_name":"Emperor Thaurissan","card_health":5,"card_attack":5},{"card_name":"Grim Patron","card_health":3,"card_attack":3}],"opponent_board":[]}],"result":"defeat"}