{"plays":[{"turn":1,"cards_played":[],"current_player":"me","my_health":0,"opponent_health":0,"my_armor":0,"opponent_armor":0,"my_hand":0,"opponent_hand":1,"my_board":[],"opponent_board":[]},{"turn":2,"cards_played":[],"current_player":"me","my_health":30,"opponent_health":30,"my_armor":0,"opponent_armor":0,"my_hand":6,"opponent_hand":4,"my_board":[],"opponent_board":[]},{"turn":3,"cards_played":["Dark Peddler"],"current_player":"opponent","my_health":30,"opponent_health":30,"my_armor":0,"opponent_armor":0,"my_hand":6,"opponent_hand":5,"my_board":[],"opponent_board":[{"card_name":"Dark Peddler","card_health":2,"card_attack":2}]},{"turn":4,"cards_played":["Unstable Ghoul"],"current_player":"me","my_health":30,"opponent_health":30,"my_armor":0,"opponent_armor":0,"my_hand":6,"opponent_hand":5,"my_board":[{"card_name":"Unstable Ghoul","card_health":3,"card_attack":1}],"opponent_board":[{"card_name":"Dark Peddler","card_health":2,"card_attack":2}]},{"turn":5,"cards_played":["Mortal Coil","Life Tap"],"current_player":"opponent","my_health":30,"opponent_health":28,"my_armor":0,"opponent_armor":0,"my_hand":6,"opponent_hand":7,"my_board":[],"opponent_board":[]},{"turn":6,"cards_played":["Acolyte of Pain"],"current_player":"me","my_health":30,"opponent_health":28,"my_armor":0,"opponent_armor":0,"my_hand":6,"opponent_hand":7,"my_board":[{"card_name":"Acolyte of Pain","card_health":3,"card_attack":1}],"opponent_board":[]},{"turn":7,"cards_played":["Twilight Drake"],"current_player":"opponent","my_health":30,"opponent_health":28,"my_armor":0,"opponent_armor":0,"my_hand":6,"opponent_hand":7,"my_board":[{"card_name":"Acolyte of Pain","card_health":3,"card_attack":1}],"opponent_board":[{"card_name":"Twilight Drake","card_health":1,"card_attack":4}]},{"turn":8,"cards_played":["Slam","Execute"],"current_player":"me","my_health":30,"opponent_health":27,"my_armor":0,"opponent_armor":0,"my_hand":6,"opponent_hand":7,"my_board":[{"card_name":"Acolyte of Pain","card_health":3,"card_attack":1}],"opponent_board":[]},{"turn":9,"cards_played":["Twilight Drake"],"current_player":"opponent","my_health":30,"opponent_health":27,"my_armor":0,"opponent_armor":0,"my_hand":6,"opponent_hand":7,"my_board":[{"card_name":"Acolyte of Pain","card_health":3,"card_attack":1}],"opponent_board":[{"card_name":"Twilight Drake","card_health":1,"card_attack":4}]},{"turn":10,"cards_played":["Shield Block","Unstable Ghoul"],"current_player":"me","my_health":30,"opponent_health":26,"my_armor":5,"opponent_armor":0,"my_hand":6,"opponent_hand":7,"my_board":[{"card_name":"Unstable Ghoul","card_health":3,"card_attack":1},{"card_name":"Acolyte of Pain","card_health":3,"card_attack":1}],"opponent_board":[{"card_name":"Twilight Drake","card_health":8,"card_attack":4}]},{"turn":11,"cards_played":["Life Tap","Darkbomb","Dark Peddler"],"current_player":"opponent","my_health":30,"opponent_health":24,"my_armor":5,"opponent_armor":0,"my_hand":7,"opponent_hand":8,"my_board":[],"opponent_board":[{"card_name":"Twilight Drake","card_health":6,"card_attack":4},{"card_name":"Dark Peddler","card_health":2,"card_attack":2}]},{"turn":12,"cards_played":["Gnomish Inventor","Fiery War Axe"],"current_player":"me","my_health":30,"opponent_health":24,"my_armor":3,"opponent_armor":0,"my_hand":7,"opponent_hand":8,"my_board":[{"card_name":"Gnomish Inventor","card_health":4,"card_attack":2}],"opponent_board":[{"card_name":"Twilight Drake","card_health":6,"card_attack":4}]},{"turn":13,"cards_played":["Azure Drake","Zombie Chow"],"current_player":"opponent","my_health":30,"opponent_health":24,"my_armor":3,"opponent_armor":0,"my_hand":7,"opponent_hand":8,"my_board":[],"opponent_board":[{"card_name":"Zombie Chow","card_health":3,"card_attack":2},{"card_name":"Twilight Drake","card_health":4,"card_attack":4},{"card_name":"Azure Drake","card_health":4,"card_attack":4}]},{"turn":14,"cards_played":["Shield Block","Death's Bite"],"current_player":"me","my_health":30,"opponent_health":24,"my_armor":4,"opponent_armor":0,"my_hand":7,"opponent_hand":8,"my_board":[],"opponent_board":[{"card_name":"Zombie Chow","card_health":3,"card_attack":2},{"card_name":"Azure Drake","card_health":4,"card_attack":4}]},{"turn":15,"cards_played":["Life Tap","Antique Healbot"],"current_player":"opponent","my_health":28,"opponent_health":30,"my_armor":0,"opponent_armor":0,"my_hand":7,"opponent_hand":9,"my_board":[],"opponent_board":[{"card_name":"Zombie Chow","card_health":3,"card_attack":2},{"card_name":"Antique Healbot","card_health":3,"card_attack":3},{"card_name":"Azure Drake","card_health":4,"card_attack":4}]},{"turn":16,"cards_played":["Acolyte of Pain","Battle Rage","Battle Rage","The Coin","Armor Up!"],"current_player":"me","my_health":24,"opponent_health":30,"my_armor":2,"opponent_armor":0,"my_hand":9,"opponent_hand":9,"my_board":[{"card_name":"Acolyte of Pain","card_health":2,"card_attack":1}],"opponent_board":[{"card_name":"Zombie Chow","card_health":2,"card_attack":2},{"card_name":"Antique Healbot","card_health":2,"card_attack":3}]},{"turn":17,"cards_played":["Mortal Coil","Mortal Coil","Dr. Boom"],"current_player":"opponent","my_health":21,"opponent_health":30,"my_armor":0,"opponent_armor":0,"my_hand":10,"opponent_hand":8,"my_board":[],"opponent_board":[{"card_name":"Zombie Chow","card_health":2,"card_attack":2},{"card_name":"Antique Healbot","card_health":2,"card_attack":3},{"card_name":"Dr. Boom","card_health":7,"card_attack":7},{"card_name":"Boom Bot","card_health":1,"card_attack":1},{"card_name":"Boom Bot","card_health":1,"card_attack":1}]},{"turn":18,"cards_played":["Grim Patron","Fiery War Axe","Armor Up!"],"current_player":"me","my_health":21,"opponent_health":30,"my_armor":0,"opponent_armor":0,"my_hand":8,"opponent_hand":8,"my_board":[{"card_name":"Grim Patron","card_health":3,"card_attack":3}],"opponent_board":[{"card_name":"Antique Healbot","card_health":2,"card_attack":3},{"card_name":"Dr. Boom","card_health":7,"card_attack":7},{"card_name":"Boom Bot","card_health":1,"card_attack":1},{"card_name":"Boom Bot","card_health":1,"card_attack":1}]},{"turn":19,"cards_played":["Blackwing Corruptor"],"current_player":"opponent","my_health":14,"opponent_health":30,"my_armor":0,"opponent_armor":0,"my_hand":8,"opponent_hand":8,"my_board":[],"opponent_board":[{"card_name":"Antique Healbot","card_health":2,"card_attack":3},{"card_name":"Blackwing Corruptor","card_health":4,"card_attack":5},{"card_name":"Dr. Boom","card_health":7,"card_attack":7},{"card_name":"Boom Bot","card_health":1,"card_attack":1},{"card_name":"Boom Bot","card_health":1,"card_attack":1}]},{"turn":20,"cards_played":["Raging Worgen","Charge","Cruel Taskmaster","Rampage","Inner Rage","Inner Rage"],"current_player":"me","my_health":14,"opponent_health":-3,"my_armor":0,"opponent_armor":0,"my_hand":3,"opponent_hand":8,"my_board":[{"card_name":"Cruel Taskmaster","card_health":2,"card_attack":2},{"card_name":"Raging Worgen","card_health":3,"card_attack":15}],"opponent_board":[{"card_name":"Antique Healbot","card_health":2,"card_attack":3},{"card_name":"Blackwing Corruptor","card_health":4,"card_attack":5},{"card_name":"Dr. Boom","card_health":7,"card_attack":7},{"card_name":"Boom Bot","card_health":1,"card_attack":1},{"card_name":"Boom Bot","card_health":1,"card_attack":1}]}],"result":"victory"}