{"plays":[{"turn":1,"cards_played":[],"current_player":"opponent","my_health":30,"opponent_health":0,"my_armor":0,"opponent_armor":0,"my_hand":1,"opponent_hand":0,"my_board":[],"opponent_board":[]},{"turn":2,"cards_played":[],"current_player":"opponent","my_health":30,"opponent_health":30,"my_armor":0,"opponent_armor":0,"my_hand":4,"opponent_hand":5,"my_board":[],"opponent_board":[]},{"turn":3,"cards_played":["Fiery War Axe"],"current_player":"me","my_health":30,"opponent_health":27,"my_armor":0,"opponent_armor":0,"my_hand":4,"opponent_hand":5,"my_board":[],"opponent_board":[]},{"turn":4,"cards_played":["Reinforce"],"current_player":"opponent","my_health":30,"opponent_health":27,"my_armor":0,"opponent_armor":0,"my_hand":4,"opponent_hand":6,"my_board":[],"opponent_board":[{"card_name":"Silver Hand Recruit","card_health":1,"card_attack":1}]},{"turn":5,"cards_played":["Acolyte of Pain"],"current_player":"me","my_health":30,"opponent_health":27,"my_armor":0,"opponent_armor":0,"my_hand":4,"opponent_hand":6,"my_board":[{"card_name":"Acolyte of Pain","card_health":3,"card_attack":1}],"opponent_board":[{"card_name":"Silver Hand Recruit","card_health":1,"card_attack":1}]},{"turn":6,"cards_played":["Annoy-o-Tron"],"current_player":"opponent","my_health":29,"opponent_health":27,"my_armor":0,"opponent_armor":0,"my_hand":4,"opponent_hand":6,"my_board":[{"card_name":"Acolyte of Pain","card_health":3,"card_attack":1}],"opponent_board":[{"card_name":"Annoy-o-Tron","card_health":2,"card_attack":1},{"card_name":"Silver Hand Recruit","card_health":1,"card_attack":1}]},{"turn":7,"cards_played":["Shield Block"],"current_player":"me","my_health":28,"opponent_health":27,"my_armor":5,"opponent_armor":0,"my_hand":6,"opponent_hand":6,"my_board":[{"card_name":"Acolyte of Pain","card_health":2,"card_attack":1}],"opponent_board":[{"card_name":"Silver Hand Recruit","card_health":3,"card_attack":4}]},{"turn":8,"cards_played":["Murloc Knight"],"current_player":"opponent","my_health":28,"opponent_health":27,"my_armor":5,"opponent_armor":0,"my_hand":7,"opponent_hand":6,"my_board":[],"opponent_board":[{"card_name":"Murloc Knight","card_health":4,"card_attack":3},{"card_name":"Silver Hand Recruit","card_health":2,"card_attack":4}]},{"turn":9,"cards_played":["Death's Bite"],"current_player":"me","my_health":28,"opponent_health":27,"my_armor":2,"opponent_armor":0,"my_hand":7,"opponent_hand":6,"my_board":[],"opponent_board":[{"card_name":"Silver Hand Recruit","card_health":2,"card_attack":4}]},{"turn":10,"cards_played":["Knife Juggler","Reinforce"],"current_player":"opponent","my_health":25,"opponent_health":27,"my_armor":0,"opponent_armor":0,"my_hand":7,"opponent_hand":6,"my_board":[],"opponent_board":[{"card_name":"Knife Juggler","card_health":2,"card_attack":3},{"card_name":"Silver Hand Recruit","card_health":2,"card_attack":4},{"card_name":"Silver Hand Recruit","card_health":1,"card_attack":1}]},{"turn":11,"cards_played":["Grim Patron","Inner Rage","Execute"],"current_player":"me","my_health":22,"opponent_health":27,"my_armor":0,"opponent_armor":0,"my_hand":5,"opponent_hand":6,"my_board":[{"card_name":"Grim Patron","card_health":1,"card_attack":5},{"card_name":"Grim Patron","card_health":2,"card_attack":3},{"card_name":"Grim Patron","card_health":3,"card_attack":3},{"card_name":"Grim Patron","card_health":3,"card_attack":3}],"opponent_board":[]},{"turn":12,"cards_played":["Ironbeak Owl","Consecration"],"current_player":"opponent","my_health":20,"opponent_health":27,"my_armor":0,"opponent_armor":0,"my_hand":5,"opponent_hand":5,"my_board":[{"card_name":"Grim Patron","card_health":1,"card_attack":3},{"card_name":"Grim Patron","card_health":1,"card_attack":3},{"card_name":"Grim Patron","card_health":3,"card_attack":3}],"opponent_board":[{"card_name":"Ironbeak Owl","card_health":1,"card_attack":2}]},{"turn":13,"cards_played":["Battle Rage","Armor Up!","Unstable Ghoul"],"current_player":"me","my_health":20,"opponent_health":21,"my_armor":2,"opponent_armor":0,"my_hand":8,"opponent_hand":5,"my_board":[{"card_name":"Unstable Ghoul","card_health":3,"card_attack":1},{"card_name":"Grim Patron","card_health":1,"card_attack":3},{"card_name":"Grim Patron","card_health":1,"card_attack":3},{"card_name":"Grim Patron","card_health":1,"card_attack":3},{"card_name":"Grim Patron","card_health":3,"card_attack":3}],"opponent_board":[]},{"turn":14,"cards_played":["Truesilver Champion","Aldor Peacekeeper"],"current_player":"opponent","my_health":20,"opponent_health":22,"my_armor":2,"opponent_armor":0,"my_hand":8,"opponent_hand":4,"my_board":[{"card_name":"Grim Patron","card_health":2,"card_attack":3},{"card_name":"Grim Patron","card_health":3,"card_attack":3}],"opponent_board":[{"card_name":"Aldor Peacekeeper","card_health":3,"card_attack":3}]},{"turn":15,"cards_played":["Emperor Thaurissan","Unstable Ghoul"],"current_player":"me","my_health":20,"opponent_health":18,"my_armor":2,"opponent_armor":0,"my_hand":7,"opponent_hand":4,"my_board":[{"card_name":"Emperor Thaurissan","card_health":5,"card_attack":5},{"card_name":"Unstable Ghoul","card_health":3,"card_attack":1},{"card_name":"Grim Patron","card_health":2,"card_attack":3},{"card_name":"Grim Patron","card_health":3,"card_attack":1}],"opponent_board":[{"card_name":"Aldor Peacekeeper","card_health":3,"card_attack":3}]},{"turn":16,"cards_played":["Tirion Fordring"],"current_player":"opponent","my_health":20,"opponent_health":15,"my_armor":2,"opponent_armor":0,"my_hand":7,"opponent_hand":4,"my_board":[{"card_name":"Grim Patron","card_health":1,"card_attack":3},{"card_name":"Grim Patron","card_health":2,"card_attack":1},{"card_name":"Grim Patron","card_health":3,"card_attack":3},{"card_name":"Grim Patron","card_health":3,"card_attack":3}],"opponent_board":[{"card_name":"Aldor Peacekeeper","card_health":1,"card_attack":3},{"card_name":"Tirion Fordring","card_health":6,"card_attack":6}]},{"turn":17,"cards_played":["Armorsmith","Battle Rage","Slam","Execute","Gnomish Inventor"],"current_player":"me","my_health":20,"opponent_health":9,"my_armor":4,"opponent_armor":0,"my_hand":8,"opponent_hand":4,"my_board":[{"card_name":"Gnomish Inventor","card_health":4,"card_attack":2},{"card_name":"Armorsmith","card_health":4,"card_attack":1},{"card_name":"Grim Patron","card_health":3,"card_attack":3},{"card_name":"Grim Patron","card_health":3,"card_attack":3}],"opponent_board":[]},{"turn":18,"cards_played":["Lay on Hands"],"current_player":"opponent","my_health":20,"opponent_health":17,"my_armor":4,"opponent_armor":0,"my_hand":8,"opponent_hand":7,"my_board":[{"card_name":"Gnomish Inventor","card_health":4,"card_attack":2},{"card_name":"Armorsmith","card_health":4,"card_attack":1},{"card_name":"Grim Patron","card_health":3,"card_attack":3},{"card_name":"Grim Patron","card_health":3,"card_attack":3}],"opponent_board":[]},{"turn":19,"cards_played":["Warsong Commander","Frothing Berserker","Frothing Berserker","Whirlwind"],"current_player":"me","my_health":20,"opponent_health":-1,"my_armor":11,"opponent_armor":0,"my_hand":5,"opponent_hand":7,"my_board":[{"card_name":"Warsong Commander","card_health":2,"card_attack":2},{"card_name":"Gnomish Inventor","card_health":3,"card_attack":2},{"card_name":"Armorsmith","card_health":3,"card_attack":1},{"card_name":"Frothing Berserker","card_health":3,"card_attack":9},{"card_name":"Frothing Berserker","card_health":3,"card_attack":9},{"card_name":"Grim Patron","card_health":2,"card_attack":3},{"card_name":"Grim Patron","card_health":2,"card_attack":3}],"opponent_board":[]}],"result":"victory"}