{"plays":[{"turn":1,"cards_played":[],"current_player":"opponent","my_health":0,"opponent_health":0,"my_armor":0,"opponent_armor":0,"my_hand":1,"opponent_hand":0,"my_board":[],"opponent_board":[]},{"turn":2,"cards_played":["Zombie Chow"],"current_player":"me","my_health":30,"opponent_health":30,"my_armor":0,"opponent_armor":0,"my_hand":6,"opponent_hand":3,"my_board":[],"opponent_board":[{"card_name":"Zombie Chow","card_health":3,"card_attack":2}]},{"turn":3,"cards_played":["Life Tap"],"current_player":"opponent","my_health":28,"opponent_health":28,"my_armor":0,"opponent_armor":0,"my_hand":6,"opponent_hand":5,"my_board":[],"opponent_board":[{"card_name":"Zombie Chow","card_health":3,"card_attack":2}]},{"turn":4,"cards_played":["Fiery War Axe"],"current_player":"me","my_health":26,"opponent_health":28,"my_armor":0,"opponent_armor":0,"my_hand":6,"opponent_hand":5,"my_board":[],"opponent_board":[]},{"turn":5,"cards_played":["Life Tap"],"current_player":"opponent","my_health":30,"opponent_health":26,"my_armor":0,"opponent_armor":0,"my_hand":6,"opponent_hand":7,"my_board":[],"opponent_board":[]},{"turn":6,"cards_played":["Armor Up!"],"current_player":"me","my_health":30,"opponent_health":26,"my_armor":2,"opponent_armor":0,"my_hand":7,"opponent_hand":7,"my_board":[],"opponent_board":[]},{"turn":7,"cards_played":["Twilight Drake"],"current_player":"opponent","my_health":30,"opponent_health":26,"my_armor":2,"opponent_armor":0,"my_hand":7,"opponent_hand":7,"my_board":[],"opponent_board":[{"card_name":"Twilight Drake","card_health":1,"card_attack":4}]},{"turn":8,"cards_played":["Slam","Armor Up!"],"current_player":"me","my_health":28,"opponent_health":26,"my_armor":2,"opponent_armor":0,"my_hand":8,"opponent_hand":7,"my_board":[],"opponent_board":[{"card_name":"Twilight Drake","card_health":3,"card_attack":4}]},{"turn":9,"cards_played":["Stalagg"],"current_player":"opponent","my_health":26,"opponent_health":26,"my_armor":0,"opponent_armor":0,"my_hand":8,"opponent_hand":7,"my_board":[],"opponent_board":[{"card_name":"Stalagg","card_health":4,"card_attack":7},{"card_name":"Twilight Drake","card_health":3,"card_attack":4}]},{"turn":10,"cards_played":["Death's Bite","The Coin","Armor Up!"],"current_player":"me","my_health":19,"opponent_health":26,"my_armor":2,"opponent_armor":0,"my_hand":7,"opponent_hand":7,"my_board":[],"opponent_board":[{"card_name":"Twilight Drake","card_health":3,"card_attack":4}]},{"turn":11,"cards_played":["Life Tap","Piloted Shredder"],"current_player":"opponent","my_health":17,"opponent_health":24,"my_armor":0,"opponent_armor":0,"my_hand":7,"opponent_hand":8,"my_board":[],"opponent_board":[{"card_name":"Piloted Shredder","card_health":3,"card_attack":4},{"card_name":"Twilight Drake","card_health":3,"card_attack":4}]},{"turn":12,"cards_played":["Unstable Ghoul","Unstable Ghoul","Battle Rage"],"current_player":"me","my_health":13,"opponent_health":24,"my_armor":0,"opponent_armor":0,"my_hand":8,"opponent_hand":8,"my_board":[{"card_name":"Unstable Ghoul","card_health":2,"card_attack":1},{"card_name":"Unstable Ghoul","card_health":2,"card_attack":1}],"opponent_board":[{"card_name":"Twilight Drake","card_health":2,"card_attack":4},{"card_name":"Bluegill Warrior","card_health":1,"card_attack":2}]},{"turn":13,"cards_played":["Dr. Boom"],"current_player":"opponent","my_health":13,"opponent_health":24,"my_armor":0,"opponent_armor":0,"my_hand":8,"opponent_hand":8,"my_board":[],"opponent_board":[{"card_name":"Dr. Boom","card_health":7,"card_attack":7},{"card_name":"Boom Bot","card_health":1,"card_attack":1},{"card_name":"Boom Bot","card_health":1,"card_attack":1}]},{"turn":14,"cards_played":["Shield Block","Death's Bite"],"current_player":"me","my_health":13,"opponent_health":20,"my_armor":5,"opponent_armor":0,"my_hand":8,"opponent_hand":8,"my_board":[],"opponent_board":[{"card_name":"Dr. Boom","card_health":7,"card_attack":7},{"card_name":"Boom Bot","card_health":1,"card_attack":1},{"card_name":"Boom Bot","card_health":1,"card_attack":1}]},{"turn":15,"cards_played":["Dark Peddler"],"current_player":"opponent","my_health":9,"opponent_health":20,"my_armor":0,"opponent_armor":0,"my_hand":8,"opponent_hand":9,"my_board":[],"opponent_board":[{"card_name":"Dark Peddler","card_health":2,"card_attack":2},{"card_name":"Dr. Boom","card_health":7,"card_attack":7},{"card_name":"Boom Bot","card_health":1,"card_attack":1},{"card_name":"Boom Bot","card_health":1,"card_attack":1}]},{"turn":16,"cards_played":["Grim Patron","Whirlwind","Battle Rage"],"current_player":"me","my_health":9,"opponent_health":16,"my_armor":0,"opponent_armor":0,"my_hand":9,"opponent_hand":9,"my_board":[{"card_name":"Grim Patron","card_health":1,"card_attack":3},{"card_name":"Grim Patron","card_health":2,"card_attack":3},{"card_name":"Grim Patron","card_health":3,"card_attack":3},{"card_name":"Grim Patron","card_health":3,"card_attack":3}],"opponent_board":[{"card_name":"Dr. Boom","card_health":5,"card_attack":7}]},{"turn":17,"cards_played":["Hellfire"],"current_player":"opponent","my_health":-1,"opponent_health":13,"my_armor":0,"opponent_armor":0,"my_hand":9,"opponent_hand":9,"my_board":[],"opponent_board":[{"card_name":"Dr. Boom","card_health":2,"card_attack":7}]}],"result":"defeat"}