{"plays":[{"turn":1,"cards_played":[],"current_player":"me","my_health":0,"opponent_health":0,"my_armor":0,"opponent_armor":0,"my_hand":0,"opponent_hand":1,"my_board":[],"opponent_board":[]},{"turn":2,"cards_played":["Secretkeeper","The Coin","Armorsmith"],"current_player":"me","my_health":30,"opponent_health":30,"my_armor":0,"opponent_armor":0,"my_hand":4,"opponent_hand":3,"my_board":[{"card_name":"Armorsmith","card_health":4,"card_attack":1}],"opponent_board":[{"card_name":"Secretkeeper","card_health":2,"card_attack":1}]},{"turn":3,"cards_played":[],"current_player":"opponent","my_health":27,"opponent_health":30,"my_armor":0,"opponent_armor":0,"my_hand":4,"opponent_hand":2,"my_board":[{"card_name":"Armorsmith","card_health":4,"card_attack":1}],"opponent_board":[{"card_name":"Secretkeeper","card_health":4,"card_attack":3}]},{"turn":4,"cards_played":["Unstable Ghoul"],"current_player":"me","my_health":27,"opponent_health":29,"my_armor":0,"opponent_armor":0,"my_hand":4,"opponent_hand":2,"my_board":[{"card_name":"Armorsmith","card_health":4,"card_attack":1},{"card_name":"Unstable Ghoul","card_health":3,"card_attack":1}],"opponent_board":[{"card_name":"Secretkeeper","card_health":4,"card_attack":3}]},{"turn":5,"cards_played":["Knife Juggler"],"current_player":"opponent","my_health":27,"opponent_health":29,"my_armor":2,"opponent_armor":0,"my_hand":4,"opponent_hand":2,"my_board":[{"card_name":"Armorsmith","card_health":3,"card_attack":1}],"opponent_board":[{"card_name":"Knife Juggler","card_health":2,"card_attack":3},{"card_name":"Secretkeeper","card_health":3,"card_attack":4}]},{"turn":6,"cards_played":["Cruel Taskmaster"],"current_player":"me","my_health":27,"opponent_health":29,"my_armor":4,"opponent_armor":0,"my_hand":4,"opponent_hand":2,"my_board":[{"card_name":"Cruel Taskmaster","card_health":2,"card_attack":2}],"opponent_board":[{"card_name":"Knife Juggler","card_health":2,"card_attack":3}]},{"turn":7,"cards_played":["Knife Juggler","Reinforce"],"current_player":"opponent","my_health":26,"opponent_health":29,"my_armor":0,"opponent_armor":0,"my_hand":4,"opponent_hand":2,"my_board":[{"card_name":"Cruel Taskmaster","card_health":1,"card_attack":2}],"opponent_board":[{"card_name":"Knife Juggler","card_health":2,"card_attack":3},{"card_name":"Knife Juggler","card_health":2,"card_attack":3},{"card_name":"Silver Hand Recruit","card_health":1,"card_attack":1}]},{"turn":8,"cards_played":["Death's Bite"],"current_player":"me","my_health":23,"opponent_health":29,"my_armor":0,"opponent_armor":0,"my_hand":4,"opponent_hand":2,"my_board":[],"opponent_board":[{"card_name":"Silver Hand Recruit","card_health":1,"card_attack":1}]},{"turn":9,"cards_played":["Sludge Belcher"],"current_player":"opponent","my_health":22,"opponent_health":29,"my_armor":0,"opponent_armor":0,"my_hand":4,"opponent_hand":2,"my_board":[],"opponent_board":[{"card_name":"Sludge Belcher","card_health":5,"card_attack":3},{"card_name":"Silver Hand Recruit","card_health":1,"card_attack":1}]},{"turn":10,"cards_played":["Loatheb"],"current_player":"me","my_health":22,"opponent_health":29,"my_armor":0,"opponent_armor":0,"my_hand":4,"opponent_hand":2,"my_board":[{"card_name":"Loatheb","card_health":5,"card_attack":5}],"opponent_board":[{"card_name":"Sludge Belcher","card_health":5,"card_attack":3},{"card_name":"Silver Hand Recruit","card_health":1,"card_attack":1}]},{"turn":11,"cards_played":["Aldor Peacekeeper","Reinforce"],"current_player":"opponent","my_health":18,"opponent_health":29,"my_armor":0,"opponent_armor":0,"my_hand":4,"opponent_hand":2,"my_board":[{"card_name":"Loatheb","card_health":5,"card_attack":1}],"opponent_board":[{"card_name":"Aldor Peacekeeper","card_health":3,"card_attack":3},{"card_name":"Sludge Belcher","card_health":5,"card_attack":3},{"card_name":"Silver Hand Recruit","card_health":1,"card_attack":1},{"card_name":"Silver Hand Recruit","card_health":1,"card_attack":1}]},{"turn":12,"cards_played":["Slam","Acolyte of Pain","Whirlwind"],"current_player":"me","my_health":15,"opponent_health":29,"my_armor":0,"opponent_armor":0,"my_hand":5,"opponent_hand":2,"my_board":[{"card_name":"Loatheb","card_health":2,"card_attack":1},{"card_name":"Acolyte of Pain","card_health":1,"card_attack":1}],"opponent_board":[]},{"turn":13,"cards_played":["Dr. Boom"],"current_player":"opponent","my_health":15,"opponent_health":29,"my_armor":0,"opponent_armor":0,"my_hand":5,"opponent_hand":2,"my_board":[{"card_name":"Loatheb","card_health":2,"card_attack":1},{"card_name":"Acolyte of Pain","card_health":1,"card_attack":1}],"opponent_board":[{"card_name":"Dr. Boom","card_health":7,"card_attack":7},{"card_name":"Boom Bot","card_health":1,"card_attack":1},{"card_name":"Boom Bot","card_health":1,"card_attack":1}]},{"turn":14,"cards_played":["Execute","Shield Block","Armor Up!"],"current_player":"me","my_health":15,"opponent_health":29,"my_armor":4,"opponent_armor":0,"my_hand":6,"opponent_hand":2,"my_board":[{"card_name":"Loatheb","card_health":1,"card_attack":1}],"opponent_board":[{"card_name":"Boom Bot","card_health":1,"card_attack":1}]},{"turn":15,"cards_played":["Mysterious Challenger","Reinforce"],"current_player":"opponent","my_health":15,"opponent_health":29,"my_armor":4,"opponent_armor":0,"my_hand":6,"opponent_hand":2,"my_board":[],"opponent_board":[{"card_name":"Mysterious Challenger","card_health":6,"card_attack":6},{"card_name":"Silver Hand Recruit","card_health":1,"card_attack":1}]},{"turn":16,"cards_played":["Unstable Ghoul","Grim Patron","Whirlwind"],"current_player":"me","my_health":15,"opponent_health":29,"my_armor":3,"opponent_armor":0,"my_hand":4,"opponent_hand":2,"my_board":[{"card_name":"Unstable Ghoul","card_health":2,"card_attack":1},{"card_name":"Grim Patron","card_health":2,"card_attack":3},{"card_name":"Grim Patron","card_health":3,"card_attack":3}],"opponent_board":[{"card_name":"Mysterious Challenger","card_health":5,"card_attack":6},{"card_name":"Silver Hand Recruit","card_health":1,"card_attack":1}]},{"turn":17,"cards_played":["Piloted Shredder","Divine Favor","Shielded Minibot"],"current_player":"opponent","my_health":15,"opponent_health":29,"my_armor":3,"opponent_armor":0,"my_hand":4,"opponent_hand":3,"my_board":[{"card_name":"Grim Patron","card_health":1,"card_attack":3},{"card_name":"Grim Patron","card_health":2,"card_attack":3},{"card_name":"Grim Patron","card_health":3,"card_attack":3},{"card_name":"Grim Patron","card_health":3,"card_attack":3}],"opponent_board":[{"card_name":"Shielded Minibot","card_health":2,"card_attack":2},{"card_name":"Piloted Shredder","card_health":2,"card_attack":4},{"card_name":"Mysterious Challenger","card_health":5,"card_attack":9}]},{"turn":18,"cards_played":["Battle Rage","Slam","Fiery War Axe","Armor Up!"],"current_player":"me","my_health":15,"opponent_health":29,"my_armor":3,"opponent_armor":0,"my_hand":8,"opponent_hand":3,"my_board":[{"card_name":"Grim Patron","card_health":1,"card_attack":3},{"card_name":"Grim Patron","card_health":1,"card_attack":3},{"card_name":"Grim Patron","card_health":3,"card_attack":3},{"card_name":"Grim Patron","card_health":3,"card_attack":3}],"opponent_board":[]},{"turn":19,"cards_played":["Truesilver Champion","Haunted Creeper","Reinforce"],"current_player":"opponent","my_health":14,"opponent_health":30,"my_armor":0,"opponent_armor":0,"my_hand":8,"opponent_hand":2,"my_board":[{"card_name":"Grim Patron","card_health":1,"card_attack":3},{"card_name":"Grim Patron","card_health":1,"card_attack":3},{"card_name":"Grim Patron","card_health":3,"card_attack":3},{"card_name":"Grim Patron","card_health":3,"card_attack":3}],"opponent_board":[{"card_name":"Haunted Creeper","card_health":2,"card_attack":1},{"card_name":"Silver Hand Recruit","card_health":1,"card_attack":1}]},{"turn":20,"cards_played":["Emperor Thaurissan","Battle Rage","Armor Up!"],"current_player":"me","my_health":13,"opponent_health":27,"my_armor":2,"opponent_armor":0,"my_hand":9,"opponent_hand":2,"my_board":[{"card_name":"Emperor Thaurissan","card_health":5,"card_attack":5},{"card_name":"Grim Patron","card_health":3,"card_attack":3},{"card_name":"Grim Patron","card_health":2,"card_attack":3},{"card_name":"Grim Patron","card_health":3,"card_attack":3}],"opponent_board":[]},{"turn":21,"cards_played":[],"current_player":"opponent","my_health":11,"opponent_health":29,"my_armor":0,"opponent_armor":0,"my_hand":9,"opponent_hand":3,"my_board":[{"card_name":"Emperor Thaurissan","card_health":5,"card_attack":5},{"card_name":"Grim Patron","card_health":3,"card_attack":3},{"card_name":"Grim Patron","card_health":2,"card_attack":3},{"card_name":"Grim Patron","card_health":3,"card_attack":3}],"opponent_board":[]}],"result":"victory"}