{"plays":[{"turn":1,"cards_played":[],"current_player":"opponent","my_health":0,"opponent_health":0,"my_armor":0,"opponent_armor":0,"my_hand":1,"opponent_hand":0,"my_board":[],"opponent_board":[]},{"turn":2,"cards_played":[],"current_player":"opponent","my_health":30,"opponent_health":30,"my_armor":0,"opponent_armor":0,"my_hand":4,"opponent_hand":6,"my_board":[],"opponent_board":[]},{"turn":3,"cards_played":["Armor Up!"],"current_player":"me","my_health":30,"opponent_health":30,"my_armor":2,"opponent_armor":0,"my_hand":5,"opponent_hand":6,"my_board":[],"opponent_board":[]},{"turn":4,"cards_played":["Armor Up!"],"current_player":"opponent","my_health":30,"opponent_health":30,"my_armor":2,"opponent_armor":2,"my_hand":5,"opponent_hand":7,"my_board":[],"opponent_board":[]},{"turn":5,"cards_played":["Shield Block"],"current_player":"me","my_health":30,"opponent_health":30,"my_armor":7,"opponent_armor":2,"my_hand":6,"opponent_hand":7,"my_board":[],"opponent_board":[]},{"turn":6,"cards_played":["Armor Up!"],"current_player":"opponent","my_health":30,"opponent_health":30,"my_armor":7,"opponent_armor":4,"my_hand":6,"opponent_hand":8,"my_board":[],"opponent_board":[]},{"turn":7,"cards_played":["Death's Bite"],"current_player":"me","my_health":30,"opponent_health":30,"my_armor":7,"opponent_armor":0,"my_hand":6,"opponent_hand":8,"my_board":[],"opponent_board":[]},{"turn":8,"cards_played":["Armor Up!"],"current_player":"opponent","my_health":30,"opponent_health":30,"my_armor":7,"opponent_armor":2,"my_hand":6,"opponent_hand":9,"my_board":[],"opponent_board":[]},{"turn":9,"cards_played":["Acolyte of Pain","Armor Up!"],"current_player":"me","my_health":30,"opponent_health":28,"my_armor":9,"opponent_armor":0,"my_hand":7,"opponent_hand":9,"my_board":[{"card_name":"Acolyte of Pain","card_health":2,"card_attack":1}],"opponent_board":[]},{"turn":10,"cards_played":["Fiery War Axe","Armor Up!"],"current_player":"opponent","my_health":30,"opponent_health":27,"my_armor":9,"opponent_armor":2,"my_hand":8,"opponent_hand":9,"my_board":[],"opponent_board":[]},{"turn":11,"cards_played":["Armor Up!","Fiery War Axe"],"current_player":"me","my_health":30,"opponent_health":26,"my_armor":11,"opponent_armor":0,"my_hand":8,"opponent_hand":9,"my_board":[],"opponent_board":[]},{"turn":12,"cards_played":["Shieldmaiden"],"current_player":"opponent","my_health":30,"opponent_health":26,"my_armor":11,"opponent_armor":0,"my_hand":8,"opponent_hand":9,"my_board":[],"opponent_board":[{"card_name":"Shieldmaiden","card_health":5,"card_attack":5}]},{"turn":13,"cards_played":["Death's Bite","Armor Up!"],"current_player":"me","my_health":30,"opponent_health":26,"my_armor":13,"opponent_armor":2,"my_hand":8,"opponent_hand":9,"my_board":[],"opponent_board":[{"card_name":"Shieldmaiden","card_health":5,"card_attack":5}]},{"turn":14,"cards_played":["The Coin","Coldlight Oracle","Deathlord","Armor Up!"],"current_player":"opponent","my_health":30,"opponent_health":26,"my_armor":5,"opponent_armor":4,"my_hand":10,"opponent_hand":9,"my_board":[],"opponent_board":[{"card_name":"Deathlord","card_health":8,"card_attack":2},{"card_name":"Coldlight Oracle","card_health":2,"card_attack":2},{"card_name":"Shieldmaiden","card_health":5,"card_attack":5}]},{"turn":15,"cards_played":["Slam","Execute","Unstable Ghoul","Whirlwind","Battle Rage"],"current_player":"me","my_health":30,"opponent_health":26,"my_armor":0,"opponent_armor":4,"my_hand":8,"opponent_hand":9,"my_board":[{"card_name":"Grim Patron","card_health":2,"card_attack":3},{"card_name":"Unstable Ghoul","card_health":2,"card_attack":1},{"card_name":"Grim Patron","card_health":3,"card_attack":3}],"opponent_board":[{"card_name":"Coldlight Oracle","card_health":1,"card_attack":2}]},{"turn":16,"cards_played":["Death's Bite","Execute","Coldlight Oracle"],"current_player":"opponent","my_health":30,"opponent_health":26,"my_armor":0,"opponent_armor":1,"my_hand":10,"opponent_hand":9,"my_board":[{"card_name":"Grim Patron","card_health":1,"card_attack":3},{"card_name":"Grim Patron","card_health":3,"card_attack":3}],"opponent_board":[{"card_name":"Coldlight Oracle","card_health":2,"card_attack":2}]},{"turn":17,"cards_played":["Loatheb","Armorsmith","Armor Up!"],"current_player":"me","my_health":30,"opponent_health":24,"my_armor":3,"opponent_armor":0,"my_hand":8,"opponent_hand":9,"my_board":[{"card_name":"Grim Patron","card_health":1,"card_attack":3},{"card_name":"Loatheb","card_health":5,"card_attack":5},{"card_name":"Armorsmith","card_health":4,"card_attack":1},{"card_name":"Grim Patron","card_health":1,"card_attack":3},{"card_name":"Grim Patron","card_health":3,"card_attack":3}],"opponent_board":[]},{"turn":18,"cards_played":["Explosive Sheep","Sludge Belcher","Armor Up!"],"current_player":"opponent","my_health":30,"opponent_health":19,"my_armor":12,"opponent_armor":2,"my_hand":8,"opponent_hand":8,"my_board":[{"card_name":"Armorsmith","card_health":1,"card_attack":1},{"card_name":"Grim Patron","card_health":1,"card_attack":3},{"card_name":"Grim Patron","card_health":3,"card_attack":3}],"opponent_board":[{"card_name":"Sludge Belcher","card_health":5,"card_attack":3}]},{"turn":19,"cards_played":["Emperor Thaurissan","Armor Up!"],"current_player":"me","my_health":30,"opponent_health":19,"my_armor":14,"opponent_armor":2,"my_hand":8,"opponent_hand":8,"my_board":[{"card_name":"Emperor Thaurissan","card_health":5,"card_attack":5},{"card_name":"Grim Patron","card_health":1,"card_attack":3},{"card_name":"Grim Patron","card_health":3,"card_attack":3},{"card_name":"Grim Patron","card_health":3,"card_attack":3}],"opponent_board":[]},{"turn":20,"cards_played":["Cruel Taskmaster","Big Game Hunter","Death's Bite","Execute"],"current_player":"opponent","my_health":30,"opponent_health":18,"my_armor":14,"opponent_armor":0,"my_hand":8,"opponent_hand":5,"my_board":[{"card_name":"Grim Patron","card_health":3,"card_attack":3}],"opponent_board":[{"card_name":"Cruel Taskmaster","card_health":2,"card_attack":2},{"card_name":"Big Game Hunter","card_health":2,"card_attack":4}]},{"turn":21,"cards_played":["Raging Worgen","Charge"],"current_player":"me","my_health":30,"opponent_health":18,"my_armor":14,"opponent_armor":0,"my_hand":7,"opponent_hand":5,"my_board":[{"card_name":"Raging Worgen","card_health":3,"card_attack":5},{"card_name":"Grim Patron","card_health":3,"card_attack":3}],"opponent_board":[{"card_name":"Cruel Taskmaster","card_health":2,"card_attack":2},{"card_name":"Big Game Hunter","card_health":2,"card_attack":4}]}],"result":"victory"}