{"plays":[{"turn":1,"cards_played":[],"current_player":"me","my_health":0,"opponent_health":0,"my_armor":0,"opponent_armor":0,"my_hand":0,"opponent_hand":1,"my_board":[],"opponent_board":[]},{"turn":2,"cards_played":["Flame Imp"],"current_player":"me","my_health":30,"opponent_health":27,"my_armor":0,"opponent_armor":0,"my_hand":6,"opponent_hand":3,"my_board":[],"opponent_board":[{"card_name":"Flame Imp","card_health":2,"card_attack":3}]},{"turn":3,"cards_played":["Dark Peddler"],"current_player":"opponent","my_health":27,"opponent_health":27,"my_armor":0,"opponent_armor":0,"my_hand":6,"opponent_hand":4,"my_board":[],"opponent_board":[{"card_name":"Flame Imp","card_health":2,"card_attack":3},{"card_name":"Dark Peddler","card_health":2,"card_attack":2}]},{"turn":4,"cards_played":["Armor Up!"],"current_player":"me","my_health":27,"opponent_health":27,"my_armor":2,"opponent_armor":0,"my_hand":7,"opponent_hand":4,"my_board":[],"opponent_board":[{"card_name":"Flame Imp","card_health":2,"card_attack":3},{"card_name":"Dark Peddler","card_health":2,"card_attack":2}]},{"turn":5,"cards_played":["Dark Peddler","Sir Finley Mrrgglton"],"current_player":"opponent","my_health":24,"opponent_health":27,"my_armor":0,"opponent_armor":0,"my_hand":7,"opponent_hand":4,"my_board":[],"opponent_board":[{"card_name":"Flame Imp","card_health":2,"card_attack":3},{"card_name":"Dark Peddler","card_health":2,"card_attack":2},{"card_name":"Dark Peddler","card_health":2,"card_attack":2},{"card_name":"Sir Finley Mrrgglton","card_health":3,"card_attack":1}]},{"turn":6,"cards_played":["The Coin","Death's Bite"],"current_player":"me","my_health":21,"opponent_health":27,"my_armor":0,"opponent_armor":0,"my_hand":6,"opponent_hand":4,"my_board":[],"opponent_board":[{"card_name":"Dark Peddler","card_health":2,"card_attack":2},{"card_name":"Dark Peddler","card_health":2,"card_attack":2},{"card_name":"Sir Finley Mrrgglton","card_health":3,"card_attack":1}]},{"turn":7,"cards_played":["Haunted Creeper","Nerubian Egg"],"current_player":"opponent","my_health":16,"opponent_health":27,"my_armor":0,"opponent_armor":0,"my_hand":6,"opponent_hand":3,"my_board":[],"opponent_board":[{"card_name":"Nerubian Egg","card_health":2,"card_attack":0},{"card_name":"Haunted Creeper","card_health":2,"card_attack":1},{"card_name":"Dark Peddler","card_health":2,"card_attack":2},{"card_name":"Dark Peddler","card_health":2,"card_attack":2},{"card_name":"Sir Finley Mrrgglton","card_health":3,"card_attack":1}]},{"turn":8,"cards_played":["Unstable Ghoul","Armor Up!"],"current_player":"me","my_health":16,"opponent_health":27,"my_armor":2,"opponent_armor":0,"my_hand":6,"opponent_hand":3,"my_board":[{"card_name":"Unstable Ghoul","card_health":3,"card_attack":1}],"opponent_board":[{"card_name":"Nerubian Egg","card_health":2,"card_attack":0},{"card_name":"Haunted Creeper","card_health":2,"card_attack":1},{"card_name":"Dark Peddler","card_health":2,"card_attack":2},{"card_name":"Dark Peddler","card_health":2,"card_attack":2},{"card_name":"Sir Finley Mrrgglton","card_health":3,"card_attack":1}]},{"turn":9,"cards_played":["Nerubian Egg","Fireblast","Fireblast"],"current_player":"opponent","my_health":14,"opponent_health":27,"my_armor":0,"opponent_armor":0,"my_hand":6,"opponent_hand":3,"my_board":[],"opponent_board":[{"card_name":"Nerubian Egg","card_health":1,"card_attack":0},{"card_name":"Nerubian Egg","card_health":1,"card_attack":0},{"card_name":"Dark Peddler","card_health":1,"card_attack":2},{"card_name":"Dark Peddler","card_health":1,"card_attack":2},{"card_name":"Sir Finley Mrrgglton","card_health":1,"card_attack":1},{"card_name":"Spectral Spider","card_health":1,"card_attack":1},{"card_name":"Spectral Spider","card_health":1,"card_attack":1}]},{"turn":10,"cards_played":["Grim Patron"],"current_player":"me","my_health":14,"opponent_health":23,"my_armor":0,"opponent_armor":0,"my_hand":6,"opponent_hand":3,"my_board":[{"card_name":"Grim Patron","card_health":2,"card_attack":3},{"card_name":"Grim Patron","card_health":3,"card_attack":3}],"opponent_board":[{"card_name":"Nerubian","card_health":4,"card_attack":4},{"card_name":"Nerubian","card_health":4,"card_attack":4}]},{"turn":11,"cards_played":["Imp-losion","Leper Gnome","Leper Gnome"],"current_player":"opponent","my_health":10,"opponent_health":23,"my_armor":0,"opponent_armor":0,"my_hand":6,"opponent_hand":1,"my_board":[],"opponent_board":[{"card_name":"Leper Gnome","card_health":1,"card_attack":2},{"card_name":"Leper Gnome","card_health":1,"card_attack":2},{"card_name":"Nerubian","card_health":4,"card_attack":4},{"card_name":"Nerubian","card_health":1,"card_attack":4},{"card_name":"Imp","card_health":1,"card_attack":1},{"card_name":"Imp","card_health":1,"card_attack":1}]},{"turn":12,"cards_played":["Death's Bite","Inner Rage","Armor Up!"],"current_player":"me","my_health":6,"opponent_health":23,"my_armor":2,"opponent_armor":0,"my_hand":5,"opponent_hand":1,"my_board":[],"opponent_board":[{"card_name":"Leper Gnome","card_health":1,"card_attack":2},{"card_name":"Leper Gnome","card_health":1,"card_attack":2},{"card_name":"Imp","card_health":1,"card_attack":1},{"card_name":"Imp","card_health":1,"card_attack":1}]},{"turn":13,"cards_played":["Abusive Sergeant"],"current_player":"opponent","my_health":2,"opponent_health":23,"my_armor":0,"opponent_armor":0,"my_hand":5,"opponent_hand":1,"my_board":[],"opponent_board":[{"card_name":"Abusive Sergeant","card_health":1,"card_attack":2},{"card_name":"Leper Gnome","card_health":1,"card_attack":2},{"card_name":"Leper Gnome","card_health":1,"card_attack":4},{"card_name":"Imp","card_health":1,"card_attack":1},{"card_name":"Imp","card_health":1,"card_attack":1}]}],"result":"defeat"}