{"plays":[{"turn":1,"cards_played":[],"current_player":"opponent","my_health":0,"opponent_health":0,"my_armor":0,"opponent_armor":0,"my_hand":4,"opponent_hand":1,"my_board":[],"opponent_board":[]},{"turn":2,"cards_played":[],"current_player":"me","my_health":30,"opponent_health":30,"my_armor":0,"opponent_armor":0,"my_hand":6,"opponent_hand":4,"my_board":[],"opponent_board":[]},{"turn":3,"cards_played":["Haunted Creeper"],"current_player":"opponent","my_health":30,"opponent_health":30,"my_armor":0,"opponent_armor":0,"my_hand":6,"opponent_hand":4,"my_board":[],"opponent_board":[{"card_name":"Haunted Creeper","card_health":2,"card_attack":1}]},{"turn":4,"cards_played":["Fiery War Axe"],"current_player":"me","my_health":29,"opponent_health":30,"my_armor":0,"opponent_armor":0,"my_hand":6,"opponent_hand":4,"my_board":[],"opponent_board":[{"card_name":"Spectral Spider","card_health":1,"card_attack":1},{"card_name":"Spectral Spider","card_health":1,"card_attack":1}]},{"turn":5,"cards_played":["Shapeshift"],"current_player":"opponent","my_health":26,"opponent_health":30,"my_armor":0,"opponent_armor":1,"my_hand":6,"opponent_hand":5,"my_board":[],"opponent_board":[{"card_name":"Spectral Spider","card_health":1,"card_attack":1},{"card_name":"Spectral Spider","card_health":1,"card_attack":1}]},{"turn":6,"cards_played":["Unstable Ghoul","The Coin","Armorsmith"],"current_player":"me","my_health":26,"opponent_health":30,"my_armor":0,"opponent_armor":1,"my_hand":4,"opponent_hand":5,"my_board":[{"card_name":"Armorsmith","card_health":4,"card_attack":1},{"card_name":"Unstable Ghoul","card_health":3,"card_attack":1}],"opponent_board":[{"card_name":"Spectral Spider","card_health":1,"card_attack":1},{"card_name":"Spectral Spider","card_health":1,"card_attack":1}]},{"turn":7,"cards_played":[],"current_player":"opponent","my_health":26,"opponent_health":30,"my_armor":0,"opponent_armor":1,"my_hand":4,"opponent_hand":6,"my_board":[{"card_name":"Armorsmith","card_health":4,"card_attack":1},{"card_name":"Unstable Ghoul","card_health":3,"card_attack":1}],"opponent_board":[{"card_name":"Spectral Spider","card_health":1,"card_attack":1},{"card_name":"Spectral Spider","card_health":1,"card_attack":1}]}],"result":"victory"}