{"plays":[{"turn":1,"cards_played":[],"current_player":"opponent","my_health":0,"opponent_health":0,"my_armor":0,"opponent_armor":0,"my_hand":1,"opponent_hand":0,"my_board":[],"opponent_board":[]},{"turn":2,"cards_played":["The Coin","Knife Juggler"],"current_player":"opponent","my_health":30,"opponent_health":30,"my_armor":0,"opponent_armor":0,"my_hand":4,"opponent_hand":4,"my_board":[],"opponent_board":[{"card_name":"Knife Juggler","card_health":2,"card_attack":3}]},{"turn":3,"cards_played":["King's Elekk"],"current_player":"me","my_health":30,"opponent_health":30,"my_armor":0,"opponent_armor":0,"my_hand":5,"opponent_hand":4,"my_board":[{"card_name":"King's Elekk","card_health":2,"card_attack":3}],"opponent_board":[{"card_name":"Knife Juggler","card_health":2,"card_attack":3}]},{"turn":4,"cards_played":["Nerubian Egg"],"current_player":"opponent","my_health":26,"opponent_health":30,"my_armor":0,"opponent_armor":0,"my_hand":5,"opponent_hand":4,"my_board":[{"card_name":"King's Elekk","card_health":2,"card_attack":3}],"opponent_board":[{"card_name":"Knife Juggler","card_health":2,"card_attack":3},{"card_name":"Nerubian Egg","card_health":2,"card_attack":0}]},{"turn":5,"cards_played":["Blackwing Technician"],"current_player":"me","my_health":26,"opponent_health":30,"my_armor":0,"opponent_armor":0,"my_hand":5,"opponent_hand":4,"my_board":[{"card_name":"Blackwing Technician","card_health":5,"card_attack":3}],"opponent_board":[{"card_name":"Nerubian Egg","card_health":2,"card_attack":0}]},{"turn":6,"cards_played":["Imp Gang Boss"],"current_player":"opponent","my_health":26,"opponent_health":30,"my_armor":0,"opponent_armor":0,"my_hand":5,"opponent_hand":4,"my_board":[{"card_name":"Blackwing Technician","card_health":5,"card_attack":3}],"opponent_board":[{"card_name":"Imp Gang Boss","card_health":4,"card_attack":2},{"card_name":"Nerubian Egg","card_health":2,"card_attack":0}]},{"turn":7,"cards_played":["King's Elekk","Steady Shot"],"current_player":"me","my_health":26,"opponent_health":25,"my_armor":0,"opponent_armor":0,"my_hand":6,"opponent_hand":4,"my_board":[{"card_name":"Blackwing Technician","card_health":5,"card_attack":3},{"card_name":"King's Elekk","card_health":2,"card_attack":3}],"opponent_board":[{"card_name":"Imp Gang Boss","card_health":4,"card_attack":2},{"card_name":"Nerubian Egg","card_health":2,"card_attack":0}]},{"turn":8,"cards_played":["Curse of Rafaam","Dark Peddler"],"current_player":"opponent","my_health":26,"opponent_health":25,"my_armor":0,"opponent_armor":0,"my_hand":7,"opponent_hand":4,"my_board":[{"card_name":"Blackwing Technician","card_health":5,"card_attack":3}],"opponent_board":[{"card_name":"Imp Gang Boss","card_health":1,"card_attack":2},{"card_name":"Dark Peddler","card_health":2,"card_attack":2},{"card_name":"Nerubian Egg","card_health":2,"card_attack":0},{"card_name":"Imp","card_health":1,"card_attack":1}]},{"turn":9,"cards_played":["Blackwing Corruptor"],"current_player":"me","my_health":24,"opponent_health":25,"my_armor":0,"opponent_armor":0,"my_hand":7,"opponent_hand":4,"my_board":[{"card_name":"Blackwing Technician","card_health":3,"card_attack":3},{"card_name":"Blackwing Corruptor","card_health":4,"card_attack":5}],"opponent_board":[{"card_name":"Nerubian Egg","card_health":2,"card_attack":0},{"card_name":"Imp","card_health":1,"card_attack":1},{"card_name":"Imp","card_health":1,"card_attack":1}]},{"turn":10,"cards_played":["Dark Peddler","Void Terror"],"current_player":"opponent","my_health":24,"opponent_health":25,"my_armor":0,"opponent_armor":0,"my_hand":7,"opponent_hand":4,"my_board":[{"card_name":"Blackwing Technician","card_health":2,"card_attack":3},{"card_name":"Blackwing Corruptor","card_health":4,"card_attack":5}],"opponent_board":[{"card_name":"Dark Peddler","card_health":2,"card_attack":2},{"card_name":"Void Terror","card_health":6,"card_attack":4},{"card_name":"Nerubian","card_health":4,"card_attack":4}]},{"turn":11,"cards_played":["Hunter's Mark","Arcane Shot","Powershot","Cursed!"],"current_player":"me","my_health":22,"opponent_health":17,"my_armor":0,"opponent_armor":0,"my_hand":4,"opponent_hand":4,"my_board":[{"card_name":"Blackwing Technician","card_health":2,"card_attack":3},{"card_name":"Blackwing Corruptor","card_health":4,"card_attack":5}],"opponent_board":[]},{"turn":12,"cards_played":["Sylvanas Windrunner"],"current_player":"opponent","my_health":22,"opponent_health":17,"my_armor":0,"opponent_armor":0,"my_hand":4,"opponent_hand":4,"my_board":[{"card_name":"Blackwing Technician","card_health":2,"card_attack":3},{"card_name":"Blackwing Corruptor","card_health":4,"card_attack":5}],"opponent_board":[{"card_name":"Sylvanas Windrunner","card_health":5,"card_attack":5}]},{"turn":13,"cards_played":["Savannah Highmane"],"current_player":"me","my_health":22,"opponent_health":17,"my_armor":0,"opponent_armor":0,"my_hand":4,"opponent_hand":4,"my_board":[{"card_name":"Savannah Highmane","card_health":5,"card_attack":6}],"opponent_board":[]},{"turn":14,"cards_played":["Dr. Boom"],"current_player":"opponent","my_health":22,"opponent_health":17,"my_armor":0,"opponent_armor":0,"my_hand":4,"opponent_hand":4,"my_board":[{"card_name":"Savannah Highmane","card_health":5,"card_attack":6}],"opponent_board":[{"card_name":"Dr. Boom","card_health":7,"card_attack":7},{"card_name":"Boom Bot","card_health":1,"card_attack":1},{"card_name":"Boom Bot","card_health":1,"card_attack":1}]},{"turn":15,"cards_played":["Chillmaw"],"current_player":"me","my_health":22,"opponent_health":11,"my_armor":0,"opponent_armor":0,"my_hand":4,"opponent_hand":4,"my_board":[{"card_name":"Chillmaw","card_health":6,"card_attack":6},{"card_name":"Savannah Highmane","card_health":5,"card_attack":6}],"opponent_board":[{"card_name":"Dr. Boom","card_health":7,"card_attack":7},{"card_name":"Boom Bot","card_health":1,"card_attack":1},{"card_name":"Boom Bot","card_health":1,"card_attack":1}]},{"turn":16,"cards_played":["Knife Juggler","Lowly Squire","Voidwalker","Sir Finley Mrrgglton","Armor Up!"],"current_player":"opponent","my_health":20,"opponent_health":11,"my_armor":0,"opponent_armor":2,"my_hand":4,"opponent_hand":1,"my_board":[{"card_name":"Hyena","card_health":2,"card_attack":2}],"opponent_board":[{"card_name":"Knife Juggler","card_health":2,"card_attack":3},{"card_name":"Voidwalker","card_health":3,"card_attack":1},{"card_name":"Sir Finley Mrrgglton","card_health":3,"card_attack":1},{"card_name":"Lowly Squire","card_health":2,"card_attack":1}]},{"turn":17,"cards_played":["Quick Shot","Drakonid Crusher"],"current_player":"me","my_health":20,"opponent_health":11,"my_armor":0,"opponent_armor":2,"my_hand":3,"opponent_hand":1,"my_board":[{"card_name":"Drakonid Crusher","card_health":6,"card_attack":6}],"opponent_board":[{"card_name":"Sir Finley Mrrgglton","card_health":3,"card_attack":1},{"card_name":"Lowly Squire","card_health":2,"card_attack":2}]},{"turn":18,"cards_played":["Armor Up!","Flame Imp","Doomguard"],"current_player":"opponent","my_health":11,"opponent_health":11,"my_armor":0,"opponent_armor":1,"my_hand":3,"opponent_hand":0,"my_board":[{"card_name":"Drakonid Crusher","card_health":9,"card_attack":9}],"opponent_board":[{"card_name":"Doomguard","card_health":7,"card_attack":5},{"card_name":"Flame Imp","card_health":2,"card_attack":3},{"card_name":"Sir Finley Mrrgglton","card_health":3,"card_attack":1},{"card_name":"Lowly Squire","card_health":2,"card_attack":3}]},{"turn":19,"cards_played":["Blackwing Technician","Wild Pyromancer","Acolyte of Pain","Steady Shot"],"current_player":"me","my_health":11,"opponent_health":10,"my_armor":0,"opponent_armor":0,"my_hand":1,"opponent_hand":0,"my_board":[{"card_name":"Wild Pyromancer","card_health":2,"card_attack":3},{"card_name":"Drakonid Crusher","card_health":4,"card_attack":9},{"card_name":"Acolyte of Pain","card_health":3,"card_attack":1},{"card_name":"Blackwing Technician","card_health":5,"card_attack":3}],"opponent_board":[{"card_name":"Flame Imp","card_health":2,"card_attack":3},{"card_name":"Sir Finley Mrrgglton","card_health":3,"card_attack":1},{"card_name":"Lowly Squire","card_health":2,"card_attack":3}]},{"turn":20,"cards_played":["Armor Up!","Abusive Sergeant"],"current_player":"opponent","my_health":11,"opponent_health":10,"my_armor":0,"opponent_armor":2,"my_hand":2,"opponent_hand":0,"my_board":[{"card_name":"Blackwing Technician","card_health":5,"card_attack":3}],"opponent_board":[{"card_name":"Abusive Sergeant","card_health":1,"card_attack":2},{"card_name":"Sir Finley Mrrgglton","card_health":2,"card_attack":3}]},{"turn":21,"cards_played":["Chromaggus","Steady Shot"],"current_player":"me","my_health":11,"opponent_health":10,"my_armor":0,"opponent_armor":0,"my_hand":2,"opponent_hand":0,"my_board":[{"card_name":"Chromaggus","card_health":8,"card_attack":6},{"card_name":"Blackwing Technician","card_health":3,"card_attack":3}],"opponent_board":[{"card_name":"Sir Finley Mrrgglton","card_health":2,"card_attack":1}]},{"turn":22,"cards_played":["Armor Up!","Defender of Argus"],"current_player":"opponent","my_health":9,"opponent_health":10,"my_armor":0,"opponent_armor":2,"my_hand":2,"opponent_hand":0,"my_board":[{"card_name":"Chromaggus","card_health":8,"card_attack":6},{"card_name":"Blackwing Technician","card_health":3,"card_attack":3}],"opponent_board":[{"card_name":"Defender of Argus","card_health":3,"card_attack":2},{"card_name":"Sir Finley Mrrgglton","card_health":3,"card_attack":2}]},{"turn":23,"cards_played":[],"current_player":"me","my_health":9,"opponent_health":10,"my_armor":0,"opponent_armor":2,"my_hand":4,"opponent_hand":0,"my_board":[{"card_name":"Chromaggus","card_health":8,"card_attack":6},{"card_name":"Blackwing Technician","card_health":3,"card_attack":3}],"opponent_board":[{"card_name":"Defender of Argus","card_health":3,"card_attack":2},{"card_name":"Sir Finley Mrrgglton","card_health":3,"card_attack":2}]}],"result":"victory"}