{"plays":[{"turn":1,"cards_played":[],"current_player":"opponent","my_health":30,"opponent_health":0,"my_armor":0,"opponent_armor":0,"my_hand":1,"opponent_hand":0,"my_board":[],"opponent_board":[]},{"turn":2,"cards_played":["Secretkeeper","The Coin"],"current_player":"opponent","my_health":30,"opponent_health":30,"my_armor":0,"opponent_armor":0,"my_hand":4,"opponent_hand":3,"my_board":[],"opponent_board":[{"card_name":"Secretkeeper","card_health":2,"card_attack":1}]},{"turn":3,"cards_played":["Wild Growth"],"current_player":"me","my_health":30,"opponent_health":30,"my_armor":0,"opponent_armor":0,"my_hand":4,"opponent_hand":3,"my_board":[],"opponent_board":[{"card_name":"Secretkeeper","card_health":3,"card_attack":2}]},{"turn":4,"cards_played":["Shielded Minibot"],"current_player":"opponent","my_health":28,"opponent_health":30,"my_armor":0,"opponent_armor":0,"my_hand":4,"opponent_hand":3,"my_board":[],"opponent_board":[{"card_name":"Secretkeeper","card_health":3,"card_attack":2},{"card_name":"Shielded Minibot","card_health":2,"card_attack":2}]},{"turn":5,"cards_played":["Piloted Shredder"],"current_player":"me","my_health":28,"opponent_health":30,"my_armor":0,"opponent_armor":0,"my_hand":4,"opponent_hand":3,"my_board":[{"card_name":"Piloted Shredder","card_health":3,"card_attack":4}],"opponent_board":[{"card_name":"Secretkeeper","card_health":3,"card_attack":2},{"card_name":"Shielded Minibot","card_health":2,"card_attack":2}]},{"turn":6,"cards_played":["Reinforce"],"current_player":"opponent","my_health":23,"opponent_health":30,"my_armor":0,"opponent_armor":0,"my_hand":4,"opponent_hand":3,"my_board":[{"card_name":"Piloted Shredder","card_health":3,"card_attack":4}],"opponent_board":[{"card_name":"Secretkeeper","card_health":4,"card_attack":3},{"card_name":"Shielded Minibot","card_health":2,"card_attack":2},{"card_name":"Silver Hand Recruit","card_health":1,"card_attack":1}]},{"turn":7,"cards_played":["Keeper of the Grove","Dispel"],"current_player":"me","my_health":23,"opponent_health":30,"my_armor":0,"opponent_armor":0,"my_hand":4,"opponent_hand":3,"my_board":[{"card_name":"Piloted Shredder","card_health":1,"card_attack":4},{"card_name":"Keeper of the Grove","card_health":4,"card_attack":2}],"opponent_board":[{"card_name":"Secretkeeper","card_health":4,"card_attack":3},{"card_name":"Shielded Minibot","card_health":4,"card_attack":5},{"card_name":"Silver Hand Recruit","card_health":1,"card_attack":1}]},{"turn":8,"cards_played":["Defender of Argus"],"current_player":"opponent","my_health":19,"opponent_health":30,"my_armor":0,"opponent_armor":0,"my_hand":4,"opponent_hand":3,"my_board":[{"card_name":"Keeper of the Grove","card_health":4,"card_attack":2}],"opponent_board":[{"card_name":"Defender of Argus","card_health":3,"card_attack":2},{"card_name":"Secretkeeper","card_health":5,"card_attack":4}]},{"turn":9,"cards_played":["Wrath","Wrath","Wrath","Wrath","Shapeshift"],"current_player":"me","my_health":19,"opponent_health":29,"my_armor":1,"opponent_armor":0,"my_hand":3,"opponent_hand":3,"my_board":[],"opponent_board":[]},{"turn":10,"cards_played":["Sludge Belcher"],"current_player":"opponent","my_health":19,"opponent_health":29,"my_armor":1,"opponent_armor":0,"my_hand":3,"opponent_hand":3,"my_board":[],"opponent_board":[{"card_name":"Sludge Belcher","card_health":5,"card_attack":3}]},{"turn":11,"cards_played":["Emperor Thaurissan"],"current_player":"me","my_health":19,"opponent_health":29,"my_armor":1,"opponent_armor":0,"my_hand":3,"opponent_hand":3,"my_board":[{"card_name":"Emperor Thaurissan","card_health":5,"card_attack":5}],"opponent_board":[{"card_name":"Sludge Belcher","card_health":5,"card_attack":3}]},{"turn":12,"cards_played":["Knife Juggler","Aldor Peacekeeper"],"current_player":"opponent","my_health":17,"opponent_health":29,"my_armor":0,"opponent_armor":0,"my_hand":3,"opponent_hand":1,"my_board":[{"card_name":"Emperor Thaurissan","card_health":4,"card_attack":1}],"opponent_board":[{"card_name":"Sludge Belcher","card_health":5,"card_attack":3},{"card_name":"Knife Juggler","card_health":2,"card_attack":3},{"card_name":"Aldor Peacekeeper","card_health":3,"card_attack":3}]},{"turn":13,"cards_played":["Force of Nature","Savage Roar"],"current_player":"me","my_health":13,"opponent_health":29,"my_armor":0,"opponent_armor":0,"my_hand":2,"opponent_hand":1,"my_board":[{"card_name":"Emperor Thaurissan","card_health":1,"card_attack":3}],"opponent_board":[]},{"turn":14,"cards_played":["Muster for Battle","Reinforce"],"current_player":"opponent","my_health":13,"opponent_health":28,"my_armor":0,"opponent_armor":0,"my_hand":2,"opponent_hand":1,"my_board":[],"opponent_board":[{"card_name":"Silver Hand Recruit","card_health":1,"card_attack":1},{"card_name":"Silver Hand Recruit","card_health":1,"card_attack":1},{"card_name":"Silver Hand Recruit","card_health":1,"card_attack":1},{"card_name":"Silver Hand Recruit","card_health":1,"card_attack":1}]},{"turn":15,"cards_played":["Ancient of Lore","Innervate","Swipe"],"current_player":"me","my_health":13,"opponent_health":24,"my_armor":0,"opponent_armor":0,"my_hand":2,"opponent_hand":1,"my_board":[{"card_name":"Ancient of Lore","card_health":5,"card_attack":5}],"opponent_board":[]},{"turn":16,"cards_played":["Dr. Boom"],"current_player":"opponent","my_health":12,"opponent_health":24,"my_armor":0,"opponent_armor":0,"my_hand":2,"opponent_hand":1,"my_board":[{"card_name":"Ancient of Lore","card_health":5,"card_attack":5}],"opponent_board":[{"card_name":"Dr. Boom","card_health":7,"card_attack":7},{"card_name":"Boom Bot","card_health":1,"card_attack":1},{"card_name":"Boom Bot","card_health":1,"card_attack":1}]},{"turn":17,"cards_played":["Shapeshift","Piloted Shredder","Keeper of the Grove","Moonfire"],"current_player":"me","my_health":11,"opponent_health":24,"my_armor":0,"opponent_armor":0,"my_hand":1,"opponent_hand":1,"my_board":[{"card_name":"Piloted Shredder","card_health":3,"card_attack":4},{"card_name":"Keeper of the Grove","card_health":4,"card_attack":2}],"opponent_board":[{"card_name":"Boom Bot","card_health":1,"card_attack":1}]},{"turn":18,"cards_played":["Truesilver Champion","Knife Juggler","Reinforce"],"current_player":"opponent","my_health":5,"opponent_health":26,"my_armor":0,"opponent_armor":0,"my_hand":1,"opponent_hand":0,"my_board":[{"card_name":"Piloted Shredder","card_health":3,"card_attack":4},{"card_name":"Keeper of the Grove","card_health":4,"card_attack":2}],"opponent_board":[{"card_name":"Knife Juggler","card_health":2,"card_attack":3},{"card_name":"Boom Bot","card_health":1,"card_attack":1},{"card_name":"Silver Hand Recruit","card_health":1,"card_attack":1}]},{"turn":19,"cards_played":["Wild Growth","Excess Mana","Shapeshift"],"current_player":"me","my_health":5,"opponent_health":26,"my_armor":0,"opponent_armor":0,"my_hand":2,"opponent_hand":0,"my_board":[{"card_name":"Cutpurse","card_health":2,"card_attack":2}],"opponent_board":[]},{"turn":20,"cards_played":["Aldor Peacekeeper","Reinforce"],"current_player":"opponent","my_health":1,"opponent_health":28,"my_armor":0,"opponent_armor":0,"my_hand":2,"opponent_hand":0,"my_board":[{"card_name":"Cutpurse","card_health":2,"card_attack":1}],"opponent_board":[{"card_name":"Aldor Peacekeeper","card_health":3,"card_attack":3},{"card_name":"Silver Hand Recruit","card_health":1,"card_attack":1}]},{"turn":21,"cards_played":["Azure Drake","Darnassus Aspirant","Savage Roar","Shapeshift"],"current_player":"me","my_health":1,"opponent_health":28,"my_armor":0,"opponent_armor":0,"my_hand":1,"opponent_hand":0,"my_board":[{"card_name":"Darnassus Aspirant","card_health":3,"card_attack":4},{"card_name":"Azure Drake","card_health":4,"card_attack":6}],"opponent_board":[]},{"turn":22,"cards_played":["Consecration"],"current_player":"opponent","my_health":-1,"opponent_health":28,"my_armor":0,"opponent_armor":0,"my_hand":1,"opponent_hand":0,"my_board":[{"card_name":"Darnassus Aspirant","card_health":1,"card_attack":2},{"card_name":"Azure Drake","card_health":2,"card_attack":4}],"opponent_board":[]}],"result":"defeat"}