{"plays":[{"turn":1,"cards_played":[],"current_player":"opponent","my_health":0,"opponent_health":0,"my_armor":0,"opponent_armor":0,"my_hand":1,"opponent_hand":0,"my_board":[],"opponent_board":[]},{"turn":2,"cards_played":["Mana Wyrm","The Coin","Fiery War Axe"],"current_player":"me","my_health":29,"opponent_health":30,"my_armor":0,"opponent_armor":0,"my_hand":4,"opponent_hand":3,"my_board":[],"opponent_board":[]},{"turn":3,"cards_played":["Fireblast","Fireblast"],"current_player":"opponent","my_health":28,"opponent_health":30,"my_armor":0,"opponent_armor":0,"my_hand":4,"opponent_hand":4,"my_board":[],"opponent_board":[]},{"turn":4,"cards_played":["Armor Up!"],"current_player":"me","my_health":28,"opponent_health":30,"my_armor":2,"opponent_armor":0,"my_hand":5,"opponent_hand":4,"my_board":[],"opponent_board":[]},{"turn":5,"cards_played":["Flamewaker"],"current_player":"opponent","my_health":28,"opponent_health":30,"my_armor":2,"opponent_armor":0,"my_hand":5,"opponent_hand":4,"my_board":[],"opponent_board":[{"card_name":"Flamewaker","card_health":4,"card_attack":2}]},{"turn":6,"cards_played":["Acolyte of Pain"],"current_player":"me","my_health":28,"opponent_health":27,"my_armor":2,"opponent_armor":0,"my_hand":5,"opponent_hand":4,"my_board":[{"card_name":"Acolyte of Pain","card_health":3,"card_attack":1}],"opponent_board":[{"card_name":"Flamewaker","card_health":4,"card_attack":2}]},{"turn":7,"cards_played":["Frostbolt","Mirror Image"],"current_player":"opponent","my_health":24,"opponent_health":27,"my_armor":0,"opponent_armor":0,"my_hand":6,"opponent_hand":3,"my_board":[],"opponent_board":[{"card_name":"Flamewaker","card_health":4,"card_attack":2},{"card_name":"Mirror Image","card_health":2,"card_attack":0},{"card_name":"Mirror Image","card_health":2,"card_attack":0}]},{"turn":8,"cards_played":["Unstable Ghoul","Armor Up!"],"current_player":"me","my_health":24,"opponent_health":27,"my_armor":2,"opponent_armor":0,"my_hand":6,"opponent_hand":3,"my_board":[{"card_name":"Unstable Ghoul","card_health":3,"card_attack":1}],"opponent_board":[{"card_name":"Flamewaker","card_health":4,"card_attack":2},{"card_name":"Mirror Image","card_health":2,"card_attack":0},{"card_name":"Mirror Image","card_health":2,"card_attack":0}]},{"turn":9,"cards_played":["Unstable Portal","Toshley"],"current_player":"opponent","my_health":24,"opponent_health":27,"my_armor":2,"opponent_armor":0,"my_hand":6,"opponent_hand":4,"my_board":[],"opponent_board":[{"card_name":"Flamewaker","card_health":2,"card_attack":2},{"card_name":"Mirror Image","card_health":1,"card_attack":0},{"card_name":"Mirror Image","card_health":1,"card_attack":0},{"card_name":"Toshley","card_health":7,"card_attack":5}]},{"turn":10,"cards_played":["Whirlwind","Death's Bite"],"current_player":"me","my_health":24,"opponent_health":27,"my_armor":0,"opponent_armor":0,"my_hand":5,"opponent_hand":4,"my_board":[],"opponent_board":[{"card_name":"Toshley","card_health":6,"card_attack":5}]},{"turn":11,"cards_played":["Piloted Shredder","Fireblast"],"current_player":"opponent","my_health":18,"opponent_health":27,"my_armor":0,"opponent_armor":0,"my_hand":5,"opponent_hand":4,"my_board":[],"opponent_board":[{"card_name":"Piloted Shredder","card_health":3,"card_attack":4},{"card_name":"Toshley","card_health":6,"card_attack":5}]},{"turn":12,"cards_played":["Emperor Thaurissan"],"current_player":"me","my_health":18,"opponent_health":27,"my_armor":0,"opponent_armor":0,"my_hand":5,"opponent_hand":4,"my_board":[{"card_name":"Emperor Thaurissan","card_health":5,"card_attack":5}],"opponent_board":[{"card_name":"Piloted Shredder","card_health":3,"card_attack":4},{"card_name":"Toshley","card_health":6,"card_attack":5}]},{"turn":13,"cards_played":["Azure Drake","Emergency Coolant"],"current_player":"opponent","my_health":9,"opponent_health":27,"my_armor":0,"opponent_armor":0,"my_hand":5,"opponent_hand":4,"my_board":[{"card_name":"Emperor Thaurissan","card_health":5,"card_attack":5}],"opponent_board":[{"card_name":"Piloted Shredder","card_health":3,"card_attack":4},{"card_name":"Azure Drake","card_health":4,"card_attack":4},{"card_name":"Toshley","card_health":6,"card_attack":5}]},{"turn":14,"cards_played":["Shield Block","Execute","Shield Block"],"current_player":"me","my_health":9,"opponent_health":27,"my_armor":10,"opponent_armor":0,"my_hand":5,"opponent_hand":5,"my_board":[{"card_name":"Emperor Thaurissan","card_health":5,"card_attack":5}],"opponent_board":[{"card_name":"Piloted Shredder","card_health":3,"card_attack":4},{"card_name":"Azure Drake","card_health":4,"card_attack":4}]},{"turn":15,"cards_played":["Nexus-Champion Saraad","Fireblast","Fireblast"],"current_player":"opponent","my_health":9,"opponent_health":27,"my_armor":6,"opponent_armor":0,"my_hand":5,"opponent_hand":5,"my_board":[],"opponent_board":[{"card_name":"Azure Drake","card_health":4,"card_attack":4},{"card_name":"Nexus-Champion Saraad","card_health":5,"card_attack":4},{"card_name":"Fallen Hero","card_health":2,"card_attack":3}]},{"turn":16,"cards_played":["Battle Rage","Gnomish Inventor","Armor Up!"],"current_player":"me","my_health":9,"opponent_health":27,"my_armor":6,"opponent_armor":0,"my_hand":6,"opponent_hand":5,"my_board":[{"card_name":"Gnomish Inventor","card_health":3,"card_attack":2}],"opponent_board":[{"card_name":"Azure Drake","card_health":3,"card_attack":4},{"card_name":"Nexus-Champion Saraad","card_health":4,"card_attack":4},{"card_name":"Fallen Hero","card_health":1,"card_attack":3}]},{"turn":17,"cards_played":["Fireball"],"current_player":"opponent","my_health":8,"opponent_health":27,"my_armor":0,"opponent_armor":0,"my_hand":6,"opponent_hand":5,"my_board":[{"card_name":"Gnomish Inventor","card_health":3,"card_attack":2}],"opponent_board":[{"card_name":"Azure Drake","card_health":3,"card_attack":4},{"card_name":"Nexus-Champion Saraad","card_health":4,"card_attack":4},{"card_name":"Fallen Hero","card_health":1,"card_attack":3}]}],"result":"defeat"}