{"plays":[{"turn":1,"cards_played":[],"current_player":"me","my_health":0,"opponent_health":0,"my_armor":0,"opponent_armor":0,"my_hand":0,"opponent_hand":1,"my_board":[],"opponent_board":[]},{"turn":2,"cards_played":[],"current_player":"me","my_health":30,"opponent_health":30,"my_armor":0,"opponent_armor":0,"my_hand":6,"opponent_hand":4,"my_board":[],"opponent_board":[]},{"turn":3,"cards_played":["Bloodsail Raider"],"current_player":"opponent","my_health":30,"opponent_health":30,"my_armor":0,"opponent_armor":0,"my_hand":6,"opponent_hand":4,"my_board":[],"opponent_board":[{"card_name":"Bloodsail Raider","card_health":3,"card_attack":2}]},{"turn":4,"cards_played":["Fiery War Axe"],"current_player":"me","my_health":28,"opponent_health":30,"my_armor":0,"opponent_armor":0,"my_hand":6,"opponent_hand":4,"my_board":[],"opponent_board":[]},{"turn":5,"cards_played":["Wolfrider"],"current_player":"opponent","my_health":25,"opponent_health":30,"my_armor":0,"opponent_armor":0,"my_hand":6,"opponent_hand":4,"my_board":[],"opponent_board":[{"card_name":"Wolfrider","card_health":1,"card_attack":3}]},{"turn":6,"cards_played":["Raging Worgen","Inner Rage"],"current_player":"me","my_health":25,"opponent_health":30,"my_armor":0,"opponent_armor":0,"my_hand":5,"opponent_hand":4,"my_board":[{"card_name":"Raging Worgen","card_health":3,"card_attack":3}],"opponent_board":[]},{"turn":7,"cards_played":["Kor'kron Elite"],"current_player":"opponent","my_health":21,"opponent_health":30,"my_armor":0,"opponent_armor":0,"my_hand":5,"opponent_hand":4,"my_board":[{"card_name":"Raging Worgen","card_health":3,"card_attack":3}],"opponent_board":[{"card_name":"Kor'kron Elite","card_health":3,"card_attack":4}]},{"turn":8,"cards_played":["Gnomish Inventor","Inner Rage"],"current_player":"me","my_health":17,"opponent_health":18,"my_armor":0,"opponent_armor":0,"my_hand":5,"opponent_hand":4,"my_board":[{"card_name":"Raging Worgen","card_health":2,"card_attack":6},{"card_name":"Gnomish Inventor","card_health":4,"card_attack":2}],"opponent_board":[]},{"turn":9,"cards_played":["Dread Corsair","Leper Gnome"],"current_player":"opponent","my_health":17,"opponent_health":18,"my_armor":0,"opponent_armor":0,"my_hand":5,"opponent_hand":3,"my_board":[{"card_name":"Raging Worgen","card_health":2,"card_attack":6},{"card_name":"Gnomish Inventor","card_health":4,"card_attack":2}],"opponent_board":[{"card_name":"Dread Corsair","card_health":3,"card_attack":3},{"card_name":"Leper Gnome","card_health":1,"card_attack":2}]},{"turn":10,"cards_played":["Death's Bite","The Coin","Armor Up!"],"current_player":"me","my_health":12,"opponent_health":6,"my_armor":2,"opponent_armor":0,"my_hand":4,"opponent_hand":3,"my_board":[{"card_name":"Raging Worgen","card_health":2,"card_attack":6},{"card_name":"Gnomish Inventor","card_health":2,"card_attack":2}],"opponent_board":[]},{"turn":11,"cards_played":["Cruel Taskmaster","Leper Gnome","Abusive Sergeant","Armor Up!"],"current_player":"opponent","my_health":12,"opponent_health":6,"my_armor":2,"opponent_armor":2,"my_hand":4,"opponent_hand":1,"my_board":[{"card_name":"Raging Worgen","card_health":1,"card_attack":10},{"card_name":"Gnomish Inventor","card_health":2,"card_attack":2}],"opponent_board":[{"card_name":"Leper Gnome","card_health":1,"card_attack":2},{"card_name":"Cruel Taskmaster","card_health":2,"card_attack":2},{"card_name":"Abusive Sergeant","card_health":1,"card_attack":2}]}],"result":"victory"}