{"plays":[{"turn":1,"cards_played":[],"current_player":"opponent","my_health":0,"opponent_health":0,"my_armor":0,"opponent_armor":0,"my_hand":1,"opponent_hand":0,"my_board":[],"opponent_board":[]},{"turn":2,"cards_played":[],"current_player":"me","my_health":30,"opponent_health":30,"my_armor":0,"opponent_armor":0,"my_hand":6,"opponent_hand":4,"my_board":[],"opponent_board":[]},{"turn":3,"cards_played":["Armor Up!"],"current_player":"opponent","my_health":30,"opponent_health":30,"my_armor":0,"opponent_armor":2,"my_hand":6,"opponent_hand":5,"my_board":[],"opponent_board":[]},{"turn":4,"cards_played":["Unstable Ghoul"],"current_player":"me","my_health":30,"opponent_health":30,"my_armor":0,"opponent_armor":2,"my_hand":6,"opponent_hand":5,"my_board":[{"card_name":"Unstable Ghoul","card_health":3,"card_attack":1}],"opponent_board":[]},{"turn":5,"cards_played":["Acolyte of Pain"],"current_player":"opponent","my_health":30,"opponent_health":30,"my_armor":0,"opponent_armor":2,"my_hand":6,"opponent_hand":5,"my_board":[{"card_name":"Unstable Ghoul","card_health":3,"card_attack":1}],"opponent_board":[{"card_name":"Acolyte of Pain","card_health":3,"card_attack":1}]},{"turn":6,"cards_played":["Acolyte of Pain"],"current_player":"me","my_health":30,"opponent_health":30,"my_armor":0,"opponent_armor":1,"my_hand":6,"opponent_hand":5,"my_board":[{"card_name":"Unstable Ghoul","card_health":3,"card_attack":1},{"card_name":"Acolyte of Pain","card_health":3,"card_attack":1}],"opponent_board":[{"card_name":"Acolyte of Pain","card_health":3,"card_attack":1}]},{"turn":7,"cards_played":["Death's Bite"],"current_player":"opponent","my_health":29,"opponent_health":30,"my_armor":0,"opponent_armor":0,"my_hand":7,"opponent_hand":6,"my_board":[{"card_name":"Acolyte of Pain","card_health":2,"card_attack":1}],"opponent_board":[{"card_name":"Acolyte of Pain","card_health":2,"card_attack":1}]},{"turn":8,"cards_played":["Death's Bite"],"current_player":"me","my_health":28,"opponent_health":29,"my_armor":0,"opponent_armor":0,"my_hand":7,"opponent_hand":7,"my_board":[{"card_name":"Acolyte of Pain","card_health":2,"card_attack":1}],"opponent_board":[]},{"turn":9,"cards_played":["Piloted Shredder"],"current_player":"opponent","my_health":28,"opponent_health":29,"my_armor":0,"opponent_armor":0,"my_hand":7,"opponent_hand":7,"my_board":[{"card_name":"Acolyte of Pain","card_health":2,"card_attack":1}],"opponent_board":[{"card_name":"Piloted Shredder","card_health":3,"card_attack":4}]},{"turn":10,"cards_played":["Slam","Cruel Taskmaster"],"current_player":"me","my_health":28,"opponent_health":28,"my_armor":0,"opponent_armor":0,"my_hand":7,"opponent_hand":7,"my_board":[{"card_name":"Cruel Taskmaster","card_health":2,"card_attack":2},{"card_name":"Acolyte of Pain","card_health":2,"card_attack":1}],"opponent_board":[{"card_name":"Pint-Sized Summoner","card_health":2,"card_attack":2}]},{"turn":11,"cards_played":["Piloted Shredder","Armor Up!"],"current_player":"opponent","my_health":28,"opponent_health":28,"my_armor":0,"opponent_armor":2,"my_hand":8,"opponent_hand":7,"my_board":[{"card_name":"Cruel Taskmaster","card_health":2,"card_attack":2}],"opponent_board":[{"card_name":"Piloted Shredder","card_health":3,"card_attack":4},{"card_name":"Pint-Sized Summoner","card_health":1,"card_attack":2}]},{"turn":12,"cards_played":["Grim Patron","Whirlwind"],"current_player":"me","my_health":24,"opponent_health":28,"my_armor":0,"opponent_armor":2,"my_hand":7,"opponent_hand":7,"my_board":[{"card_name":"Grim Patron","card_health":1,"card_attack":3},{"card_name":"Grim Patron","card_health":2,"card_attack":3},{"card_name":"Grim Patron","card_health":3,"card_attack":3},{"card_name":"Grim Patron","card_health":3,"card_attack":3}],"opponent_board":[]},{"turn":13,"cards_played":["Execute","Sludge Belcher"],"current_player":"opponent","my_health":24,"opponent_health":27,"my_armor":0,"opponent_armor":0,"my_hand":7,"opponent_hand":6,"my_board":[{"card_name":"Grim Patron","card_health":2,"card_attack":3},{"card_name":"Grim Patron","card_health":3,"card_attack":3}],"opponent_board":[{"card_name":"Sludge Belcher","card_health":5,"card_attack":3}]},{"turn":14,"cards_played":["Slam","Shield Block","Fiery War Axe"],"current_player":"me","my_health":24,"opponent_health":24,"my_armor":2,"opponent_armor":0,"my_hand":7,"opponent_hand":6,"my_board":[{"card_name":"Grim Patron","card_health":2,"card_attack":3},{"card_name":"Grim Patron","card_health":2,"card_attack":3},{"card_name":"Grim Patron","card_health":3,"card_attack":3}],"opponent_board":[]},{"turn":15,"cards_played":["Fiery War Axe","Armor Up!"],"current_player":"opponent","my_health":24,"opponent_health":21,"my_armor":2,"opponent_armor":2,"my_hand":7,"opponent_hand":6,"my_board":[{"card_name":"Grim Patron","card_health":2,"card_attack":3},{"card_name":"Grim Patron","card_health":2,"card_attack":3}],"opponent_board":[]},{"turn":16,"cards_played":["Emperor Thaurissan","Armor Up!"],"current_player":"me","my_health":24,"opponent_health":14,"my_armor":4,"opponent_armor":0,"my_hand":7,"opponent_hand":6,"my_board":[{"card_name":"Emperor Thaurissan","card_health":5,"card_attack":5},{"card_name":"Grim Patron","card_health":2,"card_attack":3},{"card_name":"Grim Patron","card_health":2,"card_attack":3}],"opponent_board":[]},{"turn":17,"cards_played":["Battle Rage","Unstable Ghoul","Charge","Armor Up!"],"current_player":"opponent","my_health":24,"opponent_health":11,"my_armor":4,"opponent_armor":2,"my_hand":7,"opponent_hand":5,"my_board":[{"card_name":"Emperor Thaurissan","card_health":4,"card_attack":5}],"opponent_board":[]},{"turn":18,"cards_played":["Raging Worgen","Charge"],"current_player":"me","my_health":24,"opponent_health":11,"my_armor":4,"opponent_armor":2,"my_hand":6,"opponent_hand":5,"my_board":[{"card_name":"Emperor Thaurissan","card_health":4,"card_attack":5},{"card_name":"Raging Worgen","card_health":3,"card_attack":5}],"opponent_board":[]}],"result":"victory"}