{"plays":[{"turn":1,"cards_played":[],"current_player":"me","my_health":0,"opponent_health":0,"my_armor":0,"opponent_armor":0,"my_hand":0,"opponent_hand":1,"my_board":[],"opponent_board":[]},{"turn":2,"cards_played":["Journey Below"],"current_player":"opponent","my_health":30,"opponent_health":30,"my_armor":0,"opponent_armor":0,"my_hand":4,"opponent_hand":6,"my_board":[],"opponent_board":[]},{"turn":3,"cards_played":["Armorsmith"],"current_player":"me","my_health":30,"opponent_health":30,"my_armor":0,"opponent_armor":0,"my_hand":4,"opponent_hand":6,"my_board":[{"card_name":"Armorsmith","card_health":4,"card_attack":1}],"opponent_board":[]},{"turn":4,"cards_played":["Huge Toad"],"current_player":"opponent","my_health":30,"opponent_health":30,"my_armor":0,"opponent_armor":0,"my_hand":4,"opponent_hand":6,"my_board":[{"card_name":"Armorsmith","card_health":4,"card_attack":1}],"opponent_board":[{"card_name":"Huge Toad","card_health":2,"card_attack":3}]},{"turn":5,"cards_played":["Fiery War Axe","Sir Finley Mrrgglton"],"current_player":"me","my_health":27,"opponent_health":29,"my_armor":1,"opponent_armor":0,"my_hand":3,"opponent_hand":6,"my_board":[{"card_name":"Sir Finley Mrrgglton","card_health":2,"card_attack":1},{"card_name":"Armorsmith","card_health":4,"card_attack":1}],"opponent_board":[]},{"turn":6,"cards_played":["Shadow Strike"],"current_player":"opponent","my_health":27,"opponent_health":29,"my_armor":2,"opponent_armor":0,"my_hand":3,"opponent_hand":6,"my_board":[{"card_name":"Sir Finley Mrrgglton","card_health":2,"card_attack":1}],"opponent_board":[]},{"turn":7,"cards_played":["Acolyte of Pain"],"current_player":"me","my_health":27,"opponent_health":28,"my_armor":2,"opponent_armor":0,"my_hand":3,"opponent_hand":6,"my_board":[{"card_name":"Sir Finley Mrrgglton","card_health":2,"card_attack":1},{"card_name":"Acolyte of Pain","card_health":3,"card_attack":1}],"opponent_board":[]},{"turn":8,"cards_played":["Burgle","The Coin","Eviscerate"],"current_player":"opponent","my_health":27,"opponent_health":28,"my_armor":2,"opponent_armor":0,"my_hand":4,"opponent_hand":6,"my_board":[{"card_name":"Sir Finley Mrrgglton","card_health":2,"card_attack":1}],"opponent_board":[]},{"turn":9,"cards_played":["Lesser Heal","Lesser Heal"],"current_player":"me","my_health":29,"opponent_health":27,"my_armor":2,"opponent_armor":0,"my_hand":5,"opponent_hand":6,"my_board":[{"card_name":"Sir Finley Mrrgglton","card_health":2,"card_attack":1}],"opponent_board":[]},{"turn":10,"cards_played":["Tomb Pillager"],"current_player":"opponent","my_health":29,"opponent_health":27,"my_armor":2,"opponent_armor":0,"my_hand":5,"opponent_hand":6,"my_board":[{"card_name":"Sir Finley Mrrgglton","card_health":2,"card_attack":1}],"opponent_board":[{"card_name":"Tomb Pillager","card_health":4,"card_attack":5}]},{"turn":11,"cards_played":["Slam","Kor'kron Elite"],"current_player":"me","my_health":26,"opponent_health":22,"my_armor":0,"opponent_armor":0,"my_hand":5,"opponent_hand":7,"my_board":[{"card_name":"Sir Finley Mrrgglton","card_health":2,"card_attack":1},{"card_name":"Kor'kron Elite","card_health":3,"card_attack":4}],"opponent_board":[]},{"turn":12,"cards_played":["Shadow Strike","Beneath the Grounds"],"current_player":"opponent","my_health":26,"opponent_health":22,"my_armor":0,"opponent_armor":0,"my_hand":5,"opponent_hand":6,"my_board":[{"card_name":"Sir Finley Mrrgglton","card_health":2,"card_attack":1}],"opponent_board":[]},{"turn":13,"cards_played":["Armorsmith","Fiery War Axe","Lesser Heal"],"current_player":"me","my_health":24,"opponent_health":22,"my_armor":1,"opponent_armor":0,"my_hand":4,"opponent_hand":6,"my_board":[{"card_name":"Armorsmith","card_health":4,"card_attack":1}],"opponent_board":[]},{"turn":14,"cards_played":["Mortal Strike","Headcrack"],"current_player":"opponent","my_health":24,"opponent_health":22,"my_armor":0,"opponent_armor":0,"my_hand":4,"opponent_hand":6,"my_board":[],"opponent_board":[]},{"turn":15,"cards_played":["Grim Patron","Inner Rage","Whirlwind","Lesser Heal","Lesser Heal"],"current_player":"me","my_health":24,"opponent_health":22,"my_armor":0,"opponent_armor":0,"my_hand":2,"opponent_hand":6,"my_board":[{"card_name":"Grim Patron","card_health":3,"card_attack":5},{"card_name":"Grim Patron","card_health":2,"card_attack":3},{"card_name":"Grim Patron","card_health":3,"card_attack":3},{"card_name":"Grim Patron","card_health":3,"card_attack":3}],"opponent_board":[]},{"turn":16,"cards_played":["Assassinate","Headcrack"],"current_player":"opponent","my_health":22,"opponent_health":22,"my_armor":0,"opponent_armor":0,"my_hand":2,"opponent_hand":6,"my_board":[{"card_name":"Grim Patron","card_health":2,"card_attack":3},{"card_name":"Grim Patron","card_health":3,"card_attack":3},{"card_name":"Grim Patron","card_health":3,"card_attack":3}],"opponent_board":[]},{"turn":17,"cards_played":["Alexstrasza"],"current_player":"me","my_health":22,"opponent_health":6,"my_armor":0,"opponent_armor":0,"my_hand":2,"opponent_hand":6,"my_board":[{"card_name":"Alexstrasza","card_health":8,"card_attack":8},{"card_name":"Grim Patron","card_health":2,"card_attack":3},{"card_name":"Grim Patron","card_health":3,"card_attack":3},{"card_name":"Grim Patron","card_health":3,"card_attack":3}],"opponent_board":[{"card_name":"Nerubian","card_health":4,"card_attack":4}]},{"turn":18,"cards_played":["The Coin","Yogg-Saron, Hope's End","Beneath the Grounds"],"current_player":"opponent","my_health":16,"opponent_health":6,"my_armor":0,"opponent_armor":0,"my_hand":2,"opponent_hand":5,"my_board":[],"opponent_board":[{"card_name":"Slime","card_health":1,"card_attack":2}]},{"turn":19,"cards_played":["Battle Rage","Frothing Berserker","Execute","Execute","Lesser Heal","Lesser Heal"],"current_player":"me","my_health":14,"opponent_health":6,"my_armor":0,"opponent_armor":0,"my_hand":0,"opponent_hand":5,"my_board":[{"card_name":"Frothing Berserker","card_health":4,"card_attack":3}],"opponent_board":[]},{"turn":20,"cards_played":["Backstab","Mind Spike","Mind Spike","Tomb Pillager","Unearthed Raptor"],"current_player":"opponent","my_health":14,"opponent_health":6,"my_armor":0,"opponent_armor":0,"my_hand":0,"opponent_hand":3,"my_board":[],"opponent_board":[{"card_name":"Tomb Pillager","card_health":4,"card_attack":5},{"card_name":"Unearthed Raptor","card_health":4,"card_attack":3}]},{"turn":21,"cards_played":[],"current_player":"me","my_health":14,"opponent_health":6,"my_armor":0,"opponent_armor":0,"my_hand":1,"opponent_hand":3,"my_board":[],"opponent_board":[{"card_name":"Tomb Pillager","card_health":4,"card_attack":5},{"card_name":"Unearthed Raptor","card_health":4,"card_attack":3},{"card_name":"Nerubian","card_health":4,"card_attack":4}]}],"result":"defeat"}