{"plays":[{"turn":1,"cards_played":[],"current_player":"me","my_health":0,"opponent_health":0,"my_armor":0,"opponent_armor":0,"my_hand":0,"opponent_hand":1,"my_board":[],"opponent_board":[]},{"turn":2,"cards_played":[],"current_player":"opponent","my_health":30,"opponent_health":30,"my_armor":0,"opponent_armor":0,"my_hand":4,"opponent_hand":6,"my_board":[],"opponent_board":[]},{"turn":3,"cards_played":["Armor Up!"],"current_player":"me","my_health":30,"opponent_health":30,"my_armor":2,"opponent_armor":0,"my_hand":5,"opponent_hand":6,"my_board":[],"opponent_board":[]},{"turn":4,"cards_played":["The Coin","Argent Horserider"],"current_player":"opponent","my_health":30,"opponent_health":30,"my_armor":0,"opponent_armor":0,"my_hand":5,"opponent_hand":5,"my_board":[],"opponent_board":[{"card_name":"Argent Horserider","card_health":1,"card_attack":2}]},{"turn":5,"cards_played":["Slam","Inner Rage"],"current_player":"me","my_health":30,"opponent_health":30,"my_armor":0,"opponent_armor":0,"my_hand":5,"opponent_hand":5,"my_board":[],"opponent_board":[]},{"turn":6,"cards_played":["Leper Gnome","Steady Shot"],"current_player":"opponent","my_health":28,"opponent_health":30,"my_armor":0,"opponent_armor":0,"my_hand":5,"opponent_hand":5,"my_board":[],"opponent_board":[{"card_name":"Leper Gnome","card_health":1,"card_attack":2}]},{"turn":7,"cards_played":["Death's Bite"],"current_player":"me","my_health":26,"opponent_health":30,"my_armor":0,"opponent_armor":0,"my_hand":5,"opponent_hand":5,"my_board":[],"opponent_board":[]},{"turn":8,"cards_played":["Eaglehorn Bow"],"current_player":"opponent","my_health":21,"opponent_health":30,"my_armor":0,"opponent_armor":0,"my_hand":5,"opponent_hand":5,"my_board":[],"opponent_board":[]},{"turn":9,"cards_played":["Loatheb"],"current_player":"me","my_health":21,"opponent_health":30,"my_armor":0,"opponent_armor":0,"my_hand":5,"opponent_hand":5,"my_board":[{"card_name":"Loatheb","card_health":5,"card_attack":5}],"opponent_board":[]},{"turn":10,"cards_played":["Arcane Golem","Steady Shot"],"current_player":"opponent","my_health":12,"opponent_health":30,"my_armor":0,"opponent_armor":0,"my_hand":5,"opponent_hand":5,"my_board":[{"card_name":"Loatheb","card_health":5,"card_attack":5}],"opponent_board":[{"card_name":"Arcane Golem","card_health":2,"card_attack":4}]},{"turn":11,"cards_played":["Cruel Taskmaster","Armorsmith","Armor Up!"],"current_player":"me","my_health":12,"opponent_health":21,"my_armor":5,"opponent_armor":0,"my_hand":4,"opponent_hand":5,"my_board":[{"card_name":"Armorsmith","card_health":3,"card_attack":1},{"card_name":"Loatheb","card_health":4,"card_attack":5},{"card_name":"Cruel Taskmaster","card_health":1,"card_attack":2}],"opponent_board":[]},{"turn":12,"cards_played":["Unleash the Hounds","Quick Shot"],"current_player":"opponent","my_health":11,"opponent_health":21,"my_armor":0,"opponent_armor":0,"my_hand":4,"opponent_hand":4,"my_board":[{"card_name":"Armorsmith","card_health":3,"card_attack":1},{"card_name":"Loatheb","card_health":4,"card_attack":5},{"card_name":"Cruel Taskmaster","card_health":1,"card_attack":2}],"opponent_board":[{"card_name":"Hound","card_health":1,"card_attack":1},{"card_name":"Hound","card_health":1,"card_attack":1},{"card_name":"Hound","card_health":1,"card_attack":1}]},{"turn":13,"cards_played":["Battle Rage","Unstable Ghoul","Battle Rage","Whirlwind"],"current_player":"me","my_health":11,"opponent_health":15,"my_armor":4,"opponent_armor":0,"my_hand":8,"opponent_hand":4,"my_board":[{"card_name":"Armorsmith","card_health":2,"card_attack":1},{"card_name":"Unstable Ghoul","card_health":2,"card_attack":1},{"card_name":"Loatheb","card_health":3,"card_attack":5}],"opponent_board":[]},{"turn":14,"cards_played":["Ironbeak Owl","Unleash the Hounds","Abusive Sergeant"],"current_player":"opponent","my_health":10,"opponent_health":15,"my_armor":0,"opponent_armor":0,"my_hand":8,"opponent_hand":2,"my_board":[{"card_name":"Armorsmith","card_health":2,"card_attack":1},{"card_name":"Unstable Ghoul","card_health":2,"card_attack":1},{"card_name":"Loatheb","card_health":3,"card_attack":5}],"opponent_board":[{"card_name":"Ironbeak Owl","card_health":1,"card_attack":2},{"card_name":"Abusive Sergeant","card_health":1,"card_attack":2},{"card_name":"Hound","card_health":1,"card_attack":1},{"card_name":"Hound","card_health":1,"card_attack":1},{"card_name":"Hound","card_health":1,"card_attack":3}]},{"turn":15,"cards_played":["Shield Block","Shield Block","Armor Up!"],"current_player":"me","my_health":10,"opponent_health":10,"my_armor":14,"opponent_armor":0,"my_hand":9,"opponent_hand":2,"my_board":[{"card_name":"Armorsmith","card_health":1,"card_attack":1},{"card_name":"Unstable Ghoul","card_health":1,"card_attack":1},{"card_name":"Loatheb","card_health":3,"card_attack":5}],"opponent_board":[{"card_name":"Ironbeak Owl","card_health":1,"card_attack":2},{"card_name":"Abusive Sergeant","card_health":1,"card_attack":2},{"card_name":"Hound","card_health":1,"card_attack":1}]},{"turn":16,"cards_played":["Knife Juggler","Quick Shot","Abusive Sergeant"],"current_player":"opponent","my_health":10,"opponent_health":10,"my_armor":8,"opponent_armor":0,"my_hand":9,"opponent_hand":0,"my_board":[{"card_name":"Unstable Ghoul","card_health":1,"card_attack":1}],"opponent_board":[{"card_name":"Abusive Sergeant","card_health":1,"card_attack":2},{"card_name":"Knife Juggler","card_health":2,"card_attack":3},{"card_name":"Ironbeak Owl","card_health":1,"card_attack":2},{"card_name":"Abusive Sergeant","card_health":1,"card_attack":2}]},{"turn":17,"cards_played":["Gnomish Inventor","Slam","Unstable Ghoul","Armor Up!"],"current_player":"me","my_health":10,"opponent_health":10,"my_armor":10,"opponent_armor":0,"my_hand":8,"opponent_hand":0,"my_board":[{"card_name":"Gnomish Inventor","card_health":4,"card_attack":2},{"card_name":"Unstable Ghoul","card_health":3,"card_attack":1}],"opponent_board":[{"card_name":"Abusive Sergeant","card_health":1,"card_attack":2},{"card_name":"Ironbeak Owl","card_health":1,"card_attack":2}]},{"turn":18,"cards_played":["Steady Shot","Haunted Creeper"],"current_player":"opponent","my_health":10,"opponent_health":10,"my_armor":8,"opponent_armor":0,"my_hand":8,"opponent_hand":0,"my_board":[{"card_name":"Gnomish Inventor","card_health":3,"card_attack":2}],"opponent_board":[{"card_name":"Haunted Creeper","card_health":2,"card_attack":1}]},{"turn":19,"cards_played":["Emperor Thaurissan","Armor Up!"],"current_player":"me","my_health":10,"opponent_health":8,"my_armor":8,"opponent_armor":0,"my_hand":8,"opponent_hand":0,"my_board":[{"card_name":"Gnomish Inventor","card_health":1,"card_attack":2},{"card_name":"Emperor Thaurissan","card_health":5,"card_attack":5}],"opponent_board":[{"card_name":"Haunted Creeper","card_health":2,"card_attack":1}]},{"turn":20,"cards_played":["Ironbeak Owl","Steady Shot"],"current_player":"opponent","my_health":10,"opponent_health":8,"my_armor":6,"opponent_armor":0,"my_hand":8,"opponent_hand":0,"my_board":[{"card_name":"Emperor Thaurissan","card_health":5,"card_attack":5}],"opponent_board":[{"card_name":"Ironbeak Owl","card_health":1,"card_attack":2},{"card_name":"Spectral Spider","card_health":1,"card_attack":1},{"card_name":"Spectral Spider","card_health":1,"card_attack":1}]},{"turn":21,"cards_played":["Acolyte of Pain","Whirlwind","Grim Patron","Charge","Inner Rage","Rampage"],"current_player":"me","my_health":10,"opponent_health":-2,"my_armor":6,"opponent_armor":0,"my_hand":4,"opponent_hand":0,"my_board":[{"card_name":"Acolyte of Pain","card_health":2,"card_attack":1},{"card_name":"Emperor Thaurissan","card_health":4,"card_attack":5},{"card_name":"Grim Patron","card_health":5,"card_attack":10},{"card_name":"Grim Patron","card_health":3,"card_attack":3}],"opponent_board":[]}],"result":"victory"}