{"plays":[{"turn":1,"cards_played":[],"current_player":"opponent","my_health":30,"opponent_health":0,"my_armor":0,"opponent_armor":0,"my_hand":1,"opponent_hand":0,"my_board":[],"opponent_board":[]},{"turn":2,"cards_played":["Leper Gnome"],"current_player":"opponent","my_health":30,"opponent_health":30,"my_armor":0,"opponent_armor":0,"my_hand":4,"opponent_hand":5,"my_board":[],"opponent_board":[{"card_name":"Leper Gnome","card_health":1,"card_attack":2}]},{"turn":3,"cards_played":["Armorsmith"],"current_player":"me","my_health":30,"opponent_health":30,"my_armor":0,"opponent_armor":0,"my_hand":4,"opponent_hand":5,"my_board":[{"card_name":"Armorsmith","card_health":4,"card_attack":1}],"opponent_board":[{"card_name":"Leper Gnome","card_health":1,"card_attack":2}]},{"turn":4,"cards_played":["Cutpurse"],"current_player":"opponent","my_health":28,"opponent_health":30,"my_armor":0,"opponent_armor":0,"my_hand":4,"opponent_hand":5,"my_board":[{"card_name":"Armorsmith","card_health":4,"card_attack":1}],"opponent_board":[{"card_name":"Cutpurse","card_health":2,"card_attack":2},{"card_name":"Leper Gnome","card_health":1,"card_attack":2}]},{"turn":5,"cards_played":["Whirlwind","Armor Up!"],"current_player":"me","my_health":27,"opponent_health":30,"my_armor":3,"opponent_armor":0,"my_hand":4,"opponent_hand":5,"my_board":[{"card_name":"Armorsmith","card_health":1,"card_attack":1}],"opponent_board":[]},{"turn":6,"cards_played":["Argent Squire","The Coin","SI:7 Agent"],"current_player":"opponent","my_health":27,"opponent_health":30,"my_armor":4,"opponent_armor":0,"my_hand":4,"opponent_hand":3,"my_board":[],"opponent_board":[{"card_name":"Argent Squire","card_health":1,"card_attack":1},{"card_name":"SI:7 Agent","card_health":3,"card_attack":3}]},{"turn":7,"cards_played":["Death's Bite"],"current_player":"me","my_health":27,"opponent_health":30,"my_armor":1,"opponent_armor":0,"my_hand":4,"opponent_hand":3,"my_board":[],"opponent_board":[{"card_name":"Argent Squire","card_health":1,"card_attack":1}]},{"turn":8,"cards_played":["Dagger Mastery"],"current_player":"opponent","my_health":26,"opponent_health":30,"my_armor":0,"opponent_armor":0,"my_hand":4,"opponent_hand":4,"my_board":[],"opponent_board":[{"card_name":"Argent Squire","card_health":1,"card_attack":1}]},{"turn":9,"cards_played":["Unstable Ghoul","Armor Up!"],"current_player":"me","my_health":26,"opponent_health":30,"my_armor":2,"opponent_armor":0,"my_hand":4,"opponent_hand":4,"my_board":[{"card_name":"Unstable Ghoul","card_health":3,"card_attack":1}],"opponent_board":[{"card_name":"Argent Squire","card_health":1,"card_attack":1}]},{"turn":10,"cards_played":["Arcane Golem","Eviscerate"],"current_player":"opponent","my_health":22,"opponent_health":30,"my_armor":0,"opponent_armor":0,"my_hand":4,"opponent_hand":3,"my_board":[],"opponent_board":[{"card_name":"Argent Squire","card_health":1,"card_attack":1},{"card_name":"Arcane Golem","card_health":1,"card_attack":4}]},{"turn":11,"cards_played":["Gnomish Inventor","Battle Rage"],"current_player":"me","my_health":22,"opponent_health":26,"my_armor":0,"opponent_armor":0,"my_hand":6,"opponent_hand":3,"my_board":[{"card_name":"Gnomish Inventor","card_health":3,"card_attack":2}],"opponent_board":[]},{"turn":12,"cards_played":["Piloted Shredder","Dagger Mastery"],"current_player":"opponent","my_health":22,"opponent_health":26,"my_armor":0,"opponent_armor":0,"my_hand":6,"opponent_hand":3,"my_board":[{"card_name":"Gnomish Inventor","card_health":3,"card_attack":2}],"opponent_board":[{"card_name":"Piloted Shredder","card_health":3,"card_attack":4}]},{"turn":13,"cards_played":["Unstable Ghoul","Armorsmith","Whirlwind","Battle Rage"],"current_player":"me","my_health":22,"opponent_health":26,"my_armor":4,"opponent_armor":0,"my_hand":7,"opponent_hand":3,"my_board":[{"card_name":"Unstable Ghoul","card_health":2,"card_attack":1},{"card_name":"Armorsmith","card_health":3,"card_attack":1}],"opponent_board":[{"card_name":"Frostwolf Grunt","card_health":2,"card_attack":2}]},{"turn":14,"cards_played":["Arcane Golem","Dagger Mastery"],"current_player":"opponent","my_health":22,"opponent_health":26,"my_armor":1,"opponent_armor":0,"my_hand":7,"opponent_hand":3,"my_board":[{"card_name":"Armorsmith","card_health":2,"card_attack":1}],"opponent_board":[{"card_name":"Arcane Golem","card_health":2,"card_attack":4}]},{"turn":15,"cards_played":["Inner Rage","Death's Bite","Armor Up!","Frothing Berserker"],"current_player":"me","my_health":22,"opponent_health":22,"my_armor":5,"opponent_armor":0,"my_hand":5,"opponent_hand":3,"my_board":[{"card_name":"Frothing Berserker","card_health":4,"card_attack":2}],"opponent_board":[]},{"turn":16,"cards_played":["Tinker's Sharpsword Oil"],"current_player":"opponent","my_health":22,"opponent_health":20,"my_armor":5,"opponent_armor":0,"my_hand":5,"opponent_hand":3,"my_board":[],"opponent_board":[]},{"turn":17,"cards_played":["Shield Block","Acolyte of Pain","Armor Up!"],"current_player":"me","my_health":22,"opponent_health":20,"my_armor":12,"opponent_armor":0,"my_hand":5,"opponent_hand":3,"my_board":[{"card_name":"Acolyte of Pain","card_health":3,"card_attack":1}],"opponent_board":[]},{"turn":18,"cards_played":["Dagger Mastery"],"current_player":"opponent","my_health":22,"opponent_health":19,"my_armor":12,"opponent_armor":0,"my_hand":6,"opponent_hand":4,"my_board":[],"opponent_board":[]},{"turn":19,"cards_played":["Acolyte of Pain","Armor Up!"],"current_player":"me","my_health":22,"opponent_health":19,"my_armor":14,"opponent_armor":0,"my_hand":6,"opponent_hand":4,"my_board":[{"card_name":"Acolyte of Pain","card_health":3,"card_attack":1}],"opponent_board":[]},{"turn":20,"cards_played":["Deadly Poison"],"current_player":"opponent","my_health":22,"opponent_health":18,"my_armor":14,"opponent_armor":0,"my_hand":7,"opponent_hand":4,"my_board":[],"opponent_board":[]},{"turn":21,"cards_played":["Warsong Commander","Grim Patron","Slam","Inner Rage"],"current_player":"me","my_health":22,"opponent_health":0,"my_armor":14,"opponent_armor":0,"my_hand":5,"opponent_hand":4,"my_board":[{"card_name":"Warsong Commander","card_health":2,"card_attack":2},{"card_name":"Grim Patron","card_health":1,"card_attack":5},{"card_name":"Grim Patron","card_health":2,"card_attack":3},{"card_name":"Grim Patron","card_health":3,"card_attack":3},{"card_name":"Grim Patron","card_health":3,"card_attack":3}],"opponent_board":[]}],"result":"victory"}