{"plays":[{"turn":1,"cards_played":[],"current_player":"me","my_health":0,"opponent_health":0,"my_armor":0,"opponent_armor":0,"my_hand":0,"opponent_hand":1,"my_board":[],"opponent_board":[]},{"turn":2,"cards_played":["Sir Finley Mrrgglton"],"current_player":"opponent","my_health":30,"opponent_health":30,"my_armor":0,"opponent_armor":0,"my_hand":4,"opponent_hand":5,"my_board":[],"opponent_board":[{"card_name":"Sir Finley Mrrgglton","card_health":3,"card_attack":1}]},{"turn":3,"cards_played":["Fiery War Axe"],"current_player":"me","my_health":29,"opponent_health":30,"my_armor":0,"opponent_armor":0,"my_hand":4,"opponent_hand":5,"my_board":[],"opponent_board":[]},{"turn":4,"cards_played":["Totem Golem"],"current_player":"opponent","my_health":29,"opponent_health":30,"my_armor":0,"opponent_armor":0,"my_hand":4,"opponent_hand":5,"my_board":[],"opponent_board":[{"card_name":"Totem Golem","card_health":4,"card_attack":3}]},{"turn":5,"cards_played":["Slam"],"current_player":"me","my_health":26,"opponent_health":30,"my_armor":0,"opponent_armor":0,"my_hand":5,"opponent_hand":5,"my_board":[],"opponent_board":[]},{"turn":6,"cards_played":["Flame Juggler"],"current_player":"opponent","my_health":26,"opponent_health":30,"my_armor":0,"opponent_armor":0,"my_hand":5,"opponent_hand":5,"my_board":[],"opponent_board":[{"card_name":"Flame Juggler","card_health":3,"card_attack":2}]},{"turn":7,"cards_played":["Fiery War Axe","Armor Up!"],"current_player":"me","my_health":23,"opponent_health":30,"my_armor":2,"opponent_armor":0,"my_hand":5,"opponent_hand":5,"my_board":[],"opponent_board":[]},{"turn":8,"cards_played":["The Coin","Doomhammer"],"current_player":"opponent","my_health":21,"opponent_health":30,"my_armor":0,"opponent_armor":0,"my_hand":5,"opponent_hand":4,"my_board":[],"opponent_board":[]},{"turn":9,"cards_played":["Grim Patron","Inner Rage","Inner Rage"],"current_player":"me","my_health":21,"opponent_health":30,"my_armor":0,"opponent_armor":0,"my_hand":3,"opponent_hand":4,"my_board":[{"card_name":"Grim Patron","card_health":2,"card_attack":5},{"card_name":"Grim Patron","card_health":2,"card_attack":3},{"card_name":"Grim Patron","card_health":3,"card_attack":3}],"opponent_board":[]},{"turn":10,"cards_played":["Earth Shock","Reinforce"],"current_player":"opponent","my_health":21,"opponent_health":20,"my_armor":0,"opponent_armor":0,"my_hand":3,"opponent_hand":4,"my_board":[{"card_name":"Grim Patron","card_health":2,"card_attack":3}],"opponent_board":[{"card_name":"Silver Hand Recruit","card_health":1,"card_attack":1}]},{"turn":11,"cards_played":["Gnomish Inventor","Unstable Ghoul"],"current_player":"me","my_health":21,"opponent_health":17,"my_armor":0,"opponent_armor":0,"my_hand":3,"opponent_hand":4,"my_board":[{"card_name":"Unstable Ghoul","card_health":3,"card_attack":1},{"card_name":"Gnomish Inventor","card_health":4,"card_attack":2},{"card_name":"Grim Patron","card_health":2,"card_attack":3}],"opponent_board":[{"card_name":"Silver Hand Recruit","card_health":1,"card_attack":1}]},{"turn":12,"cards_played":["Lava Burst","Lava Burst"],"current_player":"opponent","my_health":14,"opponent_health":16,"my_armor":0,"opponent_armor":0,"my_hand":3,"opponent_hand":3,"my_board":[{"card_name":"Gnomish Inventor","card_health":3,"card_attack":2},{"card_name":"Grim Patron","card_health":1,"card_attack":3}],"opponent_board":[]},{"turn":13,"cards_played":["Battle Rage","Shield Block","Armor Up!"],"current_player":"me","my_health":9,"opponent_health":8,"my_armor":7,"opponent_armor":0,"my_hand":6,"opponent_hand":3,"my_board":[{"card_name":"Gnomish Inventor","card_health":3,"card_attack":2},{"card_name":"Grim Patron","card_health":1,"card_attack":3}],"opponent_board":[]},{"turn":14,"cards_played":["Crackle","Rockbiter Weapon"],"current_player":"opponent","my_health":1,"opponent_health":8,"my_armor":0,"opponent_armor":0,"my_hand":6,"opponent_hand":2,"my_board":[{"card_name":"Gnomish Inventor","card_health":3,"card_attack":2},{"card_name":"Grim Patron","card_health":1,"card_attack":3}],"opponent_board":[]},{"turn":15,"cards_played":["Rampage","Death's Bite"],"current_player":"me","my_health":1,"opponent_health":-4,"my_armor":0,"opponent_armor":0,"my_hand":5,"opponent_hand":2,"my_board":[{"card_name":"Gnomish Inventor","card_health":3,"card_attack":2},{"card_name":"Grim Patron","card_health":4,"card_attack":6}],"opponent_board":[]}],"result":"victory"}