{"plays":[{"turn":1,"cards_played":[],"current_player":"opponent","my_health":0,"opponent_health":0,"my_armor":0,"opponent_armor":0,"my_hand":1,"opponent_hand":0,"my_board":[],"opponent_board":[]},{"turn":2,"cards_played":[],"current_player":"opponent","my_health":30,"opponent_health":30,"my_armor":0,"opponent_armor":0,"my_hand":4,"opponent_hand":5,"my_board":[],"opponent_board":[]},{"turn":3,"cards_played":["Unstable Ghoul"],"current_player":"me","my_health":30,"opponent_health":30,"my_armor":0,"opponent_armor":0,"my_hand":4,"opponent_hand":5,"my_board":[{"card_name":"Unstable Ghoul","card_health":3,"card_attack":1}],"opponent_board":[]},{"turn":4,"cards_played":["Reinforce","The Coin"],"current_player":"opponent","my_health":30,"opponent_health":30,"my_armor":0,"opponent_armor":0,"my_hand":4,"opponent_hand":4,"my_board":[{"card_name":"Unstable Ghoul","card_health":3,"card_attack":1}],"opponent_board":[{"card_name":"Silver Hand Recruit","card_health":1,"card_attack":1}]},{"turn":5,"cards_played":["Fiery War Axe"],"current_player":"me","my_health":26,"opponent_health":30,"my_armor":0,"opponent_armor":0,"my_hand":4,"opponent_hand":4,"my_board":[{"card_name":"Unstable Ghoul","card_health":1,"card_attack":1}],"opponent_board":[]},{"turn":6,"cards_played":["Muster for Battle"],"current_player":"opponent","my_health":26,"opponent_health":29,"my_armor":0,"opponent_armor":0,"my_hand":4,"opponent_hand":4,"my_board":[],"opponent_board":[]},{"turn":7,"cards_played":["Acolyte of Pain"],"current_player":"me","my_health":26,"opponent_health":29,"my_armor":0,"opponent_armor":0,"my_hand":4,"opponent_hand":4,"my_board":[{"card_name":"Acolyte of Pain","card_health":3,"card_attack":1}],"opponent_board":[]},{"turn":8,"cards_played":["Piloted Shredder"],"current_player":"opponent","my_health":26,"opponent_health":29,"my_armor":0,"opponent_armor":0,"my_hand":4,"opponent_hand":4,"my_board":[{"card_name":"Acolyte of Pain","card_health":3,"card_attack":1}],"opponent_board":[{"card_name":"Piloted Shredder","card_health":3,"card_attack":4}]},{"turn":9,"cards_played":["Shield Block","Armorsmith"],"current_player":"me","my_health":22,"opponent_health":28,"my_armor":5,"opponent_armor":0,"my_hand":4,"opponent_hand":4,"my_board":[{"card_name":"Acolyte of Pain","card_health":3,"card_attack":1},{"card_name":"Armorsmith","card_health":4,"card_attack":1}],"opponent_board":[{"card_name":"Wild Pyromancer","card_health":2,"card_attack":3}]},{"turn":10,"cards_played":["Keeper of Uldaman"],"current_player":"opponent","my_health":22,"opponent_health":28,"my_armor":1,"opponent_armor":0,"my_hand":4,"opponent_hand":4,"my_board":[{"card_name":"Acolyte of Pain","card_health":3,"card_attack":1},{"card_name":"Armorsmith","card_health":4,"card_attack":1}],"opponent_board":[{"card_name":"Keeper of Uldaman","card_health":4,"card_attack":3},{"card_name":"Wild Pyromancer","card_health":3,"card_attack":3}]},{"turn":11,"cards_played":["Battle Rage","Unstable Ghoul","Armor Up!"],"current_player":"me","my_health":22,"opponent_health":27,"my_armor":4,"opponent_armor":0,"my_hand":5,"opponent_hand":4,"my_board":[{"card_name":"Acolyte of Pain","card_health":3,"card_attack":1},{"card_name":"Unstable Ghoul","card_health":3,"card_attack":1},{"card_name":"Armorsmith","card_health":1,"card_attack":1}],"opponent_board":[{"card_name":"Keeper of Uldaman","card_health":4,"card_attack":3},{"card_name":"Wild Pyromancer","card_health":2,"card_attack":3}]},{"turn":12,"cards_played":["Knife Juggler","Muster for Battle"],"current_player":"opponent","my_health":22,"opponent_health":27,"my_armor":3,"opponent_armor":0,"my_hand":7,"opponent_hand":2,"my_board":[],"opponent_board":[{"card_name":"Keeper of Uldaman","card_health":2,"card_attack":3},{"card_name":"Knife Juggler","card_health":2,"card_attack":3},{"card_name":"Silver Hand Recruit","card_health":1,"card_attack":1},{"card_name":"Silver Hand Recruit","card_health":1,"card_attack":1},{"card_name":"Silver Hand Recruit","card_health":1,"card_attack":1}]},{"turn":13,"cards_played":["Death's Bite","Armor Up!"],"current_player":"me","my_health":22,"opponent_health":27,"my_armor":2,"opponent_armor":0,"my_hand":7,"opponent_hand":2,"my_board":[],"opponent_board":[{"card_name":"Keeper of Uldaman","card_health":2,"card_attack":3},{"card_name":"Silver Hand Recruit","card_health":1,"card_attack":1},{"card_name":"Silver Hand Recruit","card_health":1,"card_attack":1},{"card_name":"Silver Hand Recruit","card_health":1,"card_attack":1}]},{"turn":14,"cards_played":["Dr. Boom"],"current_player":"opponent","my_health":13,"opponent_health":27,"my_armor":0,"opponent_armor":0,"my_hand":7,"opponent_hand":2,"my_board":[],"opponent_board":[{"card_name":"Keeper of Uldaman","card_health":3,"card_attack":4},{"card_name":"Dr. Boom","card_health":7,"card_attack":7},{"card_name":"Silver Hand Recruit","card_health":2,"card_attack":2},{"card_name":"Silver Hand Recruit","card_health":2,"card_attack":2},{"card_name":"Silver Hand Recruit","card_health":2,"card_attack":2},{"card_name":"Boom Bot","card_health":1,"card_attack":1},{"card_name":"Boom Bot","card_health":1,"card_attack":1}]},{"turn":15,"cards_played":["Grim Patron","Inner Rage","Battle Rage","Execute","Inner Rage"],"current_player":"me","my_health":9,"opponent_health":27,"my_armor":0,"opponent_armor":0,"my_hand":8,"opponent_hand":2,"my_board":[{"card_name":"Grim Patron","card_health":1,"card_attack":5},{"card_name":"Grim Patron","card_health":2,"card_attack":3},{"card_name":"Grim Patron","card_health":2,"card_attack":3},{"card_name":"Grim Patron","card_health":2,"card_attack":3},{"card_name":"Grim Patron","card_health":3,"card_attack":3},{"card_name":"Grim Patron","card_health":3,"card_attack":3}],"opponent_board":[{"card_name":"Silver Hand Recruit","card_health":1,"card_attack":2},{"card_name":"Silver Hand Recruit","card_health":1,"card_attack":2}]},{"turn":16,"cards_played":["Tirion Fordring"],"current_player":"opponent","my_health":4,"opponent_health":27,"my_armor":0,"opponent_armor":0,"my_hand":8,"opponent_hand":2,"my_board":[{"card_name":"Grim Patron","card_health":1,"card_attack":5},{"card_name":"Grim Patron","card_health":2,"card_attack":3},{"card_name":"Grim Patron","card_health":2,"card_attack":3},{"card_name":"Grim Patron","card_health":2,"card_attack":3},{"card_name":"Grim Patron","card_health":3,"card_attack":3},{"card_name":"Grim Patron","card_health":3,"card_attack":3}],"opponent_board":[{"card_name":"Tirion Fordring","card_health":6,"card_attack":6},{"card_name":"Silver Hand Recruit","card_health":1,"card_attack":2},{"card_name":"Silver Hand Recruit","card_health":1,"card_attack":2}]},{"turn":17,"cards_played":["Slam","Raging Worgen","Slam","Rampage"],"current_player":"me","my_health":4,"opponent_health":27,"my_armor":0,"opponent_armor":0,"my_hand":7,"opponent_hand":2,"my_board":[{"card_name":"Raging Worgen","card_health":4,"card_attack":7},{"card_name":"Grim Patron","card_health":1,"card_attack":5},{"card_name":"Grim Patron","card_health":2,"card_attack":3},{"card_name":"Grim Patron","card_health":1,"card_attack":3},{"card_name":"Grim Patron","card_health":1,"card_attack":3},{"card_name":"Grim Patron","card_health":3,"card_attack":3},{"card_name":"Grim Patron","card_health":3,"card_attack":3}],"opponent_board":[]}],"result":"defeat"}