{"plays":[{"turn":1,"cards_played":[],"current_player":"me","my_health":0,"opponent_health":0,"my_armor":0,"opponent_armor":0,"my_hand":0,"opponent_hand":1,"my_board":[],"opponent_board":[]},{"turn":2,"cards_played":["Sir Finley Mrrgglton","The Coin","Fiery War Axe"],"current_player":"me","my_health":29,"opponent_health":30,"my_armor":0,"opponent_armor":0,"my_hand":4,"opponent_hand":3,"my_board":[],"opponent_board":[]},{"turn":3,"cards_played":["Fireblast","Fireblast"],"current_player":"opponent","my_health":28,"opponent_health":30,"my_armor":0,"opponent_armor":0,"my_hand":4,"opponent_hand":4,"my_board":[],"opponent_board":[]},{"turn":4,"cards_played":["Armor Up!"],"current_player":"me","my_health":28,"opponent_health":30,"my_armor":2,"opponent_armor":0,"my_hand":5,"opponent_hand":4,"my_board":[],"opponent_board":[]},{"turn":5,"cards_played":["Fireblast"],"current_player":"opponent","my_health":28,"opponent_health":30,"my_armor":1,"opponent_armor":0,"my_hand":5,"opponent_hand":5,"my_board":[],"opponent_board":[]},{"turn":6,"cards_played":["Shield Block"],"current_player":"me","my_health":28,"opponent_health":30,"my_armor":6,"opponent_armor":0,"my_hand":6,"opponent_hand":5,"my_board":[],"opponent_board":[]},{"turn":7,"cards_played":["Dread Corsair"],"current_player":"opponent","my_health":28,"opponent_health":30,"my_armor":6,"opponent_armor":0,"my_hand":6,"opponent_hand":5,"my_board":[],"opponent_board":[{"card_name":"Dread Corsair","card_health":3,"card_attack":3}]},{"turn":8,"cards_played":["Armor Up!"],"current_player":"me","my_health":28,"opponent_health":30,"my_armor":5,"opponent_armor":0,"my_hand":7,"opponent_hand":5,"my_board":[],"opponent_board":[]},{"turn":9,"cards_played":["Acolyte of Pain","Slam"],"current_player":"opponent","my_health":28,"opponent_health":30,"my_armor":5,"opponent_armor":0,"my_hand":7,"opponent_hand":6,"my_board":[],"opponent_board":[{"card_name":"Acolyte of Pain","card_health":1,"card_attack":1}]},{"turn":10,"cards_played":["Unstable Ghoul","Whirlwind","Battle Rage"],"current_player":"me","my_health":28,"opponent_health":30,"my_armor":5,"opponent_armor":0,"my_hand":7,"opponent_hand":7,"my_board":[{"card_name":"Unstable Ghoul","card_health":2,"card_attack":1}],"opponent_board":[]},{"turn":11,"cards_played":["Fiery War Axe","Fireblast"],"current_player":"opponent","my_health":28,"opponent_health":29,"my_armor":4,"opponent_armor":0,"my_hand":7,"opponent_hand":7,"my_board":[],"opponent_board":[]},{"turn":12,"cards_played":["Loatheb"],"current_player":"me","my_health":28,"opponent_health":29,"my_armor":4,"opponent_armor":0,"my_hand":7,"opponent_hand":7,"my_board":[{"card_name":"Loatheb","card_health":5,"card_attack":5}],"opponent_board":[]},{"turn":13,"cards_played":["Slam"],"current_player":"opponent","my_health":28,"opponent_health":24,"my_armor":4,"opponent_armor":0,"my_hand":7,"opponent_hand":8,"my_board":[],"opponent_board":[]},{"turn":14,"cards_played":["Unstable Ghoul","Armor Up!"],"current_player":"me","my_health":28,"opponent_health":24,"my_armor":6,"opponent_armor":0,"my_hand":7,"opponent_hand":8,"my_board":[{"card_name":"Unstable Ghoul","card_health":3,"card_attack":1}],"opponent_board":[]},{"turn":15,"cards_played":["Fiery War Axe","Grim Patron","Inner Rage","Whirlwind"],"current_player":"opponent","my_health":28,"opponent_health":23,"my_armor":6,"opponent_armor":0,"my_hand":7,"opponent_hand":5,"my_board":[],"opponent_board":[{"card_name":"Grim Patron","card_health":1,"card_attack":3},{"card_name":"Grim Patron","card_health":2,"card_attack":3},{"card_name":"Grim Patron","card_health":2,"card_attack":3},{"card_name":"Grim Patron","card_health":3,"card_attack":3},{"card_name":"Grim Patron","card_health":3,"card_attack":3},{"card_name":"Grim Patron","card_health":3,"card_attack":3}]},{"turn":16,"cards_played":["Acolyte of Pain","Whirlwind","Fiery War Axe","Slam"],"current_player":"me","my_health":28,"opponent_health":23,"my_armor":3,"opponent_armor":0,"my_hand":6,"opponent_hand":5,"my_board":[{"card_name":"Acolyte of Pain","card_health":2,"card_attack":1}],"opponent_board":[{"card_name":"Grim Patron","card_health":1,"card_attack":3},{"card_name":"Grim Patron","card_health":1,"card_attack":3},{"card_name":"Grim Patron","card_health":2,"card_attack":3},{"card_name":"Grim Patron","card_health":2,"card_attack":3},{"card_name":"Grim Patron","card_health":2,"card_attack":3},{"card_name":"Grim Patron","card_health":1,"card_attack":3}]},{"turn":17,"cards_played":["Frothing Berserker","Unstable Ghoul","Battle Rage"],"current_player":"opponent","my_health":28,"opponent_health":23,"my_armor":3,"opponent_armor":0,"my_hand":7,"opponent_hand":9,"my_board":[],"opponent_board":[{"card_name":"Frothing Berserker","card_health":4,"card_attack":2},{"card_name":"Unstable Ghoul","card_health":3,"card_attack":1},{"card_name":"Grim Patron","card_health":1,"card_attack":3},{"card_name":"Grim Patron","card_health":1,"card_attack":3},{"card_name":"Grim Patron","card_health":2,"card_attack":3},{"card_name":"Grim Patron","card_health":2,"card_attack":3},{"card_name":"Grim Patron","card_health":2,"card_attack":3}]}],"result":"draw"}