{"plays":[{"turn":1,"cards_played":[],"current_player":"opponent","my_health":0,"opponent_health":0,"my_armor":0,"opponent_armor":0,"my_hand":1,"opponent_hand":0,"my_board":[],"opponent_board":[]},{"turn":2,"cards_played":[],"current_player":"me","my_health":30,"opponent_health":30,"my_armor":0,"opponent_armor":0,"my_hand":6,"opponent_hand":4,"my_board":[],"opponent_board":[]},{"turn":3,"cards_played":["Knife Juggler"],"current_player":"opponent","my_health":30,"opponent_health":30,"my_armor":0,"opponent_armor":0,"my_hand":6,"opponent_hand":4,"my_board":[],"opponent_board":[{"card_name":"Knife Juggler","card_health":2,"card_attack":3}]},{"turn":4,"cards_played":[],"current_player":"me","my_health":30,"opponent_health":30,"my_armor":0,"opponent_armor":0,"my_hand":6,"opponent_hand":4,"my_board":[],"opponent_board":[{"card_name":"Knife Juggler","card_health":2,"card_attack":3}]},{"turn":5,"cards_played":["Animal Companion"],"current_player":"opponent","my_health":30,"opponent_health":28,"my_armor":0,"opponent_armor":0,"my_hand":6,"opponent_hand":4,"my_board":[],"opponent_board":[{"card_name":"Leokk","card_health":4,"card_attack":2}]},{"turn":6,"cards_played":["The Coin","Piloted Shredder"],"current_player":"me","my_health":30,"opponent_health":28,"my_armor":0,"opponent_armor":0,"my_hand":5,"opponent_hand":4,"my_board":[{"card_name":"Piloted Shredder","card_health":3,"card_attack":4}],"opponent_board":[{"card_name":"Leokk","card_health":4,"card_attack":2}]},{"turn":7,"cards_played":["Mad Scientist"],"current_player":"opponent","my_health":28,"opponent_health":28,"my_armor":0,"opponent_armor":0,"my_hand":5,"opponent_hand":3,"my_board":[{"card_name":"Piloted Shredder","card_health":3,"card_attack":4}],"opponent_board":[{"card_name":"Mad Scientist","card_health":2,"card_attack":3},{"card_name":"Leokk","card_health":4,"card_attack":2}]},{"turn":8,"cards_played":["Tomb Spider"],"current_player":"me","my_health":28,"opponent_health":28,"my_armor":0,"opponent_armor":0,"my_hand":6,"opponent_hand":3,"my_board":[{"card_name":"Tomb Spider","card_health":3,"card_attack":3},{"card_name":"Piloted Shredder","card_health":3,"card_attack":4}],"opponent_board":[{"card_name":"Mad Scientist","card_health":2,"card_attack":3},{"card_name":"Leokk","card_health":4,"card_attack":2}]},{"turn":9,"cards_played":["Loatheb"],"current_player":"opponent","my_health":26,"opponent_health":28,"my_armor":0,"opponent_armor":0,"my_hand":6,"opponent_hand":3,"my_board":[{"card_name":"Tomb Spider","card_health":3,"card_attack":3},{"card_name":"Argent Watchman","card_health":4,"card_attack":2}],"opponent_board":[{"card_name":"Loatheb","card_health":5,"card_attack":6},{"card_name":"Leokk","card_health":4,"card_attack":2}]},{"turn":10,"cards_played":["Haunted Creeper","Steady Shot"],"current_player":"me","my_health":26,"opponent_health":26,"my_armor":0,"opponent_armor":0,"my_hand":7,"opponent_hand":3,"my_board":[{"card_name":"Tomb Spider","card_health":1,"card_attack":3},{"card_name":"Haunted Creeper","card_health":2,"card_attack":1}],"opponent_board":[{"card_name":"Loatheb","card_health":5,"card_attack":6},{"card_name":"Leokk","card_health":1,"card_attack":2},{"card_name":"Snake","card_health":1,"card_attack":2},{"card_name":"Snake","card_health":1,"card_attack":2},{"card_name":"Snake","card_health":1,"card_attack":2}]},{"turn":11,"cards_played":["Savannah Highmane"],"current_player":"opponent","my_health":14,"opponent_health":26,"my_armor":0,"opponent_armor":0,"my_hand":7,"opponent_hand":3,"my_board":[{"card_name":"Haunted Creeper","card_health":2,"card_attack":1}],"opponent_board":[{"card_name":"Loatheb","card_health":5,"card_attack":6},{"card_name":"Savannah Highmane","card_health":5,"card_attack":7},{"card_name":"Leokk","card_health":1,"card_attack":2},{"card_name":"Snake","card_health":1,"card_attack":2},{"card_name":"Snake","card_health":1,"card_attack":2}]},{"turn":12,"cards_played":["Knife Juggler","Unleash the Hounds"],"current_player":"me","my_health":14,"opponent_health":23,"my_armor":0,"opponent_armor":0,"my_hand":6,"opponent_hand":3,"my_board":[{"card_name":"Knife Juggler","card_health":2,"card_attack":3},{"card_name":"Haunted Creeper","card_health":2,"card_attack":1},{"card_name":"Hound","card_health":1,"card_attack":1}],"opponent_board":[{"card_name":"Savannah Highmane","card_health":5,"card_attack":6}]},{"turn":13,"cards_played":["Ironbeak Owl","Leper Gnome","Leper Gnome","Steady Shot"],"current_player":"opponent","my_health":6,"opponent_health":23,"my_armor":0,"opponent_armor":0,"my_hand":6,"opponent_hand":1,"my_board":[{"card_name":"Knife Juggler","card_health":2,"card_attack":3},{"card_name":"Haunted Creeper","card_health":2,"card_attack":1},{"card_name":"Hound","card_health":1,"card_attack":1}],"opponent_board":[{"card_name":"Ironbeak Owl","card_health":1,"card_attack":2},{"card_name":"Leper Gnome","card_health":1,"card_attack":2},{"card_name":"Savannah Highmane","card_health":5,"card_attack":6},{"card_name":"Leper Gnome","card_health":1,"card_attack":2}]},{"turn":14,"cards_played":["Steady Shot","Kill Command"],"current_player":"me","my_health":6,"opponent_health":11,"my_armor":0,"opponent_armor":0,"my_hand":6,"opponent_hand":1,"my_board":[{"card_name":"Knife Juggler","card_health":2,"card_attack":3},{"card_name":"Haunted Creeper","card_health":2,"card_attack":1},{"card_name":"Hound","card_health":1,"card_attack":1}],"opponent_board":[{"card_name":"Ironbeak Owl","card_health":1,"card_attack":2},{"card_name":"Leper Gnome","card_health":1,"card_attack":2},{"card_name":"Savannah Highmane","card_health":5,"card_attack":6},{"card_name":"Leper Gnome","card_health":1,"card_attack":2}]}],"result":"defeat"}