{"plays":[{"turn":1,"cards_played":[],"current_player":"me","my_health":0,"opponent_health":0,"my_armor":0,"opponent_armor":0,"my_hand":0,"opponent_hand":1,"my_board":[],"opponent_board":[]},{"turn":2,"cards_played":[],"current_player":"me","my_health":30,"opponent_health":30,"my_armor":0,"opponent_armor":0,"my_hand":6,"opponent_hand":4,"my_board":[],"opponent_board":[]},{"turn":3,"cards_played":["Shapeshift"],"current_player":"opponent","my_health":29,"opponent_health":30,"my_armor":0,"opponent_armor":1,"my_hand":6,"opponent_hand":5,"my_board":[],"opponent_board":[]},{"turn":4,"cards_played":["Armor Up!"],"current_player":"me","my_health":29,"opponent_health":30,"my_armor":2,"opponent_armor":1,"my_hand":7,"opponent_hand":5,"my_board":[],"opponent_board":[]},{"turn":5,"cards_played":["Innervate","Azure Drake"],"current_player":"opponent","my_health":29,"opponent_health":30,"my_armor":2,"opponent_armor":1,"my_hand":7,"opponent_hand":5,"my_board":[],"opponent_board":[{"card_name":"Azure Drake","card_health":4,"card_attack":4}]},{"turn":6,"cards_played":["The Coin","Death's Bite"],"current_player":"me","my_health":27,"opponent_health":30,"my_armor":0,"opponent_armor":1,"my_hand":6,"opponent_hand":5,"my_board":[],"opponent_board":[]},{"turn":7,"cards_played":["Piloted Shredder"],"current_player":"opponent","my_health":27,"opponent_health":30,"my_armor":0,"opponent_armor":1,"my_hand":6,"opponent_hand":5,"my_board":[],"opponent_board":[{"card_name":"Piloted Shredder","card_health":3,"card_attack":4}]},{"turn":8,"cards_played":["Acolyte of Pain"],"current_player":"me","my_health":23,"opponent_health":30,"my_armor":0,"opponent_armor":1,"my_hand":7,"opponent_hand":5,"my_board":[{"card_name":"Acolyte of Pain","card_health":2,"card_attack":1}],"opponent_board":[{"card_name":"Lorewalker Cho","card_health":4,"card_attack":0}]},{"turn":9,"cards_played":["Keeper of the Grove"],"current_player":"opponent","my_health":23,"opponent_health":30,"my_armor":0,"opponent_armor":1,"my_hand":7,"opponent_hand":5,"my_board":[{"card_name":"Acolyte of Pain","card_health":2,"card_attack":1}],"opponent_board":[{"card_name":"Keeper of the Grove","card_health":4,"card_attack":2},{"card_name":"Lorewalker Cho","card_health":4,"card_attack":0}]},{"turn":10,"cards_played":["Death's Bite"],"current_player":"me","my_health":21,"opponent_health":30,"my_armor":0,"opponent_armor":0,"my_hand":7,"opponent_hand":5,"my_board":[{"card_name":"Acolyte of Pain","card_health":2,"card_attack":1}],"opponent_board":[{"card_name":"Lorewalker Cho","card_health":4,"card_attack":0}]},{"turn":11,"cards_played":["Shapeshift"],"current_player":"opponent","my_health":20,"opponent_health":30,"my_armor":0,"opponent_armor":1,"my_hand":7,"opponent_hand":6,"my_board":[{"card_name":"Acolyte of Pain","card_health":2,"card_attack":1}],"opponent_board":[{"card_name":"Lorewalker Cho","card_health":4,"card_attack":0}]},{"turn":12,"cards_played":["Emperor Thaurissan"],"current_player":"me","my_health":20,"opponent_health":30,"my_armor":0,"opponent_armor":0,"my_hand":7,"opponent_hand":6,"my_board":[{"card_name":"Emperor Thaurissan","card_health":5,"card_attack":5},{"card_name":"Acolyte of Pain","card_health":2,"card_attack":1}],"opponent_board":[{"card_name":"Lorewalker Cho","card_health":4,"card_attack":0}]},{"turn":13,"cards_played":["Ancient of Lore"],"current_player":"opponent","my_health":20,"opponent_health":30,"my_armor":0,"opponent_armor":0,"my_hand":7,"opponent_hand":8,"my_board":[{"card_name":"Emperor Thaurissan","card_health":5,"card_attack":5},{"card_name":"Acolyte of Pain","card_health":2,"card_attack":1}],"opponent_board":[{"card_name":"Ancient of Lore","card_health":5,"card_attack":5},{"card_name":"Lorewalker Cho","card_health":4,"card_attack":0}]},{"turn":14,"cards_played":["Fierce Monkey","Armor Up!"],"current_player":"me","my_health":15,"opponent_health":24,"my_armor":2,"opponent_armor":0,"my_hand":7,"opponent_hand":8,"my_board":[{"card_name":"Emperor Thaurissan","card_health":4,"card_attack":5},{"card_name":"Fierce Monkey","card_health":4,"card_attack":3},{"card_name":"Acolyte of Pain","card_health":1,"card_attack":1}],"opponent_board":[{"card_name":"Lorewalker Cho","card_health":3,"card_attack":0}]},{"turn":15,"cards_played":["Wrath","Swipe","Shapeshift"],"current_player":"opponent","my_health":15,"opponent_health":24,"my_armor":0,"opponent_armor":1,"my_hand":9,"opponent_hand":7,"my_board":[],"opponent_board":[{"card_name":"Lorewalker Cho","card_health":3,"card_attack":0}]},{"turn":16,"cards_played":["Wrath","Wrath","Shield Block","Blackwing Corruptor"],"current_player":"me","my_health":15,"opponent_health":24,"my_armor":5,"opponent_armor":1,"my_hand":8,"opponent_hand":8,"my_board":[{"card_name":"Blackwing Corruptor","card_health":4,"card_attack":5}],"opponent_board":[]},{"turn":17,"cards_played":["Emperor Thaurissan","Shapeshift"],"current_player":"opponent","my_health":15,"opponent_health":22,"my_armor":4,"opponent_armor":1,"my_hand":8,"opponent_hand":8,"my_board":[{"card_name":"Blackwing Corruptor","card_health":4,"card_attack":5}],"opponent_board":[{"card_name":"Emperor Thaurissan","card_health":5,"card_attack":5}]},{"turn":18,"cards_played":["Blackwing Corruptor","Bash","Shield Block"],"current_player":"me","my_health":15,"opponent_health":18,"my_armor":12,"opponent_armor":0,"my_hand":7,"opponent_hand":8,"my_board":[{"card_name":"Blackwing Corruptor","card_health":4,"card_attack":5},{"card_name":"Blackwing Corruptor","card_health":4,"card_attack":5}],"opponent_board":[]},{"turn":19,"cards_played":["Wrath","Swipe","Druid of the Claw","Wild Growth","Excess Mana"],"current_player":"opponent","my_health":15,"opponent_health":18,"my_armor":11,"opponent_armor":0,"my_hand":7,"opponent_hand":6,"my_board":[],"opponent_board":[{"card_name":"Druid of the Claw","card_health":6,"card_attack":4}]},{"turn":20,"cards_played":["Revenge","Execute","Alexstrasza"],"current_player":"me","my_health":15,"opponent_health":18,"my_armor":11,"opponent_armor":0,"my_hand":5,"opponent_hand":6,"my_board":[{"card_name":"Alexstrasza","card_health":8,"card_attack":8}],"opponent_board":[]},{"turn":21,"cards_played":["Big Game Hunter","Dr. Boom"],"current_player":"opponent","my_health":15,"opponent_health":15,"my_armor":11,"opponent_armor":0,"my_hand":5,"opponent_hand":5,"my_board":[],"opponent_board":[{"card_name":"Dr. Boom","card_health":7,"card_attack":7},{"card_name":"Big Game Hunter","card_health":2,"card_attack":4},{"card_name":"Boom Bot","card_health":1,"card_attack":1},{"card_name":"Boom Bot","card_health":1,"card_attack":1}]},{"turn":22,"cards_played":["Brawl","Fiery War Axe","Antique Healbot"],"current_player":"me","my_health":15,"opponent_health":15,"my_armor":2,"opponent_armor":0,"my_hand":3,"opponent_hand":5,"my_board":[{"card_name":"Antique Healbot","card_health":3,"card_attack":3}],"opponent_board":[]},{"turn":23,"cards_played":["Piloted Shredder","Darnassus Aspirant","Wrath","Shapeshift"],"current_player":"opponent","my_health":23,"opponent_health":15,"my_armor":1,"opponent_armor":1,"my_hand":3,"opponent_hand":3,"my_board":[],"opponent_board":[{"card_name":"Darnassus Aspirant","card_health":3,"card_attack":2},{"card_name":"Piloted Shredder","card_health":3,"card_attack":4}]},{"turn":24,"cards_played":["Swipe","Execute","Armorsmith","Armor Up!"],"current_player":"me","my_health":20,"opponent_health":15,"my_armor":2,"opponent_armor":0,"my_hand":1,"opponent_hand":3,"my_board":[{"card_name":"Armorsmith","card_health":4,"card_attack":1}],"opponent_board":[]},{"turn":25,"cards_played":["Druid of the Claw","Keeper of the Grove"],"current_player":"opponent","my_health":20,"opponent_health":15,"my_armor":2,"opponent_armor":0,"my_hand":1,"opponent_hand":2,"my_board":[{"card_name":"Armorsmith","card_health":4,"card_attack":1}],"opponent_board":[{"card_name":"Keeper of the Grove","card_health":4,"card_attack":2},{"card_name":"Druid of the Claw","card_health":6,"card_attack":4}]},{"turn":26,"cards_played":["Crush","Twilight Guardian"],"current_player":"me","my_health":20,"opponent_health":14,"my_armor":2,"opponent_armor":0,"my_hand":0,"opponent_hand":2,"my_board":[{"card_name":"Armorsmith","card_health":4,"card_attack":1},{"card_name":"Twilight Guardian","card_health":6,"card_attack":2}],"opponent_board":[{"card_name":"Keeper of the Grove","card_health":4,"card_attack":2}]},{"turn":27,"cards_played":["Force of Nature","Savage Roar","Shapeshift"],"current_player":"opponent","my_health":3,"opponent_health":14,"my_armor":0,"opponent_armor":1,"my_hand":0,"opponent_hand":1,"my_board":[{"card_name":"Armorsmith","card_health":4,"card_attack":1},{"card_name":"Twilight Guardian","card_health":6,"card_attack":2}],"opponent_board":[{"card_name":"Keeper of the Grove","card_health":4,"card_attack":4}]},{"turn":28,"cards_played":["Fiery War Axe","Armor Up!"],"current_player":"me","my_health":1,"opponent_health":13,"my_armor":2,"opponent_armor":0,"my_hand":0,"opponent_hand":1,"my_board":[{"card_name":"Armorsmith","card_health":2,"card_attack":1},{"card_name":"Twilight Guardian","card_health":6,"card_attack":2}],"opponent_board":[]},{"turn":29,"cards_played":["Ancient of Lore","Darnassus Aspirant"],"current_player":"opponent","my_health":1,"opponent_health":13,"my_armor":2,"opponent_armor":0,"my_hand":0,"opponent_hand":2,"my_board":[{"card_name":"Armorsmith","card_health":2,"card_attack":1},{"card_name":"Twilight Guardian","card_health":6,"card_attack":2}],"opponent_board":[{"card_name":"Ancient of Lore","card_health":5,"card_attack":5},{"card_name":"Darnassus Aspirant","card_health":3,"card_attack":2}]},{"turn":30,"cards_played":["Bash","Armor Up!"],"current_player":"me","my_health":1,"opponent_health":12,"my_armor":5,"opponent_armor":0,"my_hand":0,"opponent_hand":2,"my_board":[{"card_name":"Armorsmith","card_health":2,"card_attack":1},{"card_name":"Twilight Guardian","card_health":1,"card_attack":2}],"opponent_board":[]},{"turn":31,"cards_played":["Force of Nature"],"current_player":"opponent","my_health":1,"opponent_health":12,"my_armor":5,"opponent_armor":0,"my_hand":0,"opponent_hand":2,"my_board":[{"card_name":"Armorsmith","card_health":2,"card_attack":1},{"card_name":"Twilight Guardian","card_health":1,"card_attack":2}],"opponent_board":[{"card_name":"Treant","card_health":2,"card_attack":2},{"card_name":"Treant","card_health":2,"card_attack":2},{"card_name":"Treant","card_health":2,"card_attack":2}]}],"result":"defeat"}