{"plays":[{"turn":1,"cards_played":[],"current_player":"me","my_health":0,"opponent_health":0,"my_armor":0,"opponent_armor":0,"my_hand":0,"opponent_hand":1,"my_board":[],"opponent_board":[]},{"turn":2,"cards_played":[],"current_player":"opponent","my_health":30,"opponent_health":30,"my_armor":0,"opponent_armor":0,"my_hand":4,"opponent_hand":6,"my_board":[],"opponent_board":[]},{"turn":3,"cards_played":["Armor Up!"],"current_player":"me","my_health":30,"opponent_health":30,"my_armor":2,"opponent_armor":0,"my_hand":5,"opponent_hand":6,"my_board":[],"opponent_board":[]},{"turn":4,"cards_played":[],"current_player":"opponent","my_health":30,"opponent_health":30,"my_armor":2,"opponent_armor":0,"my_hand":5,"opponent_hand":7,"my_board":[],"opponent_board":[]},{"turn":5,"cards_played":["Acolyte of Pain"],"current_player":"me","my_health":30,"opponent_health":30,"my_armor":2,"opponent_armor":0,"my_hand":5,"opponent_hand":7,"my_board":[{"card_name":"Acolyte of Pain","card_health":3,"card_attack":1}],"opponent_board":[]},{"turn":6,"cards_played":[],"current_player":"opponent","my_health":30,"opponent_health":30,"my_armor":2,"opponent_armor":0,"my_hand":5,"opponent_hand":8,"my_board":[{"card_name":"Acolyte of Pain","card_health":3,"card_attack":1}],"opponent_board":[]},{"turn":7,"cards_played":["Death's Bite"],"current_player":"me","my_health":30,"opponent_health":25,"my_armor":2,"opponent_armor":0,"my_hand":5,"opponent_hand":8,"my_board":[{"card_name":"Acolyte of Pain","card_health":3,"card_attack":1}],"opponent_board":[]},{"turn":8,"cards_played":[],"current_player":"opponent","my_health":30,"opponent_health":25,"my_armor":2,"opponent_armor":0,"my_hand":5,"opponent_hand":9,"my_board":[{"card_name":"Acolyte of Pain","card_health":3,"card_attack":1}],"opponent_board":[]},{"turn":9,"cards_played":["Acolyte of Pain","Armor Up!"],"current_player":"me","my_health":30,"opponent_health":20,"my_armor":4,"opponent_armor":0,"my_hand":7,"opponent_hand":9,"my_board":[{"card_name":"Acolyte of Pain","card_health":2,"card_attack":1},{"card_name":"Acolyte of Pain","card_health":2,"card_attack":1}],"opponent_board":[]},{"turn":10,"cards_played":[],"current_player":"opponent","my_health":30,"opponent_health":20,"my_armor":4,"opponent_armor":0,"my_hand":7,"opponent_hand":10,"my_board":[{"card_name":"Acolyte of Pain","card_health":2,"card_attack":1},{"card_name":"Acolyte of Pain","card_health":2,"card_attack":1}],"opponent_board":[]},{"turn":11,"cards_played":["Gnomish Inventor","Fiery War Axe"],"current_player":"me","my_health":30,"opponent_health":15,"my_armor":4,"opponent_armor":0,"my_hand":7,"opponent_hand":10,"my_board":[{"card_name":"Acolyte of Pain","card_health":2,"card_attack":1},{"card_name":"Acolyte of Pain","card_health":2,"card_attack":1},{"card_name":"Gnomish Inventor","card_health":4,"card_attack":2}],"opponent_board":[]},{"turn":12,"cards_played":[],"current_player":"opponent","my_health":30,"opponent_health":15,"my_armor":4,"opponent_armor":0,"my_hand":7,"opponent_hand":10,"my_board":[{"card_name":"Acolyte of Pain","card_health":2,"card_attack":1},{"card_name":"Acolyte of Pain","card_health":2,"card_attack":1},{"card_name":"Gnomish Inventor","card_health":4,"card_attack":2}],"opponent_board":[]},{"turn":13,"cards_played":["Grim Patron","Inner Rage","Armor Up!"],"current_player":"me","my_health":30,"opponent_health":8,"my_armor":6,"opponent_armor":0,"my_hand":6,"opponent_hand":10,"my_board":[{"card_name":"Grim Patron","card_health":2,"card_attack":5},{"card_name":"Acolyte of Pain","card_health":2,"card_attack":1},{"card_name":"Acolyte of Pain","card_health":2,"card_attack":1},{"card_name":"Gnomish Inventor","card_health":4,"card_attack":2},{"card_name":"Grim Patron","card_health":3,"card_attack":3}],"opponent_board":[]},{"turn":14,"cards_played":[],"current_player":"opponent","my_health":30,"opponent_health":8,"my_armor":6,"opponent_armor":0,"my_hand":6,"opponent_hand":10,"my_board":[{"card_name":"Grim Patron","card_health":2,"card_attack":5},{"card_name":"Acolyte of Pain","card_health":2,"card_attack":1},{"card_name":"Acolyte of Pain","card_health":2,"card_attack":1},{"card_name":"Gnomish Inventor","card_health":4,"card_attack":2},{"card_name":"Grim Patron","card_health":3,"card_attack":3}],"opponent_board":[]},{"turn":15,"cards_played":[],"current_player":"me","my_health":30,"opponent_health":0,"my_armor":6,"opponent_armor":0,"my_hand":7,"opponent_hand":10,"my_board":[{"card_name":"Grim Patron","card_health":2,"card_attack":5},{"card_name":"Acolyte of Pain","card_health":2,"card_attack":1},{"card_name":"Acolyte of Pain","card_health":2,"card_attack":1},{"card_name":"Gnomish Inventor","card_health":4,"card_attack":2},{"card_name":"Grim Patron","card_health":3,"card_attack":3}],"opponent_board":[]}],"result":"victory"}