{"plays":[{"turn":1,"cards_played":[],"current_player":"me","my_health":0,"opponent_health":0,"my_armor":0,"opponent_armor":0,"my_hand":0,"opponent_hand":1,"my_board":[],"opponent_board":[]},{"turn":2,"cards_played":["Mana Wyrm"],"current_player":"opponent","my_health":30,"opponent_health":30,"my_armor":0,"opponent_armor":0,"my_hand":4,"opponent_hand":5,"my_board":[],"opponent_board":[{"card_name":"Mana Wyrm","card_health":3,"card_attack":1}]},{"turn":3,"cards_played":["Slam"],"current_player":"me","my_health":30,"opponent_health":30,"my_armor":0,"opponent_armor":0,"my_hand":5,"opponent_hand":5,"my_board":[],"opponent_board":[{"card_name":"Mana Wyrm","card_health":1,"card_attack":1}]},{"turn":4,"cards_played":["Fireblast","Fireblast"],"current_player":"opponent","my_health":28,"opponent_health":30,"my_armor":0,"opponent_armor":0,"my_hand":5,"opponent_hand":6,"my_board":[],"opponent_board":[{"card_name":"Mana Wyrm","card_health":1,"card_attack":1}]},{"turn":5,"cards_played":["Unstable Ghoul"],"current_player":"me","my_health":28,"opponent_health":30,"my_armor":0,"opponent_armor":0,"my_hand":5,"opponent_hand":6,"my_board":[{"card_name":"Unstable Ghoul","card_health":3,"card_attack":1}],"opponent_board":[{"card_name":"Mana Wyrm","card_health":1,"card_attack":1}]},{"turn":6,"cards_played":["Fireblast","Fireblast"],"current_player":"opponent","my_health":28,"opponent_health":30,"my_armor":0,"opponent_armor":0,"my_hand":5,"opponent_hand":7,"my_board":[{"card_name":"Unstable Ghoul","card_health":2,"card_attack":1}],"opponent_board":[{"card_name":"Mana Wyrm","card_health":1,"card_attack":1}]},{"turn":7,"cards_played":["Acolyte of Pain"],"current_player":"me","my_health":28,"opponent_health":30,"my_armor":0,"opponent_armor":0,"my_hand":5,"opponent_hand":7,"my_board":[{"card_name":"Unstable Ghoul","card_health":1,"card_attack":1},{"card_name":"Acolyte of Pain","card_health":3,"card_attack":1}],"opponent_board":[]},{"turn":8,"cards_played":["Frostbolt","Fireblast"],"current_player":"opponent","my_health":28,"opponent_health":30,"my_armor":0,"opponent_armor":0,"my_hand":6,"opponent_hand":7,"my_board":[],"opponent_board":[]},{"turn":9,"cards_played":["Loatheb"],"current_player":"me","my_health":28,"opponent_health":30,"my_armor":0,"opponent_armor":0,"my_hand":6,"opponent_hand":7,"my_board":[{"card_name":"Loatheb","card_health":5,"card_attack":5}],"opponent_board":[]},{"turn":10,"cards_played":["Ethereal Conjurer"],"current_player":"opponent","my_health":28,"opponent_health":30,"my_armor":0,"opponent_armor":0,"my_hand":6,"opponent_hand":8,"my_board":[{"card_name":"Loatheb","card_health":5,"card_attack":5}],"opponent_board":[{"card_name":"Ethereal Conjurer","card_health":3,"card_attack":6}]},{"turn":11,"cards_played":["Fiery War Axe","Acolyte of Pain"],"current_player":"me","my_health":22,"opponent_health":25,"my_armor":0,"opponent_armor":0,"my_hand":5,"opponent_hand":8,"my_board":[{"card_name":"Acolyte of Pain","card_health":3,"card_attack":1},{"card_name":"Loatheb","card_health":5,"card_attack":5}],"opponent_board":[]},{"turn":12,"cards_played":["Forgotten Torch","Flamewaker","The Coin","Mirror Image"],"current_player":"opponent","my_health":22,"opponent_health":25,"my_armor":0,"opponent_armor":0,"my_hand":6,"opponent_hand":5,"my_board":[{"card_name":"Loatheb","card_health":3,"card_attack":5}],"opponent_board":[{"card_name":"Flamewaker","card_health":4,"card_attack":2},{"card_name":"Mirror Image","card_health":2,"card_attack":0},{"card_name":"Mirror Image","card_health":2,"card_attack":0}]},{"turn":13,"cards_played":["Battle Rage","Armorsmith","Armor Up!"],"current_player":"me","my_health":22,"opponent_health":25,"my_armor":2,"opponent_armor":0,"my_hand":7,"opponent_hand":5,"my_board":[{"card_name":"Armorsmith","card_health":4,"card_attack":1},{"card_name":"Loatheb","card_health":1,"card_attack":5}],"opponent_board":[{"card_name":"Flamewaker","card_health":4,"card_attack":2}]},{"turn":14,"cards_played":["Flamewaker","Arcane Intellect"],"current_player":"opponent","my_health":22,"opponent_health":25,"my_armor":5,"opponent_armor":0,"my_hand":7,"opponent_hand":6,"my_board":[],"opponent_board":[{"card_name":"Flamewaker","card_health":3,"card_attack":2},{"card_name":"Flamewaker","card_health":4,"card_attack":2}]},{"turn":15,"cards_played":["Execute","Death's Bite","Shield Block"],"current_player":"me","my_health":22,"opponent_health":25,"my_armor":8,"opponent_armor":0,"my_hand":6,"opponent_hand":6,"my_board":[],"opponent_board":[]},{"turn":16,"cards_played":["Mad Scientist","Fireblast","Fireblast","Fireball"],"current_player":"opponent","my_health":22,"opponent_health":25,"my_armor":7,"opponent_armor":0,"my_hand":6,"opponent_hand":5,"my_board":[],"opponent_board":[{"card_name":"Mad Scientist","card_health":2,"card_attack":2}]},{"turn":17,"cards_played":["Emperor Thaurissan","Armor Up!"],"current_player":"me","my_health":22,"opponent_health":25,"my_armor":3,"opponent_armor":0,"my_hand":6,"opponent_hand":5,"my_board":[{"card_name":"Emperor Thaurissan","card_health":5,"card_attack":5}],"opponent_board":[{"card_name":"Mad Scientist","card_health":2,"card_attack":2}]},{"turn":18,"cards_played":["Polymorph","Fireblast","Fireblast","Arcane Intellect"],"current_player":"opponent","my_health":22,"opponent_health":25,"my_armor":1,"opponent_armor":0,"my_hand":6,"opponent_hand":6,"my_board":[],"opponent_board":[{"card_name":"Mad Scientist","card_health":2,"card_attack":2}]},{"turn":19,"cards_played":["Unstable Ghoul","Armor Up!"],"current_player":"me","my_health":22,"opponent_health":25,"my_armor":3,"opponent_armor":0,"my_hand":6,"opponent_hand":6,"my_board":[{"card_name":"Unstable Ghoul","card_health":3,"card_attack":1}],"opponent_board":[{"card_name":"Mad Scientist","card_health":2,"card_attack":2}]},{"turn":20,"cards_played":["Frostbolt","Fireblast","Fireblast"],"current_player":"opponent","my_health":22,"opponent_health":25,"my_armor":0,"opponent_armor":0,"my_hand":6,"opponent_hand":5,"my_board":[],"opponent_board":[{"card_name":"Mad Scientist","card_health":1,"card_attack":2}]},{"turn":21,"cards_played":["Grim Patron","Whirlwind","Armor Up!","Fiery War Axe"],"current_player":"me","my_health":19,"opponent_health":25,"my_armor":2,"opponent_armor":0,"my_hand":4,"opponent_hand":5,"my_board":[{"card_name":"Grim Patron","card_health":2,"card_attack":3},{"card_name":"Grim Patron","card_health":3,"card_attack":3}],"opponent_board":[]},{"turn":22,"cards_played":["Azure Drake","Fireblast"],"current_player":"opponent","my_health":19,"opponent_health":25,"my_armor":1,"opponent_armor":0,"my_hand":4,"opponent_hand":5,"my_board":[{"card_name":"Grim Patron","card_health":2,"card_attack":3},{"card_name":"Grim Patron","card_health":3,"card_attack":3}],"opponent_board":[{"card_name":"Azure Drake","card_health":4,"card_attack":4}]},{"turn":23,"cards_played":["Gnomish Inventor","Battle Rage","Slam","Shield Block"],"current_player":"me","my_health":19,"opponent_health":22,"my_armor":2,"opponent_armor":0,"my_hand":7,"opponent_hand":5,"my_board":[{"card_name":"Gnomish Inventor","card_health":4,"card_attack":2},{"card_name":"Grim Patron","card_health":2,"card_attack":3},{"card_name":"Grim Patron","card_health":1,"card_attack":3},{"card_name":"Grim Patron","card_health":3,"card_attack":3}],"opponent_board":[{"card_name":"Gnomish Inventor","card_health":1,"card_attack":2}]},{"turn":24,"cards_played":["Azure Drake","Mad Scientist","Fireblast","Fireblast"],"current_player":"opponent","my_health":19,"opponent_health":22,"my_armor":2,"opponent_armor":0,"my_hand":7,"opponent_hand":5,"my_board":[{"card_name":"Gnomish Inventor","card_health":4,"card_attack":2},{"card_name":"Grim Patron","card_health":3,"card_attack":3}],"opponent_board":[{"card_name":"Azure Drake","card_health":4,"card_attack":4},{"card_name":"Mad Scientist","card_health":2,"card_attack":2}]},{"turn":25,"cards_played":["Death's Bite","Armor Up!"],"current_player":"me","my_health":17,"opponent_health":20,"my_armor":2,"opponent_armor":0,"my_hand":7,"opponent_hand":5,"my_board":[{"card_name":"Gnomish Inventor","card_health":4,"card_attack":2},{"card_name":"Grim Patron","card_health":1,"card_attack":3},{"card_name":"Grim Patron","card_health":3,"card_attack":3}],"opponent_board":[]},{"turn":26,"cards_played":["Fireblast","Fireblast"],"current_player":"opponent","my_health":17,"opponent_health":20,"my_armor":2,"opponent_armor":0,"my_hand":7,"opponent_hand":6,"my_board":[{"card_name":"Gnomish Inventor","card_health":4,"card_attack":2},{"card_name":"Grim Patron","card_health":3,"card_attack":3}],"opponent_board":[]},{"turn":27,"cards_played":["Whirlwind","Armor Up!"],"current_player":"me","my_health":17,"opponent_health":15,"my_armor":4,"opponent_armor":0,"my_hand":7,"opponent_hand":6,"my_board":[{"card_name":"Gnomish Inventor","card_health":4,"card_attack":2},{"card_name":"Grim Patron","card_health":3,"card_attack":3}],"opponent_board":[]},{"turn":28,"cards_played":["Mana Wyrm","Sorcerer's Apprentice","Flamestrike"],"current_player":"opponent","my_health":17,"opponent_health":15,"my_armor":4,"opponent_armor":0,"my_hand":7,"opponent_hand":4,"my_board":[],"opponent_board":[{"card_name":"Mana Wyrm","card_health":3,"card_attack":2},{"card_name":"Sorcerer's Apprentice","card_health":2,"card_attack":3}]},{"turn":29,"cards_played":["Raging Worgen","Charge","Inner Rage","Rampage","Inner Rage"],"current_player":"me","my_health":17,"opponent_health":-11,"my_armor":4,"opponent_armor":0,"my_hand":3,"opponent_hand":4,"my_board":[{"card_name":"Raging Worgen","card_health":4,"card_attack":13}],"opponent_board":[{"card_name":"Mana Wyrm","card_health":3,"card_attack":2},{"card_name":"Sorcerer's Apprentice","card_health":2,"card_attack":3}]}],"result":"victory"}