{"plays":[{"turn":1,"cards_played":[],"current_player":"opponent","my_health":30,"opponent_health":0,"my_armor":0,"opponent_armor":0,"my_hand":1,"opponent_hand":0,"my_board":[],"opponent_board":[]},{"turn":2,"cards_played":[],"current_player":"me","my_health":30,"opponent_health":30,"my_armor":0,"opponent_armor":0,"my_hand":6,"opponent_hand":4,"my_board":[],"opponent_board":[]},{"turn":3,"cards_played":["Armor Up!"],"current_player":"opponent","my_health":30,"opponent_health":30,"my_armor":0,"opponent_armor":2,"my_hand":6,"opponent_hand":5,"my_board":[],"opponent_board":[]},{"turn":4,"cards_played":["Armor Up!"],"current_player":"me","my_health":30,"opponent_health":30,"my_armor":2,"opponent_armor":2,"my_hand":7,"opponent_hand":5,"my_board":[],"opponent_board":[]},{"turn":5,"cards_played":["Armor Up!"],"current_player":"opponent","my_health":30,"opponent_health":30,"my_armor":2,"opponent_armor":4,"my_hand":7,"opponent_hand":6,"my_board":[],"opponent_board":[]},{"turn":6,"cards_played":["Shield Block"],"current_player":"me","my_health":30,"opponent_health":30,"my_armor":7,"opponent_armor":4,"my_hand":8,"opponent_hand":6,"my_board":[],"opponent_board":[]},{"turn":7,"cards_played":["Armor Up!"],"current_player":"opponent","my_health":30,"opponent_health":30,"my_armor":7,"opponent_armor":6,"my_hand":8,"opponent_hand":7,"my_board":[],"opponent_board":[]},{"turn":8,"cards_played":["Death's Bite"],"current_player":"me","my_health":30,"opponent_health":30,"my_armor":7,"opponent_armor":2,"my_hand":8,"opponent_hand":7,"my_board":[],"opponent_board":[]},{"turn":9,"cards_played":["Acolyte of Pain","Cruel Taskmaster"],"current_player":"opponent","my_health":30,"opponent_health":30,"my_armor":7,"opponent_armor":2,"my_hand":8,"opponent_hand":7,"my_board":[],"opponent_board":[{"card_name":"Acolyte of Pain","card_health":2,"card_attack":1},{"card_name":"Cruel Taskmaster","card_health":2,"card_attack":2}]},{"turn":10,"cards_played":["Acolyte of Pain","Cruel Taskmaster"],"current_player":"me","my_health":30,"opponent_health":30,"my_armor":4,"opponent_armor":2,"my_hand":8,"opponent_hand":8,"my_board":[{"card_name":"Cruel Taskmaster","card_health":2,"card_attack":2},{"card_name":"Acolyte of Pain","card_health":2,"card_attack":1}],"opponent_board":[]},{"turn":11,"cards_played":["Grim Patron","Inner Rage","Whirlwind"],"current_player":"opponent","my_health":30,"opponent_health":30,"my_armor":4,"opponent_armor":2,"my_hand":9,"opponent_hand":6,"my_board":[{"card_name":"Cruel Taskmaster","card_health":1,"card_attack":2},{"card_name":"Acolyte of Pain","card_health":1,"card_attack":1}],"opponent_board":[{"card_name":"Grim Patron","card_health":1,"card_attack":5},{"card_name":"Grim Patron","card_health":2,"card_attack":3},{"card_name":"Grim Patron","card_health":3,"card_attack":3},{"card_name":"Grim Patron","card_health":3,"card_attack":3}]},{"turn":12,"cards_played":["Armorsmith","Acolyte of Pain"],"current_player":"me","my_health":30,"opponent_health":30,"my_armor":6,"opponent_armor":2,"my_hand":9,"opponent_hand":6,"my_board":[{"card_name":"Acolyte of Pain","card_health":3,"card_attack":1},{"card_name":"Armorsmith","card_health":4,"card_attack":1}],"opponent_board":[{"card_name":"Grim Patron","card_health":3,"card_attack":3},{"card_name":"Grim Patron","card_health":3,"card_attack":3}]},{"turn":13,"cards_played":["Warsong Commander","Battle Rage","Armor Up!","Inner Rage"],"current_player":"opponent","my_health":27,"opponent_health":30,"my_armor":0,"opponent_armor":4,"my_hand":10,"opponent_hand":7,"my_board":[],"opponent_board":[{"card_name":"Warsong Commander","card_health":3,"card_attack":2},{"card_name":"Grim Patron","card_health":2,"card_attack":3},{"card_name":"Grim Patron","card_health":2,"card_attack":3},{"card_name":"Grim Patron","card_health":2,"card_attack":3},{"card_name":"Grim Patron","card_health":3,"card_attack":3},{"card_name":"Grim Patron","card_health":2,"card_attack":5},{"card_name":"Grim Patron","card_health":3,"card_attack":3}]},{"turn":14,"cards_played":["Death's Bite","Slam"],"current_player":"me","my_health":27,"opponent_health":30,"my_armor":0,"opponent_armor":0,"my_hand":9,"opponent_hand":7,"my_board":[],"opponent_board":[{"card_name":"Warsong Commander","card_health":3,"card_attack":2},{"card_name":"Grim Patron","card_health":2,"card_attack":3},{"card_name":"Grim Patron","card_health":2,"card_attack":3},{"card_name":"Grim Patron","card_health":2,"card_attack":3},{"card_name":"Grim Patron","card_health":3,"card_attack":3},{"card_name":"Grim Patron","card_health":2,"card_attack":5},{"card_name":"Grim Patron","card_health":1,"card_attack":3}]},{"turn":15,"cards_played":["Slam","Emperor Thaurissan"],"current_player":"opponent","my_health":5,"opponent_health":30,"my_armor":0,"opponent_armor":0,"my_hand":9,"opponent_hand":6,"my_board":[],"opponent_board":[{"card_name":"Emperor Thaurissan","card_health":5,"card_attack":5},{"card_name":"Warsong Commander","card_health":3,"card_attack":2},{"card_name":"Grim Patron","card_health":2,"card_attack":3},{"card_name":"Grim Patron","card_health":2,"card_attack":3},{"card_name":"Grim Patron","card_health":2,"card_attack":3},{"card_name":"Grim Patron","card_health":3,"card_attack":3},{"card_name":"Grim Patron","card_health":2,"card_attack":5}]},{"turn":16,"cards_played":["Warsong Commander","Frothing Berserker","Whirlwind","Inner Rage","Inner Rage","The Coin","Slam"],"current_player":"me","my_health":5,"opponent_health":1,"my_armor":0,"opponent_armor":0,"my_hand":3,"opponent_hand":6,"my_board":[{"card_name":"Frothing Berserker","card_health":1,"card_attack":25},{"card_name":"Warsong Commander","card_health":1,"card_attack":2}],"opponent_board":[{"card_name":"Warsong Commander","card_health":1,"card_attack":2},{"card_name":"Grim Patron","card_health":1,"card_attack":3}]},{"turn":17,"cards_played":["Death's Bite","Armor Up!"],"current_player":"opponent","my_health":5,"opponent_health":1,"my_armor":0,"opponent_armor":2,"my_hand":3,"opponent_hand":6,"my_board":[{"card_name":"Frothing Berserker","card_health":1,"card_attack":25},{"card_name":"Warsong Commander","card_health":1,"card_attack":2}],"opponent_board":[{"card_name":"Warsong Commander","card_health":1,"card_attack":2},{"card_name":"Grim Patron","card_health":1,"card_attack":3}]}],"result":"defeat"}