{"plays":[{"turn":1,"cards_played":[],"current_player":"me","my_health":0,"opponent_health":0,"my_armor":0,"opponent_armor":0,"my_hand":0,"opponent_hand":1,"my_board":[],"opponent_board":[]},{"turn":2,"cards_played":["The Coin","Knife Juggler"],"current_player":"opponent","my_health":30,"opponent_health":30,"my_armor":0,"opponent_armor":0,"my_hand":4,"opponent_hand":4,"my_board":[],"opponent_board":[{"card_name":"Knife Juggler","card_health":2,"card_attack":3}]},{"turn":3,"cards_played":["Slam"],"current_player":"me","my_health":30,"opponent_health":30,"my_armor":0,"opponent_armor":0,"my_hand":4,"opponent_hand":4,"my_board":[],"opponent_board":[]},{"turn":4,"cards_played":["Steady Shot"],"current_player":"opponent","my_health":28,"opponent_health":30,"my_armor":0,"opponent_armor":0,"my_hand":4,"opponent_hand":5,"my_board":[],"opponent_board":[]},{"turn":5,"cards_played":["Acolyte of Pain"],"current_player":"me","my_health":28,"opponent_health":30,"my_armor":0,"opponent_armor":0,"my_hand":4,"opponent_hand":5,"my_board":[{"card_name":"Acolyte of Pain","card_health":3,"card_attack":1}],"opponent_board":[]},{"turn":6,"cards_played":["Wolfrider"],"current_player":"opponent","my_health":25,"opponent_health":30,"my_armor":0,"opponent_armor":0,"my_hand":4,"opponent_hand":5,"my_board":[{"card_name":"Acolyte of Pain","card_health":3,"card_attack":1}],"opponent_board":[{"card_name":"Wolfrider","card_health":1,"card_attack":3}]},{"turn":7,"cards_played":["Cruel Taskmaster","Armor Up!"],"current_player":"me","my_health":25,"opponent_health":29,"my_armor":2,"opponent_armor":0,"my_hand":4,"opponent_hand":5,"my_board":[{"card_name":"Acolyte of Pain","card_health":3,"card_attack":1},{"card_name":"Cruel Taskmaster","card_health":2,"card_attack":2}],"opponent_board":[]},{"turn":8,"cards_played":["Knife Juggler","Glaivezooka"],"current_player":"opponent","my_health":25,"opponent_health":29,"my_armor":0,"opponent_armor":0,"my_hand":4,"opponent_hand":4,"my_board":[{"card_name":"Acolyte of Pain","card_health":3,"card_attack":1},{"card_name":"Cruel Taskmaster","card_health":2,"card_attack":2}],"opponent_board":[{"card_name":"Knife Juggler","card_health":2,"card_attack":4}]},{"turn":9,"cards_played":["Raging Worgen","Armor Up!"],"current_player":"me","my_health":25,"opponent_health":28,"my_armor":2,"opponent_armor":0,"my_hand":4,"opponent_hand":4,"my_board":[{"card_name":"Acolyte of Pain","card_health":3,"card_attack":1},{"card_name":"Raging Worgen","card_health":3,"card_attack":3}],"opponent_board":[]},{"turn":10,"cards_played":["Animal Companion","Steady Shot"],"current_player":"opponent","my_health":23,"opponent_health":28,"my_armor":0,"opponent_armor":0,"my_hand":4,"opponent_hand":4,"my_board":[{"card_name":"Acolyte of Pain","card_health":3,"card_attack":1},{"card_name":"Raging Worgen","card_health":3,"card_attack":3}],"opponent_board":[{"card_name":"Leokk","card_health":4,"card_attack":2}]},{"turn":11,"cards_played":["Inner Rage","Rampage","Battle Rage","Unstable Ghoul"],"current_player":"me","my_health":23,"opponent_health":18,"my_armor":0,"opponent_armor":0,"my_hand":3,"opponent_hand":4,"my_board":[{"card_name":"Acolyte of Pain","card_health":3,"card_attack":1},{"card_name":"Raging Worgen","card_health":3,"card_attack":9},{"card_name":"Unstable Ghoul","card_health":3,"card_attack":1}],"opponent_board":[]},{"turn":12,"cards_played":["Ironbeak Owl","Animal Companion"],"current_player":"opponent","my_health":23,"opponent_health":18,"my_armor":0,"opponent_armor":0,"my_hand":4,"opponent_hand":3,"my_board":[{"card_name":"Acolyte of Pain","card_health":2,"card_attack":1},{"card_name":"Raging Worgen","card_health":2,"card_attack":3}],"opponent_board":[]},{"turn":13,"cards_played":["Acolyte of Pain","Armor Up!"],"current_player":"me","my_health":23,"opponent_health":14,"my_armor":2,"opponent_armor":0,"my_hand":4,"opponent_hand":3,"my_board":[{"card_name":"Acolyte of Pain","card_health":2,"card_attack":1},{"card_name":"Raging Worgen","card_health":2,"card_attack":3},{"card_name":"Acolyte of Pain","card_health":3,"card_attack":1}],"opponent_board":[]},{"turn":14,"cards_played":["Unleash the Hounds","Arcane Golem"],"current_player":"opponent","my_health":18,"opponent_health":14,"my_armor":0,"opponent_armor":0,"my_hand":4,"opponent_hand":2,"my_board":[{"card_name":"Acolyte of Pain","card_health":2,"card_attack":1},{"card_name":"Raging Worgen","card_health":2,"card_attack":3},{"card_name":"Acolyte of Pain","card_health":3,"card_attack":1}],"opponent_board":[{"card_name":"Arcane Golem","card_health":2,"card_attack":4},{"card_name":"Hound","card_health":1,"card_attack":1},{"card_name":"Hound","card_health":1,"card_attack":1},{"card_name":"Hound","card_health":1,"card_attack":1}]},{"turn":15,"cards_played":["Whirlwind","Emperor Thaurissan","Armor Up!"],"current_player":"me","my_health":18,"opponent_health":10,"my_armor":2,"opponent_armor":0,"my_hand":6,"opponent_hand":2,"my_board":[{"card_name":"Emperor Thaurissan","card_health":5,"card_attack":5},{"card_name":"Raging Worgen","card_health":1,"card_attack":3},{"card_name":"Acolyte of Pain","card_health":2,"card_attack":1}],"opponent_board":[]},{"turn":16,"cards_played":["Eaglehorn Bow","Abusive Sergeant","Quick Shot","Steady Shot"],"current_player":"opponent","my_health":12,"opponent_health":10,"my_armor":0,"opponent_armor":0,"my_hand":6,"opponent_hand":1,"my_board":[{"card_name":"Emperor Thaurissan","card_health":5,"card_attack":7},{"card_name":"Raging Worgen","card_health":1,"card_attack":3},{"card_name":"Acolyte of Pain","card_health":2,"card_attack":1}],"opponent_board":[{"card_name":"Abusive Sergeant","card_health":1,"card_attack":2}]},{"turn":17,"cards_played":["Slam","Battle Rage","Armorsmith","Charge","Inner Rage","Death's Bite"],"current_player":"me","my_health":12,"opponent_health":0,"my_armor":1,"opponent_armor":0,"my_hand":6,"opponent_hand":1,"my_board":[{"card_name":"Emperor Thaurissan","card_health":3,"card_attack":5},{"card_name":"Raging Worgen","card_health":1,"card_attack":3},{"card_name":"Armorsmith","card_health":3,"card_attack":5},{"card_name":"Acolyte of Pain","card_health":2,"card_attack":1}],"opponent_board":[{"card_name":"Abusive Sergeant","card_health":1,"card_attack":2}]}],"result":"victory"}