{"plays":[{"turn":1,"cards_played":[],"current_player":"me","my_health":0,"opponent_health":0,"my_armor":0,"opponent_armor":0,"my_hand":0,"opponent_hand":1,"my_board":[],"opponent_board":[]},{"turn":2,"cards_played":["Twilight Whelp","The Coin","Fiery War Axe"],"current_player":"me","my_health":28,"opponent_health":30,"my_armor":0,"opponent_armor":0,"my_hand":4,"opponent_hand":3,"my_board":[],"opponent_board":[]},{"turn":3,"cards_played":["Lesser Heal","Lesser Heal"],"current_player":"opponent","my_health":28,"opponent_health":30,"my_armor":0,"opponent_armor":0,"my_hand":4,"opponent_hand":4,"my_board":[],"opponent_board":[]},{"turn":4,"cards_played":["Armor Up!"],"current_player":"me","my_health":28,"opponent_health":30,"my_armor":2,"opponent_armor":0,"my_hand":5,"opponent_hand":4,"my_board":[],"opponent_board":[]},{"turn":5,"cards_played":["Lesser Heal"],"current_player":"opponent","my_health":28,"opponent_health":30,"my_armor":2,"opponent_armor":0,"my_hand":5,"opponent_hand":5,"my_board":[],"opponent_board":[]},{"turn":6,"cards_played":["Frothing Berserker"],"current_player":"me","my_health":28,"opponent_health":30,"my_armor":2,"opponent_armor":0,"my_hand":5,"opponent_hand":5,"my_board":[{"card_name":"Frothing Berserker","card_health":4,"card_attack":2}],"opponent_board":[]},{"turn":7,"cards_played":["Midnight Drake"],"current_player":"opponent","my_health":28,"opponent_health":30,"my_armor":2,"opponent_armor":0,"my_hand":5,"opponent_hand":5,"my_board":[{"card_name":"Frothing Berserker","card_health":4,"card_attack":2}],"opponent_board":[{"card_name":"Midnight Drake","card_health":4,"card_attack":1}]},{"turn":8,"cards_played":["Blood To Ichor","Frothing Berserker"],"current_player":"me","my_health":24,"opponent_health":26,"my_armor":0,"opponent_armor":0,"my_hand":4,"opponent_hand":5,"my_board":[{"card_name":"Frothing Berserker","card_health":4,"card_attack":4},{"card_name":"Frothing Berserker","card_health":4,"card_attack":3},{"card_name":"Slime","card_health":2,"card_attack":2}],"opponent_board":[]},{"turn":9,"cards_played":["Midnight Drake"],"current_player":"opponent","my_health":24,"opponent_health":26,"my_armor":0,"opponent_armor":0,"my_hand":4,"opponent_hand":5,"my_board":[{"card_name":"Frothing Berserker","card_health":4,"card_attack":4},{"card_name":"Frothing Berserker","card_health":4,"card_attack":3},{"card_name":"Slime","card_health":2,"card_attack":2}],"opponent_board":[{"card_name":"Midnight Drake","card_health":4,"card_attack":1}]},{"turn":10,"cards_played":["Slam","Armor Up!"],"current_player":"me","my_health":24,"opponent_health":13,"my_armor":2,"opponent_armor":0,"my_hand":5,"opponent_hand":5,"my_board":[{"card_name":"Frothing Berserker","card_health":4,"card_attack":7},{"card_name":"Frothing Berserker","card_health":4,"card_attack":6}],"opponent_board":[]},{"turn":11,"cards_played":["Holy Fire"],"current_player":"opponent","my_health":24,"opponent_health":18,"my_armor":2,"opponent_armor":0,"my_hand":5,"opponent_hand":5,"my_board":[{"card_name":"Frothing Berserker","card_health":4,"card_attack":7}],"opponent_board":[]},{"turn":12,"cards_played":["Kor'kron Elite","Armor Up!"],"current_player":"me","my_health":24,"opponent_health":7,"my_armor":4,"opponent_armor":0,"my_hand":5,"opponent_hand":5,"my_board":[{"card_name":"Kor'kron Elite","card_health":3,"card_attack":4},{"card_name":"Frothing Berserker","card_health":4,"card_attack":7}],"opponent_board":[]},{"turn":13,"cards_played":["Blackwing Corruptor","Lesser Heal"],"current_player":"opponent","my_health":24,"opponent_health":9,"my_armor":4,"opponent_armor":0,"my_hand":5,"opponent_hand":5,"my_board":[{"card_name":"Frothing Berserker","card_health":4,"card_attack":8}],"opponent_board":[{"card_name":"Blackwing Corruptor","card_health":4,"card_attack":5}]},{"turn":14,"cards_played":["Kor'kron Elite"],"current_player":"me","my_health":24,"opponent_health":-3,"my_armor":4,"opponent_armor":0,"my_hand":5,"opponent_hand":5,"my_board":[{"card_name":"Kor'kron Elite","card_health":3,"card_attack":4},{"card_name":"Frothing Berserker","card_health":4,"card_attack":8}],"opponent_board":[{"card_name":"Blackwing Corruptor","card_health":4,"card_attack":5}]}],"result":"victory"}