{"plays":[{"turn":1,"cards_played":[],"current_player":"me","my_health":0,"opponent_health":0,"my_armor":0,"opponent_armor":0,"my_hand":0,"opponent_hand":1,"my_board":[],"opponent_board":[]},{"turn":2,"cards_played":["The Coin","Unstable Ghoul"],"current_player":"me","my_health":30,"opponent_health":30,"my_armor":0,"opponent_armor":0,"my_hand":4,"opponent_hand":3,"my_board":[{"card_name":"Unstable Ghoul","card_health":3,"card_attack":1}],"opponent_board":[]},{"turn":3,"cards_played":["Reinforce"],"current_player":"opponent","my_health":30,"opponent_health":30,"my_armor":0,"opponent_armor":0,"my_hand":4,"opponent_hand":4,"my_board":[{"card_name":"Unstable Ghoul","card_health":3,"card_attack":1}],"opponent_board":[{"card_name":"Silver Hand Recruit","card_health":1,"card_attack":1}]},{"turn":4,"cards_played":["Cruel Taskmaster"],"current_player":"me","my_health":30,"opponent_health":29,"my_armor":0,"opponent_armor":0,"my_hand":4,"opponent_hand":4,"my_board":[{"card_name":"Cruel Taskmaster","card_health":2,"card_attack":2},{"card_name":"Unstable Ghoul","card_health":3,"card_attack":1}],"opponent_board":[]},{"turn":5,"cards_played":["Reinforce"],"current_player":"opponent","my_health":30,"opponent_health":29,"my_armor":0,"opponent_armor":0,"my_hand":4,"opponent_hand":5,"my_board":[{"card_name":"Cruel Taskmaster","card_health":2,"card_attack":2},{"card_name":"Unstable Ghoul","card_health":3,"card_attack":1}],"opponent_board":[{"card_name":"Silver Hand Recruit","card_health":1,"card_attack":1}]},{"turn":6,"cards_played":["Acolyte of Pain"],"current_player":"me","my_health":30,"opponent_health":28,"my_armor":0,"opponent_armor":0,"my_hand":4,"opponent_hand":5,"my_board":[{"card_name":"Cruel Taskmaster","card_health":1,"card_attack":2},{"card_name":"Unstable Ghoul","card_health":3,"card_attack":1},{"card_name":"Acolyte of Pain","card_health":3,"card_attack":1}],"opponent_board":[]},{"turn":7,"cards_played":["Piloted Shredder"],"current_player":"opponent","my_health":30,"opponent_health":28,"my_armor":0,"opponent_armor":0,"my_hand":4,"opponent_hand":5,"my_board":[{"card_name":"Cruel Taskmaster","card_health":1,"card_attack":2},{"card_name":"Unstable Ghoul","card_health":3,"card_attack":1},{"card_name":"Acolyte of Pain","card_health":3,"card_attack":1}],"opponent_board":[{"card_name":"Piloted Shredder","card_health":3,"card_attack":4}]},{"turn":8,"cards_played":["Slam","Armor Up!"],"current_player":"me","my_health":30,"opponent_health":27,"my_armor":2,"opponent_armor":0,"my_hand":6,"opponent_hand":5,"my_board":[{"card_name":"Unstable Ghoul","card_health":3,"card_attack":1},{"card_name":"Acolyte of Pain","card_health":2,"card_attack":1}],"opponent_board":[]},{"turn":9,"cards_played":["Sludge Belcher"],"current_player":"opponent","my_health":30,"opponent_health":27,"my_armor":2,"opponent_armor":0,"my_hand":6,"opponent_hand":5,"my_board":[{"card_name":"Unstable Ghoul","card_health":3,"card_attack":1},{"card_name":"Acolyte of Pain","card_health":2,"card_attack":1}],"opponent_board":[{"card_name":"Sludge Belcher","card_health":5,"card_attack":3}]},{"turn":10,"cards_played":["Armorsmith","Shield Block"],"current_player":"me","my_health":30,"opponent_health":27,"my_armor":7,"opponent_armor":0,"my_hand":6,"opponent_hand":5,"my_board":[{"card_name":"Unstable Ghoul","card_health":3,"card_attack":1},{"card_name":"Acolyte of Pain","card_health":2,"card_attack":1},{"card_name":"Armorsmith","card_health":4,"card_attack":1}],"opponent_board":[{"card_name":"Sludge Belcher","card_health":5,"card_attack":3}]},{"turn":11,"cards_played":["Mysterious Challenger"],"current_player":"opponent","my_health":30,"opponent_health":27,"my_armor":10,"opponent_armor":0,"my_hand":7,"opponent_hand":5,"my_board":[{"card_name":"Acolyte of Pain","card_health":1,"card_attack":1},{"card_name":"Armorsmith","card_health":3,"card_attack":1}],"opponent_board":[{"card_name":"Sludge Belcher","card_health":3,"card_attack":3},{"card_name":"Mysterious Challenger","card_health":6,"card_attack":6}]},{"turn":12,"cards_played":["Slam","Fiery War Axe","Unstable Ghoul"],"current_player":"me","my_health":30,"opponent_health":27,"my_armor":5,"opponent_armor":0,"my_hand":7,"opponent_hand":5,"my_board":[{"card_name":"Unstable Ghoul","card_health":3,"card_attack":1},{"card_name":"Armorsmith","card_health":3,"card_attack":1}],"opponent_board":[{"card_name":"Mysterious Challenger","card_health":6,"card_attack":6},{"card_name":"Defender","card_health":1,"card_attack":2},{"card_name":"Slime","card_health":2,"card_attack":1}]},{"turn":13,"cards_played":["Muster for Battle","Haunted Creeper"],"current_player":"opponent","my_health":26,"opponent_health":27,"my_armor":0,"opponent_armor":0,"my_hand":7,"opponent_hand":4,"my_board":[{"card_name":"Armorsmith","card_health":2,"card_attack":1}],"opponent_board":[{"card_name":"Haunted Creeper","card_health":2,"card_attack":1},{"card_name":"Mysterious Challenger","card_health":6,"card_attack":7},{"card_name":"Defender","card_health":1,"card_attack":3},{"card_name":"Slime","card_health":1,"card_attack":2},{"card_name":"Silver Hand Recruit","card_health":1,"card_attack":1},{"card_name":"Silver Hand Recruit","card_health":1,"card_attack":1},{"card_name":"Silver Hand Recruit","card_health":1,"card_attack":1}]},{"turn":14,"cards_played":["Acolyte of Pain","Gnomish Inventor"],"current_player":"me","my_health":24,"opponent_health":27,"my_armor":1,"opponent_armor":0,"my_hand":7,"opponent_hand":4,"my_board":[{"card_name":"Armorsmith","card_health":1,"card_attack":1},{"card_name":"Acolyte of Pain","card_health":3,"card_attack":1},{"card_name":"Gnomish Inventor","card_health":4,"card_attack":2}],"opponent_board":[{"card_name":"Haunted Creeper","card_health":2,"card_attack":1},{"card_name":"Mysterious Challenger","card_health":6,"card_attack":7},{"card_name":"Defender","card_health":1,"card_attack":3},{"card_name":"Silver Hand Recruit","card_health":1,"card_attack":1},{"card_name":"Silver Hand Recruit","card_health":1,"card_attack":1}]},{"turn":15,"cards_played":["Keeper of Uldaman","Divine Favor"],"current_player":"opponent","my_health":14,"opponent_health":26,"my_armor":0,"opponent_armor":0,"my_hand":8,"opponent_hand":7,"my_board":[{"card_name":"Gnomish Inventor","card_health":4,"card_attack":2}],"opponent_board":[{"card_name":"Keeper of Uldaman","card_health":4,"card_attack":3},{"card_name":"Haunted Creeper","card_health":2,"card_attack":1},{"card_name":"Mysterious Challenger","card_health":6,"card_attack":7},{"card_name":"Defender","card_health":1,"card_attack":3},{"card_name":"Silver Hand Recruit","card_health":1,"card_attack":1},{"card_name":"Silver Hand Recruit","card_health":2,"card_attack":3}]},{"turn":16,"cards_played":["Shield Block","Execute","Whirlwind","Fiery War Axe","Inner Rage"],"current_player":"me","my_health":14,"opponent_health":26,"my_armor":2,"opponent_armor":0,"my_hand":5,"opponent_hand":7,"my_board":[{"card_name":"Gnomish Inventor","card_health":2,"card_attack":2}],"opponent_board":[]},{"turn":17,"cards_played":["Tirion Fordring"],"current_player":"opponent","my_health":14,"opponent_health":26,"my_armor":1,"opponent_armor":0,"my_hand":5,"opponent_hand":6,"my_board":[{"card_name":"Gnomish Inventor","card_health":2,"card_attack":2}],"opponent_board":[{"card_name":"Tirion Fordring","card_health":6,"card_attack":6}]},{"turn":18,"cards_played":["Grim Patron","Whirlwind","Battle Rage"],"current_player":"me","my_health":14,"opponent_health":26,"my_armor":1,"opponent_armor":0,"my_hand":6,"opponent_hand":6,"my_board":[{"card_name":"Grim Patron","card_health":2,"card_attack":3},{"card_name":"Gnomish Inventor","card_health":1,"card_attack":2},{"card_name":"Grim Patron","card_health":3,"card_attack":3}],"opponent_board":[{"card_name":"Tirion Fordring","card_health":6,"card_attack":6}]},{"turn":19,"cards_played":["Blessing of Kings","Truesilver Champion","Shielded Minibot"],"current_player":"opponent","my_health":1,"opponent_health":28,"my_armor":0,"opponent_armor":0,"my_hand":6,"opponent_hand":4,"my_board":[{"card_name":"Grim Patron","card_health":2,"card_attack":3},{"card_name":"Gnomish Inventor","card_health":1,"card_attack":2},{"card_name":"Grim Patron","card_health":3,"card_attack":3}],"opponent_board":[{"card_name":"Shielded Minibot","card_health":2,"card_attack":2},{"card_name":"Tirion Fordring","card_health":10,"card_attack":10}]},{"turn":20,"cards_played":["Battle Rage","Execute","Raging Worgen","Charge","Inner Rage"],"current_player":"me","my_health":1,"opponent_health":12,"my_armor":0,"opponent_armor":0,"my_hand":6,"opponent_hand":4,"my_board":[{"card_name":"Raging Worgen","card_health":2,"card_attack":8},{"card_name":"Grim Patron","card_health":2,"card_attack":3},{"card_name":"Grim Patron","card_health":1,"card_attack":3},{"card_name":"Grim Patron","card_health":3,"card_attack":3}],"opponent_board":[{"card_name":"Shielded Minibot","card_health":2,"card_attack":2}]},{"turn":21,"cards_played":[],"current_player":"opponent","my_health":1,"opponent_health":12,"my_armor":0,"opponent_armor":0,"my_hand":6,"opponent_hand":5,"my_board":[{"card_name":"Raging Worgen","card_health":2,"card_attack":8},{"card_name":"Grim Patron","card_health":2,"card_attack":3},{"card_name":"Grim Patron","card_health":1,"card_attack":3},{"card_name":"Grim Patron","card_health":3,"card_attack":3}],"opponent_board":[{"card_name":"Shielded Minibot","card_health":2,"card_attack":2}]}],"result":"defeat"}