{"plays":[{"turn":1,"cards_played":[],"current_player":"me","my_health":0,"opponent_health":0,"my_armor":0,"opponent_armor":0,"my_hand":0,"opponent_hand":1,"my_board":[],"opponent_board":[]},{"turn":2,"cards_played":[],"current_player":"me","my_health":30,"opponent_health":30,"my_armor":0,"opponent_armor":0,"my_hand":6,"opponent_hand":4,"my_board":[],"opponent_board":[]},{"turn":3,"cards_played":["Mad Scientist"],"current_player":"opponent","my_health":30,"opponent_health":30,"my_armor":0,"opponent_armor":0,"my_hand":6,"opponent_hand":4,"my_board":[],"opponent_board":[{"card_name":"Mad Scientist","card_health":2,"card_attack":2}]},{"turn":4,"cards_played":["Fiery War Axe"],"current_player":"me","my_health":28,"opponent_health":30,"my_armor":0,"opponent_armor":0,"my_hand":6,"opponent_hand":4,"my_board":[],"opponent_board":[]},{"turn":5,"cards_played":["Steady Shot"],"current_player":"opponent","my_health":26,"opponent_health":30,"my_armor":0,"opponent_armor":0,"my_hand":6,"opponent_hand":5,"my_board":[],"opponent_board":[]},{"turn":6,"cards_played":["Armor Up!"],"current_player":"me","my_health":26,"opponent_health":30,"my_armor":2,"opponent_armor":0,"my_hand":7,"opponent_hand":5,"my_board":[],"opponent_board":[]},{"turn":7,"cards_played":["Eaglehorn Bow"],"current_player":"opponent","my_health":25,"opponent_health":30,"my_armor":0,"opponent_armor":0,"my_hand":7,"opponent_hand":5,"my_board":[],"opponent_board":[]},{"turn":8,"cards_played":["Twilight Guardian"],"current_player":"me","my_health":25,"opponent_health":30,"my_armor":0,"opponent_armor":0,"my_hand":7,"opponent_hand":5,"my_board":[{"card_name":"Twilight Guardian","card_health":2,"card_attack":3}],"opponent_board":[]},{"turn":9,"cards_played":["Mad Scientist"],"current_player":"opponent","my_health":25,"opponent_health":27,"my_armor":0,"opponent_armor":0,"my_hand":7,"opponent_hand":4,"my_board":[],"opponent_board":[{"card_name":"Mad Scientist","card_health":2,"card_attack":2}]},{"turn":10,"cards_played":["The Coin","Emperor Thaurissan"],"current_player":"me","my_health":23,"opponent_health":27,"my_armor":0,"opponent_armor":0,"my_hand":6,"opponent_hand":4,"my_board":[{"card_name":"Emperor Thaurissan","card_health":5,"card_attack":5}],"opponent_board":[]},{"turn":11,"cards_played":["Loot Hoarder","Steady Shot"],"current_player":"opponent","my_health":21,"opponent_health":27,"my_armor":0,"opponent_armor":0,"my_hand":6,"opponent_hand":4,"my_board":[{"card_name":"Emperor Thaurissan","card_health":5,"card_attack":5}],"opponent_board":[{"card_name":"Loot Hoarder","card_health":1,"card_attack":2}]},{"turn":12,"cards_played":["Bash","Armor Up!","Armorsmith"],"current_player":"me","my_health":21,"opponent_health":27,"my_armor":6,"opponent_armor":0,"my_hand":5,"opponent_hand":5,"my_board":[{"card_name":"Emperor Thaurissan","card_health":5,"card_attack":5}],"opponent_board":[]},{"turn":13,"cards_played":["Wild Pyromancer","Hunter's Mark","Steady Shot"],"current_player":"opponent","my_health":21,"opponent_health":27,"my_armor":1,"opponent_armor":0,"my_hand":5,"opponent_hand":4,"my_board":[],"opponent_board":[{"card_name":"Wild Pyromancer","card_health":1,"card_attack":3}]},{"turn":14,"cards_played":["Shieldmaiden","Bash","Armor Up!"],"current_player":"me","my_health":21,"opponent_health":27,"my_armor":11,"opponent_armor":0,"my_hand":4,"opponent_hand":4,"my_board":[{"card_name":"Shieldmaiden","card_health":5,"card_attack":5}],"opponent_board":[]},{"turn":15,"cards_played":["Antique Healbot","Steady Shot"],"current_player":"opponent","my_health":21,"opponent_health":30,"my_armor":9,"opponent_armor":0,"my_hand":4,"opponent_hand":4,"my_board":[{"card_name":"Shieldmaiden","card_health":5,"card_attack":5}],"opponent_board":[{"card_name":"Antique Healbot","card_health":3,"card_attack":3}]},{"turn":16,"cards_played":["Alexstrasza"],"current_player":"me","my_health":21,"opponent_health":30,"my_armor":9,"opponent_armor":0,"my_hand":4,"opponent_hand":4,"my_board":[{"card_name":"Shieldmaiden","card_health":2,"card_attack":5},{"card_name":"Alexstrasza","card_health":8,"card_attack":8}],"opponent_board":[]},{"turn":17,"cards_played":["Hunter's Mark","Steady Shot"],"current_player":"opponent","my_health":21,"opponent_health":15,"my_armor":7,"opponent_armor":0,"my_hand":4,"opponent_hand":4,"my_board":[{"card_name":"Shieldmaiden","card_health":2,"card_attack":5},{"card_name":"Alexstrasza","card_health":1,"card_attack":8}],"opponent_board":[]},{"turn":18,"cards_played":["Shield Block","Armor Up!"],"current_player":"me","my_health":21,"opponent_health":15,"my_armor":14,"opponent_armor":0,"my_hand":5,"opponent_hand":4,"my_board":[{"card_name":"Shieldmaiden","card_health":2,"card_attack":5},{"card_name":"Alexstrasza","card_health":1,"card_attack":8}],"opponent_board":[]},{"turn":19,"cards_played":["Steady Shot"],"current_player":"opponent","my_health":21,"opponent_health":15,"my_armor":12,"opponent_armor":0,"my_hand":5,"opponent_hand":5,"my_board":[{"card_name":"Shieldmaiden","card_health":2,"card_attack":5},{"card_name":"Alexstrasza","card_health":1,"card_attack":8}],"opponent_board":[]},{"turn":20,"cards_played":["Armor Up!"],"current_player":"me","my_health":21,"opponent_health":15,"my_armor":14,"opponent_armor":0,"my_hand":6,"opponent_hand":5,"my_board":[{"card_name":"Shieldmaiden","card_health":2,"card_attack":5},{"card_name":"Alexstrasza","card_health":1,"card_attack":8}],"opponent_board":[]},{"turn":21,"cards_played":["Steady Shot","Azure Drake","Loot Hoarder","Arcane Shot"],"current_player":"opponent","my_health":21,"opponent_health":15,"my_armor":12,"opponent_armor":0,"my_hand":6,"opponent_hand":4,"my_board":[{"card_name":"Shieldmaiden","card_health":2,"card_attack":5}],"opponent_board":[{"card_name":"Azure Drake","card_health":4,"card_attack":4},{"card_name":"Loot Hoarder","card_health":1,"card_attack":2}]},{"turn":22,"cards_played":["Blackwing Corruptor","Armor Up!"],"current_player":"me","my_health":21,"opponent_health":15,"my_armor":14,"opponent_armor":0,"my_hand":6,"opponent_hand":5,"my_board":[{"card_name":"Blackwing Corruptor","card_health":4,"card_attack":5}],"opponent_board":[]},{"turn":23,"cards_played":["Savannah Highmane","Steady Shot"],"current_player":"opponent","my_health":21,"opponent_health":15,"my_armor":9,"opponent_armor":0,"my_hand":6,"opponent_hand":5,"my_board":[{"card_name":"Blackwing Corruptor","card_health":4,"card_attack":5}],"opponent_board":[{"card_name":"Savannah Highmane","card_health":5,"card_attack":6}]},{"turn":24,"cards_played":["Twilight Guardian","Armor Up!"],"current_player":"me","my_health":21,"opponent_health":15,"my_armor":11,"opponent_armor":0,"my_hand":6,"opponent_hand":5,"my_board":[{"card_name":"Twilight Guardian","card_health":6,"card_attack":3}],"opponent_board":[{"card_name":"Hyena","card_health":2,"card_attack":2},{"card_name":"Hyena","card_health":2,"card_attack":2}]},{"turn":25,"cards_played":["Malygos","Arcane Shot"],"current_player":"opponent","my_health":21,"opponent_health":15,"my_armor":7,"opponent_armor":0,"my_hand":6,"opponent_hand":4,"my_board":[],"opponent_board":[{"card_name":"Malygos","card_health":12,"card_attack":4},{"card_name":"Hyena","card_health":2,"card_attack":2},{"card_name":"Hyena","card_health":2,"card_attack":2}]},{"turn":26,"cards_played":["Crush","Armor Up!"],"current_player":"me","my_health":21,"opponent_health":15,"my_armor":9,"opponent_armor":0,"my_hand":6,"opponent_hand":4,"my_board":[],"opponent_board":[{"card_name":"Hyena","card_health":2,"card_attack":2},{"card_name":"Hyena","card_health":2,"card_attack":2}]},{"turn":27,"cards_played":["Emperor Thaurissan","Steady Shot"],"current_player":"opponent","my_health":21,"opponent_health":15,"my_armor":3,"opponent_armor":0,"my_hand":6,"opponent_hand":4,"my_board":[],"opponent_board":[{"card_name":"Emperor Thaurissan","card_health":5,"card_attack":5},{"card_name":"Hyena","card_health":2,"card_attack":2},{"card_name":"Hyena","card_health":2,"card_attack":2}]},{"turn":28,"cards_played":["Brawl","Death's Bite"],"current_player":"me","my_health":21,"opponent_health":11,"my_armor":1,"opponent_armor":0,"my_hand":5,"opponent_hand":4,"my_board":[],"opponent_board":[{"card_name":"Emperor Thaurissan","card_health":5,"card_attack":5}]},{"turn":29,"cards_played":["Antique Healbot","Sen'jin Shieldmasta","Steady Shot"],"current_player":"opponent","my_health":15,"opponent_health":19,"my_armor":0,"opponent_armor":0,"my_hand":5,"opponent_hand":3,"my_board":[],"opponent_board":[{"card_name":"Antique Healbot","card_health":3,"card_attack":3},{"card_name":"Emperor Thaurissan","card_health":5,"card_attack":5},{"card_name":"Sen'jin Shieldmasta","card_health":5,"card_attack":3}]},{"turn":30,"cards_played":["Execute","Nefarian"],"current_player":"me","my_health":12,"opponent_health":19,"my_armor":0,"opponent_armor":0,"my_hand":6,"opponent_hand":3,"my_board":[{"card_name":"Nefarian","card_health":8,"card_attack":8}],"opponent_board":[{"card_name":"Antique Healbot","card_health":2,"card_attack":3}]},{"turn":31,"cards_played":["Kezan Mystic","Sylvanas Windrunner","Quick Shot","Steady Shot"],"current_player":"opponent","my_health":4,"opponent_health":19,"my_armor":0,"opponent_armor":0,"my_hand":6,"opponent_hand":1,"my_board":[{"card_name":"Nefarian","card_health":8,"card_attack":8}],"opponent_board":[{"card_name":"Kezan Mystic","card_health":3,"card_attack":4},{"card_name":"Sylvanas Windrunner","card_health":5,"card_attack":5},{"card_name":"Antique Healbot","card_health":2,"card_attack":3}]},{"turn":32,"cards_played":["Brawl","Execute","Acolyte of Pain","Armor Up!"],"current_player":"me","my_health":2,"opponent_health":11,"my_armor":2,"opponent_armor":0,"my_hand":4,"opponent_hand":1,"my_board":[{"card_name":"Acolyte of Pain","card_health":3,"card_attack":1}],"opponent_board":[]},{"turn":33,"cards_played":["Gnomish Inventor","Quick Shot","Steady Shot"],"current_player":"opponent","my_health":-1,"opponent_health":11,"my_armor":0,"opponent_armor":0,"my_hand":4,"opponent_hand":1,"my_board":[{"card_name":"Acolyte of Pain","card_health":3,"card_attack":1}],"opponent_board":[{"card_name":"Gnomish Inventor","card_health":4,"card_attack":2}]}],"result":"defeat"}