{"plays":[{"turn":1,"cards_played":[],"current_player":"opponent","my_health":0,"opponent_health":0,"my_armor":0,"opponent_armor":0,"my_hand":1,"opponent_hand":0,"my_board":[],"opponent_board":[]},{"turn":2,"cards_played":["Mana Wyrm"],"current_player":"me","my_health":30,"opponent_health":30,"my_armor":0,"opponent_armor":0,"my_hand":6,"opponent_hand":3,"my_board":[],"opponent_board":[{"card_name":"Mana Wyrm","card_health":3,"card_attack":1}]},{"turn":3,"cards_played":["Sorcerer's Apprentice","Mirror Image"],"current_player":"opponent","my_health":28,"opponent_health":30,"my_armor":0,"opponent_armor":0,"my_hand":6,"opponent_hand":2,"my_board":[],"opponent_board":[{"card_name":"Mana Wyrm","card_health":3,"card_attack":2},{"card_name":"Sorcerer's Apprentice","card_health":2,"card_attack":3},{"card_name":"Mirror Image","card_health":2,"card_attack":0},{"card_name":"Mirror Image","card_health":2,"card_attack":0}]},{"turn":4,"cards_played":["Armorsmith"],"current_player":"me","my_health":28,"opponent_health":30,"my_armor":0,"opponent_armor":0,"my_hand":6,"opponent_hand":2,"my_board":[{"card_name":"Armorsmith","card_health":4,"card_attack":1}],"opponent_board":[{"card_name":"Mana Wyrm","card_health":3,"card_attack":2},{"card_name":"Sorcerer's Apprentice","card_health":2,"card_attack":3},{"card_name":"Mirror Image","card_health":2,"card_attack":0},{"card_name":"Mirror Image","card_health":2,"card_attack":0}]},{"turn":5,"cards_played":["Arcane Missiles","Fireblast","Fireblast"],"current_player":"opponent","my_health":24,"opponent_health":30,"my_armor":0,"opponent_armor":0,"my_hand":6,"opponent_hand":2,"my_board":[],"opponent_board":[{"card_name":"Mana Wyrm","card_health":3,"card_attack":3},{"card_name":"Sorcerer's Apprentice","card_health":1,"card_attack":3},{"card_name":"Mirror Image","card_health":2,"card_attack":0},{"card_name":"Mirror Image","card_health":2,"card_attack":0}]},{"turn":6,"cards_played":["The Coin","Death's Bite"],"current_player":"me","my_health":24,"opponent_health":30,"my_armor":0,"opponent_armor":0,"my_hand":5,"opponent_hand":2,"my_board":[],"opponent_board":[{"card_name":"Mana Wyrm","card_health":3,"card_attack":3},{"card_name":"Sorcerer's Apprentice","card_health":1,"card_attack":3},{"card_name":"Mirror Image","card_health":2,"card_attack":0}]},{"turn":7,"cards_played":["Spellslinger","Frostbolt"],"current_player":"opponent","my_health":14,"opponent_health":30,"my_armor":0,"opponent_armor":0,"my_hand":6,"opponent_hand":2,"my_board":[],"opponent_board":[{"card_name":"Spellslinger","card_health":4,"card_attack":3},{"card_name":"Mana Wyrm","card_health":3,"card_attack":4},{"card_name":"Sorcerer's Apprentice","card_health":1,"card_attack":3},{"card_name":"Mirror Image","card_health":2,"card_attack":0}]},{"turn":8,"cards_played":["Slam","Whirlwind"],"current_player":"me","my_health":14,"opponent_health":30,"my_armor":0,"opponent_armor":0,"my_hand":6,"opponent_hand":2,"my_board":[],"opponent_board":[{"card_name":"Spellslinger","card_health":3,"card_attack":3},{"card_name":"Mirror Image","card_health":1,"card_attack":0}]},{"turn":9,"cards_played":["Mad Scientist"],"current_player":"opponent","my_health":11,"opponent_health":30,"my_armor":0,"opponent_armor":0,"my_hand":6,"opponent_hand":1,"my_board":[],"opponent_board":[{"card_name":"Spellslinger","card_health":3,"card_attack":3},{"card_name":"Mad Scientist","card_health":2,"card_attack":2},{"card_name":"Mirror Image","card_health":1,"card_attack":0}]},{"turn":10,"cards_played":["Battle Rage","Fiery War Axe"],"current_player":"me","my_health":9,"opponent_health":30,"my_armor":0,"opponent_armor":0,"my_hand":6,"opponent_hand":1,"my_board":[],"opponent_board":[{"card_name":"Spellslinger","card_health":2,"card_attack":3}]},{"turn":11,"cards_played":["Unstable Portal","Fireblast","Fireblast","Succubus"],"current_player":"opponent","my_health":5,"opponent_health":30,"my_armor":0,"opponent_armor":0,"my_hand":6,"opponent_hand":0,"my_board":[],"opponent_board":[{"card_name":"Spellslinger","card_health":2,"card_attack":3},{"card_name":"Succubus","card_health":3,"card_attack":4}]},{"turn":12,"cards_played":["Execute","Shield Block","Shield Slam"],"current_player":"me","my_health":3,"opponent_health":30,"my_armor":5,"opponent_armor":0,"my_hand":5,"opponent_hand":0,"my_board":[],"opponent_board":[]},{"turn":13,"cards_played":["Fireblast"],"current_player":"opponent","my_health":3,"opponent_health":30,"my_armor":4,"opponent_armor":0,"my_hand":5,"opponent_hand":1,"my_board":[],"opponent_board":[]},{"turn":14,"cards_played":["Gnomish Inventor","Armor Up!"],"current_player":"me","my_health":3,"opponent_health":30,"my_armor":6,"opponent_armor":0,"my_hand":6,"opponent_hand":1,"my_board":[{"card_name":"Gnomish Inventor","card_health":4,"card_attack":2}],"opponent_board":[{"card_name":"Gnomish Inventor","card_health":4,"card_attack":2}]},{"turn":15,"cards_played":["Fireblast"],"current_player":"opponent","my_health":3,"opponent_health":30,"my_armor":3,"opponent_armor":0,"my_hand":6,"opponent_hand":2,"my_board":[{"card_name":"Gnomish Inventor","card_health":4,"card_attack":2}],"opponent_board":[{"card_name":"Gnomish Inventor","card_health":4,"card_attack":2}]},{"turn":16,"cards_played":["Slam","Armor Up!","Acolyte of Pain"],"current_player":"me","my_health":3,"opponent_health":30,"my_armor":5,"opponent_armor":0,"my_hand":6,"opponent_hand":2,"my_board":[{"card_name":"Gnomish Inventor","card_health":2,"card_attack":2},{"card_name":"Acolyte of Pain","card_health":3,"card_attack":1}],"opponent_board":[]},{"turn":17,"cards_played":["Dr. Boom","Fireblast"],"current_player":"opponent","my_health":3,"opponent_health":30,"my_armor":4,"opponent_armor":0,"my_hand":6,"opponent_hand":2,"my_board":[{"card_name":"Gnomish Inventor","card_health":2,"card_attack":2},{"card_name":"Acolyte of Pain","card_health":3,"card_attack":1}],"opponent_board":[{"card_name":"Dr. Boom","card_health":7,"card_attack":7},{"card_name":"Boom Bot","card_health":1,"card_attack":1},{"card_name":"Boom Bot","card_health":1,"card_attack":1}]},{"turn":18,"cards_played":["Cruel Taskmaster","Execute","Grim Patron"],"current_player":"me","my_health":3,"opponent_health":30,"my_armor":2,"opponent_armor":0,"my_hand":5,"opponent_hand":2,"my_board":[{"card_name":"Gnomish Inventor","card_health":1,"card_attack":2},{"card_name":"Acolyte of Pain","card_health":2,"card_attack":1},{"card_name":"Grim Patron","card_health":3,"card_attack":3}],"opponent_board":[]},{"turn":19,"cards_played":["Piloted Shredder","Fireblast"],"current_player":"opponent","my_health":3,"opponent_health":30,"my_armor":1,"opponent_armor":0,"my_hand":5,"opponent_hand":2,"my_board":[{"card_name":"Gnomish Inventor","card_health":1,"card_attack":2},{"card_name":"Acolyte of Pain","card_health":2,"card_attack":1},{"card_name":"Grim Patron","card_health":3,"card_attack":3}],"opponent_board":[{"card_name":"Piloted Shredder","card_health":3,"card_attack":4}]},{"turn":20,"cards_played":["Armor Up!","Unstable Ghoul","Loatheb","Inner Rage"],"current_player":"me","my_health":3,"opponent_health":24,"my_armor":3,"opponent_armor":0,"my_hand":3,"opponent_hand":2,"my_board":[{"card_name":"Unstable Ghoul","card_health":3,"card_attack":1},{"card_name":"Acolyte of Pain","card_health":2,"card_attack":1},{"card_name":"Loatheb","card_health":5,"card_attack":5},{"card_name":"Grim Patron","card_health":2,"card_attack":5},{"card_name":"Grim Patron","card_health":3,"card_attack":3}],"opponent_board":[{"card_name":"Piloted Shredder","card_health":1,"card_attack":4}]},{"turn":21,"cards_played":["Flamewaker","Mirror Image"],"current_player":"opponent","my_health":3,"opponent_health":24,"my_armor":3,"opponent_armor":0,"my_hand":4,"opponent_hand":1,"my_board":[{"card_name":"Acolyte of Pain","card_health":1,"card_attack":1},{"card_name":"Loatheb","card_health":4,"card_attack":5},{"card_name":"Grim Patron","card_health":2,"card_attack":3},{"card_name":"Grim Patron","card_health":2,"card_attack":3},{"card_name":"Grim Patron","card_health":3,"card_attack":3},{"card_name":"Grim Patron","card_health":3,"card_attack":3}],"opponent_board":[{"card_name":"Flamewaker","card_health":3,"card_attack":2},{"card_name":"Mirror Image","card_health":1,"card_attack":0},{"card_name":"Mirror Image","card_health":1,"card_attack":0},{"card_name":"Boneguard Lieutenant","card_health":1,"card_attack":3}]},{"turn":22,"cards_played":["Shield Block","Whirlwind","Armor Up!","Death's Bite"],"current_player":"me","my_health":3,"opponent_health":9,"my_armor":10,"opponent_armor":0,"my_hand":4,"opponent_hand":1,"my_board":[{"card_name":"Loatheb","card_health":3,"card_attack":5},{"card_name":"Grim Patron","card_health":1,"card_attack":3},{"card_name":"Grim Patron","card_health":2,"card_attack":3},{"card_name":"Grim Patron","card_health":2,"card_attack":3},{"card_name":"Grim Patron","card_health":3,"card_attack":3},{"card_name":"Grim Patron","card_health":3,"card_attack":3}],"opponent_board":[]},{"turn":23,"cards_played":["Arcane Missiles"],"current_player":"opponent","my_health":3,"opponent_health":9,"my_armor":9,"opponent_armor":0,"my_hand":4,"opponent_hand":1,"my_board":[{"card_name":"Loatheb","card_health":2,"card_attack":5},{"card_name":"Grim Patron","card_health":1,"card_attack":3},{"card_name":"Grim Patron","card_health":1,"card_attack":3},{"card_name":"Grim Patron","card_health":2,"card_attack":3},{"card_name":"Grim Patron","card_health":3,"card_attack":3},{"card_name":"Grim Patron","card_health":3,"card_attack":3},{"card_name":"Grim Patron","card_health":3,"card_attack":3}],"opponent_board":[]}],"result":"victory"}