{"plays":[{"turn":1,"cards_played":[],"current_player":"me","my_health":0,"opponent_health":0,"my_armor":0,"opponent_armor":0,"my_hand":0,"opponent_hand":1,"my_board":[],"opponent_board":[]},{"turn":2,"cards_played":["Zombie Chow"],"current_player":"me","my_health":30,"opponent_health":30,"my_armor":0,"opponent_armor":0,"my_hand":6,"opponent_hand":3,"my_board":[],"opponent_board":[{"card_name":"Zombie Chow","card_health":3,"card_attack":2}]},{"turn":3,"cards_played":["Museum Curator"],"current_player":"opponent","my_health":28,"opponent_health":30,"my_armor":0,"opponent_armor":0,"my_hand":6,"opponent_hand":4,"my_board":[],"opponent_board":[{"card_name":"Museum Curator","card_health":2,"card_attack":1},{"card_name":"Zombie Chow","card_health":3,"card_attack":2}]},{"turn":4,"cards_played":["Armor Up!"],"current_player":"me","my_health":28,"opponent_health":30,"my_armor":2,"opponent_armor":0,"my_hand":7,"opponent_hand":4,"my_board":[],"opponent_board":[{"card_name":"Museum Curator","card_health":2,"card_attack":1},{"card_name":"Zombie Chow","card_health":3,"card_attack":2}]},{"turn":5,"cards_played":["Velen's Chosen"],"current_player":"opponent","my_health":25,"opponent_health":30,"my_armor":0,"opponent_armor":0,"my_hand":7,"opponent_hand":4,"my_board":[],"opponent_board":[{"card_name":"Museum Curator","card_health":2,"card_attack":1},{"card_name":"Zombie Chow","card_health":7,"card_attack":4}]},{"turn":6,"cards_played":["Slam","Execute"],"current_player":"me","my_health":25,"opponent_health":30,"my_armor":0,"opponent_armor":0,"my_hand":7,"opponent_hand":4,"my_board":[],"opponent_board":[{"card_name":"Museum Curator","card_health":2,"card_attack":1}]},{"turn":7,"cards_played":["Mechanical Yeti"],"current_player":"opponent","my_health":29,"opponent_health":30,"my_armor":0,"opponent_armor":0,"my_hand":7,"opponent_hand":4,"my_board":[],"opponent_board":[{"card_name":"Museum Curator","card_health":2,"card_attack":1},{"card_name":"Mechanical Yeti","card_health":5,"card_attack":4}]},{"turn":8,"cards_played":["Fiery War Axe","Armor Up!"],"current_player":"me","my_health":28,"opponent_health":30,"my_armor":2,"opponent_armor":0,"my_hand":7,"opponent_hand":4,"my_board":[],"opponent_board":[{"card_name":"Mechanical Yeti","card_health":5,"card_attack":4}]},{"turn":9,"cards_played":[],"current_player":"opponent","my_health":26,"opponent_health":30,"my_armor":0,"opponent_armor":0,"my_hand":7,"opponent_hand":5,"my_board":[],"opponent_board":[{"card_name":"Mechanical Yeti","card_health":5,"card_attack":4}]},{"turn":10,"cards_played":["Unstable Ghoul","Acolyte of Pain"],"current_player":"me","my_health":26,"opponent_health":30,"my_armor":0,"opponent_armor":0,"my_hand":6,"opponent_hand":5,"my_board":[{"card_name":"Unstable Ghoul","card_health":3,"card_attack":1},{"card_name":"Acolyte of Pain","card_health":3,"card_attack":1}],"opponent_board":[{"card_name":"Mechanical Yeti","card_health":5,"card_attack":4}]},{"turn":11,"cards_played":["Elise Starseeker","Lesser Heal","Lesser Heal"],"current_player":"opponent","my_health":26,"opponent_health":30,"my_armor":0,"opponent_armor":0,"my_hand":7,"opponent_hand":5,"my_board":[{"card_name":"Acolyte of Pain","card_health":2,"card_attack":1}],"opponent_board":[{"card_name":"Elise Starseeker","card_health":5,"card_attack":3},{"card_name":"Mechanical Yeti","card_health":5,"card_attack":4}]},{"turn":12,"cards_played":["Whirlwind","Battle Rage","Unstable Ghoul","The Coin","Armor Up!"],"current_player":"me","my_health":22,"opponent_health":30,"my_armor":2,"opponent_armor":0,"my_hand":9,"opponent_hand":6,"my_board":[{"card_name":"Unstable Ghoul","card_health":3,"card_attack":1}],"opponent_board":[{"card_name":"Elise Starseeker","card_health":4,"card_attack":3}]},{"turn":13,"cards_played":["Northshire Cleric","Lesser Heal","Lesser Heal","Map to the Golden Monkey"],"current_player":"opponent","my_health":22,"opponent_health":30,"my_armor":2,"opponent_armor":0,"my_hand":9,"opponent_hand":7,"my_board":[],"opponent_board":[{"card_name":"Northshire Cleric","card_health":3,"card_attack":1},{"card_name":"Elise Starseeker","card_health":4,"card_attack":3}]},{"turn":14,"cards_played":["Death's Bite","Shield Block"],"current_player":"me","my_health":22,"opponent_health":30,"my_armor":6,"opponent_armor":0,"my_hand":9,"opponent_hand":7,"my_board":[],"opponent_board":[{"card_name":"Elise Starseeker","card_health":4,"card_attack":3}]},{"turn":15,"cards_played":["Deathlord","Northshire Cleric","Lesser Heal"],"current_player":"opponent","my_health":22,"opponent_health":30,"my_armor":3,"opponent_armor":0,"my_hand":9,"opponent_hand":7,"my_board":[],"opponent_board":[{"card_name":"Deathlord","card_health":8,"card_attack":2},{"card_name":"Northshire Cleric","card_health":3,"card_attack":1},{"card_name":"Elise Starseeker","card_health":5,"card_attack":3}]},{"turn":16,"cards_played":["Slam","Execute","Loatheb"],"current_player":"me","my_health":22,"opponent_health":30,"my_armor":0,"opponent_armor":0,"my_hand":8,"opponent_hand":7,"my_board":[{"card_name":"Loatheb","card_health":5,"card_attack":5},{"card_name":"Emperor Thaurissan","card_health":4,"card_attack":5}],"opponent_board":[{"card_name":"Northshire Cleric","card_health":2,"card_attack":1}]},{"turn":17,"cards_played":["Museum Curator","Acolyte of Pain","Piloted Shredder"],"current_player":"opponent","my_health":21,"opponent_health":30,"my_armor":0,"opponent_armor":0,"my_hand":8,"opponent_hand":6,"my_board":[{"card_name":"Loatheb","card_health":5,"card_attack":5},{"card_name":"Emperor Thaurissan","card_health":4,"card_attack":5}],"opponent_board":[{"card_name":"Northshire Cleric","card_health":2,"card_attack":1},{"card_name":"Museum Curator","card_health":2,"card_attack":1},{"card_name":"Acolyte of Pain","card_health":3,"card_attack":1},{"card_name":"Piloted Shredder","card_health":3,"card_attack":4}]},{"turn":18,"cards_played":["Shield Block","Battle Rage","Time Rewinder","Loatheb"],"current_player":"me","my_health":21,"opponent_health":20,"my_armor":5,"opponent_armor":0,"my_hand":9,"opponent_hand":6,"my_board":[{"card_name":"Loatheb","card_health":5,"card_attack":5},{"card_name":"Emperor Thaurissan","card_health":4,"card_attack":5}],"opponent_board":[{"card_name":"Northshire Cleric","card_health":2,"card_attack":1},{"card_name":"Museum Curator","card_health":2,"card_attack":1},{"card_name":"Acolyte of Pain","card_health":3,"card_attack":1},{"card_name":"Piloted Shredder","card_health":3,"card_attack":4}]},{"turn":19,"cards_played":["Wild Pyromancer","Armor Plating","Lesser Heal","Lesser Heal"],"current_player":"opponent","my_health":21,"opponent_health":22,"my_armor":5,"opponent_armor":0,"my_hand":9,"opponent_hand":7,"my_board":[],"opponent_board":[{"card_name":"Wild Pyromancer","card_health":1,"card_attack":3},{"card_name":"Unstable Ghoul","card_health":3,"card_attack":1}]},{"turn":20,"cards_played":["Gnomish Inventor","Death's Bite","Grim Patron","Whirlwind"],"current_player":"me","my_health":21,"opponent_health":22,"my_armor":4,"opponent_armor":0,"my_hand":7,"opponent_hand":7,"my_board":[{"card_name":"Grim Patron","card_health":2,"card_attack":3},{"card_name":"Gnomish Inventor","card_health":2,"card_attack":2},{"card_name":"Grim Patron","card_health":3,"card_attack":3}],"opponent_board":[]},{"turn":21,"cards_played":["Auchenai Soulpriest","Flash Heal","Lesser Heal","Lesser Heal","Velen's Chosen"],"current_player":"opponent","my_health":21,"opponent_health":22,"my_armor":4,"opponent_armor":0,"my_hand":7,"opponent_hand":5,"my_board":[{"card_name":"Gnomish Inventor","card_health":2,"card_attack":2}],"opponent_board":[{"card_name":"Auchenai Soulpriest","card_health":5,"card_attack":3}]},{"turn":22,"cards_played":["Raging Worgen","Charge","Inner Rage","Rampage","Cruel Taskmaster"],"current_player":"me","my_health":21,"opponent_health":-4,"my_armor":4,"opponent_armor":0,"my_hand":3,"opponent_hand":5,"my_board":[{"card_name":"Raging Worgen","card_health":4,"card_attack":13},{"card_name":"Gnomish Inventor","card_health":2,"card_attack":2},{"card_name":"Cruel Taskmaster","card_health":2,"card_attack":2}],"opponent_board":[{"card_name":"Auchenai Soulpriest","card_health":9,"card_attack":5}]}],"result":"victory"}