{"plays":[{"turn":1,"cards_played":[],"current_player":"opponent","my_health":30,"opponent_health":0,"my_armor":0,"opponent_armor":0,"my_hand":1,"opponent_hand":0,"my_board":[],"opponent_board":[]},{"turn":2,"cards_played":[],"current_player":"me","my_health":30,"opponent_health":30,"my_armor":0,"opponent_armor":0,"my_hand":6,"opponent_hand":4,"my_board":[],"opponent_board":[]},{"turn":3,"cards_played":["Armor Up!"],"current_player":"opponent","my_health":30,"opponent_health":30,"my_armor":0,"opponent_armor":2,"my_hand":6,"opponent_hand":5,"my_board":[],"opponent_board":[]},{"turn":4,"cards_played":["Armorsmith"],"current_player":"me","my_health":30,"opponent_health":30,"my_armor":0,"opponent_armor":2,"my_hand":6,"opponent_hand":5,"my_board":[{"card_name":"Armorsmith","card_health":4,"card_attack":1}],"opponent_board":[]},{"turn":5,"cards_played":["Shield Block"],"current_player":"opponent","my_health":30,"opponent_health":30,"my_armor":0,"opponent_armor":7,"my_hand":6,"opponent_hand":6,"my_board":[{"card_name":"Armorsmith","card_health":4,"card_attack":1}],"opponent_board":[]},{"turn":6,"cards_played":["Acolyte of Pain","Inner Rage"],"current_player":"me","my_health":30,"opponent_health":30,"my_armor":1,"opponent_armor":6,"my_hand":6,"opponent_hand":6,"my_board":[{"card_name":"Armorsmith","card_health":4,"card_attack":1},{"card_name":"Acolyte of Pain","card_health":2,"card_attack":3}],"opponent_board":[]},{"turn":7,"cards_played":["Fiery War Axe","Armor Up!"],"current_player":"opponent","my_health":30,"opponent_health":30,"my_armor":2,"opponent_armor":5,"my_hand":7,"opponent_hand":6,"my_board":[{"card_name":"Armorsmith","card_health":4,"card_attack":1}],"opponent_board":[]},{"turn":8,"cards_played":["Unstable Ghoul","Fiery War Axe"],"current_player":"me","my_health":30,"opponent_health":30,"my_armor":2,"opponent_armor":1,"my_hand":6,"opponent_hand":6,"my_board":[{"card_name":"Armorsmith","card_health":4,"card_attack":1},{"card_name":"Unstable Ghoul","card_health":3,"card_attack":1}],"opponent_board":[]},{"turn":9,"cards_played":["Acolyte of Pain","Armor Up!"],"current_player":"opponent","my_health":30,"opponent_health":30,"my_armor":4,"opponent_armor":2,"my_hand":6,"opponent_hand":7,"my_board":[{"card_name":"Armorsmith","card_health":3,"card_attack":1}],"opponent_board":[{"card_name":"Acolyte of Pain","card_health":2,"card_attack":1}]},{"turn":10,"cards_played":["Acolyte of Pain","Whirlwind"],"current_player":"me","my_health":30,"opponent_health":30,"my_armor":5,"opponent_armor":1,"my_hand":6,"opponent_hand":8,"my_board":[{"card_name":"Armorsmith","card_health":2,"card_attack":1},{"card_name":"Acolyte of Pain","card_health":2,"card_attack":1}],"opponent_board":[]},{"turn":11,"cards_played":["Fiery War Axe","Armor Up!"],"current_player":"opponent","my_health":30,"opponent_health":30,"my_armor":6,"opponent_armor":2,"my_hand":7,"opponent_hand":8,"my_board":[{"card_name":"Armorsmith","card_health":2,"card_attack":1}],"opponent_board":[]},{"turn":12,"cards_played":["Death's Bite","Armorsmith"],"current_player":"me","my_health":30,"opponent_health":27,"my_armor":6,"opponent_armor":0,"my_hand":6,"opponent_hand":8,"my_board":[{"card_name":"Armorsmith","card_health":2,"card_attack":1},{"card_name":"Armorsmith","card_health":4,"card_attack":1}],"opponent_board":[]},{"turn":13,"cards_played":["Iron Juggernaut"],"current_player":"opponent","my_health":30,"opponent_health":26,"my_armor":8,"opponent_armor":0,"my_hand":6,"opponent_hand":8,"my_board":[{"card_name":"Armorsmith","card_health":4,"card_attack":1}],"opponent_board":[{"card_name":"Iron Juggernaut","card_health":5,"card_attack":6}]},{"turn":14,"cards_played":["Armor Up!"],"current_player":"me","my_health":30,"opponent_health":25,"my_armor":5,"opponent_armor":0,"my_hand":7,"opponent_hand":8,"my_board":[{"card_name":"Armorsmith","card_health":3,"card_attack":1}],"opponent_board":[]},{"turn":15,"cards_played":["Death's Bite","Shield Block"],"current_player":"opponent","my_health":30,"opponent_health":25,"my_armor":1,"opponent_armor":5,"my_hand":7,"opponent_hand":8,"my_board":[{"card_name":"Armorsmith","card_health":3,"card_attack":1}],"opponent_board":[]},{"turn":16,"cards_played":["Battle Rage","Armor Up!"],"current_player":"me","my_health":30,"opponent_health":25,"my_armor":3,"opponent_armor":4,"my_hand":8,"opponent_hand":8,"my_board":[{"card_name":"Armorsmith","card_health":3,"card_attack":1}],"opponent_board":[]},{"turn":17,"cards_played":["Grommash Hellscream"],"current_player":"opponent","my_health":30,"opponent_health":25,"my_armor":4,"opponent_armor":4,"my_hand":8,"opponent_hand":8,"my_board":[],"opponent_board":[{"card_name":"Grommash Hellscream","card_health":8,"card_attack":10}]},{"turn":18,"cards_played":["Slam","Execute","Unstable Ghoul","Armor Up!"],"current_player":"me","my_health":30,"opponent_health":25,"my_armor":6,"opponent_armor":4,"my_hand":7,"opponent_hand":8,"my_board":[{"card_name":"Unstable Ghoul","card_health":3,"card_attack":1}],"opponent_board":[]},{"turn":19,"cards_played":["Emperor Thaurissan","Armor Up!"],"current_player":"opponent","my_health":30,"opponent_health":25,"my_armor":6,"opponent_armor":5,"my_hand":7,"opponent_hand":8,"my_board":[],"opponent_board":[{"card_name":"Emperor Thaurissan","card_health":5,"card_attack":5}]},{"turn":20,"cards_played":["Slam","Emperor Thaurissan","Armor Up!"],"current_player":"me","my_health":30,"opponent_health":25,"my_armor":8,"opponent_armor":5,"my_hand":7,"opponent_hand":8,"my_board":[{"card_name":"Emperor Thaurissan","card_health":5,"card_attack":5}],"opponent_board":[{"card_name":"Emperor Thaurissan","card_health":3,"card_attack":5}]},{"turn":21,"cards_played":["Slam","Sludge Belcher","Shieldmaiden"],"current_player":"opponent","my_health":30,"opponent_health":25,"my_armor":3,"opponent_armor":10,"my_hand":7,"opponent_hand":7,"my_board":[{"card_name":"Emperor Thaurissan","card_health":3,"card_attack":5}],"opponent_board":[{"card_name":"Shieldmaiden","card_health":5,"card_attack":5},{"card_name":"Emperor Thaurissan","card_health":3,"card_attack":5},{"card_name":"Sludge Belcher","card_health":5,"card_attack":3}]},{"turn":22,"cards_played":["Death's Bite","Battle Rage","Armor Up!"],"current_player":"me","my_health":30,"opponent_health":25,"my_armor":2,"opponent_armor":10,"my_hand":7,"opponent_hand":7,"my_board":[{"card_name":"Emperor Thaurissan","card_health":3,"card_attack":5}],"opponent_board":[{"card_name":"Shieldmaiden","card_health":5,"card_attack":5},{"card_name":"Emperor Thaurissan","card_health":3,"card_attack":5},{"card_name":"Sludge Belcher","card_health":1,"card_attack":3}]},{"turn":23,"cards_played":["Armor Up!"],"current_player":"opponent","my_health":24,"opponent_health":25,"my_armor":0,"opponent_armor":12,"my_hand":7,"opponent_hand":8,"my_board":[],"opponent_board":[{"card_name":"Emperor Thaurissan","card_health":3,"card_attack":5},{"card_name":"Sludge Belcher","card_health":1,"card_attack":3}]},{"turn":24,"cards_played":["Gnomish Inventor","Armor Up!"],"current_player":"me","my_health":14,"opponent_health":25,"my_armor":2,"opponent_armor":12,"my_hand":8,"opponent_hand":8,"my_board":[{"card_name":"Gnomish Inventor","card_health":4,"card_attack":2}],"opponent_board":[{"card_name":"Emperor Thaurissan","card_health":3,"card_attack":5},{"card_name":"Sludge Belcher","card_health":1,"card_attack":3}]},{"turn":25,"cards_played":["Whirlwind","Ysera"],"current_player":"opponent","my_health":11,"opponent_health":25,"my_armor":0,"opponent_armor":12,"my_hand":8,"opponent_hand":8,"my_board":[],"opponent_board":[{"card_name":"Ysera","card_health":12,"card_attack":4},{"card_name":"Emperor Thaurissan","card_health":2,"card_attack":5},{"card_name":"Slime","card_health":1,"card_attack":1}]},{"turn":26,"cards_played":["Warsong Commander","Grim Patron","Frothing Berserker","Inner Rage","Whirlwind","Execute","Armor Up!"],"current_player":"me","my_health":11,"opponent_health":-2,"my_armor":2,"opponent_armor":0,"my_hand":3,"opponent_hand":8,"my_board":[{"card_name":"Warsong Commander","card_health":1,"card_attack":2},{"card_name":"Frothing Berserker","card_health":2,"card_attack":21},{"card_name":"Grim Patron","card_health":2,"card_attack":3},{"card_name":"Grim Patron","card_health":2,"card_attack":3},{"card_name":"Grim Patron","card_health":3,"card_attack":3}],"opponent_board":[]}],"result":"victory"}