{"plays":[{"turn":1,"cards_played":[],"current_player":"me","my_health":0,"opponent_health":0,"my_armor":0,"opponent_armor":0,"my_hand":0,"opponent_hand":1,"my_board":[],"opponent_board":[]},{"turn":2,"cards_played":["The Coin","Armorsmith"],"current_player":"opponent","my_health":30,"opponent_health":30,"my_armor":0,"opponent_armor":0,"my_hand":4,"opponent_hand":4,"my_board":[],"opponent_board":[{"card_name":"Armorsmith","card_health":4,"card_attack":1}]},{"turn":3,"cards_played":["Armor Up!"],"current_player":"me","my_health":30,"opponent_health":30,"my_armor":2,"opponent_armor":0,"my_hand":5,"opponent_hand":4,"my_board":[],"opponent_board":[{"card_name":"Armorsmith","card_health":4,"card_attack":1}]},{"turn":4,"cards_played":["Armor Up!"],"current_player":"opponent","my_health":30,"opponent_health":30,"my_armor":1,"opponent_armor":2,"my_hand":5,"opponent_hand":5,"my_board":[],"opponent_board":[{"card_name":"Armorsmith","card_health":4,"card_attack":1}]},{"turn":5,"cards_played":["Shield Block"],"current_player":"me","my_health":30,"opponent_health":30,"my_armor":6,"opponent_armor":2,"my_hand":6,"opponent_hand":5,"my_board":[],"opponent_board":[{"card_name":"Armorsmith","card_health":4,"card_attack":1}]},{"turn":6,"cards_played":["Armor Up!"],"current_player":"opponent","my_health":30,"opponent_health":30,"my_armor":5,"opponent_armor":4,"my_hand":6,"opponent_hand":6,"my_board":[],"opponent_board":[{"card_name":"Armorsmith","card_health":4,"card_attack":1}]},{"turn":7,"cards_played":["Unstable Ghoul","Fiery War Axe"],"current_player":"me","my_health":30,"opponent_health":30,"my_armor":4,"opponent_armor":5,"my_hand":5,"opponent_hand":6,"my_board":[{"card_name":"Unstable Ghoul","card_health":3,"card_attack":1}],"opponent_board":[{"card_name":"Armorsmith","card_health":1,"card_attack":1}]},{"turn":8,"cards_played":["Death's Bite"],"current_player":"opponent","my_health":30,"opponent_health":30,"my_armor":4,"opponent_armor":5,"my_hand":5,"opponent_hand":6,"my_board":[],"opponent_board":[]},{"turn":9,"cards_played":["Armor Up!"],"current_player":"me","my_health":30,"opponent_health":30,"my_armor":6,"opponent_armor":5,"my_hand":6,"opponent_hand":6,"my_board":[],"opponent_board":[]},{"turn":10,"cards_played":["Sludge Belcher"],"current_player":"opponent","my_health":30,"opponent_health":30,"my_armor":6,"opponent_armor":5,"my_hand":6,"opponent_hand":6,"my_board":[],"opponent_board":[{"card_name":"Sludge Belcher","card_health":5,"card_attack":3}]},{"turn":11,"cards_played":["Slam","Armor Up!"],"current_player":"me","my_health":30,"opponent_health":30,"my_armor":5,"opponent_armor":5,"my_hand":7,"opponent_hand":6,"my_board":[],"opponent_board":[{"card_name":"Slime","card_health":2,"card_attack":1}]},{"turn":12,"cards_played":["Justicar Trueheart"],"current_player":"opponent","my_health":30,"opponent_health":30,"my_armor":4,"opponent_armor":5,"my_hand":7,"opponent_hand":6,"my_board":[],"opponent_board":[{"card_name":"Justicar Trueheart","card_health":3,"card_attack":6},{"card_name":"Slime","card_health":2,"card_attack":1}]},{"turn":13,"cards_played":["Unstable Ghoul","Grim Patron"],"current_player":"me","my_health":30,"opponent_health":30,"my_armor":4,"opponent_armor":5,"my_hand":6,"opponent_hand":6,"my_board":[{"card_name":"Grim Patron","card_health":3,"card_attack":3},{"card_name":"Unstable Ghoul","card_health":3,"card_attack":1}],"opponent_board":[{"card_name":"Justicar Trueheart","card_health":3,"card_attack":6},{"card_name":"Slime","card_health":2,"card_attack":1}]},{"turn":14,"cards_played":["Execute","Shieldmaiden"],"current_player":"opponent","my_health":30,"opponent_health":30,"my_armor":4,"opponent_armor":2,"my_hand":6,"opponent_hand":5,"my_board":[],"opponent_board":[{"card_name":"Shieldmaiden","card_health":5,"card_attack":5}]},{"turn":15,"cards_played":["Loatheb","Armor Up!"],"current_player":"me","my_health":30,"opponent_health":30,"my_armor":6,"opponent_armor":7,"my_hand":6,"opponent_hand":5,"my_board":[{"card_name":"Loatheb","card_health":5,"card_attack":5}],"opponent_board":[{"card_name":"Shieldmaiden","card_health":5,"card_attack":5}]},{"turn":16,"cards_played":["Baron Geddon"],"current_player":"opponent","my_health":30,"opponent_health":30,"my_armor":6,"opponent_armor":7,"my_hand":6,"opponent_hand":5,"my_board":[],"opponent_board":[{"card_name":"Baron Geddon","card_health":5,"card_attack":7}]},{"turn":17,"cards_played":["Gnomish Inventor","Armor Up!"],"current_player":"me","my_health":30,"opponent_health":30,"my_armor":6,"opponent_armor":5,"my_hand":7,"opponent_hand":5,"my_board":[{"card_name":"Gnomish Inventor","card_health":4,"card_attack":2}],"opponent_board":[{"card_name":"Baron Geddon","card_health":5,"card_attack":7}]},{"turn":18,"cards_played":["Fiery War Axe","Tank Up!"],"current_player":"opponent","my_health":27,"opponent_health":30,"my_armor":0,"opponent_armor":5,"my_hand":7,"opponent_hand":5,"my_board":[],"opponent_board":[{"card_name":"Baron Geddon","card_health":5,"card_attack":7}]},{"turn":19,"cards_played":["Shield Block","Fiery War Axe","Execute","Armor Up!"],"current_player":"me","my_health":25,"opponent_health":30,"my_armor":2,"opponent_armor":5,"my_hand":6,"opponent_hand":5,"my_board":[],"opponent_board":[]},{"turn":20,"cards_played":["Harrison Jones","Death's Bite"],"current_player":"opponent","my_health":24,"opponent_health":30,"my_armor":0,"opponent_armor":5,"my_hand":6,"opponent_hand":5,"my_board":[],"opponent_board":[{"card_name":"Harrison Jones","card_health":4,"card_attack":5}]},{"turn":21,"cards_played":["Battle Rage","Acolyte of Pain","Armor Up!"],"current_player":"me","my_health":24,"opponent_health":30,"my_armor":2,"opponent_armor":5,"my_hand":6,"opponent_hand":5,"my_board":[{"card_name":"Acolyte of Pain","card_health":3,"card_attack":1}],"opponent_board":[{"card_name":"Harrison Jones","card_health":4,"card_attack":5}]},{"turn":22,"cards_played":["Sludge Belcher","Tank Up!"],"current_player":"opponent","my_health":17,"opponent_health":30,"my_armor":0,"opponent_armor":9,"my_hand":6,"opponent_hand":5,"my_board":[{"card_name":"Acolyte of Pain","card_health":3,"card_attack":1}],"opponent_board":[{"card_name":"Sludge Belcher","card_health":5,"card_attack":3},{"card_name":"Harrison Jones","card_health":4,"card_attack":5}]},{"turn":23,"cards_played":["Grim Patron","Whirlwind","Whirlwind","Armor Up!"],"current_player":"me","my_health":17,"opponent_health":30,"my_armor":2,"opponent_armor":9,"my_hand":7,"opponent_hand":5,"my_board":[{"card_name":"Grim Patron","card_health":1,"card_attack":3},{"card_name":"Grim Patron","card_health":2,"card_attack":3},{"card_name":"Grim Patron","card_health":3,"card_attack":3},{"card_name":"Grim Patron","card_health":3,"card_attack":3}],"opponent_board":[{"card_name":"Sludge Belcher","card_health":2,"card_attack":3},{"card_name":"Harrison Jones","card_health":2,"card_attack":5}]},{"turn":24,"cards_played":["Grommash Hellscream"],"current_player":"opponent","my_health":15,"opponent_health":30,"my_armor":0,"opponent_armor":9,"my_hand":7,"opponent_hand":5,"my_board":[{"card_name":"Grim Patron","card_health":1,"card_attack":3},{"card_name":"Grim Patron","card_health":2,"card_attack":3},{"card_name":"Grim Patron","card_health":2,"card_attack":3},{"card_name":"Grim Patron","card_health":3,"card_attack":3},{"card_name":"Grim Patron","card_health":3,"card_attack":3},{"card_name":"Grim Patron","card_health":3,"card_attack":3}],"opponent_board":[{"card_name":"Sludge Belcher","card_health":1,"card_attack":3},{"card_name":"Grommash Hellscream","card_health":8,"card_attack":10},{"card_name":"Harrison Jones","card_health":1,"card_attack":5}]}],"result":"defeat"}