{"plays":[{"turn":1,"cards_played":[],"current_player":"me","my_health":0,"opponent_health":0,"my_armor":0,"opponent_armor":0,"my_hand":0,"opponent_hand":1,"my_board":[],"opponent_board":[]},{"turn":2,"cards_played":[],"current_player":"opponent","my_health":30,"opponent_health":30,"my_armor":0,"opponent_armor":0,"my_hand":4,"opponent_hand":6,"my_board":[],"opponent_board":[]},{"turn":3,"cards_played":["Armor Up!"],"current_player":"me","my_health":30,"opponent_health":30,"my_armor":2,"opponent_armor":0,"my_hand":5,"opponent_hand":6,"my_board":[],"opponent_board":[]},{"turn":4,"cards_played":["Fireblast","Fireblast"],"current_player":"opponent","my_health":30,"opponent_health":30,"my_armor":1,"opponent_armor":0,"my_hand":5,"opponent_hand":7,"my_board":[],"opponent_board":[]},{"turn":5,"cards_played":["Armor Up!"],"current_player":"me","my_health":30,"opponent_health":30,"my_armor":3,"opponent_armor":0,"my_hand":6,"opponent_hand":7,"my_board":[],"opponent_board":[]},{"turn":6,"cards_played":["The Coin","Piloted Shredder"],"current_player":"opponent","my_health":30,"opponent_health":30,"my_armor":3,"opponent_armor":0,"my_hand":6,"opponent_hand":6,"my_board":[],"opponent_board":[{"card_name":"Piloted Shredder","card_health":3,"card_attack":4}]},{"turn":7,"cards_played":["Death's Bite"],"current_player":"me","my_health":29,"opponent_health":30,"my_armor":0,"opponent_armor":0,"my_hand":6,"opponent_hand":6,"my_board":[],"opponent_board":[{"card_name":"Sparring Partner","card_health":2,"card_attack":3}]},{"turn":8,"cards_played":["Sorcerer's Apprentice","Frostbolt"],"current_player":"opponent","my_health":23,"opponent_health":30,"my_armor":0,"opponent_armor":0,"my_hand":6,"opponent_hand":5,"my_board":[],"opponent_board":[{"card_name":"Sorcerer's Apprentice","card_health":2,"card_attack":3},{"card_name":"Sparring Partner","card_health":2,"card_attack":3}]},{"turn":9,"cards_played":["Gnomish Inventor"],"current_player":"me","my_health":23,"opponent_health":30,"my_armor":0,"opponent_armor":0,"my_hand":7,"opponent_hand":5,"my_board":[{"card_name":"Gnomish Inventor","card_health":4,"card_attack":2}],"opponent_board":[{"card_name":"Sorcerer's Apprentice","card_health":2,"card_attack":3},{"card_name":"Sparring Partner","card_health":2,"card_attack":3}]},{"turn":10,"cards_played":["Mana Wyrm","Frostbolt","Fireball"],"current_player":"opponent","my_health":8,"opponent_health":30,"my_armor":0,"opponent_armor":0,"my_hand":7,"opponent_hand":3,"my_board":[{"card_name":"Gnomish Inventor","card_health":4,"card_attack":2}],"opponent_board":[{"card_name":"Mana Wyrm","card_health":3,"card_attack":3},{"card_name":"Sorcerer's Apprentice","card_health":2,"card_attack":3},{"card_name":"Sparring Partner","card_health":2,"card_attack":3}]},{"turn":11,"cards_played":["Armorsmith","Whirlwind","Battle Rage","Whirlwind","Inner Rage"],"current_player":"me","my_health":8,"opponent_health":28,"my_armor":4,"opponent_armor":0,"my_hand":6,"opponent_hand":3,"my_board":[{"card_name":"Gnomish Inventor","card_health":2,"card_attack":2},{"card_name":"Armorsmith","card_health":2,"card_attack":1}],"opponent_board":[]},{"turn":12,"cards_played":["Flamewaker","Arcane Blast","Fireblast","Fireblast"],"current_player":"opponent","my_health":8,"opponent_health":28,"my_armor":5,"opponent_armor":0,"my_hand":6,"opponent_hand":2,"my_board":[],"opponent_board":[{"card_name":"Flamewaker","card_health":4,"card_attack":2}]},{"turn":13,"cards_played":["Loatheb","Armor Up!"],"current_player":"me","my_health":8,"opponent_health":28,"my_armor":5,"opponent_armor":0,"my_hand":6,"opponent_hand":2,"my_board":[{"card_name":"Loatheb","card_health":5,"card_attack":5}],"opponent_board":[]},{"turn":14,"cards_played":["Azure Drake","Fireblast","Fireblast"],"current_player":"opponent","my_health":8,"opponent_health":28,"my_armor":5,"opponent_armor":0,"my_hand":6,"opponent_hand":3,"my_board":[{"card_name":"Loatheb","card_health":4,"card_attack":5}],"opponent_board":[{"card_name":"Azure Drake","card_health":4,"card_attack":4}]},{"turn":15,"cards_played":["Battle Rage","Emperor Thaurissan"],"current_player":"me","my_health":8,"opponent_health":28,"my_armor":5,"opponent_armor":0,"my_hand":7,"opponent_hand":3,"my_board":[{"card_name":"Emperor Thaurissan","card_health":5,"card_attack":5}],"opponent_board":[]},{"turn":16,"cards_played":["Ethereal Conjurer"],"current_player":"opponent","my_health":8,"opponent_health":28,"my_armor":5,"opponent_armor":0,"my_hand":7,"opponent_hand":3,"my_board":[{"card_name":"Emperor Thaurissan","card_health":5,"card_attack":5}],"opponent_board":[{"card_name":"Ethereal Conjurer","card_health":3,"card_attack":6}]},{"turn":17,"cards_played":["Slam","Slam","Inner Rage","Armor Up!","Fiery War Axe"],"current_player":"me","my_health":8,"opponent_health":20,"my_armor":7,"opponent_armor":0,"my_hand":5,"opponent_hand":3,"my_board":[{"card_name":"Emperor Thaurissan","card_health":5,"card_attack":5}],"opponent_board":[]},{"turn":18,"cards_played":["Flamewaker","Arcane Intellect","Mad Scientist"],"current_player":"opponent","my_health":8,"opponent_health":20,"my_armor":6,"opponent_armor":0,"my_hand":5,"opponent_hand":3,"my_board":[{"card_name":"Emperor Thaurissan","card_health":4,"card_attack":5}],"opponent_board":[{"card_name":"Mad Scientist","card_health":2,"card_attack":2},{"card_name":"Flamewaker","card_health":4,"card_attack":2}]},{"turn":19,"cards_played":["Grim Patron","Armor Up!"],"current_player":"me","my_health":8,"opponent_health":20,"my_armor":6,"opponent_armor":0,"my_hand":5,"opponent_hand":3,"my_board":[{"card_name":"Emperor Thaurissan","card_health":2,"card_attack":5},{"card_name":"Grim Patron","card_health":3,"card_attack":3}],"opponent_board":[]},{"turn":20,"cards_played":["Azure Drake","Water Elemental"],"current_player":"opponent","my_health":8,"opponent_health":20,"my_armor":6,"opponent_armor":0,"my_hand":5,"opponent_hand":3,"my_board":[{"card_name":"Emperor Thaurissan","card_health":2,"card_attack":5},{"card_name":"Grim Patron","card_health":3,"card_attack":3}],"opponent_board":[{"card_name":"Azure Drake","card_health":4,"card_attack":4},{"card_name":"Water Elemental","card_health":6,"card_attack":3}]},{"turn":21,"cards_played":["Unstable Ghoul","Fiery War Axe","Armor Up!"],"current_player":"me","my_health":8,"opponent_health":20,"my_armor":4,"opponent_armor":0,"my_hand":4,"opponent_hand":3,"my_board":[{"card_name":"Grim Patron","card_health":3,"card_attack":3},{"card_name":"Unstable Ghoul","card_health":3,"card_attack":1}],"opponent_board":[{"card_name":"Azure Drake","card_health":1,"card_attack":4},{"card_name":"Water Elemental","card_health":1,"card_attack":3}]},{"turn":22,"cards_played":["Ethereal Conjurer","Polymorph: Boar","Sorcerer's Apprentice","Arcane Missiles","Arcane Missiles"],"current_player":"opponent","my_health":5,"opponent_health":20,"my_armor":0,"opponent_armor":0,"my_hand":4,"opponent_hand":0,"my_board":[],"opponent_board":[{"card_name":"Sorcerer's Apprentice","card_health":2,"card_attack":3},{"card_name":"Ethereal Conjurer","card_health":3,"card_attack":6},{"card_name":"Water Elemental","card_health":1,"card_attack":3}]},{"turn":23,"cards_played":["Rampage","Brawl","Armor Up!"],"current_player":"me","my_health":5,"opponent_health":20,"my_armor":2,"opponent_armor":0,"my_hand":3,"opponent_hand":0,"my_board":[],"opponent_board":[{"card_name":"Sorcerer's Apprentice","card_health":2,"card_attack":3}]},{"turn":24,"cards_played":["Water Elemental","Fireblast","Fireblast"],"current_player":"opponent","my_health":3,"opponent_health":20,"my_armor":0,"opponent_armor":0,"my_hand":3,"opponent_hand":0,"my_board":[],"opponent_board":[{"card_name":"Water Elemental","card_health":6,"card_attack":3},{"card_name":"Sorcerer's Apprentice","card_health":2,"card_attack":3}]},{"turn":25,"cards_played":["Unstable Ghoul","Raging Worgen","Armor Up!","Death's Bite"],"current_player":"me","my_health":2,"opponent_health":20,"my_armor":0,"opponent_armor":0,"my_hand":1,"opponent_hand":0,"my_board":[{"card_name":"Unstable Ghoul","card_health":3,"card_attack":1},{"card_name":"Raging Worgen","card_health":3,"card_attack":3}],"opponent_board":[{"card_name":"Water Elemental","card_health":6,"card_attack":3}]},{"turn":26,"cards_played":["Fireblast","Fireblast"],"current_player":"opponent","my_health":2,"opponent_health":20,"my_armor":0,"opponent_armor":0,"my_hand":1,"opponent_hand":0,"my_board":[{"card_name":"Raging Worgen","card_health":1,"card_attack":4}],"opponent_board":[{"card_name":"Water Elemental","card_health":4,"card_attack":3}]},{"turn":27,"cards_played":["Acolyte of Pain","Armor Up!"],"current_player":"me","my_health":1,"opponent_health":16,"my_armor":2,"opponent_armor":0,"my_hand":1,"opponent_hand":1,"my_board":[{"card_name":"Acolyte of Pain","card_health":3,"card_attack":1}],"opponent_board":[]},{"turn":28,"cards_played":["Archmage Antonidas","Flamecannon"],"current_player":"opponent","my_health":1,"opponent_health":16,"my_armor":2,"opponent_armor":0,"my_hand":2,"opponent_hand":1,"my_board":[],"opponent_board":[{"card_name":"Archmage Antonidas","card_health":7,"card_attack":5}]},{"turn":29,"cards_played":["Shield Block","Grim Patron","Execute","Armor Up!"],"current_player":"me","my_health":1,"opponent_health":12,"my_armor":9,"opponent_armor":0,"my_hand":1,"opponent_hand":1,"my_board":[{"card_name":"Grim Patron","card_health":2,"card_attack":3},{"card_name":"Grim Patron","card_health":3,"card_attack":3}],"opponent_board":[]},{"turn":30,"cards_played":["Fireblast","Fireblast"],"current_player":"opponent","my_health":1,"opponent_health":12,"my_armor":8,"opponent_armor":0,"my_hand":1,"opponent_hand":2,"my_board":[{"card_name":"Grim Patron","card_health":2,"card_attack":3},{"card_name":"Grim Patron","card_health":3,"card_attack":3}],"opponent_board":[]},{"turn":31,"cards_played":["Armor Up!"],"current_player":"me","my_health":1,"opponent_health":6,"my_armor":10,"opponent_armor":0,"my_hand":2,"opponent_hand":2,"my_board":[{"card_name":"Grim Patron","card_health":2,"card_attack":3},{"card_name":"Grim Patron","card_health":3,"card_attack":3}],"opponent_board":[]},{"turn":32,"cards_played":["Mana Wyrm","Fireball","Mad Scientist","Fireblast"],"current_player":"opponent","my_health":1,"opponent_health":6,"my_armor":9,"opponent_armor":0,"my_hand":2,"opponent_hand":0,"my_board":[{"card_name":"Grim Patron","card_health":2,"card_attack":3}],"opponent_board":[{"card_name":"Mana Wyrm","card_health":3,"card_attack":2},{"card_name":"Mad Scientist","card_health":2,"card_attack":2}]},{"turn":33,"cards_played":["Shield Block","Acolyte of Pain","Charge"],"current_player":"me","my_health":1,"opponent_health":0,"my_armor":14,"opponent_armor":0,"my_hand":1,"opponent_hand":0,"my_board":[{"card_name":"Grim Patron","card_health":2,"card_attack":3},{"card_name":"Acolyte of Pain","card_health":3,"card_attack":3}],"opponent_board":[{"card_name":"Mana Wyrm","card_health":3,"card_attack":2},{"card_name":"Mad Scientist","card_health":2,"card_attack":2}]}],"result":"victory"}