{"plays":[{"turn":1,"cards_played":[],"current_player":"me","my_health":0,"opponent_health":30,"my_armor":0,"opponent_armor":0,"my_hand":0,"opponent_hand":1,"my_board":[],"opponent_board":[]},{"turn":2,"cards_played":[],"current_player":"me","my_health":30,"opponent_health":30,"my_armor":0,"opponent_armor":0,"my_hand":6,"opponent_hand":4,"my_board":[],"opponent_board":[]},{"turn":3,"cards_played":["Armor Up!"],"current_player":"opponent","my_health":30,"opponent_health":30,"my_armor":0,"opponent_armor":2,"my_hand":6,"opponent_hand":5,"my_board":[],"opponent_board":[]},{"turn":4,"cards_played":["Armor Up!"],"current_player":"me","my_health":30,"opponent_health":30,"my_armor":2,"opponent_armor":2,"my_hand":7,"opponent_hand":5,"my_board":[],"opponent_board":[]},{"turn":5,"cards_played":["Shield Block"],"current_player":"opponent","my_health":30,"opponent_health":30,"my_armor":2,"opponent_armor":7,"my_hand":7,"opponent_hand":6,"my_board":[],"opponent_board":[]},{"turn":6,"cards_played":["Armor Up!"],"current_player":"me","my_health":30,"opponent_health":30,"my_armor":4,"opponent_armor":7,"my_hand":8,"opponent_hand":6,"my_board":[],"opponent_board":[]},{"turn":7,"cards_played":["Gnomish Inventor"],"current_player":"opponent","my_health":30,"opponent_health":30,"my_armor":4,"opponent_armor":7,"my_hand":8,"opponent_hand":7,"my_board":[],"opponent_board":[{"card_name":"Gnomish Inventor","card_health":4,"card_attack":2}]},{"turn":8,"cards_played":["Death's Bite"],"current_player":"me","my_health":30,"opponent_health":30,"my_armor":2,"opponent_armor":7,"my_hand":8,"opponent_hand":7,"my_board":[],"opponent_board":[]},{"turn":9,"cards_played":["Death's Bite"],"current_player":"opponent","my_health":30,"opponent_health":30,"my_armor":2,"opponent_armor":7,"my_hand":8,"opponent_hand":7,"my_board":[],"opponent_board":[]},{"turn":10,"cards_played":["Grim Patron","Inner Rage"],"current_player":"me","my_health":30,"opponent_health":30,"my_armor":2,"opponent_armor":3,"my_hand":7,"opponent_hand":7,"my_board":[{"card_name":"Grim Patron","card_health":1,"card_attack":5},{"card_name":"Grim Patron","card_health":2,"card_attack":3},{"card_name":"Grim Patron","card_health":3,"card_attack":3},{"card_name":"Grim Patron","card_health":3,"card_attack":3}],"opponent_board":[]},{"turn":11,"cards_played":["Brawl"],"current_player":"opponent","my_health":30,"opponent_health":30,"my_armor":2,"opponent_armor":0,"my_hand":7,"opponent_hand":7,"my_board":[],"opponent_board":[]},{"turn":12,"cards_played":["Fiery War Axe","Armor Up!"],"current_player":"me","my_health":30,"opponent_health":30,"my_armor":4,"opponent_armor":0,"my_hand":7,"opponent_hand":7,"my_board":[],"opponent_board":[]},{"turn":13,"cards_played":["Justicar Trueheart"],"current_player":"opponent","my_health":30,"opponent_health":30,"my_armor":4,"opponent_armor":0,"my_hand":7,"opponent_hand":7,"my_board":[],"opponent_board":[{"card_name":"Justicar Trueheart","card_health":3,"card_attack":6}]},{"turn":14,"cards_played":["Armor Up!"],"current_player":"me","my_health":28,"opponent_health":30,"my_armor":2,"opponent_armor":0,"my_hand":8,"opponent_hand":7,"my_board":[],"opponent_board":[]},{"turn":15,"cards_played":["Ragnaros the Firelord"],"current_player":"opponent","my_health":28,"opponent_health":30,"my_armor":2,"opponent_armor":0,"my_hand":8,"opponent_hand":7,"my_board":[],"opponent_board":[{"card_name":"Ragnaros the Firelord","card_health":8,"card_attack":8}]},{"turn":16,"cards_played":["Battle Rage","Armorsmith","Armorsmith","Armor Up!"],"current_player":"me","my_health":22,"opponent_health":30,"my_armor":2,"opponent_armor":0,"my_hand":7,"opponent_hand":7,"my_board":[{"card_name":"Armorsmith","card_health":4,"card_attack":1},{"card_name":"Armorsmith","card_health":4,"card_attack":1}],"opponent_board":[{"card_name":"Ragnaros the Firelord","card_health":8,"card_attack":8}]},{"turn":17,"cards_played":["Sen'jin Shieldmasta","Sludge Belcher"],"current_player":"opponent","my_health":22,"opponent_health":29,"my_armor":5,"opponent_armor":0,"my_hand":7,"opponent_hand":6,"my_board":[{"card_name":"Armorsmith","card_health":3,"card_attack":1}],"opponent_board":[{"card_name":"Ragnaros the Firelord","card_health":7,"card_attack":8},{"card_name":"Sludge Belcher","card_health":5,"card_attack":3},{"card_name":"Sen'jin Shieldmasta","card_health":5,"card_attack":3}]},{"turn":18,"cards_played":["Battle Rage","Execute","Slam","Shield Block"],"current_player":"me","my_health":16,"opponent_health":29,"my_armor":6,"opponent_armor":0,"my_hand":8,"opponent_hand":6,"my_board":[{"card_name":"Armorsmith","card_health":2,"card_attack":1}],"opponent_board":[{"card_name":"Sen'jin Shieldmasta","card_health":5,"card_attack":3},{"card_name":"Slime","card_health":1,"card_attack":1}]},{"turn":19,"cards_played":["Alexstrasza"],"current_player":"opponent","my_health":15,"opponent_health":29,"my_armor":8,"opponent_armor":0,"my_hand":8,"opponent_hand":6,"my_board":[],"opponent_board":[{"card_name":"Alexstrasza","card_health":8,"card_attack":8},{"card_name":"Sen'jin Shieldmasta","card_health":4,"card_attack":3}]},{"turn":20,"cards_played":["Emperor Thaurissan","Acolyte of Pain"],"current_player":"me","my_health":15,"opponent_health":29,"my_armor":8,"opponent_armor":0,"my_hand":7,"opponent_hand":6,"my_board":[{"card_name":"Acolyte of Pain","card_health":3,"card_attack":1},{"card_name":"Emperor Thaurissan","card_health":5,"card_attack":5}],"opponent_board":[{"card_name":"Alexstrasza","card_health":8,"card_attack":8},{"card_name":"Sen'jin Shieldmasta","card_health":4,"card_attack":3}]},{"turn":21,"cards_played":["Kel'Thuzad","Fiery War Axe"],"current_player":"opponent","my_health":15,"opponent_health":24,"my_armor":0,"opponent_armor":0,"my_hand":7,"opponent_hand":5,"my_board":[{"card_name":"Acolyte of Pain","card_health":3,"card_attack":1}],"opponent_board":[{"card_name":"Alexstrasza","card_health":8,"card_attack":8},{"card_name":"Kel'Thuzad","card_health":8,"card_attack":6},{"card_name":"Sen'jin Shieldmasta","card_health":5,"card_attack":3}]},{"turn":22,"cards_played":["Warsong Commander","Grim Patron","Frothing Berserker","Whirlwind","Fiery War Axe","Whirlwind"],"current_player":"me","my_health":12,"opponent_health":0,"my_armor":0,"opponent_armor":0,"my_hand":4,"opponent_hand":5,"my_board":[{"card_name":"Frothing Berserker","card_health":2,"card_attack":18},{"card_name":"Grim Patron","card_health":1,"card_attack":3},{"card_name":"Warsong Commander","card_health":1,"card_attack":2},{"card_name":"Grim Patron","card_health":2,"card_attack":3},{"card_name":"Grim Patron","card_health":3,"card_attack":3},{"card_name":"Grim Patron","card_health":3,"card_attack":3}],"opponent_board":[{"card_name":"Alexstrasza","card_health":6,"card_attack":8},{"card_name":"Kel'Thuzad","card_health":6,"card_attack":6}]}],"result":"victory"}