{"plays":[{"turn":1,"cards_played":[],"current_player":"me","my_health":0,"opponent_health":0,"my_armor":0,"opponent_armor":0,"my_hand":0,"opponent_hand":1,"my_board":[],"opponent_board":[]},{"turn":2,"cards_played":["Zombie Chow","The Coin","Fiery War Axe"],"current_player":"me","my_health":28,"opponent_health":30,"my_armor":0,"opponent_armor":0,"my_hand":4,"opponent_hand":3,"my_board":[],"opponent_board":[]},{"turn":3,"cards_played":["Lesser Heal","Lesser Heal"],"current_player":"opponent","my_health":30,"opponent_health":30,"my_armor":0,"opponent_armor":0,"my_hand":4,"opponent_hand":4,"my_board":[],"opponent_board":[]},{"turn":4,"cards_played":["Armorsmith"],"current_player":"me","my_health":30,"opponent_health":30,"my_armor":0,"opponent_armor":0,"my_hand":4,"opponent_hand":4,"my_board":[{"card_name":"Armorsmith","card_health":4,"card_attack":1}],"opponent_board":[]},{"turn":5,"cards_played":["Lesser Heal"],"current_player":"opponent","my_health":30,"opponent_health":30,"my_armor":0,"opponent_armor":0,"my_hand":4,"opponent_hand":5,"my_board":[{"card_name":"Armorsmith","card_health":4,"card_attack":1}],"opponent_board":[]},{"turn":6,"cards_played":["Shield Block"],"current_player":"me","my_health":30,"opponent_health":29,"my_armor":5,"opponent_armor":0,"my_hand":5,"opponent_hand":5,"my_board":[{"card_name":"Armorsmith","card_health":4,"card_attack":1}],"opponent_board":[]},{"turn":7,"cards_played":["Elise Starseeker"],"current_player":"opponent","my_health":30,"opponent_health":29,"my_armor":5,"opponent_armor":0,"my_hand":5,"opponent_hand":5,"my_board":[{"card_name":"Armorsmith","card_health":4,"card_attack":1}],"opponent_board":[{"card_name":"Elise Starseeker","card_health":5,"card_attack":3}]},{"turn":8,"cards_played":["Slam","Unstable Ghoul"],"current_player":"me","my_health":30,"opponent_health":28,"my_armor":2,"opponent_armor":0,"my_hand":5,"opponent_hand":5,"my_board":[{"card_name":"Unstable Ghoul","card_health":3,"card_attack":1},{"card_name":"Armorsmith","card_health":4,"card_attack":1}],"opponent_board":[]},{"turn":9,"cards_played":["Sludge Belcher"],"current_player":"opponent","my_health":30,"opponent_health":28,"my_armor":2,"opponent_armor":0,"my_hand":5,"opponent_hand":5,"my_board":[{"card_name":"Unstable Ghoul","card_health":3,"card_attack":1},{"card_name":"Armorsmith","card_health":4,"card_attack":1}],"opponent_board":[{"card_name":"Sludge Belcher","card_health":5,"card_attack":3}]},{"turn":10,"cards_played":["Death's Bite"],"current_player":"me","my_health":29,"opponent_health":28,"my_armor":1,"opponent_armor":0,"my_hand":5,"opponent_hand":5,"my_board":[{"card_name":"Unstable Ghoul","card_health":3,"card_attack":1},{"card_name":"Armorsmith","card_health":1,"card_attack":1}],"opponent_board":[{"card_name":"Slime","card_health":2,"card_attack":1}]},{"turn":11,"cards_played":["Lightbomb"],"current_player":"opponent","my_health":29,"opponent_health":28,"my_armor":3,"opponent_armor":0,"my_hand":5,"opponent_hand":5,"my_board":[{"card_name":"Unstable Ghoul","card_health":2,"card_attack":1}],"opponent_board":[{"card_name":"Slime","card_health":1,"card_attack":1}]},{"turn":12,"cards_played":["Battle Rage","Shield Block"],"current_player":"me","my_health":29,"opponent_health":28,"my_armor":8,"opponent_armor":0,"my_hand":7,"opponent_hand":5,"my_board":[{"card_name":"Unstable Ghoul","card_health":1,"card_attack":1}],"opponent_board":[]},{"turn":13,"cards_played":["Cabal Shadow Priest"],"current_player":"opponent","my_health":29,"opponent_health":28,"my_armor":8,"opponent_armor":0,"my_hand":7,"opponent_hand":5,"my_board":[{"card_name":"Unstable Ghoul","card_health":1,"card_attack":1}],"opponent_board":[{"card_name":"Cabal Shadow Priest","card_health":5,"card_attack":4}]},{"turn":14,"cards_played":["Unstable Ghoul","Armor Up!"],"current_player":"me","my_health":29,"opponent_health":28,"my_armor":10,"opponent_armor":0,"my_hand":7,"opponent_hand":5,"my_board":[{"card_name":"Unstable Ghoul","card_health":3,"card_attack":1}],"opponent_board":[{"card_name":"Cabal Shadow Priest","card_health":5,"card_attack":4},{"card_name":"Unstable Ghoul","card_health":1,"card_attack":1}]},{"turn":15,"cards_played":["Lesser Heal","Lesser Heal","Deathlord","Power Word: Shield"],"current_player":"opponent","my_health":29,"opponent_health":28,"my_armor":9,"opponent_armor":0,"my_hand":7,"opponent_hand":5,"my_board":[],"opponent_board":[{"card_name":"Cabal Shadow Priest","card_health":3,"card_attack":4},{"card_name":"Deathlord","card_health":8,"card_attack":2},{"card_name":"Unstable Ghoul","card_health":2,"card_attack":1}]},{"turn":16,"cards_played":["Gnomish Inventor","Slam","Battle Rage"],"current_player":"me","my_health":29,"opponent_health":28,"my_armor":8,"opponent_armor":0,"my_hand":9,"opponent_hand":5,"my_board":[{"card_name":"Gnomish Inventor","card_health":2,"card_attack":2}],"opponent_board":[{"card_name":"Deathlord","card_health":8,"card_attack":2}]},{"turn":17,"cards_played":["Northshire Cleric","Lesser Heal","Lesser Heal","Velen's Chosen"],"current_player":"opponent","my_health":29,"opponent_health":28,"my_armor":4,"opponent_armor":0,"my_hand":9,"opponent_hand":5,"my_board":[{"card_name":"Gnomish Inventor","card_health":2,"card_attack":2}],"opponent_board":[{"card_name":"Deathlord","card_health":14,"card_attack":4},{"card_name":"Northshire Cleric","card_health":3,"card_attack":1}]},{"turn":18,"cards_played":["Execute","Acolyte of Pain","Death's Bite"],"current_player":"me","my_health":29,"opponent_health":28,"my_armor":3,"opponent_armor":0,"my_hand":7,"opponent_hand":5,"my_board":[{"card_name":"Acolyte of Pain","card_health":3,"card_attack":1},{"card_name":"Loatheb","card_health":5,"card_attack":5}],"opponent_board":[]},{"turn":19,"cards_played":["Cabal Shadow Priest","Velen's Chosen"],"current_player":"opponent","my_health":29,"opponent_health":28,"my_armor":3,"opponent_armor":0,"my_hand":7,"opponent_hand":4,"my_board":[{"card_name":"Loatheb","card_health":5,"card_attack":5}],"opponent_board":[{"card_name":"Cabal Shadow Priest","card_health":5,"card_attack":4},{"card_name":"Acolyte of Pain","card_health":3,"card_attack":1}]},{"turn":20,"cards_played":["Raging Worgen","Charge","Inner Rage","Inner Rage","Rampage","Cruel Taskmaster"],"current_player":"me","my_health":29,"opponent_health":-11,"my_armor":3,"opponent_armor":0,"my_hand":2,"opponent_hand":5,"my_board":[{"card_name":"Raging Worgen","card_health":2,"card_attack":15},{"card_name":"Cruel Taskmaster","card_health":1,"card_attack":2},{"card_name":"Loatheb","card_health":4,"card_attack":5}],"opponent_board":[{"card_name":"Cabal Shadow Priest","card_health":4,"card_attack":4},{"card_name":"Acolyte of Pain","card_health":6,"card_attack":3}]}],"result":"victory"}