{"plays":[{"turn":1,"cards_played":[],"current_player":"me","my_health":0,"opponent_health":0,"my_armor":0,"opponent_armor":0,"my_hand":0,"opponent_hand":1,"my_board":[],"opponent_board":[]},{"turn":2,"cards_played":[],"current_player":"opponent","my_health":30,"opponent_health":30,"my_armor":0,"opponent_armor":0,"my_hand":4,"opponent_hand":6,"my_board":[],"opponent_board":[]},{"turn":3,"cards_played":["Sir Finley Mrrgglton"],"current_player":"me","my_health":30,"opponent_health":30,"my_armor":0,"opponent_armor":0,"my_hand":4,"opponent_hand":6,"my_board":[{"card_name":"Sir Finley Mrrgglton","card_health":3,"card_attack":1}],"opponent_board":[]},{"turn":4,"cards_played":["The Coin","Tuskarr Totemic"],"current_player":"opponent","my_health":30,"opponent_health":30,"my_armor":0,"opponent_armor":0,"my_hand":4,"opponent_hand":5,"my_board":[{"card_name":"Sir Finley Mrrgglton","card_health":3,"card_attack":1}],"opponent_board":[{"card_name":"Tuskarr Totemic","card_health":2,"card_attack":3},{"card_name":"Healing Totem","card_health":2,"card_attack":0}]},{"turn":5,"cards_played":["Blood To Ichor","Shapeshift"],"current_player":"me","my_health":28,"opponent_health":30,"my_armor":0,"opponent_armor":0,"my_hand":4,"opponent_hand":5,"my_board":[{"card_name":"Sir Finley Mrrgglton","card_health":3,"card_attack":1},{"card_name":"Slime","card_health":2,"card_attack":2}],"opponent_board":[{"card_name":"Healing Totem","card_health":1,"card_attack":0}]},{"turn":6,"cards_played":["Disciple of C'Thun"],"current_player":"opponent","my_health":28,"opponent_health":30,"my_armor":0,"opponent_armor":0,"my_hand":4,"opponent_hand":5,"my_board":[{"card_name":"Sir Finley Mrrgglton","card_health":3,"card_attack":1}],"opponent_board":[{"card_name":"Disciple of C'Thun","card_health":1,"card_attack":2},{"card_name":"Healing Totem","card_health":1,"card_attack":0}]},{"turn":7,"cards_played":["Shapeshift","Battle Rage"],"current_player":"me","my_health":28,"opponent_health":30,"my_armor":1,"opponent_armor":0,"my_hand":6,"opponent_hand":5,"my_board":[{"card_name":"Sir Finley Mrrgglton","card_health":1,"card_attack":1}],"opponent_board":[{"card_name":"Healing Totem","card_health":1,"card_attack":0}]},{"turn":8,"cards_played":["Tuskarr Totemic"],"current_player":"opponent","my_health":28,"opponent_health":30,"my_armor":1,"opponent_armor":0,"my_hand":6,"opponent_hand":5,"my_board":[{"card_name":"Sir Finley Mrrgglton","card_health":1,"card_attack":1}],"opponent_board":[{"card_name":"Tuskarr Totemic","card_health":2,"card_attack":3},{"card_name":"Healing Totem","card_health":1,"card_attack":0},{"card_name":"Healing Totem","card_health":2,"card_attack":0}]},{"turn":9,"cards_played":["Ravaging Ghoul","Shapeshift"],"current_player":"me","my_health":28,"opponent_health":30,"my_armor":2,"opponent_armor":0,"my_hand":6,"opponent_hand":5,"my_board":[{"card_name":"Ravaging Ghoul","card_health":3,"card_attack":3}],"opponent_board":[{"card_name":"Healing Totem","card_health":1,"card_attack":0}]},{"turn":10,"cards_played":["Loot Hoarder","Loot Hoarder"],"current_player":"opponent","my_health":28,"opponent_health":30,"my_armor":2,"opponent_armor":0,"my_hand":6,"opponent_hand":4,"my_board":[{"card_name":"Ravaging Ghoul","card_health":3,"card_attack":3}],"opponent_board":[{"card_name":"Loot Hoarder","card_health":1,"card_attack":2},{"card_name":"Loot Hoarder","card_health":1,"card_attack":2},{"card_name":"Healing Totem","card_health":1,"card_attack":0}]},{"turn":11,"cards_played":["Grim Patron","Inner Rage","Whirlwind"],"current_player":"me","my_health":28,"opponent_health":30,"my_armor":2,"opponent_armor":0,"my_hand":4,"opponent_hand":6,"my_board":[{"card_name":"Grim Patron","card_health":1,"card_attack":5},{"card_name":"Ravaging Ghoul","card_health":2,"card_attack":3},{"card_name":"Grim Patron","card_health":2,"card_attack":3},{"card_name":"Grim Patron","card_health":3,"card_attack":3},{"card_name":"Grim Patron","card_health":3,"card_attack":3}],"opponent_board":[]},{"turn":12,"cards_played":["Fire Elemental"],"current_player":"opponent","my_health":28,"opponent_health":30,"my_armor":2,"opponent_armor":0,"my_hand":4,"opponent_hand":6,"my_board":[{"card_name":"Grim Patron","card_health":1,"card_attack":5},{"card_name":"Ravaging Ghoul","card_health":2,"card_attack":3},{"card_name":"Grim Patron","card_health":2,"card_attack":3},{"card_name":"Grim Patron","card_health":3,"card_attack":3}],"opponent_board":[{"card_name":"Fire Elemental","card_health":5,"card_attack":6}]},{"turn":13,"cards_played":["Acolyte of Pain","Shapeshift"],"current_player":"me","my_health":28,"opponent_health":20,"my_armor":3,"opponent_armor":0,"my_hand":4,"opponent_hand":6,"my_board":[{"card_name":"Acolyte of Pain","card_health":3,"card_attack":1},{"card_name":"Ravaging Ghoul","card_health":2,"card_attack":3},{"card_name":"Grim Patron","card_health":2,"card_attack":3},{"card_name":"Grim Patron","card_health":3,"card_attack":3}],"opponent_board":[]},{"turn":14,"cards_played":["Fire Elemental"],"current_player":"opponent","my_health":28,"opponent_health":20,"my_armor":3,"opponent_armor":0,"my_hand":4,"opponent_hand":6,"my_board":[{"card_name":"Acolyte of Pain","card_health":3,"card_attack":1},{"card_name":"Ravaging Ghoul","card_health":2,"card_attack":3},{"card_name":"Grim Patron","card_health":2,"card_attack":3}],"opponent_board":[{"card_name":"Fire Elemental","card_health":5,"card_attack":6}]},{"turn":15,"cards_played":["Frothing Berserker","Acolyte of Pain","Execute"],"current_player":"me","my_health":28,"opponent_health":14,"my_armor":3,"opponent_armor":0,"my_hand":3,"opponent_hand":6,"my_board":[{"card_name":"Acolyte of Pain","card_health":3,"card_attack":1},{"card_name":"Ravaging Ghoul","card_health":2,"card_attack":3},{"card_name":"Frothing Berserker","card_health":4,"card_attack":2},{"card_name":"Grim Patron","card_health":2,"card_attack":3}],"opponent_board":[]},{"turn":16,"cards_played":["C'Thun's Chosen","Thing from Below"],"current_player":"opponent","my_health":28,"opponent_health":14,"my_armor":3,"opponent_armor":0,"my_hand":3,"opponent_hand":5,"my_board":[{"card_name":"Acolyte of Pain","card_health":3,"card_attack":1},{"card_name":"Ravaging Ghoul","card_health":2,"card_attack":3},{"card_name":"Frothing Berserker","card_health":4,"card_attack":2},{"card_name":"Grim Patron","card_health":2,"card_attack":3}],"opponent_board":[{"card_name":"Thing from Below","card_health":5,"card_attack":5},{"card_name":"C'Thun's Chosen","card_health":2,"card_attack":4}]},{"turn":17,"cards_played":["Whirlwind","Kor'kron Elite","Shapeshift"],"current_player":"me","my_health":28,"opponent_health":-1,"my_armor":4,"opponent_armor":0,"my_hand":3,"opponent_hand":5,"my_board":[{"card_name":"Acolyte of Pain","card_health":2,"card_attack":1},{"card_name":"Ravaging Ghoul","card_health":1,"card_attack":3},{"card_name":"Frothing Berserker","card_health":3,"card_attack":9},{"card_name":"Grim Patron","card_health":1,"card_attack":3},{"card_name":"Grim Patron","card_health":3,"card_attack":3}],"opponent_board":[{"card_name":"C'Thun's Chosen","card_health":2,"card_attack":4}]}],"result":"victory"}