{"plays":[{"turn":1,"cards_played":[],"current_player":"opponent","my_health":0,"opponent_health":0,"my_armor":0,"opponent_armor":0,"my_hand":4,"opponent_hand":1,"my_board":[],"opponent_board":[]},{"turn":2,"cards_played":[],"current_player":"me","my_health":30,"opponent_health":30,"my_armor":0,"opponent_armor":0,"my_hand":6,"opponent_hand":4,"my_board":[],"opponent_board":[]},{"turn":3,"cards_played":["Mad Scientist"],"current_player":"opponent","my_health":30,"opponent_health":30,"my_armor":0,"opponent_armor":0,"my_hand":6,"opponent_hand":4,"my_board":[],"opponent_board":[{"card_name":"Mad Scientist","card_health":2,"card_attack":2}]},{"turn":4,"cards_played":["Unstable Ghoul"],"current_player":"me","my_health":30,"opponent_health":30,"my_armor":0,"opponent_armor":0,"my_hand":6,"opponent_hand":4,"my_board":[{"card_name":"Unstable Ghoul","card_health":3,"card_attack":1}],"opponent_board":[{"card_name":"Mad Scientist","card_health":2,"card_attack":2}]},{"turn":5,"cards_played":["Fireblast","Fireblast"],"current_player":"opponent","my_health":30,"opponent_health":30,"my_armor":0,"opponent_armor":0,"my_hand":6,"opponent_hand":5,"my_board":[],"opponent_board":[]},{"turn":6,"cards_played":["Armor Up!"],"current_player":"me","my_health":30,"opponent_health":30,"my_armor":2,"opponent_armor":0,"my_hand":7,"opponent_hand":5,"my_board":[],"opponent_board":[]},{"turn":7,"cards_played":["Fireblast","Fireblast"],"current_player":"opponent","my_health":30,"opponent_health":30,"my_armor":1,"opponent_armor":0,"my_hand":7,"opponent_hand":6,"my_board":[],"opponent_board":[]},{"turn":8,"cards_played":["Armor Up!"],"current_player":"me","my_health":30,"opponent_health":30,"my_armor":3,"opponent_armor":0,"my_hand":8,"opponent_hand":6,"my_board":[],"opponent_board":[]},{"turn":9,"cards_played":["Ethereal Conjurer"],"current_player":"opponent","my_health":30,"opponent_health":30,"my_armor":3,"opponent_armor":0,"my_hand":8,"opponent_hand":7,"my_board":[],"opponent_board":[{"card_name":"Ethereal Conjurer","card_health":3,"card_attack":6}]},{"turn":10,"cards_played":["Death's Bite"],"current_player":"me","my_health":27,"opponent_health":30,"my_armor":0,"opponent_armor":0,"my_hand":8,"opponent_hand":9,"my_board":[],"opponent_board":[]},{"turn":11,"cards_played":["Ethereal Conjurer"],"current_player":"opponent","my_health":27,"opponent_health":30,"my_armor":0,"opponent_armor":0,"my_hand":8,"opponent_hand":10,"my_board":[],"opponent_board":[{"card_name":"Ethereal Conjurer","card_health":3,"card_attack":6}]},{"turn":12,"cards_played":["Slam","The Coin","Grim Patron"],"current_player":"me","my_health":27,"opponent_health":26,"my_armor":0,"opponent_armor":0,"my_hand":7,"opponent_hand":10,"my_board":[{"card_name":"Grim Patron","card_health":2,"card_attack":3},{"card_name":"Grim Patron","card_health":3,"card_attack":3}],"opponent_board":[]},{"turn":13,"cards_played":["Frost Nova"],"current_player":"opponent","my_health":27,"opponent_health":26,"my_armor":0,"opponent_armor":0,"my_hand":7,"opponent_hand":8,"my_board":[{"card_name":"Grim Patron","card_health":2,"card_attack":3},{"card_name":"Grim Patron","card_health":3,"card_attack":3}],"opponent_board":[]},{"turn":14,"cards_played":["Armorsmith","Whirlwind","Battle Rage","Armor Up!"],"current_player":"me","my_health":27,"opponent_health":26,"my_armor":5,"opponent_armor":0,"my_hand":9,"opponent_hand":8,"my_board":[{"card_name":"Armorsmith","card_health":3,"card_attack":1},{"card_name":"Grim Patron","card_health":1,"card_attack":3},{"card_name":"Grim Patron","card_health":2,"card_attack":3},{"card_name":"Grim Patron","card_health":3,"card_attack":3},{"card_name":"Grim Patron","card_health":3,"card_attack":3}],"opponent_board":[]},{"turn":15,"cards_played":["Flamestrike"],"current_player":"opponent","my_health":27,"opponent_health":26,"my_armor":10,"opponent_armor":0,"my_hand":9,"opponent_hand":8,"my_board":[],"opponent_board":[]},{"turn":16,"cards_played":["Emperor Thaurissan","Armor Up!"],"current_player":"me","my_health":27,"opponent_health":26,"my_armor":12,"opponent_armor":0,"my_hand":9,"opponent_hand":8,"my_board":[{"card_name":"Emperor Thaurissan","card_health":5,"card_attack":5}],"opponent_board":[]},{"turn":17,"cards_played":["Ragnaros the Firelord"],"current_player":"opponent","my_health":27,"opponent_health":26,"my_armor":12,"opponent_armor":0,"my_hand":9,"opponent_hand":8,"my_board":[],"opponent_board":[{"card_name":"Ragnaros the Firelord","card_health":8,"card_attack":8}]},{"turn":18,"cards_played":["Slam","Slam","Whirlwind","Execute","Gnomish Inventor","Armor Up!"],"current_player":"me","my_health":27,"opponent_health":26,"my_armor":14,"opponent_armor":0,"my_hand":8,"opponent_hand":8,"my_board":[{"card_name":"Gnomish Inventor","card_health":4,"card_attack":2}],"opponent_board":[]},{"turn":19,"cards_played":["Ethereal Conjurer","Echo of Medivh"],"current_player":"opponent","my_health":27,"opponent_health":26,"my_armor":14,"opponent_armor":0,"my_hand":8,"opponent_hand":9,"my_board":[{"card_name":"Gnomish Inventor","card_health":4,"card_attack":2}],"opponent_board":[{"card_name":"Ethereal Conjurer","card_health":3,"card_attack":6}]},{"turn":20,"cards_played":["Fiery War Axe","Shield Block","Acolyte of Pain","Armor Up!"],"current_player":"me","my_health":27,"opponent_health":24,"my_armor":15,"opponent_armor":0,"my_hand":7,"opponent_hand":9,"my_board":[{"card_name":"Acolyte of Pain","card_health":3,"card_attack":1},{"card_name":"Gnomish Inventor","card_health":4,"card_attack":2}],"opponent_board":[]},{"turn":21,"cards_played":["Emperor Thaurissan","Frostbolt","Fireblast","Fireblast"],"current_player":"opponent","my_health":27,"opponent_health":24,"my_armor":15,"opponent_armor":0,"my_hand":7,"opponent_hand":8,"my_board":[{"card_name":"Acolyte of Pain","card_health":3,"card_attack":1}],"opponent_board":[{"card_name":"Emperor Thaurissan","card_health":5,"card_attack":5}]},{"turn":22,"cards_played":["Loatheb","Armor Up!"],"current_player":"me","my_health":27,"opponent_health":20,"my_armor":17,"opponent_armor":0,"my_hand":7,"opponent_hand":8,"my_board":[{"card_name":"Acolyte of Pain","card_health":3,"card_attack":1},{"card_name":"Loatheb","card_health":5,"card_attack":5}],"opponent_board":[{"card_name":"Emperor Thaurissan","card_health":5,"card_attack":5}]},{"turn":23,"cards_played":["Fireblast","Fireblast"],"current_player":"opponent","my_health":27,"opponent_health":20,"my_armor":16,"opponent_armor":0,"my_hand":8,"opponent_hand":8,"my_board":[{"card_name":"Loatheb","card_health":5,"card_attack":5}],"opponent_board":[{"card_name":"Emperor Thaurissan","card_health":4,"card_attack":5}]},{"turn":24,"cards_played":["Death's Bite","Armor Up!"],"current_player":"me","my_health":27,"opponent_health":15,"my_armor":13,"opponent_armor":0,"my_hand":8,"opponent_hand":8,"my_board":[{"card_name":"Loatheb","card_health":5,"card_attack":5}],"opponent_board":[]},{"turn":25,"cards_played":["Ethereal Conjurer","Polymorph","Fireblast","Fireblast"],"current_player":"opponent","my_health":27,"opponent_health":15,"my_armor":13,"opponent_armor":0,"my_hand":8,"opponent_hand":7,"my_board":[],"opponent_board":[{"card_name":"Ethereal Conjurer","card_health":3,"card_attack":6}]},{"turn":26,"cards_played":["Unstable Ghoul","Armor Up!"],"current_player":"me","my_health":27,"opponent_health":15,"my_armor":15,"opponent_armor":0,"my_hand":8,"opponent_hand":7,"my_board":[{"card_name":"Unstable Ghoul","card_health":3,"card_attack":1}],"opponent_board":[{"card_name":"Ethereal Conjurer","card_health":3,"card_attack":6}]},{"turn":27,"cards_played":["Eerie Statue","Spellbreaker","Echo of Medivh"],"current_player":"opponent","my_health":27,"opponent_health":15,"my_armor":15,"opponent_armor":0,"my_hand":8,"opponent_hand":8,"my_board":[],"opponent_board":[{"card_name":"Eerie Statue","card_health":7,"card_attack":7},{"card_name":"Spellbreaker","card_health":3,"card_attack":4},{"card_name":"Ethereal Conjurer","card_health":1,"card_attack":6}]},{"turn":28,"cards_played":["Shield Block","Acolyte of Pain","Armor Up!"],"current_player":"me","my_health":27,"opponent_health":15,"my_armor":22,"opponent_armor":0,"my_hand":8,"opponent_hand":8,"my_board":[{"card_name":"Acolyte of Pain","card_health":3,"card_attack":1}],"opponent_board":[{"card_name":"Eerie Statue","card_health":7,"card_attack":7},{"card_name":"Spellbreaker","card_health":3,"card_attack":4},{"card_name":"Ethereal Conjurer","card_health":1,"card_attack":6}]},{"turn":29,"cards_played":["Brann Bronzebeard","Antique Healbot","Fireblast","Fireblast"],"current_player":"opponent","my_health":27,"opponent_health":30,"my_armor":8,"opponent_armor":0,"my_hand":9,"opponent_hand":7,"my_board":[],"opponent_board":[{"card_name":"Brann Bronzebeard","card_health":4,"card_attack":2},{"card_name":"Eerie Statue","card_health":7,"card_attack":7},{"card_name":"Antique Healbot","card_health":3,"card_attack":3},{"card_name":"Spellbreaker","card_health":2,"card_attack":4},{"card_name":"Ethereal Conjurer","card_health":1,"card_attack":6}]},{"turn":30,"cards_played":["Brawl","Grim Patron"],"current_player":"me","my_health":27,"opponent_health":30,"my_armor":6,"opponent_armor":0,"my_hand":8,"opponent_hand":7,"my_board":[{"card_name":"Grim Patron","card_health":2,"card_attack":3},{"card_name":"Grim Patron","card_health":3,"card_attack":3}],"opponent_board":[]},{"turn":31,"cards_played":["Flamestrike","Eerie Statue"],"current_player":"opponent","my_health":27,"opponent_health":30,"my_armor":6,"opponent_armor":0,"my_hand":8,"opponent_hand":6,"my_board":[],"opponent_board":[{"card_name":"Eerie Statue","card_health":7,"card_attack":7}]},{"turn":32,"cards_played":["Fiery War Axe","Execute","Armor Up!"],"current_player":"me","my_health":25,"opponent_health":30,"my_armor":2,"opponent_armor":0,"my_hand":6,"opponent_hand":6,"my_board":[],"opponent_board":[]},{"turn":33,"cards_played":["Alexstrasza"],"current_player":"opponent","my_health":25,"opponent_health":30,"my_armor":2,"opponent_armor":0,"my_hand":6,"opponent_hand":6,"my_board":[],"opponent_board":[{"card_name":"Alexstrasza","card_health":8,"card_attack":8}]},{"turn":34,"cards_played":[],"current_player":"me","my_health":15,"opponent_health":30,"my_armor":0,"opponent_armor":0,"my_hand":6,"opponent_hand":6,"my_board":[],"opponent_board":[{"card_name":"Alexstrasza","card_health":8,"card_attack":8}]}],"result":"defeat"}