{"plays":[{"turn":1,"cards_played":[],"current_player":"opponent","my_health":0,"opponent_health":0,"my_armor":0,"opponent_armor":0,"my_hand":4,"opponent_hand":1,"my_board":[],"opponent_board":[]},{"turn":2,"cards_played":[],"current_player":"me","my_health":30,"opponent_health":30,"my_armor":0,"opponent_armor":0,"my_hand":6,"opponent_hand":4,"my_board":[],"opponent_board":[]},{"turn":3,"cards_played":["Museum Curator"],"current_player":"opponent","my_health":30,"opponent_health":30,"my_armor":0,"opponent_armor":0,"my_hand":6,"opponent_hand":5,"my_board":[],"opponent_board":[{"card_name":"Museum Curator","card_health":2,"card_attack":1}]},{"turn":4,"cards_played":["Armorsmith"],"current_player":"me","my_health":30,"opponent_health":30,"my_armor":0,"opponent_armor":0,"my_hand":6,"opponent_hand":5,"my_board":[{"card_name":"Armorsmith","card_health":4,"card_attack":1}],"opponent_board":[{"card_name":"Museum Curator","card_health":2,"card_attack":1}]},{"turn":5,"cards_played":["Museum Curator"],"current_player":"opponent","my_health":29,"opponent_health":30,"my_armor":0,"opponent_armor":0,"my_hand":6,"opponent_hand":6,"my_board":[{"card_name":"Armorsmith","card_health":4,"card_attack":1}],"opponent_board":[{"card_name":"Museum Curator","card_health":2,"card_attack":1},{"card_name":"Museum Curator","card_health":2,"card_attack":1}]},{"turn":6,"cards_played":["Armorsmith","Blood To Ichor"],"current_player":"me","my_health":29,"opponent_health":30,"my_armor":2,"opponent_armor":0,"my_hand":5,"opponent_hand":6,"my_board":[{"card_name":"Armorsmith","card_health":3,"card_attack":1},{"card_name":"Armorsmith","card_health":4,"card_attack":1},{"card_name":"Slime","card_health":2,"card_attack":2}],"opponent_board":[{"card_name":"Museum Curator","card_health":2,"card_attack":1}]},{"turn":7,"cards_played":["Shifting Shade"],"current_player":"opponent","my_health":29,"opponent_health":30,"my_armor":1,"opponent_armor":0,"my_hand":5,"opponent_hand":6,"my_board":[{"card_name":"Armorsmith","card_health":3,"card_attack":1},{"card_name":"Armorsmith","card_health":4,"card_attack":1},{"card_name":"Slime","card_health":2,"card_attack":2}],"opponent_board":[{"card_name":"Museum Curator","card_health":2,"card_attack":1},{"card_name":"Shifting Shade","card_health":3,"card_attack":4}]},{"turn":8,"cards_played":["Fiery War Axe","Armor Up!"],"current_player":"me","my_health":26,"opponent_health":28,"my_armor":4,"opponent_armor":0,"my_hand":5,"opponent_hand":7,"my_board":[{"card_name":"Armorsmith","card_health":3,"card_attack":1},{"card_name":"Armorsmith","card_health":4,"card_attack":1},{"card_name":"Slime","card_health":1,"card_attack":2}],"opponent_board":[]},{"turn":9,"cards_played":["Wild Pyromancer","Power Word: Shield","Lesser Heal","Lesser Heal"],"current_player":"opponent","my_health":26,"opponent_health":28,"my_armor":10,"opponent_armor":0,"my_hand":5,"opponent_hand":7,"my_board":[{"card_name":"Armorsmith","card_health":2,"card_attack":1},{"card_name":"Armorsmith","card_health":3,"card_attack":1}],"opponent_board":[{"card_name":"Wild Pyromancer","card_health":4,"card_attack":3}]},{"turn":10,"cards_played":["Bloodhoof Brave","Whirlwind"],"current_player":"me","my_health":26,"opponent_health":26,"my_armor":13,"opponent_armor":0,"my_hand":4,"opponent_hand":7,"my_board":[{"card_name":"Armorsmith","card_health":1,"card_attack":1},{"card_name":"Bloodhoof Brave","card_health":5,"card_attack":5},{"card_name":"Armorsmith","card_health":2,"card_attack":1}],"opponent_board":[]},{"turn":11,"cards_played":["Shadow Word: Death","Acolyte of Pain"],"current_player":"opponent","my_health":26,"opponent_health":26,"my_armor":13,"opponent_armor":0,"my_hand":4,"opponent_hand":6,"my_board":[{"card_name":"Armorsmith","card_health":1,"card_attack":1},{"card_name":"Armorsmith","card_health":2,"card_attack":1}],"opponent_board":[{"card_name":"Acolyte of Pain","card_health":3,"card_attack":1}]},{"turn":12,"cards_played":["Fiery War Axe","Armor Up!"],"current_player":"me","my_health":26,"opponent_health":24,"my_armor":14,"opponent_armor":0,"my_hand":4,"opponent_hand":7,"my_board":[{"card_name":"Armorsmith","card_health":1,"card_attack":1},{"card_name":"Armorsmith","card_health":2,"card_attack":1}],"opponent_board":[]},{"turn":13,"cards_played":["Cabal Shadow Priest"],"current_player":"opponent","my_health":26,"opponent_health":24,"my_armor":14,"opponent_armor":0,"my_hand":4,"opponent_hand":7,"my_board":[{"card_name":"Armorsmith","card_health":1,"card_attack":1},{"card_name":"Armorsmith","card_health":2,"card_attack":1}],"opponent_board":[{"card_name":"Cabal Shadow Priest","card_health":5,"card_attack":4}]},{"turn":14,"cards_played":["Bloodhoof Brave","Frothing Berserker"],"current_player":"me","my_health":26,"opponent_health":24,"my_armor":13,"opponent_armor":0,"my_hand":3,"opponent_hand":7,"my_board":[{"card_name":"Bloodhoof Brave","card_health":6,"card_attack":2},{"card_name":"Armorsmith","card_health":1,"card_attack":1},{"card_name":"Frothing Berserker","card_health":4,"card_attack":3}],"opponent_board":[{"card_name":"Cabal Shadow Priest","card_health":5,"card_attack":4}]},{"turn":15,"cards_played":["Shadow Word: Pain","Shifting Shade","Lesser Heal","Lesser Heal"],"current_player":"opponent","my_health":26,"opponent_health":24,"my_armor":14,"opponent_armor":0,"my_hand":3,"opponent_hand":6,"my_board":[{"card_name":"Armorsmith","card_health":1,"card_attack":1}],"opponent_board":[{"card_name":"Cabal Shadow Priest","card_health":4,"card_attack":4},{"card_name":"Shifting Shade","card_health":3,"card_attack":4}]},{"turn":16,"cards_played":[],"current_player":"me","my_health":26,"opponent_health":24,"my_armor":14,"opponent_armor":0,"my_hand":4,"opponent_hand":6,"my_board":[{"card_name":"Armorsmith","card_health":1,"card_attack":1}],"opponent_board":[{"card_name":"Cabal Shadow Priest","card_health":4,"card_attack":4},{"card_name":"Shifting Shade","card_health":3,"card_attack":4}]}],"result":"defeat"}