{"plays":[{"turn":1,"cards_played":[],"current_player":"me","my_health":0,"opponent_health":0,"my_armor":0,"opponent_armor":0,"my_hand":0,"opponent_hand":1,"my_board":[],"opponent_board":[]},{"turn":2,"cards_played":[],"current_player":"opponent","my_health":30,"opponent_health":30,"my_armor":0,"opponent_armor":0,"my_hand":4,"opponent_hand":6,"my_board":[],"opponent_board":[]},{"turn":3,"cards_played":["Armor Up!"],"current_player":"me","my_health":30,"opponent_health":30,"my_armor":2,"opponent_armor":0,"my_hand":5,"opponent_hand":6,"my_board":[],"opponent_board":[]},{"turn":4,"cards_played":["Fireblast","Fireblast"],"current_player":"opponent","my_health":30,"opponent_health":30,"my_armor":1,"opponent_armor":0,"my_hand":5,"opponent_hand":7,"my_board":[],"opponent_board":[]},{"turn":5,"cards_played":["Shield Block"],"current_player":"me","my_health":30,"opponent_health":30,"my_armor":6,"opponent_armor":0,"my_hand":6,"opponent_hand":7,"my_board":[],"opponent_board":[]},{"turn":6,"cards_played":["Fireblast"],"current_player":"opponent","my_health":30,"opponent_health":30,"my_armor":5,"opponent_armor":0,"my_hand":6,"opponent_hand":8,"my_board":[],"opponent_board":[]},{"turn":7,"cards_played":["Twilight Guardian"],"current_player":"me","my_health":30,"opponent_health":30,"my_armor":5,"opponent_armor":0,"my_hand":6,"opponent_hand":8,"my_board":[{"card_name":"Twilight Guardian","card_health":6,"card_attack":2}],"opponent_board":[]},{"turn":8,"cards_played":["The Coin","Sludge Belcher"],"current_player":"opponent","my_health":30,"opponent_health":30,"my_armor":5,"opponent_armor":0,"my_hand":6,"opponent_hand":7,"my_board":[{"card_name":"Twilight Guardian","card_health":6,"card_attack":3}],"opponent_board":[{"card_name":"Sludge Belcher","card_health":5,"card_attack":3}]},{"turn":9,"cards_played":["Twilight Guardian"],"current_player":"me","my_health":30,"opponent_health":30,"my_armor":5,"opponent_armor":0,"my_hand":6,"opponent_hand":7,"my_board":[{"card_name":"Twilight Guardian","card_health":6,"card_attack":3},{"card_name":"Twilight Guardian","card_health":3,"card_attack":3}],"opponent_board":[{"card_name":"Sludge Belcher","card_health":2,"card_attack":3}]},{"turn":10,"cards_played":["Piloted Shredder"],"current_player":"opponent","my_health":30,"opponent_health":30,"my_armor":5,"opponent_armor":0,"my_hand":6,"opponent_hand":7,"my_board":[{"card_name":"Twilight Guardian","card_health":6,"card_attack":3}],"opponent_board":[{"card_name":"Piloted Shredder","card_health":3,"card_attack":4},{"card_name":"Slime","card_health":2,"card_attack":1}]},{"turn":11,"cards_played":["Emperor Thaurissan"],"current_player":"me","my_health":30,"opponent_health":30,"my_armor":5,"opponent_armor":0,"my_hand":6,"opponent_hand":7,"my_board":[{"card_name":"Twilight Guardian","card_health":5,"card_attack":3},{"card_name":"Emperor Thaurissan","card_health":5,"card_attack":5}],"opponent_board":[{"card_name":"Piloted Shredder","card_health":3,"card_attack":4}]},{"turn":12,"cards_played":["The Black Knight"],"current_player":"me","my_health":30,"opponent_health":30,"my_armor":5,"opponent_armor":0,"my_hand":6,"opponent_hand":7,"my_board":[{"card_name":"Emperor Thaurissan","card_health":1,"card_attack":5}],"opponent_board":[{"card_name":"The Black Knight","card_health":5,"card_attack":4},{"card_name":"Micro Machine","card_health":2,"card_attack":1}]},{"turn":13,"cards_played":["Crush","Bash","Acolyte of Pain"],"current_player":"me","my_health":30,"opponent_health":25,"my_armor":8,"opponent_armor":0,"my_hand":4,"opponent_hand":7,"my_board":[{"card_name":"Acolyte of Pain","card_health":3,"card_attack":1},{"card_name":"Emperor Thaurissan","card_health":1,"card_attack":5}],"opponent_board":[]},{"turn":14,"cards_played":["Fireblast","Fireblast","Flamecannon"],"current_player":"opponent","my_health":30,"opponent_health":25,"my_armor":8,"opponent_armor":0,"my_hand":5,"opponent_hand":6,"my_board":[],"opponent_board":[]},{"turn":15,"cards_played":["Fierce Monkey","Shieldmaiden"],"current_player":"me","my_health":30,"opponent_health":25,"my_armor":8,"opponent_armor":0,"my_hand":4,"opponent_hand":6,"my_board":[{"card_name":"Shieldmaiden","card_health":5,"card_attack":5},{"card_name":"Fierce Monkey","card_health":4,"card_attack":3}],"opponent_board":[]},{"turn":16,"cards_played":["Fireball","Water Elemental"],"current_player":"opponent","my_health":30,"opponent_health":25,"my_armor":13,"opponent_armor":0,"my_hand":4,"opponent_hand":5,"my_board":[{"card_name":"Fierce Monkey","card_health":4,"card_attack":3}],"opponent_board":[{"card_name":"Water Elemental","card_health":6,"card_attack":3}]},{"turn":17,"cards_played":["Alexstrasza","Fiery War Axe","Armorsmith"],"current_player":"me","my_health":30,"opponent_health":9,"my_armor":13,"opponent_armor":0,"my_hand":2,"opponent_hand":5,"my_board":[{"card_name":"Fierce Monkey","card_health":4,"card_attack":3},{"card_name":"Alexstrasza","card_health":8,"card_attack":8},{"card_name":"Armorsmith","card_health":4,"card_attack":1}],"opponent_board":[{"card_name":"Water Elemental","card_health":6,"card_attack":3}]},{"turn":18,"cards_played":["Flamestrike","Fireblast","Fireblast"],"current_player":"opponent","my_health":30,"opponent_health":9,"my_armor":16,"opponent_armor":0,"my_hand":2,"opponent_hand":5,"my_board":[],"opponent_board":[]},{"turn":19,"cards_played":["Armor Up!"],"current_player":"me","my_health":30,"opponent_health":9,"my_armor":18,"opponent_armor":0,"my_hand":3,"opponent_hand":5,"my_board":[],"opponent_board":[]},{"turn":20,"cards_played":["Azure Drake","Fireblast","Fireblast"],"current_player":"opponent","my_health":30,"opponent_health":9,"my_armor":17,"opponent_armor":0,"my_hand":3,"opponent_hand":5,"my_board":[],"opponent_board":[{"card_name":"Azure Drake","card_health":4,"card_attack":4}]},{"turn":21,"cards_played":["Nefarian","Mirror Image"],"current_player":"me","my_health":30,"opponent_health":9,"my_armor":17,"opponent_armor":5,"my_hand":4,"opponent_hand":5,"my_board":[{"card_name":"Nefarian","card_health":8,"card_attack":8},{"card_name":"Mirror Image","card_health":2,"card_attack":0},{"card_name":"Mirror Image","card_health":2,"card_attack":0}],"opponent_board":[{"card_name":"Azure Drake","card_health":4,"card_attack":4}]},{"turn":22,"cards_played":["Big Game Hunter","Arcane Explosion","Fireblast"],"current_player":"opponent","my_health":30,"opponent_health":9,"my_armor":16,"opponent_armor":5,"my_hand":4,"opponent_hand":4,"my_board":[],"opponent_board":[{"card_name":"Big Game Hunter","card_health":2,"card_attack":4},{"card_name":"Azure Drake","card_health":4,"card_attack":4}]},{"turn":23,"cards_played":["Death's Bite","Armor Up!"],"current_player":"me","my_health":30,"opponent_health":9,"my_armor":14,"opponent_armor":5,"my_hand":3,"opponent_hand":4,"my_board":[],"opponent_board":[{"card_name":"Big Game Hunter","card_health":2,"card_attack":4}]},{"turn":24,"cards_played":["Kezan Mystic","Fallen Hero","Fireblast"],"current_player":"opponent","my_health":30,"opponent_health":9,"my_armor":8,"opponent_armor":5,"my_hand":3,"opponent_hand":3,"my_board":[],"opponent_board":[{"card_name":"Big Game Hunter","card_health":2,"card_attack":4},{"card_name":"Fallen Hero","card_health":2,"card_attack":3},{"card_name":"Kezan Mystic","card_health":3,"card_attack":4}]},{"turn":25,"cards_played":["Death's Bite","Armor Up!"],"current_player":"me","my_health":30,"opponent_health":9,"my_armor":10,"opponent_armor":1,"my_hand":3,"opponent_hand":3,"my_board":[],"opponent_board":[{"card_name":"Big Game Hunter","card_health":1,"card_attack":4},{"card_name":"Fallen Hero","card_health":1,"card_attack":3},{"card_name":"Kezan Mystic","card_health":2,"card_attack":4}]},{"turn":26,"cards_played":["Arcane Intellect","Reno Jackson"],"current_player":"opponent","my_health":29,"opponent_health":30,"my_armor":0,"opponent_armor":1,"my_hand":3,"opponent_hand":4,"my_board":[],"opponent_board":[{"card_name":"Big Game Hunter","card_health":1,"card_attack":4},{"card_name":"Reno Jackson","card_health":6,"card_attack":4},{"card_name":"Fallen Hero","card_health":1,"card_attack":3},{"card_name":"Kezan Mystic","card_health":2,"card_attack":4}]},{"turn":27,"cards_played":["Brawl","Brawl","Armor Up!"],"current_player":"me","my_health":25,"opponent_health":30,"my_armor":2,"opponent_armor":1,"my_hand":2,"opponent_hand":4,"my_board":[],"opponent_board":[]},{"turn":28,"cards_played":["Arch-Thief Rafaam"],"current_player":"opponent","my_health":25,"opponent_health":30,"my_armor":2,"opponent_armor":1,"my_hand":2,"opponent_hand":5,"my_board":[],"opponent_board":[{"card_name":"Arch-Thief Rafaam","card_health":8,"card_attack":7}]},{"turn":29,"cards_played":["Antique Healbot","Armor Up!"],"current_player":"me","my_health":30,"opponent_health":30,"my_armor":4,"opponent_armor":1,"my_hand":2,"opponent_hand":5,"my_board":[{"card_name":"Antique Healbot","card_health":3,"card_attack":3}],"opponent_board":[{"card_name":"Arch-Thief Rafaam","card_health":8,"card_attack":7}]},{"turn":30,"cards_played":["Frostbolt","Fireblast"],"current_player":"opponent","my_health":26,"opponent_health":30,"my_armor":0,"opponent_armor":1,"my_hand":2,"opponent_hand":4,"my_board":[],"opponent_board":[{"card_name":"Arch-Thief Rafaam","card_health":8,"card_attack":7}]},{"turn":31,"cards_played":["Blackwing Corruptor","Armor Up!"],"current_player":"me","my_health":26,"opponent_health":30,"my_armor":2,"opponent_armor":1,"my_hand":2,"opponent_hand":4,"my_board":[{"card_name":"Blackwing Corruptor","card_health":4,"card_attack":5}],"opponent_board":[{"card_name":"Arch-Thief Rafaam","card_health":5,"card_attack":7}]},{"turn":32,"cards_played":["Forgotten Torch","Fireblast","Fireblast","Mad Scientist"],"current_player":"opponent","my_health":21,"opponent_health":30,"my_armor":0,"opponent_armor":1,"my_hand":2,"opponent_hand":3,"my_board":[],"opponent_board":[{"card_name":"Mad Scientist","card_health":2,"card_attack":2},{"card_name":"Arch-Thief Rafaam","card_health":5,"card_attack":7}]},{"turn":33,"cards_played":["Blackwing Corruptor","Armor Up!"],"current_player":"me","my_health":14,"opponent_health":30,"my_armor":2,"opponent_armor":1,"my_hand":2,"opponent_hand":3,"my_board":[{"card_name":"Blackwing Corruptor","card_health":3,"card_attack":5}],"opponent_board":[]},{"turn":34,"cards_played":["Mirror of Doom"],"current_player":"opponent","my_health":14,"opponent_health":30,"my_armor":2,"opponent_armor":1,"my_hand":2,"opponent_hand":3,"my_board":[{"card_name":"Blackwing Corruptor","card_health":3,"card_attack":5}],"opponent_board":[{"card_name":"Mummy Zombie","card_health":3,"card_attack":3},{"card_name":"Mummy Zombie","card_health":3,"card_attack":3},{"card_name":"Mummy Zombie","card_health":3,"card_attack":3},{"card_name":"Mummy Zombie","card_health":3,"card_attack":3},{"card_name":"Mummy Zombie","card_health":3,"card_attack":3},{"card_name":"Mummy Zombie","card_health":3,"card_attack":3},{"card_name":"Mummy Zombie","card_health":3,"card_attack":3}]},{"turn":35,"cards_played":["Chillmaw","Armor Up!"],"current_player":"me","my_health":14,"opponent_health":26,"my_armor":4,"opponent_armor":0,"my_hand":2,"opponent_hand":3,"my_board":[{"card_name":"Blackwing Corruptor","card_health":3,"card_attack":5},{"card_name":"Chillmaw","card_health":6,"card_attack":6}],"opponent_board":[{"card_name":"Mummy Zombie","card_health":3,"card_attack":3},{"card_name":"Mummy Zombie","card_health":3,"card_attack":3},{"card_name":"Mummy Zombie","card_health":3,"card_attack":3},{"card_name":"Mummy Zombie","card_health":3,"card_attack":3},{"card_name":"Mummy Zombie","card_health":3,"card_attack":3},{"card_name":"Mummy Zombie","card_health":3,"card_attack":3},{"card_name":"Mummy Zombie","card_health":3,"card_attack":3}]},{"turn":36,"cards_played":["Ironbeak Owl"],"current_player":"opponent","my_health":0,"opponent_health":26,"my_armor":0,"opponent_armor":0,"my_hand":2,"opponent_hand":3,"my_board":[{"card_name":"Blackwing Corruptor","card_health":3,"card_attack":5},{"card_name":"Chillmaw","card_health":3,"card_attack":6}],"opponent_board":[{"card_name":"Ironbeak Owl","card_health":1,"card_attack":2},{"card_name":"Mummy Zombie","card_health":3,"card_attack":3},{"card_name":"Mummy Zombie","card_health":3,"card_attack":3},{"card_name":"Mummy Zombie","card_health":3,"card_attack":3},{"card_name":"Mummy Zombie","card_health":3,"card_attack":3},{"card_name":"Mummy Zombie","card_health":3,"card_attack":3},{"card_name":"Mummy Zombie","card_health":3,"card_attack":3}]}],"result":"defeat"}