{"plays":[{"turn":1,"cards_played":[],"current_player":"opponent","my_health":0,"opponent_health":0,"my_armor":0,"opponent_armor":0,"my_hand":1,"opponent_hand":0,"my_board":[],"opponent_board":[]},{"turn":2,"cards_played":[],"current_player":"opponent","my_health":30,"opponent_health":30,"my_armor":0,"opponent_armor":0,"my_hand":4,"opponent_hand":6,"my_board":[],"opponent_board":[]},{"turn":3,"cards_played":["Armor Up!"],"current_player":"me","my_health":30,"opponent_health":30,"my_armor":2,"opponent_armor":0,"my_hand":5,"opponent_hand":6,"my_board":[],"opponent_board":[]},{"turn":4,"cards_played":["Dagger Mastery"],"current_player":"opponent","my_health":30,"opponent_health":30,"my_armor":2,"opponent_armor":0,"my_hand":5,"opponent_hand":7,"my_board":[],"opponent_board":[]},{"turn":5,"cards_played":["Acolyte of Pain"],"current_player":"me","my_health":30,"opponent_health":30,"my_armor":2,"opponent_armor":0,"my_hand":5,"opponent_hand":7,"my_board":[{"card_name":"Acolyte of Pain","card_health":3,"card_attack":1}],"opponent_board":[]},{"turn":6,"cards_played":[],"current_player":"opponent","my_health":30,"opponent_health":30,"my_armor":2,"opponent_armor":0,"my_hand":5,"opponent_hand":8,"my_board":[{"card_name":"Acolyte of Pain","card_health":3,"card_attack":1}],"opponent_board":[]},{"turn":7,"cards_played":["Death's Bite"],"current_player":"me","my_health":30,"opponent_health":25,"my_armor":2,"opponent_armor":0,"my_hand":5,"opponent_hand":8,"my_board":[{"card_name":"Acolyte of Pain","card_health":3,"card_attack":1}],"opponent_board":[]},{"turn":8,"cards_played":["Deadly Poison","SI:7 Agent"],"current_player":"opponent","my_health":30,"opponent_health":24,"my_armor":2,"opponent_armor":0,"my_hand":6,"opponent_hand":7,"my_board":[],"opponent_board":[{"card_name":"SI:7 Agent","card_health":3,"card_attack":3}]},{"turn":9,"cards_played":["Armor Up!"],"current_player":"me","my_health":30,"opponent_health":24,"my_armor":2,"opponent_armor":0,"my_hand":7,"opponent_hand":7,"my_board":[],"opponent_board":[{"card_name":"SI:7 Agent","card_health":3,"card_attack":3}]},{"turn":10,"cards_played":[],"current_player":"opponent","my_health":29,"opponent_health":24,"my_armor":0,"opponent_armor":0,"my_hand":7,"opponent_hand":8,"my_board":[],"opponent_board":[{"card_name":"SI:7 Agent","card_health":3,"card_attack":3}]},{"turn":11,"cards_played":["Armor Up!"],"current_player":"me","my_health":29,"opponent_health":24,"my_armor":2,"opponent_armor":0,"my_hand":8,"opponent_hand":8,"my_board":[],"opponent_board":[{"card_name":"SI:7 Agent","card_health":3,"card_attack":3}]},{"turn":12,"cards_played":[],"current_player":"opponent","my_health":28,"opponent_health":24,"my_armor":0,"opponent_armor":0,"my_hand":8,"opponent_hand":9,"my_board":[],"opponent_board":[{"card_name":"SI:7 Agent","card_health":3,"card_attack":3}]},{"turn":13,"cards_played":["Armor Up!"],"current_player":"me","my_health":28,"opponent_health":24,"my_armor":2,"opponent_armor":0,"my_hand":9,"opponent_hand":9,"my_board":[],"opponent_board":[{"card_name":"SI:7 Agent","card_health":3,"card_attack":3}]},{"turn":14,"cards_played":["Azure Drake","The Coin","Earthen Ring Farseer"],"current_player":"opponent","my_health":27,"opponent_health":27,"my_armor":0,"opponent_armor":0,"my_hand":9,"opponent_hand":8,"my_board":[],"opponent_board":[{"card_name":"Azure Drake","card_health":4,"card_attack":4},{"card_name":"Earthen Ring Farseer","card_health":3,"card_attack":3},{"card_name":"SI:7 Agent","card_health":3,"card_attack":3}]},{"turn":15,"cards_played":["Whirlwind","Unstable Ghoul","Armor Up!"],"current_player":"me","my_health":23,"opponent_health":27,"my_armor":2,"opponent_armor":0,"my_hand":8,"opponent_hand":8,"my_board":[{"card_name":"Unstable Ghoul","card_health":3,"card_attack":1}],"opponent_board":[{"card_name":"Earthen Ring Farseer","card_health":1,"card_attack":3},{"card_name":"SI:7 Agent","card_health":1,"card_attack":3}]},{"turn":16,"cards_played":["Violet Teacher"],"current_player":"opponent","my_health":23,"opponent_health":27,"my_armor":2,"opponent_armor":0,"my_hand":8,"opponent_hand":8,"my_board":[],"opponent_board":[{"card_name":"Violet Teacher","card_health":5,"card_attack":3}]},{"turn":17,"cards_played":["Death's Bite","Armor Up!"],"current_player":"me","my_health":23,"opponent_health":23,"my_armor":4,"opponent_armor":0,"my_hand":8,"opponent_hand":8,"my_board":[],"opponent_board":[{"card_name":"Violet Teacher","card_health":5,"card_attack":3}]},{"turn":18,"cards_played":["Piloted Shredder"],"current_player":"opponent","my_health":23,"opponent_health":23,"my_armor":1,"opponent_armor":0,"my_hand":8,"opponent_hand":8,"my_board":[],"opponent_board":[{"card_name":"Violet Teacher","card_health":5,"card_attack":3},{"card_name":"Piloted Shredder","card_health":3,"card_attack":4}]},{"turn":19,"cards_played":["Armor Up!","Loatheb","Fiery War Axe"],"current_player":"me","my_health":21,"opponent_health":23,"my_armor":2,"opponent_armor":0,"my_hand":7,"opponent_hand":8,"my_board":[{"card_name":"Loatheb","card_health":5,"card_attack":5}],"opponent_board":[{"card_name":"Piloted Shredder","card_health":2,"card_attack":4}]},{"turn":20,"cards_played":[],"current_player":"opponent","my_health":19,"opponent_health":23,"my_armor":0,"opponent_armor":0,"my_hand":7,"opponent_hand":9,"my_board":[{"card_name":"Loatheb","card_health":5,"card_attack":5}],"opponent_board":[{"card_name":"Piloted Shredder","card_health":2,"card_attack":4}]},{"turn":21,"cards_played":["Gnomish Inventor","Slam","Whirlwind","Battle Rage"],"current_player":"me","my_health":15,"opponent_health":18,"my_armor":0,"opponent_armor":0,"my_hand":9,"opponent_hand":9,"my_board":[{"card_name":"Gnomish Inventor","card_health":3,"card_attack":2},{"card_name":"Loatheb","card_health":4,"card_attack":5}],"opponent_board":[]},{"turn":22,"cards_played":["Fan of Knives","Eviscerate","Earthen Ring Farseer","Dagger Mastery"],"current_player":"opponent","my_health":15,"opponent_health":19,"my_armor":0,"opponent_armor":0,"my_hand":9,"opponent_hand":8,"my_board":[],"opponent_board":[{"card_name":"Earthen Ring Farseer","card_health":3,"card_attack":3}]},{"turn":23,"cards_played":["Shield Block","Unstable Ghoul","Grim Patron"],"current_player":"me","my_health":15,"opponent_health":19,"my_armor":2,"opponent_armor":0,"my_hand":8,"opponent_hand":8,"my_board":[{"card_name":"Grim Patron","card_health":3,"card_attack":3},{"card_name":"Unstable Ghoul","card_health":3,"card_attack":1}],"opponent_board":[]},{"turn":24,"cards_played":["Sap","Azure Drake","Backstab","Dagger Mastery"],"current_player":"opponent","my_health":15,"opponent_health":19,"my_armor":1,"opponent_armor":0,"my_hand":9,"opponent_hand":7,"my_board":[],"opponent_board":[{"card_name":"Azure Drake","card_health":3,"card_attack":4}]},{"turn":25,"cards_played":["Shield Block","Fiery War Axe","Armorsmith","Armor Up!"],"current_player":"me","my_health":15,"opponent_health":19,"my_armor":4,"opponent_armor":0,"my_hand":8,"opponent_hand":7,"my_board":[{"card_name":"Armorsmith","card_health":4,"card_attack":1}],"opponent_board":[]},{"turn":26,"cards_played":["Piloted Shredder","Eviscerate","Dagger Mastery"],"current_player":"opponent","my_health":15,"opponent_health":19,"my_armor":4,"opponent_armor":0,"my_hand":8,"opponent_hand":6,"my_board":[],"opponent_board":[{"card_name":"Piloted Shredder","card_health":3,"card_attack":4}]},{"turn":27,"cards_played":["Slam","Grim Patron","Armor Up!"],"current_player":"me","my_health":15,"opponent_health":19,"my_armor":2,"opponent_armor":0,"my_hand":7,"opponent_hand":6,"my_board":[{"card_name":"Grim Patron","card_health":3,"card_attack":3}],"opponent_board":[]},{"turn":28,"cards_played":["Deadly Poison","Preparation","Sprint","Loatheb"],"current_player":"opponent","my_health":15,"opponent_health":16,"my_armor":2,"opponent_armor":0,"my_hand":7,"opponent_hand":7,"my_board":[],"opponent_board":[{"card_name":"Loatheb","card_health":5,"card_attack":5}]},{"turn":29,"cards_played":["Cruel Taskmaster","Execute","Armor Up!"],"current_player":"me","my_health":15,"opponent_health":16,"my_armor":4,"opponent_armor":0,"my_hand":6,"opponent_hand":7,"my_board":[{"card_name":"Cruel Taskmaster","card_health":2,"card_attack":2}],"opponent_board":[]},{"turn":30,"cards_played":["Fan of Knives","Shiv","SI:7 Agent","Preparation","Tinker's Sharpsword Oil"],"current_player":"opponent","my_health":15,"opponent_health":16,"my_armor":2,"opponent_armor":0,"my_hand":6,"opponent_hand":5,"my_board":[],"opponent_board":[{"card_name":"SI:7 Agent","card_health":3,"card_attack":3}]},{"turn":31,"cards_played":["Battle Rage","Inner Rage","Execute","Acolyte of Pain","Armor Up!"],"current_player":"me","my_health":15,"opponent_health":16,"my_armor":4,"opponent_armor":0,"my_hand":4,"opponent_hand":5,"my_board":[{"card_name":"Acolyte of Pain","card_health":3,"card_attack":1}],"opponent_board":[]},{"turn":32,"cards_played":["Backstab","Tinker's Sharpsword Oil","Blade Flurry","Dagger Mastery"],"current_player":"opponent","my_health":9,"opponent_health":16,"my_armor":0,"opponent_armor":0,"my_hand":6,"opponent_hand":3,"my_board":[],"opponent_board":[]},{"turn":33,"cards_played":["Raging Worgen","Charge","Inner Rage","Rampage","Armor Up!"],"current_player":"me","my_health":8,"opponent_health":-6,"my_armor":2,"opponent_armor":0,"my_hand":2,"opponent_hand":3,"my_board":[{"card_name":"Raging Worgen","card_health":5,"card_attack":11}],"opponent_board":[]}],"result":"victory"}