{"plays":[{"turn":1,"cards_played":[],"current_player":"opponent","my_health":0,"opponent_health":0,"my_armor":0,"opponent_armor":0,"my_hand":1,"opponent_hand":0,"my_board":[],"opponent_board":[]},{"turn":2,"cards_played":["The Coin","Leper Gnome","Argent Squire"],"current_player":"opponent","my_health":30,"opponent_health":30,"my_armor":0,"opponent_armor":0,"my_hand":4,"opponent_hand":3,"my_board":[],"opponent_board":[{"card_name":"Leper Gnome","card_health":1,"card_attack":2},{"card_name":"Argent Squire","card_health":1,"card_attack":1}]},{"turn":3,"cards_played":["Fiery War Axe"],"current_player":"me","my_health":28,"opponent_health":30,"my_armor":0,"opponent_armor":0,"my_hand":4,"opponent_hand":3,"my_board":[],"opponent_board":[{"card_name":"Argent Squire","card_health":1,"card_attack":1}]},{"turn":4,"cards_played":["Reinforce"],"current_player":"opponent","my_health":25,"opponent_health":30,"my_armor":0,"opponent_armor":0,"my_hand":4,"opponent_hand":4,"my_board":[],"opponent_board":[{"card_name":"Argent Squire","card_health":1,"card_attack":1},{"card_name":"Silver Hand Recruit","card_health":1,"card_attack":1}]},{"turn":5,"cards_played":["Slam","Whirlwind"],"current_player":"me","my_health":25,"opponent_health":30,"my_armor":0,"opponent_armor":0,"my_hand":4,"opponent_hand":4,"my_board":[],"opponent_board":[]},{"turn":6,"cards_played":["Reinforce","Argent Squire"],"current_player":"opponent","my_health":25,"opponent_health":30,"my_armor":0,"opponent_armor":0,"my_hand":4,"opponent_hand":4,"my_board":[],"opponent_board":[{"card_name":"Argent Squire","card_health":1,"card_attack":1},{"card_name":"Silver Hand Recruit","card_health":1,"card_attack":1}]},{"turn":7,"cards_played":["Gnomish Inventor"],"current_player":"me","my_health":25,"opponent_health":30,"my_armor":0,"opponent_armor":0,"my_hand":5,"opponent_hand":4,"my_board":[{"card_name":"Gnomish Inventor","card_health":4,"card_attack":2}],"opponent_board":[{"card_name":"Argent Squire","card_health":1,"card_attack":1},{"card_name":"Silver Hand Recruit","card_health":1,"card_attack":1}]},{"turn":8,"cards_played":["Truesilver Champion"],"current_player":"opponent","my_health":23,"opponent_health":28,"my_armor":0,"opponent_armor":0,"my_hand":5,"opponent_hand":4,"my_board":[],"opponent_board":[{"card_name":"Argent Squire","card_health":1,"card_attack":1},{"card_name":"Silver Hand Recruit","card_health":1,"card_attack":1}]},{"turn":9,"cards_played":["Slam","Acolyte of Pain"],"current_player":"me","my_health":22,"opponent_health":28,"my_armor":0,"opponent_armor":0,"my_hand":5,"opponent_hand":4,"my_board":[{"card_name":"Acolyte of Pain","card_health":3,"card_attack":1}],"opponent_board":[{"card_name":"Silver Hand Recruit","card_health":1,"card_attack":1}]},{"turn":10,"cards_played":["Warhorse Trainer","Argent Protector"],"current_player":"opponent","my_health":20,"opponent_health":29,"my_armor":0,"opponent_armor":0,"my_hand":6,"opponent_hand":3,"my_board":[],"opponent_board":[{"card_name":"Argent Protector","card_health":2,"card_attack":2},{"card_name":"Warhorse Trainer","card_health":4,"card_attack":2},{"card_name":"Silver Hand Recruit","card_health":1,"card_attack":2}]},{"turn":11,"cards_played":["Death's Bite","Armor Up!"],"current_player":"me","my_health":18,"opponent_health":29,"my_armor":2,"opponent_armor":0,"my_hand":6,"opponent_hand":3,"my_board":[],"opponent_board":[{"card_name":"Warhorse Trainer","card_health":4,"card_attack":2},{"card_name":"Silver Hand Recruit","card_health":1,"card_attack":2}]},{"turn":12,"cards_played":["Truesilver Champion","Argent Protector"],"current_player":"opponent","my_health":12,"opponent_health":30,"my_armor":0,"opponent_armor":0,"my_hand":6,"opponent_hand":2,"my_board":[],"opponent_board":[{"card_name":"Argent Protector","card_health":2,"card_attack":2},{"card_name":"Warhorse Trainer","card_health":4,"card_attack":2},{"card_name":"Silver Hand Recruit","card_health":1,"card_attack":2}]},{"turn":13,"cards_played":["Grim Patron","Inner Rage","Armor Up!"],"current_player":"me","my_health":10,"opponent_health":30,"my_armor":2,"opponent_armor":0,"my_hand":5,"opponent_hand":2,"my_board":[{"card_name":"Grim Patron","card_health":1,"card_attack":5},{"card_name":"Grim Patron","card_health":2,"card_attack":3},{"card_name":"Grim Patron","card_health":3,"card_attack":3},{"card_name":"Grim Patron","card_health":3,"card_attack":3}],"opponent_board":[{"card_name":"Warhorse Trainer","card_health":4,"card_attack":2},{"card_name":"Silver Hand Recruit","card_health":1,"card_attack":2}]},{"turn":14,"cards_played":["Ironbeak Owl","Divine Favor","Reinforce"],"current_player":"opponent","my_health":10,"opponent_health":27,"my_armor":2,"opponent_armor":0,"my_hand":5,"opponent_hand":5,"my_board":[{"card_name":"Grim Patron","card_health":3,"card_attack":3}],"opponent_board":[{"card_name":"Ironbeak Owl","card_health":1,"card_attack":2},{"card_name":"Warhorse Trainer","card_health":1,"card_attack":2},{"card_name":"Silver Hand Recruit","card_health":1,"card_attack":1}]},{"turn":15,"cards_played":["Loatheb","Cruel Taskmaster"],"current_player":"me","my_health":10,"opponent_health":27,"my_armor":2,"opponent_armor":0,"my_hand":4,"opponent_hand":5,"my_board":[{"card_name":"Cruel Taskmaster","card_health":2,"card_attack":2},{"card_name":"Loatheb","card_health":5,"card_attack":5},{"card_name":"Grim Patron","card_health":1,"card_attack":3}],"opponent_board":[{"card_name":"Silver Hand Recruit","card_health":1,"card_attack":1}]},{"turn":16,"cards_played":["Piloted Shredder","Leper Gnome","Shielded Minibot"],"current_player":"opponent","my_health":10,"opponent_health":27,"my_armor":2,"opponent_armor":0,"my_hand":4,"opponent_hand":3,"my_board":[{"card_name":"Cruel Taskmaster","card_health":2,"card_attack":2},{"card_name":"Loatheb","card_health":5,"card_attack":5}],"opponent_board":[{"card_name":"Leper Gnome","card_health":1,"card_attack":2},{"card_name":"Piloted Shredder","card_health":3,"card_attack":4},{"card_name":"Shielded Minibot","card_health":2,"card_attack":2}]},{"turn":17,"cards_played":["Battle Rage","Death's Bite","Armor Up!"],"current_player":"me","my_health":9,"opponent_health":25,"my_armor":2,"opponent_armor":0,"my_hand":5,"opponent_hand":3,"my_board":[{"card_name":"Cruel Taskmaster","card_health":2,"card_attack":2},{"card_name":"Loatheb","card_health":1,"card_attack":5}],"opponent_board":[{"card_name":"Leper Gnome","card_health":1,"card_attack":2},{"card_name":"Shielded Minibot","card_health":2,"card_attack":2}]},{"turn":18,"cards_played":["Abusive Sergeant","Reinforce"],"current_player":"opponent","my_health":5,"opponent_health":25,"my_armor":0,"opponent_armor":0,"my_hand":5,"opponent_hand":3,"my_board":[{"card_name":"Cruel Taskmaster","card_health":2,"card_attack":2},{"card_name":"Loatheb","card_health":1,"card_attack":5}],"opponent_board":[{"card_name":"Leper Gnome","card_health":1,"card_attack":2},{"card_name":"Abusive Sergeant","card_health":1,"card_attack":2},{"card_name":"Shielded Minibot","card_health":2,"card_attack":4},{"card_name":"Silver Hand Recruit","card_health":1,"card_attack":1}]},{"turn":19,"cards_played":["Raging Worgen","Charge","Battle Rage","Unstable Ghoul"],"current_player":"me","my_health":3,"opponent_health":2,"my_armor":0,"opponent_armor":0,"my_hand":5,"opponent_hand":3,"my_board":[{"card_name":"Cruel Taskmaster","card_health":1,"card_attack":2},{"card_name":"Raging Worgen","card_health":2,"card_attack":6},{"card_name":"Unstable Ghoul","card_health":3,"card_attack":1}],"opponent_board":[{"card_name":"Shielded Minibot","card_health":2,"card_attack":2}]},{"turn":20,"cards_played":["Seal of Champions","Equality","Consecration"],"current_player":"opponent","my_health":1,"opponent_health":2,"my_armor":0,"opponent_armor":0,"my_hand":5,"opponent_hand":1,"my_board":[],"opponent_board":[{"card_name":"Shielded Minibot","card_health":1,"card_attack":5}]}],"result":"defeat"}