{"plays":[{"turn":1,"cards_played":[],"current_player":"opponent","my_health":0,"opponent_health":0,"my_armor":0,"opponent_armor":0,"my_hand":1,"opponent_hand":0,"my_board":[],"opponent_board":[]},{"turn":2,"cards_played":["Argent Squire","The Coin","Unstable Ghoul"],"current_player":"me","my_health":30,"opponent_health":30,"my_armor":0,"opponent_armor":0,"my_hand":4,"opponent_hand":3,"my_board":[{"card_name":"Unstable Ghoul","card_health":3,"card_attack":1}],"opponent_board":[{"card_name":"Argent Squire","card_health":1,"card_attack":1}]},{"turn":3,"cards_played":["Ironbeak Owl"],"current_player":"opponent","my_health":29,"opponent_health":30,"my_armor":0,"opponent_armor":0,"my_hand":4,"opponent_hand":3,"my_board":[{"card_name":"Unstable Ghoul","card_health":3,"card_attack":1}],"opponent_board":[{"card_name":"Ironbeak Owl","card_health":1,"card_attack":2},{"card_name":"Argent Squire","card_health":1,"card_attack":1}]},{"turn":4,"cards_played":["Armorsmith"],"current_player":"me","my_health":29,"opponent_health":30,"my_armor":1,"opponent_armor":0,"my_hand":4,"opponent_hand":3,"my_board":[{"card_name":"Armorsmith","card_health":4,"card_attack":1},{"card_name":"Unstable Ghoul","card_health":1,"card_attack":1}],"opponent_board":[{"card_name":"Argent Squire","card_health":1,"card_attack":1}]},{"turn":5,"cards_played":["Knife Juggler"],"current_player":"opponent","my_health":29,"opponent_health":30,"my_armor":2,"opponent_armor":0,"my_hand":4,"opponent_hand":3,"my_board":[{"card_name":"Armorsmith","card_health":4,"card_attack":1}],"opponent_board":[{"card_name":"Argent Squire","card_health":1,"card_attack":1},{"card_name":"Knife Juggler","card_health":2,"card_attack":3}]},{"turn":6,"cards_played":["Fiery War Axe"],"current_player":"me","my_health":29,"opponent_health":30,"my_armor":0,"opponent_armor":0,"my_hand":4,"opponent_hand":3,"my_board":[{"card_name":"Armorsmith","card_health":3,"card_attack":1}],"opponent_board":[]},{"turn":7,"cards_played":["Piloted Shredder"],"current_player":"opponent","my_health":29,"opponent_health":30,"my_armor":0,"opponent_armor":0,"my_hand":4,"opponent_hand":3,"my_board":[{"card_name":"Armorsmith","card_health":3,"card_attack":1}],"opponent_board":[{"card_name":"Piloted Shredder","card_health":3,"card_attack":4}]},{"turn":8,"cards_played":["Slam","Inner Rage","Battle Rage"],"current_player":"me","my_health":29,"opponent_health":30,"my_armor":0,"opponent_armor":0,"my_hand":5,"opponent_hand":3,"my_board":[{"card_name":"Armorsmith","card_health":2,"card_attack":1}],"opponent_board":[]},{"turn":9,"cards_played":["Knife Juggler","Reinforce"],"current_player":"opponent","my_health":28,"opponent_health":30,"my_armor":0,"opponent_armor":0,"my_hand":5,"opponent_hand":3,"my_board":[{"card_name":"Armorsmith","card_health":2,"card_attack":1}],"opponent_board":[{"card_name":"Knife Juggler","card_health":2,"card_attack":3},{"card_name":"Silver Hand Recruit","card_health":1,"card_attack":1}]},{"turn":10,"cards_played":["Death's Bite"],"current_player":"me","my_health":25,"opponent_health":30,"my_armor":1,"opponent_armor":0,"my_hand":5,"opponent_hand":3,"my_board":[{"card_name":"Armorsmith","card_health":1,"card_attack":1}],"opponent_board":[]},{"turn":11,"cards_played":["Reinforce","Blessing of Kings"],"current_player":"opponent","my_health":25,"opponent_health":30,"my_armor":1,"opponent_armor":0,"my_hand":5,"opponent_hand":3,"my_board":[{"card_name":"Armorsmith","card_health":1,"card_attack":1}],"opponent_board":[{"card_name":"Silver Hand Recruit","card_health":1,"card_attack":1}]},{"turn":12,"cards_played":["Gnomish Inventor","Armor Up!"],"current_player":"me","my_health":21,"opponent_health":30,"my_armor":4,"opponent_armor":0,"my_hand":6,"opponent_hand":3,"my_board":[{"card_name":"Gnomish Inventor","card_health":3,"card_attack":2}],"opponent_board":[]},{"turn":13,"cards_played":["Reinforce","Argent Protector","Blessing of Might"],"current_player":"opponent","my_health":21,"opponent_health":30,"my_armor":4,"opponent_armor":0,"my_hand":6,"opponent_hand":2,"my_board":[{"card_name":"Gnomish Inventor","card_health":3,"card_attack":2}],"opponent_board":[{"card_name":"Argent Protector","card_health":2,"card_attack":2},{"card_name":"Silver Hand Recruit","card_health":1,"card_attack":1}]},{"turn":14,"cards_played":["Whirlwind","Unstable Ghoul","Acolyte of Pain"],"current_player":"me","my_health":21,"opponent_health":28,"my_armor":4,"opponent_armor":0,"my_hand":4,"opponent_hand":2,"my_board":[{"card_name":"Acolyte of Pain","card_health":3,"card_attack":1},{"card_name":"Gnomish Inventor","card_health":2,"card_attack":2},{"card_name":"Unstable Ghoul","card_health":3,"card_attack":1}],"opponent_board":[{"card_name":"Argent Protector","card_health":1,"card_attack":2},{"card_name":"Silver Hand Recruit","card_health":1,"card_attack":4}]},{"turn":15,"cards_played":["Truesilver Champion","Blessing of Kings"],"current_player":"opponent","my_health":15,"opponent_health":30,"my_armor":0,"opponent_armor":0,"my_hand":5,"opponent_hand":1,"my_board":[{"card_name":"Acolyte of Pain","card_health":2,"card_attack":1},{"card_name":"Gnomish Inventor","card_health":1,"card_attack":2}],"opponent_board":[{"card_name":"Argent Protector","card_health":4,"card_attack":6}]},{"turn":16,"cards_played":["Shield Block","Death's Bite"],"current_player":"me","my_health":14,"opponent_health":27,"my_armor":0,"opponent_armor":0,"my_hand":5,"opponent_hand":1,"my_board":[{"card_name":"Acolyte of Pain","card_health":2,"card_attack":1},{"card_name":"Gnomish Inventor","card_health":1,"card_attack":2}],"opponent_board":[]},{"turn":17,"cards_played":["Truesilver Champion","Divine Favor","Shielded Minibot"],"current_player":"opponent","my_health":10,"opponent_health":29,"my_armor":0,"opponent_armor":0,"my_hand":5,"opponent_hand":4,"my_board":[{"card_name":"Acolyte of Pain","card_health":2,"card_attack":1},{"card_name":"Gnomish Inventor","card_health":1,"card_attack":2}],"opponent_board":[{"card_name":"Shielded Minibot","card_health":2,"card_attack":2}]},{"turn":18,"cards_played":["Grim Patron","Cruel Taskmaster","Armor Up!"],"current_player":"me","my_health":10,"opponent_health":29,"my_armor":2,"opponent_armor":0,"my_hand":5,"opponent_hand":4,"my_board":[{"card_name":"Cruel Taskmaster","card_health":2,"card_attack":2},{"card_name":"Grim Patron","card_health":2,"card_attack":5},{"card_name":"Grim Patron","card_health":3,"card_attack":3}],"opponent_board":[]},{"turn":19,"cards_played":["Southsea Deckhand","Abusive Sergeant","Shielded Minibot","Divine Favor","Arcane Golem"],"current_player":"opponent","my_health":0,"opponent_health":30,"my_armor":0,"opponent_armor":0,"my_hand":5,"opponent_hand":4,"my_board":[{"card_name":"Cruel Taskmaster","card_health":2,"card_attack":2},{"card_name":"Grim Patron","card_health":2,"card_attack":5},{"card_name":"Grim Patron","card_health":3,"card_attack":3}],"opponent_board":[{"card_name":"Abusive Sergeant","card_health":1,"card_attack":2},{"card_name":"Arcane Golem","card_health":2,"card_attack":4},{"card_name":"Southsea Deckhand","card_health":1,"card_attack":4},{"card_name":"Shielded Minibot","card_health":2,"card_attack":2}]}],"result":"defeat"}