{"plays":[{"turn":1,"cards_played":[],"current_player":"opponent","my_health":0,"opponent_health":0,"my_armor":0,"opponent_armor":0,"my_hand":4,"opponent_hand":1,"my_board":[],"opponent_board":[]},{"turn":2,"cards_played":[],"current_player":"me","my_health":30,"opponent_health":30,"my_armor":0,"opponent_armor":0,"my_hand":6,"opponent_hand":4,"my_board":[],"opponent_board":[]},{"turn":3,"cards_played":["Fireblast","Fireblast"],"current_player":"opponent","my_health":29,"opponent_health":30,"my_armor":0,"opponent_armor":0,"my_hand":6,"opponent_hand":5,"my_board":[],"opponent_board":[]},{"turn":4,"cards_played":["Armor Up!"],"current_player":"me","my_health":29,"opponent_health":30,"my_armor":2,"opponent_armor":0,"my_hand":7,"opponent_hand":5,"my_board":[],"opponent_board":[]},{"turn":5,"cards_played":["Arcane Intellect"],"current_player":"opponent","my_health":29,"opponent_health":30,"my_armor":2,"opponent_armor":0,"my_hand":7,"opponent_hand":7,"my_board":[],"opponent_board":[]},{"turn":6,"cards_played":["Shield Block"],"current_player":"me","my_health":29,"opponent_health":30,"my_armor":7,"opponent_armor":0,"my_hand":8,"opponent_hand":7,"my_board":[],"opponent_board":[]},{"turn":7,"cards_played":["Elise Starseeker"],"current_player":"opponent","my_health":29,"opponent_health":30,"my_armor":7,"opponent_armor":0,"my_hand":8,"opponent_hand":7,"my_board":[],"opponent_board":[{"card_name":"Elise Starseeker","card_health":5,"card_attack":3}]},{"turn":8,"cards_played":["Gnomish Inventor"],"current_player":"me","my_health":29,"opponent_health":30,"my_armor":7,"opponent_armor":0,"my_hand":9,"opponent_hand":7,"my_board":[{"card_name":"Gnomish Inventor","card_health":4,"card_attack":2}],"opponent_board":[{"card_name":"Elise Starseeker","card_health":5,"card_attack":3}]},{"turn":9,"cards_played":["Fireblast","Fireblast"],"current_player":"opponent","my_health":29,"opponent_health":30,"my_armor":7,"opponent_armor":0,"my_hand":9,"opponent_hand":7,"my_board":[],"opponent_board":[{"card_name":"Elise Starseeker","card_health":3,"card_attack":3}]},{"turn":10,"cards_played":["Fiery War Axe","Armor Up!"],"current_player":"me","my_health":29,"opponent_health":30,"my_armor":6,"opponent_armor":0,"my_hand":9,"opponent_hand":7,"my_board":[],"opponent_board":[]},{"turn":11,"cards_played":["Fireblast","Fireblast"],"current_player":"opponent","my_health":29,"opponent_health":30,"my_armor":5,"opponent_armor":0,"my_hand":9,"opponent_hand":7,"my_board":[],"opponent_board":[]},{"turn":12,"cards_played":["Armor Up!","Death's Bite"],"current_player":"me","my_health":29,"opponent_health":27,"my_armor":7,"opponent_armor":0,"my_hand":9,"opponent_hand":7,"my_board":[],"opponent_board":[]},{"turn":13,"cards_played":["Sludge Belcher","Fireblast"],"current_player":"opponent","my_health":29,"opponent_health":27,"my_armor":6,"opponent_armor":0,"my_hand":9,"opponent_hand":7,"my_board":[],"opponent_board":[{"card_name":"Sludge Belcher","card_health":5,"card_attack":3}]},{"turn":14,"cards_played":["Slam","Shield Block","The Coin","Armor Up!"],"current_player":"me","my_health":29,"opponent_health":27,"my_armor":10,"opponent_armor":0,"my_hand":9,"opponent_hand":9,"my_board":[],"opponent_board":[{"card_name":"Slime","card_health":2,"card_attack":1}]},{"turn":15,"cards_played":["Sludge Belcher","Fireblast"],"current_player":"opponent","my_health":29,"opponent_health":27,"my_armor":8,"opponent_armor":0,"my_hand":9,"opponent_hand":9,"my_board":[],"opponent_board":[{"card_name":"Sludge Belcher","card_health":5,"card_attack":3},{"card_name":"Slime","card_health":2,"card_attack":1}]},{"turn":16,"cards_played":["Loatheb","Armor Up!"],"current_player":"me","my_health":29,"opponent_health":27,"my_armor":7,"opponent_armor":0,"my_hand":9,"opponent_hand":9,"my_board":[{"card_name":"Loatheb","card_health":5,"card_attack":5}],"opponent_board":[{"card_name":"Slime","card_health":1,"card_attack":1},{"card_name":"Slime","card_health":2,"card_attack":1}]},{"turn":17,"cards_played":["Azure Drake","Acolyte of Pain"],"current_player":"opponent","my_health":29,"opponent_health":27,"my_armor":5,"opponent_armor":0,"my_hand":9,"opponent_hand":9,"my_board":[{"card_name":"Loatheb","card_health":5,"card_attack":5}],"opponent_board":[{"card_name":"Acolyte of Pain","card_health":3,"card_attack":1},{"card_name":"Azure Drake","card_health":4,"card_attack":4},{"card_name":"Slime","card_health":1,"card_attack":1},{"card_name":"Slime","card_health":2,"card_attack":1}]},{"turn":18,"cards_played":["Armorsmith","Grim Patron","Whirlwind","Whirlwind"],"current_player":"me","my_health":29,"opponent_health":27,"my_armor":13,"opponent_armor":0,"my_hand":6,"opponent_hand":10,"my_board":[{"card_name":"Armorsmith","card_health":2,"card_attack":1},{"card_name":"Grim Patron","card_health":1,"card_attack":3},{"card_name":"Grim Patron","card_health":2,"card_attack":3},{"card_name":"Grim Patron","card_health":3,"card_attack":3},{"card_name":"Grim Patron","card_health":3,"card_attack":3}],"opponent_board":[{"card_name":"Acolyte of Pain","card_health":1,"card_attack":1}]},{"turn":19,"cards_played":["Frost Nova","Doomsayer","Fireblast"],"current_player":"opponent","my_health":29,"opponent_health":27,"my_armor":11,"opponent_armor":0,"my_hand":6,"opponent_hand":7,"my_board":[{"card_name":"Armorsmith","card_health":2,"card_attack":1},{"card_name":"Grim Patron","card_health":1,"card_attack":3},{"card_name":"Grim Patron","card_health":2,"card_attack":3},{"card_name":"Grim Patron","card_health":3,"card_attack":3},{"card_name":"Grim Patron","card_health":3,"card_attack":3}],"opponent_board":[{"card_name":"Doomsayer","card_health":7,"card_attack":0},{"card_name":"Acolyte of Pain","card_health":1,"card_attack":1}]},{"turn":20,"cards_played":["Inner Rage","Cruel Taskmaster","Execute","Battle Rage","Armor Up!"],"current_player":"me","my_health":29,"opponent_health":27,"my_armor":13,"opponent_armor":0,"my_hand":7,"opponent_hand":10,"my_board":[{"card_name":"Armorsmith","card_health":2,"card_attack":1},{"card_name":"Grim Patron","card_health":1,"card_attack":3},{"card_name":"Cruel Taskmaster","card_health":2,"card_attack":2},{"card_name":"Grim Patron","card_health":2,"card_attack":3},{"card_name":"Grim Patron","card_health":3,"card_attack":3},{"card_name":"Grim Patron","card_health":3,"card_attack":3}],"opponent_board":[]},{"turn":21,"cards_played":["Blizzard","Illuminator"],"current_player":"opponent","my_health":29,"opponent_health":27,"my_armor":19,"opponent_armor":0,"my_hand":7,"opponent_hand":8,"my_board":[{"card_name":"Grim Patron","card_health":1,"card_attack":3},{"card_name":"Grim Patron","card_health":1,"card_attack":3},{"card_name":"Grim Patron","card_health":3,"card_attack":3}],"opponent_board":[{"card_name":"Illuminator","card_health":4,"card_attack":2}]},{"turn":22,"cards_played":["Unstable Ghoul","Slam","Acolyte of Pain","Armor Up!"],"current_player":"me","my_health":29,"opponent_health":30,"my_armor":21,"opponent_armor":0,"my_hand":6,"opponent_hand":8,"my_board":[{"card_name":"Unstable Ghoul","card_health":3,"card_attack":1},{"card_name":"Acolyte of Pain","card_health":3,"card_attack":1},{"card_name":"Grim Patron","card_health":1,"card_attack":3},{"card_name":"Grim Patron","card_health":1,"card_attack":3},{"card_name":"Grim Patron","card_health":3,"card_attack":3}],"opponent_board":[{"card_name":"Illuminator","card_health":2,"card_attack":2}]},{"turn":23,"cards_played":["Polymorph","Fireblast","Fireblast","Refreshment Vendor"],"current_player":"opponent","my_health":29,"opponent_health":30,"my_armor":21,"opponent_armor":0,"my_hand":7,"opponent_hand":7,"my_board":[{"card_name":"Acolyte of Pain","card_health":2,"card_attack":1}],"opponent_board":[{"card_name":"Refreshment Vendor","card_health":5,"card_attack":3}]},{"turn":24,"cards_played":["Death's Bite","Armor Up!"],"current_player":"me","my_health":30,"opponent_health":30,"my_armor":20,"opponent_armor":0,"my_hand":8,"opponent_hand":7,"my_board":[],"opponent_board":[]},{"turn":25,"cards_played":["Fireblast","Fireblast","Sludge Belcher"],"current_player":"opponent","my_health":30,"opponent_health":30,"my_armor":19,"opponent_armor":0,"my_hand":8,"opponent_hand":7,"my_board":[],"opponent_board":[{"card_name":"Sludge Belcher","card_health":5,"card_attack":3}]},{"turn":26,"cards_played":["Emperor Thaurissan","Armor Up!"],"current_player":"me","my_health":30,"opponent_health":30,"my_armor":21,"opponent_armor":0,"my_hand":8,"opponent_hand":7,"my_board":[{"card_name":"Emperor Thaurissan","card_health":5,"card_attack":5}],"opponent_board":[{"card_name":"Sludge Belcher","card_health":5,"card_attack":3}]},{"turn":27,"cards_played":["Map to the Golden Monkey","Frostbolt","Sludge Belcher"],"current_player":"opponent","my_health":30,"opponent_health":30,"my_armor":21,"opponent_armor":0,"my_hand":8,"opponent_hand":6,"my_board":[],"opponent_board":[{"card_name":"Sludge Belcher","card_health":5,"card_attack":3},{"card_name":"Slime","card_health":2,"card_attack":1}]},{"turn":28,"cards_played":["Grim Patron","Armor Up!"],"current_player":"me","my_health":30,"opponent_health":30,"my_armor":20,"opponent_armor":0,"my_hand":8,"opponent_hand":6,"my_board":[{"card_name":"Grim Patron","card_health":2,"card_attack":3},{"card_name":"Grim Patron","card_health":3,"card_attack":3}],"opponent_board":[{"card_name":"Slime","card_health":1,"card_attack":1},{"card_name":"Slime","card_health":2,"card_attack":1}]},{"turn":29,"cards_played":["Acolyte of Pain","Fireblast","Fireblast"],"current_player":"opponent","my_health":30,"opponent_health":30,"my_armor":18,"opponent_armor":0,"my_hand":8,"opponent_hand":7,"my_board":[{"card_name":"Grim Patron","card_health":2,"card_attack":3},{"card_name":"Grim Patron","card_health":3,"card_attack":3}],"opponent_board":[{"card_name":"Acolyte of Pain","card_health":2,"card_attack":1},{"card_name":"Slime","card_health":1,"card_attack":1},{"card_name":"Slime","card_health":2,"card_attack":1}]},{"turn":30,"cards_played":["Fiery War Axe","Armor Up!"],"current_player":"me","my_health":30,"opponent_health":30,"my_armor":19,"opponent_armor":0,"my_hand":8,"opponent_hand":8,"my_board":[{"card_name":"Grim Patron","card_health":1,"card_attack":3},{"card_name":"Grim Patron","card_health":2,"card_attack":3},{"card_name":"Grim Patron","card_health":3,"card_attack":3},{"card_name":"Grim Patron","card_health":3,"card_attack":3}],"opponent_board":[]},{"turn":31,"cards_played":["Flamestrike","Fireblast","Fireblast"],"current_player":"opponent","my_health":30,"opponent_health":30,"my_armor":18,"opponent_armor":0,"my_hand":8,"opponent_hand":8,"my_board":[],"opponent_board":[]},{"turn":32,"cards_played":["Unstable Ghoul","Armor Up!"],"current_player":"me","my_health":30,"opponent_health":30,"my_armor":19,"opponent_armor":0,"my_hand":7,"opponent_hand":8,"my_board":[{"card_name":"Unstable Ghoul","card_health":3,"card_attack":1}],"opponent_board":[]},{"turn":33,"cards_played":["Illuminator","Golden Monkey","Sir Finley Mrrgglton","Lesser Heal","Lesser Heal"],"current_player":"opponent","my_health":30,"opponent_health":30,"my_armor":19,"opponent_armor":0,"my_hand":7,"opponent_hand":6,"my_board":[{"card_name":"Unstable Ghoul","card_health":3,"card_attack":1}],"opponent_board":[{"card_name":"Illuminator","card_health":4,"card_attack":2},{"card_name":"Golden Monkey","card_health":6,"card_attack":6},{"card_name":"Sir Finley Mrrgglton","card_health":3,"card_attack":1}]},{"turn":34,"cards_played":["Execute","Armor Up!"],"current_player":"me","my_health":30,"opponent_health":30,"my_armor":17,"opponent_armor":0,"my_hand":6,"opponent_hand":6,"my_board":[],"opponent_board":[{"card_name":"Sir Finley Mrrgglton","card_health":2,"card_attack":1}]},{"turn":35,"cards_played":["Alexstrasza"],"current_player":"opponent","my_health":15,"opponent_health":30,"my_armor":16,"opponent_armor":0,"my_hand":6,"opponent_hand":6,"my_board":[],"opponent_board":[{"card_name":"Alexstrasza","card_health":8,"card_attack":8},{"card_name":"Sir Finley Mrrgglton","card_health":2,"card_attack":1}]},{"turn":36,"cards_played":["Armor Up!"],"current_player":"me","my_health":15,"opponent_health":30,"my_armor":15,"opponent_armor":0,"my_hand":6,"opponent_hand":6,"my_board":[],"opponent_board":[{"card_name":"Alexstrasza","card_health":8,"card_attack":8},{"card_name":"Sir Finley Mrrgglton","card_health":2,"card_attack":1}]},{"turn":37,"cards_played":["The Skeleton Knight","Elise Starseeker"],"current_player":"opponent","my_health":15,"opponent_health":30,"my_armor":6,"opponent_armor":0,"my_hand":6,"opponent_hand":5,"my_board":[],"opponent_board":[{"card_name":"Alexstrasza","card_health":8,"card_attack":8},{"card_name":"Sir Finley Mrrgglton","card_health":2,"card_attack":1},{"card_name":"Elise Starseeker","card_health":5,"card_attack":3},{"card_name":"The Skeleton Knight","card_health":4,"card_attack":7}]},{"turn":38,"cards_played":[],"current_player":"me","my_health":15,"opponent_health":30,"my_armor":2,"opponent_armor":0,"my_hand":6,"opponent_hand":5,"my_board":[],"opponent_board":[{"card_name":"Alexstrasza","card_health":8,"card_attack":8},{"card_name":"Sir Finley Mrrgglton","card_health":2,"card_attack":1},{"card_name":"Elise Starseeker","card_health":5,"card_attack":3},{"card_name":"The Skeleton Knight","card_health":4,"card_attack":7}]}],"result":"defeat"}