{"plays":[{"turn":1,"cards_played":[],"current_player":"me","my_health":0,"opponent_health":0,"my_armor":0,"opponent_armor":0,"my_hand":0,"opponent_hand":1,"my_board":[],"opponent_board":[]},{"turn":2,"cards_played":["Mana Wyrm"],"current_player":"opponent","my_health":30,"opponent_health":30,"my_armor":0,"opponent_armor":0,"my_hand":4,"opponent_hand":5,"my_board":[],"opponent_board":[{"card_name":"Mana Wyrm","card_health":3,"card_attack":1}]},{"turn":3,"cards_played":["Fiery War Axe"],"current_player":"me","my_health":29,"opponent_health":30,"my_armor":0,"opponent_armor":0,"my_hand":4,"opponent_hand":5,"my_board":[],"opponent_board":[]},{"turn":4,"cards_played":["Fireblast","Fireblast"],"current_player":"opponent","my_health":28,"opponent_health":30,"my_armor":0,"opponent_armor":0,"my_hand":4,"opponent_hand":6,"my_board":[],"opponent_board":[]},{"turn":5,"cards_played":["Armorsmith"],"current_player":"me","my_health":28,"opponent_health":30,"my_armor":0,"opponent_armor":0,"my_hand":4,"opponent_hand":6,"my_board":[{"card_name":"Armorsmith","card_health":4,"card_attack":1}],"opponent_board":[]},{"turn":6,"cards_played":["The Coin","Water Elemental"],"current_player":"opponent","my_health":28,"opponent_health":30,"my_armor":0,"opponent_armor":0,"my_hand":4,"opponent_hand":5,"my_board":[{"card_name":"Armorsmith","card_health":4,"card_attack":1}],"opponent_board":[{"card_name":"Water Elemental","card_health":6,"card_attack":3}]},{"turn":7,"cards_played":["Battle Rage","Blood To Ichor","Inner Rage"],"current_player":"me","my_health":26,"opponent_health":30,"my_armor":0,"opponent_armor":0,"my_hand":4,"opponent_hand":5,"my_board":[{"card_name":"Armorsmith","card_health":1,"card_attack":1},{"card_name":"Slime","card_health":2,"card_attack":2}],"opponent_board":[]},{"turn":8,"cards_played":["Beckoner of Evil","Fireblast","Fireblast"],"current_player":"opponent","my_health":26,"opponent_health":30,"my_armor":1,"opponent_armor":0,"my_hand":4,"opponent_hand":5,"my_board":[{"card_name":"Slime","card_health":2,"card_attack":2}],"opponent_board":[{"card_name":"Beckoner of Evil","card_health":3,"card_attack":2}]},{"turn":9,"cards_played":["Kor'kron Elite"],"current_player":"me","my_health":26,"opponent_health":28,"my_armor":1,"opponent_armor":0,"my_hand":4,"opponent_hand":5,"my_board":[{"card_name":"Kor'kron Elite","card_health":1,"card_attack":4},{"card_name":"Slime","card_health":2,"card_attack":2}],"opponent_board":[]},{"turn":10,"cards_played":["Fireblast","Fireblast","Kirin Tor Mage"],"current_player":"opponent","my_health":26,"opponent_health":28,"my_armor":1,"opponent_armor":0,"my_hand":4,"opponent_hand":5,"my_board":[{"card_name":"Slime","card_health":2,"card_attack":2}],"opponent_board":[{"card_name":"Kirin Tor Mage","card_health":3,"card_attack":4}]},{"turn":11,"cards_played":["Frothing Berserker","Slam"],"current_player":"me","my_health":26,"opponent_health":28,"my_armor":1,"opponent_armor":0,"my_hand":4,"opponent_hand":5,"my_board":[{"card_name":"Frothing Berserker","card_health":4,"card_attack":5}],"opponent_board":[]},{"turn":12,"cards_played":["Polymorph","Cult Sorcerer"],"current_player":"opponent","my_health":26,"opponent_health":28,"my_armor":1,"opponent_armor":0,"my_hand":4,"opponent_hand":4,"my_board":[{"card_name":"Sheep","card_health":1,"card_attack":1}],"opponent_board":[{"card_name":"Cult Sorcerer","card_health":2,"card_attack":3}]},{"turn":13,"cards_played":["Armor Up!","Sir Finley Mrrgglton","Shapeshift"],"current_player":"me","my_health":26,"opponent_health":28,"my_armor":1,"opponent_armor":0,"my_hand":4,"opponent_hand":4,"my_board":[{"card_name":"Sir Finley Mrrgglton","card_health":3,"card_attack":1}],"opponent_board":[]},{"turn":14,"cards_played":["C'Thun's Chosen","Arcane Intellect"],"current_player":"opponent","my_health":26,"opponent_health":28,"my_armor":1,"opponent_armor":0,"my_hand":4,"opponent_hand":5,"my_board":[{"card_name":"Sir Finley Mrrgglton","card_health":3,"card_attack":1}],"opponent_board":[{"card_name":"C'Thun's Chosen","card_health":2,"card_attack":4}]},{"turn":15,"cards_played":["Bloodhoof Brave","Whirlwind","Battle Rage"],"current_player":"me","my_health":26,"opponent_health":27,"my_armor":1,"opponent_armor":0,"my_hand":5,"opponent_hand":5,"my_board":[{"card_name":"Sir Finley Mrrgglton","card_health":2,"card_attack":1},{"card_name":"Bloodhoof Brave","card_health":5,"card_attack":5}],"opponent_board":[{"card_name":"C'Thun's Chosen","card_health":2,"card_attack":4}]},{"turn":16,"cards_played":["Beckoner of Evil","Blizzard"],"current_player":"opponent","my_health":26,"opponent_health":27,"my_armor":1,"opponent_armor":0,"my_hand":5,"opponent_hand":4,"my_board":[],"opponent_board":[{"card_name":"Beckoner of Evil","card_health":3,"card_attack":2}]},{"turn":17,"cards_played":["Alexstrasza"],"current_player":"me","my_health":26,"opponent_health":27,"my_armor":1,"opponent_armor":0,"my_hand":5,"opponent_hand":4,"my_board":[{"card_name":"Alexstrasza","card_health":8,"card_attack":8}],"opponent_board":[{"card_name":"Beckoner of Evil","card_health":3,"card_attack":2}]},{"turn":18,"cards_played":["Fireball","Twilight Elder"],"current_player":"opponent","my_health":26,"opponent_health":15,"my_armor":1,"opponent_armor":0,"my_hand":5,"opponent_hand":3,"my_board":[],"opponent_board":[{"card_name":"Twilight Elder","card_health":4,"card_attack":3}]},{"turn":19,"cards_played":["Frothing Berserker","Kor'kron Elite","Acolyte of Pain"],"current_player":"me","my_health":26,"opponent_health":15,"my_armor":1,"opponent_armor":0,"my_hand":3,"opponent_hand":3,"my_board":[{"card_name":"Acolyte of Pain","card_health":3,"card_attack":1},{"card_name":"Frothing Berserker","card_health":4,"card_attack":4}],"opponent_board":[]},{"turn":20,"cards_played":["C'Thun"],"current_player":"opponent","my_health":21,"opponent_health":15,"my_armor":0,"opponent_armor":0,"my_hand":6,"opponent_hand":3,"my_board":[],"opponent_board":[{"card_name":"C'Thun","card_health":13,"card_attack":13}]},{"turn":21,"cards_played":["Armorsmith","Grim Patron","Blood To Ichor","Whirlwind","Execute"],"current_player":"me","my_health":21,"opponent_health":15,"my_armor":5,"opponent_armor":0,"my_hand":2,"opponent_hand":3,"my_board":[{"card_name":"Grim Patron","card_health":1,"card_attack":3},{"card_name":"Armorsmith","card_health":3,"card_attack":1},{"card_name":"Grim Patron","card_health":2,"card_attack":3},{"card_name":"Slime","card_health":1,"card_attack":2},{"card_name":"Grim Patron","card_health":3,"card_attack":3},{"card_name":"Grim Patron","card_health":3,"card_attack":3}],"opponent_board":[]},{"turn":22,"cards_played":["Faceless Summoner","Mana Wyrm","Arcane Missiles","Fireblast","Fireblast"],"current_player":"opponent","my_health":21,"opponent_health":15,"my_armor":9,"opponent_armor":0,"my_hand":2,"opponent_hand":1,"my_board":[{"card_name":"Armorsmith","card_health":2,"card_attack":1},{"card_name":"Grim Patron","card_health":1,"card_attack":3},{"card_name":"Slime","card_health":1,"card_attack":2},{"card_name":"Grim Patron","card_health":3,"card_attack":3},{"card_name":"Grim Patron","card_health":3,"card_attack":3},{"card_name":"Grim Patron","card_health":2,"card_attack":3}],"opponent_board":[{"card_name":"Mana Wyrm","card_health":3,"card_attack":2},{"card_name":"Faceless Summoner","card_health":5,"card_attack":5},{"card_name":"Bloodsail Cultist","card_health":4,"card_attack":3}]}],"result":"victory"}