{"plays":[{"turn":1,"cards_played":[],"current_player":"opponent","my_health":0,"opponent_health":0,"my_armor":0,"opponent_armor":0,"my_hand":1,"opponent_hand":0,"my_board":[],"opponent_board":[]},{"turn":2,"cards_played":["The Coin","Wild Growth"],"current_player":"opponent","my_health":30,"opponent_health":30,"my_armor":0,"opponent_armor":0,"my_hand":4,"opponent_hand":4,"my_board":[],"opponent_board":[]},{"turn":3,"cards_played":["Armor Up!"],"current_player":"me","my_health":30,"opponent_health":30,"my_armor":2,"opponent_armor":0,"my_hand":5,"opponent_hand":4,"my_board":[],"opponent_board":[]},{"turn":4,"cards_played":["Shade of Naxxramas"],"current_player":"opponent","my_health":30,"opponent_health":30,"my_armor":2,"opponent_armor":0,"my_hand":5,"opponent_hand":4,"my_board":[],"opponent_board":[{"card_name":"Shade of Naxxramas","card_health":2,"card_attack":2}]},{"turn":5,"cards_played":["Shield Block"],"current_player":"me","my_health":30,"opponent_health":30,"my_armor":7,"opponent_armor":0,"my_hand":6,"opponent_hand":4,"my_board":[],"opponent_board":[{"card_name":"Shade of Naxxramas","card_health":2,"card_attack":2}]},{"turn":6,"cards_played":["Piloted Shredder"],"current_player":"opponent","my_health":30,"opponent_health":30,"my_armor":7,"opponent_armor":0,"my_hand":6,"opponent_hand":4,"my_board":[],"opponent_board":[{"card_name":"Piloted Shredder","card_health":3,"card_attack":4},{"card_name":"Shade of Naxxramas","card_health":3,"card_attack":3}]},{"turn":7,"cards_played":["Death's Bite"],"current_player":"me","my_health":30,"opponent_health":30,"my_armor":3,"opponent_armor":0,"my_hand":6,"opponent_hand":4,"my_board":[],"opponent_board":[{"card_name":"Shade of Naxxramas","card_health":3,"card_attack":3},{"card_name":"Garrison Commander","card_health":3,"card_attack":2}]},{"turn":8,"cards_played":["Azure Drake"],"current_player":"opponent","my_health":30,"opponent_health":30,"my_armor":1,"opponent_armor":0,"my_hand":6,"opponent_hand":5,"my_board":[],"opponent_board":[{"card_name":"Azure Drake","card_health":4,"card_attack":4},{"card_name":"Shade of Naxxramas","card_health":4,"card_attack":4},{"card_name":"Garrison Commander","card_health":3,"card_attack":2}]},{"turn":9,"cards_played":["Unstable Ghoul","Acolyte of Pain"],"current_player":"me","my_health":30,"opponent_health":30,"my_armor":1,"opponent_armor":0,"my_hand":5,"opponent_hand":5,"my_board":[{"card_name":"Unstable Ghoul","card_health":3,"card_attack":1},{"card_name":"Acolyte of Pain","card_health":3,"card_attack":1}],"opponent_board":[{"card_name":"Azure Drake","card_health":4,"card_attack":4},{"card_name":"Shade of Naxxramas","card_health":4,"card_attack":4},{"card_name":"Garrison Commander","card_health":3,"card_attack":2}]},{"turn":10,"cards_played":["Emperor Thaurissan"],"current_player":"opponent","my_health":26,"opponent_health":30,"my_armor":0,"opponent_armor":0,"my_hand":7,"opponent_hand":5,"my_board":[],"opponent_board":[{"card_name":"Azure Drake","card_health":2,"card_attack":4},{"card_name":"Emperor Thaurissan","card_health":5,"card_attack":5},{"card_name":"Shade of Naxxramas","card_health":4,"card_attack":5},{"card_name":"Garrison Commander","card_health":1,"card_attack":2}]},{"turn":11,"cards_played":["Grim Patron","Whirlwind"],"current_player":"me","my_health":21,"opponent_health":30,"my_armor":0,"opponent_armor":0,"my_hand":6,"opponent_hand":5,"my_board":[{"card_name":"Grim Patron","card_health":1,"card_attack":3},{"card_name":"Grim Patron","card_health":2,"card_attack":3},{"card_name":"Grim Patron","card_health":3,"card_attack":3},{"card_name":"Grim Patron","card_health":3,"card_attack":3}],"opponent_board":[{"card_name":"Shade of Naxxramas","card_health":2,"card_attack":5}]},{"turn":12,"cards_played":["Shapeshift","Druid of the Claw"],"current_player":"opponent","my_health":21,"opponent_health":28,"my_armor":0,"opponent_armor":0,"my_hand":6,"opponent_hand":5,"my_board":[{"card_name":"Grim Patron","card_health":2,"card_attack":3}],"opponent_board":[{"card_name":"Druid of the Claw","card_health":1,"card_attack":4}]},{"turn":13,"cards_played":["Unstable Ghoul","Armorsmith","Cruel Taskmaster"],"current_player":"me","my_health":21,"opponent_health":25,"my_armor":0,"opponent_armor":0,"my_hand":4,"opponent_hand":5,"my_board":[{"card_name":"Unstable Ghoul","card_health":3,"card_attack":1},{"card_name":"Armorsmith","card_health":4,"card_attack":1},{"card_name":"Cruel Taskmaster","card_health":2,"card_attack":2},{"card_name":"Grim Patron","card_health":2,"card_attack":3}],"opponent_board":[]},{"turn":14,"cards_played":["Keeper of the Grove","Piloted Shredder"],"current_player":"opponent","my_health":21,"opponent_health":25,"my_armor":1,"opponent_armor":0,"my_hand":4,"opponent_hand":4,"my_board":[{"card_name":"Unstable Ghoul","card_health":3,"card_attack":1},{"card_name":"Armorsmith","card_health":4,"card_attack":1},{"card_name":"Cruel Taskmaster","card_health":2,"card_attack":2}],"opponent_board":[{"card_name":"Keeper of the Grove","card_health":4,"card_attack":2},{"card_name":"Piloted Shredder","card_health":3,"card_attack":4}]},{"turn":15,"cards_played":["Gnomish Inventor","Death's Bite"],"current_player":"me","my_health":20,"opponent_health":21,"my_armor":0,"opponent_armor":0,"my_hand":4,"opponent_hand":4,"my_board":[{"card_name":"Unstable Ghoul","card_health":3,"card_attack":1},{"card_name":"Gnomish Inventor","card_health":4,"card_attack":2},{"card_name":"Armorsmith","card_health":4,"card_attack":1},{"card_name":"Cruel Taskmaster","card_health":2,"card_attack":2}],"opponent_board":[{"card_name":"Piloted Shredder","card_health":3,"card_attack":4}]},{"turn":16,"cards_played":["Shapeshift","Dr. Boom"],"current_player":"opponent","my_health":20,"opponent_health":20,"my_armor":5,"opponent_armor":0,"my_hand":4,"opponent_hand":4,"my_board":[{"card_name":"Gnomish Inventor","card_health":3,"card_attack":2},{"card_name":"Armorsmith","card_health":3,"card_attack":1}],"opponent_board":[{"card_name":"Piloted Shredder","card_health":1,"card_attack":4},{"card_name":"Dr. Boom","card_health":7,"card_attack":7},{"card_name":"Boom Bot","card_health":1,"card_attack":1},{"card_name":"Boom Bot","card_health":1,"card_attack":1}]},{"turn":17,"cards_played":["Acolyte of Pain","Loatheb"],"current_player":"me","my_health":19,"opponent_health":19,"my_armor":2,"opponent_armor":0,"my_hand":5,"opponent_hand":4,"my_board":[{"card_name":"Armorsmith","card_health":2,"card_attack":1},{"card_name":"Loatheb","card_health":5,"card_attack":5}],"opponent_board":[{"card_name":"Mistress of Pain","card_health":4,"card_attack":1}]},{"turn":18,"cards_played":["Ancient of Lore","Darnassus Aspirant","Shapeshift"],"current_player":"opponent","my_health":19,"opponent_health":20,"my_armor":4,"opponent_armor":0,"my_hand":5,"opponent_hand":5,"my_board":[{"card_name":"Loatheb","card_health":5,"card_attack":5}],"opponent_board":[{"card_name":"Darnassus Aspirant","card_health":3,"card_attack":2},{"card_name":"Ancient of Lore","card_health":5,"card_attack":5},{"card_name":"Mistress of Pain","card_health":3,"card_attack":1}]},{"turn":19,"cards_played":["Battle Rage","Slam","Execute","Grim Patron"],"current_player":"me","my_health":19,"opponent_health":20,"my_armor":4,"opponent_armor":0,"my_hand":5,"opponent_hand":5,"my_board":[{"card_name":"Grim Patron","card_health":3,"card_attack":3},{"card_name":"Loatheb","card_health":3,"card_attack":5}],"opponent_board":[{"card_name":"Mistress of Pain","card_health":3,"card_attack":1}]},{"turn":20,"cards_played":["Shapeshift","Savage Roar","Shade of Naxxramas","Darnassus Aspirant"],"current_player":"opponent","my_health":19,"opponent_health":21,"my_armor":4,"opponent_armor":0,"my_hand":5,"opponent_hand":3,"my_board":[],"opponent_board":[{"card_name":"Shade of Naxxramas","card_health":2,"card_attack":2},{"card_name":"Darnassus Aspirant","card_health":3,"card_attack":2}]},{"turn":21,"cards_played":["Fiery War Axe","Emperor Thaurissan","Armor Up!"],"current_player":"me","my_health":19,"opponent_health":21,"my_armor":4,"opponent_armor":0,"my_hand":4,"opponent_hand":3,"my_board":[{"card_name":"Emperor Thaurissan","card_health":5,"card_attack":5}],"opponent_board":[{"card_name":"Shade of Naxxramas","card_health":2,"card_attack":2}]},{"turn":22,"cards_played":["Ancient of Lore","Innervate","Swipe","Shapeshift"],"current_player":"opponent","my_health":19,"opponent_health":17,"my_armor":3,"opponent_armor":0,"my_hand":4,"opponent_hand":3,"my_board":[],"opponent_board":[{"card_name":"Ancient of Lore","card_health":5,"card_attack":5},{"card_name":"Shade of Naxxramas","card_health":3,"card_attack":3}]},{"turn":23,"cards_played":["Raging Worgen","Charge","Inner Rage","Rampage"],"current_player":"me","my_health":19,"opponent_health":-5,"my_armor":3,"opponent_armor":0,"my_hand":1,"opponent_hand":3,"my_board":[{"card_name":"Raging Worgen","card_health":5,"card_attack":11}],"opponent_board":[{"card_name":"Ancient of Lore","card_health":5,"card_attack":5},{"card_name":"Shade of Naxxramas","card_health":3,"card_attack":3}]}],"result":"victory"}