{"plays":[{"turn":1,"cards_played":[],"current_player":"me","my_health":0,"opponent_health":0,"my_armor":0,"opponent_armor":0,"my_hand":0,"opponent_hand":1,"my_board":[],"opponent_board":[]},{"turn":2,"cards_played":["Leper Gnome"],"current_player":"opponent","my_health":30,"opponent_health":30,"my_armor":0,"opponent_armor":0,"my_hand":4,"opponent_hand":5,"my_board":[],"opponent_board":[{"card_name":"Leper Gnome","card_health":1,"card_attack":2}]},{"turn":3,"cards_played":["King's Elekk"],"current_player":"me","my_health":30,"opponent_health":30,"my_armor":0,"opponent_armor":0,"my_hand":5,"opponent_hand":5,"my_board":[{"card_name":"King's Elekk","card_health":2,"card_attack":3}],"opponent_board":[{"card_name":"Leper Gnome","card_health":1,"card_attack":2}]},{"turn":4,"cards_played":["Knife Juggler","The Coin","Leper Gnome"],"current_player":"opponent","my_health":28,"opponent_health":30,"my_armor":0,"opponent_armor":0,"my_hand":5,"opponent_hand":3,"my_board":[],"opponent_board":[{"card_name":"Leper Gnome","card_health":1,"card_attack":2},{"card_name":"Knife Juggler","card_health":2,"card_attack":3}]},{"turn":5,"cards_played":["Powershot"],"current_player":"me","my_health":27,"opponent_health":30,"my_armor":0,"opponent_armor":0,"my_hand":5,"opponent_hand":3,"my_board":[],"opponent_board":[]},{"turn":6,"cards_played":["Shielded Minibot","Argent Squire"],"current_player":"opponent","my_health":25,"opponent_health":30,"my_armor":0,"opponent_armor":0,"my_hand":5,"opponent_hand":2,"my_board":[],"opponent_board":[{"card_name":"Shielded Minibot","card_health":2,"card_attack":2},{"card_name":"Argent Squire","card_health":1,"card_attack":1}]},{"turn":7,"cards_played":["Twilight Guardian"],"current_player":"me","my_health":25,"opponent_health":30,"my_armor":0,"opponent_armor":0,"my_hand":5,"opponent_hand":2,"my_board":[{"card_name":"Twilight Guardian","card_health":6,"card_attack":2}],"opponent_board":[{"card_name":"Shielded Minibot","card_health":2,"card_attack":2},{"card_name":"Argent Squire","card_health":1,"card_attack":1}]},{"turn":8,"cards_played":["Keeper of Uldaman"],"current_player":"opponent","my_health":25,"opponent_health":30,"my_armor":0,"opponent_armor":0,"my_hand":5,"opponent_hand":2,"my_board":[{"card_name":"Twilight Guardian","card_health":3,"card_attack":3}],"opponent_board":[{"card_name":"Keeper of Uldaman","card_health":4,"card_attack":3},{"card_name":"Shielded Minibot","card_health":2,"card_attack":2},{"card_name":"Argent Squire","card_health":3,"card_attack":3}]},{"turn":9,"cards_played":["Blackwing Technician","Quick Shot"],"current_player":"me","my_health":25,"opponent_health":30,"my_armor":0,"opponent_armor":0,"my_hand":4,"opponent_hand":2,"my_board":[{"card_name":"Twilight Guardian","card_health":1,"card_attack":3},{"card_name":"Blackwing Technician","card_health":5,"card_attack":3}],"opponent_board":[{"card_name":"Keeper of Uldaman","card_health":4,"card_attack":3},{"card_name":"Shielded Minibot","card_health":2,"card_attack":2}]},{"turn":10,"cards_played":["Knife Juggler","Shielded Minibot","Abusive Sergeant"],"current_player":"opponent","my_health":24,"opponent_health":30,"my_armor":0,"opponent_armor":0,"my_hand":4,"opponent_hand":0,"my_board":[],"opponent_board":[{"card_name":"Knife Juggler","card_health":2,"card_attack":3},{"card_name":"Keeper of Uldaman","card_health":1,"card_attack":3},{"card_name":"Abusive Sergeant","card_health":1,"card_attack":2},{"card_name":"Shielded Minibot","card_health":2,"card_attack":2}]},{"turn":11,"cards_played":["Acolyte of Pain","Acolyte of Pain"],"current_player":"me","my_health":24,"opponent_health":30,"my_armor":0,"opponent_armor":0,"my_hand":3,"opponent_hand":0,"my_board":[{"card_name":"Acolyte of Pain","card_health":3,"card_attack":1},{"card_name":"Acolyte of Pain","card_health":3,"card_attack":1}],"opponent_board":[{"card_name":"Knife Juggler","card_health":2,"card_attack":3},{"card_name":"Keeper of Uldaman","card_health":1,"card_attack":3},{"card_name":"Abusive Sergeant","card_health":1,"card_attack":2},{"card_name":"Shielded Minibot","card_health":2,"card_attack":2}]},{"turn":12,"cards_played":["Piloted Shredder","Reinforce"],"current_player":"opponent","my_health":14,"opponent_health":30,"my_armor":0,"opponent_armor":0,"my_hand":5,"opponent_hand":0,"my_board":[{"card_name":"Acolyte of Pain","card_health":3,"card_attack":1},{"card_name":"Acolyte of Pain","card_health":1,"card_attack":1}],"opponent_board":[{"card_name":"Knife Juggler","card_health":2,"card_attack":3},{"card_name":"Keeper of Uldaman","card_health":1,"card_attack":3},{"card_name":"Abusive Sergeant","card_health":1,"card_attack":2},{"card_name":"Shielded Minibot","card_health":2,"card_attack":2},{"card_name":"Piloted Shredder","card_health":3,"card_attack":4},{"card_name":"Silver Hand Recruit","card_health":1,"card_attack":1}]},{"turn":13,"cards_played":["King's Elekk","Blackwing Corruptor"],"current_player":"me","my_health":14,"opponent_health":30,"my_armor":0,"opponent_armor":0,"my_hand":7,"opponent_hand":0,"my_board":[{"card_name":"Acolyte of Pain","card_health":1,"card_attack":1},{"card_name":"Blackwing Corruptor","card_health":4,"card_attack":5},{"card_name":"King's Elekk","card_health":2,"card_attack":3}],"opponent_board":[{"card_name":"Abusive Sergeant","card_health":1,"card_attack":2},{"card_name":"Shielded Minibot","card_health":2,"card_attack":2},{"card_name":"Piloted Shredder","card_health":3,"card_attack":4},{"card_name":"Silver Hand Recruit","card_health":1,"card_attack":1}]},{"turn":14,"cards_played":["Divine Favor","Abusive Sergeant","Muster for Battle"],"current_player":"opponent","my_health":6,"opponent_health":30,"my_armor":0,"opponent_armor":0,"my_hand":7,"opponent_hand":5,"my_board":[{"card_name":"Acolyte of Pain","card_health":1,"card_attack":1},{"card_name":"King's Elekk","card_health":2,"card_attack":3}],"opponent_board":[{"card_name":"Shielded Minibot","card_health":2,"card_attack":2},{"card_name":"Piloted Shredder","card_health":3,"card_attack":4},{"card_name":"Abusive Sergeant","card_health":1,"card_attack":2},{"card_name":"Silver Hand Recruit","card_health":1,"card_attack":1},{"card_name":"Silver Hand Recruit","card_health":1,"card_attack":1},{"card_name":"Silver Hand Recruit","card_health":1,"card_attack":1},{"card_name":"Silver Hand Recruit","card_health":1,"card_attack":1}]},{"turn":15,"cards_played":["Wild Pyromancer","Hunter's Mark","Azure Drake"],"current_player":"me","my_health":6,"opponent_health":30,"my_armor":0,"opponent_armor":0,"my_hand":7,"opponent_hand":5,"my_board":[{"card_name":"Wild Pyromancer","card_health":1,"card_attack":3},{"card_name":"Azure Drake","card_health":4,"card_attack":4}],"opponent_board":[]},{"turn":16,"cards_played":["Equality","Consecration","Reinforce"],"current_player":"opponent","my_health":3,"opponent_health":30,"my_armor":0,"opponent_armor":0,"my_hand":7,"opponent_hand":4,"my_board":[],"opponent_board":[{"card_name":"Silver Hand Recruit","card_health":1,"card_attack":1}]},{"turn":17,"cards_played":["Alexstrasza"],"current_player":"me","my_health":3,"opponent_health":30,"my_armor":0,"opponent_armor":0,"my_hand":7,"opponent_hand":4,"my_board":[{"card_name":"Alexstrasza","card_health":8,"card_attack":8}],"opponent_board":[{"card_name":"Silver Hand Recruit","card_health":1,"card_attack":1}]},{"turn":18,"cards_played":["Seal of Champions","Blessing of Kings","Reinforce"],"current_player":"opponent","my_health":14,"opponent_health":30,"my_armor":0,"opponent_armor":0,"my_hand":7,"opponent_hand":3,"my_board":[],"opponent_board":[{"card_name":"Silver Hand Recruit","card_health":5,"card_attack":8},{"card_name":"Silver Hand Recruit","card_health":1,"card_attack":1}]},{"turn":19,"cards_played":["Azure Drake","Antique Healbot"],"current_player":"me","my_health":14,"opponent_health":30,"my_armor":0,"opponent_armor":0,"my_hand":7,"opponent_hand":3,"my_board":[{"card_name":"Azure Drake","card_health":4,"card_attack":4},{"card_name":"Antique Healbot","card_health":3,"card_attack":3}],"opponent_board":[{"card_name":"Silver Hand Recruit","card_health":5,"card_attack":8},{"card_name":"Silver Hand Recruit","card_health":1,"card_attack":1}]},{"turn":20,"cards_played":["Loatheb","Piloted Shredder"],"current_player":"opponent","my_health":12,"opponent_health":30,"my_armor":0,"opponent_armor":0,"my_hand":7,"opponent_hand":2,"my_board":[{"card_name":"Azure Drake","card_health":4,"card_attack":4},{"card_name":"Antique Healbot","card_health":3,"card_attack":3}],"opponent_board":[{"card_name":"Loatheb","card_health":5,"card_attack":5},{"card_name":"Piloted Shredder","card_health":3,"card_attack":4},{"card_name":"Silver Hand Recruit","card_health":5,"card_attack":8},{"card_name":"Silver Hand Recruit","card_health":1,"card_attack":1}]},{"turn":21,"cards_played":["Chillmaw","Blackwing Technician"],"current_player":"me","my_health":12,"opponent_health":30,"my_armor":0,"opponent_armor":0,"my_hand":6,"opponent_hand":2,"my_board":[{"card_name":"Blackwing Technician","card_health":4,"card_attack":2},{"card_name":"Chillmaw","card_health":6,"card_attack":6}],"opponent_board":[{"card_name":"Loatheb","card_health":1,"card_attack":5},{"card_name":"Piloted Shredder","card_health":3,"card_attack":4},{"card_name":"Silver Hand Recruit","card_health":2,"card_attack":8},{"card_name":"Silver Hand Recruit","card_health":1,"card_attack":1}]},{"turn":22,"cards_played":["Equality","Muster for Battle","Divine Favor","Reinforce"],"current_player":"opponent","my_health":11,"opponent_health":30,"my_armor":0,"opponent_armor":0,"my_hand":6,"opponent_hand":6,"my_board":[],"opponent_board":[{"card_name":"Defias Ringleader","card_health":2,"card_attack":2},{"card_name":"Silver Hand Recruit","card_health":1,"card_attack":1},{"card_name":"Silver Hand Recruit","card_health":1,"card_attack":1},{"card_name":"Silver Hand Recruit","card_health":1,"card_attack":1},{"card_name":"Silver Hand Recruit","card_health":1,"card_attack":1}]},{"turn":23,"cards_played":["Twilight Guardian","Antique Healbot"],"current_player":"me","my_health":11,"opponent_health":30,"my_armor":0,"opponent_armor":0,"my_hand":5,"opponent_hand":6,"my_board":[{"card_name":"Antique Healbot","card_health":3,"card_attack":3},{"card_name":"Twilight Guardian","card_health":6,"card_attack":3}],"opponent_board":[{"card_name":"Defias Ringleader","card_health":2,"card_attack":2},{"card_name":"Silver Hand Recruit","card_health":1,"card_attack":1},{"card_name":"Silver Hand Recruit","card_health":1,"card_attack":1},{"card_name":"Silver Hand Recruit","card_health":1,"card_attack":1},{"card_name":"Silver Hand Recruit","card_health":1,"card_attack":1}]},{"turn":24,"cards_played":["Blessing of Kings","Sword of Justice","Argent Squire","Reinforce"],"current_player":"opponent","my_health":14,"opponent_health":30,"my_armor":0,"opponent_armor":0,"my_hand":5,"opponent_hand":4,"my_board":[{"card_name":"Antique Healbot","card_health":3,"card_attack":3}],"opponent_board":[{"card_name":"Argent Squire","card_health":2,"card_attack":2},{"card_name":"Defias Ringleader","card_health":3,"card_attack":6},{"card_name":"Silver Hand Recruit","card_health":1,"card_attack":1},{"card_name":"Silver Hand Recruit","card_health":1,"card_attack":1},{"card_name":"Silver Hand Recruit","card_health":1,"card_attack":1},{"card_name":"Silver Hand Recruit","card_health":1,"card_attack":1},{"card_name":"Silver Hand Recruit","card_health":1,"card_attack":1}]},{"turn":25,"cards_played":["Gahz'rilla","Wild Pyromancer","Hunter's Mark"],"current_player":"me","my_health":14,"opponent_health":30,"my_armor":0,"opponent_armor":0,"my_hand":3,"opponent_hand":4,"my_board":[{"card_name":"Wild Pyromancer","card_health":1,"card_attack":3},{"card_name":"Gahz'rilla","card_health":8,"card_attack":12}],"opponent_board":[{"card_name":"Argent Squire","card_health":2,"card_attack":2}]},{"turn":26,"cards_played":["Reinforce","Argent Commander","Ironbeak Owl"],"current_player":"opponent","my_health":7,"opponent_health":30,"my_armor":0,"opponent_armor":0,"my_hand":3,"opponent_hand":3,"my_board":[{"card_name":"Wild Pyromancer","card_health":1,"card_attack":3},{"card_name":"Gahz'rilla","card_health":8,"card_attack":6}],"opponent_board":[{"card_name":"Argent Squire","card_health":2,"card_attack":2},{"card_name":"Ironbeak Owl","card_health":2,"card_attack":3},{"card_name":"Argent Commander","card_health":3,"card_attack":5},{"card_name":"Silver Hand Recruit","card_health":2,"card_attack":2}]},{"turn":27,"cards_played":["Quick Shot","Chromaggus"],"current_player":"me","my_health":7,"opponent_health":30,"my_armor":0,"opponent_armor":0,"my_hand":2,"opponent_hand":3,"my_board":[{"card_name":"Gahz'rilla","card_health":5,"card_attack":6},{"card_name":"Chromaggus","card_health":8,"card_attack":6}],"opponent_board":[{"card_name":"Argent Squire","card_health":2,"card_attack":2},{"card_name":"Silver Hand Recruit","card_health":2,"card_attack":2}]},{"turn":28,"cards_played":["Consecration","Truesilver Champion"],"current_player":"opponent","my_health":1,"opponent_health":29,"my_armor":0,"opponent_armor":0,"my_hand":2,"opponent_hand":1,"my_board":[{"card_name":"Gahz'rilla","card_health":3,"card_attack":6},{"card_name":"Chromaggus","card_health":6,"card_attack":6}],"opponent_board":[{"card_name":"Argent Squire","card_health":2,"card_attack":2},{"card_name":"Silver Hand Recruit","card_health":2,"card_attack":2}]}],"result":"defeat"}