{"plays":[{"turn":1,"cards_played":[],"current_player":"opponent","my_health":0,"opponent_health":0,"my_armor":0,"opponent_armor":0,"my_hand":3,"opponent_hand":1,"my_board":[],"opponent_board":[]},{"turn":2,"cards_played":["Voidwalker"],"current_player":"opponent","my_health":30,"opponent_health":30,"my_armor":0,"opponent_armor":0,"my_hand":4,"opponent_hand":5,"my_board":[],"opponent_board":[{"card_name":"Voidwalker","card_health":3,"card_attack":1}]},{"turn":3,"cards_played":["Fiery War Axe"],"current_player":"me","my_health":29,"opponent_health":30,"my_armor":0,"opponent_armor":0,"my_hand":4,"opponent_hand":5,"my_board":[],"opponent_board":[]},{"turn":4,"cards_played":["The Coin","Darkshire Councilman"],"current_player":"opponent","my_health":29,"opponent_health":30,"my_armor":0,"opponent_armor":0,"my_hand":4,"opponent_hand":4,"my_board":[],"opponent_board":[{"card_name":"Darkshire Councilman","card_health":5,"card_attack":1}]},{"turn":5,"cards_played":["Sir Finley Mrrgglton","Fireblast","Fireblast"],"current_player":"me","my_health":28,"opponent_health":30,"my_armor":0,"opponent_armor":0,"my_hand":4,"opponent_hand":4,"my_board":[{"card_name":"Sir Finley Mrrgglton","card_health":3,"card_attack":1}],"opponent_board":[{"card_name":"Darkshire Councilman","card_health":1,"card_attack":1}]},{"turn":6,"cards_played":["Knife Juggler","Possessed Villager"],"current_player":"opponent","my_health":27,"opponent_health":30,"my_armor":0,"opponent_armor":0,"my_hand":4,"opponent_hand":3,"my_board":[],"opponent_board":[{"card_name":"Knife Juggler","card_health":2,"card_attack":2},{"card_name":"Possessed Villager","card_health":1,"card_attack":1}]},{"turn":7,"cards_played":["Frothing Berserker"],"current_player":"me","my_health":27,"opponent_health":30,"my_armor":0,"opponent_armor":0,"my_hand":4,"opponent_hand":3,"my_board":[{"card_name":"Frothing Berserker","card_health":4,"card_attack":2}],"opponent_board":[{"card_name":"Knife Juggler","card_health":2,"card_attack":2},{"card_name":"Possessed Villager","card_health":1,"card_attack":1}]},{"turn":8,"cards_played":["Knife Juggler","Flame Imp","Abusive Sergeant"],"current_player":"opponent","my_health":21,"opponent_health":27,"my_armor":0,"opponent_armor":0,"my_hand":4,"opponent_hand":1,"my_board":[],"opponent_board":[{"card_name":"Flame Imp","card_health":2,"card_attack":3},{"card_name":"Knife Juggler","card_health":2,"card_attack":2},{"card_name":"Abusive Sergeant","card_health":1,"card_attack":2},{"card_name":"Shadowbeast","card_health":1,"card_attack":1}]},{"turn":9,"cards_played":["Kor'kron Elite"],"current_player":"me","my_health":21,"opponent_health":27,"my_armor":0,"opponent_armor":0,"my_hand":4,"opponent_hand":1,"my_board":[{"card_name":"Kor'kron Elite","card_health":1,"card_attack":4}],"opponent_board":[{"card_name":"Flame Imp","card_health":2,"card_attack":3},{"card_name":"Abusive Sergeant","card_health":1,"card_attack":2},{"card_name":"Shadowbeast","card_health":1,"card_attack":1}]},{"turn":10,"cards_played":["Life Tap","Bilefin Tidehunter"],"current_player":"opponent","my_health":16,"opponent_health":25,"my_armor":0,"opponent_armor":0,"my_hand":4,"opponent_hand":2,"my_board":[],"opponent_board":[{"card_name":"Flame Imp","card_health":2,"card_attack":3},{"card_name":"Bilefin Tidehunter","card_health":1,"card_attack":2},{"card_name":"Abusive Sergeant","card_health":1,"card_attack":2},{"card_name":"Ooze","card_health":1,"card_attack":1}]},{"turn":11,"cards_played":["Grim Patron","Inner Rage","Whirlwind"],"current_player":"me","my_health":16,"opponent_health":25,"my_armor":0,"opponent_armor":0,"my_hand":2,"opponent_hand":2,"my_board":[{"card_name":"Grim Patron","card_health":2,"card_attack":3},{"card_name":"Grim Patron","card_health":3,"card_attack":3}],"opponent_board":[]},{"turn":12,"cards_played":["Murloc Tidehunter","Life Tap","Dire Wolf Alpha"],"current_player":"opponent","my_health":16,"opponent_health":23,"my_armor":0,"opponent_armor":0,"my_hand":2,"opponent_hand":2,"my_board":[{"card_name":"Grim Patron","card_health":2,"card_attack":3},{"card_name":"Grim Patron","card_health":3,"card_attack":3}],"opponent_board":[{"card_name":"Dire Wolf Alpha","card_health":2,"card_attack":2},{"card_name":"Murloc Tidehunter","card_health":1,"card_attack":2},{"card_name":"Murloc Scout","card_health":1,"card_attack":1}]},{"turn":13,"cards_played":["Fireblast","Fireblast","Battle Rage","Frothing Berserker"],"current_player":"me","my_health":16,"opponent_health":23,"my_armor":0,"opponent_armor":0,"my_hand":4,"opponent_hand":2,"my_board":[{"card_name":"Grim Patron","card_health":1,"card_attack":3},{"card_name":"Frothing Berserker","card_health":4,"card_attack":2},{"card_name":"Grim Patron","card_health":1,"card_attack":3},{"card_name":"Grim Patron","card_health":3,"card_attack":3},{"card_name":"Grim Patron","card_health":3,"card_attack":3}],"opponent_board":[]},{"turn":14,"cards_played":["Life Tap","Bilefin Tidehunter","Murloc Tidehunter"],"current_player":"opponent","my_health":16,"opponent_health":21,"my_armor":0,"opponent_armor":0,"my_hand":4,"opponent_hand":2,"my_board":[{"card_name":"Grim Patron","card_health":1,"card_attack":3},{"card_name":"Frothing Berserker","card_health":4,"card_attack":2},{"card_name":"Grim Patron","card_health":1,"card_attack":3},{"card_name":"Grim Patron","card_health":3,"card_attack":3},{"card_name":"Grim Patron","card_health":3,"card_attack":3}],"opponent_board":[{"card_name":"Murloc Tidehunter","card_health":1,"card_attack":2},{"card_name":"Bilefin Tidehunter","card_health":1,"card_attack":2},{"card_name":"Ooze","card_health":1,"card_attack":1},{"card_name":"Murloc Scout","card_health":1,"card_attack":1}]},{"turn":15,"cards_played":["Fireblast","Fireblast","Whirlwind","Inner Rage"],"current_player":"me","my_health":16,"opponent_health":-6,"my_armor":0,"opponent_armor":0,"my_hand":3,"opponent_hand":2,"my_board":[{"card_name":"Frothing Berserker","card_health":2,"card_attack":18},{"card_name":"Grim Patron","card_health":1,"card_attack":3},{"card_name":"Grim Patron","card_health":1,"card_attack":3},{"card_name":"Grim Patron","card_health":2,"card_attack":3},{"card_name":"Grim Patron","card_health":2,"card_attack":3}],"opponent_board":[]}],"result":"victory"}