{"plays":[{"turn":1,"cards_played":[],"current_player":"opponent","my_health":0,"opponent_health":0,"my_armor":0,"opponent_armor":0,"my_hand":3,"opponent_hand":1,"my_board":[],"opponent_board":[]},{"turn":2,"cards_played":[],"current_player":"opponent","my_health":30,"opponent_health":30,"my_armor":0,"opponent_armor":0,"my_hand":4,"opponent_hand":6,"my_board":[],"opponent_board":[]},{"turn":3,"cards_played":["Armor Up!"],"current_player":"me","my_health":30,"opponent_health":30,"my_armor":2,"opponent_armor":0,"my_hand":5,"opponent_hand":6,"my_board":[],"opponent_board":[]},{"turn":4,"cards_played":["Dagger Mastery"],"current_player":"opponent","my_health":30,"opponent_health":30,"my_armor":2,"opponent_armor":0,"my_hand":5,"opponent_hand":7,"my_board":[],"opponent_board":[]},{"turn":5,"cards_played":["Armor Up!"],"current_player":"me","my_health":30,"opponent_health":30,"my_armor":4,"opponent_armor":0,"my_hand":6,"opponent_hand":7,"my_board":[],"opponent_board":[]},{"turn":6,"cards_played":["Dagger Mastery"],"current_player":"opponent","my_health":30,"opponent_health":30,"my_armor":3,"opponent_armor":0,"my_hand":6,"opponent_hand":8,"my_board":[],"opponent_board":[]},{"turn":7,"cards_played":["Gnomish Inventor"],"current_player":"me","my_health":30,"opponent_health":30,"my_armor":3,"opponent_armor":0,"my_hand":7,"opponent_hand":8,"my_board":[{"card_name":"Gnomish Inventor","card_health":4,"card_attack":2}],"opponent_board":[]},{"turn":8,"cards_played":["Sap","Dagger Mastery"],"current_player":"opponent","my_health":30,"opponent_health":30,"my_armor":2,"opponent_armor":0,"my_hand":8,"opponent_hand":8,"my_board":[],"opponent_board":[]},{"turn":9,"cards_played":["Loatheb"],"current_player":"me","my_health":30,"opponent_health":30,"my_armor":2,"opponent_armor":0,"my_hand":8,"opponent_hand":8,"my_board":[{"card_name":"Loatheb","card_health":5,"card_attack":5}],"opponent_board":[]},{"turn":10,"cards_played":["Dagger Mastery"],"current_player":"opponent","my_health":30,"opponent_health":30,"my_armor":1,"opponent_armor":0,"my_hand":8,"opponent_hand":9,"my_board":[{"card_name":"Loatheb","card_health":5,"card_attack":5}],"opponent_board":[]},{"turn":11,"cards_played":["Battle Rage","Death's Bite"],"current_player":"me","my_health":30,"opponent_health":21,"my_armor":1,"opponent_armor":0,"my_hand":7,"opponent_hand":9,"my_board":[{"card_name":"Loatheb","card_health":5,"card_attack":5}],"opponent_board":[]},{"turn":12,"cards_played":["Bloodmage Thalnos","Eviscerate","Dagger Mastery"],"current_player":"opponent","my_health":30,"opponent_health":21,"my_armor":0,"opponent_armor":0,"my_hand":7,"opponent_hand":8,"my_board":[],"opponent_board":[{"card_name":"Bloodmage Thalnos","card_health":1,"card_attack":1}]},{"turn":13,"cards_played":["Shield Block","Unstable Ghoul","Armor Up!"],"current_player":"me","my_health":30,"opponent_health":21,"my_armor":7,"opponent_armor":0,"my_hand":7,"opponent_hand":8,"my_board":[{"card_name":"Unstable Ghoul","card_health":3,"card_attack":1}],"opponent_board":[{"card_name":"Bloodmage Thalnos","card_health":1,"card_attack":1}]},{"turn":14,"cards_played":["Backstab","Acidic Swamp Ooze","Dagger Mastery","Deadly Poison"],"current_player":"opponent","my_health":30,"opponent_health":21,"my_armor":6,"opponent_armor":0,"my_hand":7,"opponent_hand":7,"my_board":[],"opponent_board":[{"card_name":"Acidic Swamp Ooze","card_health":1,"card_attack":3}]},{"turn":15,"cards_played":["Gnomish Inventor","Fiery War Axe","Armor Up!"],"current_player":"me","my_health":30,"opponent_health":21,"my_armor":5,"opponent_armor":0,"my_hand":7,"opponent_hand":7,"my_board":[{"card_name":"Gnomish Inventor","card_health":4,"card_attack":2}],"opponent_board":[]},{"turn":16,"cards_played":["Deathlord"],"current_player":"opponent","my_health":30,"opponent_health":21,"my_armor":5,"opponent_armor":0,"my_hand":7,"opponent_hand":7,"my_board":[{"card_name":"Gnomish Inventor","card_health":4,"card_attack":2}],"opponent_board":[{"card_name":"Deathlord","card_health":8,"card_attack":2}]},{"turn":17,"cards_played":["Emperor Thaurissan","Armor Up!"],"current_player":"me","my_health":30,"opponent_health":21,"my_armor":7,"opponent_armor":0,"my_hand":7,"opponent_hand":7,"my_board":[{"card_name":"Emperor Thaurissan","card_health":5,"card_attack":5},{"card_name":"Gnomish Inventor","card_health":2,"card_attack":2}],"opponent_board":[{"card_name":"Deathlord","card_health":6,"card_attack":2}]},{"turn":18,"cards_played":["Antique Healbot"],"current_player":"opponent","my_health":30,"opponent_health":16,"my_armor":7,"opponent_armor":0,"my_hand":7,"opponent_hand":7,"my_board":[{"card_name":"Gnomish Inventor","card_health":2,"card_attack":2}],"opponent_board":[{"card_name":"Antique Healbot","card_health":3,"card_attack":3},{"card_name":"Deathlord","card_health":1,"card_attack":2}]},{"turn":19,"cards_played":["Battle Rage","Armorsmith","Grim Patron","Whirlwind","Armor Up!"],"current_player":"me","my_health":30,"opponent_health":24,"my_armor":13,"opponent_armor":0,"my_hand":5,"opponent_hand":7,"my_board":[{"card_name":"Armorsmith","card_health":3,"card_attack":1},{"card_name":"Grim Patron","card_health":2,"card_attack":3},{"card_name":"Raging Worgen","card_health":3,"card_attack":3},{"card_name":"Grim Patron","card_health":3,"card_attack":3}],"opponent_board":[]},{"turn":20,"cards_played":["Brann Bronzebeard","The Coin","Coldlight Oracle","Gang Up","Preparation","Vanish"],"current_player":"opponent","my_health":30,"opponent_health":24,"my_armor":13,"opponent_armor":0,"my_hand":10,"opponent_hand":8,"my_board":[],"opponent_board":[]},{"turn":21,"cards_played":["Armorsmith","Fiery War Axe","Armor Up!"],"current_player":"me","my_health":30,"opponent_health":21,"my_armor":15,"opponent_armor":0,"my_hand":8,"opponent_hand":8,"my_board":[{"card_name":"Armorsmith","card_health":4,"card_attack":1}],"opponent_board":[]},{"turn":22,"cards_played":["Coldlight Oracle","Deathlord","Backstab","Dagger Mastery"],"current_player":"opponent","my_health":30,"opponent_health":20,"my_armor":17,"opponent_armor":0,"my_hand":10,"opponent_hand":8,"my_board":[],"opponent_board":[{"card_name":"Deathlord","card_health":8,"card_attack":2},{"card_name":"Coldlight Oracle","card_health":2,"card_attack":2}]},{"turn":23,"cards_played":["Slam","Execute","Armor Up!"],"current_player":"me","my_health":30,"opponent_health":20,"my_armor":17,"opponent_armor":0,"my_hand":8,"opponent_hand":8,"my_board":[{"card_name":"Unstable Ghoul","card_health":3,"card_attack":1}],"opponent_board":[]},{"turn":24,"cards_played":["Deadly Poison"],"current_player":"opponent","my_health":30,"opponent_health":19,"my_armor":17,"opponent_armor":0,"my_hand":8,"opponent_hand":8,"my_board":[],"opponent_board":[]},{"turn":25,"cards_played":["Death's Bite","Armor Up!"],"current_player":"me","my_health":30,"opponent_health":16,"my_armor":19,"opponent_armor":0,"my_hand":8,"opponent_hand":8,"my_board":[],"opponent_board":[]},{"turn":26,"cards_played":["Antique Healbot","Shadowstep","Coldlight Oracle","Shadowstep"],"current_player":"opponent","my_health":30,"opponent_health":24,"my_armor":19,"opponent_armor":0,"my_hand":10,"opponent_hand":9,"my_board":[],"opponent_board":[]},{"turn":27,"cards_played":["Grim Patron","Whirlwind","Armor Up!"],"current_player":"me","my_health":30,"opponent_health":20,"my_armor":20,"opponent_armor":0,"my_hand":8,"opponent_hand":9,"my_board":[{"card_name":"Grim Patron","card_health":2,"card_attack":3},{"card_name":"Grim Patron","card_health":3,"card_attack":3}],"opponent_board":[]},{"turn":28,"cards_played":["Brann Bronzebeard","Blade Flurry","Coldlight Oracle","Eviscerate","Dagger Mastery"],"current_player":"opponent","my_health":29,"opponent_health":20,"my_armor":0,"opponent_armor":0,"my_hand":8,"opponent_hand":9,"my_board":[],"opponent_board":[{"card_name":"Brann Bronzebeard","card_health":4,"card_attack":2},{"card_name":"Coldlight Oracle","card_health":2,"card_attack":2}]},{"turn":29,"cards_played":["Acolyte of Pain","Charge","Inner Rage","Inner Rage","Rampage","Slam"],"current_player":"me","my_health":-11,"opponent_health":20,"my_armor":0,"opponent_armor":0,"my_hand":2,"opponent_hand":9,"my_board":[{"card_name":"Acolyte of Pain","card_health":2,"card_attack":10}],"opponent_board":[{"card_name":"Brann Bronzebeard","card_health":4,"card_attack":2},{"card_name":"Coldlight Oracle","card_health":2,"card_attack":2}]}],"result":"defeat"}