{"plays":[{"turn":1,"cards_played":[],"current_player":"opponent","my_health":0,"opponent_health":0,"my_armor":0,"opponent_armor":0,"my_hand":1,"opponent_hand":0,"my_board":[],"opponent_board":[]},{"turn":2,"cards_played":[],"current_player":"me","my_health":30,"opponent_health":30,"my_armor":0,"opponent_armor":0,"my_hand":6,"opponent_hand":4,"my_board":[],"opponent_board":[]},{"turn":3,"cards_played":[],"current_player":"opponent","my_health":30,"opponent_health":30,"my_armor":0,"opponent_armor":0,"my_hand":6,"opponent_hand":4,"my_board":[],"opponent_board":[]},{"turn":4,"cards_played":["The Coin","Acolyte of Pain"],"current_player":"me","my_health":30,"opponent_health":30,"my_armor":0,"opponent_armor":0,"my_hand":5,"opponent_hand":4,"my_board":[{"card_name":"Acolyte of Pain","card_health":3,"card_attack":1}],"opponent_board":[]},{"turn":5,"cards_played":["Steady Shot"],"current_player":"opponent","my_health":28,"opponent_health":30,"my_armor":0,"opponent_armor":0,"my_hand":5,"opponent_hand":5,"my_board":[{"card_name":"Acolyte of Pain","card_health":3,"card_attack":1}],"opponent_board":[]},{"turn":6,"cards_played":["Unstable Ghoul"],"current_player":"me","my_health":28,"opponent_health":29,"my_armor":0,"opponent_armor":0,"my_hand":5,"opponent_hand":5,"my_board":[{"card_name":"Unstable Ghoul","card_health":3,"card_attack":1},{"card_name":"Acolyte of Pain","card_health":3,"card_attack":1}],"opponent_board":[{"card_name":"Ironfur Grizzly","card_health":3,"card_attack":3}]},{"turn":7,"cards_played":["Kill Command"],"current_player":"opponent","my_health":28,"opponent_health":29,"my_armor":0,"opponent_armor":0,"my_hand":6,"opponent_hand":5,"my_board":[],"opponent_board":[{"card_name":"Ironfur Grizzly","card_health":2,"card_attack":3}]},{"turn":8,"cards_played":["Slam","Armor Up!"],"current_player":"me","my_health":28,"opponent_health":29,"my_armor":2,"opponent_armor":0,"my_hand":6,"opponent_hand":5,"my_board":[],"opponent_board":[]},{"turn":9,"cards_played":["Jeweled Scarab","Animal Companion"],"current_player":"opponent","my_health":28,"opponent_health":29,"my_armor":2,"opponent_armor":0,"my_hand":6,"opponent_hand":5,"my_board":[],"opponent_board":[{"card_name":"Jeweled Scarab","card_health":1,"card_attack":1},{"card_name":"Misha","card_health":4,"card_attack":4}]},{"turn":10,"cards_played":["Fiery War Axe","Armor Up!"],"current_player":"me","my_health":26,"opponent_health":29,"my_armor":2,"opponent_armor":0,"my_hand":6,"opponent_hand":5,"my_board":[],"opponent_board":[{"card_name":"Jeweled Scarab","card_health":1,"card_attack":1},{"card_name":"Misha","card_health":1,"card_attack":4}]},{"turn":11,"cards_played":["Ball of Spiders"],"current_player":"opponent","my_health":23,"opponent_health":29,"my_armor":0,"opponent_armor":0,"my_hand":6,"opponent_hand":5,"my_board":[],"opponent_board":[{"card_name":"Jeweled Scarab","card_health":1,"card_attack":1},{"card_name":"Misha","card_health":1,"card_attack":4},{"card_name":"Webspinner","card_health":1,"card_attack":1},{"card_name":"Webspinner","card_health":1,"card_attack":1},{"card_name":"Webspinner","card_health":1,"card_attack":1}]},{"turn":12,"cards_played":["Grim Patron","Inner Rage","Whirlwind"],"current_player":"me","my_health":23,"opponent_health":29,"my_armor":0,"opponent_armor":0,"my_hand":4,"opponent_hand":8,"my_board":[{"card_name":"Grim Patron","card_health":1,"card_attack":5},{"card_name":"Grim Patron","card_health":2,"card_attack":3},{"card_name":"Grim Patron","card_health":3,"card_attack":3},{"card_name":"Grim Patron","card_health":3,"card_attack":3}],"opponent_board":[]},{"turn":13,"cards_played":["Animal Companion","Tomb Spider"],"current_player":"opponent","my_health":23,"opponent_health":29,"my_armor":0,"opponent_armor":0,"my_hand":4,"opponent_hand":8,"my_board":[{"card_name":"Grim Patron","card_health":1,"card_attack":5},{"card_name":"Grim Patron","card_health":2,"card_attack":3},{"card_name":"Grim Patron","card_health":3,"card_attack":3},{"card_name":"Grim Patron","card_health":3,"card_attack":3}],"opponent_board":[{"card_name":"Tomb Spider","card_health":3,"card_attack":3},{"card_name":"Misha","card_health":4,"card_attack":4}]},{"turn":14,"cards_played":["Battle Rage","Loatheb"],"current_player":"me","my_health":20,"opponent_health":20,"my_armor":0,"opponent_armor":0,"my_hand":6,"opponent_hand":8,"my_board":[{"card_name":"Loatheb","card_health":5,"card_attack":5},{"card_name":"Grim Patron","card_health":2,"card_attack":3},{"card_name":"Grim Patron","card_health":3,"card_attack":3},{"card_name":"Grim Patron","card_health":3,"card_attack":3}],"opponent_board":[]},{"turn":15,"cards_played":["Captured Jormungar"],"current_player":"opponent","my_health":20,"opponent_health":20,"my_armor":0,"opponent_armor":0,"my_hand":6,"opponent_hand":8,"my_board":[{"card_name":"Loatheb","card_health":5,"card_attack":5},{"card_name":"Grim Patron","card_health":2,"card_attack":3},{"card_name":"Grim Patron","card_health":3,"card_attack":3},{"card_name":"Grim Patron","card_health":3,"card_attack":3}],"opponent_board":[{"card_name":"Captured Jormungar","card_health":9,"card_attack":5}]},{"turn":16,"cards_played":["Shield Block","Death's Bite"],"current_player":"me","my_health":20,"opponent_health":11,"my_armor":0,"opponent_armor":0,"my_hand":6,"opponent_hand":8,"my_board":[{"card_name":"Grim Patron","card_health":2,"card_attack":3},{"card_name":"Grim Patron","card_health":3,"card_attack":3},{"card_name":"Grim Patron","card_health":3,"card_attack":3}],"opponent_board":[]},{"turn":17,"cards_played":["Tracking","Eaglehorn Bow","Huge Toad"],"current_player":"opponent","my_health":20,"opponent_health":8,"my_armor":0,"opponent_armor":0,"my_hand":6,"opponent_hand":6,"my_board":[{"card_name":"Grim Patron","card_health":2,"card_attack":3},{"card_name":"Grim Patron","card_health":3,"card_attack":3}],"opponent_board":[{"card_name":"Huge Toad","card_health":2,"card_attack":3}]},{"turn":18,"cards_played":["Acolyte of Pain","Charge"],"current_player":"me","my_health":20,"opponent_health":-1,"my_armor":0,"opponent_armor":0,"my_hand":7,"opponent_hand":6,"my_board":[{"card_name":"Acolyte of Pain","card_health":2,"card_attack":1},{"card_name":"Grim Patron","card_health":2,"card_attack":5},{"card_name":"Grim Patron","card_health":3,"card_attack":3},{"card_name":"Grim Patron","card_health":3,"card_attack":3}],"opponent_board":[{"card_name":"Huge Toad","card_health":1,"card_attack":3}]}],"result":"victory"}