{"plays":[{"turn":1,"cards_played":[],"current_player":"opponent","my_health":0,"opponent_health":0,"my_armor":0,"opponent_armor":0,"my_hand":4,"opponent_hand":1,"my_board":[],"opponent_board":[]},{"turn":2,"cards_played":[],"current_player":"me","my_health":30,"opponent_health":30,"my_armor":0,"opponent_armor":0,"my_hand":6,"opponent_hand":4,"my_board":[],"opponent_board":[]},{"turn":3,"cards_played":["Dark Peddler"],"current_player":"opponent","my_health":30,"opponent_health":30,"my_armor":0,"opponent_armor":0,"my_hand":6,"opponent_hand":5,"my_board":[],"opponent_board":[{"card_name":"Dark Peddler","card_health":2,"card_attack":2}]},{"turn":4,"cards_played":["Fiery War Axe"],"current_player":"me","my_health":28,"opponent_health":30,"my_armor":0,"opponent_armor":0,"my_hand":6,"opponent_hand":5,"my_board":[],"opponent_board":[]},{"turn":5,"cards_played":["Life Tap"],"current_player":"opponent","my_health":28,"opponent_health":28,"my_armor":0,"opponent_armor":0,"my_hand":6,"opponent_hand":7,"my_board":[],"opponent_board":[]},{"turn":6,"cards_played":["Armor Up!"],"current_player":"me","my_health":28,"opponent_health":25,"my_armor":2,"opponent_armor":0,"my_hand":7,"opponent_hand":7,"my_board":[],"opponent_board":[]},{"turn":7,"cards_played":["Twilight Drake"],"current_player":"opponent","my_health":28,"opponent_health":25,"my_armor":2,"opponent_armor":0,"my_hand":7,"opponent_hand":7,"my_board":[],"opponent_board":[{"card_name":"Twilight Drake","card_health":1,"card_attack":4}]},{"turn":8,"cards_played":["Death's Bite"],"current_player":"me","my_health":26,"opponent_health":25,"my_armor":0,"opponent_armor":0,"my_hand":7,"opponent_hand":7,"my_board":[],"opponent_board":[{"card_name":"Twilight Drake","card_health":4,"card_attack":4}]},{"turn":9,"cards_played":["Twilight Drake","Voidwalker"],"current_player":"opponent","my_health":22,"opponent_health":25,"my_armor":0,"opponent_armor":0,"my_hand":7,"opponent_hand":6,"my_board":[],"opponent_board":[{"card_name":"Twilight Drake","card_health":4,"card_attack":4},{"card_name":"Twilight Drake","card_health":8,"card_attack":4},{"card_name":"Voidwalker","card_health":3,"card_attack":1}]},{"turn":10,"cards_played":["Grim Patron","The Coin","Whirlwind"],"current_player":"me","my_health":21,"opponent_health":25,"my_armor":0,"opponent_armor":0,"my_hand":5,"opponent_hand":6,"my_board":[{"card_name":"Grim Patron","card_health":1,"card_attack":3},{"card_name":"Grim Patron","card_health":2,"card_attack":3},{"card_name":"Grim Patron","card_health":3,"card_attack":3},{"card_name":"Grim Patron","card_health":3,"card_attack":3}],"opponent_board":[{"card_name":"Twilight Drake","card_health":2,"card_attack":4},{"card_name":"Twilight Drake","card_health":6,"card_attack":4}]},{"turn":11,"cards_played":["Mortal Coil","Hellfire"],"current_player":"opponent","my_health":10,"opponent_health":22,"my_armor":0,"opponent_armor":0,"my_hand":5,"opponent_hand":6,"my_board":[],"opponent_board":[{"card_name":"Twilight Drake","card_health":3,"card_attack":4}]},{"turn":12,"cards_played":["Slam","Unstable Ghoul","Armor Up!"],"current_player":"me","my_health":10,"opponent_health":22,"my_armor":2,"opponent_armor":0,"my_hand":5,"opponent_hand":6,"my_board":[{"card_name":"Unstable Ghoul","card_health":3,"card_attack":1}],"opponent_board":[{"card_name":"Twilight Drake","card_health":1,"card_attack":4}]},{"turn":13,"cards_played":["Earthen Ring Farseer","Life Tap"],"current_player":"opponent","my_health":10,"opponent_health":20,"my_armor":2,"opponent_armor":0,"my_hand":5,"opponent_hand":7,"my_board":[],"opponent_board":[{"card_name":"Earthen Ring Farseer","card_health":2,"card_attack":3},{"card_name":"Twilight Drake","card_health":2,"card_attack":4}]},{"turn":14,"cards_played":["Shield Block","Slam","Armor Up!"],"current_player":"me","my_health":10,"opponent_health":20,"my_armor":9,"opponent_armor":0,"my_hand":5,"opponent_hand":7,"my_board":[],"opponent_board":[{"card_name":"Earthen Ring Farseer","card_health":2,"card_attack":3}]},{"turn":15,"cards_played":["Emperor Thaurissan"],"current_player":"opponent","my_health":10,"opponent_health":20,"my_armor":6,"opponent_armor":0,"my_hand":5,"opponent_hand":7,"my_board":[],"opponent_board":[{"card_name":"Emperor Thaurissan","card_health":5,"card_attack":5},{"card_name":"Earthen Ring Farseer","card_health":2,"card_attack":3}]},{"turn":16,"cards_played":["Gnomish Inventor","Shield Block"],"current_player":"me","my_health":10,"opponent_health":20,"my_armor":11,"opponent_armor":0,"my_hand":6,"opponent_hand":7,"my_board":[{"card_name":"Gnomish Inventor","card_health":4,"card_attack":2}],"opponent_board":[{"card_name":"Emperor Thaurissan","card_health":5,"card_attack":5},{"card_name":"Earthen Ring Farseer","card_health":2,"card_attack":3}]},{"turn":17,"cards_played":["Mountain Giant","Defender of Argus","Dark Peddler"],"current_player":"opponent","my_health":10,"opponent_health":20,"my_armor":5,"opponent_armor":0,"my_hand":6,"opponent_hand":6,"my_board":[],"opponent_board":[{"card_name":"Mountain Giant","card_health":8,"card_attack":8},{"card_name":"Emperor Thaurissan","card_health":6,"card_attack":6},{"card_name":"Dark Peddler","card_health":2,"card_attack":2},{"card_name":"Earthen Ring Farseer","card_health":1,"card_attack":4},{"card_name":"Defender of Argus","card_health":3,"card_attack":2}]},{"turn":18,"cards_played":["Battle Rage"],"current_player":"me","my_health":10,"opponent_health":20,"my_armor":5,"opponent_armor":0,"my_hand":7,"opponent_hand":6,"my_board":[],"opponent_board":[{"card_name":"Mountain Giant","card_health":8,"card_attack":8},{"card_name":"Emperor Thaurissan","card_health":6,"card_attack":6},{"card_name":"Dark Peddler","card_health":2,"card_attack":2},{"card_name":"Earthen Ring Farseer","card_health":1,"card_attack":4},{"card_name":"Defender of Argus","card_health":3,"card_attack":2}]}],"result":"defeat"}