{"plays":[{"turn":1,"cards_played":[],"current_player":"opponent","my_health":0,"opponent_health":0,"my_armor":0,"opponent_armor":0,"my_hand":1,"opponent_hand":0,"my_board":[],"opponent_board":[]},{"turn":2,"cards_played":["Sir Finley Mrrgglton"],"current_player":"me","my_health":30,"opponent_health":30,"my_armor":0,"opponent_armor":0,"my_hand":6,"opponent_hand":3,"my_board":[],"opponent_board":[{"card_name":"Sir Finley Mrrgglton","card_health":3,"card_attack":1}]},{"turn":3,"cards_played":["Knife Juggler"],"current_player":"opponent","my_health":29,"opponent_health":30,"my_armor":0,"opponent_armor":0,"my_hand":6,"opponent_hand":3,"my_board":[],"opponent_board":[{"card_name":"Knife Juggler","card_health":2,"card_attack":3},{"card_name":"Sir Finley Mrrgglton","card_health":3,"card_attack":1}]},{"turn":4,"cards_played":["Slam"],"current_player":"me","my_health":29,"opponent_health":30,"my_armor":0,"opponent_armor":0,"my_hand":6,"opponent_hand":3,"my_board":[],"opponent_board":[{"card_name":"Sir Finley Mrrgglton","card_health":3,"card_attack":1}]},{"turn":5,"cards_played":["Abusive Sergeant","Blessing of Might"],"current_player":"opponent","my_health":23,"opponent_health":30,"my_armor":0,"opponent_armor":0,"my_hand":6,"opponent_hand":2,"my_board":[],"opponent_board":[{"card_name":"Abusive Sergeant","card_health":1,"card_attack":2},{"card_name":"Sir Finley Mrrgglton","card_health":3,"card_attack":6}]},{"turn":6,"cards_played":["Slam","Whirlwind"],"current_player":"me","my_health":23,"opponent_health":30,"my_armor":0,"opponent_armor":0,"my_hand":6,"opponent_hand":2,"my_board":[],"opponent_board":[]},{"turn":7,"cards_played":["Shielded Minibot","Fireblast","Fireblast"],"current_player":"opponent","my_health":22,"opponent_health":30,"my_armor":0,"opponent_armor":0,"my_hand":6,"opponent_hand":2,"my_board":[],"opponent_board":[{"card_name":"Shielded Minibot","card_health":2,"card_attack":2}]},{"turn":8,"cards_played":["Gnomish Inventor"],"current_player":"me","my_health":22,"opponent_health":30,"my_armor":0,"opponent_armor":0,"my_hand":7,"opponent_hand":2,"my_board":[{"card_name":"Gnomish Inventor","card_health":4,"card_attack":2}],"opponent_board":[{"card_name":"Shielded Minibot","card_health":2,"card_attack":2}]},{"turn":9,"cards_played":["Blessing of Kings"],"current_player":"opponent","my_health":16,"opponent_health":30,"my_armor":0,"opponent_armor":0,"my_hand":7,"opponent_hand":2,"my_board":[{"card_name":"Gnomish Inventor","card_health":4,"card_attack":2}],"opponent_board":[{"card_name":"Shielded Minibot","card_health":6,"card_attack":6}]},{"turn":10,"cards_played":["Fiery War Axe","Execute","Armor Up!"],"current_player":"me","my_health":10,"opponent_health":30,"my_armor":2,"opponent_armor":0,"my_hand":6,"opponent_hand":2,"my_board":[],"opponent_board":[]},{"turn":11,"cards_played":["Truesilver Champion","Knife Juggler"],"current_player":"opponent","my_health":8,"opponent_health":30,"my_armor":0,"opponent_armor":0,"my_hand":6,"opponent_hand":1,"my_board":[],"opponent_board":[{"card_name":"Knife Juggler","card_health":2,"card_attack":3}]},{"turn":12,"cards_played":["Grim Patron","The Coin","Armor Up!"],"current_player":"me","my_health":7,"opponent_health":30,"my_armor":0,"opponent_armor":0,"my_hand":5,"opponent_hand":1,"my_board":[{"card_name":"Grim Patron","card_health":3,"card_attack":3}],"opponent_board":[]},{"turn":13,"cards_played":["Fireblast","Abusive Sergeant","Coghammer"],"current_player":"opponent","my_health":2,"opponent_health":30,"my_armor":0,"opponent_armor":0,"my_hand":5,"opponent_hand":0,"my_board":[{"card_name":"Grim Patron","card_health":3,"card_attack":5}],"opponent_board":[{"card_name":"Abusive Sergeant","card_health":1,"card_attack":2}]},{"turn":14,"cards_played":["Whirlwind","Charge","Armor Up!"],"current_player":"me","my_health":2,"opponent_health":27,"my_armor":2,"opponent_armor":0,"my_hand":4,"opponent_hand":0,"my_board":[{"card_name":"Grim Patron","card_health":2,"card_attack":3},{"card_name":"Grim Patron","card_health":1,"card_attack":5},{"card_name":"Grim Patron","card_health":3,"card_attack":3}],"opponent_board":[]},{"turn":15,"cards_played":["Leeroy Jenkins"],"current_player":"opponent","my_health":-2,"opponent_health":27,"my_armor":0,"opponent_armor":0,"my_hand":4,"opponent_hand":0,"my_board":[{"card_name":"Grim Patron","card_health":2,"card_attack":3},{"card_name":"Grim Patron","card_health":1,"card_attack":5},{"card_name":"Grim Patron","card_health":3,"card_attack":3},{"card_name":"Whelp","card_health":1,"card_attack":1},{"card_name":"Whelp","card_health":1,"card_attack":1}],"opponent_board":[{"card_name":"Leeroy Jenkins","card_health":2,"card_attack":6}]}],"result":"defeat"}