{"plays":[{"turn":1,"cards_played":[],"current_player":"opponent","my_health":30,"opponent_health":0,"my_armor":0,"opponent_armor":0,"my_hand":1,"opponent_hand":0,"my_board":[],"opponent_board":[]},{"turn":2,"cards_played":["The Coin","Mad Scientist"],"current_player":"opponent","my_health":30,"opponent_health":30,"my_armor":0,"opponent_armor":0,"my_hand":4,"opponent_hand":4,"my_board":[],"opponent_board":[{"card_name":"Mad Scientist","card_health":2,"card_attack":2}]},{"turn":3,"cards_played":["Wild Growth"],"current_player":"me","my_health":30,"opponent_health":30,"my_armor":0,"opponent_armor":0,"my_hand":4,"opponent_hand":4,"my_board":[],"opponent_board":[{"card_name":"Mad Scientist","card_health":2,"card_attack":2}]},{"turn":4,"cards_played":["Knife Juggler"],"current_player":"opponent","my_health":28,"opponent_health":30,"my_armor":0,"opponent_armor":0,"my_hand":4,"opponent_hand":4,"my_board":[],"opponent_board":[{"card_name":"Mad Scientist","card_health":2,"card_attack":2},{"card_name":"Knife Juggler","card_health":2,"card_attack":3}]},{"turn":5,"cards_played":["Wrath","Wrath","Shapeshift"],"current_player":"me","my_health":28,"opponent_health":29,"my_armor":1,"opponent_armor":0,"my_hand":4,"opponent_hand":4,"my_board":[],"opponent_board":[{"card_name":"Mad Scientist","card_health":2,"card_attack":2}]},{"turn":6,"cards_played":["Animal Companion"],"current_player":"opponent","my_health":23,"opponent_health":29,"my_armor":0,"opponent_armor":0,"my_hand":4,"opponent_hand":4,"my_board":[],"opponent_board":[{"card_name":"Mad Scientist","card_health":2,"card_attack":2},{"card_name":"Huffer","card_health":2,"card_attack":4}]},{"turn":7,"cards_played":["Loatheb"],"current_player":"me","my_health":23,"opponent_health":29,"my_armor":0,"opponent_armor":0,"my_hand":4,"opponent_hand":4,"my_board":[{"card_name":"Loatheb","card_health":5,"card_attack":5}],"opponent_board":[{"card_name":"Mad Scientist","card_health":2,"card_attack":2},{"card_name":"Huffer","card_health":2,"card_attack":4}]},{"turn":8,"cards_played":["Houndmaster"],"current_player":"opponent","my_health":15,"opponent_health":29,"my_armor":0,"opponent_armor":0,"my_hand":4,"opponent_hand":4,"my_board":[{"card_name":"Loatheb","card_health":5,"card_attack":5}],"opponent_board":[{"card_name":"Mad Scientist","card_health":2,"card_attack":2},{"card_name":"Houndmaster","card_health":3,"card_attack":4},{"card_name":"Huffer","card_health":4,"card_attack":6}]},{"turn":9,"cards_played":["Force of Nature"],"current_player":"me","my_health":15,"opponent_health":29,"my_armor":0,"opponent_armor":0,"my_hand":4,"opponent_hand":4,"my_board":[{"card_name":"Loatheb","card_health":1,"card_attack":5}],"opponent_board":[]},{"turn":10,"cards_played":["Eaglehorn Bow","Steady Shot"],"current_player":"opponent","my_health":13,"opponent_health":24,"my_armor":0,"opponent_armor":0,"my_hand":4,"opponent_hand":4,"my_board":[],"opponent_board":[]},{"turn":11,"cards_played":["Shapeshift","Druid of the Claw"],"current_player":"me","my_health":13,"opponent_health":23,"my_armor":1,"opponent_armor":0,"my_hand":4,"opponent_hand":4,"my_board":[{"card_name":"Druid of the Claw","card_health":4,"card_attack":4},{"card_name":"Druid of the Claw","card_health":6,"card_attack":4}],"opponent_board":[]},{"turn":12,"cards_played":["Hunter's Mark","Quick Shot","Steady Shot"],"current_player":"opponent","my_health":12,"opponent_health":23,"my_armor":0,"opponent_armor":0,"my_hand":4,"opponent_hand":3,"my_board":[],"opponent_board":[]},{"turn":13,"cards_played":["Dr. Boom"],"current_player":"me","my_health":12,"opponent_health":23,"my_armor":0,"opponent_armor":0,"my_hand":4,"opponent_hand":3,"my_board":[{"card_name":"Dr. Boom","card_health":7,"card_attack":7},{"card_name":"Boom Bot","card_health":1,"card_attack":1},{"card_name":"Boom Bot","card_health":1,"card_attack":1}],"opponent_board":[]},{"turn":14,"cards_played":["Animal Companion","Kill Command"],"current_player":"opponent","my_health":0,"opponent_health":23,"my_armor":0,"opponent_armor":0,"my_hand":4,"opponent_hand":2,"my_board":[{"card_name":"Dr. Boom","card_health":7,"card_attack":7},{"card_name":"Boom Bot","card_health":1,"card_attack":1},{"card_name":"Boom Bot","card_health":1,"card_attack":1}],"opponent_board":[{"card_name":"Huffer","card_health":2,"card_attack":4}]}],"result":"defeat"}