{"plays":[{"turn":1,"cards_played":[],"current_player":"me","my_health":0,"opponent_health":30,"my_armor":0,"opponent_armor":0,"my_hand":0,"opponent_hand":1,"my_board":[],"opponent_board":[]},{"turn":2,"cards_played":["Webspinner","The Coin","Wrath","Wrath","Innervate","Wild Growth"],"current_player":"me","my_health":30,"opponent_health":30,"my_armor":0,"opponent_armor":0,"my_hand":3,"opponent_hand":4,"my_board":[],"opponent_board":[]},{"turn":3,"cards_played":["Steady Shot"],"current_player":"opponent","my_health":28,"opponent_health":30,"my_armor":0,"opponent_armor":0,"my_hand":3,"opponent_hand":5,"my_board":[],"opponent_board":[]},{"turn":4,"cards_played":["Shapeshift"],"current_player":"me","my_health":28,"opponent_health":29,"my_armor":1,"opponent_armor":0,"my_hand":4,"opponent_hand":5,"my_board":[],"opponent_board":[]},{"turn":5,"cards_played":["Webspinner","Steady Shot"],"current_player":"opponent","my_health":27,"opponent_health":29,"my_armor":0,"opponent_armor":0,"my_hand":4,"opponent_hand":5,"my_board":[],"opponent_board":[{"card_name":"Webspinner","card_health":1,"card_attack":1}]},{"turn":6,"cards_played":["Savage Combatant"],"current_player":"me","my_health":27,"opponent_health":29,"my_armor":0,"opponent_armor":0,"my_hand":4,"opponent_hand":5,"my_board":[{"card_name":"Savage Combatant","card_health":4,"card_attack":5}],"opponent_board":[{"card_name":"Webspinner","card_health":1,"card_attack":1}]},{"turn":7,"cards_played":["Quick Shot","Steady Shot"],"current_player":"opponent","my_health":25,"opponent_health":29,"my_armor":0,"opponent_armor":0,"my_hand":4,"opponent_hand":6,"my_board":[],"opponent_board":[]},{"turn":8,"cards_played":["Azure Drake"],"current_player":"me","my_health":25,"opponent_health":29,"my_armor":0,"opponent_armor":0,"my_hand":5,"opponent_hand":6,"my_board":[{"card_name":"Azure Drake","card_health":4,"card_attack":4}],"opponent_board":[]},{"turn":9,"cards_played":["Loatheb"],"current_player":"opponent","my_health":25,"opponent_health":29,"my_armor":0,"opponent_armor":0,"my_hand":5,"opponent_hand":6,"my_board":[{"card_name":"Azure Drake","card_health":4,"card_attack":4}],"opponent_board":[{"card_name":"Loatheb","card_health":5,"card_attack":5}]},{"turn":10,"cards_played":["Shapeshift"],"current_player":"me","my_health":25,"opponent_health":24,"my_armor":1,"opponent_armor":0,"my_hand":6,"opponent_hand":6,"my_board":[{"card_name":"Azure Drake","card_health":4,"card_attack":4}],"opponent_board":[{"card_name":"Loatheb","card_health":5,"card_attack":5}]},{"turn":11,"cards_played":["Savannah Highmane"],"current_player":"opponent","my_health":25,"opponent_health":24,"my_armor":1,"opponent_armor":0,"my_hand":6,"opponent_hand":6,"my_board":[],"opponent_board":[{"card_name":"Loatheb","card_health":1,"card_attack":5},{"card_name":"Savannah Highmane","card_health":5,"card_attack":6}]},{"turn":12,"cards_played":["Dr. Boom"],"current_player":"me","my_health":25,"opponent_health":24,"my_armor":1,"opponent_armor":0,"my_hand":6,"opponent_hand":6,"my_board":[{"card_name":"Dr. Boom","card_health":7,"card_attack":7},{"card_name":"Boom Bot","card_health":1,"card_attack":1},{"card_name":"Boom Bot","card_health":1,"card_attack":1}],"opponent_board":[{"card_name":"Loatheb","card_health":1,"card_attack":5},{"card_name":"Savannah Highmane","card_health":5,"card_attack":6}]},{"turn":13,"cards_played":["Knife Juggler","Unleash the Hounds","Timber Wolf"],"current_player":"opponent","my_health":16,"opponent_health":20,"my_armor":0,"opponent_armor":0,"my_hand":6,"opponent_hand":4,"my_board":[],"opponent_board":[{"card_name":"Knife Juggler","card_health":2,"card_attack":3},{"card_name":"Timber Wolf","card_health":1,"card_attack":1},{"card_name":"Savannah Highmane","card_health":5,"card_attack":7},{"card_name":"Hound","card_health":1,"card_attack":2}]},{"turn":14,"cards_played":["Swipe","Shapeshift","Wrath","Wrath"],"current_player":"me","my_health":14,"opponent_health":19,"my_armor":0,"opponent_armor":0,"my_hand":6,"opponent_hand":4,"my_board":[],"opponent_board":[{"card_name":"Hyena","card_health":2,"card_attack":2},{"card_name":"Hyena","card_health":2,"card_attack":2}]},{"turn":15,"cards_played":["Ragnaros the Firelord"],"current_player":"opponent","my_health":10,"opponent_health":19,"my_armor":0,"opponent_armor":0,"my_hand":6,"opponent_hand":4,"my_board":[],"opponent_board":[{"card_name":"Ragnaros the Firelord","card_health":8,"card_attack":8},{"card_name":"Hyena","card_health":2,"card_attack":2},{"card_name":"Hyena","card_health":2,"card_attack":2}]},{"turn":16,"cards_played":["Ancient of Lore","Ancient Secrets","Shapeshift"],"current_player":"me","my_health":7,"opponent_health":18,"my_armor":1,"opponent_armor":0,"my_hand":6,"opponent_hand":4,"my_board":[{"card_name":"Ancient of Lore","card_health":5,"card_attack":5}],"opponent_board":[{"card_name":"Ragnaros the Firelord","card_health":8,"card_attack":8},{"card_name":"Hyena","card_health":2,"card_attack":2},{"card_name":"Hyena","card_health":2,"card_attack":2}]},{"turn":17,"cards_played":["Defender of Argus","Steady Shot"],"current_player":"opponent","my_health":0,"opponent_health":18,"my_armor":0,"opponent_armor":0,"my_hand":6,"opponent_hand":3,"my_board":[{"card_name":"Ancient of Lore","card_health":5,"card_attack":5}],"opponent_board":[{"card_name":"Ragnaros the Firelord","card_health":8,"card_attack":8},{"card_name":"Defender of Argus","card_health":3,"card_attack":2},{"card_name":"Hyena","card_health":3,"card_attack":3},{"card_name":"Hyena","card_health":3,"card_attack":3}]}],"result":"defeat"}