{"plays":[{"turn":1,"cards_played":[],"current_player":"me","my_health":0,"opponent_health":30,"my_armor":0,"opponent_armor":0,"my_hand":0,"opponent_hand":1,"my_board":[],"opponent_board":[]},{"turn":2,"cards_played":[],"current_player":"me","my_health":30,"opponent_health":30,"my_armor":0,"opponent_armor":0,"my_hand":6,"opponent_hand":4,"my_board":[],"opponent_board":[]},{"turn":3,"cards_played":["Life Tap"],"current_player":"opponent","my_health":30,"opponent_health":28,"my_armor":0,"opponent_armor":0,"my_hand":6,"opponent_hand":6,"my_board":[],"opponent_board":[]},{"turn":4,"cards_played":["Wild Growth"],"current_player":"me","my_health":30,"opponent_health":28,"my_armor":0,"opponent_armor":0,"my_hand":6,"opponent_hand":6,"my_board":[],"opponent_board":[]},{"turn":5,"cards_played":["Life Tap"],"current_player":"opponent","my_health":30,"opponent_health":26,"my_armor":0,"opponent_armor":0,"my_hand":6,"opponent_hand":8,"my_board":[],"opponent_board":[]},{"turn":6,"cards_played":["Piloted Shredder"],"current_player":"me","my_health":30,"opponent_health":26,"my_armor":0,"opponent_armor":0,"my_hand":6,"opponent_hand":8,"my_board":[{"card_name":"Piloted Shredder","card_health":3,"card_attack":4}],"opponent_board":[]},{"turn":7,"cards_played":["Twilight Drake"],"current_player":"opponent","my_health":30,"opponent_health":26,"my_armor":0,"opponent_armor":0,"my_hand":6,"opponent_hand":8,"my_board":[{"card_name":"Piloted Shredder","card_health":3,"card_attack":4}],"opponent_board":[{"card_name":"Twilight Drake","card_health":1,"card_attack":4}]},{"turn":8,"cards_played":["Druid of the Claw"],"current_player":"me","my_health":30,"opponent_health":22,"my_armor":0,"opponent_armor":0,"my_hand":6,"opponent_hand":8,"my_board":[{"card_name":"Piloted Shredder","card_health":3,"card_attack":4},{"card_name":"Druid of the Claw","card_health":6,"card_attack":4}],"opponent_board":[{"card_name":"Twilight Drake","card_health":9,"card_attack":4}]},{"turn":9,"cards_played":["Ancient Watcher","Sunfury Protector"],"current_player":"opponent","my_health":30,"opponent_health":22,"my_armor":0,"opponent_armor":0,"my_hand":6,"opponent_hand":7,"my_board":[{"card_name":"Piloted Shredder","card_health":3,"card_attack":4},{"card_name":"Druid of the Claw","card_health":6,"card_attack":4}],"opponent_board":[{"card_name":"Sunfury Protector","card_health":3,"card_attack":2},{"card_name":"Twilight Drake","card_health":9,"card_attack":4},{"card_name":"Ancient Watcher","card_health":5,"card_attack":4}]},{"turn":10,"cards_played":["The Coin","Dr. Boom"],"current_player":"me","my_health":30,"opponent_health":22,"my_armor":0,"opponent_armor":0,"my_hand":5,"opponent_hand":7,"my_board":[{"card_name":"Dr. Boom","card_health":7,"card_attack":7},{"card_name":"Druid of the Claw","card_health":2,"card_attack":4},{"card_name":"Boom Bot","card_health":1,"card_attack":1},{"card_name":"Boom Bot","card_health":1,"card_attack":1},{"card_name":"Millhouse Manastorm","card_health":4,"card_attack":4}],"opponent_board":[{"card_name":"Sunfury Protector","card_health":3,"card_attack":2},{"card_name":"Twilight Drake","card_health":9,"card_attack":4}]},{"turn":11,"cards_played":["Big Game Hunter","Mortal Coil","Life Tap"],"current_player":"opponent","my_health":30,"opponent_health":20,"my_armor":0,"opponent_armor":0,"my_hand":5,"opponent_hand":8,"my_board":[{"card_name":"Boom Bot","card_health":1,"card_attack":1}],"opponent_board":[{"card_name":"Twilight Drake","card_health":4,"card_attack":4},{"card_name":"Big Game Hunter","card_health":2,"card_attack":4}]},{"turn":12,"cards_played":["Savage Combatant","Shapeshift","Living Roots"],"current_player":"me","my_health":27,"opponent_health":20,"my_armor":0,"opponent_armor":0,"my_hand":4,"opponent_hand":8,"my_board":[{"card_name":"Savage Combatant","card_health":4,"card_attack":5},{"card_name":"Sapling","card_health":1,"card_attack":1},{"card_name":"Sapling","card_health":1,"card_attack":1}],"opponent_board":[]},{"turn":13,"cards_played":["Mountain Giant","Life Tap"],"current_player":"opponent","my_health":27,"opponent_health":18,"my_armor":0,"opponent_armor":0,"my_hand":4,"opponent_hand":9,"my_board":[{"card_name":"Savage Combatant","card_health":4,"card_attack":5},{"card_name":"Sapling","card_health":1,"card_attack":1},{"card_name":"Sapling","card_health":1,"card_attack":1}],"opponent_board":[{"card_name":"Mountain Giant","card_health":8,"card_attack":8}]},{"turn":14,"cards_played":["Druid of the Claw","Savage Roar"],"current_player":"me","my_health":27,"opponent_health":-1,"my_armor":0,"opponent_armor":0,"my_hand":3,"opponent_hand":9,"my_board":[{"card_name":"Savage Combatant","card_health":4,"card_attack":7},{"card_name":"Sapling","card_health":1,"card_attack":3},{"card_name":"Sapling","card_health":1,"card_attack":3},{"card_name":"Druid of the Claw","card_health":4,"card_attack":6}],"opponent_board":[{"card_name":"Mountain Giant","card_health":8,"card_attack":8}]}],"result":"victory"}