{"plays":[{"turn":1,"cards_played":[],"current_player":"opponent","my_health":0,"opponent_health":0,"my_armor":0,"opponent_armor":0,"my_hand":4,"opponent_hand":1,"my_board":[],"opponent_board":[]},{"turn":2,"cards_played":["Fiery Bat"],"current_player":"me","my_health":30,"opponent_health":30,"my_armor":0,"opponent_armor":0,"my_hand":5,"opponent_hand":4,"my_board":[{"card_name":"Fiery Bat","card_health":1,"card_attack":2}],"opponent_board":[]},{"turn":3,"cards_played":["Wrath"],"current_player":"opponent","my_health":30,"opponent_health":30,"my_armor":0,"opponent_armor":0,"my_hand":5,"opponent_hand":5,"my_board":[],"opponent_board":[]},{"turn":4,"cards_played":["King's Elekk"],"current_player":"me","my_health":30,"opponent_health":29,"my_armor":0,"opponent_armor":0,"my_hand":5,"opponent_hand":5,"my_board":[{"card_name":"King's Elekk","card_health":2,"card_attack":3}],"opponent_board":[]},{"turn":5,"cards_played":["Disciple of C'Thun"],"current_player":"opponent","my_health":30,"opponent_health":29,"my_armor":0,"opponent_armor":0,"my_hand":5,"opponent_hand":5,"my_board":[],"opponent_board":[{"card_name":"Disciple of C'Thun","card_health":1,"card_attack":2}]},{"turn":6,"cards_played":["Carrion Grub"],"current_player":"me","my_health":30,"opponent_health":29,"my_armor":0,"opponent_armor":0,"my_hand":5,"opponent_hand":5,"my_board":[{"card_name":"Carrion Grub","card_health":5,"card_attack":2}],"opponent_board":[{"card_name":"Disciple of C'Thun","card_health":1,"card_attack":2}]},{"turn":7,"cards_played":["C'Thun's Chosen"],"current_player":"opponent","my_health":28,"opponent_health":29,"my_armor":0,"opponent_armor":0,"my_hand":5,"opponent_hand":5,"my_board":[{"card_name":"Carrion Grub","card_health":5,"card_attack":2}],"opponent_board":[{"card_name":"C'Thun's Chosen","card_health":2,"card_attack":4},{"card_name":"Disciple of C'Thun","card_health":1,"card_attack":2}]},{"turn":8,"cards_played":["The Coin","Ram Wrangler"],"current_player":"me","my_health":28,"opponent_health":29,"my_armor":0,"opponent_armor":0,"my_hand":4,"opponent_hand":5,"my_board":[{"card_name":"Ram Wrangler","card_health":3,"card_attack":3},{"card_name":"Carrion Grub","card_health":3,"card_attack":2},{"card_name":"Young Dragonhawk","card_health":1,"card_attack":1}],"opponent_board":[{"card_name":"C'Thun's Chosen","card_health":2,"card_attack":4}]},{"turn":9,"cards_played":["Swipe","Living Roots"],"current_player":"opponent","my_health":23,"opponent_health":29,"my_armor":0,"opponent_armor":0,"my_hand":4,"opponent_hand":4,"my_board":[],"opponent_board":[{"card_name":"C'Thun's Chosen","card_health":2,"card_attack":4}]},{"turn":10,"cards_played":["Animal Companion","Fiery Bat"],"current_player":"me","my_health":23,"opponent_health":29,"my_armor":0,"opponent_armor":0,"my_hand":3,"opponent_hand":4,"my_board":[{"card_name":"Fiery Bat","card_health":1,"card_attack":2},{"card_name":"Misha","card_health":4,"card_attack":4}],"opponent_board":[{"card_name":"C'Thun's Chosen","card_health":2,"card_attack":4}]},{"turn":11,"cards_played":["Twilight Elder","Beckoner of Evil","Innervate","Shapeshift"],"current_player":"opponent","my_health":23,"opponent_health":28,"my_armor":0,"opponent_armor":0,"my_hand":3,"opponent_hand":2,"my_board":[],"opponent_board":[{"card_name":"C'Thun's Chosen","card_health":2,"card_attack":4},{"card_name":"Twilight Elder","card_health":4,"card_attack":3},{"card_name":"Beckoner of Evil","card_health":3,"card_attack":2}]},{"turn":12,"cards_played":["Sylvanas Windrunner"],"current_player":"me","my_health":23,"opponent_health":28,"my_armor":0,"opponent_armor":0,"my_hand":3,"opponent_hand":2,"my_board":[{"card_name":"Sylvanas Windrunner","card_health":5,"card_attack":5}],"opponent_board":[{"card_name":"C'Thun's Chosen","card_health":2,"card_attack":4},{"card_name":"Twilight Elder","card_health":3,"card_attack":3},{"card_name":"Beckoner of Evil","card_health":3,"card_attack":2}]},{"turn":13,"cards_played":["Azure Drake","Shapeshift"],"current_player":"opponent","my_health":13,"opponent_health":28,"my_armor":0,"opponent_armor":1,"my_hand":3,"opponent_hand":3,"my_board":[{"card_name":"Sylvanas Windrunner","card_health":5,"card_attack":5}],"opponent_board":[{"card_name":"C'Thun's Chosen","card_health":2,"card_attack":4},{"card_name":"Twilight Elder","card_health":3,"card_attack":3},{"card_name":"Beckoner of Evil","card_health":3,"card_attack":2},{"card_name":"Azure Drake","card_health":4,"card_attack":4}]},{"turn":14,"cards_played":["Princess Huhuran","Steady Shot"],"current_player":"me","my_health":13,"opponent_health":27,"my_armor":0,"opponent_armor":0,"my_hand":3,"opponent_hand":3,"my_board":[{"card_name":"Sylvanas Windrunner","card_health":1,"card_attack":5},{"card_name":"Princess Huhuran","card_health":5,"card_attack":6},{"card_name":"Twilight Elder","card_health":3,"card_attack":3}],"opponent_board":[{"card_name":"C'Thun's Chosen","card_health":2,"card_attack":4},{"card_name":"Beckoner of Evil","card_health":3,"card_attack":2}]},{"turn":15,"cards_played":["Twin Emperor Vek'lor"],"current_player":"opponent","my_health":7,"opponent_health":27,"my_armor":0,"opponent_armor":0,"my_hand":3,"opponent_hand":3,"my_board":[{"card_name":"Sylvanas Windrunner","card_health":1,"card_attack":5},{"card_name":"Princess Huhuran","card_health":5,"card_attack":6},{"card_name":"Twilight Elder","card_health":3,"card_attack":3}],"opponent_board":[{"card_name":"C'Thun's Chosen","card_health":2,"card_attack":4},{"card_name":"Beckoner of Evil","card_health":3,"card_attack":2},{"card_name":"Twin Emperor Vek'lor","card_health":6,"card_attack":4},{"card_name":"Twin Emperor Vek'nilash","card_health":6,"card_attack":4}]},{"turn":16,"cards_played":["Unleash the Hounds","Steady Shot"],"current_player":"me","my_health":7,"opponent_health":21,"my_armor":0,"opponent_armor":0,"my_hand":2,"opponent_hand":3,"my_board":[{"card_name":"Princess Huhuran","card_health":1,"card_attack":6},{"card_name":"Twilight Elder","card_health":3,"card_attack":3},{"card_name":"Beckoner of Evil","card_health":3,"card_attack":2},{"card_name":"Hound","card_health":1,"card_attack":1}],"opponent_board":[]},{"turn":17,"cards_played":["Azure Drake","Wrath","Shapeshift"],"current_player":"opponent","my_health":7,"opponent_health":21,"my_armor":0,"opponent_armor":0,"my_hand":2,"opponent_hand":4,"my_board":[{"card_name":"Twilight Elder","card_health":3,"card_attack":3},{"card_name":"Beckoner of Evil","card_health":3,"card_attack":2}],"opponent_board":[{"card_name":"Azure Drake","card_health":4,"card_attack":4}]},{"turn":18,"cards_played":["Savannah Highmane","Animal Companion"],"current_player":"me","my_health":7,"opponent_health":18,"my_armor":0,"opponent_armor":0,"my_hand":1,"opponent_hand":4,"my_board":[{"card_name":"Savannah Highmane","card_health":5,"card_attack":7},{"card_name":"Beckoner of Evil","card_health":3,"card_attack":3},{"card_name":"Leokk","card_health":4,"card_attack":2}],"opponent_board":[]},{"turn":19,"cards_played":["Dark Arakkoa","Klaxxi Amber-Weaver"],"current_player":"opponent","my_health":7,"opponent_health":18,"my_armor":0,"opponent_armor":0,"my_hand":1,"opponent_hand":3,"my_board":[{"card_name":"Savannah Highmane","card_health":5,"card_attack":7},{"card_name":"Beckoner of Evil","card_health":3,"card_attack":3},{"card_name":"Leokk","card_health":4,"card_attack":2}],"opponent_board":[{"card_name":"Klaxxi Amber-Weaver","card_health":5,"card_attack":4},{"card_name":"Dark Arakkoa","card_health":7,"card_attack":5}]},{"turn":20,"cards_played":["Deadly Shot","Eaglehorn Bow","Steady Shot"],"current_player":"me","my_health":7,"opponent_health":8,"my_armor":0,"opponent_armor":0,"my_hand":0,"opponent_hand":3,"my_board":[{"card_name":"Beckoner of Evil","card_health":3,"card_attack":3},{"card_name":"Leokk","card_health":4,"card_attack":2},{"card_name":"Hyena","card_health":2,"card_attack":3},{"card_name":"Hyena","card_health":2,"card_attack":3}],"opponent_board":[]},{"turn":21,"cards_played":["Dark Arakkoa","C'Thun's Chosen"],"current_player":"opponent","my_health":7,"opponent_health":8,"my_armor":0,"opponent_armor":0,"my_hand":0,"opponent_hand":2,"my_board":[{"card_name":"Beckoner of Evil","card_health":3,"card_attack":3},{"card_name":"Leokk","card_health":4,"card_attack":2},{"card_name":"Hyena","card_health":2,"card_attack":3},{"card_name":"Hyena","card_health":2,"card_attack":3}],"opponent_board":[{"card_name":"C'Thun's Chosen","card_health":2,"card_attack":4},{"card_name":"Dark Arakkoa","card_health":7,"card_attack":5}]},{"turn":22,"cards_played":["Houndmaster"],"current_player":"me","my_health":7,"opponent_health":-1,"my_armor":0,"opponent_armor":0,"my_hand":0,"opponent_hand":2,"my_board":[{"card_name":"Houndmaster","card_health":3,"card_attack":5},{"card_name":"Beckoner of Evil","card_health":3,"card_attack":3},{"card_name":"Leokk","card_health":1,"card_attack":4},{"card_name":"Hyena","card_health":2,"card_attack":3}],"opponent_board":[{"card_name":"C'Thun's Chosen","card_health":2,"card_attack":4}]}],"result":"victory"}