{"plays":[{"turn":1,"cards_played":[],"current_player":"opponent","my_health":30,"opponent_health":0,"my_armor":0,"opponent_armor":0,"my_hand":1,"opponent_hand":0,"my_board":[],"opponent_board":[]},{"turn":2,"cards_played":["Cogmaster","The Coin","Wild Growth","Innervate","Wild Growth"],"current_player":"me","my_health":30,"opponent_health":30,"my_armor":0,"opponent_armor":0,"my_hand":2,"opponent_hand":3,"my_board":[],"opponent_board":[{"card_name":"Cogmaster","card_health":2,"card_attack":1}]},{"turn":3,"cards_played":["Mechwarper","Clockwork Gnome"],"current_player":"opponent","my_health":27,"opponent_health":30,"my_armor":0,"opponent_armor":0,"my_hand":2,"opponent_hand":2,"my_board":[],"opponent_board":[{"card_name":"Mechwarper","card_health":3,"card_attack":2},{"card_name":"Cogmaster","card_health":2,"card_attack":3},{"card_name":"Clockwork Gnome","card_health":1,"card_attack":2}]},{"turn":4,"cards_played":["Piloted Shredder"],"current_player":"me","my_health":27,"opponent_health":30,"my_armor":0,"opponent_armor":0,"my_hand":2,"opponent_hand":2,"my_board":[{"card_name":"Piloted Shredder","card_health":3,"card_attack":4}],"opponent_board":[{"card_name":"Mechwarper","card_health":3,"card_attack":2},{"card_name":"Cogmaster","card_health":2,"card_attack":3},{"card_name":"Clockwork Gnome","card_health":1,"card_attack":2}]},{"turn":5,"cards_played":["Tinkertown Technician"],"current_player":"opponent","my_health":23,"opponent_health":30,"my_armor":0,"opponent_armor":0,"my_hand":2,"opponent_hand":3,"my_board":[{"card_name":"Amani Berserker","card_health":3,"card_attack":2}],"opponent_board":[{"card_name":"Mechwarper","card_health":3,"card_attack":2},{"card_name":"Clockwork Gnome","card_health":1,"card_attack":2},{"card_name":"Tinkertown Technician","card_health":4,"card_attack":4}]},{"turn":6,"cards_played":["Darnassus Aspirant","Shapeshift"],"current_player":"me","my_health":22,"opponent_health":30,"my_armor":0,"opponent_armor":0,"my_hand":2,"opponent_hand":4,"my_board":[{"card_name":"Darnassus Aspirant","card_health":3,"card_attack":2},{"card_name":"Amani Berserker","card_health":1,"card_attack":2}],"opponent_board":[{"card_name":"Mechwarper","card_health":1,"card_attack":2},{"card_name":"Tinkertown Technician","card_health":4,"card_attack":4}]},{"turn":7,"cards_played":["Coghammer","Armor Plating"],"current_player":"opponent","my_health":20,"opponent_health":25,"my_armor":0,"opponent_armor":0,"my_hand":2,"opponent_hand":3,"my_board":[],"opponent_board":[{"card_name":"Mechwarper","card_health":2,"card_attack":2},{"card_name":"Tinkertown Technician","card_health":2,"card_attack":4}]},{"turn":8,"cards_played":["Darnassus Aspirant","Swipe"],"current_player":"me","my_health":20,"opponent_health":24,"my_armor":0,"opponent_armor":0,"my_hand":1,"opponent_hand":3,"my_board":[{"card_name":"Darnassus Aspirant","card_health":3,"card_attack":2}],"opponent_board":[{"card_name":"Mechwarper","card_health":2,"card_attack":2}]},{"turn":9,"cards_played":["Whirling Blades","Shielded Minibot","Reinforce"],"current_player":"opponent","my_health":18,"opponent_health":24,"my_armor":0,"opponent_armor":0,"my_hand":1,"opponent_hand":2,"my_board":[],"opponent_board":[{"card_name":"Shielded Minibot","card_health":2,"card_attack":2},{"card_name":"Silver Hand Recruit","card_health":1,"card_attack":1}]},{"turn":10,"cards_played":["Dr. Boom"],"current_player":"me","my_health":18,"opponent_health":24,"my_armor":0,"opponent_armor":0,"my_hand":1,"opponent_hand":2,"my_board":[{"card_name":"Dr. Boom","card_health":7,"card_attack":7},{"card_name":"Boom Bot","card_health":1,"card_attack":1},{"card_name":"Boom Bot","card_health":1,"card_attack":1}],"opponent_board":[{"card_name":"Shielded Minibot","card_health":2,"card_attack":2},{"card_name":"Silver Hand Recruit","card_health":1,"card_attack":1}]},{"turn":11,"cards_played":["Muster for Battle","Reinforce"],"current_player":"opponent","my_health":17,"opponent_health":20,"my_armor":0,"opponent_armor":0,"my_hand":1,"opponent_hand":2,"my_board":[{"card_name":"Dr. Boom","card_health":7,"card_attack":7}],"opponent_board":[{"card_name":"Shielded Minibot","card_health":1,"card_attack":2},{"card_name":"Silver Hand Recruit","card_health":1,"card_attack":1},{"card_name":"Silver Hand Recruit","card_health":1,"card_attack":1},{"card_name":"Silver Hand Recruit","card_health":1,"card_attack":1},{"card_name":"Silver Hand Recruit","card_health":1,"card_attack":1},{"card_name":"Silver Hand Recruit","card_health":1,"card_attack":1}]},{"turn":12,"cards_played":["Druid of the Claw","Shapeshift"],"current_player":"me","my_health":16,"opponent_health":13,"my_armor":0,"opponent_armor":0,"my_hand":1,"opponent_hand":2,"my_board":[{"card_name":"Dr. Boom","card_health":7,"card_attack":7},{"card_name":"Druid of the Claw","card_health":6,"card_attack":4}],"opponent_board":[{"card_name":"Silver Hand Recruit","card_health":1,"card_attack":1},{"card_name":"Silver Hand Recruit","card_health":1,"card_attack":1},{"card_name":"Silver Hand Recruit","card_health":1,"card_attack":1},{"card_name":"Silver Hand Recruit","card_health":1,"card_attack":1},{"card_name":"Silver Hand Recruit","card_health":1,"card_attack":1}]},{"turn":13,"cards_played":["Blessing of Wisdom","Loatheb"],"current_player":"opponent","my_health":16,"opponent_health":13,"my_armor":0,"opponent_armor":0,"my_hand":1,"opponent_hand":2,"my_board":[{"card_name":"Dr. Boom","card_health":7,"card_attack":7},{"card_name":"Druid of the Claw","card_health":5,"card_attack":4}],"opponent_board":[{"card_name":"Loatheb","card_health":5,"card_attack":5},{"card_name":"Silver Hand Recruit","card_health":1,"card_attack":1},{"card_name":"Silver Hand Recruit","card_health":1,"card_attack":1},{"card_name":"Silver Hand Recruit","card_health":1,"card_attack":1},{"card_name":"Silver Hand Recruit","card_health":1,"card_attack":1}]},{"turn":14,"cards_played":["Savage Roar"],"current_player":"me","my_health":16,"opponent_health":-2,"my_armor":0,"opponent_armor":0,"my_hand":1,"opponent_hand":2,"my_board":[{"card_name":"Dr. Boom","card_health":7,"card_attack":9},{"card_name":"Druid of the Claw","card_health":5,"card_attack":6}],"opponent_board":[{"card_name":"Loatheb","card_health":5,"card_attack":5},{"card_name":"Silver Hand Recruit","card_health":1,"card_attack":1},{"card_name":"Silver Hand Recruit","card_health":1,"card_attack":1},{"card_name":"Silver Hand Recruit","card_health":1,"card_attack":1},{"card_name":"Silver Hand Recruit","card_health":1,"card_attack":1}]}],"result":"victory"}