{"plays":[{"turn":1,"cards_played":[],"current_player":"opponent","my_health":30,"opponent_health":0,"my_armor":0,"opponent_armor":0,"my_hand":1,"opponent_hand":0,"my_board":[],"opponent_board":[]},{"turn":2,"cards_played":[],"current_player":"opponent","my_health":30,"opponent_health":30,"my_armor":0,"opponent_armor":0,"my_hand":4,"opponent_hand":6,"my_board":[],"opponent_board":[]},{"turn":3,"cards_played":["Shapeshift"],"current_player":"me","my_health":30,"opponent_health":29,"my_armor":1,"opponent_armor":0,"my_hand":5,"opponent_hand":6,"my_board":[],"opponent_board":[]},{"turn":4,"cards_played":["Armorsmith"],"current_player":"opponent","my_health":30,"opponent_health":29,"my_armor":1,"opponent_armor":0,"my_hand":5,"opponent_hand":6,"my_board":[],"opponent_board":[{"card_name":"Armorsmith","card_health":4,"card_attack":1}]},{"turn":5,"cards_played":["Innervate","Azure Drake"],"current_player":"me","my_health":30,"opponent_health":29,"my_armor":1,"opponent_armor":0,"my_hand":5,"opponent_hand":6,"my_board":[{"card_name":"Azure Drake","card_health":4,"card_attack":4}],"opponent_board":[{"card_name":"Armorsmith","card_health":4,"card_attack":1}]},{"turn":6,"cards_played":["Bash"],"current_player":"opponent","my_health":30,"opponent_health":29,"my_armor":1,"opponent_armor":4,"my_hand":5,"opponent_hand":6,"my_board":[],"opponent_board":[]},{"turn":7,"cards_played":["Shapeshift","Wild Growth"],"current_player":"me","my_health":30,"opponent_health":29,"my_armor":2,"opponent_armor":3,"my_hand":5,"opponent_hand":6,"my_board":[],"opponent_board":[]},{"turn":8,"cards_played":["Armor Up!"],"current_player":"opponent","my_health":30,"opponent_health":29,"my_armor":2,"opponent_armor":5,"my_hand":5,"opponent_hand":7,"my_board":[],"opponent_board":[]},{"turn":9,"cards_played":["Azure Drake"],"current_player":"me","my_health":30,"opponent_health":29,"my_armor":2,"opponent_armor":5,"my_hand":6,"opponent_hand":7,"my_board":[{"card_name":"Azure Drake","card_health":4,"card_attack":4}],"opponent_board":[]},{"turn":10,"cards_played":["The Coin","Sylvanas Windrunner"],"current_player":"opponent","my_health":30,"opponent_health":29,"my_armor":2,"opponent_armor":5,"my_hand":6,"opponent_hand":6,"my_board":[{"card_name":"Azure Drake","card_health":4,"card_attack":4}],"opponent_board":[{"card_name":"Sylvanas Windrunner","card_health":5,"card_attack":5}]},{"turn":11,"cards_played":["Keeper of the Grove","Dispel","Innervate","Swipe"],"current_player":"me","my_health":30,"opponent_health":28,"my_armor":2,"opponent_armor":0,"my_hand":4,"opponent_hand":6,"my_board":[{"card_name":"Azure Drake","card_health":4,"card_attack":4},{"card_name":"Keeper of the Grove","card_health":4,"card_attack":2}],"opponent_board":[]},{"turn":12,"cards_played":["Shieldmaiden"],"current_player":"opponent","my_health":30,"opponent_health":28,"my_armor":2,"opponent_armor":0,"my_hand":4,"opponent_hand":6,"my_board":[{"card_name":"Azure Drake","card_health":4,"card_attack":4},{"card_name":"Keeper of the Grove","card_health":4,"card_attack":2}],"opponent_board":[{"card_name":"Shieldmaiden","card_health":5,"card_attack":5}]},{"turn":13,"cards_played":["Wrath","Wrath","Savage Combatant","Shapeshift"],"current_player":"me","my_health":28,"opponent_health":27,"my_armor":0,"opponent_armor":0,"my_hand":4,"opponent_hand":6,"my_board":[{"card_name":"Azure Drake","card_health":4,"card_attack":4},{"card_name":"Savage Combatant","card_health":4,"card_attack":5},{"card_name":"Keeper of the Grove","card_health":4,"card_attack":2}],"opponent_board":[]},{"turn":14,"cards_played":["Dr. Boom"],"current_player":"opponent","my_health":28,"opponent_health":27,"my_armor":0,"opponent_armor":0,"my_hand":4,"opponent_hand":6,"my_board":[{"card_name":"Azure Drake","card_health":4,"card_attack":4},{"card_name":"Savage Combatant","card_health":4,"card_attack":5},{"card_name":"Keeper of the Grove","card_health":4,"card_attack":2}],"opponent_board":[{"card_name":"Dr. Boom","card_health":7,"card_attack":7},{"card_name":"Boom Bot","card_health":1,"card_attack":1},{"card_name":"Boom Bot","card_health":1,"card_attack":1}]},{"turn":15,"cards_played":["Force of Nature","Savage Roar"],"current_player":"me","my_health":28,"opponent_health":20,"my_armor":0,"opponent_armor":0,"my_hand":3,"opponent_hand":6,"my_board":[{"card_name":"Azure Drake","card_health":4,"card_attack":6},{"card_name":"Savage Combatant","card_health":4,"card_attack":7},{"card_name":"Keeper of the Grove","card_health":4,"card_attack":4},{"card_name":"Treant","card_health":2,"card_attack":4},{"card_name":"Treant","card_health":2,"card_attack":4},{"card_name":"Treant","card_health":2,"card_attack":4}],"opponent_board":[{"card_name":"Dr. Boom","card_health":7,"card_attack":7},{"card_name":"Boom Bot","card_health":1,"card_attack":1},{"card_name":"Boom Bot","card_health":1,"card_attack":1}]}],"result":"victory"}