{"plays":[{"turn":1,"cards_played":[],"current_player":"me","my_health":0,"opponent_health":30,"my_armor":0,"opponent_armor":0,"my_hand":0,"opponent_hand":1,"my_board":[],"opponent_board":[]},{"turn":2,"cards_played":["Northshire Cleric"],"current_player":"me","my_health":30,"opponent_health":30,"my_armor":0,"opponent_armor":0,"my_hand":6,"opponent_hand":3,"my_board":[],"opponent_board":[{"card_name":"Northshire Cleric","card_health":3,"card_attack":1}]},{"turn":3,"cards_played":[],"current_player":"opponent","my_health":29,"opponent_health":30,"my_armor":0,"opponent_armor":0,"my_hand":6,"opponent_hand":4,"my_board":[],"opponent_board":[{"card_name":"Northshire Cleric","card_health":3,"card_attack":1}]},{"turn":4,"cards_played":["Shapeshift"],"current_player":"me","my_health":29,"opponent_health":29,"my_armor":1,"opponent_armor":0,"my_hand":7,"opponent_hand":4,"my_board":[],"opponent_board":[{"card_name":"Northshire Cleric","card_health":3,"card_attack":1}]},{"turn":5,"cards_played":["Lesser Heal","Lesser Heal"],"current_player":"opponent","my_health":29,"opponent_health":30,"my_armor":0,"opponent_armor":0,"my_hand":7,"opponent_hand":5,"my_board":[],"opponent_board":[{"card_name":"Northshire Cleric","card_health":3,"card_attack":1}]},{"turn":6,"cards_played":["Shapeshift"],"current_player":"me","my_health":29,"opponent_health":29,"my_armor":1,"opponent_armor":0,"my_hand":8,"opponent_hand":5,"my_board":[],"opponent_board":[{"card_name":"Northshire Cleric","card_health":3,"card_attack":1}]},{"turn":7,"cards_played":["Blackwing Technician"],"current_player":"opponent","my_health":29,"opponent_health":29,"my_armor":0,"opponent_armor":0,"my_hand":8,"opponent_hand":5,"my_board":[],"opponent_board":[{"card_name":"Northshire Cleric","card_health":3,"card_attack":1},{"card_name":"Blackwing Technician","card_health":5,"card_attack":3}]},{"turn":8,"cards_played":["The Coin","Druid of the Claw"],"current_player":"me","my_health":29,"opponent_health":29,"my_armor":0,"opponent_armor":0,"my_hand":7,"opponent_hand":5,"my_board":[{"card_name":"Druid of the Claw","card_health":4,"card_attack":4},{"card_name":"Druid of the Claw","card_health":6,"card_attack":4}],"opponent_board":[{"card_name":"Northshire Cleric","card_health":3,"card_attack":1},{"card_name":"Blackwing Technician","card_health":5,"card_attack":3}]},{"turn":9,"cards_played":["Wyrmrest Agent","Northshire Cleric","Lesser Heal","Lesser Heal"],"current_player":"opponent","my_health":29,"opponent_health":29,"my_armor":0,"opponent_armor":0,"my_hand":7,"opponent_hand":6,"my_board":[{"card_name":"Druid of the Claw","card_health":3,"card_attack":4}],"opponent_board":[{"card_name":"Northshire Cleric","card_health":3,"card_attack":1},{"card_name":"Blackwing Technician","card_health":3,"card_attack":3},{"card_name":"Wyrmrest Agent","card_health":4,"card_attack":2},{"card_name":"Northshire Cleric","card_health":3,"card_attack":1}]},{"turn":10,"cards_played":["Keeper of the Grove","Moonfire","Living Roots","Living Roots"],"current_player":"me","my_health":29,"opponent_health":29,"my_armor":0,"opponent_armor":0,"my_hand":6,"opponent_hand":6,"my_board":[{"card_name":"Keeper of the Grove","card_health":4,"card_attack":2},{"card_name":"Druid of the Claw","card_health":1,"card_attack":4}],"opponent_board":[{"card_name":"Northshire Cleric","card_health":3,"card_attack":1},{"card_name":"Northshire Cleric","card_health":3,"card_attack":1}]},{"turn":11,"cards_played":["Twilight Guardian","Lesser Heal","Lesser Heal"],"current_player":"opponent","my_health":29,"opponent_health":29,"my_armor":0,"opponent_armor":0,"my_hand":6,"opponent_hand":7,"my_board":[{"card_name":"Keeper of the Grove","card_health":3,"card_attack":2}],"opponent_board":[{"card_name":"Twilight Guardian","card_health":6,"card_attack":3},{"card_name":"Northshire Cleric","card_health":3,"card_attack":1}]},{"turn":12,"cards_played":["Keeper of the Grove","Dispel","Shapeshift"],"current_player":"me","my_health":29,"opponent_health":29,"my_armor":0,"opponent_armor":0,"my_hand":6,"opponent_hand":7,"my_board":[{"card_name":"Keeper of the Grove","card_health":4,"card_attack":2},{"card_name":"Keeper of the Grove","card_health":2,"card_attack":2}],"opponent_board":[{"card_name":"Twilight Guardian","card_health":6,"card_attack":2}]},{"turn":13,"cards_played":["Cabal Shadow Priest","Twilight Whelp"],"current_player":"opponent","my_health":29,"opponent_health":29,"my_armor":0,"opponent_armor":0,"my_hand":6,"opponent_hand":6,"my_board":[],"opponent_board":[{"card_name":"Twilight Guardian","card_health":4,"card_attack":2},{"card_name":"Twilight Whelp","card_health":1,"card_attack":2},{"card_name":"Cabal Shadow Priest","card_health":5,"card_attack":4},{"card_name":"Keeper of the Grove","card_health":4,"card_attack":2}]},{"turn":14,"cards_played":["Ancient of Lore"],"current_player":"me","my_health":29,"opponent_health":29,"my_armor":0,"opponent_armor":0,"my_hand":8,"opponent_hand":6,"my_board":[{"card_name":"Ancient of Lore","card_health":5,"card_attack":5}],"opponent_board":[{"card_name":"Twilight Guardian","card_health":4,"card_attack":2},{"card_name":"Twilight Whelp","card_health":3,"card_attack":2},{"card_name":"Cabal Shadow Priest","card_health":5,"card_attack":4},{"card_name":"Keeper of the Grove","card_health":4,"card_attack":2}]},{"turn":15,"cards_played":["Shadow Word: Death","Azure Drake"],"current_player":"opponent","my_health":19,"opponent_health":29,"my_armor":0,"opponent_armor":0,"my_hand":8,"opponent_hand":6,"my_board":[],"opponent_board":[{"card_name":"Twilight Guardian","card_health":4,"card_attack":2},{"card_name":"Azure Drake","card_health":4,"card_attack":4},{"card_name":"Twilight Whelp","card_health":3,"card_attack":2},{"card_name":"Cabal Shadow Priest","card_health":5,"card_attack":4},{"card_name":"Keeper of the Grove","card_health":4,"card_attack":2}]},{"turn":16,"cards_played":["Swipe","Innervate","Force of Nature"],"current_player":"me","my_health":19,"opponent_health":28,"my_armor":0,"opponent_armor":0,"my_hand":6,"opponent_hand":6,"my_board":[],"opponent_board":[{"card_name":"Twilight Guardian","card_health":3,"card_attack":2},{"card_name":"Keeper of the Grove","card_health":3,"card_attack":2}]},{"turn":17,"cards_played":["Wyrmrest Agent","Dark Cultist","Dark Cultist"],"current_player":"opponent","my_health":15,"opponent_health":28,"my_armor":0,"opponent_armor":0,"my_hand":6,"opponent_hand":4,"my_board":[],"opponent_board":[{"card_name":"Twilight Guardian","card_health":3,"card_attack":2},{"card_name":"Dark Cultist","card_health":4,"card_attack":3},{"card_name":"Dark Cultist","card_health":4,"card_attack":3},{"card_name":"Wyrmrest Agent","card_health":4,"card_attack":2},{"card_name":"Keeper of the Grove","card_health":3,"card_attack":2}]},{"turn":18,"cards_played":["Loatheb","Darnassus Aspirant","Shapeshift"],"current_player":"me","my_health":15,"opponent_health":28,"my_armor":1,"opponent_armor":0,"my_hand":5,"opponent_hand":4,"my_board":[{"card_name":"Loatheb","card_health":5,"card_attack":5},{"card_name":"Darnassus Aspirant","card_health":3,"card_attack":2}],"opponent_board":[{"card_name":"Twilight Guardian","card_health":3,"card_attack":2},{"card_name":"Dark Cultist","card_health":4,"card_attack":3},{"card_name":"Dark Cultist","card_health":4,"card_attack":3},{"card_name":"Wyrmrest Agent","card_health":4,"card_attack":2},{"card_name":"Keeper of the Grove","card_health":3,"card_attack":2}]},{"turn":19,"cards_played":["Blackwing Corruptor","Blackwing Corruptor"],"current_player":"opponent","my_health":-2,"opponent_health":28,"my_armor":0,"opponent_armor":0,"my_hand":5,"opponent_hand":3,"my_board":[{"card_name":"Loatheb","card_health":5,"card_attack":5},{"card_name":"Darnassus Aspirant","card_health":3,"card_attack":2}],"opponent_board":[{"card_name":"Twilight Guardian","card_health":3,"card_attack":2},{"card_name":"Dark Cultist","card_health":4,"card_attack":3},{"card_name":"Blackwing Corruptor","card_health":4,"card_attack":5},{"card_name":"Dark Cultist","card_health":4,"card_attack":3},{"card_name":"Blackwing Corruptor","card_health":4,"card_attack":5},{"card_name":"Wyrmrest Agent","card_health":4,"card_attack":2},{"card_name":"Keeper of the Grove","card_health":3,"card_attack":2}]}],"result":"defeat"}