{"plays":[{"turn":1,"cards_played":[],"current_player":"opponent","my_health":30,"opponent_health":0,"my_armor":0,"opponent_armor":0,"my_hand":1,"opponent_hand":0,"my_board":[],"opponent_board":[]},{"turn":2,"cards_played":["Northshire Cleric","The Coin","Wrath","Wrath"],"current_player":"me","my_health":30,"opponent_health":30,"my_armor":0,"opponent_armor":0,"my_hand":4,"opponent_hand":3,"my_board":[],"opponent_board":[]},{"turn":3,"cards_played":[],"current_player":"opponent","my_health":30,"opponent_health":30,"my_armor":0,"opponent_armor":0,"my_hand":4,"opponent_hand":4,"my_board":[],"opponent_board":[]},{"turn":4,"cards_played":["Wild Growth"],"current_player":"me","my_health":30,"opponent_health":30,"my_armor":0,"opponent_armor":0,"my_hand":4,"opponent_hand":4,"my_board":[],"opponent_board":[]},{"turn":5,"cards_played":["Lesser Heal","Lesser Heal"],"current_player":"opponent","my_health":30,"opponent_health":30,"my_armor":0,"opponent_armor":0,"my_hand":4,"opponent_hand":5,"my_board":[],"opponent_board":[]},{"turn":6,"cards_played":["Piloted Shredder"],"current_player":"me","my_health":30,"opponent_health":30,"my_armor":0,"opponent_armor":0,"my_hand":4,"opponent_hand":5,"my_board":[{"card_name":"Piloted Shredder","card_health":3,"card_attack":4}],"opponent_board":[]},{"turn":7,"cards_played":["Twilight Guardian"],"current_player":"opponent","my_health":30,"opponent_health":30,"my_armor":0,"opponent_armor":0,"my_hand":4,"opponent_hand":5,"my_board":[{"card_name":"Piloted Shredder","card_health":3,"card_attack":4}],"opponent_board":[{"card_name":"Twilight Guardian","card_health":6,"card_attack":2}]},{"turn":8,"cards_played":["Keeper of the Grove","Moonfire"],"current_player":"me","my_health":30,"opponent_health":30,"my_armor":0,"opponent_armor":0,"my_hand":4,"opponent_hand":5,"my_board":[{"card_name":"Keeper of the Grove","card_health":4,"card_attack":2},{"card_name":"Faerie Dragon","card_health":2,"card_attack":3}],"opponent_board":[]},{"turn":9,"cards_played":["Blackwing Corruptor"],"current_player":"opponent","my_health":30,"opponent_health":30,"my_armor":0,"opponent_armor":0,"my_hand":4,"opponent_hand":5,"my_board":[{"card_name":"Keeper of the Grove","card_health":4,"card_attack":2}],"opponent_board":[{"card_name":"Blackwing Corruptor","card_health":4,"card_attack":5}]},{"turn":10,"cards_played":["Savage Combatant","Shapeshift"],"current_player":"me","my_health":26,"opponent_health":30,"my_armor":0,"opponent_armor":0,"my_hand":4,"opponent_hand":5,"my_board":[{"card_name":"Savage Combatant","card_health":4,"card_attack":5}],"opponent_board":[]},{"turn":11,"cards_played":["Twilight Guardian"],"current_player":"opponent","my_health":26,"opponent_health":30,"my_armor":0,"opponent_armor":0,"my_hand":4,"opponent_hand":5,"my_board":[{"card_name":"Savage Combatant","card_health":4,"card_attack":5}],"opponent_board":[{"card_name":"Twilight Guardian","card_health":6,"card_attack":2}]},{"turn":12,"cards_played":["Ancient of Lore","Innervate","Shapeshift"],"current_player":"me","my_health":24,"opponent_health":30,"my_armor":0,"opponent_armor":0,"my_hand":5,"opponent_hand":5,"my_board":[{"card_name":"Savage Combatant","card_health":1,"card_attack":5},{"card_name":"Ancient of Lore","card_health":5,"card_attack":5}],"opponent_board":[]},{"turn":13,"cards_played":["Blackwing Corruptor"],"current_player":"opponent","my_health":24,"opponent_health":30,"my_armor":0,"opponent_armor":0,"my_hand":5,"opponent_hand":5,"my_board":[{"card_name":"Ancient of Lore","card_health":5,"card_attack":5}],"opponent_board":[{"card_name":"Blackwing Corruptor","card_health":4,"card_attack":5}]},{"turn":14,"cards_played":["Piloted Shredder","Swipe"],"current_player":"me","my_health":24,"opponent_health":24,"my_armor":0,"opponent_armor":0,"my_hand":4,"opponent_hand":5,"my_board":[{"card_name":"Ancient of Lore","card_health":5,"card_attack":5},{"card_name":"Piloted Shredder","card_health":3,"card_attack":4}],"opponent_board":[]},{"turn":15,"cards_played":["Shrinkmeister","Cabal Shadow Priest"],"current_player":"opponent","my_health":24,"opponent_health":24,"my_armor":0,"opponent_armor":0,"my_hand":4,"opponent_hand":4,"my_board":[{"card_name":"Ancient of Lore","card_health":5,"card_attack":5},{"card_name":"Piloted Shredder","card_health":3,"card_attack":2}],"opponent_board":[{"card_name":"Shrinkmeister","card_health":2,"card_attack":3},{"card_name":"Cabal Shadow Priest","card_health":5,"card_attack":4}]},{"turn":16,"cards_played":["Dr. Boom","Shapeshift"],"current_player":"me","my_health":24,"opponent_health":23,"my_armor":1,"opponent_armor":0,"my_hand":4,"opponent_hand":4,"my_board":[{"card_name":"Dr. Boom","card_health":7,"card_attack":7},{"card_name":"Ancient of Lore","card_health":1,"card_attack":5},{"card_name":"Boom Bot","card_health":1,"card_attack":1},{"card_name":"Boom Bot","card_health":1,"card_attack":1}],"opponent_board":[{"card_name":"Piloted Shredder","card_health":3,"card_attack":4},{"card_name":"Shrinkmeister","card_health":2,"card_attack":3}]},{"turn":17,"cards_played":["Shadow Word: Death","Holy Nova"],"current_player":"opponent","my_health":16,"opponent_health":25,"my_armor":0,"opponent_armor":0,"my_hand":4,"opponent_hand":3,"my_board":[],"opponent_board":[{"card_name":"Piloted Shredder","card_health":3,"card_attack":4},{"card_name":"Shrinkmeister","card_health":2,"card_attack":3}]},{"turn":18,"cards_played":["Keeper of the Grove","Dispel","Swipe","Shapeshift"],"current_player":"me","my_health":14,"opponent_health":19,"my_armor":0,"opponent_armor":0,"my_hand":3,"opponent_hand":3,"my_board":[{"card_name":"Keeper of the Grove","card_health":4,"card_attack":2}],"opponent_board":[]},{"turn":19,"cards_played":["Azure Drake","Wyrmrest Agent","Lesser Heal"],"current_player":"opponent","my_health":14,"opponent_health":21,"my_armor":0,"opponent_armor":0,"my_hand":3,"opponent_hand":3,"my_board":[{"card_name":"Keeper of the Grove","card_health":4,"card_attack":2}],"opponent_board":[{"card_name":"Wyrmrest Agent","card_health":4,"card_attack":2},{"card_name":"Azure Drake","card_health":4,"card_attack":4}]},{"turn":20,"cards_played":["Loatheb","Innervate","Emperor Thaurissan","Living Roots"],"current_player":"me","my_health":14,"opponent_health":21,"my_armor":0,"opponent_armor":0,"my_hand":0,"opponent_hand":3,"my_board":[{"card_name":"Emperor Thaurissan","card_health":5,"card_attack":5},{"card_name":"Keeper of the Grove","card_health":4,"card_attack":2},{"card_name":"Loatheb","card_health":5,"card_attack":5},{"card_name":"Sapling","card_health":1,"card_attack":1},{"card_name":"Sapling","card_health":1,"card_attack":1}],"opponent_board":[{"card_name":"Wyrmrest Agent","card_health":4,"card_attack":2},{"card_name":"Azure Drake","card_health":4,"card_attack":4}]},{"turn":21,"cards_played":["Velen's Chosen","Lesser Heal","Lesser Heal"],"current_player":"opponent","my_health":14,"opponent_health":21,"my_armor":0,"opponent_armor":0,"my_hand":0,"opponent_hand":3,"my_board":[{"card_name":"Keeper of the Grove","card_health":4,"card_attack":2},{"card_name":"Loatheb","card_health":5,"card_attack":5},{"card_name":"Sapling","card_health":1,"card_attack":1}],"opponent_board":[{"card_name":"Wyrmrest Agent","card_health":3,"card_attack":2},{"card_name":"Azure Drake","card_health":5,"card_attack":6}]},{"turn":22,"cards_played":["Shapeshift"],"current_player":"me","my_health":13,"opponent_health":20,"my_armor":0,"opponent_armor":0,"my_hand":1,"opponent_hand":3,"my_board":[{"card_name":"Keeper of the Grove","card_health":2,"card_attack":2},{"card_name":"Sapling","card_health":1,"card_attack":1}],"opponent_board":[]},{"turn":23,"cards_played":["Chromaggus","Power Word: Shield"],"current_player":"opponent","my_health":13,"opponent_health":20,"my_armor":0,"opponent_armor":0,"my_hand":1,"opponent_hand":4,"my_board":[{"card_name":"Keeper of the Grove","card_health":2,"card_attack":2},{"card_name":"Sapling","card_health":1,"card_attack":1}],"opponent_board":[{"card_name":"Chromaggus","card_health":8,"card_attack":6}]},{"turn":24,"cards_played":["Darnassus Aspirant","Shapeshift"],"current_player":"me","my_health":13,"opponent_health":16,"my_armor":1,"opponent_armor":0,"my_hand":1,"opponent_hand":4,"my_board":[{"card_name":"Keeper of the Grove","card_health":2,"card_attack":2},{"card_name":"Darnassus Aspirant","card_health":3,"card_attack":2},{"card_name":"Sapling","card_health":1,"card_attack":1}],"opponent_board":[{"card_name":"Chromaggus","card_health":10,"card_attack":6}]},{"turn":25,"cards_played":["Blackwing Technician","Blackwing Technician","Lesser Heal","Lesser Heal"],"current_player":"opponent","my_health":8,"opponent_health":18,"my_armor":0,"opponent_armor":0,"my_hand":1,"opponent_hand":4,"my_board":[{"card_name":"Keeper of the Grove","card_health":2,"card_attack":2},{"card_name":"Darnassus Aspirant","card_health":3,"card_attack":2},{"card_name":"Sapling","card_health":1,"card_attack":1}],"opponent_board":[{"card_name":"Chromaggus","card_health":10,"card_attack":6},{"card_name":"Blackwing Technician","card_health":4,"card_attack":2},{"card_name":"Blackwing Technician","card_health":4,"card_attack":2}]},{"turn":26,"cards_played":["Druid of the Claw","Savage Roar","Shapeshift"],"current_player":"me","my_health":8,"opponent_health":-2,"my_armor":1,"opponent_armor":0,"my_hand":0,"opponent_hand":4,"my_board":[{"card_name":"Keeper of the Grove","card_health":2,"card_attack":4},{"card_name":"Darnassus Aspirant","card_health":3,"card_attack":4},{"card_name":"Sapling","card_health":1,"card_attack":3},{"card_name":"Druid of the Claw","card_health":4,"card_attack":6}],"opponent_board":[{"card_name":"Chromaggus","card_health":10,"card_attack":6},{"card_name":"Blackwing Technician","card_health":4,"card_attack":2},{"card_name":"Blackwing Technician","card_health":4,"card_attack":2}]}],"result":"victory"}