{"plays":[{"turn":1,"cards_played":[],"current_player":"me","my_health":0,"opponent_health":30,"my_armor":0,"opponent_armor":0,"my_hand":0,"opponent_hand":1,"my_board":[],"opponent_board":[]},{"turn":2,"cards_played":["The Coin","Mad Scientist"],"current_player":"opponent","my_health":30,"opponent_health":30,"my_armor":0,"opponent_armor":0,"my_hand":4,"opponent_hand":4,"my_board":[],"opponent_board":[{"card_name":"Mad Scientist","card_health":2,"card_attack":2}]},{"turn":3,"cards_played":["Wrath","Wrath"],"current_player":"me","my_health":30,"opponent_health":30,"my_armor":0,"opponent_armor":0,"my_hand":4,"opponent_hand":4,"my_board":[],"opponent_board":[]},{"turn":4,"cards_played":["Mad Scientist"],"current_player":"opponent","my_health":30,"opponent_health":30,"my_armor":0,"opponent_armor":0,"my_hand":4,"opponent_hand":4,"my_board":[],"opponent_board":[{"card_name":"Mad Scientist","card_health":2,"card_attack":2}]},{"turn":5,"cards_played":["Shapeshift"],"current_player":"me","my_health":29,"opponent_health":29,"my_armor":0,"opponent_armor":0,"my_hand":5,"opponent_hand":4,"my_board":[],"opponent_board":[{"card_name":"Mad Scientist","card_health":2,"card_attack":2}]},{"turn":6,"cards_played":["Argent Horserider"],"current_player":"opponent","my_health":25,"opponent_health":29,"my_armor":0,"opponent_armor":0,"my_hand":5,"opponent_hand":4,"my_board":[],"opponent_board":[{"card_name":"Mad Scientist","card_health":2,"card_attack":2},{"card_name":"Argent Horserider","card_health":1,"card_attack":2}]},{"turn":7,"cards_played":["Keeper of the Grove","Dispel"],"current_player":"me","my_health":25,"opponent_health":29,"my_armor":0,"opponent_armor":0,"my_hand":5,"opponent_hand":4,"my_board":[{"card_name":"Keeper of the Grove","card_health":4,"card_attack":2}],"opponent_board":[{"card_name":"Mad Scientist","card_health":2,"card_attack":2},{"card_name":"Argent Horserider","card_health":1,"card_attack":2}]},{"turn":8,"cards_played":["Haunted Creeper","Steady Shot"],"current_player":"opponent","my_health":19,"opponent_health":29,"my_armor":0,"opponent_armor":0,"my_hand":5,"opponent_hand":4,"my_board":[{"card_name":"Keeper of the Grove","card_health":4,"card_attack":2}],"opponent_board":[{"card_name":"Mad Scientist","card_health":2,"card_attack":2},{"card_name":"Argent Horserider","card_health":1,"card_attack":2},{"card_name":"Haunted Creeper","card_health":2,"card_attack":1}]},{"turn":9,"cards_played":["Shapeshift","Innervate","Swipe"],"current_player":"me","my_health":18,"opponent_health":28,"my_armor":0,"opponent_armor":0,"my_hand":4,"opponent_hand":4,"my_board":[{"card_name":"Keeper of the Grove","card_health":3,"card_attack":2}],"opponent_board":[]},{"turn":10,"cards_played":["Knife Juggler","Ironbeak Owl"],"current_player":"opponent","my_health":18,"opponent_health":28,"my_armor":0,"opponent_armor":0,"my_hand":4,"opponent_hand":3,"my_board":[{"card_name":"Keeper of the Grove","card_health":3,"card_attack":2}],"opponent_board":[{"card_name":"Ironbeak Owl","card_health":1,"card_attack":2},{"card_name":"Knife Juggler","card_health":2,"card_attack":3}]},{"turn":11,"cards_played":["Emperor Thaurissan"],"current_player":"me","my_health":17,"opponent_health":28,"my_armor":0,"opponent_armor":0,"my_hand":4,"opponent_hand":3,"my_board":[{"card_name":"Emperor Thaurissan","card_health":5,"card_attack":5},{"card_name":"Keeper of the Grove","card_health":1,"card_attack":2}],"opponent_board":[{"card_name":"Knife Juggler","card_health":2,"card_attack":3}]},{"turn":12,"cards_played":["Steady Shot","Arcane Shot","Kill Command"],"current_player":"opponent","my_health":10,"opponent_health":28,"my_armor":0,"opponent_armor":0,"my_hand":4,"opponent_hand":2,"my_board":[{"card_name":"Emperor Thaurissan","card_health":5,"card_attack":5},{"card_name":"Keeper of the Grove","card_health":1,"card_attack":2}],"opponent_board":[{"card_name":"Knife Juggler","card_health":2,"card_attack":3}]},{"turn":13,"cards_played":["Ancient of Lore","Ancient Secrets"],"current_player":"me","my_health":12,"opponent_health":26,"my_armor":0,"opponent_armor":0,"my_hand":4,"opponent_hand":2,"my_board":[{"card_name":"Emperor Thaurissan","card_health":2,"card_attack":5},{"card_name":"Keeper of the Grove","card_health":1,"card_attack":2},{"card_name":"Ancient of Lore","card_health":5,"card_attack":5}],"opponent_board":[]},{"turn":14,"cards_played":["Animal Companion","Kill Command"],"current_player":"opponent","my_health":12,"opponent_health":26,"my_armor":0,"opponent_armor":0,"my_hand":4,"opponent_hand":1,"my_board":[{"card_name":"Emperor Thaurissan","card_health":2,"card_attack":5},{"card_name":"Keeper of the Grove","card_health":1,"card_attack":2},{"card_name":"Ancient of Lore","card_health":5,"card_attack":5}],"opponent_board":[{"card_name":"Misha","card_health":4,"card_attack":4}]},{"turn":15,"cards_played":["Azure Drake","Loatheb","Shapeshift"],"current_player":"me","my_health":7,"opponent_health":18,"my_armor":1,"opponent_armor":0,"my_hand":4,"opponent_hand":1,"my_board":[{"card_name":"Emperor Thaurissan","card_health":2,"card_attack":5},{"card_name":"Loatheb","card_health":5,"card_attack":5},{"card_name":"Keeper of the Grove","card_health":1,"card_attack":2},{"card_name":"Azure Drake","card_health":4,"card_attack":4},{"card_name":"Ancient of Lore","card_health":1,"card_attack":5}],"opponent_board":[]},{"turn":16,"cards_played":["Leper Gnome","Brave Archer","Steady Shot"],"current_player":"opponent","my_health":4,"opponent_health":18,"my_armor":0,"opponent_armor":0,"my_hand":4,"opponent_hand":0,"my_board":[{"card_name":"Emperor Thaurissan","card_health":2,"card_attack":5},{"card_name":"Loatheb","card_health":5,"card_attack":5},{"card_name":"Keeper of the Grove","card_health":1,"card_attack":2},{"card_name":"Azure Drake","card_health":4,"card_attack":4},{"card_name":"Ancient of Lore","card_health":1,"card_attack":5}],"opponent_board":[{"card_name":"Leper Gnome","card_health":1,"card_attack":2},{"card_name":"Brave Archer","card_health":1,"card_attack":2}]}],"result":"victory"}