{"plays":[{"turn":1,"cards_played":[],"current_player":"opponent","my_health":30,"opponent_health":0,"my_armor":0,"opponent_armor":0,"my_hand":1,"opponent_hand":0,"my_board":[],"opponent_board":[]},{"turn":2,"cards_played":["The Coin","Darnassus Aspirant"],"current_player":"me","my_health":30,"opponent_health":30,"my_armor":0,"opponent_armor":0,"my_hand":4,"opponent_hand":4,"my_board":[{"card_name":"Darnassus Aspirant","card_health":3,"card_attack":2}],"opponent_board":[]},{"turn":3,"cards_played":["Wild Growth"],"current_player":"opponent","my_health":30,"opponent_health":30,"my_armor":0,"opponent_armor":0,"my_hand":4,"opponent_hand":4,"my_board":[{"card_name":"Darnassus Aspirant","card_health":3,"card_attack":2}],"opponent_board":[]},{"turn":4,"cards_played":["Innervate","Druid of the Claw"],"current_player":"me","my_health":30,"opponent_health":28,"my_armor":0,"opponent_armor":0,"my_hand":3,"opponent_hand":4,"my_board":[{"card_name":"Darnassus Aspirant","card_health":3,"card_attack":2},{"card_name":"Druid of the Claw","card_health":6,"card_attack":4}],"opponent_board":[]},{"turn":5,"cards_played":["Shade of Naxxramas"],"current_player":"opponent","my_health":30,"opponent_health":28,"my_armor":0,"opponent_armor":0,"my_hand":3,"opponent_hand":4,"my_board":[{"card_name":"Darnassus Aspirant","card_health":3,"card_attack":2},{"card_name":"Druid of the Claw","card_health":6,"card_attack":4}],"opponent_board":[{"card_name":"Shade of Naxxramas","card_health":2,"card_attack":2}]},{"turn":6,"cards_played":["Darnassus Aspirant","Shapeshift"],"current_player":"me","my_health":30,"opponent_health":21,"my_armor":1,"opponent_armor":0,"my_hand":3,"opponent_hand":4,"my_board":[{"card_name":"Darnassus Aspirant","card_health":3,"card_attack":2},{"card_name":"Darnassus Aspirant","card_health":3,"card_attack":2},{"card_name":"Druid of the Claw","card_health":6,"card_attack":4}],"opponent_board":[{"card_name":"Shade of Naxxramas","card_health":2,"card_attack":2}]},{"turn":7,"cards_played":["Azure Drake"],"current_player":"opponent","my_health":30,"opponent_health":21,"my_armor":1,"opponent_armor":0,"my_hand":3,"opponent_hand":5,"my_board":[{"card_name":"Darnassus Aspirant","card_health":3,"card_attack":2},{"card_name":"Darnassus Aspirant","card_health":3,"card_attack":2},{"card_name":"Druid of the Claw","card_health":6,"card_attack":4}],"opponent_board":[{"card_name":"Azure Drake","card_health":4,"card_attack":4},{"card_name":"Shade of Naxxramas","card_health":3,"card_attack":3}]},{"turn":8,"cards_played":["Savage Combatant","Shapeshift"],"current_player":"me","my_health":30,"opponent_health":14,"my_armor":2,"opponent_armor":0,"my_hand":3,"opponent_hand":5,"my_board":[{"card_name":"Darnassus Aspirant","card_health":3,"card_attack":2},{"card_name":"Darnassus Aspirant","card_health":3,"card_attack":2},{"card_name":"Savage Combatant","card_health":4,"card_attack":5},{"card_name":"Druid of the Claw","card_health":2,"card_attack":4}],"opponent_board":[{"card_name":"Shade of Naxxramas","card_health":3,"card_attack":3}]},{"turn":9,"cards_played":["Force of Nature"],"current_player":"opponent","my_health":30,"opponent_health":14,"my_armor":2,"opponent_armor":0,"my_hand":3,"opponent_hand":5,"my_board":[{"card_name":"Darnassus Aspirant","card_health":3,"card_attack":2}],"opponent_board":[{"card_name":"Shade of Naxxramas","card_health":2,"card_attack":4}]},{"turn":10,"cards_played":["Keeper of the Grove","Moonfire","Shapeshift"],"current_player":"me","my_health":30,"opponent_health":11,"my_armor":3,"opponent_armor":0,"my_hand":3,"opponent_hand":5,"my_board":[{"card_name":"Darnassus Aspirant","card_health":3,"card_attack":2},{"card_name":"Keeper of the Grove","card_health":4,"card_attack":2}],"opponent_board":[]},{"turn":11,"cards_played":["Dr. Boom"],"current_player":"opponent","my_health":30,"opponent_health":11,"my_armor":3,"opponent_armor":0,"my_hand":3,"opponent_hand":5,"my_board":[{"card_name":"Darnassus Aspirant","card_health":3,"card_attack":2},{"card_name":"Keeper of the Grove","card_health":4,"card_attack":2}],"opponent_board":[{"card_name":"Dr. Boom","card_health":7,"card_attack":7},{"card_name":"Boom Bot","card_health":1,"card_attack":1},{"card_name":"Boom Bot","card_health":1,"card_attack":1}]},{"turn":12,"cards_played":["Shapeshift","Azure Drake"],"current_player":"me","my_health":28,"opponent_health":9,"my_armor":0,"opponent_armor":0,"my_hand":4,"opponent_hand":5,"my_board":[{"card_name":"Darnassus Aspirant","card_health":3,"card_attack":2},{"card_name":"Keeper of the Grove","card_health":3,"card_attack":2},{"card_name":"Azure Drake","card_health":4,"card_attack":4}],"opponent_board":[{"card_name":"Dr. Boom","card_health":7,"card_attack":7}]},{"turn":13,"cards_played":["Emperor Thaurissan","Wrath"],"current_player":"opponent","my_health":28,"opponent_health":9,"my_armor":0,"opponent_armor":0,"my_hand":4,"opponent_hand":4,"my_board":[{"card_name":"Keeper of the Grove","card_health":3,"card_attack":2}],"opponent_board":[{"card_name":"Emperor Thaurissan","card_health":5,"card_attack":5},{"card_name":"Dr. Boom","card_health":3,"card_attack":7}]},{"turn":14,"cards_played":["Wrath","Wrath","Keeper of the Grove","Dispel"],"current_player":"me","my_health":28,"opponent_health":7,"my_armor":0,"opponent_armor":0,"my_hand":3,"opponent_hand":4,"my_board":[{"card_name":"Keeper of the Grove","card_health":4,"card_attack":2},{"card_name":"Keeper of the Grove","card_health":3,"card_attack":2}],"opponent_board":[{"card_name":"Emperor Thaurissan","card_health":5,"card_attack":5}]},{"turn":15,"cards_played":["Druid of the Claw","Darnassus Aspirant","Shapeshift"],"current_player":"opponent","my_health":27,"opponent_health":7,"my_armor":0,"opponent_armor":1,"my_hand":3,"opponent_hand":3,"my_board":[{"card_name":"Keeper of the Grove","card_health":3,"card_attack":2}],"opponent_board":[{"card_name":"Emperor Thaurissan","card_health":3,"card_attack":5},{"card_name":"Darnassus Aspirant","card_health":3,"card_attack":2},{"card_name":"Druid of the Claw","card_health":6,"card_attack":4}]},{"turn":16,"cards_played":["Force of Nature","Shapeshift"],"current_player":"me","my_health":26,"opponent_health":7,"my_armor":0,"opponent_armor":1,"my_hand":3,"opponent_hand":3,"my_board":[{"card_name":"Keeper of the Grove","card_health":1,"card_attack":2}],"opponent_board":[{"card_name":"Emperor Thaurissan","card_health":3,"card_attack":5}]},{"turn":17,"cards_played":["Shapeshift","Sylvanas Windrunner","Big Game Hunter"],"current_player":"opponent","my_health":21,"opponent_health":7,"my_armor":0,"opponent_armor":0,"my_hand":3,"opponent_hand":2,"my_board":[],"opponent_board":[{"card_name":"Emperor Thaurissan","card_health":3,"card_attack":5},{"card_name":"Sylvanas Windrunner","card_health":5,"card_attack":5},{"card_name":"Big Game Hunter","card_health":2,"card_attack":4}]},{"turn":18,"cards_played":["Wrath","Wrath","Savage Combatant","Shapeshift"],"current_player":"me","my_health":18,"opponent_health":7,"my_armor":0,"opponent_armor":0,"my_hand":2,"opponent_hand":2,"my_board":[{"card_name":"Savage Combatant","card_health":4,"card_attack":5}],"opponent_board":[{"card_name":"Sylvanas Windrunner","card_health":5,"card_attack":5}]},{"turn":19,"cards_played":["Ancient of Lore","Swipe"],"current_player":"opponent","my_health":12,"opponent_health":12,"my_armor":0,"opponent_armor":0,"my_hand":2,"opponent_hand":1,"my_board":[],"opponent_board":[{"card_name":"Sylvanas Windrunner","card_health":5,"card_attack":5},{"card_name":"Ancient of Lore","card_health":5,"card_attack":5}]},{"turn":20,"cards_played":["Loatheb","Piloted Shredder"],"current_player":"me","my_health":12,"opponent_health":12,"my_armor":0,"opponent_armor":0,"my_hand":1,"opponent_hand":1,"my_board":[{"card_name":"Loatheb","card_health":5,"card_attack":5},{"card_name":"Piloted Shredder","card_health":3,"card_attack":4}],"opponent_board":[{"card_name":"Sylvanas Windrunner","card_health":5,"card_attack":5},{"card_name":"Ancient of Lore","card_health":5,"card_attack":5}]},{"turn":21,"cards_played":["Shapeshift","Savage Roar"],"current_player":"opponent","my_health":-2,"opponent_health":12,"my_armor":0,"opponent_armor":1,"my_hand":1,"opponent_hand":1,"my_board":[{"card_name":"Loatheb","card_health":5,"card_attack":5},{"card_name":"Piloted Shredder","card_health":3,"card_attack":4}],"opponent_board":[{"card_name":"Sylvanas Windrunner","card_health":5,"card_attack":7},{"card_name":"Ancient of Lore","card_health":5,"card_attack":7}]}],"result":"defeat"}