{"plays":[{"turn":1,"cards_played":[],"current_player":"opponent","my_health":30,"opponent_health":0,"my_armor":0,"opponent_armor":0,"my_hand":1,"opponent_hand":0,"my_board":[],"opponent_board":[]},{"turn":2,"cards_played":["Living Roots"],"current_player":"me","my_health":30,"opponent_health":30,"my_armor":0,"opponent_armor":0,"my_hand":5,"opponent_hand":4,"my_board":[{"card_name":"Sapling","card_health":1,"card_attack":1},{"card_name":"Sapling","card_health":1,"card_attack":1}],"opponent_board":[]},{"turn":3,"cards_played":["Armorsmith"],"current_player":"opponent","my_health":30,"opponent_health":30,"my_armor":0,"opponent_armor":0,"my_hand":5,"opponent_hand":4,"my_board":[{"card_name":"Sapling","card_health":1,"card_attack":1},{"card_name":"Sapling","card_health":1,"card_attack":1}],"opponent_board":[{"card_name":"Armorsmith","card_health":4,"card_attack":1}]},{"turn":4,"cards_played":["Innervate","Piloted Shredder"],"current_player":"me","my_health":30,"opponent_health":28,"my_armor":0,"opponent_armor":0,"my_hand":4,"opponent_hand":4,"my_board":[{"card_name":"Piloted Shredder","card_health":3,"card_attack":4},{"card_name":"Sapling","card_health":1,"card_attack":1},{"card_name":"Sapling","card_health":1,"card_attack":1}],"opponent_board":[{"card_name":"Armorsmith","card_health":4,"card_attack":1}]},{"turn":5,"cards_played":["Armor Up!"],"current_player":"opponent","my_health":30,"opponent_health":28,"my_armor":0,"opponent_armor":3,"my_hand":4,"opponent_hand":5,"my_board":[{"card_name":"Piloted Shredder","card_health":3,"card_attack":4},{"card_name":"Sapling","card_health":1,"card_attack":1}],"opponent_board":[{"card_name":"Armorsmith","card_health":3,"card_attack":1}]},{"turn":6,"cards_played":["Wrath","Wrath"],"current_player":"me","my_health":30,"opponent_health":27,"my_armor":0,"opponent_armor":0,"my_hand":4,"opponent_hand":5,"my_board":[{"card_name":"Piloted Shredder","card_health":3,"card_attack":4},{"card_name":"Sapling","card_health":1,"card_attack":1}],"opponent_board":[]},{"turn":7,"cards_played":["Death's Bite"],"current_player":"opponent","my_health":30,"opponent_health":23,"my_armor":0,"opponent_armor":0,"my_hand":4,"opponent_hand":5,"my_board":[{"card_name":"Sapling","card_health":1,"card_attack":1},{"card_name":"Micro Machine","card_health":2,"card_attack":1}],"opponent_board":[]},{"turn":8,"cards_played":["Piloted Shredder"],"current_player":"me","my_health":30,"opponent_health":20,"my_armor":0,"opponent_armor":0,"my_hand":4,"opponent_hand":5,"my_board":[{"card_name":"Piloted Shredder","card_health":3,"card_attack":4},{"card_name":"Sapling","card_health":1,"card_attack":1},{"card_name":"Micro Machine","card_health":2,"card_attack":2}],"opponent_board":[]},{"turn":9,"cards_played":["Acolyte of Pain","Cruel Taskmaster"],"current_player":"opponent","my_health":30,"opponent_health":16,"my_armor":0,"opponent_armor":0,"my_hand":4,"opponent_hand":5,"my_board":[{"card_name":"Undercity Valiant","card_health":2,"card_attack":3}],"opponent_board":[{"card_name":"Acolyte of Pain","card_health":2,"card_attack":1},{"card_name":"Cruel Taskmaster","card_health":2,"card_attack":2}]},{"turn":10,"cards_played":["Loatheb"],"current_player":"me","my_health":30,"opponent_health":13,"my_armor":0,"opponent_armor":0,"my_hand":4,"opponent_hand":5,"my_board":[{"card_name":"Loatheb","card_health":5,"card_attack":5},{"card_name":"Undercity Valiant","card_health":2,"card_attack":3}],"opponent_board":[{"card_name":"Acolyte of Pain","card_health":2,"card_attack":1},{"card_name":"Cruel Taskmaster","card_health":2,"card_attack":2}]},{"turn":11,"cards_played":["Justicar Trueheart"],"current_player":"opponent","my_health":29,"opponent_health":13,"my_armor":0,"opponent_armor":0,"my_hand":4,"opponent_hand":5,"my_board":[{"card_name":"Loatheb","card_health":5,"card_attack":5}],"opponent_board":[{"card_name":"Acolyte of Pain","card_health":2,"card_attack":1},{"card_name":"Justicar Trueheart","card_health":3,"card_attack":6}]},{"turn":12,"cards_played":["Force of Nature"],"current_player":"me","my_health":29,"opponent_health":8,"my_armor":0,"opponent_armor":0,"my_hand":4,"opponent_hand":6,"my_board":[{"card_name":"Loatheb","card_health":5,"card_attack":5}],"opponent_board":[]},{"turn":13,"cards_played":["Shield Block","Shield Slam","Tank Up!"],"current_player":"opponent","my_health":29,"opponent_health":8,"my_armor":0,"opponent_armor":9,"my_hand":4,"opponent_hand":6,"my_board":[],"opponent_board":[]},{"turn":14,"cards_played":["Emperor Thaurissan","The Coin","Darnassus Aspirant"],"current_player":"me","my_health":29,"opponent_health":8,"my_armor":0,"opponent_armor":9,"my_hand":2,"opponent_hand":6,"my_board":[{"card_name":"Emperor Thaurissan","card_health":5,"card_attack":5},{"card_name":"Darnassus Aspirant","card_health":3,"card_attack":2}],"opponent_board":[]},{"turn":15,"cards_played":["Death's Bite","Fiery War Axe","Execute"],"current_player":"opponent","my_health":29,"opponent_health":8,"my_armor":0,"opponent_armor":7,"my_hand":2,"opponent_hand":4,"my_board":[],"opponent_board":[]},{"turn":16,"cards_played":["Ancient of Lore","Shapeshift"],"current_player":"me","my_health":29,"opponent_health":8,"my_armor":1,"opponent_armor":6,"my_hand":4,"opponent_hand":4,"my_board":[{"card_name":"Ancient of Lore","card_health":5,"card_attack":5}],"opponent_board":[]},{"turn":17,"cards_played":["Sludge Belcher","Tank Up!"],"current_player":"opponent","my_health":27,"opponent_health":8,"my_armor":0,"opponent_armor":10,"my_hand":4,"opponent_hand":4,"my_board":[{"card_name":"Ancient of Lore","card_health":5,"card_attack":5}],"opponent_board":[{"card_name":"Sludge Belcher","card_health":5,"card_attack":3}]},{"turn":18,"cards_played":["Dr. Boom","Shapeshift"],"current_player":"me","my_health":27,"opponent_health":8,"my_armor":0,"opponent_armor":10,"my_hand":4,"opponent_hand":4,"my_board":[{"card_name":"Ancient of Lore","card_health":2,"card_attack":5},{"card_name":"Dr. Boom","card_health":7,"card_attack":7},{"card_name":"Boom Bot","card_health":1,"card_attack":1},{"card_name":"Boom Bot","card_health":1,"card_attack":1}],"opponent_board":[{"card_name":"Slime","card_health":1,"card_attack":1}]},{"turn":19,"cards_played":["Execute","Dr. Boom","Tank Up!"],"current_player":"opponent","my_health":24,"opponent_health":8,"my_armor":0,"opponent_armor":13,"my_hand":4,"opponent_hand":3,"my_board":[{"card_name":"Ancient of Lore","card_health":2,"card_attack":5},{"card_name":"Boom Bot","card_health":1,"card_attack":1}],"opponent_board":[{"card_name":"Dr. Boom","card_health":7,"card_attack":7},{"card_name":"Boom Bot","card_health":1,"card_attack":1}]},{"turn":20,"cards_played":["Savage Combatant","Shapeshift","Swipe"],"current_player":"me","my_health":18,"opponent_health":8,"my_armor":0,"opponent_armor":6,"my_hand":3,"opponent_hand":3,"my_board":[{"card_name":"Savage Combatant","card_health":4,"card_attack":5},{"card_name":"Boom Bot","card_health":1,"card_attack":1}],"opponent_board":[]},{"turn":21,"cards_played":["Cruel Taskmaster","Grommash Hellscream"],"current_player":"opponent","my_health":18,"opponent_health":8,"my_armor":0,"opponent_armor":4,"my_hand":3,"opponent_hand":2,"my_board":[],"opponent_board":[{"card_name":"Cruel Taskmaster","card_health":2,"card_attack":2},{"card_name":"Grommash Hellscream","card_health":4,"card_attack":10}]},{"turn":22,"cards_played":["Force of Nature","Savage Roar","Shapeshift"],"current_player":"me","my_health":18,"opponent_health":0,"my_armor":1,"opponent_armor":0,"my_hand":2,"opponent_hand":2,"my_board":[{"card_name":"Treant","card_health":2,"card_attack":4},{"card_name":"Treant","card_health":2,"card_attack":4},{"card_name":"Treant","card_health":2,"card_attack":4}],"opponent_board":[{"card_name":"Cruel Taskmaster","card_health":2,"card_attack":2},{"card_name":"Grommash Hellscream","card_health":4,"card_attack":10}]}],"result":"victory"}