{"plays":[{"turn":1,"cards_played":[],"current_player":"me","my_health":0,"opponent_health":30,"my_armor":0,"opponent_armor":0,"my_hand":0,"opponent_hand":1,"my_board":[],"opponent_board":[]},{"turn":2,"cards_played":["The Coin","Innervate","Savage Combatant"],"current_player":"me","my_health":30,"opponent_health":30,"my_armor":0,"opponent_armor":0,"my_hand":3,"opponent_hand":4,"my_board":[{"card_name":"Savage Combatant","card_health":4,"card_attack":5}],"opponent_board":[]},{"turn":3,"cards_played":["Armorsmith"],"current_player":"opponent","my_health":30,"opponent_health":30,"my_armor":0,"opponent_armor":0,"my_hand":3,"opponent_hand":4,"my_board":[{"card_name":"Savage Combatant","card_health":4,"card_attack":5}],"opponent_board":[{"card_name":"Armorsmith","card_health":4,"card_attack":1}]},{"turn":4,"cards_played":["Shapeshift"],"current_player":"me","my_health":30,"opponent_health":28,"my_armor":1,"opponent_armor":0,"my_hand":4,"opponent_hand":4,"my_board":[{"card_name":"Savage Combatant","card_health":3,"card_attack":5}],"opponent_board":[]},{"turn":5,"cards_played":["Execute","Armor Up!"],"current_player":"opponent","my_health":30,"opponent_health":28,"my_armor":1,"opponent_armor":2,"my_hand":4,"opponent_hand":4,"my_board":[],"opponent_board":[]},{"turn":6,"cards_played":["Living Roots","Shapeshift"],"current_player":"me","my_health":30,"opponent_health":28,"my_armor":2,"opponent_armor":1,"my_hand":4,"opponent_hand":4,"my_board":[{"card_name":"Sapling","card_health":1,"card_attack":1},{"card_name":"Sapling","card_health":1,"card_attack":1}],"opponent_board":[]},{"turn":7,"cards_played":["Death's Bite"],"current_player":"opponent","my_health":28,"opponent_health":28,"my_armor":0,"opponent_armor":1,"my_hand":4,"opponent_hand":4,"my_board":[{"card_name":"Sapling","card_health":1,"card_attack":1},{"card_name":"Sapling","card_health":1,"card_attack":1}],"opponent_board":[]},{"turn":8,"cards_played":["Piloted Shredder"],"current_player":"me","my_health":28,"opponent_health":27,"my_armor":0,"opponent_armor":0,"my_hand":4,"opponent_hand":4,"my_board":[{"card_name":"Piloted Shredder","card_health":3,"card_attack":4},{"card_name":"Sapling","card_health":1,"card_attack":1},{"card_name":"Sapling","card_health":1,"card_attack":1}],"opponent_board":[]},{"turn":9,"cards_played":["Sludge Belcher"],"current_player":"opponent","my_health":28,"opponent_health":23,"my_armor":0,"opponent_armor":0,"my_hand":4,"opponent_hand":4,"my_board":[{"card_name":"Mechwarper","card_health":3,"card_attack":2}],"opponent_board":[{"card_name":"Sludge Belcher","card_health":5,"card_attack":3}]},{"turn":10,"cards_played":["Loatheb"],"current_player":"me","my_health":28,"opponent_health":23,"my_armor":0,"opponent_armor":0,"my_hand":4,"opponent_hand":4,"my_board":[{"card_name":"Loatheb","card_health":5,"card_attack":5},{"card_name":"Mechwarper","card_health":3,"card_attack":2}],"opponent_board":[{"card_name":"Sludge Belcher","card_health":5,"card_attack":3}]},{"turn":11,"cards_played":["Shieldmaiden"],"current_player":"opponent","my_health":28,"opponent_health":23,"my_armor":0,"opponent_armor":0,"my_hand":4,"opponent_hand":4,"my_board":[{"card_name":"Loatheb","card_health":5,"card_attack":5}],"opponent_board":[{"card_name":"Sludge Belcher","card_health":3,"card_attack":3},{"card_name":"Shieldmaiden","card_health":5,"card_attack":5}]},{"turn":12,"cards_played":["Emperor Thaurissan"],"current_player":"me","my_health":28,"opponent_health":23,"my_armor":0,"opponent_armor":5,"my_hand":4,"opponent_hand":4,"my_board":[{"card_name":"Emperor Thaurissan","card_health":5,"card_attack":5},{"card_name":"Loatheb","card_health":2,"card_attack":5}],"opponent_board":[{"card_name":"Shieldmaiden","card_health":5,"card_attack":5},{"card_name":"Slime","card_health":2,"card_attack":1}]},{"turn":13,"cards_played":["Dr. Boom"],"current_player":"opponent","my_health":27,"opponent_health":23,"my_armor":0,"opponent_armor":5,"my_hand":4,"opponent_hand":4,"my_board":[{"card_name":"Loatheb","card_health":2,"card_attack":5}],"opponent_board":[{"card_name":"Dr. Boom","card_health":7,"card_attack":7},{"card_name":"Slime","card_health":2,"card_attack":1},{"card_name":"Boom Bot","card_health":1,"card_attack":1},{"card_name":"Boom Bot","card_health":1,"card_attack":1}]},{"turn":14,"cards_played":["Ancient of Lore","Wrath","Wrath"],"current_player":"me","my_health":27,"opponent_health":23,"my_armor":0,"opponent_armor":5,"my_hand":6,"opponent_hand":4,"my_board":[{"card_name":"Loatheb","card_health":1,"card_attack":5},{"card_name":"Ancient of Lore","card_health":5,"card_attack":5}],"opponent_board":[{"card_name":"Dr. Boom","card_health":7,"card_attack":7},{"card_name":"Boom Bot","card_health":1,"card_attack":1}]},{"turn":15,"cards_played":["Shield Block","Armor Up!","Armorsmith"],"current_player":"opponent","my_health":23,"opponent_health":23,"my_armor":0,"opponent_armor":14,"my_hand":6,"opponent_hand":4,"my_board":[],"opponent_board":[{"card_name":"Armorsmith","card_health":4,"card_attack":1},{"card_name":"Dr. Boom","card_health":2,"card_attack":7}]},{"turn":16,"cards_played":["Keeper of the Grove","Dispel","Keeper of the Grove","Moonfire"],"current_player":"me","my_health":21,"opponent_health":23,"my_armor":0,"opponent_armor":14,"my_hand":5,"opponent_hand":4,"my_board":[{"card_name":"Keeper of the Grove","card_health":4,"card_attack":2},{"card_name":"Keeper of the Grove","card_health":4,"card_attack":2}],"opponent_board":[{"card_name":"Armorsmith","card_health":4,"card_attack":1}]},{"turn":17,"cards_played":["Ysera"],"current_player":"opponent","my_health":20,"opponent_health":23,"my_armor":0,"opponent_armor":14,"my_hand":5,"opponent_hand":5,"my_board":[{"card_name":"Keeper of the Grove","card_health":4,"card_attack":2},{"card_name":"Keeper of the Grove","card_health":4,"card_attack":2}],"opponent_board":[{"card_name":"Armorsmith","card_health":4,"card_attack":1},{"card_name":"Ysera","card_health":12,"card_attack":4}]},{"turn":18,"cards_played":["Azure Drake","Innervate","Ancient of Lore"],"current_player":"me","my_health":20,"opponent_health":23,"my_armor":0,"opponent_armor":10,"my_hand":6,"opponent_hand":5,"my_board":[{"card_name":"Keeper of the Grove","card_health":4,"card_attack":2},{"card_name":"Azure Drake","card_health":4,"card_attack":4},{"card_name":"Keeper of the Grove","card_health":4,"card_attack":2},{"card_name":"Ancient of Lore","card_health":5,"card_attack":5}],"opponent_board":[{"card_name":"Armorsmith","card_health":4,"card_attack":1},{"card_name":"Ysera","card_health":12,"card_attack":4}]},{"turn":19,"cards_played":["Sludge Belcher","Shield Slam","Emerald Drake"],"current_player":"opponent","my_health":19,"opponent_health":23,"my_armor":0,"opponent_armor":10,"my_hand":6,"opponent_hand":4,"my_board":[{"card_name":"Keeper of the Grove","card_health":4,"card_attack":2},{"card_name":"Keeper of the Grove","card_health":4,"card_attack":2}],"opponent_board":[{"card_name":"Armorsmith","card_health":4,"card_attack":1},{"card_name":"Ysera","card_health":8,"card_attack":4},{"card_name":"Sludge Belcher","card_health":5,"card_attack":3},{"card_name":"Emerald Drake","card_health":6,"card_attack":7}]},{"turn":20,"cards_played":["Dr. Boom","Shapeshift"],"current_player":"me","my_health":17,"opponent_health":23,"my_armor":0,"opponent_armor":10,"my_hand":6,"opponent_hand":4,"my_board":[{"card_name":"Dr. Boom","card_health":7,"card_attack":7},{"card_name":"Keeper of the Grove","card_health":1,"card_attack":2},{"card_name":"Keeper of the Grove","card_health":1,"card_attack":2},{"card_name":"Boom Bot","card_health":1,"card_attack":1},{"card_name":"Boom Bot","card_health":1,"card_attack":1}],"opponent_board":[{"card_name":"Armorsmith","card_health":4,"card_attack":1},{"card_name":"Ysera","card_health":8,"card_attack":4},{"card_name":"Emerald Drake","card_health":6,"card_attack":7},{"card_name":"Slime","card_health":2,"card_attack":1}]},{"turn":21,"cards_played":["Shield Block","Death's Bite","Armor Up!"],"current_player":"opponent","my_health":9,"opponent_health":23,"my_armor":0,"opponent_armor":17,"my_hand":6,"opponent_hand":5,"my_board":[{"card_name":"Boom Bot","card_health":1,"card_attack":1},{"card_name":"Boom Bot","card_health":1,"card_attack":1}],"opponent_board":[{"card_name":"Armorsmith","card_health":2,"card_attack":1},{"card_name":"Ysera","card_health":8,"card_attack":4}]},{"turn":22,"cards_played":["Azure Drake","Swipe"],"current_player":"me","my_health":9,"opponent_health":23,"my_armor":0,"opponent_armor":14,"my_hand":6,"opponent_hand":5,"my_board":[{"card_name":"Azure Drake","card_health":4,"card_attack":4},{"card_name":"Boom Bot","card_health":1,"card_attack":1}],"opponent_board":[]},{"turn":23,"cards_played":["Ysera Awakens"],"current_player":"opponent","my_health":0,"opponent_health":23,"my_armor":0,"opponent_armor":7,"my_hand":6,"opponent_hand":5,"my_board":[],"opponent_board":[]}],"result":"defeat"}