{"plays":[{"turn":1,"cards_played":[],"current_player":"me","my_health":0,"opponent_health":30,"my_armor":0,"opponent_armor":0,"my_hand":0,"opponent_hand":1,"my_board":[],"opponent_board":[]},{"turn":2,"cards_played":[],"current_player":"opponent","my_health":30,"opponent_health":30,"my_armor":0,"opponent_armor":0,"my_hand":4,"opponent_hand":6,"my_board":[],"opponent_board":[]},{"turn":3,"cards_played":["Wild Growth"],"current_player":"me","my_health":30,"opponent_health":30,"my_armor":0,"opponent_armor":0,"my_hand":4,"opponent_hand":6,"my_board":[],"opponent_board":[]},{"turn":4,"cards_played":["Loot Hoarder"],"current_player":"opponent","my_health":30,"opponent_health":30,"my_armor":0,"opponent_armor":0,"my_hand":4,"opponent_hand":6,"my_board":[],"opponent_board":[{"card_name":"Loot Hoarder","card_health":1,"card_attack":2}]},{"turn":5,"cards_played":["Darnassus Aspirant","Darnassus Aspirant"],"current_player":"me","my_health":30,"opponent_health":30,"my_armor":0,"opponent_armor":0,"my_hand":3,"opponent_hand":6,"my_board":[{"card_name":"Darnassus Aspirant","card_health":3,"card_attack":2},{"card_name":"Darnassus Aspirant","card_health":3,"card_attack":2}],"opponent_board":[{"card_name":"Loot Hoarder","card_health":1,"card_attack":2}]},{"turn":6,"cards_played":["Fiery War Axe","The Coin","Slam"],"current_player":"opponent","my_health":30,"opponent_health":28,"my_armor":0,"opponent_armor":0,"my_hand":3,"opponent_hand":6,"my_board":[],"opponent_board":[]},{"turn":7,"cards_played":["Azure Drake"],"current_player":"me","my_health":30,"opponent_health":28,"my_armor":0,"opponent_armor":0,"my_hand":4,"opponent_hand":6,"my_board":[{"card_name":"Azure Drake","card_health":4,"card_attack":4}],"opponent_board":[]},{"turn":8,"cards_played":["Slam","Loot Hoarder"],"current_player":"opponent","my_health":30,"opponent_health":24,"my_armor":0,"opponent_armor":0,"my_hand":4,"opponent_hand":6,"my_board":[],"opponent_board":[{"card_name":"Loot Hoarder","card_health":1,"card_attack":2}]},{"turn":9,"cards_played":["Wrath","Wrath","Savage Combatant"],"current_player":"me","my_health":30,"opponent_health":24,"my_armor":0,"opponent_armor":0,"my_hand":4,"opponent_hand":7,"my_board":[{"card_name":"Savage Combatant","card_health":4,"card_attack":5}],"opponent_board":[]},{"turn":10,"cards_played":["Death's Bite"],"current_player":"opponent","my_health":30,"opponent_health":19,"my_armor":0,"opponent_armor":0,"my_hand":4,"opponent_hand":7,"my_board":[],"opponent_board":[]},{"turn":11,"cards_played":["Loatheb","Shapeshift"],"current_player":"me","my_health":30,"opponent_health":18,"my_armor":1,"opponent_armor":0,"my_hand":4,"opponent_hand":7,"my_board":[{"card_name":"Loatheb","card_health":5,"card_attack":5}],"opponent_board":[]},{"turn":12,"cards_played":["Armorsmith","Acolyte of Pain"],"current_player":"opponent","my_health":30,"opponent_health":13,"my_armor":1,"opponent_armor":2,"my_hand":4,"opponent_hand":7,"my_board":[],"opponent_board":[{"card_name":"Armorsmith","card_health":3,"card_attack":1},{"card_name":"Acolyte of Pain","card_health":2,"card_attack":1}]},{"turn":13,"cards_played":["Shapeshift"],"current_player":"me","my_health":30,"opponent_health":13,"my_armor":2,"opponent_armor":1,"my_hand":5,"opponent_hand":7,"my_board":[],"opponent_board":[{"card_name":"Armorsmith","card_health":3,"card_attack":1},{"card_name":"Acolyte of Pain","card_health":2,"card_attack":1}]},{"turn":14,"cards_played":["Battle Rage","Unstable Ghoul","Armor Up!"],"current_player":"opponent","my_health":30,"opponent_health":13,"my_armor":0,"opponent_armor":3,"my_hand":5,"opponent_hand":9,"my_board":[],"opponent_board":[{"card_name":"Unstable Ghoul","card_health":3,"card_attack":1},{"card_name":"Armorsmith","card_health":3,"card_attack":1},{"card_name":"Acolyte of Pain","card_health":2,"card_attack":1}]},{"turn":15,"cards_played":["Swipe","Shapeshift"],"current_player":"me","my_health":30,"opponent_health":13,"my_armor":0,"opponent_armor":8,"my_hand":5,"opponent_hand":10,"my_board":[],"opponent_board":[]},{"turn":16,"cards_played":["Emperor Thaurissan","Armor Up!"],"current_player":"opponent","my_health":30,"opponent_health":13,"my_armor":0,"opponent_armor":10,"my_hand":5,"opponent_hand":9,"my_board":[],"opponent_board":[{"card_name":"Emperor Thaurissan","card_health":5,"card_attack":5}]},{"turn":17,"cards_played":["Savage Combatant","Shapeshift","Swipe"],"current_player":"me","my_health":26,"opponent_health":13,"my_armor":0,"opponent_armor":9,"my_hand":4,"opponent_hand":9,"my_board":[{"card_name":"Savage Combatant","card_health":4,"card_attack":5}],"opponent_board":[]},{"turn":18,"cards_played":["Warsong Commander","Grim Patron","Armorsmith","Inner Rage","Whirlwind"],"current_player":"opponent","my_health":26,"opponent_health":13,"my_armor":0,"opponent_armor":14,"my_hand":4,"opponent_hand":5,"my_board":[{"card_name":"Savage Combatant","card_health":3,"card_attack":5}],"opponent_board":[{"card_name":"Armorsmith","card_health":3,"card_attack":1},{"card_name":"Grim Patron","card_health":1,"card_attack":5},{"card_name":"Warsong Commander","card_health":2,"card_attack":2},{"card_name":"Grim Patron","card_health":2,"card_attack":3},{"card_name":"Grim Patron","card_health":3,"card_attack":3},{"card_name":"Grim Patron","card_health":3,"card_attack":3}]}],"result":"defeat"}