{"plays":[{"turn":1,"cards_played":[],"current_player":"opponent","my_health":0,"opponent_health":0,"my_armor":0,"opponent_armor":0,"my_hand":4,"opponent_hand":1,"my_board":[],"opponent_board":[]},{"turn":2,"cards_played":["Fiery Bat","Fiery Bat"],"current_player":"me","my_health":30,"opponent_health":30,"my_armor":0,"opponent_armor":0,"my_hand":5,"opponent_hand":3,"my_board":[{"card_name":"Fiery Bat","card_health":1,"card_attack":2}],"opponent_board":[{"card_name":"Fiery Bat","card_health":1,"card_attack":2}]},{"turn":3,"cards_played":["King's Elekk"],"current_player":"opponent","my_health":29,"opponent_health":29,"my_armor":0,"opponent_armor":0,"my_hand":5,"opponent_hand":3,"my_board":[],"opponent_board":[{"card_name":"King's Elekk","card_health":2,"card_attack":3}]},{"turn":4,"cards_played":["Huge Toad"],"current_player":"me","my_health":29,"opponent_health":29,"my_armor":0,"opponent_armor":0,"my_hand":5,"opponent_hand":3,"my_board":[{"card_name":"Huge Toad","card_health":2,"card_attack":3}],"opponent_board":[{"card_name":"King's Elekk","card_health":2,"card_attack":3}]},{"turn":5,"cards_played":["Desert Camel"],"current_player":"opponent","my_health":29,"opponent_health":29,"my_armor":0,"opponent_armor":0,"my_hand":5,"opponent_hand":3,"my_board":[{"card_name":"Fiery Bat","card_health":1,"card_attack":2}],"opponent_board":[{"card_name":"Desert Camel","card_health":4,"card_attack":2},{"card_name":"Injured Kvaldir","card_health":4,"card_attack":2}]},{"turn":6,"cards_played":["Eaglehorn Bow"],"current_player":"me","my_health":27,"opponent_health":29,"my_armor":0,"opponent_armor":0,"my_hand":5,"opponent_hand":3,"my_board":[],"opponent_board":[{"card_name":"Desert Camel","card_health":1,"card_attack":2}]},{"turn":7,"cards_played":["King's Elekk","Huge Toad"],"current_player":"opponent","my_health":25,"opponent_health":29,"my_armor":0,"opponent_armor":0,"my_hand":5,"opponent_hand":2,"my_board":[],"opponent_board":[{"card_name":"Huge Toad","card_health":2,"card_attack":3},{"card_name":"King's Elekk","card_health":2,"card_attack":3},{"card_name":"Desert Camel","card_health":1,"card_attack":2}]},{"turn":8,"cards_played":["Unleash the Hounds"],"current_player":"me","my_health":22,"opponent_health":29,"my_armor":0,"opponent_armor":0,"my_hand":5,"opponent_hand":2,"my_board":[],"opponent_board":[]},{"turn":9,"cards_played":["Animal Companion","Steady Shot"],"current_player":"opponent","my_health":19,"opponent_health":29,"my_armor":0,"opponent_armor":0,"my_hand":5,"opponent_hand":2,"my_board":[],"opponent_board":[{"card_name":"Leokk","card_health":4,"card_attack":2}]},{"turn":10,"cards_played":["The Coin","Sylvanas Windrunner"],"current_player":"me","my_health":19,"opponent_health":29,"my_armor":0,"opponent_armor":0,"my_hand":4,"opponent_hand":2,"my_board":[{"card_name":"Sylvanas Windrunner","card_health":5,"card_attack":5}],"opponent_board":[{"card_name":"Leokk","card_health":4,"card_attack":2}]},{"turn":11,"cards_played":["Kill Command","Quick Shot"],"current_player":"opponent","my_health":14,"opponent_health":29,"my_armor":0,"opponent_armor":0,"my_hand":4,"opponent_hand":1,"my_board":[],"opponent_board":[]},{"turn":12,"cards_played":["Savannah Highmane"],"current_player":"me","my_health":14,"opponent_health":29,"my_armor":0,"opponent_armor":0,"my_hand":4,"opponent_hand":1,"my_board":[{"card_name":"Savannah Highmane","card_health":5,"card_attack":6}],"opponent_board":[]},{"turn":13,"cards_played":["Savannah Highmane"],"current_player":"opponent","my_health":14,"opponent_health":29,"my_armor":0,"opponent_armor":0,"my_hand":4,"opponent_hand":1,"my_board":[{"card_name":"Savannah Highmane","card_health":5,"card_attack":6}],"opponent_board":[{"card_name":"Savannah Highmane","card_health":5,"card_attack":6}]},{"turn":14,"cards_played":["Ram Wrangler"],"current_player":"me","my_health":14,"opponent_health":23,"my_armor":0,"opponent_armor":0,"my_hand":3,"opponent_hand":1,"my_board":[{"card_name":"Savannah Highmane","card_health":5,"card_attack":6},{"card_name":"Ram Wrangler","card_health":3,"card_attack":3},{"card_name":"Desert Camel","card_health":4,"card_attack":2}],"opponent_board":[{"card_name":"Savannah Highmane","card_health":5,"card_attack":6}]},{"turn":15,"cards_played":["Savannah Highmane","Steady Shot"],"current_player":"opponent","my_health":12,"opponent_health":23,"my_armor":0,"opponent_armor":0,"my_hand":3,"opponent_hand":2,"my_board":[{"card_name":"Savannah Highmane","card_health":5,"card_attack":6},{"card_name":"Ram Wrangler","card_health":3,"card_attack":3},{"card_name":"Desert Camel","card_health":4,"card_attack":2}],"opponent_board":[{"card_name":"Savannah Highmane","card_health":5,"card_attack":6}]},{"turn":16,"cards_played":["Ram Wrangler","King's Elekk"],"current_player":"me","my_health":12,"opponent_health":23,"my_armor":0,"opponent_armor":0,"my_hand":2,"opponent_hand":2,"my_board":[{"card_name":"Ram Wrangler","card_health":3,"card_attack":3},{"card_name":"Savannah Highmane","card_health":3,"card_attack":6},{"card_name":"King's Elekk","card_health":2,"card_attack":3},{"card_name":"Core Rager","card_health":4,"card_attack":4}],"opponent_board":[{"card_name":"Hyena","card_health":2,"card_attack":2}]},{"turn":17,"cards_played":["Infested Wolf","Steady Shot","Quick Shot"],"current_player":"opponent","my_health":5,"opponent_health":23,"my_armor":0,"opponent_armor":0,"my_hand":2,"opponent_hand":1,"my_board":[{"card_name":"Ram Wrangler","card_health":3,"card_attack":3},{"card_name":"Savannah Highmane","card_health":3,"card_attack":6},{"card_name":"King's Elekk","card_health":2,"card_attack":3},{"card_name":"Core Rager","card_health":4,"card_attack":4}],"opponent_board":[{"card_name":"Infested Wolf","card_health":3,"card_attack":3},{"card_name":"Hyena","card_health":2,"card_attack":2}]},{"turn":18,"cards_played":["Unleash the Hounds","Huge Toad","Steady Shot"],"current_player":"me","my_health":5,"opponent_health":10,"my_armor":0,"opponent_armor":0,"my_hand":1,"opponent_hand":1,"my_board":[{"card_name":"Ram Wrangler","card_health":1,"card_attack":3},{"card_name":"Savannah Highmane","card_health":3,"card_attack":6},{"card_name":"Huge Toad","card_health":2,"card_attack":3},{"card_name":"Core Rager","card_health":4,"card_attack":4},{"card_name":"Hound","card_health":1,"card_attack":1}],"opponent_board":[]},{"turn":19,"cards_played":["Stampeding Kodo"],"current_player":"opponent","my_health":5,"opponent_health":10,"my_armor":0,"opponent_armor":0,"my_hand":1,"opponent_hand":1,"my_board":[{"card_name":"Ram Wrangler","card_health":1,"card_attack":3},{"card_name":"Savannah Highmane","card_health":3,"card_attack":6},{"card_name":"Huge Toad","card_health":2,"card_attack":3},{"card_name":"Core Rager","card_health":4,"card_attack":4}],"opponent_board":[{"card_name":"Stampeding Kodo","card_health":5,"card_attack":3}]}],"result":"victory"}