{"plays":[{"turn":1,"cards_played":[],"current_player":"me","my_health":0,"opponent_health":30,"my_armor":0,"opponent_armor":0,"my_hand":0,"opponent_hand":1,"my_board":[],"opponent_board":[]},{"turn":2,"cards_played":["The Coin","Darnassus Aspirant"],"current_player":"me","my_health":30,"opponent_health":30,"my_armor":0,"opponent_armor":0,"my_hand":4,"opponent_hand":3,"my_board":[{"card_name":"Darnassus Aspirant","card_health":3,"card_attack":2}],"opponent_board":[]},{"turn":3,"cards_played":["Haunted Creeper"],"current_player":"opponent","my_health":30,"opponent_health":30,"my_armor":0,"opponent_armor":0,"my_hand":4,"opponent_hand":3,"my_board":[{"card_name":"Darnassus Aspirant","card_health":3,"card_attack":2}],"opponent_board":[{"card_name":"Haunted Creeper","card_health":2,"card_attack":1}]},{"turn":4,"cards_played":["Shapeshift","Living Roots"],"current_player":"me","my_health":30,"opponent_health":27,"my_armor":1,"opponent_armor":0,"my_hand":4,"opponent_hand":3,"my_board":[{"card_name":"Darnassus Aspirant","card_health":3,"card_attack":2},{"card_name":"Sapling","card_health":1,"card_attack":1},{"card_name":"Sapling","card_health":1,"card_attack":1}],"opponent_board":[{"card_name":"Haunted Creeper","card_health":2,"card_attack":1}]},{"turn":5,"cards_played":["Muster for Battle"],"current_player":"opponent","my_health":30,"opponent_health":26,"my_armor":1,"opponent_armor":0,"my_hand":4,"opponent_hand":3,"my_board":[{"card_name":"Darnassus Aspirant","card_health":3,"card_attack":2}],"opponent_board":[{"card_name":"Haunted Creeper","card_health":1,"card_attack":1},{"card_name":"Silver Hand Recruit","card_health":1,"card_attack":1},{"card_name":"Silver Hand Recruit","card_health":1,"card_attack":1},{"card_name":"Silver Hand Recruit","card_health":1,"card_attack":1}]},{"turn":6,"cards_played":["Piloted Shredder"],"current_player":"me","my_health":30,"opponent_health":26,"my_armor":1,"opponent_armor":0,"my_hand":4,"opponent_hand":3,"my_board":[{"card_name":"Piloted Shredder","card_health":3,"card_attack":4},{"card_name":"Darnassus Aspirant","card_health":2,"card_attack":2}],"opponent_board":[{"card_name":"Haunted Creeper","card_health":1,"card_attack":1},{"card_name":"Silver Hand Recruit","card_health":1,"card_attack":1},{"card_name":"Silver Hand Recruit","card_health":1,"card_attack":1}]},{"turn":7,"cards_played":["Piloted Shredder"],"current_player":"opponent","my_health":30,"opponent_health":22,"my_armor":1,"opponent_armor":0,"my_hand":4,"opponent_hand":3,"my_board":[{"card_name":"Shielded Minibot","card_health":2,"card_attack":2}],"opponent_board":[{"card_name":"Piloted Shredder","card_health":3,"card_attack":4},{"card_name":"Silver Hand Recruit","card_health":1,"card_attack":4},{"card_name":"Spectral Spider","card_health":1,"card_attack":1},{"card_name":"Spectral Spider","card_health":1,"card_attack":1}]},{"turn":8,"cards_played":["Shapeshift"],"current_player":"me","my_health":30,"opponent_health":22,"my_armor":1,"opponent_armor":0,"my_hand":5,"opponent_hand":3,"my_board":[{"card_name":"Shielded Minibot","card_health":2,"card_attack":2}],"opponent_board":[{"card_name":"Piloted Shredder","card_health":3,"card_attack":4},{"card_name":"Spectral Spider","card_health":1,"card_attack":1}]},{"turn":9,"cards_played":["Blessing of Kings"],"current_player":"opponent","my_health":26,"opponent_health":22,"my_armor":0,"opponent_armor":0,"my_hand":5,"opponent_hand":3,"my_board":[],"opponent_board":[{"card_name":"Piloted Shredder","card_health":3,"card_attack":4},{"card_name":"Spectral Spider","card_health":3,"card_attack":5}]},{"turn":10,"cards_played":["Wrath","Wrath","Shapeshift"],"current_player":"me","my_health":26,"opponent_health":21,"my_armor":1,"opponent_armor":0,"my_hand":5,"opponent_hand":3,"my_board":[],"opponent_board":[{"card_name":"Piloted Shredder","card_health":3,"card_attack":4}]},{"turn":11,"cards_played":["Shielded Minibot","Truesilver Champion"],"current_player":"opponent","my_health":19,"opponent_health":23,"my_armor":0,"opponent_armor":0,"my_hand":5,"opponent_hand":2,"my_board":[],"opponent_board":[{"card_name":"Shielded Minibot","card_health":2,"card_attack":2},{"card_name":"Piloted Shredder","card_health":3,"card_attack":4}]},{"turn":12,"cards_played":["Loatheb"],"current_player":"me","my_health":19,"opponent_health":23,"my_armor":0,"opponent_armor":0,"my_hand":5,"opponent_hand":2,"my_board":[{"card_name":"Loatheb","card_health":5,"card_attack":5}],"opponent_board":[{"card_name":"Shielded Minibot","card_health":2,"card_attack":2},{"card_name":"Piloted Shredder","card_health":3,"card_attack":4}]},{"turn":13,"cards_played":[],"current_player":"opponent","my_health":15,"opponent_health":20,"my_armor":0,"opponent_armor":0,"my_hand":5,"opponent_hand":2,"my_board":[],"opponent_board":[{"card_name":"Shielded Minibot","card_health":2,"card_attack":2},{"card_name":"Piloted Shredder","card_health":3,"card_attack":4}]},{"turn":14,"cards_played":["Druid of the Claw","Wild Growth"],"current_player":"me","my_health":15,"opponent_health":20,"my_armor":0,"opponent_armor":0,"my_hand":4,"opponent_hand":2,"my_board":[{"card_name":"Druid of the Claw","card_health":6,"card_attack":4}],"opponent_board":[{"card_name":"Shielded Minibot","card_health":2,"card_attack":2},{"card_name":"Piloted Shredder","card_health":3,"card_attack":4}]},{"turn":15,"cards_played":["Truesilver Champion","Reinforce"],"current_player":"opponent","my_health":11,"opponent_health":18,"my_armor":0,"opponent_armor":0,"my_hand":4,"opponent_hand":2,"my_board":[],"opponent_board":[{"card_name":"Piloted Shredder","card_health":3,"card_attack":4},{"card_name":"Silver Hand Recruit","card_health":1,"card_attack":1}]},{"turn":16,"cards_played":["Dr. Boom","Shapeshift"],"current_player":"me","my_health":11,"opponent_health":17,"my_armor":1,"opponent_armor":0,"my_hand":4,"opponent_hand":2,"my_board":[{"card_name":"Dr. Boom","card_health":7,"card_attack":7},{"card_name":"Boom Bot","card_health":1,"card_attack":1},{"card_name":"Boom Bot","card_health":1,"card_attack":1}],"opponent_board":[{"card_name":"Piloted Shredder","card_health":3,"card_attack":4},{"card_name":"Silver Hand Recruit","card_health":1,"card_attack":1}]},{"turn":17,"cards_played":["Muster for Battle","Consecration","Reinforce"],"current_player":"opponent","my_health":6,"opponent_health":19,"my_armor":0,"opponent_armor":0,"my_hand":4,"opponent_hand":1,"my_board":[],"opponent_board":[{"card_name":"Lance Carrier","card_health":2,"card_attack":1},{"card_name":"Silver Hand Recruit","card_health":1,"card_attack":1},{"card_name":"Silver Hand Recruit","card_health":1,"card_attack":1}]},{"turn":18,"cards_played":["Druid of the Claw","Shapeshift"],"current_player":"me","my_health":6,"opponent_health":18,"my_armor":1,"opponent_armor":0,"my_hand":4,"opponent_hand":1,"my_board":[{"card_name":"Druid of the Claw","card_health":6,"card_attack":4}],"opponent_board":[{"card_name":"Lance Carrier","card_health":2,"card_attack":1},{"card_name":"Silver Hand Recruit","card_health":1,"card_attack":1},{"card_name":"Silver Hand Recruit","card_health":1,"card_attack":1}]},{"turn":19,"cards_played":["Knife Juggler","Dr. Boom"],"current_player":"opponent","my_health":5,"opponent_health":18,"my_armor":0,"opponent_armor":0,"my_hand":4,"opponent_hand":0,"my_board":[{"card_name":"Druid of the Claw","card_health":2,"card_attack":4}],"opponent_board":[{"card_name":"Knife Juggler","card_health":2,"card_attack":3},{"card_name":"Dr. Boom","card_health":7,"card_attack":7},{"card_name":"Boom Bot","card_health":1,"card_attack":1},{"card_name":"Boom Bot","card_health":1,"card_attack":1}]},{"turn":20,"cards_played":["Force of Nature","Savage Roar"],"current_player":"me","my_health":5,"opponent_health":-2,"my_armor":0,"opponent_armor":0,"my_hand":3,"opponent_hand":0,"my_board":[{"card_name":"Druid of the Claw","card_health":2,"card_attack":6},{"card_name":"Treant","card_health":2,"card_attack":4},{"card_name":"Treant","card_health":2,"card_attack":4},{"card_name":"Treant","card_health":2,"card_attack":4}],"opponent_board":[{"card_name":"Knife Juggler","card_health":2,"card_attack":3},{"card_name":"Dr. Boom","card_health":7,"card_attack":7},{"card_name":"Boom Bot","card_health":1,"card_attack":1},{"card_name":"Boom Bot","card_health":1,"card_attack":1}]}],"result":"victory"}