{"plays":[{"turn":1,"cards_played":[],"current_player":"opponent","my_health":30,"opponent_health":0,"my_armor":0,"opponent_armor":0,"my_hand":1,"opponent_hand":0,"my_board":[],"opponent_board":[]},{"turn":2,"cards_played":["The Coin","Wild Growth"],"current_player":"me","my_health":30,"opponent_health":30,"my_armor":0,"opponent_armor":0,"my_hand":4,"opponent_hand":4,"my_board":[],"opponent_board":[]},{"turn":3,"cards_played":["Armorsmith"],"current_player":"opponent","my_health":30,"opponent_health":30,"my_armor":0,"opponent_armor":0,"my_hand":4,"opponent_hand":4,"my_board":[],"opponent_board":[{"card_name":"Armorsmith","card_health":4,"card_attack":1}]},{"turn":4,"cards_played":["Innervate","Azure Drake"],"current_player":"me","my_health":30,"opponent_health":30,"my_armor":0,"opponent_armor":0,"my_hand":4,"opponent_hand":4,"my_board":[{"card_name":"Azure Drake","card_health":4,"card_attack":4}],"opponent_board":[{"card_name":"Armorsmith","card_health":4,"card_attack":1}]},{"turn":5,"cards_played":["Cruel Taskmaster","Execute"],"current_player":"opponent","my_health":29,"opponent_health":30,"my_armor":0,"opponent_armor":0,"my_hand":4,"opponent_hand":3,"my_board":[],"opponent_board":[{"card_name":"Armorsmith","card_health":4,"card_attack":1},{"card_name":"Cruel Taskmaster","card_health":2,"card_attack":2}]},{"turn":6,"cards_played":["Piloted Shredder"],"current_player":"me","my_health":29,"opponent_health":30,"my_armor":0,"opponent_armor":0,"my_hand":4,"opponent_hand":3,"my_board":[{"card_name":"Piloted Shredder","card_health":3,"card_attack":4}],"opponent_board":[{"card_name":"Armorsmith","card_health":4,"card_attack":1},{"card_name":"Cruel Taskmaster","card_health":2,"card_attack":2}]},{"turn":7,"cards_played":["Acolyte of Pain"],"current_player":"opponent","my_health":26,"opponent_health":30,"my_armor":0,"opponent_armor":0,"my_hand":4,"opponent_hand":3,"my_board":[{"card_name":"Piloted Shredder","card_health":3,"card_attack":4}],"opponent_board":[{"card_name":"Acolyte of Pain","card_health":3,"card_attack":1},{"card_name":"Armorsmith","card_health":4,"card_attack":1},{"card_name":"Cruel Taskmaster","card_health":2,"card_attack":2}]},{"turn":8,"cards_played":["Darnassus Aspirant","Wrath","Wrath"],"current_player":"me","my_health":26,"opponent_health":30,"my_armor":0,"opponent_armor":1,"my_hand":3,"opponent_hand":4,"my_board":[{"card_name":"Darnassus Aspirant","card_health":3,"card_attack":2},{"card_name":"Piloted Shredder","card_health":2,"card_attack":4}],"opponent_board":[{"card_name":"Cruel Taskmaster","card_health":2,"card_attack":2}]},{"turn":9,"cards_played":["Loatheb"],"current_player":"opponent","my_health":26,"opponent_health":30,"my_armor":0,"opponent_armor":1,"my_hand":3,"opponent_hand":4,"my_board":[{"card_name":"Darnassus Aspirant","card_health":3,"card_attack":2},{"card_name":"Steamwheedle Sniper","card_health":3,"card_attack":2}],"opponent_board":[{"card_name":"Loatheb","card_health":5,"card_attack":5}]},{"turn":10,"cards_played":["Savage Combatant","Shapeshift"],"current_player":"me","my_health":22,"opponent_health":29,"my_armor":0,"opponent_armor":0,"my_hand":3,"opponent_hand":4,"my_board":[{"card_name":"Darnassus Aspirant","card_health":3,"card_attack":2},{"card_name":"Savage Combatant","card_health":4,"card_attack":5}],"opponent_board":[]},{"turn":11,"cards_played":["Blackwing Corruptor"],"current_player":"opponent","my_health":22,"opponent_health":29,"my_armor":0,"opponent_armor":0,"my_hand":3,"opponent_hand":4,"my_board":[{"card_name":"Savage Combatant","card_health":4,"card_attack":5}],"opponent_board":[{"card_name":"Blackwing Corruptor","card_health":4,"card_attack":5}]},{"turn":12,"cards_played":["Swipe","Shapeshift"],"current_player":"me","my_health":22,"opponent_health":20,"my_armor":1,"opponent_armor":0,"my_hand":3,"opponent_hand":4,"my_board":[{"card_name":"Savage Combatant","card_health":4,"card_attack":5}],"opponent_board":[]},{"turn":13,"cards_played":["Twilight Guardian","Armor Up!"],"current_player":"opponent","my_health":22,"opponent_health":20,"my_armor":1,"opponent_armor":2,"my_hand":3,"opponent_hand":4,"my_board":[{"card_name":"Savage Combatant","card_health":4,"card_attack":5}],"opponent_board":[{"card_name":"Twilight Guardian","card_health":6,"card_attack":2}]},{"turn":14,"cards_played":["Force of Nature","Shapeshift"],"current_player":"me","my_health":22,"opponent_health":14,"my_armor":2,"opponent_armor":0,"my_hand":3,"opponent_hand":4,"my_board":[{"card_name":"Savage Combatant","card_health":4,"card_attack":5}],"opponent_board":[]},{"turn":15,"cards_played":["Grommash Hellscream"],"current_player":"opponent","my_health":22,"opponent_health":14,"my_armor":2,"opponent_armor":0,"my_hand":3,"opponent_hand":4,"my_board":[],"opponent_board":[{"card_name":"Grommash Hellscream","card_health":4,"card_attack":10}]},{"turn":16,"cards_played":["Force of Nature","Savage Roar"],"current_player":"me","my_health":22,"opponent_health":0,"my_armor":2,"opponent_armor":0,"my_hand":2,"opponent_hand":4,"my_board":[{"card_name":"Treant","card_health":2,"card_attack":4},{"card_name":"Treant","card_health":2,"card_attack":4},{"card_name":"Treant","card_health":2,"card_attack":4}],"opponent_board":[{"card_name":"Grommash Hellscream","card_health":4,"card_attack":10}]}],"result":"victory"}