{"plays":[{"turn":1,"cards_played":[],"current_player":"me","my_health":0,"opponent_health":30,"my_armor":0,"opponent_armor":0,"my_hand":0,"opponent_hand":1,"my_board":[],"opponent_board":[]},{"turn":2,"cards_played":["The Coin","Armorsmith"],"current_player":"opponent","my_health":30,"opponent_health":30,"my_armor":0,"opponent_armor":0,"my_hand":4,"opponent_hand":4,"my_board":[],"opponent_board":[{"card_name":"Armorsmith","card_health":4,"card_attack":1}]},{"turn":3,"cards_played":["Innervate","Savage Combatant"],"current_player":"me","my_health":30,"opponent_health":30,"my_armor":0,"opponent_armor":0,"my_hand":3,"opponent_hand":4,"my_board":[{"card_name":"Savage Combatant","card_health":4,"card_attack":5}],"opponent_board":[{"card_name":"Armorsmith","card_health":4,"card_attack":1}]},{"turn":4,"cards_played":["Fiery War Axe"],"current_player":"opponent","my_health":30,"opponent_health":26,"my_armor":0,"opponent_armor":0,"my_hand":3,"opponent_hand":4,"my_board":[],"opponent_board":[]},{"turn":5,"cards_played":["Darnassus Aspirant"],"current_player":"me","my_health":30,"opponent_health":26,"my_armor":0,"opponent_armor":0,"my_hand":3,"opponent_hand":4,"my_board":[{"card_name":"Darnassus Aspirant","card_health":3,"card_attack":2}],"opponent_board":[]},{"turn":6,"cards_played":["Armorsmith"],"current_player":"opponent","my_health":30,"opponent_health":24,"my_armor":0,"opponent_armor":0,"my_hand":3,"opponent_hand":4,"my_board":[],"opponent_board":[{"card_name":"Armorsmith","card_health":4,"card_attack":1}]},{"turn":7,"cards_played":["Shapeshift"],"current_player":"me","my_health":30,"opponent_health":23,"my_armor":1,"opponent_armor":0,"my_hand":4,"opponent_hand":4,"my_board":[],"opponent_board":[{"card_name":"Armorsmith","card_health":4,"card_attack":1}]},{"turn":8,"cards_played":["Fiery War Axe","Armor Up!"],"current_player":"opponent","my_health":27,"opponent_health":23,"my_armor":0,"opponent_armor":2,"my_hand":4,"opponent_hand":4,"my_board":[],"opponent_board":[{"card_name":"Armorsmith","card_health":4,"card_attack":1}]},{"turn":9,"cards_played":["Loatheb"],"current_player":"me","my_health":27,"opponent_health":23,"my_armor":0,"opponent_armor":2,"my_hand":4,"opponent_hand":4,"my_board":[{"card_name":"Loatheb","card_health":5,"card_attack":5}],"opponent_board":[{"card_name":"Armorsmith","card_health":4,"card_attack":1}]},{"turn":10,"cards_played":["Acolyte of Pain","Armor Up!"],"current_player":"opponent","my_health":23,"opponent_health":23,"my_armor":0,"opponent_armor":4,"my_hand":4,"opponent_hand":4,"my_board":[{"card_name":"Loatheb","card_health":5,"card_attack":5}],"opponent_board":[{"card_name":"Acolyte of Pain","card_health":3,"card_attack":1},{"card_name":"Armorsmith","card_health":4,"card_attack":1}]},{"turn":11,"cards_played":["Azure Drake","Innervate","Wrath","Wrath"],"current_player":"me","my_health":23,"opponent_health":23,"my_armor":0,"opponent_armor":5,"my_hand":3,"opponent_hand":5,"my_board":[{"card_name":"Azure Drake","card_health":4,"card_attack":4},{"card_name":"Loatheb","card_health":4,"card_attack":5}],"opponent_board":[]},{"turn":12,"cards_played":["Sylvanas Windrunner"],"current_player":"opponent","my_health":23,"opponent_health":23,"my_armor":0,"opponent_armor":5,"my_hand":3,"opponent_hand":5,"my_board":[{"card_name":"Azure Drake","card_health":4,"card_attack":4},{"card_name":"Loatheb","card_health":4,"card_attack":5}],"opponent_board":[{"card_name":"Sylvanas Windrunner","card_health":5,"card_attack":5}]},{"turn":13,"cards_played":["Living Roots","Shapeshift"],"current_player":"me","my_health":23,"opponent_health":23,"my_armor":0,"opponent_armor":1,"my_hand":3,"opponent_hand":5,"my_board":[{"card_name":"Azure Drake","card_health":4,"card_attack":4},{"card_name":"Sapling","card_health":1,"card_attack":1}],"opponent_board":[]},{"turn":14,"cards_played":["Death's Bite","Armor Up!"],"current_player":"opponent","my_health":23,"opponent_health":20,"my_armor":0,"opponent_armor":2,"my_hand":3,"opponent_hand":5,"my_board":[{"card_name":"Sapling","card_health":1,"card_attack":1}],"opponent_board":[]},{"turn":15,"cards_played":["Force of Nature","Shapeshift"],"current_player":"me","my_health":23,"opponent_health":14,"my_armor":1,"opponent_armor":0,"my_hand":3,"opponent_hand":5,"my_board":[{"card_name":"Sapling","card_health":1,"card_attack":1}],"opponent_board":[]},{"turn":16,"cards_played":["Shieldmaiden","Armor Up!"],"current_player":"opponent","my_health":20,"opponent_health":14,"my_armor":0,"opponent_armor":7,"my_hand":3,"opponent_hand":5,"my_board":[],"opponent_board":[{"card_name":"Shieldmaiden","card_health":5,"card_attack":5}]},{"turn":17,"cards_played":["Emperor Thaurissan","Shapeshift"],"current_player":"me","my_health":20,"opponent_health":14,"my_armor":1,"opponent_armor":6,"my_hand":3,"opponent_hand":5,"my_board":[{"card_name":"Emperor Thaurissan","card_health":5,"card_attack":5}],"opponent_board":[{"card_name":"Shieldmaiden","card_health":5,"card_attack":5}]},{"turn":18,"cards_played":["Shield Block","Bolf Ramshield"],"current_player":"opponent","my_health":20,"opponent_health":14,"my_armor":1,"opponent_armor":11,"my_hand":3,"opponent_hand":5,"my_board":[],"opponent_board":[{"card_name":"Bolf Ramshield","card_health":9,"card_attack":3}]},{"turn":19,"cards_played":["Azure Drake","Darnassus Aspirant","Shapeshift"],"current_player":"me","my_health":20,"opponent_health":14,"my_armor":2,"opponent_armor":11,"my_hand":3,"opponent_hand":5,"my_board":[{"card_name":"Darnassus Aspirant","card_health":3,"card_attack":2},{"card_name":"Azure Drake","card_health":4,"card_attack":4}],"opponent_board":[{"card_name":"Bolf Ramshield","card_health":8,"card_attack":3}]},{"turn":20,"cards_played":["Sludge Belcher","Armor Up!","Shield Slam"],"current_player":"opponent","my_health":20,"opponent_health":14,"my_armor":2,"opponent_armor":13,"my_hand":3,"opponent_hand":4,"my_board":[],"opponent_board":[{"card_name":"Bolf Ramshield","card_health":6,"card_attack":3},{"card_name":"Sludge Belcher","card_health":5,"card_attack":3}]},{"turn":21,"cards_played":["Wild Growth","Excess Mana","Druid of the Claw","Shapeshift"],"current_player":"me","my_health":20,"opponent_health":14,"my_armor":0,"opponent_armor":13,"my_hand":3,"opponent_hand":4,"my_board":[{"card_name":"Druid of the Claw","card_health":6,"card_attack":4}],"opponent_board":[{"card_name":"Bolf Ramshield","card_health":6,"card_attack":3},{"card_name":"Sludge Belcher","card_health":4,"card_attack":3}]},{"turn":22,"cards_played":["Ysera","Shield Slam"],"current_player":"opponent","my_health":14,"opponent_health":14,"my_armor":0,"opponent_armor":13,"my_hand":3,"opponent_hand":4,"my_board":[],"opponent_board":[{"card_name":"Ysera","card_health":12,"card_attack":4},{"card_name":"Bolf Ramshield","card_health":6,"card_attack":3},{"card_name":"Sludge Belcher","card_health":4,"card_attack":3}]},{"turn":23,"cards_played":[],"current_player":"me","my_health":14,"opponent_health":14,"my_armor":0,"opponent_armor":13,"my_hand":4,"opponent_hand":4,"my_board":[],"opponent_board":[{"card_name":"Ysera","card_health":12,"card_attack":4},{"card_name":"Bolf Ramshield","card_health":6,"card_attack":3},{"card_name":"Sludge Belcher","card_health":4,"card_attack":3}]}],"result":"defeat"}