{"plays":[{"turn":1,"cards_played":[],"current_player":"me","my_health":0,"opponent_health":30,"my_armor":0,"opponent_armor":0,"my_hand":0,"opponent_hand":1,"my_board":[],"opponent_board":[]},{"turn":2,"cards_played":["The Coin","Darnassus Aspirant","Innervate","Wild Growth"],"current_player":"me","my_health":30,"opponent_health":30,"my_armor":0,"opponent_armor":0,"my_hand":2,"opponent_hand":4,"my_board":[{"card_name":"Darnassus Aspirant","card_health":3,"card_attack":2}],"opponent_board":[]},{"turn":3,"cards_played":["Haunted Creeper"],"current_player":"opponent","my_health":30,"opponent_health":30,"my_armor":0,"opponent_armor":0,"my_hand":2,"opponent_hand":4,"my_board":[{"card_name":"Darnassus Aspirant","card_health":3,"card_attack":2}],"opponent_board":[{"card_name":"Haunted Creeper","card_health":2,"card_attack":1}]},{"turn":4,"cards_played":["Wrath","Wrath","Wrath","Wrath"],"current_player":"me","my_health":30,"opponent_health":30,"my_armor":0,"opponent_armor":0,"my_hand":3,"opponent_hand":4,"my_board":[{"card_name":"Darnassus Aspirant","card_health":2,"card_attack":2}],"opponent_board":[]},{"turn":5,"cards_played":["Muster for Battle"],"current_player":"opponent","my_health":30,"opponent_health":28,"my_armor":0,"opponent_armor":0,"my_hand":3,"opponent_hand":4,"my_board":[{"card_name":"Darnassus Aspirant","card_health":1,"card_attack":2}],"opponent_board":[{"card_name":"Silver Hand Recruit","card_health":1,"card_attack":1},{"card_name":"Silver Hand Recruit","card_health":1,"card_attack":1},{"card_name":"Silver Hand Recruit","card_health":1,"card_attack":1}]},{"turn":6,"cards_played":["Druid of the Claw"],"current_player":"me","my_health":30,"opponent_health":26,"my_armor":0,"opponent_armor":0,"my_hand":3,"opponent_hand":4,"my_board":[{"card_name":"Darnassus Aspirant","card_health":1,"card_attack":2},{"card_name":"Druid of the Claw","card_health":6,"card_attack":4}],"opponent_board":[{"card_name":"Silver Hand Recruit","card_health":1,"card_attack":1},{"card_name":"Silver Hand Recruit","card_health":1,"card_attack":1},{"card_name":"Silver Hand Recruit","card_health":1,"card_attack":1}]},{"turn":7,"cards_played":["Consecration"],"current_player":"opponent","my_health":28,"opponent_health":22,"my_armor":0,"opponent_armor":0,"my_hand":3,"opponent_hand":4,"my_board":[],"opponent_board":[]},{"turn":8,"cards_played":["Wild Growth","Shapeshift"],"current_player":"me","my_health":28,"opponent_health":21,"my_armor":1,"opponent_armor":0,"my_hand":3,"opponent_hand":4,"my_board":[],"opponent_board":[]},{"turn":9,"cards_played":["Secretkeeper","Coghammer"],"current_player":"opponent","my_health":27,"opponent_health":21,"my_armor":0,"opponent_armor":0,"my_hand":3,"opponent_hand":2,"my_board":[],"opponent_board":[{"card_name":"Secretkeeper","card_health":3,"card_attack":2}]},{"turn":10,"cards_played":["Dr. Boom"],"current_player":"me","my_health":27,"opponent_health":21,"my_armor":0,"opponent_armor":0,"my_hand":3,"opponent_hand":2,"my_board":[{"card_name":"Dr. Boom","card_health":7,"card_attack":7},{"card_name":"Boom Bot","card_health":1,"card_attack":1},{"card_name":"Boom Bot","card_health":1,"card_attack":1}],"opponent_board":[{"card_name":"Secretkeeper","card_health":3,"card_attack":2}]},{"turn":11,"cards_played":["Mysterious Challenger"],"current_player":"opponent","my_health":23,"opponent_health":21,"my_armor":0,"opponent_armor":0,"my_hand":3,"opponent_hand":2,"my_board":[{"card_name":"Dr. Boom","card_health":7,"card_attack":7},{"card_name":"Boom Bot","card_health":1,"card_attack":1},{"card_name":"Boom Bot","card_health":1,"card_attack":1}],"opponent_board":[{"card_name":"Mysterious Challenger","card_health":6,"card_attack":6},{"card_name":"Secretkeeper","card_health":3,"card_attack":2}]},{"turn":12,"cards_played":["Swipe","Shapeshift"],"current_player":"me","my_health":23,"opponent_health":19,"my_armor":1,"opponent_armor":0,"my_hand":3,"opponent_hand":2,"my_board":[{"card_name":"Dr. Boom","card_health":2,"card_attack":7}],"opponent_board":[]},{"turn":13,"cards_played":["Dr. Boom"],"current_player":"opponent","my_health":23,"opponent_health":12,"my_armor":1,"opponent_armor":0,"my_hand":3,"opponent_hand":2,"my_board":[],"opponent_board":[{"card_name":"Dr. Boom","card_health":7,"card_attack":7},{"card_name":"Boom Bot","card_health":1,"card_attack":1},{"card_name":"Boom Bot","card_health":1,"card_attack":1}]},{"turn":14,"cards_played":["Ancient of Lore","Shapeshift"],"current_player":"me","my_health":23,"opponent_health":11,"my_armor":2,"opponent_armor":0,"my_hand":5,"opponent_hand":2,"my_board":[{"card_name":"Ancient of Lore","card_health":1,"card_attack":5}],"opponent_board":[{"card_name":"Dr. Boom","card_health":7,"card_attack":7},{"card_name":"Boom Bot","card_health":1,"card_attack":1},{"card_name":"Boom Bot","card_health":1,"card_attack":1}]},{"turn":15,"cards_played":["Muster for Battle","Reinforce"],"current_player":"opponent","my_health":10,"opponent_health":11,"my_armor":0,"opponent_armor":0,"my_hand":5,"opponent_hand":1,"my_board":[],"opponent_board":[{"card_name":"Dr. Boom","card_health":8,"card_attack":8},{"card_name":"Boom Bot","card_health":2,"card_attack":2},{"card_name":"Silver Hand Recruit","card_health":1,"card_attack":1},{"card_name":"Silver Hand Recruit","card_health":1,"card_attack":1},{"card_name":"Silver Hand Recruit","card_health":1,"card_attack":1},{"card_name":"Silver Hand Recruit","card_health":1,"card_attack":1}]},{"turn":16,"cards_played":["Azure Drake","Swipe"],"current_player":"me","my_health":10,"opponent_health":9,"my_armor":0,"opponent_armor":0,"my_hand":5,"opponent_hand":1,"my_board":[{"card_name":"Azure Drake","card_health":4,"card_attack":4}],"opponent_board":[{"card_name":"Dr. Boom","card_health":3,"card_attack":8}]},{"turn":17,"cards_played":["Blessing of Kings","Consecration"],"current_player":"opponent","my_health":-5,"opponent_health":9,"my_armor":0,"opponent_armor":0,"my_hand":5,"opponent_hand":0,"my_board":[{"card_name":"Azure Drake","card_health":1,"card_attack":4}],"opponent_board":[{"card_name":"Dr. Boom","card_health":8,"card_attack":13}]}],"result":"defeat"}