{"plays":[{"turn":1,"cards_played":[],"current_player":"opponent","my_health":30,"opponent_health":0,"my_armor":0,"opponent_armor":0,"my_hand":1,"opponent_hand":0,"my_board":[],"opponent_board":[]},{"turn":2,"cards_played":[],"current_player":"me","my_health":30,"opponent_health":30,"my_armor":0,"opponent_armor":0,"my_hand":6,"opponent_hand":4,"my_board":[],"opponent_board":[]},{"turn":3,"cards_played":["Darnassus Aspirant"],"current_player":"opponent","my_health":30,"opponent_health":30,"my_armor":0,"opponent_armor":0,"my_hand":6,"opponent_hand":4,"my_board":[],"opponent_board":[{"card_name":"Darnassus Aspirant","card_health":3,"card_attack":2}]},{"turn":4,"cards_played":["Wrath","Wrath"],"current_player":"me","my_health":30,"opponent_health":30,"my_armor":0,"opponent_armor":0,"my_hand":6,"opponent_hand":4,"my_board":[],"opponent_board":[]},{"turn":5,"cards_played":["Wild Growth"],"current_player":"opponent","my_health":30,"opponent_health":30,"my_armor":0,"opponent_armor":0,"my_hand":6,"opponent_hand":4,"my_board":[],"opponent_board":[]},{"turn":6,"cards_played":["The Coin","Piloted Shredder"],"current_player":"me","my_health":30,"opponent_health":30,"my_armor":0,"opponent_armor":0,"my_hand":5,"opponent_hand":4,"my_board":[{"card_name":"Piloted Shredder","card_health":3,"card_attack":4}],"opponent_board":[]},{"turn":7,"cards_played":["Keeper of the Grove"],"current_player":"opponent","my_health":30,"opponent_health":30,"my_armor":0,"opponent_armor":0,"my_hand":5,"opponent_hand":4,"my_board":[{"card_name":"Piloted Shredder","card_health":3,"card_attack":4}],"opponent_board":[{"card_name":"Keeper of the Grove","card_health":4,"card_attack":2}]},{"turn":8,"cards_played":["Wild Growth","Shapeshift"],"current_player":"me","my_health":30,"opponent_health":29,"my_armor":1,"opponent_armor":0,"my_hand":5,"opponent_hand":4,"my_board":[{"card_name":"Piloted Shredder","card_health":1,"card_attack":4}],"opponent_board":[]},{"turn":9,"cards_played":["Piloted Shredder","Shapeshift"],"current_player":"opponent","my_health":30,"opponent_health":26,"my_armor":1,"opponent_armor":0,"my_hand":5,"opponent_hand":4,"my_board":[],"opponent_board":[{"card_name":"Piloted Shredder","card_health":3,"card_attack":4}]},{"turn":10,"cards_played":["Savage Combatant","Shapeshift"],"current_player":"me","my_health":28,"opponent_health":26,"my_armor":0,"opponent_armor":0,"my_hand":5,"opponent_hand":4,"my_board":[{"card_name":"Savage Combatant","card_health":4,"card_attack":5}],"opponent_board":[{"card_name":"Mistress of Pain","card_health":4,"card_attack":1}]},{"turn":11,"cards_played":["Ancient of Lore"],"current_player":"opponent","my_health":27,"opponent_health":27,"my_armor":0,"opponent_armor":0,"my_hand":5,"opponent_hand":6,"my_board":[{"card_name":"Savage Combatant","card_health":4,"card_attack":5}],"opponent_board":[{"card_name":"Ancient of Lore","card_health":5,"card_attack":5},{"card_name":"Mistress of Pain","card_health":4,"card_attack":1}]},{"turn":12,"cards_played":["Druid of the Claw","Shapeshift"],"current_player":"me","my_health":27,"opponent_health":25,"my_armor":1,"opponent_armor":0,"my_hand":5,"opponent_hand":6,"my_board":[{"card_name":"Savage Combatant","card_health":3,"card_attack":5},{"card_name":"Druid of the Claw","card_health":6,"card_attack":4}],"opponent_board":[{"card_name":"Ancient of Lore","card_health":5,"card_attack":5}]},{"turn":13,"cards_played":["Swipe","Innervate","Emperor Thaurissan"],"current_player":"opponent","my_health":27,"opponent_health":25,"my_armor":0,"opponent_armor":0,"my_hand":5,"opponent_hand":4,"my_board":[],"opponent_board":[{"card_name":"Emperor Thaurissan","card_health":5,"card_attack":5},{"card_name":"Ancient of Lore","card_health":1,"card_attack":5}]},{"turn":14,"cards_played":["Swipe","Keeper of the Grove","Moonfire"],"current_player":"me","my_health":27,"opponent_health":24,"my_armor":0,"opponent_armor":0,"my_hand":4,"opponent_hand":4,"my_board":[{"card_name":"Keeper of the Grove","card_health":4,"card_attack":2}],"opponent_board":[]},{"turn":15,"cards_played":["Druid of the Claw","Shapeshift"],"current_player":"opponent","my_health":22,"opponent_health":24,"my_armor":0,"opponent_armor":1,"my_hand":4,"opponent_hand":4,"my_board":[{"card_name":"Keeper of the Grove","card_health":4,"card_attack":2}],"opponent_board":[{"card_name":"Druid of the Claw","card_health":4,"card_attack":4}]},{"turn":16,"cards_played":["Keeper of the Grove","Moonfire","Shapeshift"],"current_player":"me","my_health":22,"opponent_health":24,"my_armor":1,"opponent_armor":0,"my_hand":4,"opponent_hand":4,"my_board":[{"card_name":"Keeper of the Grove","card_health":4,"card_attack":2}],"opponent_board":[]},{"turn":17,"cards_played":["Wrath","Azure Drake","Shapeshift"],"current_player":"opponent","my_health":22,"opponent_health":24,"my_armor":0,"opponent_armor":1,"my_hand":4,"opponent_hand":5,"my_board":[{"card_name":"Keeper of the Grove","card_health":3,"card_attack":2}],"opponent_board":[{"card_name":"Azure Drake","card_health":4,"card_attack":4}]},{"turn":18,"cards_played":["Ancient of Lore","Ancient Secrets","Wrath","Wrath"],"current_player":"me","my_health":27,"opponent_health":24,"my_armor":0,"opponent_armor":1,"my_hand":3,"opponent_hand":5,"my_board":[{"card_name":"Ancient of Lore","card_health":5,"card_attack":5}],"opponent_board":[]},{"turn":19,"cards_played":["Azure Drake","Force of Nature"],"current_player":"opponent","my_health":27,"opponent_health":24,"my_armor":0,"opponent_armor":1,"my_hand":3,"opponent_hand":5,"my_board":[],"opponent_board":[{"card_name":"Azure Drake","card_health":4,"card_attack":4}]},{"turn":20,"cards_played":["Ancient of Lore","Innervate","Druid of the Claw"],"current_player":"me","my_health":27,"opponent_health":24,"my_armor":0,"opponent_armor":1,"my_hand":3,"opponent_hand":5,"my_board":[{"card_name":"Druid of the Claw","card_health":4,"card_attack":4},{"card_name":"Ancient of Lore","card_health":5,"card_attack":5},{"card_name":"Druid of the Claw","card_health":6,"card_attack":4}],"opponent_board":[{"card_name":"Azure Drake","card_health":4,"card_attack":4}]},{"turn":21,"cards_played":["Wrath","Keeper of the Grove","Shade of Naxxramas"],"current_player":"opponent","my_health":23,"opponent_health":24,"my_armor":0,"opponent_armor":1,"my_hand":3,"opponent_hand":3,"my_board":[{"card_name":"Ancient of Lore","card_health":5,"card_attack":5}],"opponent_board":[{"card_name":"Shade of Naxxramas","card_health":2,"card_attack":2},{"card_name":"Azure Drake","card_health":4,"card_attack":4},{"card_name":"Keeper of the Grove","card_health":4,"card_attack":2}]},{"turn":22,"cards_played":["Dr. Boom","Shapeshift"],"current_player":"me","my_health":23,"opponent_health":24,"my_armor":1,"opponent_armor":0,"my_hand":3,"opponent_hand":3,"my_board":[{"card_name":"Dr. Boom","card_health":7,"card_attack":7},{"card_name":"Ancient of Lore","card_health":1,"card_attack":5},{"card_name":"Boom Bot","card_health":1,"card_attack":1},{"card_name":"Boom Bot","card_health":1,"card_attack":1}],"opponent_board":[{"card_name":"Shade of Naxxramas","card_health":2,"card_attack":2},{"card_name":"Keeper of the Grove","card_health":4,"card_attack":2}]},{"turn":23,"cards_played":["Force of Nature","Savage Roar","Shapeshift"],"current_player":"opponent","my_health":0,"opponent_health":24,"my_armor":0,"opponent_armor":1,"my_hand":3,"opponent_hand":2,"my_board":[{"card_name":"Dr. Boom","card_health":7,"card_attack":7},{"card_name":"Ancient of Lore","card_health":1,"card_attack":5},{"card_name":"Boom Bot","card_health":1,"card_attack":1},{"card_name":"Boom Bot","card_health":1,"card_attack":1}],"opponent_board":[{"card_name":"Shade of Naxxramas","card_health":3,"card_attack":5},{"card_name":"Keeper of the Grove","card_health":4,"card_attack":4},{"card_name":"Treant","card_health":2,"card_attack":4},{"card_name":"Treant","card_health":2,"card_attack":4},{"card_name":"Treant","card_health":2,"card_attack":4}]}],"result":"defeat"}