{"plays":[{"turn":1,"cards_played":[],"current_player":"me","my_health":0,"opponent_health":30,"my_armor":0,"opponent_armor":0,"my_hand":0,"opponent_hand":1,"my_board":[],"opponent_board":[]},{"turn":2,"cards_played":[],"current_player":"opponent","my_health":30,"opponent_health":30,"my_armor":0,"opponent_armor":0,"my_hand":4,"opponent_hand":6,"my_board":[],"opponent_board":[]},{"turn":3,"cards_played":["Wild Growth"],"current_player":"me","my_health":30,"opponent_health":30,"my_armor":0,"opponent_armor":0,"my_hand":4,"opponent_hand":6,"my_board":[],"opponent_board":[]},{"turn":4,"cards_played":["Armor Up!"],"current_player":"opponent","my_health":30,"opponent_health":30,"my_armor":0,"opponent_armor":2,"my_hand":4,"opponent_hand":7,"my_board":[],"opponent_board":[]},{"turn":5,"cards_played":["Piloted Shredder"],"current_player":"me","my_health":30,"opponent_health":30,"my_armor":0,"opponent_armor":2,"my_hand":4,"opponent_hand":7,"my_board":[{"card_name":"Piloted Shredder","card_health":3,"card_attack":4}],"opponent_board":[]},{"turn":6,"cards_played":["The Coin","Death's Bite"],"current_player":"opponent","my_health":30,"opponent_health":28,"my_armor":0,"opponent_armor":0,"my_hand":4,"opponent_hand":6,"my_board":[{"card_name":"Nerubian Egg","card_health":2,"card_attack":0}],"opponent_board":[]},{"turn":7,"cards_played":["Keeper of the Grove","Moonfire"],"current_player":"me","my_health":30,"opponent_health":28,"my_armor":0,"opponent_armor":0,"my_hand":4,"opponent_hand":6,"my_board":[{"card_name":"Keeper of the Grove","card_health":4,"card_attack":2},{"card_name":"Nerubian","card_health":4,"card_attack":4}],"opponent_board":[]},{"turn":8,"cards_played":["Acolyte of Pain"],"current_player":"opponent","my_health":30,"opponent_health":24,"my_armor":0,"opponent_armor":0,"my_hand":4,"opponent_hand":7,"my_board":[{"card_name":"Keeper of the Grove","card_health":3,"card_attack":2}],"opponent_board":[{"card_name":"Acolyte of Pain","card_health":2,"card_attack":1}]},{"turn":9,"cards_played":["Savage Combatant","Shapeshift"],"current_player":"me","my_health":30,"opponent_health":21,"my_armor":1,"opponent_armor":0,"my_hand":4,"opponent_hand":8,"my_board":[{"card_name":"Savage Combatant","card_health":4,"card_attack":5},{"card_name":"Keeper of the Grove","card_health":2,"card_attack":2}],"opponent_board":[]},{"turn":10,"cards_played":["Slam","Execute","Unstable Ghoul"],"current_player":"opponent","my_health":30,"opponent_health":21,"my_armor":1,"opponent_armor":0,"my_hand":4,"opponent_hand":7,"my_board":[{"card_name":"Keeper of the Grove","card_health":2,"card_attack":2}],"opponent_board":[{"card_name":"Unstable Ghoul","card_health":3,"card_attack":1}]},{"turn":11,"cards_played":["Shapeshift","Innervate","Ancient of Lore"],"current_player":"me","my_health":30,"opponent_health":21,"my_armor":1,"opponent_armor":0,"my_hand":5,"opponent_hand":7,"my_board":[{"card_name":"Ancient of Lore","card_health":5,"card_attack":5}],"opponent_board":[]},{"turn":12,"cards_played":["Cruel Taskmaster","Execute","Armor Up!"],"current_player":"opponent","my_health":30,"opponent_health":21,"my_armor":1,"opponent_armor":2,"my_hand":5,"opponent_hand":6,"my_board":[],"opponent_board":[{"card_name":"Cruel Taskmaster","card_health":2,"card_attack":2}]},{"turn":13,"cards_played":["Savage Combatant","Wrath","Wrath","Shapeshift"],"current_player":"me","my_health":30,"opponent_health":20,"my_armor":2,"opponent_armor":0,"my_hand":4,"opponent_hand":6,"my_board":[{"card_name":"Savage Combatant","card_health":4,"card_attack":5}],"opponent_board":[]},{"turn":14,"cards_played":["Grim Patron","Whirlwind","Whirlwind"],"current_player":"opponent","my_health":30,"opponent_health":20,"my_armor":2,"opponent_armor":0,"my_hand":4,"opponent_hand":4,"my_board":[{"card_name":"Savage Combatant","card_health":2,"card_attack":5}],"opponent_board":[{"card_name":"Grim Patron","card_health":1,"card_attack":3},{"card_name":"Grim Patron","card_health":2,"card_attack":3},{"card_name":"Grim Patron","card_health":3,"card_attack":3},{"card_name":"Grim Patron","card_health":3,"card_attack":3}]},{"turn":15,"cards_played":["Shapeshift","Keeper of the Grove","Moonfire"],"current_player":"me","my_health":30,"opponent_health":15,"my_armor":0,"opponent_armor":0,"my_hand":4,"opponent_hand":4,"my_board":[{"card_name":"Savage Combatant","card_health":2,"card_attack":5},{"card_name":"Keeper of the Grove","card_health":4,"card_attack":2}],"opponent_board":[{"card_name":"Grim Patron","card_health":1,"card_attack":3},{"card_name":"Grim Patron","card_health":3,"card_attack":3}]},{"turn":16,"cards_played":["Warsong Commander","Frothing Berserker","Armor Up!"],"current_player":"opponent","my_health":19,"opponent_health":15,"my_armor":0,"opponent_armor":2,"my_hand":4,"opponent_hand":3,"my_board":[],"opponent_board":[{"card_name":"Frothing Berserker","card_health":4,"card_attack":8},{"card_name":"Warsong Commander","card_health":3,"card_attack":2},{"card_name":"Grim Patron","card_health":1,"card_attack":3},{"card_name":"Grim Patron","card_health":1,"card_attack":3},{"card_name":"Grim Patron","card_health":3,"card_attack":3}]},{"turn":17,"cards_played":["Druid of the Claw","Swipe"],"current_player":"me","my_health":19,"opponent_health":15,"my_armor":0,"opponent_armor":1,"my_hand":3,"opponent_hand":3,"my_board":[{"card_name":"Druid of the Claw","card_health":1,"card_attack":4}],"opponent_board":[{"card_name":"Warsong Commander","card_health":2,"card_attack":2}]},{"turn":18,"cards_played":["Battle Rage","Grim Patron","Unstable Ghoul"],"current_player":"opponent","my_health":11,"opponent_health":15,"my_armor":0,"opponent_armor":1,"my_hand":3,"opponent_hand":3,"my_board":[],"opponent_board":[{"card_name":"Warsong Commander","card_health":1,"card_attack":2},{"card_name":"Grim Patron","card_health":2,"card_attack":3},{"card_name":"Grim Patron","card_health":3,"card_attack":3}]},{"turn":19,"cards_played":["Ancient of Lore","Innervate","Azure Drake"],"current_player":"me","my_health":11,"opponent_health":15,"my_armor":0,"opponent_armor":1,"my_hand":4,"opponent_hand":3,"my_board":[{"card_name":"Azure Drake","card_health":4,"card_attack":4},{"card_name":"Ancient of Lore","card_health":5,"card_attack":5}],"opponent_board":[{"card_name":"Warsong Commander","card_health":1,"card_attack":2},{"card_name":"Grim Patron","card_health":2,"card_attack":3},{"card_name":"Grim Patron","card_health":3,"card_attack":3}]},{"turn":20,"cards_played":["Frothing Berserker","Fiery War Axe","Inner Rage"],"current_player":"opponent","my_health":-2,"opponent_health":15,"my_armor":0,"opponent_armor":1,"my_hand":4,"opponent_hand":1,"my_board":[{"card_name":"Azure Drake","card_health":4,"card_attack":4},{"card_name":"Ancient of Lore","card_health":5,"card_attack":5}],"opponent_board":[{"card_name":"Frothing Berserker","card_health":3,"card_attack":5},{"card_name":"Warsong Commander","card_health":1,"card_attack":2},{"card_name":"Grim Patron","card_health":2,"card_attack":3},{"card_name":"Grim Patron","card_health":3,"card_attack":3}]}],"result":"defeat"}