{"plays":[{"turn":1,"cards_played":[],"current_player":"opponent","my_health":30,"opponent_health":0,"my_armor":0,"opponent_armor":0,"my_hand":1,"opponent_hand":0,"my_board":[],"opponent_board":[]},{"turn":2,"cards_played":["Living Roots","The Coin","Wild Growth"],"current_player":"opponent","my_health":30,"opponent_health":30,"my_armor":0,"opponent_armor":0,"my_hand":3,"opponent_hand":4,"my_board":[{"card_name":"Sapling","card_health":1,"card_attack":1},{"card_name":"Sapling","card_health":1,"card_attack":1}],"opponent_board":[]},{"turn":3,"cards_played":["Darnassus Aspirant"],"current_player":"me","my_health":30,"opponent_health":28,"my_armor":0,"opponent_armor":0,"my_hand":3,"opponent_hand":4,"my_board":[{"card_name":"Darnassus Aspirant","card_health":3,"card_attack":2},{"card_name":"Sapling","card_health":1,"card_attack":1},{"card_name":"Sapling","card_health":1,"card_attack":1}],"opponent_board":[]},{"turn":4,"cards_played":["Wrath"],"current_player":"opponent","my_health":30,"opponent_health":28,"my_armor":0,"opponent_armor":0,"my_hand":3,"opponent_hand":4,"my_board":[{"card_name":"Sapling","card_health":1,"card_attack":1},{"card_name":"Sapling","card_health":1,"card_attack":1}],"opponent_board":[]},{"turn":5,"cards_played":["Wild Growth"],"current_player":"me","my_health":30,"opponent_health":26,"my_armor":0,"opponent_armor":0,"my_hand":3,"opponent_hand":4,"my_board":[{"card_name":"Sapling","card_health":1,"card_attack":1},{"card_name":"Sapling","card_health":1,"card_attack":1}],"opponent_board":[]},{"turn":6,"cards_played":["Shade of Naxxramas"],"current_player":"opponent","my_health":30,"opponent_health":26,"my_armor":0,"opponent_armor":0,"my_hand":3,"opponent_hand":4,"my_board":[{"card_name":"Sapling","card_health":1,"card_attack":1},{"card_name":"Sapling","card_health":1,"card_attack":1}],"opponent_board":[{"card_name":"Shade of Naxxramas","card_health":2,"card_attack":2}]},{"turn":7,"cards_played":["Azure Drake"],"current_player":"me","my_health":30,"opponent_health":24,"my_armor":0,"opponent_armor":0,"my_hand":4,"opponent_hand":4,"my_board":[{"card_name":"Azure Drake","card_health":4,"card_attack":4},{"card_name":"Sapling","card_health":1,"card_attack":1},{"card_name":"Sapling","card_health":1,"card_attack":1}],"opponent_board":[{"card_name":"Shade of Naxxramas","card_health":2,"card_attack":2}]},{"turn":8,"cards_played":["Darnassus Aspirant","Shade of Naxxramas"],"current_player":"opponent","my_health":30,"opponent_health":24,"my_armor":0,"opponent_armor":0,"my_hand":4,"opponent_hand":3,"my_board":[{"card_name":"Azure Drake","card_health":4,"card_attack":4},{"card_name":"Sapling","card_health":1,"card_attack":1},{"card_name":"Sapling","card_health":1,"card_attack":1}],"opponent_board":[{"card_name":"Shade of Naxxramas","card_health":2,"card_attack":2},{"card_name":"Shade of Naxxramas","card_health":3,"card_attack":3},{"card_name":"Darnassus Aspirant","card_health":3,"card_attack":2}]},{"turn":9,"cards_played":["Piloted Shredder","Wrath","Wrath"],"current_player":"me","my_health":30,"opponent_health":19,"my_armor":0,"opponent_armor":0,"my_hand":4,"opponent_hand":3,"my_board":[{"card_name":"Azure Drake","card_health":4,"card_attack":4},{"card_name":"Piloted Shredder","card_health":3,"card_attack":4},{"card_name":"Sapling","card_health":1,"card_attack":1}],"opponent_board":[{"card_name":"Shade of Naxxramas","card_health":2,"card_attack":2},{"card_name":"Shade of Naxxramas","card_health":3,"card_attack":3}]},{"turn":10,"cards_played":["Keeper of the Grove","Darnassus Aspirant"],"current_player":"opponent","my_health":30,"opponent_health":19,"my_armor":0,"opponent_armor":0,"my_hand":4,"opponent_hand":2,"my_board":[{"card_name":"Sapling","card_health":1,"card_attack":1}],"opponent_board":[{"card_name":"Darnassus Aspirant","card_health":3,"card_attack":2},{"card_name":"Keeper of the Grove","card_health":4,"card_attack":2}]},{"turn":11,"cards_played":["Ancient of Lore"],"current_player":"me","my_health":30,"opponent_health":18,"my_armor":0,"opponent_armor":0,"my_hand":6,"opponent_hand":2,"my_board":[{"card_name":"Ancient of Lore","card_health":5,"card_attack":5},{"card_name":"Sapling","card_health":1,"card_attack":1}],"opponent_board":[{"card_name":"Darnassus Aspirant","card_health":3,"card_attack":2},{"card_name":"Keeper of the Grove","card_health":4,"card_attack":2}]},{"turn":12,"cards_played":["Dr. Boom"],"current_player":"opponent","my_health":28,"opponent_health":18,"my_armor":0,"opponent_armor":0,"my_hand":6,"opponent_hand":2,"my_board":[{"card_name":"Ancient of Lore","card_health":5,"card_attack":5}],"opponent_board":[{"card_name":"Darnassus Aspirant","card_health":2,"card_attack":2},{"card_name":"Dr. Boom","card_health":7,"card_attack":7},{"card_name":"Keeper of the Grove","card_health":4,"card_attack":2},{"card_name":"Boom Bot","card_health":1,"card_attack":1},{"card_name":"Boom Bot","card_health":1,"card_attack":1}]},{"turn":13,"cards_played":["Piloted Shredder","Keeper of the Grove","Moonfire","Innervate","Darnassus Aspirant"],"current_player":"me","my_health":28,"opponent_health":18,"my_armor":0,"opponent_armor":0,"my_hand":3,"opponent_hand":2,"my_board":[{"card_name":"Keeper of the Grove","card_health":4,"card_attack":2},{"card_name":"Darnassus Aspirant","card_health":3,"card_attack":2},{"card_name":"Ancient of Lore","card_health":3,"card_attack":5},{"card_name":"Piloted Shredder","card_health":3,"card_attack":4}],"opponent_board":[{"card_name":"Dr. Boom","card_health":7,"card_attack":7},{"card_name":"Boom Bot","card_health":1,"card_attack":1},{"card_name":"Boom Bot","card_health":1,"card_attack":1}]},{"turn":14,"cards_played":["Druid of the Claw","Shapeshift"],"current_player":"opponent","my_health":27,"opponent_health":18,"my_armor":0,"opponent_armor":1,"my_hand":3,"opponent_hand":2,"my_board":[{"card_name":"Piloted Shredder","card_health":3,"card_attack":4}],"opponent_board":[{"card_name":"Dr. Boom","card_health":5,"card_attack":7},{"card_name":"Druid of the Claw","card_health":6,"card_attack":4}]},{"turn":15,"cards_played":["Ancient of Lore","Innervate","Keeper of the Grove","Dispel"],"current_player":"me","my_health":27,"opponent_health":15,"my_armor":0,"opponent_armor":0,"my_hand":3,"opponent_hand":2,"my_board":[{"card_name":"Piloted Shredder","card_health":3,"card_attack":4},{"card_name":"Keeper of the Grove","card_health":4,"card_attack":2},{"card_name":"Ancient of Lore","card_health":5,"card_attack":5}],"opponent_board":[{"card_name":"Dr. Boom","card_health":5,"card_attack":7},{"card_name":"Druid of the Claw","card_health":6,"card_attack":4}]},{"turn":16,"cards_played":["Force of Nature","Savage Roar"],"current_player":"opponent","my_health":0,"opponent_health":15,"my_armor":0,"opponent_armor":0,"my_hand":3,"opponent_hand":1,"my_board":[{"card_name":"Piloted Shredder","card_health":3,"card_attack":4},{"card_name":"Keeper of the Grove","card_health":4,"card_attack":2},{"card_name":"Ancient of Lore","card_health":5,"card_attack":5}],"opponent_board":[{"card_name":"Dr. Boom","card_health":5,"card_attack":9},{"card_name":"Druid of the Claw","card_health":6,"card_attack":6},{"card_name":"Treant","card_health":2,"card_attack":4},{"card_name":"Treant","card_health":2,"card_attack":4},{"card_name":"Treant","card_health":2,"card_attack":4}]}],"result":"defeat"}