{"plays":[{"turn":1,"cards_played":[],"current_player":"me","my_health":0,"opponent_health":30,"my_armor":0,"opponent_armor":0,"my_hand":0,"opponent_hand":1,"my_board":[],"opponent_board":[]},{"turn":2,"cards_played":["The Coin","Darnassus Aspirant"],"current_player":"opponent","my_health":30,"opponent_health":30,"my_armor":0,"opponent_armor":0,"my_hand":4,"opponent_hand":4,"my_board":[],"opponent_board":[{"card_name":"Darnassus Aspirant","card_health":3,"card_attack":2}]},{"turn":3,"cards_played":["Wrath","Wrath"],"current_player":"me","my_health":30,"opponent_health":30,"my_armor":0,"opponent_armor":0,"my_hand":4,"opponent_hand":4,"my_board":[],"opponent_board":[]},{"turn":4,"cards_played":["Innervate","Piloted Shredder"],"current_player":"opponent","my_health":30,"opponent_health":30,"my_armor":0,"opponent_armor":0,"my_hand":4,"opponent_hand":3,"my_board":[],"opponent_board":[{"card_name":"Piloted Shredder","card_health":3,"card_attack":4}]},{"turn":5,"cards_played":["Shapeshift"],"current_player":"me","my_health":30,"opponent_health":29,"my_armor":1,"opponent_armor":0,"my_hand":5,"opponent_hand":3,"my_board":[],"opponent_board":[{"card_name":"Piloted Shredder","card_health":3,"card_attack":4}]},{"turn":6,"cards_played":["Darnassus Aspirant"],"current_player":"opponent","my_health":27,"opponent_health":29,"my_armor":0,"opponent_armor":0,"my_hand":5,"opponent_hand":3,"my_board":[],"opponent_board":[{"card_name":"Piloted Shredder","card_health":3,"card_attack":4},{"card_name":"Darnassus Aspirant","card_health":3,"card_attack":2}]},{"turn":7,"cards_played":["Keeper of the Grove","Dispel"],"current_player":"me","my_health":27,"opponent_health":29,"my_armor":0,"opponent_armor":0,"my_hand":5,"opponent_hand":3,"my_board":[{"card_name":"Keeper of the Grove","card_health":4,"card_attack":2}],"opponent_board":[{"card_name":"Piloted Shredder","card_health":3,"card_attack":4},{"card_name":"Darnassus Aspirant","card_health":3,"card_attack":2}]},{"turn":8,"cards_played":["Fel Reaver"],"current_player":"opponent","my_health":25,"opponent_health":29,"my_armor":0,"opponent_armor":0,"my_hand":5,"opponent_hand":3,"my_board":[],"opponent_board":[{"card_name":"Piloted Shredder","card_health":1,"card_attack":4},{"card_name":"Darnassus Aspirant","card_health":3,"card_attack":2},{"card_name":"Fel Reaver","card_health":8,"card_attack":8}]},{"turn":9,"cards_played":["Darnassus Aspirant","Shapeshift"],"current_player":"me","my_health":22,"opponent_health":29,"my_armor":0,"opponent_armor":0,"my_hand":5,"opponent_hand":3,"my_board":[{"card_name":"Darnassus Aspirant","card_health":3,"card_attack":2}],"opponent_board":[{"card_name":"Darnassus Aspirant","card_health":3,"card_attack":2},{"card_name":"Fel Reaver","card_health":8,"card_attack":8}]},{"turn":10,"cards_played":["Force of Nature"],"current_player":"opponent","my_health":10,"opponent_health":29,"my_armor":0,"opponent_armor":0,"my_hand":5,"opponent_hand":3,"my_board":[],"opponent_board":[{"card_name":"Darnassus Aspirant","card_health":3,"card_attack":2},{"card_name":"Fel Reaver","card_health":8,"card_attack":8}]},{"turn":11,"cards_played":["Savage Combatant","Shapeshift"],"current_player":"me","my_health":9,"opponent_health":29,"my_armor":0,"opponent_armor":0,"my_hand":5,"opponent_hand":3,"my_board":[{"card_name":"Savage Combatant","card_health":4,"card_attack":5}],"opponent_board":[{"card_name":"Fel Reaver","card_health":8,"card_attack":8}]},{"turn":12,"cards_played":["Force of Nature"],"current_player":"opponent","my_health":-1,"opponent_health":29,"my_armor":0,"opponent_armor":0,"my_hand":5,"opponent_hand":3,"my_board":[{"card_name":"Savage Combatant","card_health":4,"card_attack":5}],"opponent_board":[{"card_name":"Fel Reaver","card_health":8,"card_attack":8},{"card_name":"Treant","card_health":2,"card_attack":2},{"card_name":"Treant","card_health":2,"card_attack":2},{"card_name":"Treant","card_health":2,"card_attack":2}]}],"result":"defeat"}