{"plays":[{"turn":1,"cards_played":[],"current_player":"opponent","my_health":30,"opponent_health":0,"my_armor":0,"opponent_armor":0,"my_hand":1,"opponent_hand":0,"my_board":[],"opponent_board":[]},{"turn":2,"cards_played":["Webspinner"],"current_player":"me","my_health":30,"opponent_health":30,"my_armor":0,"opponent_armor":0,"my_hand":5,"opponent_hand":4,"my_board":[{"card_name":"Webspinner","card_health":1,"card_attack":1}],"opponent_board":[]},{"turn":3,"cards_played":["Twilight Whelp"],"current_player":"opponent","my_health":30,"opponent_health":30,"my_armor":0,"opponent_armor":0,"my_hand":5,"opponent_hand":4,"my_board":[{"card_name":"Webspinner","card_health":1,"card_attack":1}],"opponent_board":[{"card_name":"Twilight Whelp","card_health":1,"card_attack":2}]},{"turn":4,"cards_played":["Haunted Creeper"],"current_player":"me","my_health":30,"opponent_health":29,"my_armor":0,"opponent_armor":0,"my_hand":5,"opponent_hand":4,"my_board":[{"card_name":"Haunted Creeper","card_health":2,"card_attack":1},{"card_name":"Webspinner","card_health":1,"card_attack":1}],"opponent_board":[{"card_name":"Twilight Whelp","card_health":3,"card_attack":2}]},{"turn":5,"cards_played":["Power Word: Shield","Lesser Heal","Lesser Heal"],"current_player":"opponent","my_health":30,"opponent_health":29,"my_armor":0,"opponent_armor":0,"my_hand":5,"opponent_hand":5,"my_board":[{"card_name":"Webspinner","card_health":1,"card_attack":1},{"card_name":"Spectral Spider","card_health":1,"card_attack":1},{"card_name":"Spectral Spider","card_health":1,"card_attack":1}],"opponent_board":[{"card_name":"Twilight Whelp","card_health":5,"card_attack":2}]},{"turn":6,"cards_played":["Ironbeak Owl"],"current_player":"me","my_health":30,"opponent_health":27,"my_armor":0,"opponent_armor":0,"my_hand":5,"opponent_hand":5,"my_board":[{"card_name":"Ironbeak Owl","card_health":1,"card_attack":2},{"card_name":"Webspinner","card_health":1,"card_attack":1},{"card_name":"Spectral Spider","card_health":1,"card_attack":1}],"opponent_board":[]},{"turn":7,"cards_played":["Lesser Heal","Lesser Heal"],"current_player":"opponent","my_health":30,"opponent_health":29,"my_armor":0,"opponent_armor":0,"my_hand":5,"opponent_hand":6,"my_board":[{"card_name":"Ironbeak Owl","card_health":1,"card_attack":2},{"card_name":"Webspinner","card_health":1,"card_attack":1},{"card_name":"Spectral Spider","card_health":1,"card_attack":1}],"opponent_board":[]},{"turn":8,"cards_played":["Piloted Shredder"],"current_player":"me","my_health":30,"opponent_health":25,"my_armor":0,"opponent_armor":0,"my_hand":5,"opponent_hand":6,"my_board":[{"card_name":"Ironbeak Owl","card_health":1,"card_attack":2},{"card_name":"Webspinner","card_health":1,"card_attack":1},{"card_name":"Piloted Shredder","card_health":3,"card_attack":4},{"card_name":"Spectral Spider","card_health":1,"card_attack":1}],"opponent_board":[]},{"turn":9,"cards_played":["Blackwing Corruptor"],"current_player":"opponent","my_health":30,"opponent_health":25,"my_armor":0,"opponent_armor":0,"my_hand":5,"opponent_hand":6,"my_board":[{"card_name":"Ironbeak Owl","card_health":1,"card_attack":2},{"card_name":"Webspinner","card_health":1,"card_attack":1},{"card_name":"Spectral Spider","card_health":1,"card_attack":1},{"card_name":"Cutpurse","card_health":2,"card_attack":2}],"opponent_board":[{"card_name":"Blackwing Corruptor","card_health":4,"card_attack":5}]},{"turn":10,"cards_played":["Houndmaster","The Coin"],"current_player":"me","my_health":30,"opponent_health":21,"my_armor":0,"opponent_armor":0,"my_hand":4,"opponent_hand":6,"my_board":[{"card_name":"Webspinner","card_health":1,"card_attack":1},{"card_name":"Houndmaster","card_health":3,"card_attack":4},{"card_name":"Spectral Spider","card_health":1,"card_attack":1},{"card_name":"Cutpurse","card_health":2,"card_attack":2}],"opponent_board":[]},{"turn":11,"cards_played":["Cabal Shadow Priest"],"current_player":"opponent","my_health":30,"opponent_health":21,"my_armor":0,"opponent_armor":0,"my_hand":4,"opponent_hand":6,"my_board":[{"card_name":"Webspinner","card_health":1,"card_attack":1},{"card_name":"Houndmaster","card_health":3,"card_attack":4},{"card_name":"Spectral Spider","card_health":1,"card_attack":1},{"card_name":"Cutpurse","card_health":2,"card_attack":2}],"opponent_board":[{"card_name":"Cabal Shadow Priest","card_health":5,"card_attack":4}]},{"turn":12,"cards_played":["Savannah Highmane"],"current_player":"me","my_health":30,"opponent_health":20,"my_armor":0,"opponent_armor":0,"my_hand":4,"opponent_hand":6,"my_board":[{"card_name":"Webspinner","card_health":1,"card_attack":1},{"card_name":"Savannah Highmane","card_health":5,"card_attack":6}],"opponent_board":[{"card_name":"Cutpurse","card_health":2,"card_attack":2}]},{"turn":13,"cards_played":["Shadow Word: Death","Light of the Naaru","Lesser Heal"],"current_player":"opponent","my_health":30,"opponent_health":25,"my_armor":0,"opponent_armor":0,"my_hand":5,"opponent_hand":5,"my_board":[{"card_name":"Hyena","card_health":2,"card_attack":2},{"card_name":"Hyena","card_health":2,"card_attack":2}],"opponent_board":[{"card_name":"Cutpurse","card_health":1,"card_attack":2},{"card_name":"Lightwarden","card_health":2,"card_attack":3}]},{"turn":14,"cards_played":["Knife Juggler","The Coin","Savannah Highmane"],"current_player":"me","my_health":30,"opponent_health":24,"my_armor":0,"opponent_armor":0,"my_hand":3,"opponent_hand":5,"my_board":[{"card_name":"Knife Juggler","card_health":2,"card_attack":3},{"card_name":"Savannah Highmane","card_health":5,"card_attack":6}],"opponent_board":[]},{"turn":15,"cards_played":["Blackwing Corruptor","Lesser Heal","Northshire Cleric"],"current_player":"opponent","my_health":30,"opponent_health":26,"my_armor":0,"opponent_armor":0,"my_hand":3,"opponent_hand":4,"my_board":[{"card_name":"Savannah Highmane","card_health":5,"card_attack":6}],"opponent_board":[{"card_name":"Northshire Cleric","card_health":3,"card_attack":1},{"card_name":"Blackwing Corruptor","card_health":4,"card_attack":5}]},{"turn":16,"cards_played":["Animal Companion","Bloodfen Raptor","Steady Shot"],"current_player":"me","my_health":30,"opponent_health":24,"my_armor":0,"opponent_armor":0,"my_hand":2,"opponent_hand":4,"my_board":[{"card_name":"Savannah Highmane","card_health":4,"card_attack":6},{"card_name":"Bloodfen Raptor","card_health":2,"card_attack":3}],"opponent_board":[]},{"turn":17,"cards_played":["Ysera"],"current_player":"opponent","my_health":30,"opponent_health":24,"my_armor":0,"opponent_armor":0,"my_hand":2,"opponent_hand":5,"my_board":[{"card_name":"Savannah Highmane","card_health":4,"card_attack":6},{"card_name":"Bloodfen Raptor","card_health":2,"card_attack":3}],"opponent_board":[{"card_name":"Ysera","card_health":12,"card_attack":4}]},{"turn":18,"cards_played":["Mad Scientist","Steady Shot"],"current_player":"me","my_health":30,"opponent_health":13,"my_armor":0,"opponent_armor":0,"my_hand":2,"opponent_hand":5,"my_board":[{"card_name":"Savannah Highmane","card_health":4,"card_attack":6},{"card_name":"Mad Scientist","card_health":2,"card_attack":2},{"card_name":"Bloodfen Raptor","card_health":2,"card_attack":3}],"opponent_board":[{"card_name":"Ysera","card_health":12,"card_attack":4}]},{"turn":19,"cards_played":["Lightbomb","Light of the Naaru","Laughing Sister"],"current_player":"opponent","my_health":30,"opponent_health":16,"my_armor":0,"opponent_armor":0,"my_hand":2,"opponent_hand":4,"my_board":[],"opponent_board":[{"card_name":"Ysera","card_health":2,"card_attack":4},{"card_name":"Laughing Sister","card_health":5,"card_attack":3},{"card_name":"Lightwarden","card_health":2,"card_attack":1}]},{"turn":20,"cards_played":["King's Elekk","Unleash the Hounds","Stranglethorn Tiger"],"current_player":"me","my_health":30,"opponent_health":15,"my_armor":0,"opponent_armor":0,"my_hand":0,"opponent_hand":4,"my_board":[{"card_name":"Stranglethorn Tiger","card_health":5,"card_attack":5},{"card_name":"King's Elekk","card_health":2,"card_attack":3},{"card_name":"Hound","card_health":1,"card_attack":1}],"opponent_board":[{"card_name":"Laughing Sister","card_health":5,"card_attack":3},{"card_name":"Lightwarden","card_health":2,"card_attack":1}]},{"turn":21,"cards_played":["Ysera Awakens","Justicar Trueheart","Heal","Heal"],"current_player":"opponent","my_health":22,"opponent_health":14,"my_armor":0,"opponent_armor":0,"my_hand":0,"opponent_hand":4,"my_board":[],"opponent_board":[{"card_name":"Justicar Trueheart","card_health":3,"card_attack":6}]},{"turn":22,"cards_played":["Mad Scientist","Steady Shot"],"current_player":"me","my_health":22,"opponent_health":12,"my_armor":0,"opponent_armor":0,"my_hand":0,"opponent_hand":4,"my_board":[{"card_name":"Mad Scientist","card_health":2,"card_attack":2}],"opponent_board":[{"card_name":"Justicar Trueheart","card_health":3,"card_attack":6}]},{"turn":23,"cards_played":["Lightwarden","Holy Nova","Heal"],"current_player":"opponent","my_health":20,"opponent_health":18,"my_armor":0,"opponent_armor":0,"my_hand":0,"opponent_hand":3,"my_board":[],"opponent_board":[{"card_name":"Justicar Trueheart","card_health":3,"card_attack":6},{"card_name":"Lightwarden","card_health":2,"card_attack":5}]},{"turn":24,"cards_played":["Eaglehorn Bow","Steady Shot"],"current_player":"me","my_health":14,"opponent_health":16,"my_armor":0,"opponent_armor":0,"my_hand":0,"opponent_hand":3,"my_board":[],"opponent_board":[{"card_name":"Lightwarden","card_health":2,"card_attack":7}]},{"turn":25,"cards_played":["Harrison Jones","Power Word: Shield","Heal","Northshire Cleric"],"current_player":"opponent","my_health":7,"opponent_health":20,"my_armor":0,"opponent_armor":0,"my_hand":0,"opponent_hand":4,"my_board":[{"card_name":"Ironfur Grizzly","card_health":3,"card_attack":3}],"opponent_board":[{"card_name":"Harrison Jones","card_health":4,"card_attack":5},{"card_name":"Northshire Cleric","card_health":3,"card_attack":1},{"card_name":"Lightwarden","card_health":4,"card_attack":9}]},{"turn":26,"cards_played":["Quick Shot","Flare","Piloted Shredder","Steady Shot"],"current_player":"me","my_health":7,"opponent_health":18,"my_armor":0,"opponent_armor":0,"my_hand":0,"opponent_hand":4,"my_board":[{"card_name":"Piloted Shredder","card_health":3,"card_attack":4}],"opponent_board":[{"card_name":"Harrison Jones","card_health":4,"card_attack":5},{"card_name":"Northshire Cleric","card_health":3,"card_attack":1}]},{"turn":27,"cards_played":["Thoughtsteal","Eaglehorn Bow"],"current_player":"opponent","my_health":7,"opponent_health":18,"my_armor":0,"opponent_armor":0,"my_hand":0,"opponent_hand":5,"my_board":[{"card_name":"Piloted Shredder","card_health":3,"card_attack":4}],"opponent_board":[{"card_name":"Harrison Jones","card_health":4,"card_attack":5},{"card_name":"Northshire Cleric","card_health":3,"card_attack":1}]}],"result":"defeat"}