{"plays":[{"turn":1,"cards_played":[],"current_player":"opponent","my_health":30,"opponent_health":0,"my_armor":0,"opponent_armor":0,"my_hand":1,"opponent_hand":0,"my_board":[],"opponent_board":[]},{"turn":2,"cards_played":["Webspinner","Living Roots"],"current_player":"me","my_health":30,"opponent_health":30,"my_armor":0,"opponent_armor":0,"my_hand":5,"opponent_hand":3,"my_board":[{"card_name":"Sapling","card_health":1,"card_attack":1},{"card_name":"Sapling","card_health":1,"card_attack":1}],"opponent_board":[{"card_name":"Webspinner","card_health":1,"card_attack":1}]},{"turn":3,"cards_played":["Knife Juggler"],"current_player":"opponent","my_health":30,"opponent_health":30,"my_armor":0,"opponent_armor":0,"my_hand":5,"opponent_hand":4,"my_board":[{"card_name":"Sapling","card_health":1,"card_attack":1}],"opponent_board":[{"card_name":"Knife Juggler","card_health":2,"card_attack":3}]},{"turn":4,"cards_played":["Shapeshift"],"current_player":"me","my_health":28,"opponent_health":30,"my_armor":0,"opponent_armor":0,"my_hand":6,"opponent_hand":4,"my_board":[],"opponent_board":[]},{"turn":5,"cards_played":["Animal Companion"],"current_player":"opponent","my_health":24,"opponent_health":30,"my_armor":0,"opponent_armor":0,"my_hand":6,"opponent_hand":4,"my_board":[],"opponent_board":[{"card_name":"Huffer","card_health":2,"card_attack":4}]},{"turn":6,"cards_played":["The Coin","Savage Combatant","Innervate","Shapeshift"],"current_player":"me","my_health":21,"opponent_health":30,"my_armor":0,"opponent_armor":0,"my_hand":4,"opponent_hand":4,"my_board":[{"card_name":"Savage Combatant","card_health":4,"card_attack":5}],"opponent_board":[]},{"turn":7,"cards_played":["Webspinner"],"current_player":"opponent","my_health":21,"opponent_health":30,"my_armor":0,"opponent_armor":0,"my_hand":4,"opponent_hand":3,"my_board":[{"card_name":"Savage Combatant","card_health":4,"card_attack":5}],"opponent_board":[{"card_name":"Webspinner","card_health":1,"card_attack":1}]},{"turn":8,"cards_played":["Savage Combatant"],"current_player":"me","my_health":21,"opponent_health":25,"my_armor":0,"opponent_armor":0,"my_hand":4,"opponent_hand":3,"my_board":[{"card_name":"Savage Combatant","card_health":4,"card_attack":5},{"card_name":"Savage Combatant","card_health":4,"card_attack":5}],"opponent_board":[{"card_name":"Webspinner","card_health":1,"card_attack":1}]},{"turn":9,"cards_played":["King of Beasts"],"current_player":"opponent","my_health":20,"opponent_health":25,"my_armor":0,"opponent_armor":0,"my_hand":4,"opponent_hand":3,"my_board":[{"card_name":"Savage Combatant","card_health":4,"card_attack":5},{"card_name":"Savage Combatant","card_health":4,"card_attack":5}],"opponent_board":[{"card_name":"Webspinner","card_health":1,"card_attack":1},{"card_name":"King of Beasts","card_health":6,"card_attack":3}]},{"turn":10,"cards_played":["Shapeshift","Savage Roar"],"current_player":"me","my_health":18,"opponent_health":11,"my_armor":0,"opponent_armor":0,"my_hand":4,"opponent_hand":3,"my_board":[{"card_name":"Savage Combatant","card_health":4,"card_attack":7},{"card_name":"Savage Combatant","card_health":4,"card_attack":7}],"opponent_board":[{"card_name":"Webspinner","card_health":1,"card_attack":1},{"card_name":"Snake","card_health":1,"card_attack":1},{"card_name":"Snake","card_health":1,"card_attack":1},{"card_name":"Snake","card_health":1,"card_attack":1}]},{"turn":11,"cards_played":["Ram Wrangler","Young Dragonhawk"],"current_player":"opponent","my_health":18,"opponent_health":11,"my_armor":0,"opponent_armor":0,"my_hand":4,"opponent_hand":3,"my_board":[{"card_name":"Savage Combatant","card_health":4,"card_attack":5}],"opponent_board":[{"card_name":"Ram Wrangler","card_health":3,"card_attack":3},{"card_name":"Young Dragonhawk","card_health":1,"card_attack":1},{"card_name":"Armored Warhorse","card_health":3,"card_attack":5}]},{"turn":12,"cards_played":["Darnassus Aspirant","Wrath","Wrath","Shapeshift"],"current_player":"me","my_health":16,"opponent_health":11,"my_armor":0,"opponent_armor":0,"my_hand":3,"opponent_hand":3,"my_board":[{"card_name":"Savage Combatant","card_health":3,"card_attack":5},{"card_name":"Darnassus Aspirant","card_health":3,"card_attack":2}],"opponent_board":[]},{"turn":13,"cards_played":["Dr. Boom"],"current_player":"opponent","my_health":16,"opponent_health":11,"my_armor":0,"opponent_armor":0,"my_hand":3,"opponent_hand":3,"my_board":[{"card_name":"Savage Combatant","card_health":3,"card_attack":5},{"card_name":"Darnassus Aspirant","card_health":3,"card_attack":2}],"opponent_board":[{"card_name":"Dr. Boom","card_health":7,"card_attack":7},{"card_name":"Boom Bot","card_health":1,"card_attack":1},{"card_name":"Boom Bot","card_health":1,"card_attack":1}]},{"turn":14,"cards_played":["Force of Nature"],"current_player":"me","my_health":16,"opponent_health":0,"my_armor":0,"opponent_armor":0,"my_hand":3,"opponent_hand":3,"my_board":[{"card_name":"Savage Combatant","card_health":3,"card_attack":5},{"card_name":"Darnassus Aspirant","card_health":3,"card_attack":2},{"card_name":"Treant","card_health":2,"card_attack":2},{"card_name":"Treant","card_health":2,"card_attack":2},{"card_name":"Treant","card_health":2,"card_attack":2}],"opponent_board":[{"card_name":"Dr. Boom","card_health":7,"card_attack":7},{"card_name":"Boom Bot","card_health":1,"card_attack":1},{"card_name":"Boom Bot","card_health":1,"card_attack":1}]}],"result":"victory"}