{"plays":[{"turn":1,"cards_played":[],"current_player":"opponent","my_health":30,"opponent_health":0,"my_armor":0,"opponent_armor":0,"my_hand":1,"opponent_hand":0,"my_board":[],"opponent_board":[]},{"turn":2,"cards_played":["Living Roots"],"current_player":"opponent","my_health":30,"opponent_health":30,"my_armor":0,"opponent_armor":0,"my_hand":3,"opponent_hand":6,"my_board":[{"card_name":"Sapling","card_health":1,"card_attack":1},{"card_name":"Sapling","card_health":1,"card_attack":1}],"opponent_board":[]},{"turn":3,"cards_played":["Darnassus Aspirant"],"current_player":"me","my_health":30,"opponent_health":28,"my_armor":0,"opponent_armor":0,"my_hand":3,"opponent_hand":6,"my_board":[{"card_name":"Darnassus Aspirant","card_health":3,"card_attack":2},{"card_name":"Sapling","card_health":1,"card_attack":1},{"card_name":"Sapling","card_health":1,"card_attack":1}],"opponent_board":[]},{"turn":4,"cards_played":["Unstable Portal"],"current_player":"opponent","my_health":30,"opponent_health":28,"my_armor":0,"opponent_armor":0,"my_hand":3,"opponent_hand":7,"my_board":[{"card_name":"Darnassus Aspirant","card_health":3,"card_attack":2},{"card_name":"Sapling","card_health":1,"card_attack":1},{"card_name":"Sapling","card_health":1,"card_attack":1}],"opponent_board":[]},{"turn":5,"cards_played":["Savage Combatant"],"current_player":"me","my_health":30,"opponent_health":24,"my_armor":0,"opponent_armor":0,"my_hand":3,"opponent_hand":7,"my_board":[{"card_name":"Darnassus Aspirant","card_health":3,"card_attack":2},{"card_name":"Savage Combatant","card_health":4,"card_attack":5},{"card_name":"Sapling","card_health":1,"card_attack":1},{"card_name":"Sapling","card_health":1,"card_attack":1}],"opponent_board":[]},{"turn":6,"cards_played":["Toshley"],"current_player":"opponent","my_health":30,"opponent_health":24,"my_armor":0,"opponent_armor":0,"my_hand":3,"opponent_hand":8,"my_board":[{"card_name":"Darnassus Aspirant","card_health":3,"card_attack":2},{"card_name":"Savage Combatant","card_health":4,"card_attack":5},{"card_name":"Sapling","card_health":1,"card_attack":1},{"card_name":"Sapling","card_health":1,"card_attack":1}],"opponent_board":[{"card_name":"Toshley","card_health":7,"card_attack":5}]},{"turn":7,"cards_played":["Shapeshift","Wrath","Wrath"],"current_player":"me","my_health":26,"opponent_health":16,"my_armor":0,"opponent_armor":0,"my_hand":3,"opponent_hand":9,"my_board":[{"card_name":"Darnassus Aspirant","card_health":3,"card_attack":2},{"card_name":"Savage Combatant","card_health":4,"card_attack":5},{"card_name":"Sapling","card_health":1,"card_attack":1}],"opponent_board":[]},{"turn":8,"cards_played":["Flamewaker","The Coin","Armor Plating","Rusty Horn"],"current_player":"opponent","my_health":24,"opponent_health":16,"my_armor":0,"opponent_armor":0,"my_hand":3,"opponent_hand":6,"my_board":[{"card_name":"Darnassus Aspirant","card_health":2,"card_attack":2},{"card_name":"Savage Combatant","card_health":2,"card_attack":5}],"opponent_board":[{"card_name":"Flamewaker","card_health":5,"card_attack":2}]},{"turn":9,"cards_played":["Shapeshift","Keeper of the Grove","Moonfire"],"current_player":"me","my_health":23,"opponent_health":9,"my_armor":0,"opponent_armor":0,"my_hand":3,"opponent_hand":6,"my_board":[{"card_name":"Darnassus Aspirant","card_health":2,"card_attack":2},{"card_name":"Savage Combatant","card_health":2,"card_attack":5},{"card_name":"Keeper of the Grove","card_health":4,"card_attack":2}],"opponent_board":[]},{"turn":10,"cards_played":["Spellslinger","Flamecannon"],"current_player":"opponent","my_health":23,"opponent_health":9,"my_armor":0,"opponent_armor":0,"my_hand":4,"opponent_hand":6,"my_board":[{"card_name":"Darnassus Aspirant","card_health":2,"card_attack":2},{"card_name":"Keeper of the Grove","card_health":4,"card_attack":2}],"opponent_board":[{"card_name":"Spellslinger","card_health":4,"card_attack":3}]}],"result":"victory"}