{"plays":[{"turn":1,"cards_played":[],"current_player":"opponent","my_health":30,"opponent_health":0,"my_armor":0,"opponent_armor":0,"my_hand":1,"opponent_hand":0,"my_board":[],"opponent_board":[]},{"turn":2,"cards_played":[],"current_player":"opponent","my_health":30,"opponent_health":30,"my_armor":0,"opponent_armor":0,"my_hand":4,"opponent_hand":6,"my_board":[],"opponent_board":[]},{"turn":3,"cards_played":["Shapeshift"],"current_player":"me","my_health":30,"opponent_health":29,"my_armor":1,"opponent_armor":0,"my_hand":5,"opponent_hand":6,"my_board":[],"opponent_board":[]},{"turn":4,"cards_played":["Loot Hoarder"],"current_player":"opponent","my_health":30,"opponent_health":29,"my_armor":1,"opponent_armor":0,"my_hand":5,"opponent_hand":6,"my_board":[],"opponent_board":[{"card_name":"Loot Hoarder","card_health":1,"card_attack":2}]},{"turn":5,"cards_played":["Innervate","Loatheb"],"current_player":"me","my_health":30,"opponent_health":29,"my_armor":1,"opponent_armor":0,"my_hand":4,"opponent_hand":6,"my_board":[{"card_name":"Loatheb","card_health":5,"card_attack":5}],"opponent_board":[{"card_name":"Loot Hoarder","card_health":1,"card_attack":2}]},{"turn":6,"cards_played":["Fireblast","Fireblast"],"current_player":"opponent","my_health":29,"opponent_health":29,"my_armor":0,"opponent_armor":0,"my_hand":4,"opponent_hand":7,"my_board":[{"card_name":"Loatheb","card_health":4,"card_attack":5}],"opponent_board":[{"card_name":"Loot Hoarder","card_health":1,"card_attack":2}]},{"turn":7,"cards_played":["Piloted Shredder"],"current_player":"me","my_health":29,"opponent_health":24,"my_armor":0,"opponent_armor":0,"my_hand":4,"opponent_hand":7,"my_board":[{"card_name":"Loatheb","card_health":4,"card_attack":5},{"card_name":"Piloted Shredder","card_health":3,"card_attack":4}],"opponent_board":[{"card_name":"Loot Hoarder","card_health":1,"card_attack":2}]},{"turn":8,"cards_played":["Fireblast","Frostbolt"],"current_player":"opponent","my_health":27,"opponent_health":24,"my_armor":0,"opponent_armor":0,"my_hand":4,"opponent_hand":7,"my_board":[{"card_name":"Piloted Shredder","card_health":3,"card_attack":4}],"opponent_board":[{"card_name":"Loot Hoarder","card_health":1,"card_attack":2}]},{"turn":9,"cards_played":["Shapeshift"],"current_player":"me","my_health":26,"opponent_health":20,"my_armor":0,"opponent_armor":0,"my_hand":5,"opponent_hand":8,"my_board":[{"card_name":"Piloted Shredder","card_health":3,"card_attack":4}],"opponent_board":[]},{"turn":10,"cards_played":["Fireblast","Fireblast"],"current_player":"opponent","my_health":25,"opponent_health":20,"my_armor":0,"opponent_armor":0,"my_hand":5,"opponent_hand":8,"my_board":[{"card_name":"Piloted Shredder","card_health":3,"card_attack":4}],"opponent_board":[]},{"turn":11,"cards_played":["Shapeshift"],"current_player":"me","my_health":25,"opponent_health":15,"my_armor":1,"opponent_armor":0,"my_hand":6,"opponent_hand":8,"my_board":[{"card_name":"Piloted Shredder","card_health":3,"card_attack":4}],"opponent_board":[]},{"turn":12,"cards_played":["Arcane Intellect","Frostbolt"],"current_player":"opponent","my_health":25,"opponent_health":15,"my_armor":1,"opponent_armor":0,"my_hand":6,"opponent_hand":9,"my_board":[{"card_name":"Succubus","card_health":3,"card_attack":4}],"opponent_board":[]},{"turn":13,"cards_played":["Ancient of Lore"],"current_player":"me","my_health":25,"opponent_health":11,"my_armor":1,"opponent_armor":0,"my_hand":8,"opponent_hand":9,"my_board":[{"card_name":"Ancient of Lore","card_health":5,"card_attack":5},{"card_name":"Succubus","card_health":3,"card_attack":4}],"opponent_board":[]},{"turn":14,"cards_played":["Doomsayer","Frost Nova","Fireblast"],"current_player":"opponent","my_health":25,"opponent_health":11,"my_armor":0,"opponent_armor":0,"my_hand":8,"opponent_hand":8,"my_board":[{"card_name":"Ancient of Lore","card_health":5,"card_attack":5},{"card_name":"Succubus","card_health":3,"card_attack":4}],"opponent_board":[{"card_name":"Doomsayer","card_health":7,"card_attack":0}]},{"turn":15,"cards_played":["Swipe","Wrath","Wrath","Darnassus Aspirant"],"current_player":"me","my_health":25,"opponent_health":10,"my_armor":0,"opponent_armor":0,"my_hand":6,"opponent_hand":8,"my_board":[{"card_name":"Ancient of Lore","card_health":5,"card_attack":5},{"card_name":"Darnassus Aspirant","card_health":3,"card_attack":2},{"card_name":"Succubus","card_health":3,"card_attack":4}],"opponent_board":[]},{"turn":16,"cards_played":["The Coin","Alexstrasza"],"current_player":"opponent","my_health":25,"opponent_health":10,"my_armor":0,"opponent_armor":0,"my_hand":6,"opponent_hand":7,"my_board":[{"card_name":"Ancient of Lore","card_health":5,"card_attack":5},{"card_name":"Darnassus Aspirant","card_health":3,"card_attack":2},{"card_name":"Succubus","card_health":3,"card_attack":4}],"opponent_board":[{"card_name":"Alexstrasza","card_health":8,"card_attack":8}]},{"turn":17,"cards_played":["Ancient of Lore","Ancient Secrets","Savage Roar"],"current_player":"me","my_health":12,"opponent_health":3,"my_armor":0,"opponent_armor":0,"my_hand":5,"opponent_hand":7,"my_board":[{"card_name":"Ancient of Lore","card_health":5,"card_attack":7},{"card_name":"Ancient of Lore","card_health":5,"card_attack":7},{"card_name":"Darnassus Aspirant","card_health":3,"card_attack":4}],"opponent_board":[]},{"turn":18,"cards_played":["Blizzard"],"current_player":"opponent","my_health":12,"opponent_health":3,"my_armor":0,"opponent_armor":0,"my_hand":5,"opponent_hand":6,"my_board":[{"card_name":"Ancient of Lore","card_health":5,"card_attack":5},{"card_name":"Ancient of Lore","card_health":5,"card_attack":5},{"card_name":"Darnassus Aspirant","card_health":3,"card_attack":2}],"opponent_board":[]},{"turn":19,"cards_played":["Savage Combatant","Shapeshift"],"current_player":"me","my_health":12,"opponent_health":3,"my_armor":1,"opponent_armor":5,"my_hand":5,"opponent_hand":6,"my_board":[{"card_name":"Ancient of Lore","card_health":3,"card_attack":5},{"card_name":"Savage Combatant","card_health":4,"card_attack":5},{"card_name":"Ancient of Lore","card_health":3,"card_attack":5},{"card_name":"Darnassus Aspirant","card_health":1,"card_attack":2}],"opponent_board":[]},{"turn":20,"cards_played":["Archmage Antonidas"],"current_player":"opponent","my_health":12,"opponent_health":3,"my_armor":1,"opponent_armor":5,"my_hand":5,"opponent_hand":6,"my_board":[{"card_name":"Ancient of Lore","card_health":3,"card_attack":5},{"card_name":"Savage Combatant","card_health":4,"card_attack":5},{"card_name":"Ancient of Lore","card_health":3,"card_attack":5},{"card_name":"Darnassus Aspirant","card_health":1,"card_attack":2}],"opponent_board":[{"card_name":"Archmage Antonidas","card_health":7,"card_attack":5}]},{"turn":21,"cards_played":["Shapeshift"],"current_player":"me","my_health":12,"opponent_health":3,"my_armor":2,"opponent_armor":0,"my_hand":6,"opponent_hand":6,"my_board":[{"card_name":"Ancient of Lore","card_health":3,"card_attack":5},{"card_name":"Savage Combatant","card_health":4,"card_attack":5}],"opponent_board":[]},{"turn":22,"cards_played":["Fireball","Fireball","Ice Lance","Ice Lance"],"current_player":"opponent","my_health":-2,"opponent_health":3,"my_armor":0,"opponent_armor":0,"my_hand":6,"opponent_hand":3,"my_board":[{"card_name":"Ancient of Lore","card_health":3,"card_attack":5},{"card_name":"Savage Combatant","card_health":4,"card_attack":5}],"opponent_board":[]}],"result":"defeat"}