{"plays":[{"turn":1,"cards_played":[],"current_player":"me","my_health":0,"opponent_health":30,"my_armor":0,"opponent_armor":0,"my_hand":0,"opponent_hand":1,"my_board":[],"opponent_board":[]},{"turn":2,"cards_played":["Leper Gnome","The Coin","Wrath","Wrath"],"current_player":"me","my_health":30,"opponent_health":30,"my_armor":0,"opponent_armor":0,"my_hand":5,"opponent_hand":3,"my_board":[],"opponent_board":[]},{"turn":3,"cards_played":["Darnassus Aspirant"],"current_player":"opponent","my_health":28,"opponent_health":30,"my_armor":0,"opponent_armor":0,"my_hand":5,"opponent_hand":3,"my_board":[],"opponent_board":[{"card_name":"Darnassus Aspirant","card_health":3,"card_attack":2}]},{"turn":4,"cards_played":["Wild Growth"],"current_player":"me","my_health":28,"opponent_health":30,"my_armor":0,"opponent_armor":0,"my_hand":5,"opponent_hand":3,"my_board":[],"opponent_board":[{"card_name":"Darnassus Aspirant","card_health":3,"card_attack":2}]},{"turn":5,"cards_played":["Shade of Naxxramas","Living Roots"],"current_player":"opponent","my_health":26,"opponent_health":30,"my_armor":0,"opponent_armor":0,"my_hand":5,"opponent_hand":2,"my_board":[],"opponent_board":[{"card_name":"Darnassus Aspirant","card_health":3,"card_attack":2},{"card_name":"Shade of Naxxramas","card_health":2,"card_attack":2},{"card_name":"Sapling","card_health":1,"card_attack":1},{"card_name":"Sapling","card_health":1,"card_attack":1}]},{"turn":6,"cards_played":["Swipe"],"current_player":"me","my_health":26,"opponent_health":29,"my_armor":0,"opponent_armor":0,"my_hand":5,"opponent_hand":2,"my_board":[],"opponent_board":[{"card_name":"Shade of Naxxramas","card_health":1,"card_attack":2}]},{"turn":7,"cards_played":["Knife Juggler","Shapeshift"],"current_player":"opponent","my_health":22,"opponent_health":29,"my_armor":0,"opponent_armor":1,"my_hand":5,"opponent_hand":2,"my_board":[],"opponent_board":[{"card_name":"Shade of Naxxramas","card_health":2,"card_attack":3},{"card_name":"Knife Juggler","card_health":2,"card_attack":3}]},{"turn":8,"cards_played":["Keeper of the Grove","Moonfire"],"current_player":"me","my_health":22,"opponent_health":29,"my_armor":0,"opponent_armor":1,"my_hand":5,"opponent_hand":2,"my_board":[{"card_name":"Keeper of the Grove","card_health":4,"card_attack":2}],"opponent_board":[{"card_name":"Knife Juggler","card_health":2,"card_attack":3}]},{"turn":9,"cards_played":["Druid of the Claw"],"current_player":"opponent","my_health":19,"opponent_health":29,"my_armor":0,"opponent_armor":1,"my_hand":5,"opponent_hand":2,"my_board":[],"opponent_board":[{"card_name":"Knife Juggler","card_health":2,"card_attack":3},{"card_name":"Druid of the Claw","card_health":2,"card_attack":4}]},{"turn":10,"cards_played":["Shapeshift","Swipe"],"current_player":"me","my_health":17,"opponent_health":29,"my_armor":0,"opponent_armor":0,"my_hand":5,"opponent_hand":2,"my_board":[],"opponent_board":[]},{"turn":11,"cards_played":["Piloted Shredder","Living Roots"],"current_player":"opponent","my_health":17,"opponent_health":29,"my_armor":0,"opponent_armor":0,"my_hand":5,"opponent_hand":1,"my_board":[],"opponent_board":[{"card_name":"Piloted Shredder","card_health":3,"card_attack":4}]},{"turn":12,"cards_played":["Druid of the Claw","Shapeshift"],"current_player":"me","my_health":17,"opponent_health":29,"my_armor":0,"opponent_armor":0,"my_hand":5,"opponent_hand":1,"my_board":[{"card_name":"Druid of the Claw","card_health":6,"card_attack":4}],"opponent_board":[{"card_name":"Piloted Shredder","card_health":3,"card_attack":4},{"card_name":"Sapling","card_health":1,"card_attack":1}]},{"turn":13,"cards_played":["Dr. Boom"],"current_player":"opponent","my_health":17,"opponent_health":29,"my_armor":0,"opponent_armor":0,"my_hand":5,"opponent_hand":1,"my_board":[{"card_name":"Druid of the Claw","card_health":6,"card_attack":4}],"opponent_board":[{"card_name":"Dr. Boom","card_health":7,"card_attack":7},{"card_name":"Piloted Shredder","card_health":3,"card_attack":4},{"card_name":"Sapling","card_health":1,"card_attack":1}]},{"turn":14,"cards_played":["Emperor Thaurissan","Wrath","Wrath"],"current_player":"me","my_health":17,"opponent_health":29,"my_armor":0,"opponent_armor":0,"my_hand":4,"opponent_hand":1,"my_board":[{"card_name":"Emperor Thaurissan","card_health":5,"card_attack":5},{"card_name":"Druid of the Claw","card_health":5,"card_attack":4}],"opponent_board":[{"card_name":"Dr. Boom","card_health":7,"card_attack":7},{"card_name":"Boom Bot","card_health":1,"card_attack":1},{"card_name":"Boom Bot","card_health":1,"card_attack":1},{"card_name":"Haunted Creeper","card_health":2,"card_attack":1}]},{"turn":15,"cards_played":["Savage Roar"],"current_player":"opponent","my_health":-1,"opponent_health":25,"my_armor":0,"opponent_armor":0,"my_hand":4,"opponent_hand":1,"my_board":[{"card_name":"Emperor Thaurissan","card_health":5,"card_attack":5}],"opponent_board":[{"card_name":"Dr. Boom","card_health":7,"card_attack":9},{"card_name":"Boom Bot","card_health":1,"card_attack":3},{"card_name":"Haunted Creeper","card_health":2,"card_attack":3}]}],"result":"defeat"}