{"plays":[{"turn":1,"cards_played":[],"current_player":"me","my_health":0,"opponent_health":30,"my_armor":0,"opponent_armor":0,"my_hand":0,"opponent_hand":1,"my_board":[],"opponent_board":[]},{"turn":2,"cards_played":["Mana Wyrm","The Coin","Darnassus Aspirant"],"current_player":"me","my_health":30,"opponent_health":30,"my_armor":0,"opponent_armor":0,"my_hand":4,"opponent_hand":3,"my_board":[{"card_name":"Darnassus Aspirant","card_health":3,"card_attack":2}],"opponent_board":[{"card_name":"Mana Wyrm","card_health":3,"card_attack":1}]},{"turn":3,"cards_played":["Flamecannon"],"current_player":"opponent","my_health":28,"opponent_health":30,"my_armor":0,"opponent_armor":0,"my_hand":4,"opponent_hand":3,"my_board":[],"opponent_board":[{"card_name":"Mana Wyrm","card_health":3,"card_attack":2}]},{"turn":4,"cards_played":["Wild Growth"],"current_player":"me","my_health":28,"opponent_health":30,"my_armor":0,"opponent_armor":0,"my_hand":4,"opponent_hand":3,"my_board":[],"opponent_board":[{"card_name":"Mana Wyrm","card_health":3,"card_attack":2}]},{"turn":5,"cards_played":["Mad Scientist"],"current_player":"opponent","my_health":26,"opponent_health":30,"my_armor":0,"opponent_armor":0,"my_hand":4,"opponent_hand":3,"my_board":[],"opponent_board":[{"card_name":"Mana Wyrm","card_health":3,"card_attack":2},{"card_name":"Mad Scientist","card_health":2,"card_attack":2}]},{"turn":6,"cards_played":["Wrath","Wrath","Shapeshift"],"current_player":"me","my_health":26,"opponent_health":29,"my_armor":1,"opponent_armor":0,"my_hand":4,"opponent_hand":3,"my_board":[],"opponent_board":[{"card_name":"Mad Scientist","card_health":2,"card_attack":2}]},{"turn":7,"cards_played":[],"current_player":"opponent","my_health":25,"opponent_health":29,"my_armor":0,"opponent_armor":0,"my_hand":4,"opponent_hand":3,"my_board":[],"opponent_board":[{"card_name":"Mad Scientist","card_health":2,"card_attack":2}]},{"turn":8,"cards_played":["Keeper of the Grove","Moonfire","Living Roots"],"current_player":"me","my_health":25,"opponent_health":29,"my_armor":0,"opponent_armor":0,"my_hand":3,"opponent_hand":3,"my_board":[{"card_name":"Keeper of the Grove","card_health":4,"card_attack":2}],"opponent_board":[{"card_name":"Keeper of the Grove","card_health":4,"card_attack":2}]},{"turn":9,"cards_played":["Frostbolt","Fireblast","Fireblast"],"current_player":"opponent","my_health":25,"opponent_health":29,"my_armor":0,"opponent_armor":0,"my_hand":3,"opponent_hand":3,"my_board":[{"card_name":"Keeper of the Grove","card_health":1,"card_attack":2}],"opponent_board":[{"card_name":"Keeper of the Grove","card_health":3,"card_attack":2}]},{"turn":10,"cards_played":["Piloted Shredder","Shapeshift"],"current_player":"me","my_health":25,"opponent_health":28,"my_armor":1,"opponent_armor":0,"my_hand":3,"opponent_hand":3,"my_board":[{"card_name":"Keeper of the Grove","card_health":1,"card_attack":2},{"card_name":"Piloted Shredder","card_health":3,"card_attack":4}],"opponent_board":[{"card_name":"Keeper of the Grove","card_health":3,"card_attack":2}]},{"turn":11,"cards_played":["Fireblast","Fireblast"],"current_player":"opponent","my_health":25,"opponent_health":28,"my_armor":1,"opponent_armor":0,"my_hand":3,"opponent_hand":4,"my_board":[{"card_name":"Keeper of the Grove","card_health":1,"card_attack":2}],"opponent_board":[]},{"turn":12,"cards_played":["Ancient of Lore"],"current_player":"me","my_health":25,"opponent_health":22,"my_armor":1,"opponent_armor":0,"my_hand":5,"opponent_hand":4,"my_board":[{"card_name":"Keeper of the Grove","card_health":1,"card_attack":2},{"card_name":"Ancient of Lore","card_health":5,"card_attack":5},{"card_name":"Succubus","card_health":3,"card_attack":4}],"opponent_board":[]},{"turn":13,"cards_played":["Archmage Antonidas"],"current_player":"opponent","my_health":25,"opponent_health":22,"my_armor":1,"opponent_armor":0,"my_hand":5,"opponent_hand":4,"my_board":[{"card_name":"Keeper of the Grove","card_health":1,"card_attack":2},{"card_name":"Ancient of Lore","card_health":5,"card_attack":5},{"card_name":"Succubus","card_health":3,"card_attack":4}],"opponent_board":[{"card_name":"Archmage Antonidas","card_health":7,"card_attack":5}]},{"turn":14,"cards_played":["Savage Combatant","Shapeshift","Wild Growth"],"current_player":"me","my_health":22,"opponent_health":15,"my_armor":0,"opponent_armor":0,"my_hand":4,"opponent_hand":4,"my_board":[{"card_name":"Keeper of the Grove","card_health":1,"card_attack":2},{"card_name":"Savage Combatant","card_health":4,"card_attack":5},{"card_name":"Ancient of Lore","card_health":5,"card_attack":5}],"opponent_board":[{"card_name":"Dr. Boom","card_health":7,"card_attack":7}]},{"turn":15,"cards_played":["Fireblast","Fireblast","Flamecannon"],"current_player":"opponent","my_health":22,"opponent_health":15,"my_armor":0,"opponent_armor":0,"my_hand":4,"opponent_hand":3,"my_board":[],"opponent_board":[{"card_name":"Dr. Boom","card_health":2,"card_attack":7}]},{"turn":16,"cards_played":["Azure Drake","Azure Drake"],"current_player":"me","my_health":22,"opponent_health":15,"my_armor":0,"opponent_armor":0,"my_hand":5,"opponent_hand":3,"my_board":[{"card_name":"Azure Drake","card_health":4,"card_attack":4},{"card_name":"Azure Drake","card_health":4,"card_attack":4}],"opponent_board":[{"card_name":"Dr. Boom","card_health":2,"card_attack":7}]},{"turn":17,"cards_played":["Unstable Portal","Flamestrike"],"current_player":"opponent","my_health":15,"opponent_health":15,"my_armor":0,"opponent_armor":0,"my_hand":5,"opponent_hand":3,"my_board":[],"opponent_board":[{"card_name":"Dr. Boom","card_health":2,"card_attack":7}]},{"turn":18,"cards_played":["Swipe","Force of Nature"],"current_player":"me","my_health":15,"opponent_health":14,"my_armor":0,"opponent_armor":0,"my_hand":4,"opponent_hand":3,"my_board":[],"opponent_board":[]},{"turn":19,"cards_played":["Rhonin","Fireblast","Fireblast"],"current_player":"opponent","my_health":14,"opponent_health":14,"my_armor":0,"opponent_armor":0,"my_hand":4,"opponent_hand":3,"my_board":[],"opponent_board":[{"card_name":"Rhonin","card_health":7,"card_attack":7}]},{"turn":20,"cards_played":["Druid of the Claw","Druid of the Claw"],"current_player":"me","my_health":14,"opponent_health":10,"my_armor":0,"opponent_armor":0,"my_hand":3,"opponent_hand":3,"my_board":[{"card_name":"Druid of the Claw","card_health":6,"card_attack":4},{"card_name":"Druid of the Claw","card_health":4,"card_attack":4}],"opponent_board":[{"card_name":"Rhonin","card_health":7,"card_attack":7}]},{"turn":21,"cards_played":["Big Game Hunter","Mana Wyrm","Core Hound","Sorcerer's Apprentice","Arcane Missiles","Arcane Missiles","Arcane Missiles"],"current_player":"opponent","my_health":9,"opponent_health":10,"my_armor":0,"opponent_armor":0,"my_hand":3,"opponent_hand":0,"my_board":[{"card_name":"Druid of the Claw","card_health":3,"card_attack":4}],"opponent_board":[{"card_name":"Mana Wyrm","card_health":3,"card_attack":3},{"card_name":"Sorcerer's Apprentice","card_health":2,"card_attack":3},{"card_name":"Big Game Hunter","card_health":2,"card_attack":4},{"card_name":"Core Hound","card_health":5,"card_attack":9}]},{"turn":22,"cards_played":["Keeper of the Grove","Moonfire","Force of Nature"],"current_player":"me","my_health":7,"opponent_health":6,"my_armor":0,"opponent_armor":0,"my_hand":2,"opponent_hand":0,"my_board":[{"card_name":"Keeper of the Grove","card_health":4,"card_attack":2},{"card_name":"Druid of the Claw","card_health":2,"card_attack":4},{"card_name":"Treant","card_health":2,"card_attack":2},{"card_name":"Treant","card_health":2,"card_attack":2},{"card_name":"Treant","card_health":2,"card_attack":2}],"opponent_board":[{"card_name":"Mana Wyrm","card_health":3,"card_attack":4},{"card_name":"Sorcerer's Apprentice","card_health":2,"card_attack":3},{"card_name":"Core Hound","card_health":5,"card_attack":9}]}],"result":"victory"}