{"plays":[{"turn":1,"cards_played":[],"current_player":"me","my_health":0,"opponent_health":30,"my_armor":0,"opponent_armor":0,"my_hand":0,"opponent_hand":1,"my_board":[],"opponent_board":[]},{"turn":2,"cards_played":["The Coin","Wild Growth"],"current_player":"me","my_health":30,"opponent_health":30,"my_armor":0,"opponent_armor":0,"my_hand":4,"opponent_hand":3,"my_board":[],"opponent_board":[]},{"turn":3,"cards_played":["Annoy-o-Tron"],"current_player":"opponent","my_health":30,"opponent_health":30,"my_armor":0,"opponent_armor":0,"my_hand":4,"opponent_hand":3,"my_board":[],"opponent_board":[{"card_name":"Annoy-o-Tron","card_health":2,"card_attack":1}]},{"turn":4,"cards_played":["Wrath","Wrath"],"current_player":"me","my_health":30,"opponent_health":30,"my_armor":0,"opponent_armor":0,"my_hand":5,"opponent_hand":3,"my_board":[],"opponent_board":[{"card_name":"Annoy-o-Tron","card_health":2,"card_attack":1}]},{"turn":5,"cards_played":["Knife Juggler","Abusive Sergeant"],"current_player":"opponent","my_health":26,"opponent_health":30,"my_armor":0,"opponent_armor":0,"my_hand":5,"opponent_hand":2,"my_board":[],"opponent_board":[{"card_name":"Abusive Sergeant","card_health":1,"card_attack":2},{"card_name":"Knife Juggler","card_health":2,"card_attack":3},{"card_name":"Annoy-o-Tron","card_health":2,"card_attack":3}]},{"turn":6,"cards_played":["Piloted Shredder"],"current_player":"me","my_health":26,"opponent_health":30,"my_armor":0,"opponent_armor":0,"my_hand":5,"opponent_hand":2,"my_board":[{"card_name":"Piloted Shredder","card_health":3,"card_attack":4}],"opponent_board":[{"card_name":"Abusive Sergeant","card_health":1,"card_attack":2},{"card_name":"Knife Juggler","card_health":2,"card_attack":3},{"card_name":"Annoy-o-Tron","card_health":2,"card_attack":1}]},{"turn":7,"cards_played":["Leper Gnome","Reinforce"],"current_player":"opponent","my_health":25,"opponent_health":30,"my_armor":0,"opponent_armor":0,"my_hand":5,"opponent_hand":1,"my_board":[],"opponent_board":[{"card_name":"Knife Juggler","card_health":1,"card_attack":3},{"card_name":"Leper Gnome","card_health":1,"card_attack":2},{"card_name":"Annoy-o-Tron","card_health":2,"card_attack":1},{"card_name":"Silver Hand Recruit","card_health":1,"card_attack":1}]},{"turn":8,"cards_played":["Azure Drake"],"current_player":"me","my_health":25,"opponent_health":30,"my_armor":0,"opponent_armor":0,"my_hand":6,"opponent_hand":1,"my_board":[{"card_name":"Azure Drake","card_health":4,"card_attack":4}],"opponent_board":[{"card_name":"Knife Juggler","card_health":1,"card_attack":3},{"card_name":"Leper Gnome","card_health":1,"card_attack":2},{"card_name":"Annoy-o-Tron","card_health":2,"card_attack":1},{"card_name":"Silver Hand Recruit","card_health":1,"card_attack":1}]},{"turn":9,"cards_played":["Shielded Minibot","Divine Favor"],"current_player":"opponent","my_health":18,"opponent_health":30,"my_armor":0,"opponent_armor":0,"my_hand":6,"opponent_hand":6,"my_board":[],"opponent_board":[{"card_name":"Knife Juggler","card_health":1,"card_attack":3},{"card_name":"Shielded Minibot","card_health":2,"card_attack":2},{"card_name":"Leper Gnome","card_health":1,"card_attack":2},{"card_name":"Annoy-o-Tron","card_health":2,"card_attack":1}]},{"turn":10,"cards_played":["Emperor Thaurissan"],"current_player":"me","my_health":18,"opponent_health":30,"my_armor":0,"opponent_armor":0,"my_hand":6,"opponent_hand":6,"my_board":[{"card_name":"Emperor Thaurissan","card_health":5,"card_attack":5}],"opponent_board":[{"card_name":"Knife Juggler","card_health":1,"card_attack":3},{"card_name":"Shielded Minibot","card_health":2,"card_attack":2},{"card_name":"Leper Gnome","card_health":1,"card_attack":2},{"card_name":"Annoy-o-Tron","card_health":2,"card_attack":1}]},{"turn":11,"cards_played":["Truesilver Champion","Argent Squire"],"current_player":"opponent","my_health":9,"opponent_health":25,"my_armor":0,"opponent_armor":0,"my_hand":6,"opponent_hand":4,"my_board":[],"opponent_board":[{"card_name":"Argent Squire","card_health":1,"card_attack":1},{"card_name":"Knife Juggler","card_health":1,"card_attack":3},{"card_name":"Shielded Minibot","card_health":2,"card_attack":2},{"card_name":"Annoy-o-Tron","card_health":2,"card_attack":1}]},{"turn":12,"cards_played":["Druid of the Claw","Living Roots","Living Roots","Shapeshift"],"current_player":"me","my_health":8,"opponent_health":25,"my_armor":0,"opponent_armor":0,"my_hand":5,"opponent_hand":4,"my_board":[{"card_name":"Druid of the Claw","card_health":6,"card_attack":4}],"opponent_board":[{"card_name":"Argent Squire","card_health":1,"card_attack":1},{"card_name":"Knife Juggler","card_health":1,"card_attack":3},{"card_name":"Shielded Minibot","card_health":2,"card_attack":2},{"card_name":"Annoy-o-Tron","card_health":1,"card_attack":1}]},{"turn":13,"cards_played":[],"current_player":"opponent","my_health":8,"opponent_health":25,"my_armor":0,"opponent_armor":0,"my_hand":5,"opponent_hand":5,"my_board":[{"card_name":"Druid of the Claw","card_health":6,"card_attack":4}],"opponent_board":[{"card_name":"Argent Squire","card_health":2,"card_attack":2},{"card_name":"Knife Juggler","card_health":2,"card_attack":4},{"card_name":"Shielded Minibot","card_health":3,"card_attack":3},{"card_name":"Annoy-o-Tron","card_health":2,"card_attack":2}]}],"result":"defeat"}