{"plays":[{"turn":1,"cards_played":[],"current_player":"me","my_health":0,"opponent_health":30,"my_armor":0,"opponent_armor":0,"my_hand":0,"opponent_hand":1,"my_board":[],"opponent_board":[]},{"turn":2,"cards_played":[],"current_player":"opponent","my_health":30,"opponent_health":30,"my_armor":0,"opponent_armor":0,"my_hand":4,"opponent_hand":6,"my_board":[],"opponent_board":[]},{"turn":3,"cards_played":["Darnassus Aspirant"],"current_player":"me","my_health":30,"opponent_health":30,"my_armor":0,"opponent_armor":0,"my_hand":4,"opponent_hand":6,"my_board":[{"card_name":"Darnassus Aspirant","card_health":3,"card_attack":2}],"opponent_board":[]},{"turn":4,"cards_played":["The Coin","Mind Control Tech"],"current_player":"opponent","my_health":30,"opponent_health":30,"my_armor":0,"opponent_armor":0,"my_hand":4,"opponent_hand":5,"my_board":[{"card_name":"Darnassus Aspirant","card_health":3,"card_attack":2}],"opponent_board":[{"card_name":"Mind Control Tech","card_health":3,"card_attack":3}]},{"turn":5,"cards_played":["Wrath","Wrath","Innervate","Piloted Shredder"],"current_player":"me","my_health":30,"opponent_health":28,"my_armor":0,"opponent_armor":0,"my_hand":2,"opponent_hand":5,"my_board":[{"card_name":"Piloted Shredder","card_health":3,"card_attack":4},{"card_name":"Darnassus Aspirant","card_health":3,"card_attack":2}],"opponent_board":[]},{"turn":6,"cards_played":["Earthen Ring Farseer"],"current_player":"opponent","my_health":30,"opponent_health":28,"my_armor":0,"opponent_armor":0,"my_hand":2,"opponent_hand":5,"my_board":[{"card_name":"Piloted Shredder","card_health":3,"card_attack":4},{"card_name":"Darnassus Aspirant","card_health":3,"card_attack":2}],"opponent_board":[{"card_name":"Earthen Ring Farseer","card_health":3,"card_attack":3}]},{"turn":7,"cards_played":["Azure Drake"],"current_player":"me","my_health":30,"opponent_health":28,"my_armor":0,"opponent_armor":0,"my_hand":3,"opponent_hand":5,"my_board":[{"card_name":"Azure Drake","card_health":4,"card_attack":4},{"card_name":"Darnassus Aspirant","card_health":3,"card_attack":2},{"card_name":"Millhouse Manastorm","card_health":4,"card_attack":4}],"opponent_board":[]},{"turn":8,"cards_played":["Life Tap","Darkbomb"],"current_player":"opponent","my_health":30,"opponent_health":26,"my_armor":0,"opponent_armor":0,"my_hand":3,"opponent_hand":6,"my_board":[{"card_name":"Azure Drake","card_health":4,"card_attack":4},{"card_name":"Millhouse Manastorm","card_health":4,"card_attack":4}],"opponent_board":[]},{"turn":9,"cards_played":["Wild Growth","Shapeshift"],"current_player":"me","my_health":30,"opponent_health":17,"my_armor":1,"opponent_armor":0,"my_hand":3,"opponent_hand":6,"my_board":[{"card_name":"Azure Drake","card_health":4,"card_attack":4},{"card_name":"Millhouse Manastorm","card_health":4,"card_attack":4}],"opponent_board":[]},{"turn":10,"cards_played":["Sludge Belcher"],"current_player":"opponent","my_health":30,"opponent_health":17,"my_armor":1,"opponent_armor":0,"my_hand":3,"opponent_hand":6,"my_board":[{"card_name":"Azure Drake","card_health":4,"card_attack":4},{"card_name":"Millhouse Manastorm","card_health":4,"card_attack":4}],"opponent_board":[{"card_name":"Sludge Belcher","card_health":5,"card_attack":3}]},{"turn":11,"cards_played":["Druid of the Claw","Shapeshift"],"current_player":"me","my_health":29,"opponent_health":13,"my_armor":0,"opponent_armor":0,"my_hand":3,"opponent_hand":6,"my_board":[{"card_name":"Azure Drake","card_health":4,"card_attack":4},{"card_name":"Millhouse Manastorm","card_health":1,"card_attack":4},{"card_name":"Druid of the Claw","card_health":3,"card_attack":4}],"opponent_board":[]},{"turn":12,"cards_played":["Hellfire","Mortal Coil"],"current_player":"opponent","my_health":26,"opponent_health":10,"my_armor":0,"opponent_armor":0,"my_hand":3,"opponent_hand":6,"my_board":[],"opponent_board":[]},{"turn":13,"cards_played":["Keeper of the Grove","Moonfire","Shapeshift"],"current_player":"me","my_health":26,"opponent_health":7,"my_armor":1,"opponent_armor":0,"my_hand":3,"opponent_hand":6,"my_board":[{"card_name":"Keeper of the Grove","card_health":4,"card_attack":2}],"opponent_board":[]},{"turn":14,"cards_played":["Sylvanas Windrunner"],"current_player":"opponent","my_health":26,"opponent_health":7,"my_armor":1,"opponent_armor":0,"my_hand":3,"opponent_hand":6,"my_board":[{"card_name":"Keeper of the Grove","card_health":4,"card_attack":2}],"opponent_board":[{"card_name":"Sylvanas Windrunner","card_health":5,"card_attack":5}]},{"turn":15,"cards_played":["Force of Nature"],"current_player":"me","my_health":26,"opponent_health":7,"my_armor":1,"opponent_armor":0,"my_hand":3,"opponent_hand":6,"my_board":[{"card_name":"Keeper of the Grove","card_health":4,"card_attack":2},{"card_name":"Treant","card_health":2,"card_attack":2},{"card_name":"Treant","card_health":2,"card_attack":2},{"card_name":"Treant","card_health":2,"card_attack":2}],"opponent_board":[{"card_name":"Sylvanas Windrunner","card_health":5,"card_attack":5}]}],"result":"victory"}