{"plays":[{"turn":1,"cards_played":[],"current_player":"me","my_health":0,"opponent_health":30,"my_armor":0,"opponent_armor":0,"my_hand":0,"opponent_hand":1,"my_board":[],"opponent_board":[]},{"turn":2,"cards_played":["The Coin","Innervate","Piloted Shredder"],"current_player":"me","my_health":30,"opponent_health":30,"my_armor":0,"opponent_armor":0,"my_hand":3,"opponent_hand":4,"my_board":[{"card_name":"Piloted Shredder","card_health":3,"card_attack":4}],"opponent_board":[]},{"turn":3,"cards_played":["Armor Up!"],"current_player":"opponent","my_health":30,"opponent_health":30,"my_armor":0,"opponent_armor":2,"my_hand":3,"opponent_hand":5,"my_board":[{"card_name":"Piloted Shredder","card_health":3,"card_attack":4}],"opponent_board":[]},{"turn":4,"cards_played":["Wild Growth"],"current_player":"me","my_health":30,"opponent_health":28,"my_armor":0,"opponent_armor":0,"my_hand":3,"opponent_hand":5,"my_board":[{"card_name":"Piloted Shredder","card_health":3,"card_attack":4}],"opponent_board":[]},{"turn":5,"cards_played":["Acolyte of Pain"],"current_player":"opponent","my_health":30,"opponent_health":28,"my_armor":0,"opponent_armor":0,"my_hand":3,"opponent_hand":5,"my_board":[{"card_name":"Piloted Shredder","card_health":3,"card_attack":4}],"opponent_board":[{"card_name":"Acolyte of Pain","card_health":3,"card_attack":1}]},{"turn":6,"cards_played":["Wrath","Wrath","Shapeshift"],"current_player":"me","my_health":30,"opponent_health":23,"my_armor":1,"opponent_armor":0,"my_hand":3,"opponent_hand":6,"my_board":[{"card_name":"Piloted Shredder","card_health":3,"card_attack":4}],"opponent_board":[]},{"turn":7,"cards_played":["Gnomish Inventor"],"current_player":"opponent","my_health":30,"opponent_health":23,"my_armor":1,"opponent_armor":0,"my_hand":3,"opponent_hand":7,"my_board":[{"card_name":"Piloted Shredder","card_health":3,"card_attack":4}],"opponent_board":[{"card_name":"Gnomish Inventor","card_health":4,"card_attack":2}]},{"turn":8,"cards_played":["Druid of the Claw"],"current_player":"me","my_health":30,"opponent_health":23,"my_armor":1,"opponent_armor":0,"my_hand":3,"opponent_hand":7,"my_board":[{"card_name":"Piloted Shredder","card_health":1,"card_attack":4},{"card_name":"Druid of the Claw","card_health":6,"card_attack":4}],"opponent_board":[]},{"turn":9,"cards_played":["Unstable Ghoul","Armorsmith","Whirlwind"],"current_player":"opponent","my_health":30,"opponent_health":23,"my_armor":1,"opponent_armor":2,"my_hand":3,"opponent_hand":5,"my_board":[{"card_name":"Druid of the Claw","card_health":5,"card_attack":4}],"opponent_board":[{"card_name":"Armorsmith","card_health":3,"card_attack":1},{"card_name":"Unstable Ghoul","card_health":2,"card_attack":1}]},{"turn":10,"cards_played":["Keeper of the Grove","Dispel","Shapeshift"],"current_player":"me","my_health":30,"opponent_health":21,"my_armor":2,"opponent_armor":0,"my_hand":3,"opponent_hand":5,"my_board":[{"card_name":"Keeper of the Grove","card_health":4,"card_attack":2},{"card_name":"Druid of the Claw","card_health":4,"card_attack":4},{"card_name":"Succubus","card_health":3,"card_attack":4}],"opponent_board":[{"card_name":"Unstable Ghoul","card_health":2,"card_attack":1}]},{"turn":11,"cards_played":["Battle Rage","Unstable Ghoul","Slam"],"current_player":"opponent","my_health":30,"opponent_health":21,"my_armor":2,"opponent_armor":0,"my_hand":3,"opponent_hand":6,"my_board":[{"card_name":"Keeper of the Grove","card_health":4,"card_attack":2},{"card_name":"Druid of the Claw","card_health":1,"card_attack":4},{"card_name":"Succubus","card_health":3,"card_attack":4}],"opponent_board":[{"card_name":"Unstable Ghoul","card_health":3,"card_attack":1}]},{"turn":12,"cards_played":["Ancient of Lore"],"current_player":"me","my_health":30,"opponent_health":15,"my_armor":2,"opponent_armor":0,"my_hand":5,"opponent_hand":6,"my_board":[{"card_name":"Ancient of Lore","card_health":5,"card_attack":5},{"card_name":"Keeper of the Grove","card_health":3,"card_attack":2},{"card_name":"Succubus","card_health":2,"card_attack":4}],"opponent_board":[]},{"turn":13,"cards_played":["Emperor Thaurissan"],"current_player":"opponent","my_health":30,"opponent_health":15,"my_armor":2,"opponent_armor":0,"my_hand":5,"opponent_hand":6,"my_board":[{"card_name":"Ancient of Lore","card_health":5,"card_attack":5},{"card_name":"Keeper of the Grove","card_health":3,"card_attack":2},{"card_name":"Succubus","card_health":2,"card_attack":4}],"opponent_board":[{"card_name":"Emperor Thaurissan","card_health":5,"card_attack":5}]},{"turn":14,"cards_played":["Swipe"],"current_player":"me","my_health":30,"opponent_health":0,"my_armor":2,"opponent_armor":0,"my_hand":5,"opponent_hand":6,"my_board":[{"card_name":"Ancient of Lore","card_health":5,"card_attack":5},{"card_name":"Keeper of the Grove","card_health":3,"card_attack":2},{"card_name":"Succubus","card_health":2,"card_attack":4}],"opponent_board":[{"card_name":"Emperor Thaurissan","card_health":4,"card_attack":5}]}],"result":"victory"}