{"plays":[{"turn":1,"cards_played":[],"current_player":"me","my_health":0,"opponent_health":30,"my_armor":0,"opponent_armor":0,"my_hand":0,"opponent_hand":1,"my_board":[],"opponent_board":[]},{"turn":2,"cards_played":[],"current_player":"opponent","my_health":30,"opponent_health":30,"my_armor":0,"opponent_armor":0,"my_hand":4,"opponent_hand":6,"my_board":[],"opponent_board":[]},{"turn":3,"cards_played":["Darnassus Aspirant"],"current_player":"me","my_health":30,"opponent_health":30,"my_armor":0,"opponent_armor":0,"my_hand":4,"opponent_hand":6,"my_board":[{"card_name":"Darnassus Aspirant","card_health":3,"card_attack":2}],"opponent_board":[]},{"turn":4,"cards_played":["Fiery War Axe"],"current_player":"opponent","my_health":30,"opponent_health":28,"my_armor":0,"opponent_armor":0,"my_hand":4,"opponent_hand":6,"my_board":[],"opponent_board":[]},{"turn":5,"cards_played":["Wild Growth"],"current_player":"me","my_health":30,"opponent_health":28,"my_armor":0,"opponent_armor":0,"my_hand":4,"opponent_hand":6,"my_board":[],"opponent_board":[]},{"turn":6,"cards_played":["Shield Block"],"current_player":"opponent","my_health":30,"opponent_health":28,"my_armor":0,"opponent_armor":5,"my_hand":4,"opponent_hand":7,"my_board":[],"opponent_board":[]},{"turn":7,"cards_played":["Loatheb"],"current_player":"me","my_health":30,"opponent_health":28,"my_armor":0,"opponent_armor":5,"my_hand":4,"opponent_hand":7,"my_board":[{"card_name":"Loatheb","card_health":5,"card_attack":5}],"opponent_board":[]},{"turn":8,"cards_played":["Armorsmith","Armor Up!"],"current_player":"opponent","my_health":30,"opponent_health":28,"my_armor":0,"opponent_armor":7,"my_hand":4,"opponent_hand":7,"my_board":[{"card_name":"Loatheb","card_health":5,"card_attack":5}],"opponent_board":[{"card_name":"Armorsmith","card_health":4,"card_attack":1}]},{"turn":9,"cards_played":["Emperor Thaurissan"],"current_player":"me","my_health":30,"opponent_health":28,"my_armor":0,"opponent_armor":8,"my_hand":4,"opponent_hand":7,"my_board":[{"card_name":"Emperor Thaurissan","card_health":5,"card_attack":5},{"card_name":"Loatheb","card_health":4,"card_attack":5}],"opponent_board":[]},{"turn":10,"cards_played":["Slam","Execute","Battle Rage"],"current_player":"opponent","my_health":30,"opponent_health":28,"my_armor":0,"opponent_armor":3,"my_hand":4,"opponent_hand":7,"my_board":[],"opponent_board":[]},{"turn":11,"cards_played":["Ancient of Lore","Darnassus Aspirant"],"current_player":"me","my_health":30,"opponent_health":28,"my_armor":0,"opponent_armor":3,"my_hand":5,"opponent_hand":7,"my_board":[{"card_name":"Darnassus Aspirant","card_health":3,"card_attack":2},{"card_name":"Ancient of Lore","card_health":5,"card_attack":5}],"opponent_board":[]},{"turn":12,"cards_played":["Acolyte of Pain","Inner Rage","Battle Rage"],"current_player":"opponent","my_health":30,"opponent_health":28,"my_armor":0,"opponent_armor":3,"my_hand":5,"opponent_hand":8,"my_board":[{"card_name":"Darnassus Aspirant","card_health":3,"card_attack":2},{"card_name":"Ancient of Lore","card_health":5,"card_attack":5}],"opponent_board":[{"card_name":"Acolyte of Pain","card_health":2,"card_attack":3}]},{"turn":13,"cards_played":["Piloted Shredder","Shapeshift"],"current_player":"me","my_health":30,"opponent_health":28,"my_armor":1,"opponent_armor":0,"my_hand":5,"opponent_hand":9,"my_board":[{"card_name":"Darnassus Aspirant","card_health":3,"card_attack":2},{"card_name":"Piloted Shredder","card_health":3,"card_attack":4},{"card_name":"Ancient of Lore","card_health":2,"card_attack":5}],"opponent_board":[]},{"turn":14,"cards_played":["Emperor Thaurissan","The Coin","Slam"],"current_player":"opponent","my_health":30,"opponent_health":28,"my_armor":1,"opponent_armor":0,"my_hand":5,"opponent_hand":7,"my_board":[{"card_name":"Darnassus Aspirant","card_health":3,"card_attack":2},{"card_name":"Piloted Shredder","card_health":3,"card_attack":4}],"opponent_board":[{"card_name":"Emperor Thaurissan","card_health":5,"card_attack":5}]},{"turn":15,"cards_played":["Force of Nature","Savage Roar","Innervate","Swipe"],"current_player":"me","my_health":30,"opponent_health":0,"my_armor":1,"opponent_armor":0,"my_hand":2,"opponent_hand":7,"my_board":[{"card_name":"Darnassus Aspirant","card_health":3,"card_attack":4},{"card_name":"Piloted Shredder","card_health":3,"card_attack":6},{"card_name":"Treant","card_health":2,"card_attack":4},{"card_name":"Treant","card_health":2,"card_attack":4},{"card_name":"Treant","card_health":2,"card_attack":4}],"opponent_board":[{"card_name":"Emperor Thaurissan","card_health":4,"card_attack":5}]}],"result":"victory"}