{"plays":[{"turn":1,"cards_played":[],"current_player":"opponent","my_health":0,"opponent_health":0,"my_armor":0,"opponent_armor":0,"my_hand":3,"opponent_hand":1,"my_board":[],"opponent_board":[]},{"turn":2,"cards_played":["Argent Squire"],"current_player":"opponent","my_health":30,"opponent_health":30,"my_armor":0,"opponent_armor":0,"my_hand":4,"opponent_hand":5,"my_board":[],"opponent_board":[{"card_name":"Argent Squire","card_health":1,"card_attack":1}]},{"turn":3,"cards_played":[],"current_player":"me","my_health":30,"opponent_health":30,"my_armor":0,"opponent_armor":0,"my_hand":4,"opponent_hand":5,"my_board":[],"opponent_board":[{"card_name":"Argent Squire","card_health":1,"card_attack":1}]},{"turn":4,"cards_played":["The Coin","Argent Horserider"],"current_player":"opponent","my_health":29,"opponent_health":30,"my_armor":0,"opponent_armor":0,"my_hand":4,"opponent_hand":5,"my_board":[],"opponent_board":[{"card_name":"Argent Squire","card_health":1,"card_attack":1}]},{"turn":5,"cards_played":["Eaglehorn Bow"],"current_player":"me","my_health":28,"opponent_health":30,"my_armor":0,"opponent_armor":0,"my_hand":4,"opponent_hand":5,"my_board":[],"opponent_board":[{"card_name":"Argent Squire","card_health":1,"card_attack":1}]},{"turn":6,"cards_played":["Feral Spirit"],"current_player":"opponent","my_health":27,"opponent_health":30,"my_armor":0,"opponent_armor":0,"my_hand":4,"opponent_hand":5,"my_board":[],"opponent_board":[{"card_name":"Argent Squire","card_health":1,"card_attack":1},{"card_name":"Spirit Wolf","card_health":3,"card_attack":2},{"card_name":"Spirit Wolf","card_health":3,"card_attack":2}]},{"turn":7,"cards_played":["Kill Command"],"current_player":"me","my_health":25,"opponent_health":30,"my_armor":0,"opponent_armor":0,"my_hand":4,"opponent_hand":5,"my_board":[],"opponent_board":[{"card_name":"Argent Squire","card_health":1,"card_attack":1}]},{"turn":8,"cards_played":["Totemic Call"],"current_player":"opponent","my_health":24,"opponent_health":30,"my_armor":0,"opponent_armor":0,"my_hand":4,"opponent_hand":6,"my_board":[],"opponent_board":[{"card_name":"Argent Squire","card_health":1,"card_attack":1},{"card_name":"Healing Totem","card_health":2,"card_attack":0}]},{"turn":9,"cards_played":["Fiery Bat","Houndmaster"],"current_player":"me","my_health":24,"opponent_health":30,"my_armor":0,"opponent_armor":0,"my_hand":3,"opponent_hand":6,"my_board":[{"card_name":"Houndmaster","card_health":3,"card_attack":4},{"card_name":"Fiery Bat","card_health":1,"card_attack":2}],"opponent_board":[{"card_name":"Argent Squire","card_health":1,"card_attack":1},{"card_name":"Healing Totem","card_health":2,"card_attack":0}]},{"turn":10,"cards_played":["Abusive Sergeant","Totemic Call","Abusive Sergeant"],"current_player":"opponent","my_health":22,"opponent_health":30,"my_armor":0,"opponent_armor":0,"my_hand":3,"opponent_hand":5,"my_board":[{"card_name":"Houndmaster","card_health":3,"card_attack":4}],"opponent_board":[{"card_name":"Abusive Sergeant","card_health":1,"card_attack":2},{"card_name":"Healing Totem","card_health":2,"card_attack":2},{"card_name":"Stoneclaw Totem","card_health":2,"card_attack":0}]},{"turn":11,"cards_played":["Sylvanas Windrunner"],"current_player":"me","my_health":22,"opponent_health":30,"my_armor":0,"opponent_armor":0,"my_hand":3,"opponent_hand":5,"my_board":[{"card_name":"Sylvanas Windrunner","card_health":5,"card_attack":5},{"card_name":"Houndmaster","card_health":3,"card_attack":4}],"opponent_board":[{"card_name":"Abusive Sergeant","card_health":1,"card_attack":2},{"card_name":"Healing Totem","card_health":2,"card_attack":0}]},{"turn":12,"cards_played":["Doomhammer","Rockbiter Weapon"],"current_player":"opponent","my_health":10,"opponent_health":30,"my_armor":0,"opponent_armor":0,"my_hand":3,"opponent_hand":4,"my_board":[{"card_name":"Sylvanas Windrunner","card_health":5,"card_attack":5},{"card_name":"Houndmaster","card_health":3,"card_attack":4}],"opponent_board":[{"card_name":"Abusive Sergeant","card_health":1,"card_attack":2},{"card_name":"Healing Totem","card_health":2,"card_attack":0}]},{"turn":13,"cards_played":["Savannah Highmane","Fiery Bat"],"current_player":"me","my_health":10,"opponent_health":30,"my_armor":0,"opponent_armor":0,"my_hand":2,"opponent_hand":4,"my_board":[{"card_name":"Sylvanas Windrunner","card_health":5,"card_attack":5},{"card_name":"Savannah Highmane","card_health":5,"card_attack":6},{"card_name":"Fiery Bat","card_health":1,"card_attack":2},{"card_name":"Houndmaster","card_health":1,"card_attack":4}],"opponent_board":[]},{"turn":14,"cards_played":["Sir Finley Mrrgglton","Flamewreathed Faceless"],"current_player":"opponent","my_health":6,"opponent_health":30,"my_armor":0,"opponent_armor":0,"my_hand":2,"opponent_hand":3,"my_board":[{"card_name":"Sylvanas Windrunner","card_health":5,"card_attack":5},{"card_name":"Savannah Highmane","card_health":5,"card_attack":6},{"card_name":"Fiery Bat","card_health":1,"card_attack":2},{"card_name":"Houndmaster","card_health":1,"card_attack":4}],"opponent_board":[{"card_name":"Sir Finley Mrrgglton","card_health":3,"card_attack":1},{"card_name":"Flamewreathed Faceless","card_health":7,"card_attack":7}]},{"turn":15,"cards_played":["Ram Wrangler","King's Elekk"],"current_player":"me","my_health":6,"opponent_health":22,"my_armor":0,"opponent_armor":0,"my_hand":2,"opponent_hand":3,"my_board":[{"card_name":"Savannah Highmane","card_health":5,"card_attack":6},{"card_name":"Fiery Bat","card_health":1,"card_attack":2},{"card_name":"Ram Wrangler","card_health":3,"card_attack":3},{"card_name":"King's Elekk","card_health":2,"card_attack":3},{"card_name":"Flamewreathed Faceless","card_health":2,"card_attack":7},{"card_name":"Hungry Crab","card_health":2,"card_attack":1}],"opponent_board":[]},{"turn":16,"cards_played":[],"current_player":"opponent","my_health":6,"opponent_health":22,"my_armor":0,"opponent_armor":0,"my_hand":2,"opponent_hand":4,"my_board":[{"card_name":"Savannah Highmane","card_health":5,"card_attack":6},{"card_name":"Fiery Bat","card_health":1,"card_attack":2},{"card_name":"Ram Wrangler","card_health":3,"card_attack":3},{"card_name":"King's Elekk","card_health":2,"card_attack":3},{"card_name":"Flamewreathed Faceless","card_health":2,"card_attack":7},{"card_name":"Hungry Crab","card_health":2,"card_attack":1}],"opponent_board":[]}],"result":"defeat"}