{"plays":[{"turn":1,"cards_played":[],"current_player":"opponent","my_health":30,"opponent_health":0,"my_armor":0,"opponent_armor":0,"my_hand":1,"opponent_hand":0,"my_board":[],"opponent_board":[]},{"turn":2,"cards_played":["The Coin","Wild Growth"],"current_player":"me","my_health":30,"opponent_health":30,"my_armor":0,"opponent_armor":0,"my_hand":4,"opponent_hand":4,"my_board":[],"opponent_board":[]},{"turn":3,"cards_played":["Fiery War Axe"],"current_player":"opponent","my_health":30,"opponent_health":30,"my_armor":0,"opponent_armor":0,"my_hand":4,"opponent_hand":4,"my_board":[],"opponent_board":[]},{"turn":4,"cards_played":["Shapeshift"],"current_player":"me","my_health":30,"opponent_health":30,"my_armor":1,"opponent_armor":0,"my_hand":5,"opponent_hand":4,"my_board":[],"opponent_board":[]},{"turn":5,"cards_played":["Acolyte of Pain"],"current_player":"opponent","my_health":28,"opponent_health":30,"my_armor":0,"opponent_armor":0,"my_hand":5,"opponent_hand":4,"my_board":[],"opponent_board":[{"card_name":"Acolyte of Pain","card_health":3,"card_attack":1}]},{"turn":6,"cards_played":["Keeper of the Grove","Dispel"],"current_player":"me","my_health":28,"opponent_health":30,"my_armor":0,"opponent_armor":0,"my_hand":5,"opponent_hand":4,"my_board":[{"card_name":"Keeper of the Grove","card_health":4,"card_attack":2}],"opponent_board":[{"card_name":"Acolyte of Pain","card_health":3,"card_attack":1}]},{"turn":7,"cards_played":["Death's Bite"],"current_player":"opponent","my_health":28,"opponent_health":28,"my_armor":0,"opponent_armor":0,"my_hand":5,"opponent_hand":4,"my_board":[],"opponent_board":[{"card_name":"Acolyte of Pain","card_health":1,"card_attack":1}]},{"turn":8,"cards_played":["Azure Drake"],"current_player":"me","my_health":28,"opponent_health":28,"my_armor":0,"opponent_armor":0,"my_hand":6,"opponent_hand":4,"my_board":[{"card_name":"Azure Drake","card_health":4,"card_attack":4}],"opponent_board":[{"card_name":"Acolyte of Pain","card_health":1,"card_attack":1}]},{"turn":9,"cards_played":["Sludge Belcher"],"current_player":"opponent","my_health":28,"opponent_health":24,"my_armor":0,"opponent_armor":0,"my_hand":6,"opponent_hand":4,"my_board":[],"opponent_board":[{"card_name":"Acolyte of Pain","card_health":1,"card_attack":1},{"card_name":"Sludge Belcher","card_health":5,"card_attack":3}]},{"turn":10,"cards_played":["Wrath","Wrath","Wild Growth","Shapeshift"],"current_player":"me","my_health":28,"opponent_health":24,"my_armor":1,"opponent_armor":0,"my_hand":6,"opponent_hand":4,"my_board":[],"opponent_board":[{"card_name":"Sludge Belcher","card_health":5,"card_attack":3}]},{"turn":11,"cards_played":["Shieldmaiden"],"current_player":"opponent","my_health":26,"opponent_health":24,"my_armor":0,"opponent_armor":5,"my_hand":6,"opponent_hand":4,"my_board":[],"opponent_board":[{"card_name":"Sludge Belcher","card_health":5,"card_attack":3},{"card_name":"Shieldmaiden","card_health":5,"card_attack":5}]},{"turn":12,"cards_played":["Emperor Thaurissan","Shapeshift"],"current_player":"me","my_health":26,"opponent_health":24,"my_armor":1,"opponent_armor":5,"my_hand":6,"opponent_hand":4,"my_board":[{"card_name":"Emperor Thaurissan","card_health":5,"card_attack":5}],"opponent_board":[{"card_name":"Sludge Belcher","card_health":5,"card_attack":3},{"card_name":"Shieldmaiden","card_health":5,"card_attack":5}]},{"turn":13,"cards_played":["Armor Up!"],"current_player":"opponent","my_health":19,"opponent_health":24,"my_armor":0,"opponent_armor":2,"my_hand":6,"opponent_hand":5,"my_board":[],"opponent_board":[{"card_name":"Sludge Belcher","card_health":4,"card_attack":3},{"card_name":"Shieldmaiden","card_health":4,"card_attack":5}]},{"turn":14,"cards_played":["Keeper of the Grove","Dispel","Loatheb","Shapeshift"],"current_player":"me","my_health":19,"opponent_health":24,"my_armor":1,"opponent_armor":1,"my_hand":5,"opponent_hand":5,"my_board":[{"card_name":"Loatheb","card_health":5,"card_attack":5},{"card_name":"Keeper of the Grove","card_health":4,"card_attack":2}],"opponent_board":[{"card_name":"Sludge Belcher","card_health":4,"card_attack":3},{"card_name":"Shieldmaiden","card_health":4,"card_attack":5}]},{"turn":15,"cards_played":["Dr. Boom"],"current_player":"opponent","my_health":17,"opponent_health":24,"my_armor":0,"opponent_armor":1,"my_hand":5,"opponent_hand":5,"my_board":[{"card_name":"Keeper of the Grove","card_health":4,"card_attack":2}],"opponent_board":[{"card_name":"Dr. Boom","card_health":7,"card_attack":7},{"card_name":"Sludge Belcher","card_health":4,"card_attack":3},{"card_name":"Boom Bot","card_health":1,"card_attack":1},{"card_name":"Boom Bot","card_health":1,"card_attack":1}]},{"turn":16,"cards_played":["Force of Nature","Savage Roar","Savage Roar"],"current_player":"me","my_health":17,"opponent_health":-3,"my_armor":0,"opponent_armor":0,"my_hand":3,"opponent_hand":5,"my_board":[{"card_name":"Keeper of the Grove","card_health":4,"card_attack":6},{"card_name":"Treant","card_health":2,"card_attack":6},{"card_name":"Treant","card_health":2,"card_attack":6},{"card_name":"Treant","card_health":2,"card_attack":6}],"opponent_board":[{"card_name":"Dr. Boom","card_health":7,"card_attack":7},{"card_name":"Sludge Belcher","card_health":4,"card_attack":3},{"card_name":"Boom Bot","card_health":1,"card_attack":1},{"card_name":"Boom Bot","card_health":1,"card_attack":1}]}],"result":"victory"}