{"plays":[{"turn":1,"cards_played":[],"current_player":"opponent","my_health":30,"opponent_health":0,"my_armor":0,"opponent_armor":0,"my_hand":1,"opponent_hand":0,"my_board":[],"opponent_board":[]},{"turn":2,"cards_played":[],"current_player":"me","my_health":30,"opponent_health":30,"my_armor":0,"opponent_armor":0,"my_hand":6,"opponent_hand":4,"my_board":[],"opponent_board":[]},{"turn":3,"cards_played":["Fiery War Axe"],"current_player":"opponent","my_health":27,"opponent_health":30,"my_armor":0,"opponent_armor":0,"my_hand":6,"opponent_hand":4,"my_board":[],"opponent_board":[]},{"turn":4,"cards_played":["Living Roots"],"current_player":"me","my_health":27,"opponent_health":30,"my_armor":0,"opponent_armor":0,"my_hand":6,"opponent_hand":4,"my_board":[{"card_name":"Sapling","card_health":1,"card_attack":1},{"card_name":"Sapling","card_health":1,"card_attack":1}],"opponent_board":[]},{"turn":5,"cards_played":["Armor Up!"],"current_player":"opponent","my_health":24,"opponent_health":30,"my_armor":0,"opponent_armor":2,"my_hand":6,"opponent_hand":5,"my_board":[{"card_name":"Sapling","card_health":1,"card_attack":1},{"card_name":"Sapling","card_health":1,"card_attack":1}],"opponent_board":[]},{"turn":6,"cards_played":["The Coin","Piloted Shredder"],"current_player":"me","my_health":24,"opponent_health":30,"my_armor":0,"opponent_armor":0,"my_hand":5,"opponent_hand":5,"my_board":[{"card_name":"Piloted Shredder","card_health":3,"card_attack":4},{"card_name":"Sapling","card_health":1,"card_attack":1},{"card_name":"Sapling","card_health":1,"card_attack":1}],"opponent_board":[]},{"turn":7,"cards_played":["Death's Bite"],"current_player":"opponent","my_health":24,"opponent_health":26,"my_armor":0,"opponent_armor":0,"my_hand":5,"opponent_hand":5,"my_board":[{"card_name":"Sapling","card_health":1,"card_attack":1},{"card_name":"Sapling","card_health":1,"card_attack":1},{"card_name":"Lightwell","card_health":5,"card_attack":0}],"opponent_board":[]},{"turn":8,"cards_played":["Savage Combatant"],"current_player":"me","my_health":27,"opponent_health":24,"my_armor":0,"opponent_armor":0,"my_hand":5,"opponent_hand":5,"my_board":[{"card_name":"Savage Combatant","card_health":4,"card_attack":5},{"card_name":"Sapling","card_health":1,"card_attack":1},{"card_name":"Sapling","card_health":1,"card_attack":1},{"card_name":"Lightwell","card_health":5,"card_attack":0}],"opponent_board":[]},{"turn":9,"cards_played":["Slam","Unstable Ghoul"],"current_player":"opponent","my_health":27,"opponent_health":24,"my_armor":0,"opponent_armor":0,"my_hand":5,"opponent_hand":5,"my_board":[{"card_name":"Savage Combatant","card_health":1,"card_attack":5}],"opponent_board":[{"card_name":"Unstable Ghoul","card_health":3,"card_attack":1}]},{"turn":10,"cards_played":["Keeper of the Grove","Dispel","Innervate","Shapeshift"],"current_player":"me","my_health":27,"opponent_health":19,"my_armor":0,"opponent_armor":0,"my_hand":4,"opponent_hand":5,"my_board":[{"card_name":"Savage Combatant","card_health":1,"card_attack":5},{"card_name":"Keeper of the Grove","card_health":4,"card_attack":2}],"opponent_board":[]},{"turn":11,"cards_played":["Death's Bite","Cruel Taskmaster"],"current_player":"opponent","my_health":27,"opponent_health":17,"my_armor":0,"opponent_armor":0,"my_hand":4,"opponent_hand":4,"my_board":[],"opponent_board":[{"card_name":"Cruel Taskmaster","card_health":2,"card_attack":2}]},{"turn":12,"cards_played":["Darnassus Aspirant","Wrath","Wrath","Shapeshift"],"current_player":"me","my_health":27,"opponent_health":16,"my_armor":1,"opponent_armor":0,"my_hand":3,"opponent_hand":4,"my_board":[{"card_name":"Darnassus Aspirant","card_health":3,"card_attack":2}],"opponent_board":[]},{"turn":13,"cards_played":["Slam","Dread Corsair","Armor Up!","Battle Rage"],"current_player":"opponent","my_health":24,"opponent_health":16,"my_armor":0,"opponent_armor":2,"my_hand":3,"opponent_hand":5,"my_board":[],"opponent_board":[{"card_name":"Dread Corsair","card_health":2,"card_attack":3}]},{"turn":14,"cards_played":["Keeper of the Grove","Moonfire","Shapeshift"],"current_player":"me","my_health":24,"opponent_health":16,"my_armor":1,"opponent_armor":1,"my_hand":3,"opponent_hand":5,"my_board":[{"card_name":"Keeper of the Grove","card_health":4,"card_attack":2}],"opponent_board":[]},{"turn":15,"cards_played":["Emperor Thaurissan","Armor Up!"],"current_player":"opponent","my_health":24,"opponent_health":16,"my_armor":1,"opponent_armor":3,"my_hand":3,"opponent_hand":5,"my_board":[{"card_name":"Keeper of the Grove","card_health":4,"card_attack":2}],"opponent_board":[{"card_name":"Emperor Thaurissan","card_health":5,"card_attack":5}]},{"turn":16,"cards_played":["Wrath","Wrath","Swipe","Shapeshift"],"current_player":"me","my_health":24,"opponent_health":15,"my_armor":2,"opponent_armor":0,"my_hand":3,"opponent_hand":5,"my_board":[{"card_name":"Keeper of the Grove","card_health":4,"card_attack":2}],"opponent_board":[]},{"turn":17,"cards_played":["Battle Rage","Armor Up!"],"current_player":"opponent","my_health":24,"opponent_health":15,"my_armor":2,"opponent_armor":2,"my_hand":3,"opponent_hand":6,"my_board":[{"card_name":"Keeper of the Grove","card_health":4,"card_attack":2}],"opponent_board":[]},{"turn":18,"cards_played":["Azure Drake","Savage Combatant"],"current_player":"me","my_health":24,"opponent_health":15,"my_armor":2,"opponent_armor":0,"my_hand":3,"opponent_hand":6,"my_board":[{"card_name":"Savage Combatant","card_health":4,"card_attack":5},{"card_name":"Keeper of the Grove","card_health":4,"card_attack":2},{"card_name":"Azure Drake","card_health":4,"card_attack":4}],"opponent_board":[]},{"turn":19,"cards_played":["Warsong Commander","Unstable Ghoul","Execute","Armor Up!"],"current_player":"opponent","my_health":24,"opponent_health":15,"my_armor":2,"opponent_armor":2,"my_hand":3,"opponent_hand":4,"my_board":[{"card_name":"Savage Combatant","card_health":2,"card_attack":5},{"card_name":"Keeper of the Grove","card_health":3,"card_attack":2}],"opponent_board":[{"card_name":"Warsong Commander","card_health":2,"card_attack":2}]},{"turn":20,"cards_played":["Wild Growth","Excess Mana","Emperor Thaurissan","Shapeshift"],"current_player":"me","my_health":24,"opponent_health":9,"my_armor":3,"opponent_armor":0,"my_hand":3,"opponent_hand":4,"my_board":[{"card_name":"Savage Combatant","card_health":2,"card_attack":5},{"card_name":"Emperor Thaurissan","card_health":5,"card_attack":5},{"card_name":"Keeper of the Grove","card_health":1,"card_attack":2}],"opponent_board":[]},{"turn":21,"cards_played":["Warsong Commander","Grim Patron","Inner Rage","Whirlwind","Whirlwind","Armor Up!"],"current_player":"opponent","my_health":9,"opponent_health":9,"my_armor":0,"opponent_armor":2,"my_hand":3,"opponent_hand":0,"my_board":[],"opponent_board":[{"card_name":"Warsong Commander","card_health":1,"card_attack":2},{"card_name":"Grim Patron","card_health":1,"card_attack":3},{"card_name":"Grim Patron","card_health":2,"card_attack":3},{"card_name":"Grim Patron","card_health":2,"card_attack":3},{"card_name":"Grim Patron","card_health":3,"card_attack":3},{"card_name":"Grim Patron","card_health":3,"card_attack":3},{"card_name":"Grim Patron","card_health":3,"card_attack":3}]},{"turn":22,"cards_played":["Swipe","Druid of the Claw","Shapeshift"],"current_player":"me","my_health":9,"opponent_health":9,"my_armor":1,"opponent_armor":0,"my_hand":2,"opponent_hand":0,"my_board":[{"card_name":"Druid of the Claw","card_health":6,"card_attack":4}],"opponent_board":[{"card_name":"Grim Patron","card_health":1,"card_attack":3},{"card_name":"Grim Patron","card_health":1,"card_attack":3},{"card_name":"Grim Patron","card_health":2,"card_attack":3},{"card_name":"Grim Patron","card_health":2,"card_attack":3}]},{"turn":23,"cards_played":["Frothing Berserker","Armor Up!"],"current_player":"opponent","my_health":4,"opponent_health":9,"my_armor":0,"opponent_armor":2,"my_hand":2,"opponent_hand":0,"my_board":[],"opponent_board":[{"card_name":"Frothing Berserker","card_health":4,"card_attack":6},{"card_name":"Grim Patron","card_health":2,"card_attack":3},{"card_name":"Grim Patron","card_health":2,"card_attack":3}]},{"turn":24,"cards_played":["Dr. Boom","Druid of the Claw","Innervate","Shapeshift"],"current_player":"me","my_health":4,"opponent_health":9,"my_armor":1,"opponent_armor":1,"my_hand":0,"opponent_hand":0,"my_board":[{"card_name":"Dr. Boom","card_health":7,"card_attack":7},{"card_name":"Boom Bot","card_health":1,"card_attack":1},{"card_name":"Boom Bot","card_health":1,"card_attack":1},{"card_name":"Druid of the Claw","card_health":6,"card_attack":4}],"opponent_board":[{"card_name":"Frothing Berserker","card_health":4,"card_attack":6},{"card_name":"Grim Patron","card_health":2,"card_attack":3},{"card_name":"Grim Patron","card_health":2,"card_attack":3}]},{"turn":25,"cards_played":["Armor Up!","Dread Corsair"],"current_player":"opponent","my_health":-5,"opponent_health":9,"my_armor":0,"opponent_armor":3,"my_hand":0,"opponent_hand":0,"my_board":[{"card_name":"Dr. Boom","card_health":7,"card_attack":7},{"card_name":"Boom Bot","card_health":1,"card_attack":1},{"card_name":"Boom Bot","card_health":1,"card_attack":1}],"opponent_board":[{"card_name":"Frothing Berserker","card_health":4,"card_attack":10},{"card_name":"Dread Corsair","card_health":3,"card_attack":3}]}],"result":"defeat"}