{"plays":[{"turn":1,"cards_played":[],"current_player":"opponent","my_health":30,"opponent_health":0,"my_armor":0,"opponent_armor":0,"my_hand":1,"opponent_hand":0,"my_board":[],"opponent_board":[]},{"turn":2,"cards_played":["The Coin","Innervate","Savage Combatant"],"current_player":"me","my_health":30,"opponent_health":30,"my_armor":0,"opponent_armor":0,"my_hand":3,"opponent_hand":4,"my_board":[{"card_name":"Savage Combatant","card_health":4,"card_attack":5}],"opponent_board":[]},{"turn":3,"cards_played":["Shielded Minibot"],"current_player":"opponent","my_health":30,"opponent_health":30,"my_armor":0,"opponent_armor":0,"my_hand":3,"opponent_hand":4,"my_board":[{"card_name":"Savage Combatant","card_health":4,"card_attack":5}],"opponent_board":[{"card_name":"Shielded Minibot","card_health":2,"card_attack":2}]},{"turn":4,"cards_played":["Wrath","Wrath"],"current_player":"me","my_health":30,"opponent_health":30,"my_armor":0,"opponent_armor":0,"my_hand":4,"opponent_hand":4,"my_board":[{"card_name":"Savage Combatant","card_health":2,"card_attack":5}],"opponent_board":[]},{"turn":5,"cards_played":["Secretkeeper","Reinforce"],"current_player":"opponent","my_health":30,"opponent_health":30,"my_armor":0,"opponent_armor":0,"my_hand":4,"opponent_hand":4,"my_board":[{"card_name":"Savage Combatant","card_health":2,"card_attack":5}],"opponent_board":[{"card_name":"Secretkeeper","card_health":2,"card_attack":1},{"card_name":"Silver Hand Recruit","card_health":1,"card_attack":1}]},{"turn":6,"cards_played":["Shapeshift"],"current_player":"me","my_health":30,"opponent_health":30,"my_armor":0,"opponent_armor":0,"my_hand":5,"opponent_hand":4,"my_board":[{"card_name":"Savage Combatant","card_health":1,"card_attack":5}],"opponent_board":[]},{"turn":7,"cards_played":["Muster for Battle"],"current_player":"opponent","my_health":30,"opponent_health":25,"my_armor":0,"opponent_armor":0,"my_hand":5,"opponent_hand":3,"my_board":[],"opponent_board":[{"card_name":"Silver Hand Recruit","card_health":1,"card_attack":1},{"card_name":"Silver Hand Recruit","card_health":1,"card_attack":1},{"card_name":"Silver Hand Recruit","card_health":1,"card_attack":1}]},{"turn":8,"cards_played":["Darnassus Aspirant","Shapeshift"],"current_player":"me","my_health":30,"opponent_health":25,"my_armor":0,"opponent_armor":0,"my_hand":5,"opponent_hand":3,"my_board":[{"card_name":"Darnassus Aspirant","card_health":3,"card_attack":2}],"opponent_board":[{"card_name":"Silver Hand Recruit","card_health":1,"card_attack":1},{"card_name":"Silver Hand Recruit","card_health":1,"card_attack":1}]},{"turn":9,"cards_played":["Blessing of Kings"],"current_player":"opponent","my_health":21,"opponent_health":25,"my_armor":0,"opponent_armor":0,"my_hand":5,"opponent_hand":2,"my_board":[{"card_name":"Darnassus Aspirant","card_health":3,"card_attack":2}],"opponent_board":[{"card_name":"Silver Hand Recruit","card_health":6,"card_attack":6},{"card_name":"Silver Hand Recruit","card_health":2,"card_attack":2}]},{"turn":10,"cards_played":["Emperor Thaurissan"],"current_player":"me","my_health":21,"opponent_health":25,"my_armor":0,"opponent_armor":0,"my_hand":5,"opponent_hand":2,"my_board":[{"card_name":"Emperor Thaurissan","card_health":1,"card_attack":5},{"card_name":"Darnassus Aspirant","card_health":1,"card_attack":2}],"opponent_board":[{"card_name":"Silver Hand Recruit","card_health":6,"card_attack":6}]},{"turn":11,"cards_played":["Mysterious Challenger"],"current_player":"opponent","my_health":15,"opponent_health":20,"my_armor":0,"opponent_armor":0,"my_hand":5,"opponent_hand":2,"my_board":[{"card_name":"Darnassus Aspirant","card_health":1,"card_attack":2}],"opponent_board":[{"card_name":"Mysterious Challenger","card_health":6,"card_attack":6},{"card_name":"Silver Hand Recruit","card_health":6,"card_attack":6}]},{"turn":12,"cards_played":["Force of Nature","Innervate","Savage Roar"],"current_player":"me","my_health":13,"opponent_health":20,"my_armor":0,"opponent_armor":0,"my_hand":3,"opponent_hand":2,"my_board":[],"opponent_board":[{"card_name":"Defender","card_health":1,"card_attack":2}]},{"turn":13,"cards_played":["Loatheb","Secretkeeper"],"current_player":"opponent","my_health":9,"opponent_health":20,"my_armor":0,"opponent_armor":0,"my_hand":3,"opponent_hand":1,"my_board":[],"opponent_board":[{"card_name":"Secretkeeper","card_health":2,"card_attack":1},{"card_name":"Loatheb","card_health":5,"card_attack":5},{"card_name":"Defender","card_health":2,"card_attack":3}]},{"turn":14,"cards_played":["Druid of the Claw","Shapeshift"],"current_player":"me","my_health":9,"opponent_health":19,"my_armor":1,"opponent_armor":0,"my_hand":3,"opponent_hand":1,"my_board":[{"card_name":"Druid of the Claw","card_health":1,"card_attack":4}],"opponent_board":[{"card_name":"Secretkeeper","card_health":2,"card_attack":1},{"card_name":"Loatheb","card_health":5,"card_attack":5}]},{"turn":15,"cards_played":["Tirion Fordring"],"current_player":"opponent","my_health":5,"opponent_health":19,"my_armor":0,"opponent_armor":0,"my_hand":3,"opponent_hand":1,"my_board":[],"opponent_board":[{"card_name":"Tirion Fordring","card_health":6,"card_attack":6},{"card_name":"Loatheb","card_health":5,"card_attack":5}]},{"turn":16,"cards_played":[],"current_player":"me","my_health":5,"opponent_health":19,"my_armor":0,"opponent_armor":0,"my_hand":4,"opponent_hand":1,"my_board":[],"opponent_board":[{"card_name":"Tirion Fordring","card_health":6,"card_attack":6},{"card_name":"Loatheb","card_health":5,"card_attack":5}]}],"result":"defeat"}