{"plays":[{"turn":1,"cards_played":[],"current_player":"me","my_health":0,"opponent_health":30,"my_armor":0,"opponent_armor":0,"my_hand":0,"opponent_hand":1,"my_board":[],"opponent_board":[]},{"turn":2,"cards_played":["The Coin","Shielded Minibot"],"current_player":"opponent","my_health":30,"opponent_health":30,"my_armor":0,"opponent_armor":0,"my_hand":4,"opponent_hand":4,"my_board":[],"opponent_board":[{"card_name":"Shielded Minibot","card_health":2,"card_attack":2}]},{"turn":3,"cards_played":["Innervate","Wild Growth","Wild Growth"],"current_player":"me","my_health":30,"opponent_health":30,"my_armor":0,"opponent_armor":0,"my_hand":2,"opponent_hand":4,"my_board":[],"opponent_board":[{"card_name":"Shielded Minibot","card_health":2,"card_attack":2}]},{"turn":4,"cards_played":["Mad Scientist"],"current_player":"opponent","my_health":28,"opponent_health":30,"my_armor":0,"opponent_armor":0,"my_hand":2,"opponent_hand":4,"my_board":[],"opponent_board":[{"card_name":"Mad Scientist","card_health":2,"card_attack":2},{"card_name":"Shielded Minibot","card_health":2,"card_attack":2}]},{"turn":5,"cards_played":["Wrath","Wrath","Shapeshift"],"current_player":"me","my_health":28,"opponent_health":29,"my_armor":1,"opponent_armor":0,"my_hand":3,"opponent_hand":4,"my_board":[],"opponent_board":[{"card_name":"Mad Scientist","card_health":2,"card_attack":2},{"card_name":"Shielded Minibot","card_health":2,"card_attack":2}]},{"turn":6,"cards_played":["Knife Juggler"],"current_player":"opponent","my_health":25,"opponent_health":29,"my_armor":0,"opponent_armor":0,"my_hand":3,"opponent_hand":3,"my_board":[],"opponent_board":[{"card_name":"Mad Scientist","card_health":2,"card_attack":2},{"card_name":"Shielded Minibot","card_health":2,"card_attack":2},{"card_name":"Knife Juggler","card_health":2,"card_attack":3}]},{"turn":7,"cards_played":["Force of Nature"],"current_player":"me","my_health":25,"opponent_health":29,"my_armor":0,"opponent_armor":0,"my_hand":3,"opponent_hand":3,"my_board":[],"opponent_board":[{"card_name":"Mad Scientist","card_health":2,"card_attack":2}]},{"turn":8,"cards_played":["Reinforce"],"current_player":"opponent","my_health":23,"opponent_health":29,"my_armor":0,"opponent_armor":0,"my_hand":3,"opponent_hand":3,"my_board":[],"opponent_board":[{"card_name":"Mad Scientist","card_health":2,"card_attack":2},{"card_name":"Silver Hand Recruit","card_health":1,"card_attack":1}]},{"turn":9,"cards_played":["Ancient of Lore"],"current_player":"me","my_health":23,"opponent_health":29,"my_armor":0,"opponent_armor":0,"my_hand":5,"opponent_hand":3,"my_board":[{"card_name":"Ancient of Lore","card_health":5,"card_attack":5}],"opponent_board":[{"card_name":"Mad Scientist","card_health":2,"card_attack":2},{"card_name":"Silver Hand Recruit","card_health":1,"card_attack":1}]},{"turn":10,"cards_played":["Truesilver Champion"],"current_player":"opponent","my_health":21,"opponent_health":25,"my_armor":0,"opponent_armor":0,"my_hand":5,"opponent_hand":3,"my_board":[],"opponent_board":[{"card_name":"Mad Scientist","card_health":2,"card_attack":2}]},{"turn":11,"cards_played":["Emperor Thaurissan","Shapeshift"],"current_player":"me","my_health":21,"opponent_health":24,"my_armor":1,"opponent_armor":0,"my_hand":5,"opponent_hand":3,"my_board":[{"card_name":"Emperor Thaurissan","card_health":5,"card_attack":5}],"opponent_board":[{"card_name":"Mad Scientist","card_health":2,"card_attack":2}]},{"turn":12,"cards_played":["Sludge Belcher"],"current_player":"opponent","my_health":21,"opponent_health":21,"my_armor":1,"opponent_armor":0,"my_hand":5,"opponent_hand":3,"my_board":[],"opponent_board":[{"card_name":"Sludge Belcher","card_health":5,"card_attack":3}]},{"turn":13,"cards_played":["Keeper of the Grove","Dispel","Druid of the Claw","Darnassus Aspirant"],"current_player":"me","my_health":21,"opponent_health":21,"my_armor":1,"opponent_armor":0,"my_hand":3,"opponent_hand":3,"my_board":[{"card_name":"Darnassus Aspirant","card_health":3,"card_attack":2},{"card_name":"Keeper of the Grove","card_health":4,"card_attack":2},{"card_name":"Druid of the Claw","card_health":6,"card_attack":4}],"opponent_board":[{"card_name":"Sludge Belcher","card_health":5,"card_attack":3}]},{"turn":14,"cards_played":["Mad Scientist","Muster for Battle","Reinforce"],"current_player":"opponent","my_health":21,"opponent_health":21,"my_armor":1,"opponent_armor":0,"my_hand":3,"opponent_hand":2,"my_board":[{"card_name":"Darnassus Aspirant","card_health":3,"card_attack":2},{"card_name":"Keeper of the Grove","card_health":4,"card_attack":2},{"card_name":"Druid of the Claw","card_health":6,"card_attack":4}],"opponent_board":[{"card_name":"Sludge Belcher","card_health":5,"card_attack":3},{"card_name":"Mad Scientist","card_health":2,"card_attack":2},{"card_name":"Silver Hand Recruit","card_health":1,"card_attack":1},{"card_name":"Silver Hand Recruit","card_health":1,"card_attack":1},{"card_name":"Silver Hand Recruit","card_health":1,"card_attack":1},{"card_name":"Silver Hand Recruit","card_health":1,"card_attack":1}]},{"turn":15,"cards_played":["Dr. Boom","Swipe"],"current_player":"me","my_health":21,"opponent_health":14,"my_armor":1,"opponent_armor":0,"my_hand":2,"opponent_hand":2,"my_board":[{"card_name":"Dr. Boom","card_health":7,"card_attack":7},{"card_name":"Darnassus Aspirant","card_health":3,"card_attack":2},{"card_name":"Keeper of the Grove","card_health":3,"card_attack":2},{"card_name":"Druid of the Claw","card_health":6,"card_attack":4},{"card_name":"Boom Bot","card_health":1,"card_attack":1},{"card_name":"Boom Bot","card_health":1,"card_attack":1}],"opponent_board":[{"card_name":"Sludge Belcher","card_health":4,"card_attack":3},{"card_name":"Mad Scientist","card_health":1,"card_attack":2}]},{"turn":16,"cards_played":["Reinforce","Consecration"],"current_player":"opponent","my_health":20,"opponent_health":7,"my_armor":0,"opponent_armor":0,"my_hand":2,"opponent_hand":2,"my_board":[{"card_name":"Dr. Boom","card_health":5,"card_attack":7},{"card_name":"Darnassus Aspirant","card_health":1,"card_attack":2}],"opponent_board":[]}],"result":"victory"}