{"plays":[{"turn":1,"cards_played":[],"current_player":"me","my_health":0,"opponent_health":30,"my_armor":0,"opponent_armor":0,"my_hand":0,"opponent_hand":1,"my_board":[],"opponent_board":[]},{"turn":2,"cards_played":["Zombie Chow"],"current_player":"me","my_health":30,"opponent_health":30,"my_armor":0,"opponent_armor":0,"my_hand":6,"opponent_hand":3,"my_board":[],"opponent_board":[{"card_name":"Zombie Chow","card_health":3,"card_attack":2}]},{"turn":3,"cards_played":["Northshire Cleric"],"current_player":"opponent","my_health":28,"opponent_health":30,"my_armor":0,"opponent_armor":0,"my_hand":6,"opponent_hand":3,"my_board":[],"opponent_board":[{"card_name":"Zombie Chow","card_health":3,"card_attack":2},{"card_name":"Northshire Cleric","card_health":3,"card_attack":1}]},{"turn":4,"cards_played":["The Coin","Eaglehorn Bow"],"current_player":"me","my_health":27,"opponent_health":30,"my_armor":0,"opponent_armor":0,"my_hand":5,"opponent_hand":3,"my_board":[],"opponent_board":[{"card_name":"Zombie Chow","card_health":3,"card_attack":2}]},{"turn":5,"cards_played":["Dark Cultist"],"current_player":"opponent","my_health":25,"opponent_health":30,"my_armor":0,"opponent_armor":0,"my_hand":5,"opponent_hand":3,"my_board":[],"opponent_board":[{"card_name":"Dark Cultist","card_health":4,"card_attack":3},{"card_name":"Zombie Chow","card_health":3,"card_attack":2}]},{"turn":6,"cards_played":["Animal Companion"],"current_player":"me","my_health":23,"opponent_health":30,"my_armor":0,"opponent_armor":0,"my_hand":5,"opponent_hand":3,"my_board":[{"card_name":"Misha","card_health":4,"card_attack":4}],"opponent_board":[{"card_name":"Dark Cultist","card_health":4,"card_attack":3}]},{"turn":7,"cards_played":["Auchenai Soulpriest"],"current_player":"opponent","my_health":28,"opponent_health":30,"my_armor":0,"opponent_armor":0,"my_hand":5,"opponent_hand":3,"my_board":[{"card_name":"Misha","card_health":1,"card_attack":4}],"opponent_board":[{"card_name":"Auchenai Soulpriest","card_health":5,"card_attack":3}]},{"turn":8,"cards_played":["Kill Command"],"current_player":"me","my_health":28,"opponent_health":30,"my_armor":0,"opponent_armor":0,"my_hand":5,"opponent_hand":3,"my_board":[],"opponent_board":[]},{"turn":9,"cards_played":["Dark Cultist"],"current_player":"opponent","my_health":28,"opponent_health":30,"my_armor":0,"opponent_armor":0,"my_hand":5,"opponent_hand":3,"my_board":[],"opponent_board":[{"card_name":"Dark Cultist","card_health":4,"card_attack":3}]},{"turn":10,"cards_played":["Loatheb"],"current_player":"me","my_health":28,"opponent_health":30,"my_armor":0,"opponent_armor":0,"my_hand":5,"opponent_hand":3,"my_board":[{"card_name":"Loatheb","card_health":5,"card_attack":5}],"opponent_board":[{"card_name":"Dark Cultist","card_health":4,"card_attack":3}]},{"turn":11,"cards_played":["Auchenai Soulpriest","Lesser Heal","Lesser Heal"],"current_player":"opponent","my_health":28,"opponent_health":30,"my_armor":0,"opponent_armor":0,"my_hand":5,"opponent_hand":3,"my_board":[],"opponent_board":[{"card_name":"Auchenai Soulpriest","card_health":8,"card_attack":3}]},{"turn":12,"cards_played":["Ironbeak Owl","Kill Command"],"current_player":"me","my_health":28,"opponent_health":30,"my_armor":0,"opponent_armor":0,"my_hand":4,"opponent_hand":3,"my_board":[{"card_name":"Ironbeak Owl","card_health":1,"card_attack":2}],"opponent_board":[]},{"turn":13,"cards_played":["Thoughtsteal","Houndmaster"],"current_player":"opponent","my_health":28,"opponent_health":30,"my_armor":0,"opponent_armor":0,"my_hand":4,"opponent_hand":4,"my_board":[{"card_name":"Ironbeak Owl","card_health":1,"card_attack":2}],"opponent_board":[{"card_name":"Houndmaster","card_health":3,"card_attack":4}]},{"turn":14,"cards_played":["Animal Companion","King's Elekk","Quick Shot"],"current_player":"me","my_health":28,"opponent_health":24,"my_armor":0,"opponent_armor":0,"my_hand":2,"opponent_hand":4,"my_board":[{"card_name":"Ironbeak Owl","card_health":1,"card_attack":2},{"card_name":"King's Elekk","card_health":2,"card_attack":3},{"card_name":"Huffer","card_health":2,"card_attack":4}],"opponent_board":[]},{"turn":15,"cards_played":["Shrinkmeister","Power Word: Shield","Holy Nova"],"current_player":"opponent","my_health":26,"opponent_health":26,"my_armor":0,"opponent_armor":0,"my_hand":2,"opponent_hand":3,"my_board":[],"opponent_board":[{"card_name":"Shrinkmeister","card_health":4,"card_attack":3}]},{"turn":16,"cards_played":["Savannah Highmane","Steady Shot"],"current_player":"me","my_health":26,"opponent_health":24,"my_armor":0,"opponent_armor":0,"my_hand":2,"opponent_hand":3,"my_board":[{"card_name":"Savannah Highmane","card_health":5,"card_attack":6}],"opponent_board":[{"card_name":"Shrinkmeister","card_health":4,"card_attack":3}]},{"turn":17,"cards_played":["Sludge Belcher","Injured Blademaster","Circle of Healing"],"current_player":"opponent","my_health":23,"opponent_health":24,"my_armor":0,"opponent_armor":0,"my_hand":2,"opponent_hand":1,"my_board":[{"card_name":"Savannah Highmane","card_health":5,"card_attack":6}],"opponent_board":[{"card_name":"Shrinkmeister","card_health":4,"card_attack":3},{"card_name":"Injured Blademaster","card_health":7,"card_attack":4},{"card_name":"Sludge Belcher","card_health":5,"card_attack":3}]},{"turn":18,"cards_played":["Knife Juggler","Unleash the Hounds","Eaglehorn Bow"],"current_player":"me","my_health":22,"opponent_health":22,"my_armor":0,"opponent_armor":0,"my_hand":0,"opponent_hand":1,"my_board":[{"card_name":"Savannah Highmane","card_health":2,"card_attack":6},{"card_name":"Knife Juggler","card_health":2,"card_attack":3},{"card_name":"Hound","card_health":1,"card_attack":1}],"opponent_board":[{"card_name":"Injured Blademaster","card_health":7,"card_attack":4}]},{"turn":19,"cards_played":["Flare","Cabal Shadow Priest","Circle of Healing","Lesser Heal","Lesser Heal"],"current_player":"opponent","my_health":22,"opponent_health":20,"my_armor":0,"opponent_armor":0,"my_hand":0,"opponent_hand":0,"my_board":[{"card_name":"Knife Juggler","card_health":2,"card_attack":3},{"card_name":"Hound","card_health":1,"card_attack":1},{"card_name":"Hyena","card_health":2,"card_attack":2}],"opponent_board":[{"card_name":"Injured Blademaster","card_health":7,"card_attack":4},{"card_name":"Cabal Shadow Priest","card_health":5,"card_attack":4},{"card_name":"Hyena","card_health":2,"card_attack":2}]},{"turn":20,"cards_played":["Houndmaster","Steady Shot"],"current_player":"me","my_health":22,"opponent_health":10,"my_armor":0,"opponent_armor":0,"my_hand":0,"opponent_hand":0,"my_board":[{"card_name":"Knife Juggler","card_health":2,"card_attack":3},{"card_name":"Houndmaster","card_health":3,"card_attack":4},{"card_name":"Hound","card_health":3,"card_attack":3},{"card_name":"Hyena","card_health":2,"card_attack":2}],"opponent_board":[{"card_name":"Injured Blademaster","card_health":7,"card_attack":4},{"card_name":"Cabal Shadow Priest","card_health":5,"card_attack":4},{"card_name":"Hyena","card_health":1,"card_attack":2}]},{"turn":21,"cards_played":["Velen's Chosen","Lesser Heal","Lesser Heal"],"current_player":"opponent","my_health":22,"opponent_health":10,"my_armor":0,"opponent_armor":0,"my_hand":0,"opponent_hand":0,"my_board":[{"card_name":"Hyena","card_health":2,"card_attack":2}],"opponent_board":[{"card_name":"Injured Blademaster","card_health":3,"card_attack":4},{"card_name":"Cabal Shadow Priest","card_health":2,"card_attack":4},{"card_name":"Hyena","card_health":4,"card_attack":4}]},{"turn":22,"cards_played":["King's Elekk","Steady Shot"],"current_player":"me","my_health":22,"opponent_health":6,"my_armor":0,"opponent_armor":0,"my_hand":0,"opponent_hand":0,"my_board":[{"card_name":"King's Elekk","card_health":2,"card_attack":3},{"card_name":"Hyena","card_health":2,"card_attack":2}],"opponent_board":[{"card_name":"Injured Blademaster","card_health":3,"card_attack":4},{"card_name":"Cabal Shadow Priest","card_health":2,"card_attack":4},{"card_name":"Hyena","card_health":4,"card_attack":4}]},{"turn":23,"cards_played":["Lesser Heal","Lesser Heal"],"current_player":"opponent","my_health":18,"opponent_health":6,"my_armor":0,"opponent_armor":0,"my_hand":0,"opponent_hand":1,"my_board":[],"opponent_board":[{"card_name":"Injured Blademaster","card_health":5,"card_attack":4},{"card_name":"Hyena","card_health":2,"card_attack":4}]},{"turn":24,"cards_played":["Steady Shot"],"current_player":"me","my_health":18,"opponent_health":4,"my_armor":0,"opponent_armor":0,"my_hand":1,"opponent_hand":1,"my_board":[],"opponent_board":[{"card_name":"Injured Blademaster","card_health":5,"card_attack":4},{"card_name":"Hyena","card_health":2,"card_attack":4}]},{"turn":25,"cards_played":["Lesser Heal","Lesser Heal"],"current_player":"opponent","my_health":10,"opponent_health":6,"my_armor":0,"opponent_armor":0,"my_hand":1,"opponent_hand":2,"my_board":[],"opponent_board":[{"card_name":"Injured Blademaster","card_health":5,"card_attack":4},{"card_name":"Hyena","card_health":2,"card_attack":4}]},{"turn":26,"cards_played":["Knife Juggler","Piloted Shredder","Steady Shot"],"current_player":"me","my_health":10,"opponent_health":0,"my_armor":0,"opponent_armor":0,"my_hand":0,"opponent_hand":2,"my_board":[{"card_name":"Piloted Shredder","card_health":3,"card_attack":4},{"card_name":"Knife Juggler","card_health":2,"card_attack":3}],"opponent_board":[{"card_name":"Injured Blademaster","card_health":5,"card_attack":4},{"card_name":"Hyena","card_health":2,"card_attack":4}]}],"result":"victory"}