{"plays":[{"turn":1,"cards_played":[],"current_player":"opponent","my_health":30,"opponent_health":0,"my_armor":0,"opponent_armor":0,"my_hand":1,"opponent_hand":0,"my_board":[],"opponent_board":[]},{"turn":2,"cards_played":["The Coin","Mad Scientist"],"current_player":"me","my_health":30,"opponent_health":30,"my_armor":0,"opponent_armor":0,"my_hand":4,"opponent_hand":4,"my_board":[{"card_name":"Mad Scientist","card_health":2,"card_attack":2}],"opponent_board":[]},{"turn":3,"cards_played":["Knife Juggler"],"current_player":"opponent","my_health":30,"opponent_health":30,"my_armor":0,"opponent_armor":0,"my_hand":4,"opponent_hand":4,"my_board":[{"card_name":"Mad Scientist","card_health":2,"card_attack":2}],"opponent_board":[{"card_name":"Knife Juggler","card_health":2,"card_attack":3}]},{"turn":4,"cards_played":["Knife Juggler"],"current_player":"me","my_health":30,"opponent_health":30,"my_armor":0,"opponent_armor":0,"my_hand":4,"opponent_hand":4,"my_board":[{"card_name":"Knife Juggler","card_health":2,"card_attack":3}],"opponent_board":[]},{"turn":5,"cards_played":["Eaglehorn Bow"],"current_player":"opponent","my_health":30,"opponent_health":27,"my_armor":0,"opponent_armor":0,"my_hand":4,"opponent_hand":4,"my_board":[],"opponent_board":[]},{"turn":6,"cards_played":["Eaglehorn Bow"],"current_player":"me","my_health":30,"opponent_health":24,"my_armor":0,"opponent_armor":0,"my_hand":4,"opponent_hand":4,"my_board":[],"opponent_board":[]},{"turn":7,"cards_played":["Piloted Shredder"],"current_player":"opponent","my_health":30,"opponent_health":24,"my_armor":0,"opponent_armor":0,"my_hand":4,"opponent_hand":4,"my_board":[],"opponent_board":[{"card_name":"Piloted Shredder","card_health":3,"card_attack":4}]},{"turn":8,"cards_played":["Animal Companion"],"current_player":"me","my_health":26,"opponent_health":24,"my_armor":0,"opponent_armor":0,"my_hand":4,"opponent_hand":4,"my_board":[{"card_name":"Leokk","card_health":4,"card_attack":2}],"opponent_board":[{"card_name":"Goblin Auto-Barber","card_health":2,"card_attack":3}]},{"turn":9,"cards_played":["King's Elekk","Kill Command"],"current_player":"opponent","my_health":26,"opponent_health":24,"my_armor":0,"opponent_armor":0,"my_hand":4,"opponent_hand":4,"my_board":[],"opponent_board":[{"card_name":"King's Elekk","card_health":2,"card_attack":3},{"card_name":"Goblin Auto-Barber","card_health":2,"card_attack":3}]},{"turn":10,"cards_played":["Animal Companion","Steady Shot"],"current_player":"me","my_health":26,"opponent_health":18,"my_armor":0,"opponent_armor":0,"my_hand":4,"opponent_hand":4,"my_board":[{"card_name":"Huffer","card_health":2,"card_attack":4}],"opponent_board":[{"card_name":"King's Elekk","card_health":2,"card_attack":3},{"card_name":"Goblin Auto-Barber","card_health":2,"card_attack":3}]},{"turn":11,"cards_played":["Savannah Highmane"],"current_player":"opponent","my_health":23,"opponent_health":15,"my_armor":0,"opponent_armor":0,"my_hand":4,"opponent_hand":4,"my_board":[],"opponent_board":[{"card_name":"Savannah Highmane","card_health":5,"card_attack":6},{"card_name":"King's Elekk","card_health":2,"card_attack":3}]},{"turn":12,"cards_played":["Ironbeak Owl","Kill Command"],"current_player":"me","my_health":23,"opponent_health":15,"my_armor":0,"opponent_armor":0,"my_hand":3,"opponent_hand":4,"my_board":[{"card_name":"Ironbeak Owl","card_health":1,"card_attack":2}],"opponent_board":[{"card_name":"King's Elekk","card_health":2,"card_attack":3}]},{"turn":13,"cards_played":["Savannah Highmane"],"current_player":"opponent","my_health":20,"opponent_health":15,"my_armor":0,"opponent_armor":0,"my_hand":3,"opponent_hand":4,"my_board":[{"card_name":"Ironbeak Owl","card_health":1,"card_attack":2}],"opponent_board":[{"card_name":"Savannah Highmane","card_health":5,"card_attack":6},{"card_name":"King's Elekk","card_health":2,"card_attack":3}]},{"turn":14,"cards_played":["Savannah Highmane"],"current_player":"me","my_health":20,"opponent_health":15,"my_armor":0,"opponent_armor":0,"my_hand":3,"opponent_hand":4,"my_board":[{"card_name":"Savannah Highmane","card_health":5,"card_attack":6}],"opponent_board":[{"card_name":"Savannah Highmane","card_health":5,"card_attack":6}]},{"turn":15,"cards_played":["Houndmaster","Mad Scientist"],"current_player":"opponent","my_health":12,"opponent_health":15,"my_armor":0,"opponent_armor":0,"my_hand":3,"opponent_hand":2,"my_board":[{"card_name":"Savannah Highmane","card_health":5,"card_attack":6}],"opponent_board":[{"card_name":"Houndmaster","card_health":3,"card_attack":4},{"card_name":"Savannah Highmane","card_health":7,"card_attack":8},{"card_name":"Mad Scientist","card_health":2,"card_attack":2}]},{"turn":16,"cards_played":["Unleash the Hounds","Houndmaster"],"current_player":"me","my_health":12,"opponent_health":12,"my_armor":0,"opponent_armor":0,"my_hand":3,"opponent_hand":2,"my_board":[{"card_name":"Houndmaster","card_health":3,"card_attack":4},{"card_name":"Hound","card_health":3,"card_attack":3},{"card_name":"Hyena","card_health":2,"card_attack":2},{"card_name":"Hyena","card_health":2,"card_attack":2}],"opponent_board":[{"card_name":"Houndmaster","card_health":3,"card_attack":4},{"card_name":"Mad Scientist","card_health":2,"card_attack":2},{"card_name":"Hyena","card_health":2,"card_attack":2},{"card_name":"Hyena","card_health":2,"card_attack":2}]},{"turn":17,"cards_played":["Unleash the Hounds","Animal Companion"],"current_player":"opponent","my_health":0,"opponent_health":12,"my_armor":0,"opponent_armor":0,"my_hand":3,"opponent_hand":1,"my_board":[{"card_name":"Houndmaster","card_health":3,"card_attack":4},{"card_name":"Hyena","card_health":2,"card_attack":2},{"card_name":"Hyena","card_health":2,"card_attack":2}],"opponent_board":[{"card_name":"Houndmaster","card_health":3,"card_attack":5},{"card_name":"Hyena","card_health":2,"card_attack":3},{"card_name":"Hyena","card_health":2,"card_attack":3},{"card_name":"Hound","card_health":1,"card_attack":2},{"card_name":"Hound","card_health":1,"card_attack":2},{"card_name":"Hound","card_health":1,"card_attack":2},{"card_name":"Leokk","card_health":4,"card_attack":2}]}],"result":"defeat"}