{"plays":[{"turn":1,"cards_played":[],"current_player":"opponent","my_health":30,"opponent_health":0,"my_armor":0,"opponent_armor":0,"my_hand":1,"opponent_hand":0,"my_board":[],"opponent_board":[]},{"turn":2,"cards_played":["The Coin","Wild Growth"],"current_player":"opponent","my_health":30,"opponent_health":30,"my_armor":0,"opponent_armor":0,"my_hand":4,"opponent_hand":4,"my_board":[],"opponent_board":[]},{"turn":3,"cards_played":["Mad Scientist"],"current_player":"me","my_health":30,"opponent_health":30,"my_armor":0,"opponent_armor":0,"my_hand":4,"opponent_hand":4,"my_board":[{"card_name":"Mad Scientist","card_health":2,"card_attack":2}],"opponent_board":[]},{"turn":4,"cards_played":["Shade of Naxxramas"],"current_player":"opponent","my_health":30,"opponent_health":30,"my_armor":0,"opponent_armor":0,"my_hand":4,"opponent_hand":4,"my_board":[{"card_name":"Mad Scientist","card_health":2,"card_attack":2}],"opponent_board":[{"card_name":"Shade of Naxxramas","card_health":2,"card_attack":2}]},{"turn":5,"cards_played":["Animal Companion"],"current_player":"me","my_health":30,"opponent_health":27,"my_armor":0,"opponent_armor":0,"my_hand":4,"opponent_hand":4,"my_board":[{"card_name":"Mad Scientist","card_health":2,"card_attack":3},{"card_name":"Leokk","card_health":4,"card_attack":2}],"opponent_board":[{"card_name":"Shade of Naxxramas","card_health":2,"card_attack":2}]},{"turn":6,"cards_played":["Shapeshift","Wrath"],"current_player":"opponent","my_health":30,"opponent_health":26,"my_armor":0,"opponent_armor":0,"my_hand":4,"opponent_hand":4,"my_board":[],"opponent_board":[{"card_name":"Shade of Naxxramas","card_health":1,"card_attack":3}]},{"turn":7,"cards_played":["Haunted Creeper","Steady Shot"],"current_player":"me","my_health":30,"opponent_health":24,"my_armor":0,"opponent_armor":0,"my_hand":4,"opponent_hand":4,"my_board":[{"card_name":"Haunted Creeper","card_health":2,"card_attack":1}],"opponent_board":[{"card_name":"Shade of Naxxramas","card_health":1,"card_attack":3}]},{"turn":8,"cards_played":["Innervate","Dr. Boom"],"current_player":"opponent","my_health":30,"opponent_health":24,"my_armor":0,"opponent_armor":0,"my_hand":4,"opponent_hand":3,"my_board":[{"card_name":"Spectral Spider","card_health":1,"card_attack":1},{"card_name":"Spectral Spider","card_health":1,"card_attack":1}],"opponent_board":[{"card_name":"Shade of Naxxramas","card_health":1,"card_attack":4},{"card_name":"Dr. Boom","card_health":7,"card_attack":7},{"card_name":"Boom Bot","card_health":1,"card_attack":1},{"card_name":"Boom Bot","card_health":1,"card_attack":1}]},{"turn":9,"cards_played":["Knife Juggler","Unleash the Hounds"],"current_player":"me","my_health":30,"opponent_health":21,"my_armor":0,"opponent_armor":0,"my_hand":3,"opponent_hand":3,"my_board":[{"card_name":"Knife Juggler","card_health":2,"card_attack":3},{"card_name":"Hound","card_health":1,"card_attack":1}],"opponent_board":[{"card_name":"Dr. Boom","card_health":4,"card_attack":7}]},{"turn":10,"cards_played":["Swipe","Shapeshift"],"current_player":"opponent","my_health":21,"opponent_health":19,"my_armor":0,"opponent_armor":1,"my_hand":3,"opponent_hand":3,"my_board":[],"opponent_board":[{"card_name":"Dr. Boom","card_health":2,"card_attack":7}]},{"turn":11,"cards_played":["Savannah Highmane"],"current_player":"me","my_health":21,"opponent_health":19,"my_armor":0,"opponent_armor":1,"my_hand":3,"opponent_hand":3,"my_board":[{"card_name":"Savannah Highmane","card_health":5,"card_attack":6}],"opponent_board":[{"card_name":"Dr. Boom","card_health":2,"card_attack":7}]},{"turn":12,"cards_played":["Ancient of War"],"current_player":"opponent","my_health":14,"opponent_health":19,"my_armor":0,"opponent_armor":1,"my_hand":3,"opponent_hand":3,"my_board":[{"card_name":"Savannah Highmane","card_health":5,"card_attack":6}],"opponent_board":[{"card_name":"Dr. Boom","card_health":2,"card_attack":7},{"card_name":"Ancient of War","card_health":10,"card_attack":5}]},{"turn":13,"cards_played":["Loatheb","Steady Shot"],"current_player":"me","my_health":14,"opponent_health":18,"my_armor":0,"opponent_armor":0,"my_hand":3,"opponent_hand":3,"my_board":[{"card_name":"Loatheb","card_health":5,"card_attack":5},{"card_name":"Hyena","card_health":2,"card_attack":2},{"card_name":"Hyena","card_health":2,"card_attack":2}],"opponent_board":[{"card_name":"Dr. Boom","card_health":2,"card_attack":7},{"card_name":"Ancient of War","card_health":4,"card_attack":5}]},{"turn":14,"cards_played":["Sylvanas Windrunner","Shapeshift"],"current_player":"opponent","my_health":6,"opponent_health":18,"my_armor":0,"opponent_armor":1,"my_hand":3,"opponent_hand":3,"my_board":[{"card_name":"Hyena","card_health":2,"card_attack":2},{"card_name":"Hyena","card_health":2,"card_attack":2}],"opponent_board":[{"card_name":"Dr. Boom","card_health":2,"card_attack":7},{"card_name":"Sylvanas Windrunner","card_health":5,"card_attack":5}]},{"turn":15,"cards_played":[],"current_player":"me","my_health":6,"opponent_health":18,"my_armor":0,"opponent_armor":1,"my_hand":4,"opponent_hand":3,"my_board":[{"card_name":"Hyena","card_health":2,"card_attack":2},{"card_name":"Hyena","card_health":2,"card_attack":2}],"opponent_board":[{"card_name":"Dr. Boom","card_health":2,"card_attack":7},{"card_name":"Sylvanas Windrunner","card_health":5,"card_attack":5}]}],"result":"defeat"}