{"plays":[{"turn":1,"cards_played":[],"current_player":"me","my_health":0,"opponent_health":30,"my_armor":0,"opponent_armor":0,"my_hand":0,"opponent_hand":1,"my_board":[],"opponent_board":[]},{"turn":2,"cards_played":["Living Roots","The Coin"],"current_player":"me","my_health":30,"opponent_health":30,"my_armor":0,"opponent_armor":0,"my_hand":4,"opponent_hand":3,"my_board":[],"opponent_board":[{"card_name":"Sapling","card_health":1,"card_attack":1},{"card_name":"Sapling","card_health":1,"card_attack":1}]},{"turn":3,"cards_played":["Darnassus Aspirant"],"current_player":"opponent","my_health":30,"opponent_health":28,"my_armor":0,"opponent_armor":0,"my_hand":4,"opponent_hand":3,"my_board":[],"opponent_board":[{"card_name":"Darnassus Aspirant","card_health":3,"card_attack":2}]},{"turn":4,"cards_played":["Quick Shot"],"current_player":"me","my_health":30,"opponent_health":28,"my_armor":0,"opponent_armor":0,"my_hand":4,"opponent_hand":3,"my_board":[],"opponent_board":[]},{"turn":5,"cards_played":["Power of the Wild"],"current_player":"opponent","my_health":30,"opponent_health":28,"my_armor":0,"opponent_armor":0,"my_hand":4,"opponent_hand":3,"my_board":[],"opponent_board":[{"card_name":"Panther","card_health":2,"card_attack":3}]},{"turn":6,"cards_played":["Eaglehorn Bow"],"current_player":"me","my_health":30,"opponent_health":25,"my_armor":0,"opponent_armor":0,"my_hand":4,"opponent_hand":3,"my_board":[],"opponent_board":[{"card_name":"Panther","card_health":2,"card_attack":3}]},{"turn":7,"cards_played":["Violet Teacher"],"current_player":"opponent","my_health":27,"opponent_health":25,"my_armor":0,"opponent_armor":0,"my_hand":4,"opponent_hand":3,"my_board":[],"opponent_board":[{"card_name":"Violet Teacher","card_health":5,"card_attack":3},{"card_name":"Panther","card_health":2,"card_attack":3}]},{"turn":8,"cards_played":["Ironbeak Owl","Steady Shot"],"current_player":"me","my_health":27,"opponent_health":20,"my_armor":0,"opponent_armor":0,"my_hand":4,"opponent_hand":3,"my_board":[{"card_name":"Ironbeak Owl","card_health":1,"card_attack":2}],"opponent_board":[{"card_name":"Violet Teacher","card_health":5,"card_attack":3},{"card_name":"Panther","card_health":2,"card_attack":3}]},{"turn":9,"cards_played":["Druid of the Claw"],"current_player":"opponent","my_health":21,"opponent_health":20,"my_armor":0,"opponent_armor":0,"my_hand":4,"opponent_hand":3,"my_board":[{"card_name":"Ironbeak Owl","card_health":1,"card_attack":2}],"opponent_board":[{"card_name":"Violet Teacher","card_health":5,"card_attack":3},{"card_name":"Panther","card_health":2,"card_attack":3},{"card_name":"Druid of the Claw","card_health":6,"card_attack":4}]},{"turn":10,"cards_played":["Knife Juggler","Arcane Golem"],"current_player":"me","my_health":21,"opponent_health":19,"my_armor":0,"opponent_armor":0,"my_hand":3,"opponent_hand":3,"my_board":[{"card_name":"Knife Juggler","card_health":2,"card_attack":3}],"opponent_board":[{"card_name":"Violet Teacher","card_health":5,"card_attack":3},{"card_name":"Panther","card_health":2,"card_attack":3}]},{"turn":11,"cards_played":["Druid of the Claw","Wrath"],"current_player":"opponent","my_health":11,"opponent_health":19,"my_armor":0,"opponent_armor":0,"my_hand":3,"opponent_hand":2,"my_board":[],"opponent_board":[{"card_name":"Violet Teacher","card_health":5,"card_attack":3},{"card_name":"Panther","card_health":2,"card_attack":3},{"card_name":"Druid of the Claw","card_health":4,"card_attack":4}]},{"turn":12,"cards_played":[],"current_player":"me","my_health":11,"opponent_health":19,"my_armor":0,"opponent_armor":0,"my_hand":4,"opponent_hand":2,"my_board":[],"opponent_board":[{"card_name":"Violet Teacher","card_health":5,"card_attack":3},{"card_name":"Panther","card_health":2,"card_attack":3},{"card_name":"Druid of the Claw","card_health":4,"card_attack":4}]}],"result":"defeat"}