{"plays":[{"turn":1,"cards_played":[],"current_player":"opponent","my_health":30,"opponent_health":0,"my_armor":0,"opponent_armor":0,"my_hand":1,"opponent_hand":0,"my_board":[],"opponent_board":[]},{"turn":2,"cards_played":["Zombie Chow"],"current_player":"opponent","my_health":30,"opponent_health":30,"my_armor":0,"opponent_armor":0,"my_hand":4,"opponent_hand":5,"my_board":[],"opponent_board":[{"card_name":"Zombie Chow","card_health":3,"card_attack":2}]},{"turn":3,"cards_played":["Murloc Tidehunter"],"current_player":"me","my_health":30,"opponent_health":30,"my_armor":0,"opponent_armor":0,"my_hand":4,"opponent_hand":5,"my_board":[{"card_name":"Murloc Tidehunter","card_health":1,"card_attack":2},{"card_name":"Murloc Scout","card_health":1,"card_attack":1}],"opponent_board":[{"card_name":"Zombie Chow","card_health":3,"card_attack":2}]},{"turn":4,"cards_played":["Wild Pyromancer","The Coin"],"current_player":"opponent","my_health":28,"opponent_health":30,"my_armor":0,"opponent_armor":0,"my_hand":4,"opponent_hand":4,"my_board":[],"opponent_board":[{"card_name":"Wild Pyromancer","card_health":1,"card_attack":3},{"card_name":"Zombie Chow","card_health":2,"card_attack":2}]},{"turn":5,"cards_played":["Mad Scientist"],"current_player":"me","my_health":28,"opponent_health":30,"my_armor":0,"opponent_armor":0,"my_hand":4,"opponent_hand":4,"my_board":[{"card_name":"Mad Scientist","card_health":2,"card_attack":2}],"opponent_board":[{"card_name":"Wild Pyromancer","card_health":1,"card_attack":3},{"card_name":"Zombie Chow","card_health":2,"card_attack":2}]},{"turn":6,"cards_played":["Spider Tank"],"current_player":"opponent","my_health":30,"opponent_health":30,"my_armor":0,"opponent_armor":0,"my_hand":4,"opponent_hand":5,"my_board":[],"opponent_board":[{"card_name":"Spider Tank","card_health":4,"card_attack":3}]},{"turn":7,"cards_played":["Faerie Dragon","Glaivezooka"],"current_player":"me","my_health":30,"opponent_health":28,"my_armor":0,"opponent_armor":0,"my_hand":3,"opponent_hand":5,"my_board":[{"card_name":"Faerie Dragon","card_health":2,"card_attack":4}],"opponent_board":[{"card_name":"Spider Tank","card_health":4,"card_attack":3}]},{"turn":8,"cards_played":["Truesilver Champion"],"current_player":"opponent","my_health":27,"opponent_health":26,"my_armor":0,"opponent_armor":0,"my_hand":3,"opponent_hand":5,"my_board":[],"opponent_board":[{"card_name":"Spider Tank","card_health":4,"card_attack":3}]},{"turn":9,"cards_played":["Eaglehorn Bow"],"current_player":"me","my_health":27,"opponent_health":24,"my_armor":0,"opponent_armor":0,"my_hand":2,"opponent_hand":5,"my_board":[],"opponent_board":[{"card_name":"Spider Tank","card_health":4,"card_attack":3}]},{"turn":10,"cards_played":["Harvest Golem","Shielded Minibot"],"current_player":"opponent","my_health":27,"opponent_health":24,"my_armor":0,"opponent_armor":0,"my_hand":2,"opponent_hand":4,"my_board":[],"opponent_board":[{"card_name":"Shielded Minibot","card_health":2,"card_attack":2},{"card_name":"Spider Tank","card_health":2,"card_attack":3},{"card_name":"Damaged Golem","card_health":1,"card_attack":2}]},{"turn":11,"cards_played":["Steady Shot"],"current_player":"me","my_health":27,"opponent_health":19,"my_armor":0,"opponent_armor":0,"my_hand":2,"opponent_hand":4,"my_board":[],"opponent_board":[{"card_name":"Shielded Minibot","card_health":2,"card_attack":2},{"card_name":"Spider Tank","card_health":2,"card_attack":3},{"card_name":"Damaged Golem","card_health":1,"card_attack":2}]},{"turn":12,"cards_played":["Boulderfist Ogre"],"current_player":"opponent","my_health":25,"opponent_health":17,"my_armor":0,"opponent_armor":0,"my_hand":2,"opponent_hand":4,"my_board":[],"opponent_board":[{"card_name":"Boulderfist Ogre","card_health":7,"card_attack":6},{"card_name":"Shielded Minibot","card_health":2,"card_attack":2}]},{"turn":13,"cards_played":["Jungle Panther","Steady Shot"],"current_player":"me","my_health":25,"opponent_health":12,"my_armor":0,"opponent_armor":0,"my_hand":2,"opponent_hand":4,"my_board":[{"card_name":"Jungle Panther","card_health":2,"card_attack":4}],"opponent_board":[{"card_name":"Boulderfist Ogre","card_health":7,"card_attack":6},{"card_name":"Shielded Minibot","card_health":2,"card_attack":2}]},{"turn":14,"cards_played":["Guardian of Kings"],"current_player":"opponent","my_health":17,"opponent_health":18,"my_armor":0,"opponent_armor":0,"my_hand":2,"opponent_hand":4,"my_board":[{"card_name":"Jungle Panther","card_health":2,"card_attack":4}],"opponent_board":[{"card_name":"Boulderfist Ogre","card_health":7,"card_attack":6},{"card_name":"Guardian of Kings","card_health":6,"card_attack":5},{"card_name":"Shielded Minibot","card_health":2,"card_attack":2}]},{"turn":15,"cards_played":["Gnomeregan Infantry","Arcane Golem","Steady Shot"],"current_player":"me","my_health":17,"opponent_health":4,"my_armor":0,"opponent_armor":0,"my_hand":1,"opponent_hand":4,"my_board":[{"card_name":"Jungle Panther","card_health":2,"card_attack":4},{"card_name":"Arcane Golem","card_health":2,"card_attack":4},{"card_name":"Gnomeregan Infantry","card_health":4,"card_attack":1}],"opponent_board":[{"card_name":"Boulderfist Ogre","card_health":7,"card_attack":6},{"card_name":"Guardian of Kings","card_health":6,"card_attack":5},{"card_name":"Shielded Minibot","card_health":2,"card_attack":2}]},{"turn":16,"cards_played":["Annoy-o-Tron","Dire Wolf Alpha","Reinforce","Mind Control Tech"],"current_player":"opponent","my_health":6,"opponent_health":6,"my_armor":0,"opponent_armor":0,"my_hand":1,"opponent_hand":2,"my_board":[{"card_name":"Jungle Panther","card_health":2,"card_attack":4}],"opponent_board":[{"card_name":"Annoy-o-Tron","card_health":2,"card_attack":2},{"card_name":"Mind Control Tech","card_health":3,"card_attack":3},{"card_name":"Boulderfist Ogre","card_health":7,"card_attack":7},{"card_name":"Guardian of Kings","card_health":5,"card_attack":5},{"card_name":"Dire Wolf Alpha","card_health":2,"card_attack":2},{"card_name":"Silver Hand Recruit","card_health":1,"card_attack":1}]},{"turn":17,"cards_played":[],"current_player":"me","my_health":6,"opponent_health":6,"my_armor":0,"opponent_armor":0,"my_hand":2,"opponent_hand":2,"my_board":[{"card_name":"Jungle Panther","card_health":2,"card_attack":4}],"opponent_board":[{"card_name":"Annoy-o-Tron","card_health":2,"card_attack":2},{"card_name":"Mind Control Tech","card_health":3,"card_attack":3},{"card_name":"Boulderfist Ogre","card_health":7,"card_attack":7},{"card_name":"Guardian of Kings","card_health":5,"card_attack":5},{"card_name":"Dire Wolf Alpha","card_health":2,"card_attack":2},{"card_name":"Silver Hand Recruit","card_health":1,"card_attack":1}]}],"result":"defeat"}