{"plays":[{"turn":1,"cards_played":[],"current_player":"me","my_health":0,"opponent_health":30,"my_armor":0,"opponent_armor":0,"my_hand":0,"opponent_hand":1,"my_board":[],"opponent_board":[]},{"turn":2,"cards_played":[],"current_player":"opponent","my_health":30,"opponent_health":30,"my_armor":0,"opponent_armor":0,"my_hand":4,"opponent_hand":6,"my_board":[],"opponent_board":[]},{"turn":3,"cards_played":["Haunted Creeper"],"current_player":"me","my_health":30,"opponent_health":30,"my_armor":0,"opponent_armor":0,"my_hand":4,"opponent_hand":6,"my_board":[{"card_name":"Haunted Creeper","card_health":2,"card_attack":1}],"opponent_board":[]},{"turn":4,"cards_played":["Darnassus Aspirant"],"current_player":"opponent","my_health":30,"opponent_health":30,"my_armor":0,"opponent_armor":0,"my_hand":4,"opponent_hand":6,"my_board":[{"card_name":"Haunted Creeper","card_health":2,"card_attack":1}],"opponent_board":[{"card_name":"Darnassus Aspirant","card_health":3,"card_attack":2}]},{"turn":5,"cards_played":["Leper Gnome","Quick Shot"],"current_player":"me","my_health":30,"opponent_health":29,"my_armor":0,"opponent_armor":0,"my_hand":3,"opponent_hand":6,"my_board":[{"card_name":"Haunted Creeper","card_health":2,"card_attack":1},{"card_name":"Leper Gnome","card_health":1,"card_attack":2}],"opponent_board":[]},{"turn":6,"cards_played":["The Coin","Piloted Shredder"],"current_player":"opponent","my_health":30,"opponent_health":29,"my_armor":0,"opponent_armor":0,"my_hand":3,"opponent_hand":5,"my_board":[{"card_name":"Haunted Creeper","card_health":2,"card_attack":1},{"card_name":"Leper Gnome","card_health":1,"card_attack":2}],"opponent_board":[{"card_name":"Piloted Shredder","card_health":3,"card_attack":4}]},{"turn":7,"cards_played":["Steady Shot"],"current_player":"me","my_health":30,"opponent_health":24,"my_armor":0,"opponent_armor":0,"my_hand":3,"opponent_hand":5,"my_board":[{"card_name":"Haunted Creeper","card_health":2,"card_attack":1},{"card_name":"Leper Gnome","card_health":1,"card_attack":2}],"opponent_board":[{"card_name":"Piloted Shredder","card_health":3,"card_attack":4}]},{"turn":8,"cards_played":["Swipe"],"current_player":"opponent","my_health":26,"opponent_health":24,"my_armor":0,"opponent_armor":0,"my_hand":3,"opponent_hand":5,"my_board":[],"opponent_board":[{"card_name":"Piloted Shredder","card_health":2,"card_attack":4}]},{"turn":9,"cards_played":["Steady Shot"],"current_player":"me","my_health":26,"opponent_health":20,"my_armor":0,"opponent_armor":0,"my_hand":4,"opponent_hand":5,"my_board":[],"opponent_board":[{"card_name":"Piloted Shredder","card_health":2,"card_attack":4}]},{"turn":10,"cards_played":["Azure Drake"],"current_player":"opponent","my_health":26,"opponent_health":18,"my_armor":0,"opponent_armor":0,"my_hand":4,"opponent_hand":6,"my_board":[],"opponent_board":[{"card_name":"Azure Drake","card_health":2,"card_attack":4},{"card_name":"Annoy-o-Tron","card_health":2,"card_attack":1}]},{"turn":11,"cards_played":["Knife Juggler","Unleash the Hounds","Abusive Sergeant"],"current_player":"me","my_health":26,"opponent_health":16,"my_armor":0,"opponent_armor":0,"my_hand":2,"opponent_hand":6,"my_board":[{"card_name":"Abusive Sergeant","card_health":1,"card_attack":2},{"card_name":"Knife Juggler","card_health":2,"card_attack":3}],"opponent_board":[{"card_name":"Azure Drake","card_health":1,"card_attack":4}]},{"turn":12,"cards_played":["Swipe","Shapeshift"],"current_player":"opponent","my_health":16,"opponent_health":16,"my_armor":0,"opponent_armor":1,"my_hand":2,"opponent_hand":6,"my_board":[],"opponent_board":[{"card_name":"Azure Drake","card_health":1,"card_attack":4}]},{"turn":13,"cards_played":["Worgen Infiltrator","Unleash the Hounds","Steady Shot"],"current_player":"me","my_health":16,"opponent_health":15,"my_armor":0,"opponent_armor":0,"my_hand":1,"opponent_hand":6,"my_board":[{"card_name":"Worgen Infiltrator","card_health":1,"card_attack":2}],"opponent_board":[]},{"turn":14,"cards_played":["Ancient of Lore"],"current_player":"opponent","my_health":16,"opponent_health":15,"my_armor":0,"opponent_armor":0,"my_hand":1,"opponent_hand":6,"my_board":[{"card_name":"Worgen Infiltrator","card_health":1,"card_attack":2}],"opponent_board":[{"card_name":"Ancient of Lore","card_health":5,"card_attack":5}]},{"turn":15,"cards_played":["Argent Horserider","Steady Shot"],"current_player":"me","my_health":16,"opponent_health":14,"my_armor":0,"opponent_armor":0,"my_hand":1,"opponent_hand":6,"my_board":[{"card_name":"Worgen Infiltrator","card_health":1,"card_attack":2},{"card_name":"Argent Horserider","card_health":1,"card_attack":2}],"opponent_board":[{"card_name":"Ancient of Lore","card_health":5,"card_attack":5}]},{"turn":16,"cards_played":["Keeper of the Grove","Wrath","Innervate","Keeper of the Grove"],"current_player":"opponent","my_health":11,"opponent_health":14,"my_armor":0,"opponent_armor":0,"my_hand":1,"opponent_hand":4,"my_board":[],"opponent_board":[{"card_name":"Keeper of the Grove","card_health":4,"card_attack":2},{"card_name":"Ancient of Lore","card_health":5,"card_attack":5},{"card_name":"Keeper of the Grove","card_health":4,"card_attack":2}]},{"turn":17,"cards_played":["Eaglehorn Bow","Steady Shot"],"current_player":"me","my_health":11,"opponent_health":9,"my_armor":0,"opponent_armor":0,"my_hand":1,"opponent_hand":4,"my_board":[],"opponent_board":[{"card_name":"Keeper of the Grove","card_health":4,"card_attack":2},{"card_name":"Ancient of Lore","card_health":5,"card_attack":5},{"card_name":"Keeper of the Grove","card_health":4,"card_attack":2}]},{"turn":18,"cards_played":["Druid of the Claw","Shapeshift"],"current_player":"opponent","my_health":11,"opponent_health":9,"my_armor":0,"opponent_armor":1,"my_hand":1,"opponent_hand":4,"my_board":[],"opponent_board":[{"card_name":"Keeper of the Grove","card_health":4,"card_attack":2},{"card_name":"Ancient of Lore","card_health":5,"card_attack":5},{"card_name":"Keeper of the Grove","card_health":4,"card_attack":2},{"card_name":"Druid of the Claw","card_health":4,"card_attack":4}]}],"result":"defeat"}