{"plays":[{"turn":1,"cards_played":[],"current_player":"opponent","my_health":30,"opponent_health":0,"my_armor":0,"opponent_armor":0,"my_hand":1,"opponent_hand":0,"my_board":[],"opponent_board":[]},{"turn":2,"cards_played":["The Coin","Knife Juggler"],"current_player":"me","my_health":30,"opponent_health":30,"my_armor":0,"opponent_armor":0,"my_hand":4,"opponent_hand":4,"my_board":[{"card_name":"Knife Juggler","card_health":2,"card_attack":3}],"opponent_board":[]},{"turn":3,"cards_played":["Ironbeak Owl"],"current_player":"opponent","my_health":30,"opponent_health":30,"my_armor":0,"opponent_armor":0,"my_hand":4,"opponent_hand":4,"my_board":[{"card_name":"Knife Juggler","card_health":2,"card_attack":3}],"opponent_board":[{"card_name":"Ironbeak Owl","card_health":1,"card_attack":2}]},{"turn":4,"cards_played":["Haunted Creeper"],"current_player":"me","my_health":30,"opponent_health":27,"my_armor":0,"opponent_armor":0,"my_hand":4,"opponent_hand":4,"my_board":[{"card_name":"Haunted Creeper","card_health":2,"card_attack":1},{"card_name":"Knife Juggler","card_health":2,"card_attack":3}],"opponent_board":[{"card_name":"Ironbeak Owl","card_health":1,"card_attack":2}]},{"turn":5,"cards_played":["Knife Juggler"],"current_player":"opponent","my_health":30,"opponent_health":27,"my_armor":0,"opponent_armor":0,"my_hand":4,"opponent_hand":4,"my_board":[{"card_name":"Haunted Creeper","card_health":2,"card_attack":1}],"opponent_board":[{"card_name":"Knife Juggler","card_health":2,"card_attack":3}]},{"turn":6,"cards_played":["Quick Shot"],"current_player":"me","my_health":30,"opponent_health":26,"my_armor":0,"opponent_armor":0,"my_hand":4,"opponent_hand":4,"my_board":[{"card_name":"Haunted Creeper","card_health":2,"card_attack":1}],"opponent_board":[]},{"turn":7,"cards_played":["Murloc Knight"],"current_player":"opponent","my_health":30,"opponent_health":26,"my_armor":0,"opponent_armor":0,"my_hand":4,"opponent_hand":4,"my_board":[{"card_name":"Haunted Creeper","card_health":2,"card_attack":1}],"opponent_board":[{"card_name":"Murloc Knight","card_health":4,"card_attack":3}]},{"turn":8,"cards_played":["King's Elekk"],"current_player":"me","my_health":30,"opponent_health":25,"my_armor":0,"opponent_armor":0,"my_hand":3,"opponent_hand":4,"my_board":[{"card_name":"Haunted Creeper","card_health":2,"card_attack":1},{"card_name":"King's Elekk","card_health":2,"card_attack":3}],"opponent_board":[{"card_name":"Murloc Knight","card_health":4,"card_attack":3}]},{"turn":9,"cards_played":["Reinforce"],"current_player":"opponent","my_health":30,"opponent_health":25,"my_armor":0,"opponent_armor":0,"my_hand":3,"opponent_hand":6,"my_board":[{"card_name":"Haunted Creeper","card_health":2,"card_attack":1},{"card_name":"King's Elekk","card_health":2,"card_attack":3}],"opponent_board":[{"card_name":"Silver Hand Recruit","card_health":1,"card_attack":1},{"card_name":"Murloc Knight","card_health":4,"card_attack":3}]},{"turn":10,"cards_played":["Kill Command","Steady Shot"],"current_player":"me","my_health":30,"opponent_health":20,"my_armor":0,"opponent_armor":0,"my_hand":3,"opponent_hand":6,"my_board":[{"card_name":"Haunted Creeper","card_health":1,"card_attack":1},{"card_name":"King's Elekk","card_health":2,"card_attack":3}],"opponent_board":[]},{"turn":11,"cards_played":["Reinforce","Truesilver Champion"],"current_player":"opponent","my_health":30,"opponent_health":19,"my_armor":0,"opponent_armor":0,"my_hand":3,"opponent_hand":6,"my_board":[{"card_name":"Haunted Creeper","card_health":1,"card_attack":1}],"opponent_board":[{"card_name":"Silver Hand Recruit","card_health":1,"card_attack":1}]},{"turn":12,"cards_played":["Savannah Highmane"],"current_player":"me","my_health":30,"opponent_health":18,"my_armor":0,"opponent_armor":0,"my_hand":3,"opponent_hand":6,"my_board":[{"card_name":"Savannah Highmane","card_health":5,"card_attack":6},{"card_name":"Haunted Creeper","card_health":1,"card_attack":1}],"opponent_board":[{"card_name":"Silver Hand Recruit","card_health":1,"card_attack":1}]},{"turn":13,"cards_played":["Equality","Old Murk-Eye"],"current_player":"opponent","my_health":30,"opponent_health":18,"my_armor":0,"opponent_armor":0,"my_hand":3,"opponent_hand":5,"my_board":[{"card_name":"Haunted Creeper","card_health":1,"card_attack":1}],"opponent_board":[{"card_name":"Old Murk-Eye","card_health":2,"card_attack":2}]},{"turn":14,"cards_played":["Piloted Shredder","Kill Command"],"current_player":"me","my_health":30,"opponent_health":12,"my_armor":0,"opponent_armor":0,"my_hand":2,"opponent_hand":5,"my_board":[{"card_name":"Piloted Shredder","card_health":3,"card_attack":4},{"card_name":"Haunted Creeper","card_health":1,"card_attack":1}],"opponent_board":[{"card_name":"Old Murk-Eye","card_health":2,"card_attack":2}]},{"turn":15,"cards_played":["Abusive Sergeant","Murloc Warleader","Defender of Argus"],"current_player":"opponent","my_health":30,"opponent_health":12,"my_armor":0,"opponent_armor":0,"my_hand":2,"opponent_hand":3,"my_board":[{"card_name":"Haunted Creeper","card_health":1,"card_attack":1},{"card_name":"Mistress of Pain","card_health":4,"card_attack":1}],"opponent_board":[{"card_name":"Abusive Sergeant","card_health":1,"card_attack":2},{"card_name":"Murloc Warleader","card_health":3,"card_attack":3},{"card_name":"Defender of Argus","card_health":3,"card_attack":2}]},{"turn":16,"cards_played":["Unleash the Hounds","Unleash the Hounds","Steady Shot"],"current_player":"me","my_health":30,"opponent_health":8,"my_armor":0,"opponent_armor":0,"my_hand":1,"opponent_hand":3,"my_board":[{"card_name":"Mistress of Pain","card_health":1,"card_attack":1},{"card_name":"Hound","card_health":1,"card_attack":1},{"card_name":"Hound","card_health":1,"card_attack":1},{"card_name":"Spectral Spider","card_health":1,"card_attack":1},{"card_name":"Spectral Spider","card_health":1,"card_attack":1}],"opponent_board":[{"card_name":"Defender of Argus","card_health":3,"card_attack":2}]},{"turn":17,"cards_played":["Murloc Knight","Reinforce"],"current_player":"opponent","my_health":30,"opponent_health":8,"my_armor":0,"opponent_armor":0,"my_hand":1,"opponent_hand":3,"my_board":[{"card_name":"Mistress of Pain","card_health":1,"card_attack":1},{"card_name":"Hound","card_health":1,"card_attack":1},{"card_name":"Spectral Spider","card_health":1,"card_attack":1},{"card_name":"Spectral Spider","card_health":1,"card_attack":1}],"opponent_board":[{"card_name":"Defender of Argus","card_health":2,"card_attack":2},{"card_name":"Murloc Knight","card_health":4,"card_attack":3},{"card_name":"Silver Hand Recruit","card_health":1,"card_attack":1},{"card_name":"Murloc Warleader","card_health":3,"card_attack":3}]},{"turn":18,"cards_played":["Dr. Boom","Steady Shot"],"current_player":"me","my_health":30,"opponent_health":2,"my_armor":0,"opponent_armor":0,"my_hand":1,"opponent_hand":3,"my_board":[{"card_name":"Dr. Boom","card_health":7,"card_attack":7},{"card_name":"Mistress of Pain","card_health":1,"card_attack":1},{"card_name":"Hound","card_health":1,"card_attack":1},{"card_name":"Spectral Spider","card_health":1,"card_attack":1},{"card_name":"Spectral Spider","card_health":1,"card_attack":1},{"card_name":"Boom Bot","card_health":1,"card_attack":1},{"card_name":"Boom Bot","card_health":1,"card_attack":1}],"opponent_board":[{"card_name":"Defender of Argus","card_health":2,"card_attack":2},{"card_name":"Murloc Knight","card_health":5,"card_attack":5},{"card_name":"Silver Hand Recruit","card_health":1,"card_attack":1},{"card_name":"Murloc Warleader","card_health":3,"card_attack":3}]},{"turn":19,"cards_played":["Murloc Warleader","Reinforce","Truesilver Champion"],"current_player":"opponent","my_health":11,"opponent_health":4,"my_armor":0,"opponent_armor":0,"my_hand":1,"opponent_hand":2,"my_board":[{"card_name":"Dr. Boom","card_health":7,"card_attack":7},{"card_name":"Mistress of Pain","card_health":1,"card_attack":1},{"card_name":"Hound","card_health":1,"card_attack":1},{"card_name":"Spectral Spider","card_health":1,"card_attack":1},{"card_name":"Spectral Spider","card_health":1,"card_attack":1},{"card_name":"Boom Bot","card_health":1,"card_attack":1},{"card_name":"Boom Bot","card_health":1,"card_attack":1}],"opponent_board":[{"card_name":"Murloc Warleader","card_health":4,"card_attack":5},{"card_name":"Defender of Argus","card_health":2,"card_attack":2},{"card_name":"Murloc Knight","card_health":6,"card_attack":7},{"card_name":"Silver Hand Recruit","card_health":1,"card_attack":1},{"card_name":"Murloc Warleader","card_health":4,"card_attack":5},{"card_name":"Silver Hand Recruit","card_health":1,"card_attack":1},{"card_name":"Coldlight Oracle","card_health":4,"card_attack":6}]},{"turn":20,"cards_played":[],"current_player":"me","my_health":11,"opponent_health":-3,"my_armor":0,"opponent_armor":0,"my_hand":2,"opponent_hand":2,"my_board":[{"card_name":"Dr. Boom","card_health":7,"card_attack":7},{"card_name":"Mistress of Pain","card_health":1,"card_attack":1},{"card_name":"Hound","card_health":1,"card_attack":1},{"card_name":"Spectral Spider","card_health":1,"card_attack":1},{"card_name":"Spectral Spider","card_health":1,"card_attack":1},{"card_name":"Boom Bot","card_health":1,"card_attack":1},{"card_name":"Boom Bot","card_health":1,"card_attack":1}],"opponent_board":[{"card_name":"Murloc Warleader","card_health":4,"card_attack":5},{"card_name":"Defender of Argus","card_health":2,"card_attack":2},{"card_name":"Murloc Knight","card_health":6,"card_attack":7},{"card_name":"Silver Hand Recruit","card_health":1,"card_attack":1},{"card_name":"Murloc Warleader","card_health":4,"card_attack":5},{"card_name":"Silver Hand Recruit","card_health":1,"card_attack":1},{"card_name":"Coldlight Oracle","card_health":4,"card_attack":6}]}],"result":"victory"}