{"plays":[{"turn":1,"cards_played":[],"current_player":"me","my_health":0,"opponent_health":30,"my_armor":0,"opponent_armor":0,"my_hand":0,"opponent_hand":1,"my_board":[],"opponent_board":[]},{"turn":2,"cards_played":["Webspinner","Mana Wyrm"],"current_player":"opponent","my_health":30,"opponent_health":30,"my_armor":0,"opponent_armor":0,"my_hand":3,"opponent_hand":5,"my_board":[{"card_name":"Webspinner","card_health":1,"card_attack":1}],"opponent_board":[{"card_name":"Mana Wyrm","card_health":3,"card_attack":1}]},{"turn":3,"cards_played":["Steady Shot"],"current_player":"me","my_health":30,"opponent_health":27,"my_armor":0,"opponent_armor":0,"my_hand":4,"opponent_hand":5,"my_board":[{"card_name":"Webspinner","card_health":1,"card_attack":1}],"opponent_board":[{"card_name":"Mana Wyrm","card_health":3,"card_attack":1}]},{"turn":4,"cards_played":["The Coin","Spellslinger"],"current_player":"opponent","my_health":30,"opponent_health":27,"my_armor":0,"opponent_armor":0,"my_hand":6,"opponent_hand":5,"my_board":[],"opponent_board":[{"card_name":"Spellslinger","card_health":4,"card_attack":3},{"card_name":"Mana Wyrm","card_health":2,"card_attack":2}]},{"turn":5,"cards_played":["Eaglehorn Bow"],"current_player":"me","my_health":28,"opponent_health":27,"my_armor":0,"opponent_armor":0,"my_hand":6,"opponent_hand":5,"my_board":[],"opponent_board":[{"card_name":"Spellslinger","card_health":4,"card_attack":3}]},{"turn":6,"cards_played":["Unstable Portal","Shade of Naxxramas"],"current_player":"opponent","my_health":25,"opponent_health":27,"my_armor":0,"opponent_armor":0,"my_hand":6,"opponent_hand":5,"my_board":[],"opponent_board":[{"card_name":"Spellslinger","card_health":4,"card_attack":3},{"card_name":"Shade of Naxxramas","card_health":2,"card_attack":2}]},{"turn":7,"cards_played":["King's Elekk"],"current_player":"me","my_health":25,"opponent_health":27,"my_armor":0,"opponent_armor":0,"my_hand":5,"opponent_hand":5,"my_board":[{"card_name":"King's Elekk","card_health":2,"card_attack":3}],"opponent_board":[{"card_name":"Spellslinger","card_health":4,"card_attack":3},{"card_name":"Shade of Naxxramas","card_health":2,"card_attack":2}]},{"turn":8,"cards_played":["Arcane Blast"],"current_player":"opponent","my_health":25,"opponent_health":27,"my_armor":0,"opponent_armor":0,"my_hand":5,"opponent_hand":5,"my_board":[],"opponent_board":[{"card_name":"Shade of Naxxramas","card_health":3,"card_attack":3}]},{"turn":9,"cards_played":["Ironbeak Owl","Mirror Image","Steady Shot"],"current_player":"me","my_health":25,"opponent_health":22,"my_armor":0,"opponent_armor":0,"my_hand":4,"opponent_hand":5,"my_board":[{"card_name":"Ironbeak Owl","card_health":1,"card_attack":2},{"card_name":"Mirror Image","card_health":2,"card_attack":0},{"card_name":"Mirror Image","card_health":2,"card_attack":0}],"opponent_board":[{"card_name":"Shade of Naxxramas","card_health":3,"card_attack":3}]},{"turn":10,"cards_played":["Fireblast","Fireblast"],"current_player":"opponent","my_health":25,"opponent_health":22,"my_armor":0,"opponent_armor":0,"my_hand":4,"opponent_hand":5,"my_board":[{"card_name":"Mirror Image","card_health":2,"card_attack":0}],"opponent_board":[{"card_name":"Shade of Naxxramas","card_health":4,"card_attack":4}]},{"turn":11,"cards_played":["Silverback Patriarch","Kill Command"],"current_player":"me","my_health":25,"opponent_health":19,"my_armor":0,"opponent_armor":0,"my_hand":3,"opponent_hand":5,"my_board":[{"card_name":"Silverback Patriarch","card_health":4,"card_attack":1},{"card_name":"Mirror Image","card_health":2,"card_attack":0}],"opponent_board":[{"card_name":"Shade of Naxxramas","card_health":4,"card_attack":4}]},{"turn":12,"cards_played":["Azure Drake"],"current_player":"opponent","my_health":25,"opponent_health":19,"my_armor":0,"opponent_armor":0,"my_hand":3,"opponent_hand":6,"my_board":[{"card_name":"Mirror Image","card_health":2,"card_attack":0}],"opponent_board":[{"card_name":"Azure Drake","card_health":4,"card_attack":4},{"card_name":"Shade of Naxxramas","card_health":4,"card_attack":5}]},{"turn":13,"cards_played":["Savannah Highmane"],"current_player":"me","my_health":25,"opponent_health":19,"my_armor":0,"opponent_armor":0,"my_hand":3,"opponent_hand":6,"my_board":[{"card_name":"Savannah Highmane","card_health":5,"card_attack":6},{"card_name":"Mirror Image","card_health":2,"card_attack":0}],"opponent_board":[{"card_name":"Azure Drake","card_health":4,"card_attack":4},{"card_name":"Shade of Naxxramas","card_health":4,"card_attack":5}]},{"turn":14,"cards_played":["Azure Drake","Arcane Blast"],"current_player":"opponent","my_health":21,"opponent_health":19,"my_armor":0,"opponent_armor":0,"my_hand":3,"opponent_hand":6,"my_board":[{"card_name":"Hyena","card_health":2,"card_attack":2},{"card_name":"Hyena","card_health":2,"card_attack":2}],"opponent_board":[{"card_name":"Azure Drake","card_health":4,"card_attack":4},{"card_name":"Azure Drake","card_health":4,"card_attack":4},{"card_name":"Shade of Naxxramas","card_health":5,"card_attack":6}]},{"turn":15,"cards_played":["Houndmaster","Piloted Shredder"],"current_player":"me","my_health":21,"opponent_health":13,"my_armor":0,"opponent_armor":0,"my_hand":2,"opponent_hand":6,"my_board":[{"card_name":"Piloted Shredder","card_health":3,"card_attack":4},{"card_name":"Houndmaster","card_health":3,"card_attack":4},{"card_name":"Hyena","card_health":2,"card_attack":2},{"card_name":"Hyena","card_health":4,"card_attack":4}],"opponent_board":[{"card_name":"Azure Drake","card_health":4,"card_attack":4},{"card_name":"Azure Drake","card_health":4,"card_attack":4},{"card_name":"Shade of Naxxramas","card_health":5,"card_attack":6}]},{"turn":16,"cards_played":["Frostbolt","Power of the Wild","Fireball"],"current_player":"opponent","my_health":-5,"opponent_health":13,"my_armor":0,"opponent_armor":0,"my_hand":2,"opponent_hand":4,"my_board":[{"card_name":"Piloted Shredder","card_health":3,"card_attack":4},{"card_name":"Houndmaster","card_health":3,"card_attack":4},{"card_name":"Hyena","card_health":2,"card_attack":2}],"opponent_board":[{"card_name":"Azure Drake","card_health":5,"card_attack":5},{"card_name":"Azure Drake","card_health":5,"card_attack":5},{"card_name":"Shade of Naxxramas","card_health":7,"card_attack":8}]}],"result":"defeat"}