{"plays":[{"turn":1,"cards_played":[],"current_player":"opponent","my_health":30,"opponent_health":0,"my_armor":0,"opponent_armor":0,"my_hand":1,"opponent_hand":0,"my_board":[],"opponent_board":[]},{"turn":2,"cards_played":[],"current_player":"opponent","my_health":30,"opponent_health":30,"my_armor":0,"opponent_armor":0,"my_hand":4,"opponent_hand":6,"my_board":[],"opponent_board":[]},{"turn":3,"cards_played":["Faerie Dragon"],"current_player":"me","my_health":30,"opponent_health":30,"my_armor":0,"opponent_armor":0,"my_hand":4,"opponent_hand":6,"my_board":[{"card_name":"Faerie Dragon","card_health":2,"card_attack":3}],"opponent_board":[]},{"turn":4,"cards_played":["The Coin","Spider Tank"],"current_player":"opponent","my_health":30,"opponent_health":30,"my_armor":0,"opponent_armor":0,"my_hand":4,"opponent_hand":5,"my_board":[{"card_name":"Faerie Dragon","card_health":2,"card_attack":3}],"opponent_board":[{"card_name":"Spider Tank","card_health":4,"card_attack":3}]},{"turn":5,"cards_played":["Glaivezooka"],"current_player":"me","my_health":30,"opponent_health":24,"my_armor":0,"opponent_armor":0,"my_hand":4,"opponent_hand":5,"my_board":[{"card_name":"Faerie Dragon","card_health":2,"card_attack":4}],"opponent_board":[{"card_name":"Spider Tank","card_health":4,"card_attack":3}]},{"turn":6,"cards_played":["Ironbeak Owl"],"current_player":"opponent","my_health":30,"opponent_health":24,"my_armor":0,"opponent_armor":0,"my_hand":4,"opponent_hand":5,"my_board":[],"opponent_board":[{"card_name":"Spider Tank","card_health":1,"card_attack":3},{"card_name":"Ironbeak Owl","card_health":1,"card_attack":2}]},{"turn":7,"cards_played":["Murloc Tidehunter"],"current_player":"me","my_health":30,"opponent_health":22,"my_armor":0,"opponent_armor":0,"my_hand":3,"opponent_hand":5,"my_board":[{"card_name":"Murloc Tidehunter","card_health":1,"card_attack":2},{"card_name":"Murloc Scout","card_health":1,"card_attack":1}],"opponent_board":[{"card_name":"Spider Tank","card_health":1,"card_attack":3},{"card_name":"Ironbeak Owl","card_health":1,"card_attack":2}]},{"turn":8,"cards_played":["Arcane Nullifier X-21"],"current_player":"opponent","my_health":30,"opponent_health":20,"my_armor":0,"opponent_armor":0,"my_hand":3,"opponent_hand":5,"my_board":[{"card_name":"Murloc Scout","card_health":1,"card_attack":1}],"opponent_board":[{"card_name":"Arcane Nullifier X-21","card_health":3,"card_attack":2}]},{"turn":9,"cards_played":["Acolyte of Pain","Steady Shot"],"current_player":"me","my_health":30,"opponent_health":18,"my_armor":0,"opponent_armor":0,"my_hand":3,"opponent_hand":5,"my_board":[{"card_name":"Acolyte of Pain","card_health":3,"card_attack":1},{"card_name":"Murloc Scout","card_health":1,"card_attack":1}],"opponent_board":[{"card_name":"Arcane Nullifier X-21","card_health":3,"card_attack":2}]},{"turn":10,"cards_played":["Cone of Cold"],"current_player":"opponent","my_health":28,"opponent_health":18,"my_armor":0,"opponent_armor":0,"my_hand":4,"opponent_hand":5,"my_board":[{"card_name":"Acolyte of Pain","card_health":2,"card_attack":1}],"opponent_board":[{"card_name":"Arcane Nullifier X-21","card_health":3,"card_attack":2}]},{"turn":11,"cards_played":["Piloted Sky Golem"],"current_player":"me","my_health":28,"opponent_health":18,"my_armor":0,"opponent_armor":0,"my_hand":4,"opponent_hand":5,"my_board":[{"card_name":"Piloted Sky Golem","card_health":4,"card_attack":6},{"card_name":"Acolyte of Pain","card_health":2,"card_attack":1}],"opponent_board":[{"card_name":"Arcane Nullifier X-21","card_health":3,"card_attack":2}]},{"turn":12,"cards_played":["Dragon's Breath"],"current_player":"opponent","my_health":26,"opponent_health":18,"my_armor":0,"opponent_armor":0,"my_hand":4,"opponent_hand":5,"my_board":[{"card_name":"Acolyte of Pain","card_health":2,"card_attack":1},{"card_name":"Piloted Shredder","card_health":3,"card_attack":4}],"opponent_board":[{"card_name":"Arcane Nullifier X-21","card_health":3,"card_attack":2}]},{"turn":13,"cards_played":["Glaivezooka","Cult Master"],"current_player":"me","my_health":26,"opponent_health":14,"my_armor":0,"opponent_armor":0,"my_hand":3,"opponent_hand":5,"my_board":[{"card_name":"Cult Master","card_health":2,"card_attack":4},{"card_name":"Acolyte of Pain","card_health":2,"card_attack":2},{"card_name":"Piloted Shredder","card_health":1,"card_attack":4}],"opponent_board":[]},{"turn":14,"cards_played":["Burly Rockjaw Trogg","Fireblast","Fireblast"],"current_player":"opponent","my_health":26,"opponent_health":14,"my_armor":0,"opponent_armor":0,"my_hand":4,"opponent_hand":5,"my_board":[{"card_name":"Cult Master","card_health":2,"card_attack":4},{"card_name":"Acolyte of Pain","card_health":2,"card_attack":2},{"card_name":"Bluegill Warrior","card_health":1,"card_attack":2}],"opponent_board":[{"card_name":"Burly Rockjaw Trogg","card_health":5,"card_attack":3}]},{"turn":15,"cards_played":["Steady Shot","Unleash the Hounds","Timber Wolf"],"current_player":"me","my_health":26,"opponent_health":0,"my_armor":0,"opponent_armor":0,"my_hand":3,"opponent_hand":5,"my_board":[{"card_name":"Cult Master","card_health":2,"card_attack":4},{"card_name":"Acolyte of Pain","card_health":2,"card_attack":2},{"card_name":"Timber Wolf","card_health":1,"card_attack":1},{"card_name":"Bluegill Warrior","card_health":1,"card_attack":2},{"card_name":"Hound","card_health":1,"card_attack":2}],"opponent_board":[{"card_name":"Burly Rockjaw Trogg","card_health":5,"card_attack":5}]}],"result":"victory"}