{"plays":[{"turn":1,"cards_played":[],"current_player":"me","my_health":0,"opponent_health":30,"my_armor":0,"opponent_armor":0,"my_hand":0,"opponent_hand":1,"my_board":[],"opponent_board":[]},{"turn":2,"cards_played":["Abusive Sergeant","The Coin","Micro Machine"],"current_player":"me","my_health":30,"opponent_health":30,"my_armor":0,"opponent_armor":0,"my_hand":3,"opponent_hand":4,"my_board":[{"card_name":"Abusive Sergeant","card_health":1,"card_attack":2}],"opponent_board":[{"card_name":"Micro Machine","card_health":2,"card_attack":1}]},{"turn":3,"cards_played":["Steady Shot"],"current_player":"me","my_health":30,"opponent_health":28,"my_armor":0,"opponent_armor":0,"my_hand":4,"opponent_hand":4,"my_board":[],"opponent_board":[]},{"turn":4,"cards_played":["Youthful Brewmaster"],"current_player":"opponent","my_health":30,"opponent_health":28,"my_armor":0,"opponent_armor":0,"my_hand":4,"opponent_hand":4,"my_board":[],"opponent_board":[{"card_name":"Youthful Brewmaster","card_health":2,"card_attack":3}]},{"turn":5,"cards_played":["Animal Companion"],"current_player":"me","my_health":30,"opponent_health":28,"my_armor":0,"opponent_armor":0,"my_hand":4,"opponent_hand":4,"my_board":[{"card_name":"Misha","card_health":4,"card_attack":4}],"opponent_board":[{"card_name":"Youthful Brewmaster","card_health":2,"card_attack":3}]},{"turn":6,"cards_played":["Crackle"],"current_player":"opponent","my_health":27,"opponent_health":28,"my_armor":0,"opponent_armor":0,"my_hand":4,"opponent_hand":4,"my_board":[],"opponent_board":[{"card_name":"Youthful Brewmaster","card_health":2,"card_attack":3}]},{"turn":7,"cards_played":["Amani Berserker","Steady Shot"],"current_player":"me","my_health":27,"opponent_health":26,"my_armor":0,"opponent_armor":0,"my_hand":4,"opponent_hand":4,"my_board":[{"card_name":"Amani Berserker","card_health":3,"card_attack":2}],"opponent_board":[{"card_name":"Youthful Brewmaster","card_health":2,"card_attack":3}]},{"turn":8,"cards_played":["Emperor Cobra"],"current_player":"opponent","my_health":24,"opponent_health":26,"my_armor":0,"opponent_armor":0,"my_hand":4,"opponent_hand":4,"my_board":[{"card_name":"Amani Berserker","card_health":3,"card_attack":2}],"opponent_board":[{"card_name":"Emperor Cobra","card_health":3,"card_attack":2},{"card_name":"Youthful Brewmaster","card_health":2,"card_attack":3}]},{"turn":9,"cards_played":["Raging Worgen","Steady Shot"],"current_player":"me","my_health":24,"opponent_health":24,"my_armor":0,"opponent_armor":0,"my_hand":4,"opponent_hand":4,"my_board":[{"card_name":"Raging Worgen","card_health":3,"card_attack":3}],"opponent_board":[{"card_name":"Emperor Cobra","card_health":3,"card_attack":2}]},{"turn":10,"cards_played":["Bomb Lobber"],"current_player":"opponent","my_health":22,"opponent_health":24,"my_armor":0,"opponent_armor":0,"my_hand":4,"opponent_hand":4,"my_board":[],"opponent_board":[{"card_name":"Emperor Cobra","card_health":3,"card_attack":2},{"card_name":"Bomb Lobber","card_health":3,"card_attack":3}]},{"turn":11,"cards_played":["Unleash the Hounds","Kill Command"],"current_player":"me","my_health":22,"opponent_health":22,"my_armor":0,"opponent_armor":0,"my_hand":3,"opponent_hand":4,"my_board":[{"card_name":"Hound","card_health":1,"card_attack":1},{"card_name":"Hound","card_health":1,"card_attack":1}],"opponent_board":[{"card_name":"Bomb Lobber","card_health":3,"card_attack":3}]},{"turn":12,"cards_played":["Gurubashi Berserker","Zombie Chow"],"current_player":"opponent","my_health":19,"opponent_health":22,"my_armor":0,"opponent_armor":0,"my_hand":3,"opponent_hand":3,"my_board":[{"card_name":"Hound","card_health":1,"card_attack":1},{"card_name":"Hound","card_health":1,"card_attack":1}],"opponent_board":[{"card_name":"Gurubashi Berserker","card_health":7,"card_attack":2},{"card_name":"Zombie Chow","card_health":3,"card_attack":2},{"card_name":"Bomb Lobber","card_health":3,"card_attack":3}]},{"turn":13,"cards_played":["Recruiter","Steady Shot"],"current_player":"me","my_health":19,"opponent_health":18,"my_armor":0,"opponent_armor":0,"my_hand":4,"opponent_hand":3,"my_board":[{"card_name":"Recruiter","card_health":4,"card_attack":5},{"card_name":"Hound","card_health":1,"card_attack":1},{"card_name":"Hound","card_health":1,"card_attack":1}],"opponent_board":[{"card_name":"Gurubashi Berserker","card_health":7,"card_attack":2},{"card_name":"Zombie Chow","card_health":3,"card_attack":2},{"card_name":"Bomb Lobber","card_health":3,"card_attack":3}]},{"turn":14,"cards_played":["Rockbiter Weapon","Totemic Call","Jungle Panther","Zombie Chow"],"current_player":"opponent","my_health":19,"opponent_health":18,"my_armor":0,"opponent_armor":0,"my_hand":4,"opponent_hand":1,"my_board":[],"opponent_board":[{"card_name":"Gurubashi Berserker","card_health":2,"card_attack":8},{"card_name":"Jungle Panther","card_health":2,"card_attack":4},{"card_name":"Zombie Chow","card_health":2,"card_attack":2},{"card_name":"Zombie Chow","card_health":3,"card_attack":2},{"card_name":"Bomb Lobber","card_health":2,"card_attack":3},{"card_name":"Searing Totem","card_health":1,"card_attack":1}]},{"turn":15,"cards_played":["Mind Control Tech","Squire","Scavenging Hyena","Steady Shot"],"current_player":"me","my_health":19,"opponent_health":16,"my_armor":0,"opponent_armor":0,"my_hand":2,"opponent_hand":1,"my_board":[{"card_name":"Mind Control Tech","card_health":3,"card_attack":3},{"card_name":"Scavenging Hyena","card_health":2,"card_attack":2},{"card_name":"Squire","card_health":2,"card_attack":2},{"card_name":"Searing Totem","card_health":1,"card_attack":1}],"opponent_board":[{"card_name":"Gurubashi Berserker","card_health":2,"card_attack":5},{"card_name":"Jungle Panther","card_health":2,"card_attack":4},{"card_name":"Zombie Chow","card_health":2,"card_attack":2},{"card_name":"Zombie Chow","card_health":3,"card_attack":2},{"card_name":"Bomb Lobber","card_health":2,"card_attack":3}]},{"turn":16,"cards_played":["Stormforged Axe","Frost Elemental"],"current_player":"opponent","my_health":10,"opponent_health":14,"my_armor":0,"opponent_armor":0,"my_hand":2,"opponent_hand":0,"my_board":[],"opponent_board":[{"card_name":"Frost Elemental","card_health":5,"card_attack":5},{"card_name":"Gurubashi Berserker","card_health":2,"card_attack":5},{"card_name":"Jungle Panther","card_health":2,"card_attack":4},{"card_name":"Zombie Chow","card_health":1,"card_attack":2},{"card_name":"Zombie Chow","card_health":1,"card_attack":2}]},{"turn":17,"cards_played":[],"current_player":"me","my_health":10,"opponent_health":14,"my_armor":0,"opponent_armor":0,"my_hand":3,"opponent_hand":0,"my_board":[],"opponent_board":[{"card_name":"Frost Elemental","card_health":5,"card_attack":5},{"card_name":"Gurubashi Berserker","card_health":2,"card_attack":5},{"card_name":"Jungle Panther","card_health":2,"card_attack":4},{"card_name":"Zombie Chow","card_health":1,"card_attack":2},{"card_name":"Zombie Chow","card_health":1,"card_attack":2}]}],"result":"defeat"}