{"plays":[{"turn":1,"cards_played":[],"current_player":"opponent","my_health":30,"opponent_health":0,"my_armor":0,"opponent_armor":0,"my_hand":1,"opponent_hand":0,"my_board":[],"opponent_board":[]},{"turn":2,"cards_played":[],"current_player":"opponent","my_health":30,"opponent_health":30,"my_armor":0,"opponent_armor":0,"my_hand":4,"opponent_hand":6,"my_board":[],"opponent_board":[]},{"turn":3,"cards_played":["Knife Juggler"],"current_player":"me","my_health":30,"opponent_health":30,"my_armor":0,"opponent_armor":0,"my_hand":4,"opponent_hand":6,"my_board":[{"card_name":"Knife Juggler","card_health":2,"card_attack":3}],"opponent_board":[]},{"turn":4,"cards_played":["Sorcerer's Apprentice","Arcane Blast"],"current_player":"opponent","my_health":30,"opponent_health":30,"my_armor":0,"opponent_armor":0,"my_hand":4,"opponent_hand":5,"my_board":[],"opponent_board":[{"card_name":"Sorcerer's Apprentice","card_health":2,"card_attack":3}]},{"turn":5,"cards_played":["Quick Shot"],"current_player":"me","my_health":30,"opponent_health":30,"my_armor":0,"opponent_armor":0,"my_hand":4,"opponent_hand":5,"my_board":[],"opponent_board":[]},{"turn":6,"cards_played":["Flamewaker"],"current_player":"opponent","my_health":30,"opponent_health":30,"my_armor":0,"opponent_armor":0,"my_hand":4,"opponent_hand":5,"my_board":[],"opponent_board":[{"card_name":"Flamewaker","card_health":4,"card_attack":2}]},{"turn":7,"cards_played":["Haunted Creeper","Mad Scientist"],"current_player":"me","my_health":30,"opponent_health":30,"my_armor":0,"opponent_armor":0,"my_hand":3,"opponent_hand":5,"my_board":[{"card_name":"Haunted Creeper","card_health":2,"card_attack":1},{"card_name":"Mad Scientist","card_health":2,"card_attack":2}],"opponent_board":[{"card_name":"Flamewaker","card_health":4,"card_attack":2}]},{"turn":8,"cards_played":["Frostbolt","Fireblast","Fireblast"],"current_player":"opponent","my_health":29,"opponent_health":30,"my_armor":0,"opponent_armor":0,"my_hand":3,"opponent_hand":5,"my_board":[],"opponent_board":[{"card_name":"Flamewaker","card_health":2,"card_attack":2}]},{"turn":9,"cards_played":["King's Elekk","Eaglehorn Bow"],"current_player":"me","my_health":27,"opponent_health":30,"my_armor":0,"opponent_armor":0,"my_hand":2,"opponent_hand":5,"my_board":[{"card_name":"King's Elekk","card_health":2,"card_attack":3}],"opponent_board":[]},{"turn":10,"cards_played":["Fireblast","Fireblast"],"current_player":"opponent","my_health":27,"opponent_health":30,"my_armor":0,"opponent_armor":0,"my_hand":2,"opponent_hand":5,"my_board":[{"card_name":"King's Elekk","card_health":1,"card_attack":3}],"opponent_board":[]},{"turn":11,"cards_played":["Kill Command","Steady Shot"],"current_player":"me","my_health":27,"opponent_health":20,"my_armor":0,"opponent_armor":0,"my_hand":2,"opponent_hand":5,"my_board":[{"card_name":"King's Elekk","card_health":1,"card_attack":3}],"opponent_board":[]},{"turn":12,"cards_played":["Mana Wyrm","Fireblast"],"current_player":"opponent","my_health":27,"opponent_health":20,"my_armor":0,"opponent_armor":0,"my_hand":2,"opponent_hand":5,"my_board":[],"opponent_board":[{"card_name":"Mana Wyrm","card_health":3,"card_attack":1}]},{"turn":13,"cards_played":["Webspinner","Piloted Shredder","Steady Shot"],"current_player":"me","my_health":26,"opponent_health":18,"my_armor":0,"opponent_armor":0,"my_hand":1,"opponent_hand":5,"my_board":[{"card_name":"Webspinner","card_health":1,"card_attack":1},{"card_name":"Piloted Shredder","card_health":3,"card_attack":4}],"opponent_board":[{"card_name":"Webspinner","card_health":1,"card_attack":1}]},{"turn":14,"cards_played":["Frostbolt","Mad Scientist","Fireblast","Fireblast"],"current_player":"opponent","my_health":26,"opponent_health":18,"my_armor":0,"opponent_armor":0,"my_hand":1,"opponent_hand":5,"my_board":[{"card_name":"Webspinner","card_health":1,"card_attack":1},{"card_name":"Unstable Ghoul","card_health":2,"card_attack":1}],"opponent_board":[{"card_name":"Mad Scientist","card_health":2,"card_attack":2}]},{"turn":15,"cards_played":["Savannah Highmane","Steady Shot"],"current_player":"me","my_health":26,"opponent_health":16,"my_armor":0,"opponent_armor":0,"my_hand":2,"opponent_hand":5,"my_board":[{"card_name":"Savannah Highmane","card_health":5,"card_attack":6}],"opponent_board":[{"card_name":"Savannah Highmane","card_health":5,"card_attack":6}]},{"turn":16,"cards_played":["Azure Drake","Flamecannon"],"current_player":"opponent","my_health":20,"opponent_health":16,"my_armor":0,"opponent_armor":0,"my_hand":2,"opponent_hand":5,"my_board":[{"card_name":"Hyena","card_health":2,"card_attack":2},{"card_name":"Hyena","card_health":2,"card_attack":2}],"opponent_board":[{"card_name":"Azure Drake","card_health":4,"card_attack":4},{"card_name":"Savannah Highmane","card_health":5,"card_attack":6}]},{"turn":17,"cards_played":["King Mukla","Mad Scientist","Hunter's Mark","Steady Shot"],"current_player":"me","my_health":20,"opponent_health":12,"my_armor":0,"opponent_armor":0,"my_hand":0,"opponent_hand":7,"my_board":[{"card_name":"Mad Scientist","card_health":2,"card_attack":2},{"card_name":"King Mukla","card_health":5,"card_attack":5},{"card_name":"Hyena","card_health":2,"card_attack":2}],"opponent_board":[{"card_name":"Savannah Highmane","card_health":5,"card_attack":6}]},{"turn":18,"cards_played":["Bananas","The Coin","Bananas","Fireball","Fireball"],"current_player":"opponent","my_health":0,"opponent_health":12,"my_armor":0,"opponent_armor":0,"my_hand":0,"opponent_hand":3,"my_board":[{"card_name":"Mad Scientist","card_health":2,"card_attack":2},{"card_name":"King Mukla","card_health":5,"card_attack":5},{"card_name":"Hyena","card_health":2,"card_attack":2}],"opponent_board":[{"card_name":"Savannah Highmane","card_health":7,"card_attack":8}]}],"result":"defeat"}