{"plays":[{"turn":1,"cards_played":[],"current_player":"me","my_health":0,"opponent_health":30,"my_armor":0,"opponent_armor":0,"my_hand":0,"opponent_hand":1,"my_board":[],"opponent_board":[]},{"turn":2,"cards_played":[],"current_player":"opponent","my_health":30,"opponent_health":30,"my_armor":0,"opponent_armor":0,"my_hand":4,"opponent_hand":6,"my_board":[],"opponent_board":[]},{"turn":3,"cards_played":["Knife Juggler"],"current_player":"me","my_health":30,"opponent_health":30,"my_armor":0,"opponent_armor":0,"my_hand":4,"opponent_hand":6,"my_board":[{"card_name":"Knife Juggler","card_health":2,"card_attack":3}],"opponent_board":[]},{"turn":4,"cards_played":["The Coin","SI:7 Agent"],"current_player":"opponent","my_health":30,"opponent_health":30,"my_armor":0,"opponent_armor":0,"my_hand":4,"opponent_hand":5,"my_board":[],"opponent_board":[{"card_name":"SI:7 Agent","card_health":3,"card_attack":3}]},{"turn":5,"cards_played":["Steady Shot"],"current_player":"me","my_health":30,"opponent_health":28,"my_armor":0,"opponent_armor":0,"my_hand":5,"opponent_hand":5,"my_board":[],"opponent_board":[{"card_name":"SI:7 Agent","card_health":3,"card_attack":3}]},{"turn":6,"cards_played":["Burgle"],"current_player":"opponent","my_health":27,"opponent_health":28,"my_armor":0,"opponent_armor":0,"my_hand":5,"opponent_hand":7,"my_board":[],"opponent_board":[{"card_name":"SI:7 Agent","card_health":3,"card_attack":3}]},{"turn":7,"cards_played":["Piloted Shredder"],"current_player":"me","my_health":27,"opponent_health":28,"my_armor":0,"opponent_armor":0,"my_hand":5,"opponent_hand":7,"my_board":[{"card_name":"Piloted Shredder","card_health":3,"card_attack":4}],"opponent_board":[{"card_name":"SI:7 Agent","card_health":3,"card_attack":3}]},{"turn":8,"cards_played":["Quick Shot","Backstab","Steamwheedle Sniper"],"current_player":"opponent","my_health":24,"opponent_health":28,"my_armor":0,"opponent_armor":0,"my_hand":5,"opponent_hand":5,"my_board":[],"opponent_board":[{"card_name":"SI:7 Agent","card_health":3,"card_attack":3},{"card_name":"Steamwheedle Sniper","card_health":3,"card_attack":2}]},{"turn":9,"cards_played":["Loatheb"],"current_player":"me","my_health":24,"opponent_health":28,"my_armor":0,"opponent_armor":0,"my_hand":5,"opponent_hand":5,"my_board":[{"card_name":"Loatheb","card_health":5,"card_attack":5}],"opponent_board":[{"card_name":"SI:7 Agent","card_health":3,"card_attack":3},{"card_name":"Steamwheedle Sniper","card_health":3,"card_attack":2}]},{"turn":10,"cards_played":["Blackwing Corruptor"],"current_player":"opponent","my_health":21,"opponent_health":28,"my_armor":0,"opponent_armor":0,"my_hand":5,"opponent_hand":5,"my_board":[],"opponent_board":[{"card_name":"SI:7 Agent","card_health":3,"card_attack":3},{"card_name":"Blackwing Corruptor","card_health":4,"card_attack":5}]},{"turn":11,"cards_played":["Savannah Highmane"],"current_player":"me","my_health":21,"opponent_health":28,"my_armor":0,"opponent_armor":0,"my_hand":5,"opponent_hand":5,"my_board":[{"card_name":"Savannah Highmane","card_health":5,"card_attack":6}],"opponent_board":[{"card_name":"SI:7 Agent","card_health":3,"card_attack":3},{"card_name":"Blackwing Corruptor","card_health":4,"card_attack":5}]},{"turn":12,"cards_played":["Dagger Mastery","Zombie Chow","Eviscerate"],"current_player":"opponent","my_health":21,"opponent_health":22,"my_armor":0,"opponent_armor":0,"my_hand":5,"opponent_hand":4,"my_board":[],"opponent_board":[{"card_name":"Zombie Chow","card_health":3,"card_attack":2},{"card_name":"SI:7 Agent","card_health":1,"card_attack":3},{"card_name":"Blackwing Corruptor","card_health":2,"card_attack":5}]},{"turn":13,"cards_played":["Animal Companion","Eaglehorn Bow"],"current_player":"me","my_health":24,"opponent_health":18,"my_armor":0,"opponent_armor":0,"my_hand":4,"opponent_hand":4,"my_board":[{"card_name":"Huffer","card_health":2,"card_attack":4}],"opponent_board":[{"card_name":"SI:7 Agent","card_health":1,"card_attack":3},{"card_name":"Blackwing Corruptor","card_health":2,"card_attack":5}]},{"turn":14,"cards_played":["Harrison Jones","Dagger Mastery"],"current_player":"opponent","my_health":18,"opponent_health":18,"my_armor":0,"opponent_armor":0,"my_hand":4,"opponent_hand":5,"my_board":[],"opponent_board":[{"card_name":"Harrison Jones","card_health":4,"card_attack":5},{"card_name":"Blackwing Corruptor","card_health":2,"card_attack":5}]},{"turn":15,"cards_played":["Flare","Mad Scientist","Steady Shot"],"current_player":"me","my_health":18,"opponent_health":16,"my_armor":0,"opponent_armor":0,"my_hand":3,"opponent_hand":5,"my_board":[{"card_name":"Mad Scientist","card_health":2,"card_attack":2}],"opponent_board":[{"card_name":"Harrison Jones","card_health":4,"card_attack":5},{"card_name":"Blackwing Corruptor","card_health":2,"card_attack":5}]},{"turn":16,"cards_played":["Dr. Boom"],"current_player":"opponent","my_health":12,"opponent_health":16,"my_armor":0,"opponent_armor":0,"my_hand":3,"opponent_hand":6,"my_board":[{"card_name":"Mad Scientist","card_health":2,"card_attack":2}],"opponent_board":[{"card_name":"Harrison Jones","card_health":4,"card_attack":5},{"card_name":"Dr. Boom","card_health":7,"card_attack":7},{"card_name":"Boom Bot","card_health":1,"card_attack":1},{"card_name":"Boom Bot","card_health":1,"card_attack":1}]},{"turn":17,"cards_played":[],"current_player":"me","my_health":12,"opponent_health":16,"my_armor":0,"opponent_armor":0,"my_hand":4,"opponent_hand":6,"my_board":[{"card_name":"Mad Scientist","card_health":2,"card_attack":2}],"opponent_board":[{"card_name":"Harrison Jones","card_health":4,"card_attack":5},{"card_name":"Dr. Boom","card_health":7,"card_attack":7},{"card_name":"Boom Bot","card_health":1,"card_attack":1},{"card_name":"Boom Bot","card_health":1,"card_attack":1}]}],"result":"defeat"}