{"plays":[{"turn":1,"cards_played":[],"current_player":"opponent","my_health":30,"opponent_health":0,"my_armor":0,"opponent_armor":0,"my_hand":1,"opponent_hand":0,"my_board":[],"opponent_board":[]},{"turn":2,"cards_played":["Twilight Whelp","Clockwork Gnome"],"current_player":"me","my_health":30,"opponent_health":30,"my_armor":0,"opponent_armor":0,"my_hand":5,"opponent_hand":3,"my_board":[{"card_name":"Clockwork Gnome","card_health":1,"card_attack":2}],"opponent_board":[{"card_name":"Twilight Whelp","card_health":3,"card_attack":2}]},{"turn":3,"cards_played":["Wyrmrest Agent"],"current_player":"opponent","my_health":30,"opponent_health":30,"my_armor":0,"opponent_armor":0,"my_hand":6,"opponent_hand":3,"my_board":[],"opponent_board":[{"card_name":"Wyrmrest Agent","card_health":4,"card_attack":1},{"card_name":"Twilight Whelp","card_health":1,"card_attack":2}]},{"turn":4,"cards_played":["Haunted Creeper"],"current_player":"me","my_health":30,"opponent_health":30,"my_armor":0,"opponent_armor":0,"my_hand":6,"opponent_hand":3,"my_board":[{"card_name":"Haunted Creeper","card_health":2,"card_attack":1}],"opponent_board":[{"card_name":"Wyrmrest Agent","card_health":4,"card_attack":2},{"card_name":"Twilight Whelp","card_health":1,"card_attack":2}]},{"turn":5,"cards_played":["Northshire Cleric","Lesser Heal","Lesser Heal"],"current_player":"opponent","my_health":30,"opponent_health":30,"my_armor":0,"opponent_armor":0,"my_hand":6,"opponent_hand":4,"my_board":[{"card_name":"Spectral Spider","card_health":1,"card_attack":1}],"opponent_board":[{"card_name":"Wyrmrest Agent","card_health":3,"card_attack":2},{"card_name":"Twilight Whelp","card_health":2,"card_attack":2},{"card_name":"Northshire Cleric","card_health":3,"card_attack":1}]},{"turn":6,"cards_played":["The Coin","Piloted Shredder"],"current_player":"me","my_health":30,"opponent_health":30,"my_armor":0,"opponent_armor":0,"my_hand":5,"opponent_hand":4,"my_board":[{"card_name":"Piloted Shredder","card_health":3,"card_attack":4},{"card_name":"Spectral Spider","card_health":1,"card_attack":1}],"opponent_board":[{"card_name":"Wyrmrest Agent","card_health":3,"card_attack":2},{"card_name":"Twilight Whelp","card_health":2,"card_attack":2},{"card_name":"Northshire Cleric","card_health":3,"card_attack":1}]},{"turn":7,"cards_played":["Lesser Heal"],"current_player":"opponent","my_health":27,"opponent_health":30,"my_armor":0,"opponent_armor":0,"my_hand":5,"opponent_hand":6,"my_board":[{"card_name":"Piloted Shredder","card_health":3,"card_attack":4}],"opponent_board":[{"card_name":"Wyrmrest Agent","card_health":2,"card_attack":2},{"card_name":"Twilight Whelp","card_health":3,"card_attack":2},{"card_name":"Northshire Cleric","card_health":3,"card_attack":1}]},{"turn":8,"cards_played":["Mad Scientist","Haunted Creeper"],"current_player":"me","my_health":27,"opponent_health":30,"my_armor":0,"opponent_armor":0,"my_hand":4,"opponent_hand":6,"my_board":[{"card_name":"Piloted Shredder","card_health":1,"card_attack":4},{"card_name":"Haunted Creeper","card_health":2,"card_attack":1},{"card_name":"Mad Scientist","card_health":2,"card_attack":2}],"opponent_board":[{"card_name":"Twilight Whelp","card_health":3,"card_attack":2},{"card_name":"Northshire Cleric","card_health":3,"card_attack":1}]},{"turn":9,"cards_played":["Holy Nova"],"current_player":"opponent","my_health":25,"opponent_health":30,"my_armor":0,"opponent_armor":0,"my_hand":4,"opponent_hand":8,"my_board":[{"card_name":"Ship's Cannon","card_health":3,"card_attack":2}],"opponent_board":[{"card_name":"Twilight Whelp","card_health":3,"card_attack":2},{"card_name":"Northshire Cleric","card_health":3,"card_attack":1}]},{"turn":10,"cards_played":["Animal Companion","Steady Shot"],"current_player":"me","my_health":25,"opponent_health":28,"my_armor":0,"opponent_armor":0,"my_hand":4,"opponent_hand":8,"my_board":[{"card_name":"Ship's Cannon","card_health":2,"card_attack":3},{"card_name":"Leokk","card_health":4,"card_attack":2}],"opponent_board":[{"card_name":"Twilight Whelp","card_health":3,"card_attack":2}]},{"turn":11,"cards_played":["Blackwing Corruptor","Twilight Whelp"],"current_player":"opponent","my_health":25,"opponent_health":28,"my_armor":0,"opponent_armor":0,"my_hand":4,"opponent_hand":7,"my_board":[{"card_name":"Ship's Cannon","card_health":2,"card_attack":2}],"opponent_board":[{"card_name":"Twilight Whelp","card_health":1,"card_attack":2},{"card_name":"Twilight Whelp","card_health":1,"card_attack":2},{"card_name":"Blackwing Corruptor","card_health":4,"card_attack":5}]},{"turn":12,"cards_played":["Lock and Load","Kill Command","Armor Plating"],"current_player":"me","my_health":25,"opponent_health":28,"my_armor":0,"opponent_armor":0,"my_hand":4,"opponent_hand":7,"my_board":[{"card_name":"Ship's Cannon","card_health":1,"card_attack":2}],"opponent_board":[{"card_name":"Twilight Whelp","card_health":3,"card_attack":2},{"card_name":"Blackwing Corruptor","card_health":1,"card_attack":5}]},{"turn":13,"cards_played":[],"current_player":"opponent","my_health":25,"opponent_health":28,"my_armor":0,"opponent_armor":0,"my_hand":4,"opponent_hand":8,"my_board":[{"card_name":"Ship's Cannon","card_health":1,"card_attack":2}],"opponent_board":[{"card_name":"Twilight Whelp","card_health":3,"card_attack":2},{"card_name":"Blackwing Corruptor","card_health":1,"card_attack":5}]}],"result":"defeat"}