{"plays":[{"turn":1,"cards_played":[],"current_player":"opponent","my_health":30,"opponent_health":0,"my_armor":0,"opponent_armor":0,"my_hand":1,"opponent_hand":0,"my_board":[],"opponent_board":[]},{"turn":2,"cards_played":["Leper Gnome"],"current_player":"me","my_health":30,"opponent_health":30,"my_armor":0,"opponent_armor":0,"my_hand":5,"opponent_hand":4,"my_board":[{"card_name":"Leper Gnome","card_health":1,"card_attack":2}],"opponent_board":[]},{"turn":3,"cards_played":["Fiery War Axe"],"current_player":"opponent","my_health":30,"opponent_health":28,"my_armor":0,"opponent_armor":0,"my_hand":5,"opponent_hand":4,"my_board":[],"opponent_board":[]},{"turn":4,"cards_played":["Mad Scientist"],"current_player":"me","my_health":30,"opponent_health":26,"my_armor":0,"opponent_armor":0,"my_hand":5,"opponent_hand":4,"my_board":[{"card_name":"Mad Scientist","card_health":2,"card_attack":2}],"opponent_board":[]},{"turn":5,"cards_played":["Armor Up!"],"current_player":"opponent","my_health":30,"opponent_health":24,"my_armor":0,"opponent_armor":2,"my_hand":5,"opponent_hand":5,"my_board":[],"opponent_board":[]},{"turn":6,"cards_played":["Animal Companion"],"current_player":"me","my_health":30,"opponent_health":22,"my_armor":0,"opponent_armor":0,"my_hand":5,"opponent_hand":5,"my_board":[{"card_name":"Huffer","card_health":2,"card_attack":4}],"opponent_board":[]},{"turn":7,"cards_played":["Fiery War Axe","Armor Up!"],"current_player":"opponent","my_health":30,"opponent_health":18,"my_armor":0,"opponent_armor":2,"my_hand":5,"opponent_hand":5,"my_board":[],"opponent_board":[]},{"turn":8,"cards_played":["Argent Horserider","The Coin","Steady Shot"],"current_player":"me","my_health":30,"opponent_health":16,"my_armor":0,"opponent_armor":0,"my_hand":4,"opponent_hand":5,"my_board":[{"card_name":"Argent Horserider","card_health":1,"card_attack":2}],"opponent_board":[]},{"turn":9,"cards_played":["Sludge Belcher"],"current_player":"opponent","my_health":30,"opponent_health":16,"my_armor":0,"opponent_armor":0,"my_hand":4,"opponent_hand":5,"my_board":[{"card_name":"Argent Horserider","card_health":1,"card_attack":2}],"opponent_board":[{"card_name":"Sludge Belcher","card_health":5,"card_attack":3}]},{"turn":10,"cards_played":["Ironbeak Owl","Eaglehorn Bow"],"current_player":"me","my_health":30,"opponent_health":11,"my_armor":0,"opponent_armor":0,"my_hand":3,"opponent_hand":5,"my_board":[{"card_name":"Ironbeak Owl","card_health":1,"card_attack":2},{"card_name":"Argent Horserider","card_health":1,"card_attack":2}],"opponent_board":[{"card_name":"Sludge Belcher","card_health":5,"card_attack":3}]},{"turn":11,"cards_played":["Revenge","Shield Block"],"current_player":"opponent","my_health":30,"opponent_health":11,"my_armor":0,"opponent_armor":5,"my_hand":3,"opponent_hand":5,"my_board":[],"opponent_board":[]},{"turn":12,"cards_played":["Arcane Golem","Steady Shot"],"current_player":"me","my_health":30,"opponent_health":10,"my_armor":0,"opponent_armor":0,"my_hand":3,"opponent_hand":5,"my_board":[{"card_name":"Arcane Golem","card_health":2,"card_attack":4}],"opponent_board":[]},{"turn":13,"cards_played":["Shieldmaiden","Armor Up!"],"current_player":"opponent","my_health":30,"opponent_health":6,"my_armor":0,"opponent_armor":7,"my_hand":3,"opponent_hand":5,"my_board":[],"opponent_board":[{"card_name":"Shieldmaiden","card_health":5,"card_attack":5}]},{"turn":14,"cards_played":["Steady Shot"],"current_player":"me","my_health":30,"opponent_health":6,"my_armor":0,"opponent_armor":5,"my_hand":4,"opponent_hand":5,"my_board":[],"opponent_board":[{"card_name":"Shieldmaiden","card_health":5,"card_attack":5}]},{"turn":15,"cards_played":["Alexstrasza"],"current_player":"opponent","my_health":25,"opponent_health":6,"my_armor":0,"opponent_armor":3,"my_hand":4,"opponent_hand":5,"my_board":[],"opponent_board":[{"card_name":"Shieldmaiden","card_health":3,"card_attack":5},{"card_name":"Alexstrasza","card_health":8,"card_attack":8}]},{"turn":16,"cards_played":["Mad Scientist","Steady Shot"],"current_player":"me","my_health":25,"opponent_health":13,"my_armor":0,"opponent_armor":0,"my_hand":3,"opponent_hand":5,"my_board":[{"card_name":"Mad Scientist","card_health":2,"card_attack":2}],"opponent_board":[{"card_name":"Shieldmaiden","card_health":3,"card_attack":5},{"card_name":"Alexstrasza","card_health":8,"card_attack":8}]},{"turn":17,"cards_played":["Armorsmith","Emperor Thaurissan","Armor Up!"],"current_player":"opponent","my_health":17,"opponent_health":12,"my_armor":0,"opponent_armor":6,"my_hand":3,"opponent_hand":4,"my_board":[],"opponent_board":[{"card_name":"Emperor Thaurissan","card_health":3,"card_attack":5},{"card_name":"Armorsmith","card_health":2,"card_attack":1},{"card_name":"Alexstrasza","card_health":6,"card_attack":8}]},{"turn":18,"cards_played":["Unleash the Hounds","Steady Shot","Kill Command"],"current_player":"me","my_health":16,"opponent_health":12,"my_armor":0,"opponent_armor":2,"my_hand":2,"opponent_hand":4,"my_board":[{"card_name":"Hound","card_health":1,"card_attack":1},{"card_name":"Hound","card_health":1,"card_attack":1},{"card_name":"Hound","card_health":1,"card_attack":1}],"opponent_board":[{"card_name":"Emperor Thaurissan","card_health":3,"card_attack":5},{"card_name":"Alexstrasza","card_health":6,"card_attack":8}]},{"turn":19,"cards_played":["Death's Bite"],"current_player":"opponent","my_health":16,"opponent_health":9,"my_armor":0,"opponent_armor":0,"my_hand":2,"opponent_hand":4,"my_board":[{"card_name":"Hound","card_health":1,"card_attack":1},{"card_name":"Hound","card_health":1,"card_attack":1},{"card_name":"Hound","card_health":1,"card_attack":1}],"opponent_board":[{"card_name":"Emperor Thaurissan","card_health":3,"card_attack":5},{"card_name":"Alexstrasza","card_health":6,"card_attack":8}]}],"result":"defeat"}