{"plays":[{"turn":1,"cards_played":[],"current_player":"opponent","my_health":0,"opponent_health":0,"my_armor":0,"opponent_armor":0,"my_hand":1,"opponent_hand":0,"my_board":[],"opponent_board":[]},{"turn":2,"cards_played":["Secretkeeper"],"current_player":"opponent","my_health":30,"opponent_health":30,"my_armor":0,"opponent_armor":0,"my_hand":4,"opponent_hand":5,"my_board":[],"opponent_board":[{"card_name":"Secretkeeper","card_health":2,"card_attack":1}]},{"turn":3,"cards_played":["Darnassus Aspirant"],"current_player":"me","my_health":30,"opponent_health":30,"my_armor":0,"opponent_armor":0,"my_hand":4,"opponent_hand":5,"my_board":[{"card_name":"Darnassus Aspirant","card_health":3,"card_attack":2}],"opponent_board":[{"card_name":"Secretkeeper","card_health":2,"card_attack":1}]},{"turn":4,"cards_played":["Knife Juggler"],"current_player":"opponent","my_health":29,"opponent_health":30,"my_armor":0,"opponent_armor":0,"my_hand":4,"opponent_hand":5,"my_board":[{"card_name":"Darnassus Aspirant","card_health":3,"card_attack":2}],"opponent_board":[{"card_name":"Secretkeeper","card_health":2,"card_attack":1},{"card_name":"Knife Juggler","card_health":2,"card_attack":3}]},{"turn":5,"cards_played":["Wild Growth","Shapeshift"],"current_player":"me","my_health":29,"opponent_health":29,"my_armor":1,"opponent_armor":0,"my_hand":4,"opponent_hand":5,"my_board":[{"card_name":"Darnassus Aspirant","card_health":2,"card_attack":2}],"opponent_board":[{"card_name":"Knife Juggler","card_health":2,"card_attack":3}]},{"turn":6,"cards_played":["Muster for Battle"],"current_player":"opponent","my_health":25,"opponent_health":29,"my_armor":0,"opponent_armor":0,"my_hand":4,"opponent_hand":5,"my_board":[],"opponent_board":[{"card_name":"Knife Juggler","card_health":2,"card_attack":3},{"card_name":"Silver Hand Recruit","card_health":1,"card_attack":1},{"card_name":"Silver Hand Recruit","card_health":1,"card_attack":1},{"card_name":"Silver Hand Recruit","card_health":1,"card_attack":1}]},{"turn":7,"cards_played":["Innervate","Dr. Boom"],"current_player":"me","my_health":25,"opponent_health":29,"my_armor":0,"opponent_armor":0,"my_hand":3,"opponent_hand":5,"my_board":[{"card_name":"Dr. Boom","card_health":7,"card_attack":7},{"card_name":"Boom Bot","card_health":1,"card_attack":1},{"card_name":"Boom Bot","card_health":1,"card_attack":1}],"opponent_board":[{"card_name":"Knife Juggler","card_health":2,"card_attack":3},{"card_name":"Silver Hand Recruit","card_health":1,"card_attack":1},{"card_name":"Silver Hand Recruit","card_health":1,"card_attack":1},{"card_name":"Silver Hand Recruit","card_health":1,"card_attack":1}]},{"turn":8,"cards_played":["Piloted Shredder"],"current_player":"opponent","my_health":19,"opponent_health":29,"my_armor":0,"opponent_armor":0,"my_hand":3,"opponent_hand":5,"my_board":[{"card_name":"Dr. Boom","card_health":7,"card_attack":7},{"card_name":"Boom Bot","card_health":1,"card_attack":1}],"opponent_board":[{"card_name":"Knife Juggler","card_health":2,"card_attack":3},{"card_name":"Piloted Shredder","card_health":3,"card_attack":4},{"card_name":"Silver Hand Recruit","card_health":1,"card_attack":1},{"card_name":"Silver Hand Recruit","card_health":1,"card_attack":1}]},{"turn":9,"cards_played":["Azure Drake","Innervate","Shade of Naxxramas"],"current_player":"me","my_health":19,"opponent_health":29,"my_armor":0,"opponent_armor":0,"my_hand":2,"opponent_hand":5,"my_board":[{"card_name":"Dr. Boom","card_health":4,"card_attack":7},{"card_name":"Shade of Naxxramas","card_health":2,"card_attack":2},{"card_name":"Azure Drake","card_health":4,"card_attack":4}],"opponent_board":[{"card_name":"Silver Hand Recruit","card_health":1,"card_attack":1},{"card_name":"Snowchugger","card_health":3,"card_attack":2}]},{"turn":10,"cards_played":["The Coin","Mysterious Challenger"],"current_player":"opponent","my_health":17,"opponent_health":29,"my_armor":0,"opponent_armor":0,"my_hand":2,"opponent_hand":4,"my_board":[{"card_name":"Dr. Boom","card_health":2,"card_attack":7},{"card_name":"Shade of Naxxramas","card_health":2,"card_attack":2},{"card_name":"Azure Drake","card_health":4,"card_attack":4}],"opponent_board":[{"card_name":"Mysterious Challenger","card_health":6,"card_attack":6},{"card_name":"Silver Hand Recruit","card_health":1,"card_attack":1}]},{"turn":11,"cards_played":["Ancient of Lore"],"current_player":"me","my_health":17,"opponent_health":29,"my_armor":0,"opponent_armor":0,"my_hand":4,"opponent_hand":4,"my_board":[{"card_name":"Dr. Boom","card_health":2,"card_attack":7},{"card_name":"Shade of Naxxramas","card_health":3,"card_attack":3},{"card_name":"Ancient of Lore","card_health":5,"card_attack":5},{"card_name":"Azure Drake","card_health":4,"card_attack":4}],"opponent_board":[{"card_name":"Mysterious Challenger","card_health":6,"card_attack":6},{"card_name":"Silver Hand Recruit","card_health":1,"card_attack":1}]},{"turn":12,"cards_played":["Muster for Battle","Reinforce"],"current_player":"opponent","my_health":10,"opponent_health":24,"my_armor":0,"opponent_armor":0,"my_hand":4,"opponent_hand":3,"my_board":[{"card_name":"Shade of Naxxramas","card_health":3,"card_attack":3},{"card_name":"Azure Drake","card_health":4,"card_attack":4}],"opponent_board":[{"card_name":"Mysterious Challenger","card_health":7,"card_attack":7},{"card_name":"Silver Hand Recruit","card_health":1,"card_attack":1},{"card_name":"Silver Hand Recruit","card_health":1,"card_attack":1},{"card_name":"Silver Hand Recruit","card_health":1,"card_attack":1},{"card_name":"Silver Hand Recruit","card_health":1,"card_attack":1}]},{"turn":13,"cards_played":["Swipe","Swipe"],"current_player":"me","my_health":10,"opponent_health":16,"my_armor":0,"opponent_armor":0,"my_hand":3,"opponent_hand":3,"my_board":[{"card_name":"Shade of Naxxramas","card_health":4,"card_attack":4},{"card_name":"Azure Drake","card_health":2,"card_attack":4}],"opponent_board":[]},{"turn":14,"cards_played":["Reinforce","Coghammer"],"current_player":"opponent","my_health":10,"opponent_health":12,"my_armor":0,"opponent_armor":0,"my_hand":3,"opponent_hand":1,"my_board":[{"card_name":"Shade of Naxxramas","card_health":4,"card_attack":4}],"opponent_board":[{"card_name":"Silver Hand Recruit","card_health":1,"card_attack":1}]},{"turn":15,"cards_played":["Shapeshift","Force of Nature"],"current_player":"me","my_health":9,"opponent_health":7,"my_armor":0,"opponent_armor":0,"my_hand":3,"opponent_hand":1,"my_board":[{"card_name":"Shade of Naxxramas","card_health":5,"card_attack":5}],"opponent_board":[]},{"turn":16,"cards_played":["Tirion Fordring"],"current_player":"opponent","my_health":7,"opponent_health":7,"my_armor":0,"opponent_armor":0,"my_hand":3,"opponent_hand":1,"my_board":[{"card_name":"Shade of Naxxramas","card_health":5,"card_attack":5}],"opponent_board":[{"card_name":"Tirion Fordring","card_health":6,"card_attack":6}]},{"turn":17,"cards_played":["Wild Growth","Excess Mana","Keeper of the Grove","Dispel","Shapeshift"],"current_player":"me","my_health":7,"opponent_health":0,"my_armor":1,"opponent_armor":0,"my_hand":3,"opponent_hand":1,"my_board":[{"card_name":"Shade of Naxxramas","card_health":6,"card_attack":6},{"card_name":"Keeper of the Grove","card_health":4,"card_attack":2}],"opponent_board":[{"card_name":"Tirion Fordring","card_health":6,"card_attack":6}]}],"result":"victory"}