{"plays":[{"turn":1,"cards_played":[],"current_player":"me","my_health":0,"opponent_health":30,"my_armor":0,"opponent_armor":0,"my_hand":0,"opponent_hand":1,"my_board":[],"opponent_board":[]},{"turn":2,"cards_played":["The Coin","Bluegill Warrior"],"current_player":"opponent","my_health":28,"opponent_health":30,"my_armor":0,"opponent_armor":0,"my_hand":4,"opponent_hand":4,"my_board":[],"opponent_board":[{"card_name":"Bluegill Warrior","card_health":1,"card_attack":2}]},{"turn":3,"cards_played":["Amani Berserker"],"current_player":"me","my_health":28,"opponent_health":30,"my_armor":0,"opponent_armor":0,"my_hand":4,"opponent_hand":4,"my_board":[{"card_name":"Amani Berserker","card_health":3,"card_attack":2}],"opponent_board":[{"card_name":"Bluegill Warrior","card_health":1,"card_attack":2}]},{"turn":4,"cards_played":["Armorsmith"],"current_player":"opponent","my_health":26,"opponent_health":30,"my_armor":0,"opponent_armor":0,"my_hand":4,"opponent_hand":4,"my_board":[{"card_name":"Amani Berserker","card_health":3,"card_attack":2}],"opponent_board":[{"card_name":"Armorsmith","card_health":4,"card_attack":1},{"card_name":"Bluegill Warrior","card_health":1,"card_attack":2}]},{"turn":5,"cards_played":["Ironbeak Owl"],"current_player":"me","my_health":26,"opponent_health":30,"my_armor":0,"opponent_armor":0,"my_hand":4,"opponent_hand":4,"my_board":[{"card_name":"Ironbeak Owl","card_health":1,"card_attack":2},{"card_name":"Amani Berserker","card_health":1,"card_attack":5}],"opponent_board":[{"card_name":"Armorsmith","card_health":4,"card_attack":1}]},{"turn":6,"cards_played":["Warsong Commander"],"current_player":"opponent","my_health":26,"opponent_health":30,"my_armor":0,"opponent_armor":0,"my_hand":4,"opponent_hand":4,"my_board":[{"card_name":"Ironbeak Owl","card_health":1,"card_attack":2}],"opponent_board":[{"card_name":"Warsong Commander","card_health":3,"card_attack":2}]},{"turn":7,"cards_played":["Glaivezooka","Steady Shot"],"current_player":"me","my_health":26,"opponent_health":26,"my_armor":0,"opponent_armor":0,"my_hand":4,"opponent_hand":4,"my_board":[],"opponent_board":[]},{"turn":8,"cards_played":["Arathi Weaponsmith"],"current_player":"opponent","my_health":24,"opponent_health":26,"my_armor":0,"opponent_armor":0,"my_hand":4,"opponent_hand":4,"my_board":[],"opponent_board":[{"card_name":"Arathi Weaponsmith","card_health":3,"card_attack":3}]},{"turn":9,"cards_played":["Quick Shot","Eaglehorn Bow"],"current_player":"me","my_health":24,"opponent_health":24,"my_armor":0,"opponent_armor":0,"my_hand":3,"opponent_hand":4,"my_board":[],"opponent_board":[]},{"turn":10,"cards_played":["Imp Master","Armor Up!"],"current_player":"opponent","my_health":22,"opponent_health":24,"my_armor":0,"opponent_armor":2,"my_hand":3,"opponent_hand":4,"my_board":[],"opponent_board":[{"card_name":"Imp Master","card_health":4,"card_attack":1},{"card_name":"Imp","card_health":1,"card_attack":1}]},{"turn":11,"cards_played":["Jungle Panther","Steady Shot"],"current_player":"me","my_health":21,"opponent_health":24,"my_armor":0,"opponent_armor":0,"my_hand":3,"opponent_hand":4,"my_board":[{"card_name":"Jungle Panther","card_health":2,"card_attack":4}],"opponent_board":[{"card_name":"Imp Master","card_health":1,"card_attack":1},{"card_name":"Imp","card_health":1,"card_attack":1}]},{"turn":12,"cards_played":["Flying Machine","Alarm-o-Bot"],"current_player":"opponent","my_health":19,"opponent_health":24,"my_armor":0,"opponent_armor":0,"my_hand":3,"opponent_hand":3,"my_board":[{"card_name":"Jungle Panther","card_health":2,"card_attack":4}],"opponent_board":[{"card_name":"Alarm-o-Bot","card_health":3,"card_attack":0},{"card_name":"Flying Machine","card_health":4,"card_attack":1},{"card_name":"Imp","card_health":1,"card_attack":1},{"card_name":"Imp","card_health":1,"card_attack":1}]},{"turn":13,"cards_played":["Azure Drake"],"current_player":"me","my_health":19,"opponent_health":24,"my_armor":0,"opponent_armor":0,"my_hand":3,"opponent_hand":3,"my_board":[{"card_name":"Azure Drake","card_health":4,"card_attack":4},{"card_name":"Jungle Panther","card_health":2,"card_attack":4}],"opponent_board":[{"card_name":"Alarm-o-Bot","card_health":3,"card_attack":0},{"card_name":"Flying Machine","card_health":4,"card_attack":1},{"card_name":"Imp","card_health":1,"card_attack":1},{"card_name":"Imp","card_health":1,"card_attack":1}]},{"turn":14,"cards_played":["Burly Rockjaw Trogg","Execute","Kor'kron Elite","Armor Up!"],"current_player":"opponent","my_health":13,"opponent_health":22,"my_armor":0,"opponent_armor":2,"my_hand":3,"opponent_hand":2,"my_board":[{"card_name":"Jungle Panther","card_health":2,"card_attack":4}],"opponent_board":[{"card_name":"Burly Rockjaw Trogg","card_health":3,"card_attack":3},{"card_name":"Kor'kron Elite","card_health":3,"card_attack":4},{"card_name":"Flying Machine","card_health":2,"card_attack":1}]},{"turn":15,"cards_played":["Cult Master","Steady Shot"],"current_player":"me","my_health":10,"opponent_health":22,"my_armor":0,"opponent_armor":0,"my_hand":4,"opponent_hand":2,"my_board":[{"card_name":"Cult Master","card_health":2,"card_attack":4}],"opponent_board":[{"card_name":"Flying Machine","card_health":2,"card_attack":1}]},{"turn":16,"cards_played":["Boulderfist Ogre","Armor Up!"],"current_player":"opponent","my_health":8,"opponent_health":22,"my_armor":0,"opponent_armor":2,"my_hand":4,"opponent_hand":2,"my_board":[{"card_name":"Cult Master","card_health":2,"card_attack":4}],"opponent_board":[{"card_name":"Boulderfist Ogre","card_health":7,"card_attack":6},{"card_name":"Flying Machine","card_health":2,"card_attack":1}]},{"turn":17,"cards_played":["Ravenholdt Assassin"],"current_player":"me","my_health":8,"opponent_health":22,"my_armor":0,"opponent_armor":2,"my_hand":3,"opponent_hand":2,"my_board":[{"card_name":"Cult Master","card_health":1,"card_attack":4},{"card_name":"Ravenholdt Assassin","card_health":5,"card_attack":7}],"opponent_board":[{"card_name":"Boulderfist Ogre","card_health":7,"card_attack":6}]},{"turn":18,"cards_played":["Cleave","Alarm-o-Bot","Armor Up!"],"current_player":"opponent","my_health":8,"opponent_health":18,"my_armor":0,"opponent_armor":2,"my_hand":3,"opponent_hand":1,"my_board":[{"card_name":"Ravenholdt Assassin","card_health":3,"card_attack":7}],"opponent_board":[{"card_name":"Boulderfist Ogre","card_health":7,"card_attack":6},{"card_name":"Alarm-o-Bot","card_health":3,"card_attack":0}]},{"turn":19,"cards_played":["Gnomeregan Infantry","Mad Scientist","Frostwolf Warlord"],"current_player":"me","my_health":8,"opponent_health":9,"my_armor":0,"opponent_armor":0,"my_hand":1,"opponent_hand":1,"my_board":[{"card_name":"Mad Scientist","card_health":2,"card_attack":2},{"card_name":"Frostwolf Warlord","card_health":7,"card_attack":7},{"card_name":"Ravenholdt Assassin","card_health":3,"card_attack":7},{"card_name":"Gnomeregan Infantry","card_health":4,"card_attack":1}],"opponent_board":[{"card_name":"Boulderfist Ogre","card_health":7,"card_attack":6},{"card_name":"Alarm-o-Bot","card_health":3,"card_attack":0}]},{"turn":20,"cards_played":["Frostwolf Warlord","Sen'jin Shieldmasta","Armor Up!","Alarm-o-Bot"],"current_player":"opponent","my_health":8,"opponent_health":9,"my_armor":0,"opponent_armor":2,"my_hand":1,"opponent_hand":0,"my_board":[{"card_name":"Mad Scientist","card_health":2,"card_attack":2},{"card_name":"Frostwolf Warlord","card_health":7,"card_attack":7},{"card_name":"Ravenholdt Assassin","card_health":3,"card_attack":7}],"opponent_board":[{"card_name":"Frostwolf Warlord","card_health":4,"card_attack":4},{"card_name":"Boulderfist Ogre","card_health":6,"card_attack":6},{"card_name":"Alarm-o-Bot","card_health":3,"card_attack":0},{"card_name":"Sen'jin Shieldmasta","card_health":5,"card_attack":3}]},{"turn":21,"cards_played":["Steady Shot"],"current_player":"me","my_health":8,"opponent_health":0,"my_armor":0,"opponent_armor":0,"my_hand":2,"opponent_hand":0,"my_board":[{"card_name":"Mad Scientist","card_health":2,"card_attack":2},{"card_name":"Frostwolf Warlord","card_health":4,"card_attack":7},{"card_name":"Ravenholdt Assassin","card_health":3,"card_attack":7}],"opponent_board":[{"card_name":"Frostwolf Warlord","card_health":4,"card_attack":4},{"card_name":"Boulderfist Ogre","card_health":6,"card_attack":6},{"card_name":"Alarm-o-Bot","card_health":3,"card_attack":0}]}],"result":"victory"}