{"plays":[{"turn":1,"cards_played":[],"current_player":"me","my_health":0,"opponent_health":30,"my_armor":0,"opponent_armor":0,"my_hand":0,"opponent_hand":1,"my_board":[],"opponent_board":[]},{"turn":2,"cards_played":["Worgen Infiltrator"],"current_player":"me","my_health":30,"opponent_health":30,"my_armor":0,"opponent_armor":0,"my_hand":5,"opponent_hand":4,"my_board":[{"card_name":"Worgen Infiltrator","card_health":1,"card_attack":2}],"opponent_board":[]},{"turn":3,"cards_played":["Dagger Mastery"],"current_player":"opponent","my_health":30,"opponent_health":30,"my_armor":0,"opponent_armor":0,"my_hand":5,"opponent_hand":5,"my_board":[{"card_name":"Worgen Infiltrator","card_health":1,"card_attack":2}],"opponent_board":[]},{"turn":4,"cards_played":["Mad Scientist","The Coin","Abusive Sergeant"],"current_player":"me","my_health":30,"opponent_health":26,"my_armor":0,"opponent_armor":0,"my_hand":3,"opponent_hand":5,"my_board":[{"card_name":"Mad Scientist","card_health":2,"card_attack":2},{"card_name":"Abusive Sergeant","card_health":1,"card_attack":2},{"card_name":"Worgen Infiltrator","card_health":1,"card_attack":4}],"opponent_board":[]},{"turn":5,"cards_played":["Earthen Ring Farseer"],"current_player":"opponent","my_health":30,"opponent_health":26,"my_armor":0,"opponent_armor":0,"my_hand":3,"opponent_hand":5,"my_board":[{"card_name":"Mad Scientist","card_health":2,"card_attack":2},{"card_name":"Abusive Sergeant","card_health":1,"card_attack":2},{"card_name":"Worgen Infiltrator","card_health":1,"card_attack":2}],"opponent_board":[{"card_name":"Earthen Ring Farseer","card_health":3,"card_attack":3}]},{"turn":6,"cards_played":["Eaglehorn Bow"],"current_player":"me","my_health":30,"opponent_health":20,"my_armor":0,"opponent_armor":0,"my_hand":3,"opponent_hand":5,"my_board":[{"card_name":"Mad Scientist","card_health":2,"card_attack":2},{"card_name":"Abusive Sergeant","card_health":1,"card_attack":2},{"card_name":"Worgen Infiltrator","card_health":1,"card_attack":2}],"opponent_board":[{"card_name":"Earthen Ring Farseer","card_health":3,"card_attack":3}]},{"turn":7,"cards_played":["Fan of Knives"],"current_player":"opponent","my_health":27,"opponent_health":18,"my_armor":0,"opponent_armor":0,"my_hand":3,"opponent_hand":6,"my_board":[{"card_name":"Ironfur Grizzly","card_health":3,"card_attack":3}],"opponent_board":[{"card_name":"Earthen Ring Farseer","card_health":3,"card_attack":3}]},{"turn":8,"cards_played":["Steady Shot"],"current_player":"me","my_health":27,"opponent_health":10,"my_armor":0,"opponent_armor":0,"my_hand":3,"opponent_hand":6,"my_board":[{"card_name":"Ironfur Grizzly","card_health":3,"card_attack":3}],"opponent_board":[{"card_name":"Earthen Ring Farseer","card_health":3,"card_attack":3}]},{"turn":9,"cards_played":["Blade Flurry","SI:7 Agent"],"current_player":"opponent","my_health":26,"opponent_health":10,"my_armor":0,"opponent_armor":0,"my_hand":3,"opponent_hand":5,"my_board":[],"opponent_board":[{"card_name":"SI:7 Agent","card_health":3,"card_attack":3}]},{"turn":10,"cards_played":["Mad Scientist","Steady Shot"],"current_player":"me","my_health":24,"opponent_health":5,"my_armor":0,"opponent_armor":0,"my_hand":3,"opponent_hand":5,"my_board":[{"card_name":"Mad Scientist","card_health":2,"card_attack":2}],"opponent_board":[{"card_name":"SI:7 Agent","card_health":3,"card_attack":3}]},{"turn":11,"cards_played":[],"current_player":"opponent","my_health":24,"opponent_health":5,"my_armor":0,"opponent_armor":0,"my_hand":3,"opponent_hand":6,"my_board":[{"card_name":"Mad Scientist","card_health":2,"card_attack":2}],"opponent_board":[{"card_name":"SI:7 Agent","card_health":3,"card_attack":3}]}],"result":"victory"}