{"plays":[{"turn":1,"cards_played":[],"current_player":"opponent","my_health":30,"opponent_health":0,"my_armor":0,"opponent_armor":0,"my_hand":1,"opponent_hand":0,"my_board":[],"opponent_board":[]},{"turn":2,"cards_played":["The Coin","Innervate","Piloted Shredder"],"current_player":"opponent","my_health":30,"opponent_health":30,"my_armor":0,"opponent_armor":0,"my_hand":4,"opponent_hand":3,"my_board":[],"opponent_board":[{"card_name":"Piloted Shredder","card_health":3,"card_attack":4}]},{"turn":3,"cards_played":["Mad Scientist"],"current_player":"me","my_health":30,"opponent_health":30,"my_armor":0,"opponent_armor":0,"my_hand":4,"opponent_hand":3,"my_board":[{"card_name":"Mad Scientist","card_health":2,"card_attack":2}],"opponent_board":[{"card_name":"Piloted Shredder","card_health":3,"card_attack":4}]},{"turn":4,"cards_played":["Shapeshift"],"current_player":"opponent","my_health":25,"opponent_health":30,"my_armor":0,"opponent_armor":1,"my_hand":4,"opponent_hand":4,"my_board":[{"card_name":"Mad Scientist","card_health":2,"card_attack":2}],"opponent_board":[{"card_name":"Piloted Shredder","card_health":3,"card_attack":4}]},{"turn":5,"cards_played":["Ironbeak Owl","Abusive Sergeant"],"current_player":"me","my_health":25,"opponent_health":27,"my_armor":0,"opponent_armor":0,"my_hand":3,"opponent_hand":4,"my_board":[{"card_name":"Mad Scientist","card_health":2,"card_attack":4},{"card_name":"Abusive Sergeant","card_health":1,"card_attack":2},{"card_name":"Ironbeak Owl","card_health":1,"card_attack":2}],"opponent_board":[{"card_name":"Piloted Shredder","card_health":3,"card_attack":4}]},{"turn":6,"cards_played":["Wrath"],"current_player":"opponent","my_health":21,"opponent_health":27,"my_armor":0,"opponent_armor":0,"my_hand":3,"opponent_hand":5,"my_board":[{"card_name":"Mad Scientist","card_health":2,"card_attack":2},{"card_name":"Abusive Sergeant","card_health":1,"card_attack":2}],"opponent_board":[{"card_name":"Piloted Shredder","card_health":3,"card_attack":4}]},{"turn":7,"cards_played":[],"current_player":"me","my_health":21,"opponent_health":23,"my_armor":0,"opponent_armor":0,"my_hand":2,"opponent_hand":5,"my_board":[{"card_name":"Mad Scientist","card_health":2,"card_attack":2},{"card_name":"Abusive Sergeant","card_health":1,"card_attack":2}],"opponent_board":[{"card_name":"Piloted Shredder","card_health":3,"card_attack":4}]},{"turn":8,"cards_played":["Swipe"],"current_player":"opponent","my_health":17,"opponent_health":23,"my_armor":0,"opponent_armor":0,"my_hand":2,"opponent_hand":5,"my_board":[],"opponent_board":[{"card_name":"Piloted Shredder","card_health":1,"card_attack":4}]},{"turn":9,"cards_played":["Eaglehorn Bow","Steady Shot"],"current_player":"me","my_health":17,"opponent_health":18,"my_armor":0,"opponent_armor":0,"my_hand":2,"opponent_hand":5,"my_board":[],"opponent_board":[{"card_name":"Piloted Shredder","card_health":1,"card_attack":4}]},{"turn":10,"cards_played":["Sludge Belcher"],"current_player":"opponent","my_health":17,"opponent_health":18,"my_armor":0,"opponent_armor":0,"my_hand":2,"opponent_hand":5,"my_board":[],"opponent_board":[{"card_name":"Piloted Shredder","card_health":1,"card_attack":4},{"card_name":"Sludge Belcher","card_health":5,"card_attack":3}]},{"turn":11,"cards_played":["Animal Companion","Kill Command"],"current_player":"me","my_health":17,"opponent_health":18,"my_armor":0,"opponent_armor":0,"my_hand":1,"opponent_hand":5,"my_board":[{"card_name":"Huffer","card_health":1,"card_attack":4}],"opponent_board":[{"card_name":"Piloted Shredder","card_health":1,"card_attack":4}]},{"turn":12,"cards_played":["Piloted Shredder","Darnassus Aspirant"],"current_player":"opponent","my_health":17,"opponent_health":18,"my_armor":0,"opponent_armor":0,"my_hand":1,"opponent_hand":4,"my_board":[],"opponent_board":[{"card_name":"Darnassus Aspirant","card_health":3,"card_attack":2},{"card_name":"Piloted Shredder","card_health":3,"card_attack":4}]},{"turn":13,"cards_played":["Arcane Golem","Leper Gnome","Steady Shot"],"current_player":"me","my_health":17,"opponent_health":12,"my_armor":0,"opponent_armor":0,"my_hand":0,"opponent_hand":4,"my_board":[{"card_name":"Arcane Golem","card_health":2,"card_attack":4},{"card_name":"Leper Gnome","card_health":1,"card_attack":2}],"opponent_board":[{"card_name":"Darnassus Aspirant","card_health":3,"card_attack":2},{"card_name":"Piloted Shredder","card_health":3,"card_attack":4}]},{"turn":14,"cards_played":["Force of Nature","Savage Roar"],"current_player":"opponent","my_health":11,"opponent_health":8,"my_armor":0,"opponent_armor":0,"my_hand":0,"opponent_hand":3,"my_board":[],"opponent_board":[{"card_name":"Darnassus Aspirant","card_health":1,"card_attack":4},{"card_name":"Argent Watchman","card_health":4,"card_attack":2}]},{"turn":15,"cards_played":["Steady Shot","Mad Scientist"],"current_player":"me","my_health":11,"opponent_health":3,"my_armor":0,"opponent_armor":0,"my_hand":0,"opponent_hand":3,"my_board":[{"card_name":"Mad Scientist","card_health":2,"card_attack":2}],"opponent_board":[{"card_name":"Darnassus Aspirant","card_health":1,"card_attack":2},{"card_name":"Argent Watchman","card_health":4,"card_attack":2}]},{"turn":16,"cards_played":["Force of Nature","Shapeshift"],"current_player":"opponent","my_health":0,"opponent_health":3,"my_armor":0,"opponent_armor":1,"my_hand":0,"opponent_hand":3,"my_board":[{"card_name":"Mad Scientist","card_health":2,"card_attack":2}],"opponent_board":[{"card_name":"Darnassus Aspirant","card_health":1,"card_attack":2},{"card_name":"Argent Watchman","card_health":4,"card_attack":2},{"card_name":"Treant","card_health":2,"card_attack":2},{"card_name":"Treant","card_health":2,"card_attack":2},{"card_name":"Treant","card_health":2,"card_attack":2}]}],"result":"defeat"}