{"plays":[{"turn":1,"cards_played":[],"current_player":"me","my_health":0,"opponent_health":30,"my_armor":0,"opponent_armor":0,"my_hand":0,"opponent_hand":1,"my_board":[],"opponent_board":[]},{"turn":2,"cards_played":["The Coin","Knife Juggler"],"current_player":"opponent","my_health":30,"opponent_health":30,"my_armor":0,"opponent_armor":0,"my_hand":4,"opponent_hand":4,"my_board":[],"opponent_board":[{"card_name":"Knife Juggler","card_health":2,"card_attack":3}]},{"turn":3,"cards_played":["Steady Shot"],"current_player":"me","my_health":30,"opponent_health":28,"my_armor":0,"opponent_armor":0,"my_hand":5,"opponent_hand":4,"my_board":[],"opponent_board":[{"card_name":"Knife Juggler","card_health":2,"card_attack":3}]},{"turn":4,"cards_played":["Secretkeeper"],"current_player":"opponent","my_health":26,"opponent_health":28,"my_armor":0,"opponent_armor":0,"my_hand":5,"opponent_hand":3,"my_board":[],"opponent_board":[{"card_name":"Secretkeeper","card_health":3,"card_attack":2},{"card_name":"Knife Juggler","card_health":2,"card_attack":3}]},{"turn":5,"cards_played":["Animal Companion"],"current_player":"me","my_health":26,"opponent_health":28,"my_armor":0,"opponent_armor":0,"my_hand":5,"opponent_hand":3,"my_board":[],"opponent_board":[{"card_name":"Secretkeeper","card_health":3,"card_attack":2},{"card_name":"Knife Juggler","card_health":1,"card_attack":3}]},{"turn":6,"cards_played":["Haunted Creeper"],"current_player":"opponent","my_health":20,"opponent_health":28,"my_armor":0,"opponent_armor":0,"my_hand":5,"opponent_hand":2,"my_board":[],"opponent_board":[{"card_name":"Haunted Creeper","card_health":2,"card_attack":1},{"card_name":"Secretkeeper","card_health":3,"card_attack":2},{"card_name":"Knife Juggler","card_health":1,"card_attack":3}]},{"turn":7,"cards_played":["Knife Juggler","Ironbeak Owl"],"current_player":"me","my_health":20,"opponent_health":28,"my_armor":0,"opponent_armor":0,"my_hand":4,"opponent_hand":2,"my_board":[{"card_name":"Ironbeak Owl","card_health":1,"card_attack":2},{"card_name":"Knife Juggler","card_health":1,"card_attack":3}],"opponent_board":[{"card_name":"Haunted Creeper","card_health":2,"card_attack":1},{"card_name":"Secretkeeper","card_health":4,"card_attack":3},{"card_name":"Knife Juggler","card_health":1,"card_attack":3}]},{"turn":8,"cards_played":[],"current_player":"opponent","my_health":20,"opponent_health":28,"my_armor":0,"opponent_armor":0,"my_hand":4,"opponent_hand":3,"my_board":[{"card_name":"Ironbeak Owl","card_health":1,"card_attack":2},{"card_name":"Knife Juggler","card_health":1,"card_attack":3}],"opponent_board":[{"card_name":"Haunted Creeper","card_health":2,"card_attack":1},{"card_name":"Secretkeeper","card_health":1,"card_attack":1},{"card_name":"Knife Juggler","card_health":1,"card_attack":3}]}],"result":"defeat"}