{"plays":[{"turn":1,"cards_played":[],"current_player":"me","my_health":0,"opponent_health":30,"my_armor":0,"opponent_armor":0,"my_hand":0,"opponent_hand":1,"my_board":[],"opponent_board":[]},{"turn":2,"cards_played":["Mana Wyrm","Webspinner"],"current_player":"me","my_health":30,"opponent_health":30,"my_armor":0,"opponent_armor":0,"my_hand":5,"opponent_hand":3,"my_board":[{"card_name":"Webspinner","card_health":1,"card_attack":1}],"opponent_board":[{"card_name":"Mana Wyrm","card_health":3,"card_attack":1}]},{"turn":3,"cards_played":["Mad Scientist"],"current_player":"opponent","my_health":30,"opponent_health":30,"my_armor":0,"opponent_armor":0,"my_hand":6,"opponent_hand":3,"my_board":[],"opponent_board":[{"card_name":"Mana Wyrm","card_health":2,"card_attack":1},{"card_name":"Mad Scientist","card_health":2,"card_attack":2}]},{"turn":4,"cards_played":["Quick Shot"],"current_player":"me","my_health":30,"opponent_health":30,"my_armor":0,"opponent_armor":0,"my_hand":6,"opponent_hand":3,"my_board":[],"opponent_board":[{"card_name":"Mad Scientist","card_health":2,"card_attack":2}]},{"turn":5,"cards_played":[],"current_player":"opponent","my_health":28,"opponent_health":30,"my_armor":0,"opponent_armor":0,"my_hand":6,"opponent_hand":3,"my_board":[],"opponent_board":[{"card_name":"Mad Scientist","card_health":2,"card_attack":2}]},{"turn":6,"cards_played":["Eaglehorn Bow"],"current_player":"me","my_health":28,"opponent_health":27,"my_armor":0,"opponent_armor":0,"my_hand":6,"opponent_hand":3,"my_board":[],"opponent_board":[{"card_name":"Mad Scientist","card_health":2,"card_attack":2}]},{"turn":7,"cards_played":["Water Elemental"],"current_player":"opponent","my_health":26,"opponent_health":27,"my_armor":0,"opponent_armor":0,"my_hand":6,"opponent_hand":3,"my_board":[],"opponent_board":[{"card_name":"Mad Scientist","card_health":2,"card_attack":2},{"card_name":"Water Elemental","card_health":6,"card_attack":3}]},{"turn":8,"cards_played":["King's Elekk","The Coin","Steady Shot"],"current_player":"me","my_health":24,"opponent_health":25,"my_armor":0,"opponent_armor":0,"my_hand":5,"opponent_hand":3,"my_board":[{"card_name":"King's Elekk","card_health":2,"card_attack":3}],"opponent_board":[{"card_name":"Water Elemental","card_health":6,"card_attack":3}]},{"turn":9,"cards_played":["Unstable Portal","Frost Elemental"],"current_player":"opponent","my_health":21,"opponent_health":25,"my_armor":0,"opponent_armor":0,"my_hand":5,"opponent_hand":3,"my_board":[{"card_name":"King's Elekk","card_health":2,"card_attack":3}],"opponent_board":[{"card_name":"Water Elemental","card_health":6,"card_attack":3},{"card_name":"Frost Elemental","card_health":5,"card_attack":5}]},{"turn":10,"cards_played":["King's Elekk","Steady Shot"],"current_player":"me","my_health":21,"opponent_health":23,"my_armor":0,"opponent_armor":0,"my_hand":6,"opponent_hand":3,"my_board":[{"card_name":"King's Elekk","card_health":2,"card_attack":3},{"card_name":"King's Elekk","card_health":2,"card_attack":3}],"opponent_board":[{"card_name":"Water Elemental","card_health":6,"card_attack":3},{"card_name":"Frost Elemental","card_health":5,"card_attack":5},{"card_name":"King's Elekk","card_health":2,"card_attack":3}]},{"turn":11,"cards_played":["Arcane Blast","Frostbolt","Fireblast","Fireblast"],"current_player":"opponent","my_health":9,"opponent_health":23,"my_armor":0,"opponent_armor":0,"my_hand":6,"opponent_hand":2,"my_board":[],"opponent_board":[{"card_name":"Water Elemental","card_health":6,"card_attack":3},{"card_name":"Frost Elemental","card_health":5,"card_attack":5},{"card_name":"King's Elekk","card_health":2,"card_attack":3}]},{"turn":12,"cards_played":[],"current_player":"me","my_health":9,"opponent_health":23,"my_armor":0,"opponent_armor":0,"my_hand":7,"opponent_hand":2,"my_board":[],"opponent_board":[{"card_name":"Water Elemental","card_health":6,"card_attack":3},{"card_name":"Frost Elemental","card_health":5,"card_attack":5},{"card_name":"King's Elekk","card_health":2,"card_attack":3}]}],"result":"defeat"}