{"plays":[{"turn":1,"cards_played":[],"current_player":"me","my_health":0,"opponent_health":30,"my_armor":0,"opponent_armor":0,"my_hand":0,"opponent_hand":1,"my_board":[],"opponent_board":[]},{"turn":2,"cards_played":["Webspinner","The Coin","Haunted Creeper"],"current_player":"opponent","my_health":30,"opponent_health":30,"my_armor":0,"opponent_armor":0,"my_hand":3,"opponent_hand":4,"my_board":[{"card_name":"Webspinner","card_health":1,"card_attack":1}],"opponent_board":[{"card_name":"Haunted Creeper","card_health":2,"card_attack":1}]},{"turn":3,"cards_played":["Haunted Creeper"],"current_player":"me","my_health":30,"opponent_health":29,"my_armor":0,"opponent_armor":0,"my_hand":3,"opponent_hand":4,"my_board":[{"card_name":"Haunted Creeper","card_health":2,"card_attack":1},{"card_name":"Webspinner","card_health":1,"card_attack":1}],"opponent_board":[{"card_name":"Haunted Creeper","card_health":2,"card_attack":1}]},{"turn":4,"cards_played":["Webspinner"],"current_player":"opponent","my_health":30,"opponent_health":29,"my_armor":0,"opponent_armor":0,"my_hand":4,"opponent_hand":4,"my_board":[{"card_name":"Haunted Creeper","card_health":2,"card_attack":1}],"opponent_board":[{"card_name":"Haunted Creeper","card_health":1,"card_attack":1},{"card_name":"Webspinner","card_health":1,"card_attack":1}]},{"turn":5,"cards_played":["Animal Companion"],"current_player":"me","my_health":30,"opponent_health":28,"my_armor":0,"opponent_armor":0,"my_hand":4,"opponent_hand":4,"my_board":[{"card_name":"Haunted Creeper","card_health":2,"card_attack":1},{"card_name":"Misha","card_health":4,"card_attack":4}],"opponent_board":[{"card_name":"Haunted Creeper","card_health":1,"card_attack":1},{"card_name":"Webspinner","card_health":1,"card_attack":1}]},{"turn":6,"cards_played":["Animal Companion"],"current_player":"opponent","my_health":30,"opponent_health":28,"my_armor":0,"opponent_armor":0,"my_hand":4,"opponent_hand":5,"my_board":[{"card_name":"Haunted Creeper","card_health":2,"card_attack":1}],"opponent_board":[{"card_name":"Leokk","card_health":4,"card_attack":2},{"card_name":"Spectral Spider","card_health":1,"card_attack":2},{"card_name":"Spectral Spider","card_health":1,"card_attack":2}]},{"turn":7,"cards_played":["Eaglehorn Bow"],"current_player":"me","my_health":28,"opponent_health":28,"my_armor":0,"opponent_armor":0,"my_hand":4,"opponent_hand":5,"my_board":[{"card_name":"Spectral Spider","card_health":1,"card_attack":1},{"card_name":"Spectral Spider","card_health":1,"card_attack":1}],"opponent_board":[{"card_name":"Spectral Spider","card_health":1,"card_attack":2},{"card_name":"Spectral Spider","card_health":1,"card_attack":2}]},{"turn":8,"cards_played":["Deathlord"],"current_player":"opponent","my_health":26,"opponent_health":28,"my_armor":0,"opponent_armor":0,"my_hand":4,"opponent_hand":5,"my_board":[{"card_name":"Spectral Spider","card_health":1,"card_attack":1},{"card_name":"Spectral Spider","card_health":1,"card_attack":1}],"opponent_board":[{"card_name":"Deathlord","card_health":8,"card_attack":2},{"card_name":"Spectral Spider","card_health":1,"card_attack":1},{"card_name":"Spectral Spider","card_health":1,"card_attack":1}]},{"turn":9,"cards_played":["King's Elekk","Mad Scientist"],"current_player":"me","my_health":26,"opponent_health":28,"my_armor":0,"opponent_armor":0,"my_hand":3,"opponent_hand":5,"my_board":[{"card_name":"Mad Scientist","card_health":2,"card_attack":2},{"card_name":"King's Elekk","card_health":2,"card_attack":3},{"card_name":"Spectral Spider","card_health":1,"card_attack":1},{"card_name":"Spectral Spider","card_health":1,"card_attack":1}],"opponent_board":[{"card_name":"Deathlord","card_health":8,"card_attack":2},{"card_name":"Spectral Spider","card_health":1,"card_attack":1},{"card_name":"Spectral Spider","card_health":1,"card_attack":1}]},{"turn":10,"cards_played":["Knife Juggler","Unleash the Hounds"],"current_player":"opponent","my_health":26,"opponent_health":28,"my_armor":0,"opponent_armor":0,"my_hand":3,"opponent_hand":4,"my_board":[],"opponent_board":[{"card_name":"Knife Juggler","card_health":2,"card_attack":3},{"card_name":"Deathlord","card_health":8,"card_attack":2},{"card_name":"Spectral Spider","card_health":1,"card_attack":1},{"card_name":"Hound","card_health":1,"card_attack":1},{"card_name":"Hound","card_health":1,"card_attack":1},{"card_name":"Hound","card_health":1,"card_attack":1}]},{"turn":11,"cards_played":[],"current_player":"me","my_health":26,"opponent_health":28,"my_armor":0,"opponent_armor":0,"my_hand":4,"opponent_hand":4,"my_board":[],"opponent_board":[{"card_name":"Knife Juggler","card_health":2,"card_attack":3},{"card_name":"Deathlord","card_health":8,"card_attack":2},{"card_name":"Spectral Spider","card_health":1,"card_attack":1},{"card_name":"Hound","card_health":1,"card_attack":1},{"card_name":"Hound","card_health":1,"card_attack":1},{"card_name":"Hound","card_health":1,"card_attack":1}]}],"result":"defeat"}