{"plays":[{"turn":1,"cards_played":[],"current_player":"opponent","my_health":30,"opponent_health":0,"my_armor":0,"opponent_armor":0,"my_hand":1,"opponent_hand":0,"my_board":[],"opponent_board":[]},{"turn":2,"cards_played":["Zombie Chow","The Coin","Mad Scientist"],"current_player":"me","my_health":30,"opponent_health":30,"my_armor":0,"opponent_armor":0,"my_hand":4,"opponent_hand":3,"my_board":[{"card_name":"Mad Scientist","card_health":2,"card_attack":2}],"opponent_board":[{"card_name":"Zombie Chow","card_health":3,"card_attack":2}]},{"turn":3,"cards_played":["Lesser Heal","Lesser Heal"],"current_player":"opponent","my_health":30,"opponent_health":30,"my_armor":0,"opponent_armor":0,"my_hand":4,"opponent_hand":4,"my_board":[],"opponent_board":[{"card_name":"Zombie Chow","card_health":3,"card_attack":2}]},{"turn":4,"cards_played":["Steady Shot"],"current_player":"me","my_health":30,"opponent_health":28,"my_armor":0,"opponent_armor":0,"my_hand":5,"opponent_hand":4,"my_board":[],"opponent_board":[{"card_name":"Zombie Chow","card_health":3,"card_attack":2}]},{"turn":5,"cards_played":["Injured Blademaster"],"current_player":"opponent","my_health":28,"opponent_health":28,"my_armor":0,"opponent_armor":0,"my_hand":5,"opponent_hand":4,"my_board":[{"card_name":"Ironfur Grizzly","card_health":3,"card_attack":3}],"opponent_board":[{"card_name":"Injured Blademaster","card_health":7,"card_attack":4},{"card_name":"Zombie Chow","card_health":3,"card_attack":2}]},{"turn":6,"cards_played":["Glaivezooka","Abusive Sergeant"],"current_player":"me","my_health":28,"opponent_health":20,"my_armor":0,"opponent_armor":0,"my_hand":4,"opponent_hand":4,"my_board":[{"card_name":"Abusive Sergeant","card_health":1,"card_attack":2},{"card_name":"Ironfur Grizzly","card_health":3,"card_attack":6}],"opponent_board":[{"card_name":"Injured Blademaster","card_health":3,"card_attack":4},{"card_name":"Zombie Chow","card_health":3,"card_attack":2}]},{"turn":7,"cards_played":["Northshire Cleric","Lesser Heal","Lesser Heal"],"current_player":"opponent","my_health":28,"opponent_health":20,"my_armor":0,"opponent_armor":0,"my_hand":4,"opponent_hand":5,"my_board":[],"opponent_board":[{"card_name":"Injured Blademaster","card_health":1,"card_attack":4},{"card_name":"Northshire Cleric","card_health":3,"card_attack":1},{"card_name":"Zombie Chow","card_health":1,"card_attack":2}]},{"turn":8,"cards_played":["Unleash the Hounds","Abusive Sergeant"],"current_player":"me","my_health":30,"opponent_health":15,"my_armor":0,"opponent_armor":0,"my_hand":3,"opponent_hand":5,"my_board":[{"card_name":"Abusive Sergeant","card_health":1,"card_attack":2},{"card_name":"Hound","card_health":1,"card_attack":3}],"opponent_board":[{"card_name":"Northshire Cleric","card_health":3,"card_attack":1}]},{"turn":9,"cards_played":["Sludge Belcher"],"current_player":"opponent","my_health":30,"opponent_health":15,"my_armor":0,"opponent_armor":0,"my_hand":3,"opponent_hand":5,"my_board":[{"card_name":"Abusive Sergeant","card_health":1,"card_attack":2}],"opponent_board":[{"card_name":"Sludge Belcher","card_health":5,"card_attack":3},{"card_name":"Northshire Cleric","card_health":2,"card_attack":1}]},{"turn":10,"cards_played":["Ironbeak Owl","Arcane Golem"],"current_player":"me","my_health":30,"opponent_health":9,"my_armor":0,"opponent_armor":0,"my_hand":2,"opponent_hand":5,"my_board":[{"card_name":"Ironbeak Owl","card_health":1,"card_attack":2},{"card_name":"Arcane Golem","card_health":2,"card_attack":4},{"card_name":"Abusive Sergeant","card_health":1,"card_attack":2}],"opponent_board":[{"card_name":"Sludge Belcher","card_health":5,"card_attack":3},{"card_name":"Northshire Cleric","card_health":2,"card_attack":1}]},{"turn":11,"cards_played":["Holy Nova","Lesser Heal","Lesser Heal"],"current_player":"opponent","my_health":24,"opponent_health":13,"my_armor":0,"opponent_armor":0,"my_hand":2,"opponent_hand":6,"my_board":[],"opponent_board":[{"card_name":"Sludge Belcher","card_health":5,"card_attack":3},{"card_name":"Northshire Cleric","card_health":3,"card_attack":1}]},{"turn":12,"cards_played":["Steady Shot"],"current_player":"me","my_health":24,"opponent_health":11,"my_armor":0,"opponent_armor":0,"my_hand":2,"opponent_hand":6,"my_board":[],"opponent_board":[{"card_name":"Sludge Belcher","card_health":5,"card_attack":3},{"card_name":"Northshire Cleric","card_health":3,"card_attack":1}]},{"turn":13,"cards_played":["Justicar Trueheart","Heal","Heal"],"current_player":"opponent","my_health":20,"opponent_health":15,"my_armor":0,"opponent_armor":0,"my_hand":2,"opponent_hand":6,"my_board":[],"opponent_board":[{"card_name":"Sludge Belcher","card_health":5,"card_attack":3},{"card_name":"Justicar Trueheart","card_health":3,"card_attack":6},{"card_name":"Northshire Cleric","card_health":3,"card_attack":1}]},{"turn":14,"cards_played":["Ironbeak Owl","Unleash the Hounds","Quick Shot"],"current_player":"me","my_health":20,"opponent_health":9,"my_armor":0,"opponent_armor":0,"my_hand":1,"opponent_hand":6,"my_board":[{"card_name":"Ironbeak Owl","card_health":1,"card_attack":2},{"card_name":"Hound","card_health":1,"card_attack":1},{"card_name":"Hound","card_health":1,"card_attack":1},{"card_name":"Hound","card_health":1,"card_attack":1}],"opponent_board":[{"card_name":"Sludge Belcher","card_health":5,"card_attack":3},{"card_name":"Justicar Trueheart","card_health":3,"card_attack":6},{"card_name":"Northshire Cleric","card_health":3,"card_attack":1}]},{"turn":15,"cards_played":["Lightbomb","Heal","Power Word: Shield"],"current_player":"opponent","my_health":11,"opponent_health":13,"my_armor":0,"opponent_armor":0,"my_hand":1,"opponent_hand":6,"my_board":[],"opponent_board":[{"card_name":"Sludge Belcher","card_health":2,"card_attack":3},{"card_name":"Northshire Cleric","card_health":1,"card_attack":1}]},{"turn":16,"cards_played":["Knife Juggler","Quick Shot","Arcane Golem"],"current_player":"me","my_health":11,"opponent_health":5,"my_armor":0,"opponent_armor":0,"my_hand":0,"opponent_hand":6,"my_board":[{"card_name":"Arcane Golem","card_health":2,"card_attack":4},{"card_name":"Knife Juggler","card_health":2,"card_attack":3}],"opponent_board":[{"card_name":"Sludge Belcher","card_health":2,"card_attack":3},{"card_name":"Northshire Cleric","card_health":3,"card_attack":1}]},{"turn":17,"cards_played":["Power Word: Shield","Auchenai Soulpriest","Heal","Heal","Light of the Naaru"],"current_player":"opponent","my_health":0,"opponent_health":5,"my_armor":0,"opponent_armor":0,"my_hand":0,"opponent_hand":5,"my_board":[{"card_name":"Arcane Golem","card_health":2,"card_attack":4},{"card_name":"Knife Juggler","card_health":2,"card_attack":3}],"opponent_board":[{"card_name":"Sludge Belcher","card_health":4,"card_attack":3},{"card_name":"Auchenai Soulpriest","card_health":5,"card_attack":3},{"card_name":"Northshire Cleric","card_health":3,"card_attack":1},{"card_name":"Lightwarden","card_health":2,"card_attack":1}]}],"result":"defeat"}