{"plays":[{"turn":1,"cards_played":[],"current_player":"me","my_health":0,"opponent_health":0,"my_armor":0,"opponent_armor":0,"my_hand":0,"opponent_hand":1,"my_board":[],"opponent_board":[]},{"turn":2,"cards_played":["Innervate","Shade of Naxxramas"],"current_player":"opponent","my_health":30,"opponent_health":30,"my_armor":0,"opponent_armor":0,"my_hand":4,"opponent_hand":4,"my_board":[],"opponent_board":[{"card_name":"Shade of Naxxramas","card_health":2,"card_attack":2}]},{"turn":3,"cards_played":["Flare"],"current_player":"me","my_health":30,"opponent_health":30,"my_armor":0,"opponent_armor":0,"my_hand":5,"opponent_hand":4,"my_board":[],"opponent_board":[{"card_name":"Shade of Naxxramas","card_health":2,"card_attack":2}]},{"turn":4,"cards_played":["The Coin","Big Game Hunter"],"current_player":"opponent","my_health":27,"opponent_health":30,"my_armor":0,"opponent_armor":0,"my_hand":5,"opponent_hand":3,"my_board":[],"opponent_board":[{"card_name":"Shade of Naxxramas","card_health":3,"card_attack":3},{"card_name":"Big Game Hunter","card_health":2,"card_attack":4}]},{"turn":5,"cards_played":["Eaglehorn Bow"],"current_player":"me","my_health":24,"opponent_health":30,"my_armor":0,"opponent_armor":0,"my_hand":5,"opponent_hand":3,"my_board":[],"opponent_board":[{"card_name":"Big Game Hunter","card_health":2,"card_attack":4}]},{"turn":6,"cards_played":["Shapeshift"],"current_player":"opponent","my_health":19,"opponent_health":30,"my_armor":0,"opponent_armor":1,"my_hand":5,"opponent_hand":4,"my_board":[],"opponent_board":[{"card_name":"Big Game Hunter","card_health":2,"card_attack":4}]},{"turn":7,"cards_played":["Desert Camel","Injured Kvaldir"],"current_player":"me","my_health":15,"opponent_health":30,"my_armor":0,"opponent_armor":1,"my_hand":4,"opponent_hand":4,"my_board":[{"card_name":"Desert Camel","card_health":4,"card_attack":2},{"card_name":"Injured Kvaldir","card_health":1,"card_attack":2},{"card_name":"Injured Kvaldir","card_health":4,"card_attack":2}],"opponent_board":[]},{"turn":8,"cards_played":["Swipe"],"current_player":"opponent","my_health":14,"opponent_health":30,"my_armor":0,"opponent_armor":1,"my_hand":4,"opponent_hand":4,"my_board":[{"card_name":"Injured Kvaldir","card_health":3,"card_attack":2}],"opponent_board":[]},{"turn":9,"cards_played":["Animal Companion","Steady Shot"],"current_player":"me","my_health":14,"opponent_health":27,"my_armor":0,"opponent_armor":0,"my_hand":4,"opponent_hand":4,"my_board":[{"card_name":"Injured Kvaldir","card_health":3,"card_attack":2},{"card_name":"Misha","card_health":4,"card_attack":4}],"opponent_board":[]},{"turn":10,"cards_played":["Piloted Shredder"],"current_player":"opponent","my_health":14,"opponent_health":27,"my_armor":0,"opponent_armor":0,"my_hand":4,"opponent_hand":4,"my_board":[{"card_name":"Injured Kvaldir","card_health":3,"card_attack":2},{"card_name":"Misha","card_health":4,"card_attack":4}],"opponent_board":[{"card_name":"Piloted Shredder","card_health":3,"card_attack":4}]},{"turn":11,"cards_played":["Animal Companion","Eaglehorn Bow"],"current_player":"me","my_health":14,"opponent_health":16,"my_armor":0,"opponent_armor":0,"my_hand":3,"opponent_hand":4,"my_board":[{"card_name":"Injured Kvaldir","card_health":3,"card_attack":3},{"card_name":"Misha","card_health":4,"card_attack":5},{"card_name":"Leokk","card_health":4,"card_attack":2}],"opponent_board":[{"card_name":"Piloted Shredder","card_health":3,"card_attack":4}]},{"turn":12,"cards_played":["Wrath","Keeper of the Grove"],"current_player":"opponent","my_health":14,"opponent_health":16,"my_armor":0,"opponent_armor":0,"my_hand":3,"opponent_hand":3,"my_board":[{"card_name":"Leokk","card_health":4,"card_attack":2}],"opponent_board":[{"card_name":"Keeper of the Grove","card_health":4,"card_attack":2},{"card_name":"Museum Curator","card_health":2,"card_attack":1}]},{"turn":13,"cards_played":["Unleash the Hounds","Steady Shot"],"current_player":"me","my_health":12,"opponent_health":13,"my_armor":0,"opponent_armor":0,"my_hand":3,"opponent_hand":3,"my_board":[{"card_name":"Leokk","card_health":3,"card_attack":2},{"card_name":"Hound","card_health":1,"card_attack":1}],"opponent_board":[]},{"turn":14,"cards_played":["Swipe","Shade of Naxxramas"],"current_player":"opponent","my_health":11,"opponent_health":13,"my_armor":0,"opponent_armor":0,"my_hand":3,"opponent_hand":2,"my_board":[],"opponent_board":[{"card_name":"Shade of Naxxramas","card_health":2,"card_attack":2}]},{"turn":15,"cards_played":["Mad Scientist","Steady Shot"],"current_player":"me","my_health":11,"opponent_health":11,"my_armor":0,"opponent_armor":0,"my_hand":3,"opponent_hand":2,"my_board":[{"card_name":"Mad Scientist","card_health":2,"card_attack":2}],"opponent_board":[{"card_name":"Shade of Naxxramas","card_health":2,"card_attack":2}]},{"turn":16,"cards_played":["Ancient of Lore","Living Roots"],"current_player":"opponent","my_health":8,"opponent_health":16,"my_armor":0,"opponent_armor":0,"my_hand":3,"opponent_hand":1,"my_board":[],"opponent_board":[{"card_name":"Shade of Naxxramas","card_health":3,"card_attack":3},{"card_name":"Ancient of Lore","card_health":5,"card_attack":5}]},{"turn":17,"cards_played":["Unleash the Hounds","Kill Command"],"current_player":"me","my_health":8,"opponent_health":14,"my_armor":0,"opponent_armor":0,"my_hand":1,"opponent_hand":1,"my_board":[{"card_name":"Hound","card_health":1,"card_attack":1},{"card_name":"Hound","card_health":1,"card_attack":1}],"opponent_board":[{"card_name":"Shade of Naxxramas","card_health":3,"card_attack":3}]},{"turn":18,"cards_played":["Shapeshift","Emperor Thaurissan"],"current_player":"opponent","my_health":7,"opponent_health":14,"my_armor":0,"opponent_armor":1,"my_hand":1,"opponent_hand":2,"my_board":[{"card_name":"Hound","card_health":1,"card_attack":1},{"card_name":"Hound","card_health":1,"card_attack":1}],"opponent_board":[{"card_name":"Emperor Thaurissan","card_health":5,"card_attack":5}]},{"turn":19,"cards_played":["Kill Command","Houndmaster","Steady Shot"],"current_player":"me","my_health":7,"opponent_health":9,"my_armor":0,"opponent_armor":0,"my_hand":0,"opponent_hand":2,"my_board":[{"card_name":"Houndmaster","card_health":3,"card_attack":4},{"card_name":"Hound","card_health":1,"card_attack":1},{"card_name":"Hound","card_health":3,"card_attack":3}],"opponent_board":[]},{"turn":20,"cards_played":["Druid of the Claw","Shade of Naxxramas"],"current_player":"opponent","my_health":7,"opponent_health":9,"my_armor":0,"opponent_armor":0,"my_hand":0,"opponent_hand":1,"my_board":[{"card_name":"Houndmaster","card_health":3,"card_attack":4},{"card_name":"Hound","card_health":1,"card_attack":1},{"card_name":"Hound","card_health":3,"card_attack":3}],"opponent_board":[{"card_name":"Shade of Naxxramas","card_health":2,"card_attack":2},{"card_name":"Druid of the Claw","card_health":6,"card_attack":4}]},{"turn":21,"cards_played":["Haunted Creeper","Steady Shot"],"current_player":"me","my_health":7,"opponent_health":7,"my_armor":0,"opponent_armor":0,"my_hand":0,"opponent_hand":1,"my_board":[{"card_name":"Houndmaster","card_health":3,"card_attack":4},{"card_name":"Haunted Creeper","card_health":2,"card_attack":1},{"card_name":"Hound","card_health":1,"card_attack":1},{"card_name":"Hound","card_health":3,"card_attack":3}],"opponent_board":[{"card_name":"Shade of Naxxramas","card_health":2,"card_attack":2},{"card_name":"Druid of the Claw","card_health":6,"card_attack":4}]},{"turn":22,"cards_played":["Azure Drake","Shapeshift","Savage Roar"],"current_player":"opponent","my_health":7,"opponent_health":5,"my_armor":0,"opponent_armor":0,"my_hand":0,"opponent_hand":1,"my_board":[{"card_name":"Houndmaster","card_health":3,"card_attack":4},{"card_name":"Haunted Creeper","card_health":2,"card_attack":1},{"card_name":"Hound","card_health":1,"card_attack":1},{"card_name":"Snake","card_health":1,"card_attack":1},{"card_name":"Snake","card_health":1,"card_attack":1},{"card_name":"Snake","card_health":1,"card_attack":1}],"opponent_board":[{"card_name":"Azure Drake","card_health":4,"card_attack":6},{"card_name":"Shade of Naxxramas","card_health":3,"card_attack":5},{"card_name":"Druid of the Claw","card_health":6,"card_attack":6}]}],"result":"defeat"}