{"plays":[{"turn":1,"cards_played":[],"current_player":"me","my_health":0,"opponent_health":30,"my_armor":0,"opponent_armor":0,"my_hand":0,"opponent_hand":1,"my_board":[],"opponent_board":[]},{"turn":2,"cards_played":["The Coin","Stonesplinter Trogg"],"current_player":"opponent","my_health":30,"opponent_health":30,"my_armor":0,"opponent_armor":0,"my_hand":4,"opponent_hand":4,"my_board":[],"opponent_board":[{"card_name":"Stonesplinter Trogg","card_health":3,"card_attack":2}]},{"turn":3,"cards_played":["Quick Shot"],"current_player":"me","my_health":30,"opponent_health":30,"my_armor":0,"opponent_armor":0,"my_hand":4,"opponent_hand":4,"my_board":[],"opponent_board":[]},{"turn":4,"cards_played":["Nerub'ar Weblord"],"current_player":"opponent","my_health":30,"opponent_health":30,"my_armor":0,"opponent_armor":0,"my_hand":4,"opponent_hand":4,"my_board":[],"opponent_board":[{"card_name":"Nerub'ar Weblord","card_health":4,"card_attack":1}]},{"turn":5,"cards_played":["Gnomeregan Infantry"],"current_player":"me","my_health":30,"opponent_health":29,"my_armor":0,"opponent_armor":0,"my_hand":4,"opponent_hand":4,"my_board":[{"card_name":"Gnomeregan Infantry","card_health":4,"card_attack":1}],"opponent_board":[{"card_name":"Nerub'ar Weblord","card_health":4,"card_attack":1}]},{"turn":6,"cards_played":["Ogre Brute"],"current_player":"opponent","my_health":30,"opponent_health":29,"my_armor":0,"opponent_armor":0,"my_hand":4,"opponent_hand":4,"my_board":[{"card_name":"Gnomeregan Infantry","card_health":3,"card_attack":1}],"opponent_board":[{"card_name":"Nerub'ar Weblord","card_health":3,"card_attack":1},{"card_name":"Ogre Brute","card_health":4,"card_attack":4}]},{"turn":7,"cards_played":["Glaivezooka"],"current_player":"me","my_health":29,"opponent_health":29,"my_armor":0,"opponent_armor":0,"my_hand":3,"opponent_hand":4,"my_board":[{"card_name":"Gnomeregan Infantry","card_health":2,"card_attack":2}],"opponent_board":[{"card_name":"Ogre Brute","card_health":4,"card_attack":4}]},{"turn":8,"cards_played":["Scarlet Crusader","Leper Gnome"],"current_player":"opponent","my_health":29,"opponent_health":29,"my_armor":0,"opponent_armor":0,"my_hand":3,"opponent_hand":4,"my_board":[{"card_name":"Gnomeregan Infantry","card_health":2,"card_attack":2}],"opponent_board":[{"card_name":"Scarlet Crusader","card_health":1,"card_attack":3},{"card_name":"Leper Gnome","card_health":1,"card_attack":2}]},{"turn":9,"cards_played":["Unleash the Hounds","Steady Shot"],"current_player":"me","my_health":25,"opponent_health":25,"my_armor":0,"opponent_armor":0,"my_hand":3,"opponent_hand":4,"my_board":[{"card_name":"Gnomeregan Infantry","card_health":2,"card_attack":2}],"opponent_board":[]},{"turn":10,"cards_played":["Ogre Brute"],"current_player":"opponent","my_health":25,"opponent_health":25,"my_armor":0,"opponent_armor":0,"my_hand":3,"opponent_hand":4,"my_board":[{"card_name":"Gnomeregan Infantry","card_health":2,"card_attack":2}],"opponent_board":[{"card_name":"Ogre Brute","card_health":4,"card_attack":4}]},{"turn":11,"cards_played":["Eaglehorn Bow"],"current_player":"me","my_health":25,"opponent_health":20,"my_armor":0,"opponent_armor":0,"my_hand":2,"opponent_hand":4,"my_board":[{"card_name":"Gnomeregan Infantry","card_health":2,"card_attack":2}],"opponent_board":[{"card_name":"Ogre Brute","card_health":4,"card_attack":4}]},{"turn":12,"cards_played":["Savannah Highmane"],"current_player":"opponent","my_health":25,"opponent_health":20,"my_armor":0,"opponent_armor":0,"my_hand":2,"opponent_hand":4,"my_board":[],"opponent_board":[{"card_name":"Ogre Brute","card_health":2,"card_attack":4},{"card_name":"Savannah Highmane","card_health":5,"card_attack":6}]},{"turn":13,"cards_played":["Ravenholdt Assassin"],"current_player":"me","my_health":25,"opponent_health":20,"my_armor":0,"opponent_armor":0,"my_hand":2,"opponent_hand":4,"my_board":[{"card_name":"Ravenholdt Assassin","card_health":5,"card_attack":7}],"opponent_board":[{"card_name":"Ogre Brute","card_health":2,"card_attack":4},{"card_name":"Savannah Highmane","card_health":5,"card_attack":6}]},{"turn":14,"cards_played":["Kill Command","Demolisher"],"current_player":"opponent","my_health":19,"opponent_health":20,"my_armor":0,"opponent_armor":0,"my_hand":2,"opponent_hand":3,"my_board":[],"opponent_board":[{"card_name":"Demolisher","card_health":4,"card_attack":1},{"card_name":"Savannah Highmane","card_health":5,"card_attack":6}]},{"turn":15,"cards_played":["Piloted Sky Golem","Steady Shot"],"current_player":"me","my_health":19,"opponent_health":15,"my_armor":0,"opponent_armor":0,"my_hand":2,"opponent_hand":3,"my_board":[{"card_name":"Piloted Sky Golem","card_health":4,"card_attack":6}],"opponent_board":[{"card_name":"Demolisher","card_health":4,"card_attack":1},{"card_name":"Savannah Highmane","card_health":5,"card_attack":6}]},{"turn":16,"cards_played":["Lord of the Arena","Steady Shot"],"current_player":"opponent","my_health":8,"opponent_health":15,"my_armor":0,"opponent_armor":0,"my_hand":2,"opponent_hand":3,"my_board":[{"card_name":"Piloted Sky Golem","card_health":4,"card_attack":6}],"opponent_board":[{"card_name":"Demolisher","card_health":4,"card_attack":1},{"card_name":"Lord of the Arena","card_health":5,"card_attack":6},{"card_name":"Savannah Highmane","card_health":5,"card_attack":6}]},{"turn":17,"cards_played":["Jungle Panther","Steady Shot","Amani Berserker"],"current_player":"opponent","my_health":8,"opponent_health":10,"my_armor":0,"opponent_armor":0,"my_hand":1,"opponent_hand":3,"my_board":[{"card_name":"Amani Berserker","card_health":3,"card_attack":2},{"card_name":"Jungle Panther","card_health":2,"card_attack":4},{"card_name":"Master of Disguise","card_health":4,"card_attack":4}],"opponent_board":[{"card_name":"Demolisher","card_health":4,"card_attack":1},{"card_name":"Savannah Highmane","card_health":5,"card_attack":6}]},{"turn":18,"cards_played":["Steady Shot"],"current_player":"me","my_health":-1,"opponent_health":10,"my_armor":0,"opponent_armor":0,"my_hand":1,"opponent_hand":4,"my_board":[{"card_name":"Amani Berserker","card_health":3,"card_attack":2},{"card_name":"Master of Disguise","card_health":4,"card_attack":4}],"opponent_board":[{"card_name":"Demolisher","card_health":4,"card_attack":1},{"card_name":"Savannah Highmane","card_health":5,"card_attack":6}]}],"result":"defeat"}