{"plays":[{"turn":1,"cards_played":[],"current_player":"opponent","my_health":30,"opponent_health":0,"my_armor":0,"opponent_armor":0,"my_hand":1,"opponent_hand":0,"my_board":[],"opponent_board":[]},{"turn":2,"cards_played":["The Coin","Knife Juggler"],"current_player":"me","my_health":30,"opponent_health":30,"my_armor":0,"opponent_armor":0,"my_hand":4,"opponent_hand":4,"my_board":[{"card_name":"Knife Juggler","card_health":2,"card_attack":3}],"opponent_board":[]},{"turn":3,"cards_played":["Wild Pyromancer"],"current_player":"opponent","my_health":30,"opponent_health":30,"my_armor":0,"opponent_armor":0,"my_hand":4,"opponent_hand":4,"my_board":[{"card_name":"Knife Juggler","card_health":2,"card_attack":3}],"opponent_board":[{"card_name":"Wild Pyromancer","card_health":2,"card_attack":3}]},{"turn":4,"cards_played":["Leper Gnome","Abusive Sergeant"],"current_player":"me","my_health":30,"opponent_health":24,"my_armor":0,"opponent_armor":0,"my_hand":3,"opponent_hand":4,"my_board":[{"card_name":"Abusive Sergeant","card_health":1,"card_attack":2},{"card_name":"Leper Gnome","card_health":1,"card_attack":2},{"card_name":"Knife Juggler","card_health":2,"card_attack":5}],"opponent_board":[{"card_name":"Wild Pyromancer","card_health":1,"card_attack":3}]},{"turn":5,"cards_played":["Blackwing Technician"],"current_player":"opponent","my_health":30,"opponent_health":24,"my_armor":0,"opponent_armor":0,"my_hand":3,"opponent_hand":4,"my_board":[{"card_name":"Abusive Sergeant","card_health":1,"card_attack":2},{"card_name":"Leper Gnome","card_health":1,"card_attack":2}],"opponent_board":[{"card_name":"Blackwing Technician","card_health":5,"card_attack":3}]},{"turn":6,"cards_played":["Animal Companion"],"current_player":"me","my_health":30,"opponent_health":16,"my_armor":0,"opponent_armor":0,"my_hand":3,"opponent_hand":4,"my_board":[{"card_name":"Abusive Sergeant","card_health":1,"card_attack":2},{"card_name":"Leper Gnome","card_health":1,"card_attack":2},{"card_name":"Huffer","card_health":2,"card_attack":4}],"opponent_board":[{"card_name":"Blackwing Technician","card_health":5,"card_attack":3}]},{"turn":7,"cards_played":["Twilight Guardian"],"current_player":"opponent","my_health":30,"opponent_health":16,"my_armor":0,"opponent_armor":0,"my_hand":3,"opponent_hand":4,"my_board":[{"card_name":"Abusive Sergeant","card_health":1,"card_attack":2},{"card_name":"Leper Gnome","card_health":1,"card_attack":2}],"opponent_board":[{"card_name":"Twilight Guardian","card_health":6,"card_attack":3},{"card_name":"Blackwing Technician","card_health":1,"card_attack":3}]},{"turn":8,"cards_played":["Ironbeak Owl","Mad Scientist"],"current_player":"me","my_health":30,"opponent_health":12,"my_armor":0,"opponent_armor":0,"my_hand":2,"opponent_hand":4,"my_board":[{"card_name":"Abusive Sergeant","card_health":1,"card_attack":2},{"card_name":"Mad Scientist","card_health":2,"card_attack":2},{"card_name":"Ironbeak Owl","card_health":1,"card_attack":2}],"opponent_board":[{"card_name":"Twilight Guardian","card_health":6,"card_attack":2}]},{"turn":9,"cards_played":["Blackwing Corruptor"],"current_player":"opponent","my_health":30,"opponent_health":12,"my_armor":0,"opponent_armor":0,"my_hand":2,"opponent_hand":4,"my_board":[{"card_name":"Mad Scientist","card_health":2,"card_attack":2}],"opponent_board":[{"card_name":"Blackwing Corruptor","card_health":4,"card_attack":5},{"card_name":"Twilight Guardian","card_health":4,"card_attack":2}]},{"turn":10,"cards_played":["Eaglehorn Bow","Steady Shot"],"current_player":"me","my_health":30,"opponent_health":5,"my_armor":0,"opponent_armor":0,"my_hand":2,"opponent_hand":4,"my_board":[{"card_name":"Mad Scientist","card_health":2,"card_attack":2}],"opponent_board":[{"card_name":"Blackwing Corruptor","card_health":4,"card_attack":5},{"card_name":"Twilight Guardian","card_health":4,"card_attack":2}]},{"turn":11,"cards_played":["Lesser Heal","Lesser Heal","Dragonkin Sorcerer"],"current_player":"opponent","my_health":30,"opponent_health":7,"my_armor":0,"opponent_armor":0,"my_hand":2,"opponent_hand":4,"my_board":[],"opponent_board":[{"card_name":"Blackwing Corruptor","card_health":4,"card_attack":5},{"card_name":"Dragonkin Sorcerer","card_health":5,"card_attack":3},{"card_name":"Twilight Guardian","card_health":2,"card_attack":2}]},{"turn":12,"cards_played":["Unleash the Hounds","Abusive Sergeant"],"current_player":"me","my_health":30,"opponent_health":3,"my_armor":0,"opponent_armor":0,"my_hand":1,"opponent_hand":4,"my_board":[{"card_name":"Abusive Sergeant","card_health":1,"card_attack":2},{"card_name":"Hound","card_health":1,"card_attack":1},{"card_name":"Hound","card_health":1,"card_attack":1},{"card_name":"Hound","card_health":1,"card_attack":3}],"opponent_board":[{"card_name":"Blackwing Corruptor","card_health":4,"card_attack":5},{"card_name":"Dragonkin Sorcerer","card_health":5,"card_attack":3},{"card_name":"Twilight Guardian","card_health":2,"card_attack":2}]}],"result":"victory"}