{"plays":[{"turn":1,"cards_played":[],"current_player":"me","my_health":0,"opponent_health":30,"my_armor":0,"opponent_armor":0,"my_hand":0,"opponent_hand":1,"my_board":[],"opponent_board":[]},{"turn":2,"cards_played":["The Coin","Sunfury Protector"],"current_player":"opponent","my_health":30,"opponent_health":30,"my_armor":0,"opponent_armor":0,"my_hand":4,"opponent_hand":4,"my_board":[],"opponent_board":[{"card_name":"Sunfury Protector","card_health":3,"card_attack":2}]},{"turn":3,"cards_played":["Haunted Creeper"],"current_player":"me","my_health":30,"opponent_health":30,"my_armor":0,"opponent_armor":0,"my_hand":4,"opponent_hand":4,"my_board":[{"card_name":"Haunted Creeper","card_health":2,"card_attack":1}],"opponent_board":[{"card_name":"Sunfury Protector","card_health":3,"card_attack":2}]},{"turn":4,"cards_played":["Ironbeak Owl"],"current_player":"opponent","my_health":30,"opponent_health":30,"my_armor":0,"opponent_armor":0,"my_hand":4,"opponent_hand":4,"my_board":[],"opponent_board":[{"card_name":"Ironbeak Owl","card_health":1,"card_attack":2},{"card_name":"Sunfury Protector","card_health":2,"card_attack":2}]},{"turn":5,"cards_played":["Eaglehorn Bow"],"current_player":"me","my_health":28,"opponent_health":30,"my_armor":0,"opponent_armor":0,"my_hand":4,"opponent_hand":4,"my_board":[],"opponent_board":[{"card_name":"Ironbeak Owl","card_health":1,"card_attack":2}]},{"turn":6,"cards_played":["Life Tap"],"current_player":"opponent","my_health":26,"opponent_health":28,"my_armor":0,"opponent_armor":0,"my_hand":4,"opponent_hand":6,"my_board":[],"opponent_board":[{"card_name":"Ironbeak Owl","card_health":1,"card_attack":2}]},{"turn":7,"cards_played":["Mad Scientist","Mad Scientist"],"current_player":"me","my_health":26,"opponent_health":28,"my_armor":0,"opponent_armor":0,"my_hand":3,"opponent_hand":6,"my_board":[{"card_name":"Mad Scientist","card_health":2,"card_attack":2},{"card_name":"Mad Scientist","card_health":2,"card_attack":2}],"opponent_board":[{"card_name":"Ironbeak Owl","card_health":1,"card_attack":2}]},{"turn":8,"cards_played":["Earthen Ring Farseer"],"current_player":"opponent","my_health":24,"opponent_health":30,"my_armor":0,"opponent_armor":0,"my_hand":3,"opponent_hand":6,"my_board":[{"card_name":"Mad Scientist","card_health":2,"card_attack":2},{"card_name":"Mad Scientist","card_health":2,"card_attack":2}],"opponent_board":[{"card_name":"Ironbeak Owl","card_health":1,"card_attack":2},{"card_name":"Earthen Ring Farseer","card_health":3,"card_attack":3}]},{"turn":9,"cards_played":["Animal Companion","Steady Shot"],"current_player":"me","my_health":24,"opponent_health":22,"my_armor":0,"opponent_armor":0,"my_hand":3,"opponent_hand":6,"my_board":[{"card_name":"Mad Scientist","card_health":2,"card_attack":2},{"card_name":"Huffer","card_health":2,"card_attack":4}],"opponent_board":[{"card_name":"Earthen Ring Farseer","card_health":3,"card_attack":3}]},{"turn":10,"cards_played":["Sludge Belcher"],"current_player":"opponent","my_health":24,"opponent_health":22,"my_armor":0,"opponent_armor":0,"my_hand":3,"opponent_hand":6,"my_board":[{"card_name":"Huffer","card_health":2,"card_attack":4}],"opponent_board":[{"card_name":"Sludge Belcher","card_health":5,"card_attack":3},{"card_name":"Earthen Ring Farseer","card_health":1,"card_attack":3}]},{"turn":11,"cards_played":["Savannah Highmane"],"current_player":"me","my_health":24,"opponent_health":22,"my_armor":0,"opponent_armor":0,"my_hand":3,"opponent_hand":6,"my_board":[{"card_name":"Savannah Highmane","card_health":5,"card_attack":6}],"opponent_board":[{"card_name":"Sludge Belcher","card_health":1,"card_attack":3},{"card_name":"Earthen Ring Farseer","card_health":1,"card_attack":3}]},{"turn":12,"cards_played":["Emperor Thaurissan"],"current_player":"opponent","my_health":24,"opponent_health":22,"my_armor":0,"opponent_armor":0,"my_hand":3,"opponent_hand":6,"my_board":[{"card_name":"Savannah Highmane","card_health":5,"card_attack":6}],"opponent_board":[{"card_name":"Emperor Thaurissan","card_health":5,"card_attack":5},{"card_name":"Sludge Belcher","card_health":1,"card_attack":3},{"card_name":"Earthen Ring Farseer","card_health":1,"card_attack":3}]},{"turn":13,"cards_played":["Haunted Creeper","Piloted Shredder"],"current_player":"me","my_health":24,"opponent_health":22,"my_armor":0,"opponent_armor":0,"my_hand":2,"opponent_hand":6,"my_board":[{"card_name":"Piloted Shredder","card_health":3,"card_attack":4},{"card_name":"Savannah Highmane","card_health":2,"card_attack":6},{"card_name":"Haunted Creeper","card_health":2,"card_attack":1}],"opponent_board":[{"card_name":"Emperor Thaurissan","card_health":5,"card_attack":5},{"card_name":"Earthen Ring Farseer","card_health":1,"card_attack":3},{"card_name":"Slime","card_health":2,"card_attack":1}]},{"turn":14,"cards_played":["Sludge Belcher"],"current_player":"opponent","my_health":24,"opponent_health":22,"my_armor":0,"opponent_armor":0,"my_hand":2,"opponent_hand":7,"my_board":[{"card_name":"Savannah Highmane","card_health":2,"card_attack":6},{"card_name":"Haunted Creeper","card_health":2,"card_attack":1},{"card_name":"Mechwarper","card_health":3,"card_attack":2}],"opponent_board":[{"card_name":"Emperor Thaurissan","card_health":1,"card_attack":5},{"card_name":"Sludge Belcher","card_health":5,"card_attack":3},{"card_name":"Slime","card_health":2,"card_attack":1}]},{"turn":15,"cards_played":["Savannah Highmane","Steady Shot"],"current_player":"me","my_health":23,"opponent_health":20,"my_armor":0,"opponent_armor":0,"my_hand":2,"opponent_hand":7,"my_board":[{"card_name":"Savannah Highmane","card_health":5,"card_attack":6},{"card_name":"Mechwarper","card_health":2,"card_attack":2},{"card_name":"Hyena","card_health":2,"card_attack":2},{"card_name":"Hyena","card_health":2,"card_attack":2},{"card_name":"Spectral Spider","card_health":1,"card_attack":1},{"card_name":"Spectral Spider","card_health":1,"card_attack":1}],"opponent_board":[]},{"turn":16,"cards_played":["Siphon Soul","Hellfire"],"current_player":"opponent","my_health":20,"opponent_health":20,"my_armor":0,"opponent_armor":0,"my_hand":2,"opponent_hand":6,"my_board":[],"opponent_board":[]},{"turn":17,"cards_played":["Knife Juggler","Steady Shot"],"current_player":"me","my_health":20,"opponent_health":18,"my_armor":0,"opponent_armor":0,"my_hand":2,"opponent_hand":6,"my_board":[{"card_name":"Knife Juggler","card_health":2,"card_attack":3}],"opponent_board":[]},{"turn":18,"cards_played":["Twilight Drake"],"current_player":"opponent","my_health":20,"opponent_health":18,"my_armor":0,"opponent_armor":0,"my_hand":2,"opponent_hand":6,"my_board":[{"card_name":"Knife Juggler","card_health":2,"card_attack":3}],"opponent_board":[{"card_name":"Twilight Drake","card_health":1,"card_attack":4}]},{"turn":19,"cards_played":["Hunter's Mark","Knife Juggler","Steady Shot"],"current_player":"me","my_health":17,"opponent_health":16,"my_armor":0,"opponent_armor":0,"my_hand":1,"opponent_hand":5,"my_board":[{"card_name":"Knife Juggler","card_health":2,"card_attack":3},{"card_name":"Knife Juggler","card_health":2,"card_attack":3}],"opponent_board":[]},{"turn":20,"cards_played":["Molten Giant","Antique Healbot","Shadowflame"],"current_player":"opponent","my_health":17,"opponent_health":24,"my_armor":0,"opponent_armor":0,"my_hand":1,"opponent_hand":3,"my_board":[],"opponent_board":[{"card_name":"Molten Giant","card_health":8,"card_attack":8}]},{"turn":21,"cards_played":[],"current_player":"me","my_health":17,"opponent_health":24,"my_armor":0,"opponent_armor":0,"my_hand":2,"opponent_hand":3,"my_board":[],"opponent_board":[{"card_name":"Molten Giant","card_health":8,"card_attack":8}]}],"result":"defeat"}