{"plays":[{"turn":1,"cards_played":[],"current_player":"me","my_health":0,"opponent_health":30,"my_armor":0,"opponent_armor":0,"my_hand":0,"opponent_hand":1,"my_board":[],"opponent_board":[]},{"turn":2,"cards_played":[],"current_player":"opponent","my_health":30,"opponent_health":30,"my_armor":0,"opponent_armor":0,"my_hand":4,"opponent_hand":6,"my_board":[],"opponent_board":[]},{"turn":3,"cards_played":[],"current_player":"me","my_health":30,"opponent_health":30,"my_armor":0,"opponent_armor":0,"my_hand":4,"opponent_hand":6,"my_board":[],"opponent_board":[]},{"turn":4,"cards_played":["Reinforce"],"current_player":"opponent","my_health":30,"opponent_health":30,"my_armor":0,"opponent_armor":0,"my_hand":4,"opponent_hand":7,"my_board":[],"opponent_board":[{"card_name":"Silver Hand Recruit","card_health":1,"card_attack":1}]},{"turn":5,"cards_played":["Argent Horserider"],"current_player":"me","my_health":30,"opponent_health":28,"my_armor":0,"opponent_armor":0,"my_hand":4,"opponent_hand":7,"my_board":[{"card_name":"Argent Horserider","card_health":1,"card_attack":2}],"opponent_board":[{"card_name":"Silver Hand Recruit","card_health":1,"card_attack":1}]},{"turn":6,"cards_played":["Ironbeak Owl"],"current_player":"opponent","my_health":30,"opponent_health":28,"my_armor":0,"opponent_armor":0,"my_hand":4,"opponent_hand":7,"my_board":[],"opponent_board":[{"card_name":"Ironbeak Owl","card_health":1,"card_attack":2}]},{"turn":7,"cards_played":["Worgen Infiltrator","Abusive Sergeant","Steady Shot"],"current_player":"me","my_health":30,"opponent_health":26,"my_armor":0,"opponent_armor":0,"my_hand":3,"opponent_hand":7,"my_board":[{"card_name":"Abusive Sergeant","card_health":1,"card_attack":2},{"card_name":"Worgen Infiltrator","card_health":1,"card_attack":4}],"opponent_board":[{"card_name":"Ironbeak Owl","card_health":1,"card_attack":2}]},{"turn":8,"cards_played":["Consecration"],"current_player":"opponent","my_health":26,"opponent_health":26,"my_armor":0,"opponent_armor":0,"my_hand":3,"opponent_hand":7,"my_board":[{"card_name":"Ironfur Grizzly","card_health":1,"card_attack":3}],"opponent_board":[{"card_name":"Ironbeak Owl","card_health":1,"card_attack":2}]},{"turn":9,"cards_played":["Leper Gnome","Steady Shot","Quick Shot"],"current_player":"me","my_health":26,"opponent_health":21,"my_armor":0,"opponent_armor":0,"my_hand":2,"opponent_hand":7,"my_board":[{"card_name":"Leper Gnome","card_health":1,"card_attack":2},{"card_name":"Ironfur Grizzly","card_health":1,"card_attack":3}],"opponent_board":[]},{"turn":10,"cards_played":["Consecration"],"current_player":"opponent","my_health":24,"opponent_health":21,"my_armor":0,"opponent_armor":0,"my_hand":2,"opponent_hand":7,"my_board":[],"opponent_board":[]},{"turn":11,"cards_played":["Leper Gnome","Steady Shot"],"current_player":"me","my_health":24,"opponent_health":17,"my_armor":0,"opponent_armor":0,"my_hand":2,"opponent_hand":7,"my_board":[{"card_name":"Leper Gnome","card_health":1,"card_attack":2}],"opponent_board":[]},{"turn":12,"cards_played":["The Coin","Dr. Boom"],"current_player":"opponent","my_health":24,"opponent_health":17,"my_armor":0,"opponent_armor":0,"my_hand":2,"opponent_hand":6,"my_board":[{"card_name":"Leper Gnome","card_health":1,"card_attack":2}],"opponent_board":[{"card_name":"Dr. Boom","card_health":7,"card_attack":7},{"card_name":"Boom Bot","card_health":1,"card_attack":1},{"card_name":"Boom Bot","card_health":1,"card_attack":1}]},{"turn":13,"cards_played":["Worgen Infiltrator","Ironbeak Owl","Ironbeak Owl","Steady Shot"],"current_player":"me","my_health":24,"opponent_health":13,"my_armor":0,"opponent_armor":0,"my_hand":0,"opponent_hand":6,"my_board":[{"card_name":"Ironbeak Owl","card_health":1,"card_attack":2},{"card_name":"Ironbeak Owl","card_health":1,"card_attack":2},{"card_name":"Leper Gnome","card_health":1,"card_attack":2},{"card_name":"Worgen Infiltrator","card_health":1,"card_attack":2}],"opponent_board":[{"card_name":"Dr. Boom","card_health":7,"card_attack":7},{"card_name":"Boom Bot","card_health":1,"card_attack":1},{"card_name":"Boom Bot","card_health":1,"card_attack":1}]},{"turn":14,"cards_played":["Sludge Belcher","Reinforce"],"current_player":"opponent","my_health":24,"opponent_health":13,"my_armor":0,"opponent_armor":0,"my_hand":0,"opponent_hand":6,"my_board":[{"card_name":"Ironbeak Owl","card_health":1,"card_attack":2},{"card_name":"Leper Gnome","card_health":1,"card_attack":2},{"card_name":"Worgen Infiltrator","card_health":1,"card_attack":2}],"opponent_board":[{"card_name":"Sludge Belcher","card_health":5,"card_attack":3},{"card_name":"Dr. Boom","card_health":7,"card_attack":7},{"card_name":"Boom Bot","card_health":1,"card_attack":1},{"card_name":"Silver Hand Recruit","card_health":1,"card_attack":1}]}],"result":"defeat"}