{"plays":[{"turn":1,"cards_played":[],"current_player":"me","my_health":0,"opponent_health":30,"my_armor":0,"opponent_armor":0,"my_hand":0,"opponent_hand":1,"my_board":[],"opponent_board":[]},{"turn":2,"cards_played":[],"current_player":"me","my_health":30,"opponent_health":30,"my_armor":0,"opponent_armor":0,"my_hand":6,"opponent_hand":4,"my_board":[],"opponent_board":[]},{"turn":3,"cards_played":[],"current_player":"opponent","my_health":30,"opponent_health":30,"my_armor":0,"opponent_armor":0,"my_hand":6,"opponent_hand":4,"my_board":[],"opponent_board":[]},{"turn":4,"cards_played":["Haunted Creeper"],"current_player":"me","my_health":30,"opponent_health":30,"my_armor":0,"opponent_armor":0,"my_hand":6,"opponent_hand":4,"my_board":[{"card_name":"Haunted Creeper","card_health":2,"card_attack":1}],"opponent_board":[]},{"turn":5,"cards_played":["Animal Companion"],"current_player":"opponent","my_health":30,"opponent_health":30,"my_armor":0,"opponent_armor":0,"my_hand":6,"opponent_hand":4,"my_board":[{"card_name":"Haunted Creeper","card_health":2,"card_attack":1}],"opponent_board":[{"card_name":"Leokk","card_health":4,"card_attack":2}]},{"turn":6,"cards_played":["Kill Command"],"current_player":"me","my_health":30,"opponent_health":30,"my_armor":0,"opponent_armor":0,"my_hand":7,"opponent_hand":4,"my_board":[],"opponent_board":[]},{"turn":7,"cards_played":["Webspinner","Steady Shot"],"current_player":"opponent","my_health":28,"opponent_health":30,"my_armor":0,"opponent_armor":0,"my_hand":7,"opponent_hand":4,"my_board":[],"opponent_board":[{"card_name":"Webspinner","card_health":1,"card_attack":1}]},{"turn":8,"cards_played":["Mad Scientist","Clockwork Gnome","Clockwork Gnome"],"current_player":"me","my_health":28,"opponent_health":30,"my_armor":0,"opponent_armor":0,"my_hand":5,"opponent_hand":4,"my_board":[{"card_name":"Clockwork Gnome","card_health":1,"card_attack":2},{"card_name":"Clockwork Gnome","card_health":1,"card_attack":2},{"card_name":"Mad Scientist","card_health":2,"card_attack":2}],"opponent_board":[{"card_name":"Webspinner","card_health":1,"card_attack":1}]},{"turn":9,"cards_played":["Houndmaster"],"current_player":"opponent","my_health":25,"opponent_health":30,"my_armor":0,"opponent_armor":0,"my_hand":5,"opponent_hand":4,"my_board":[{"card_name":"Clockwork Gnome","card_health":1,"card_attack":2},{"card_name":"Clockwork Gnome","card_health":1,"card_attack":2},{"card_name":"Mad Scientist","card_health":2,"card_attack":2}],"opponent_board":[{"card_name":"Houndmaster","card_health":3,"card_attack":4},{"card_name":"Webspinner","card_health":3,"card_attack":3}]},{"turn":10,"cards_played":["Knife Juggler","Animal Companion"],"current_player":"me","my_health":25,"opponent_health":27,"my_armor":0,"opponent_armor":0,"my_hand":6,"opponent_hand":5,"my_board":[{"card_name":"Knife Juggler","card_health":2,"card_attack":3},{"card_name":"Mad Scientist","card_health":2,"card_attack":2},{"card_name":"Misha","card_health":4,"card_attack":4}],"opponent_board":[{"card_name":"Houndmaster","card_health":3,"card_attack":4}]},{"turn":11,"cards_played":["Mad Scientist","Quick Shot","Steady Shot"],"current_player":"opponent","my_health":23,"opponent_health":27,"my_armor":0,"opponent_armor":0,"my_hand":6,"opponent_hand":4,"my_board":[{"card_name":"Mad Scientist","card_health":2,"card_attack":2}],"opponent_board":[{"card_name":"Mad Scientist","card_health":2,"card_attack":2}]},{"turn":12,"cards_played":["Tracking","Lock and Load","Finicky Cloakfield","Emergency Coolant","The Coin","Quick Shot"],"current_player":"me","my_health":23,"opponent_health":27,"my_armor":0,"opponent_armor":0,"my_hand":6,"opponent_hand":4,"my_board":[],"opponent_board":[]},{"turn":13,"cards_played":["Dr. Boom"],"current_player":"opponent","my_health":23,"opponent_health":24,"my_armor":0,"opponent_armor":0,"my_hand":6,"opponent_hand":4,"my_board":[],"opponent_board":[{"card_name":"Dr. Boom","card_health":7,"card_attack":7},{"card_name":"Boom Bot","card_health":1,"card_attack":1},{"card_name":"Boom Bot","card_health":1,"card_attack":1}]},{"turn":14,"cards_played":["Unleash the Hounds","Kill Command"],"current_player":"me","my_health":23,"opponent_health":24,"my_armor":0,"opponent_armor":0,"my_hand":6,"opponent_hand":4,"my_board":[],"opponent_board":[{"card_name":"Boom Bot","card_health":1,"card_attack":1},{"card_name":"Boom Bot","card_health":1,"card_attack":1}]},{"turn":15,"cards_played":["King's Elekk","Piloted Shredder","Steady Shot"],"current_player":"opponent","my_health":19,"opponent_health":24,"my_armor":0,"opponent_armor":0,"my_hand":6,"opponent_hand":3,"my_board":[],"opponent_board":[{"card_name":"Piloted Shredder","card_health":3,"card_attack":4},{"card_name":"King's Elekk","card_health":2,"card_attack":3},{"card_name":"Boom Bot","card_health":1,"card_attack":1},{"card_name":"Boom Bot","card_health":1,"card_attack":1}]},{"turn":16,"cards_played":["Eaglehorn Bow","Unleash the Hounds","Steady Shot"],"current_player":"me","my_health":16,"opponent_health":18,"my_armor":0,"opponent_armor":0,"my_hand":5,"opponent_hand":3,"my_board":[{"card_name":"Hound","card_health":1,"card_attack":1},{"card_name":"Hound","card_health":1,"card_attack":1},{"card_name":"Hound","card_health":1,"card_attack":1},{"card_name":"Hound","card_health":1,"card_attack":1}],"opponent_board":[{"card_name":"Piloted Shredder","card_health":3,"card_attack":4},{"card_name":"Boom Bot","card_health":1,"card_attack":1},{"card_name":"Boom Bot","card_health":1,"card_attack":1}]},{"turn":17,"cards_played":["Unleash the Hounds","Kill Command","Kill Command"],"current_player":"opponent","my_health":-4,"opponent_health":18,"my_armor":0,"opponent_armor":0,"my_hand":5,"opponent_hand":1,"my_board":[{"card_name":"Hound","card_health":1,"card_attack":1},{"card_name":"Hound","card_health":1,"card_attack":1},{"card_name":"Hound","card_health":1,"card_attack":1},{"card_name":"Hound","card_health":1,"card_attack":1}],"opponent_board":[{"card_name":"Piloted Shredder","card_health":3,"card_attack":4},{"card_name":"Boom Bot","card_health":1,"card_attack":1},{"card_name":"Boom Bot","card_health":1,"card_attack":1},{"card_name":"Hound","card_health":1,"card_attack":1},{"card_name":"Hound","card_health":1,"card_attack":1},{"card_name":"Hound","card_health":1,"card_attack":1},{"card_name":"Hound","card_health":1,"card_attack":1}]}],"result":"defeat"}