{"plays":[{"turn":1,"cards_played":[],"current_player":"opponent","my_health":30,"opponent_health":0,"my_armor":0,"opponent_armor":0,"my_hand":1,"opponent_hand":0,"my_board":[],"opponent_board":[]},{"turn":2,"cards_played":["Leper Gnome","The Coin","Mad Scientist"],"current_player":"me","my_health":30,"opponent_health":30,"my_armor":0,"opponent_armor":0,"my_hand":4,"opponent_hand":3,"my_board":[{"card_name":"Mad Scientist","card_health":2,"card_attack":2}],"opponent_board":[{"card_name":"Leper Gnome","card_health":1,"card_attack":2}]},{"turn":3,"cards_played":["Leper Gnome","Worgen Infiltrator"],"current_player":"opponent","my_health":28,"opponent_health":30,"my_armor":0,"opponent_armor":0,"my_hand":4,"opponent_hand":2,"my_board":[{"card_name":"Mad Scientist","card_health":2,"card_attack":2}],"opponent_board":[{"card_name":"Leper Gnome","card_health":1,"card_attack":2},{"card_name":"Leper Gnome","card_health":1,"card_attack":2},{"card_name":"Worgen Infiltrator","card_health":1,"card_attack":2}]},{"turn":4,"cards_played":["Steady Shot"],"current_player":"me","my_health":26,"opponent_health":28,"my_armor":0,"opponent_armor":0,"my_hand":5,"opponent_hand":2,"my_board":[],"opponent_board":[{"card_name":"Leper Gnome","card_health":1,"card_attack":2},{"card_name":"Worgen Infiltrator","card_health":1,"card_attack":2}]},{"turn":5,"cards_played":["Animal Companion"],"current_player":"opponent","my_health":24,"opponent_health":28,"my_armor":0,"opponent_armor":0,"my_hand":5,"opponent_hand":3,"my_board":[],"opponent_board":[{"card_name":"Worgen Infiltrator","card_health":1,"card_attack":2},{"card_name":"Misha","card_health":4,"card_attack":4}]},{"turn":6,"cards_played":["Unleash the Hounds","Hunter's Mark"],"current_player":"me","my_health":24,"opponent_health":28,"my_armor":0,"opponent_armor":0,"my_hand":4,"opponent_hand":3,"my_board":[],"opponent_board":[]},{"turn":7,"cards_played":["Eaglehorn Bow"],"current_player":"opponent","my_health":21,"opponent_health":28,"my_armor":0,"opponent_armor":0,"my_hand":4,"opponent_hand":3,"my_board":[],"opponent_board":[]},{"turn":8,"cards_played":["Animal Companion"],"current_player":"me","my_health":21,"opponent_health":24,"my_armor":0,"opponent_armor":0,"my_hand":4,"opponent_hand":3,"my_board":[{"card_name":"Huffer","card_health":2,"card_attack":4}],"opponent_board":[]},{"turn":9,"cards_played":["Argent Horserider","Steady Shot"],"current_player":"opponent","my_health":16,"opponent_health":24,"my_armor":0,"opponent_armor":0,"my_hand":4,"opponent_hand":3,"my_board":[],"opponent_board":[{"card_name":"Argent Horserider","card_health":1,"card_attack":2}]},{"turn":10,"cards_played":["Animal Companion","Haunted Creeper"],"current_player":"me","my_health":16,"opponent_health":24,"my_armor":0,"opponent_armor":0,"my_hand":3,"opponent_hand":3,"my_board":[{"card_name":"Haunted Creeper","card_health":2,"card_attack":1},{"card_name":"Leokk","card_health":4,"card_attack":2}],"opponent_board":[{"card_name":"Argent Horserider","card_health":1,"card_attack":2}]},{"turn":11,"cards_played":["Glaivezooka","Steady Shot"],"current_player":"opponent","my_health":9,"opponent_health":24,"my_armor":0,"opponent_armor":0,"my_hand":3,"opponent_hand":3,"my_board":[{"card_name":"Haunted Creeper","card_health":2,"card_attack":2},{"card_name":"Leokk","card_health":4,"card_attack":2}],"opponent_board":[{"card_name":"Argent Horserider","card_health":1,"card_attack":3}]},{"turn":12,"cards_played":["Eaglehorn Bow","Steady Shot"],"current_player":"me","my_health":9,"opponent_health":17,"my_armor":0,"opponent_armor":0,"my_hand":3,"opponent_hand":3,"my_board":[{"card_name":"Leokk","card_health":4,"card_attack":2},{"card_name":"Spectral Spider","card_health":1,"card_attack":2},{"card_name":"Spectral Spider","card_health":1,"card_attack":2}],"opponent_board":[]},{"turn":13,"cards_played":["Arcane Golem","Mad Scientist","Steady Shot"],"current_player":"opponent","my_health":1,"opponent_health":17,"my_armor":0,"opponent_armor":0,"my_hand":3,"opponent_hand":2,"my_board":[{"card_name":"Leokk","card_health":4,"card_attack":2},{"card_name":"Spectral Spider","card_health":1,"card_attack":2},{"card_name":"Spectral Spider","card_health":1,"card_attack":2}],"opponent_board":[{"card_name":"Mad Scientist","card_health":2,"card_attack":2},{"card_name":"Arcane Golem","card_health":2,"card_attack":4}]},{"turn":14,"cards_played":[],"current_player":"me","my_health":-3,"opponent_health":17,"my_armor":0,"opponent_armor":0,"my_hand":4,"opponent_hand":2,"my_board":[{"card_name":"Leokk","card_health":4,"card_attack":2},{"card_name":"Spectral Spider","card_health":1,"card_attack":2},{"card_name":"Spectral Spider","card_health":1,"card_attack":2}],"opponent_board":[{"card_name":"Mad Scientist","card_health":2,"card_attack":2}]}],"result":"defeat"}