{"plays":[{"turn":1,"cards_played":[],"current_player":"opponent","my_health":30,"opponent_health":0,"my_armor":0,"opponent_armor":0,"my_hand":1,"opponent_hand":0,"my_board":[],"opponent_board":[]},{"turn":2,"cards_played":["Worgen Infiltrator","Timber Wolf"],"current_player":"me","my_health":30,"opponent_health":30,"my_armor":0,"opponent_armor":0,"my_hand":5,"opponent_hand":3,"my_board":[{"card_name":"Timber Wolf","card_health":1,"card_attack":1}],"opponent_board":[{"card_name":"Worgen Infiltrator","card_health":1,"card_attack":2}]},{"turn":3,"cards_played":["Life Tap"],"current_player":"opponent","my_health":30,"opponent_health":28,"my_armor":0,"opponent_armor":0,"my_hand":5,"opponent_hand":5,"my_board":[{"card_name":"Timber Wolf","card_health":1,"card_attack":1}],"opponent_board":[{"card_name":"Worgen Infiltrator","card_health":1,"card_attack":2}]},{"turn":4,"cards_played":["The Coin","Acolyte of Pain"],"current_player":"me","my_health":30,"opponent_health":27,"my_armor":0,"opponent_armor":0,"my_hand":4,"opponent_hand":5,"my_board":[{"card_name":"Acolyte of Pain","card_health":3,"card_attack":1},{"card_name":"Timber Wolf","card_health":1,"card_attack":1}],"opponent_board":[{"card_name":"Worgen Infiltrator","card_health":1,"card_attack":2}]},{"turn":5,"cards_played":["Shadow Bolt"],"current_player":"opponent","my_health":28,"opponent_health":27,"my_armor":0,"opponent_armor":0,"my_hand":5,"opponent_hand":5,"my_board":[{"card_name":"Timber Wolf","card_health":1,"card_attack":1}],"opponent_board":[{"card_name":"Worgen Infiltrator","card_health":1,"card_attack":2}]},{"turn":6,"cards_played":["Amani Berserker","Abusive Sergeant"],"current_player":"me","my_health":28,"opponent_health":24,"my_armor":0,"opponent_armor":0,"my_hand":4,"opponent_hand":5,"my_board":[{"card_name":"Amani Berserker","card_health":3,"card_attack":2},{"card_name":"Timber Wolf","card_health":1,"card_attack":3},{"card_name":"Abusive Sergeant","card_health":1,"card_attack":2}],"opponent_board":[{"card_name":"Worgen Infiltrator","card_health":1,"card_attack":2}]},{"turn":7,"cards_played":["Hellfire"],"current_player":"opponent","my_health":23,"opponent_health":21,"my_armor":0,"opponent_armor":0,"my_hand":4,"opponent_hand":5,"my_board":[],"opponent_board":[]},{"turn":8,"cards_played":["Jungle Panther"],"current_player":"me","my_health":23,"opponent_health":21,"my_armor":0,"opponent_armor":0,"my_hand":4,"opponent_hand":5,"my_board":[{"card_name":"Jungle Panther","card_health":2,"card_attack":4}],"opponent_board":[]},{"turn":9,"cards_played":["Sludge Belcher"],"current_player":"opponent","my_health":23,"opponent_health":21,"my_armor":0,"opponent_armor":0,"my_hand":4,"opponent_hand":5,"my_board":[{"card_name":"Jungle Panther","card_health":2,"card_attack":4}],"opponent_board":[{"card_name":"Sludge Belcher","card_health":5,"card_attack":3}]},{"turn":10,"cards_played":["Azure Drake"],"current_player":"me","my_health":23,"opponent_health":21,"my_armor":0,"opponent_armor":0,"my_hand":5,"opponent_hand":5,"my_board":[{"card_name":"Jungle Panther","card_health":2,"card_attack":4},{"card_name":"Azure Drake","card_health":4,"card_attack":4}],"opponent_board":[{"card_name":"Sludge Belcher","card_health":5,"card_attack":3}]},{"turn":11,"cards_played":["Alarm-o-Bot","Razorfen Hunter"],"current_player":"opponent","my_health":20,"opponent_health":21,"my_armor":0,"opponent_armor":0,"my_hand":5,"opponent_hand":4,"my_board":[{"card_name":"Jungle Panther","card_health":2,"card_attack":4},{"card_name":"Azure Drake","card_health":4,"card_attack":4}],"opponent_board":[{"card_name":"Sludge Belcher","card_health":5,"card_attack":3},{"card_name":"Alarm-o-Bot","card_health":3,"card_attack":0},{"card_name":"Razorfen Hunter","card_health":3,"card_attack":2},{"card_name":"Boar","card_health":1,"card_attack":1}]},{"turn":12,"cards_played":["Unleash the Hounds","Quick Shot"],"current_player":"me","my_health":20,"opponent_health":21,"my_armor":0,"opponent_armor":0,"my_hand":4,"opponent_hand":4,"my_board":[{"card_name":"Jungle Panther","card_health":2,"card_attack":4},{"card_name":"Azure Drake","card_health":2,"card_attack":4}],"opponent_board":[]},{"turn":13,"cards_played":["Darkbomb","Sen'jin Shieldmasta"],"current_player":"opponent","my_health":20,"opponent_health":21,"my_armor":0,"opponent_armor":0,"my_hand":4,"opponent_hand":3,"my_board":[{"card_name":"Jungle Panther","card_health":2,"card_attack":4}],"opponent_board":[{"card_name":"Sen'jin Shieldmasta","card_health":5,"card_attack":3}]},{"turn":14,"cards_played":["Gnomeregan Infantry","Cult Master"],"current_player":"me","my_health":20,"opponent_health":21,"my_armor":0,"opponent_armor":0,"my_hand":4,"opponent_hand":3,"my_board":[{"card_name":"Cult Master","card_health":2,"card_attack":4},{"card_name":"Gnomeregan Infantry","card_health":1,"card_attack":1}],"opponent_board":[]},{"turn":15,"cards_played":["Sea Giant"],"current_player":"opponent","my_health":20,"opponent_health":21,"my_armor":0,"opponent_armor":0,"my_hand":4,"opponent_hand":3,"my_board":[{"card_name":"Cult Master","card_health":2,"card_attack":4},{"card_name":"Gnomeregan Infantry","card_health":1,"card_attack":1}],"opponent_board":[{"card_name":"Sea Giant","card_health":8,"card_attack":8}]},{"turn":16,"cards_played":["Glaivezooka","Faerie Dragon","Steady Shot"],"current_player":"me","my_health":20,"opponent_health":11,"my_armor":0,"opponent_armor":0,"my_hand":3,"opponent_hand":3,"my_board":[{"card_name":"Faerie Dragon","card_health":2,"card_attack":3},{"card_name":"Cult Master","card_health":2,"card_attack":4},{"card_name":"Gnomeregan Infantry","card_health":1,"card_attack":2}],"opponent_board":[{"card_name":"Sea Giant","card_health":8,"card_attack":8}]},{"turn":17,"cards_played":["Stampeding Kodo","Imp Gang Boss"],"current_player":"opponent","my_health":20,"opponent_health":11,"my_armor":0,"opponent_armor":0,"my_hand":4,"opponent_hand":2,"my_board":[{"card_name":"Faerie Dragon","card_health":2,"card_attack":3}],"opponent_board":[{"card_name":"Stampeding Kodo","card_health":5,"card_attack":3},{"card_name":"Sea Giant","card_health":4,"card_attack":8},{"card_name":"Imp Gang Boss","card_health":4,"card_attack":2}]},{"turn":18,"cards_played":["Bloodsail Raider","Nightblade","Steady Shot"],"current_player":"me","my_health":20,"opponent_health":1,"my_armor":0,"opponent_armor":0,"my_hand":3,"opponent_hand":2,"my_board":[{"card_name":"Nightblade","card_health":4,"card_attack":4},{"card_name":"Faerie Dragon","card_health":2,"card_attack":3},{"card_name":"Bloodsail Raider","card_health":3,"card_attack":4}],"opponent_board":[{"card_name":"Stampeding Kodo","card_health":5,"card_attack":3},{"card_name":"Sea Giant","card_health":4,"card_attack":8},{"card_name":"Imp Gang Boss","card_health":4,"card_attack":2}]},{"turn":19,"cards_played":["Life Tap"],"current_player":"opponent","my_health":7,"opponent_health":-1,"my_armor":0,"opponent_armor":0,"my_hand":3,"opponent_hand":4,"my_board":[{"card_name":"Nightblade","card_health":4,"card_attack":4},{"card_name":"Faerie Dragon","card_health":2,"card_attack":3},{"card_name":"Bloodsail Raider","card_health":3,"card_attack":4}],"opponent_board":[{"card_name":"Stampeding Kodo","card_health":5,"card_attack":3},{"card_name":"Sea Giant","card_health":4,"card_attack":8},{"card_name":"Imp Gang Boss","card_health":4,"card_attack":2}]}],"result":"victory"}