{"plays":[{"turn":1,"cards_played":[],"current_player":"me","my_health":0,"opponent_health":0,"my_armor":0,"opponent_armor":0,"my_hand":0,"opponent_hand":1,"my_board":[],"opponent_board":[]},{"turn":2,"cards_played":["The Coin","Sorcerer's Apprentice"],"current_player":"opponent","my_health":30,"opponent_health":30,"my_armor":0,"opponent_armor":0,"my_hand":4,"opponent_hand":4,"my_board":[],"opponent_board":[{"card_name":"Sorcerer's Apprentice","card_health":2,"card_attack":3}]},{"turn":3,"cards_played":["Steady Shot"],"current_player":"me","my_health":30,"opponent_health":28,"my_armor":0,"opponent_armor":0,"my_hand":5,"opponent_hand":4,"my_board":[],"opponent_board":[{"card_name":"Sorcerer's Apprentice","card_health":2,"card_attack":3}]},{"turn":4,"cards_played":["Arcane Intellect"],"current_player":"opponent","my_health":27,"opponent_health":28,"my_armor":0,"opponent_armor":0,"my_hand":5,"opponent_hand":6,"my_board":[],"opponent_board":[{"card_name":"Sorcerer's Apprentice","card_health":2,"card_attack":3}]},{"turn":5,"cards_played":["Animal Companion"],"current_player":"me","my_health":27,"opponent_health":28,"my_armor":0,"opponent_armor":0,"my_hand":5,"opponent_hand":6,"my_board":[{"card_name":"Misha","card_health":4,"card_attack":4}],"opponent_board":[{"card_name":"Sorcerer's Apprentice","card_health":2,"card_attack":3}]},{"turn":6,"cards_played":["Cult Sorcerer","Arcane Blast"],"current_player":"opponent","my_health":24,"opponent_health":28,"my_armor":0,"opponent_armor":0,"my_hand":5,"opponent_hand":5,"my_board":[],"opponent_board":[{"card_name":"Sorcerer's Apprentice","card_health":2,"card_attack":3},{"card_name":"Cult Sorcerer","card_health":2,"card_attack":3}]},{"turn":7,"cards_played":["Animal Companion"],"current_player":"me","my_health":24,"opponent_health":28,"my_armor":0,"opponent_armor":0,"my_hand":5,"opponent_hand":5,"my_board":[{"card_name":"Leokk","card_health":4,"card_attack":2}],"opponent_board":[{"card_name":"Sorcerer's Apprentice","card_health":2,"card_attack":3},{"card_name":"Cult Sorcerer","card_health":2,"card_attack":3}]},{"turn":8,"cards_played":["Mana Wyrm","Arcane Intellect","Arcane Missiles"],"current_player":"opponent","my_health":19,"opponent_health":28,"my_armor":0,"opponent_armor":0,"my_hand":5,"opponent_hand":5,"my_board":[],"opponent_board":[{"card_name":"Mana Wyrm","card_health":3,"card_attack":3},{"card_name":"Cult Sorcerer","card_health":2,"card_attack":3}]},{"turn":9,"cards_played":["Fiery Bat","Houndmaster"],"current_player":"me","my_health":19,"opponent_health":28,"my_armor":0,"opponent_armor":0,"my_hand":4,"opponent_hand":5,"my_board":[{"card_name":"Houndmaster","card_health":3,"card_attack":4},{"card_name":"Fiery Bat","card_health":1,"card_attack":2}],"opponent_board":[{"card_name":"Mana Wyrm","card_health":3,"card_attack":3},{"card_name":"Cult Sorcerer","card_health":2,"card_attack":3}]},{"turn":10,"cards_played":["Ethereal Conjurer"],"current_player":"opponent","my_health":19,"opponent_health":28,"my_armor":0,"opponent_armor":0,"my_hand":4,"opponent_hand":6,"my_board":[],"opponent_board":[{"card_name":"Ethereal Conjurer","card_health":3,"card_attack":6}]},{"turn":11,"cards_played":["Eaglehorn Bow","Steady Shot"],"current_player":"me","my_health":13,"opponent_health":26,"my_armor":0,"opponent_armor":0,"my_hand":4,"opponent_hand":6,"my_board":[],"opponent_board":[]},{"turn":12,"cards_played":["Faceless Summoner"],"current_player":"opponent","my_health":13,"opponent_health":26,"my_armor":0,"opponent_armor":0,"my_hand":4,"opponent_hand":6,"my_board":[],"opponent_board":[{"card_name":"Faceless Summoner","card_health":5,"card_attack":5},{"card_name":"Silithid Swarmer","card_health":5,"card_attack":3}]},{"turn":13,"cards_played":["Princess Huhuran","Hunter's Mark"],"current_player":"me","my_health":8,"opponent_health":26,"my_armor":0,"opponent_armor":0,"my_hand":3,"opponent_hand":6,"my_board":[{"card_name":"Princess Huhuran","card_health":5,"card_attack":6}],"opponent_board":[{"card_name":"Silithid Swarmer","card_health":5,"card_attack":3}]},{"turn":14,"cards_played":["Azure Drake","Frostbolt"],"current_player":"opponent","my_health":8,"opponent_health":26,"my_armor":0,"opponent_armor":0,"my_hand":3,"opponent_hand":6,"my_board":[{"card_name":"Princess Huhuran","card_health":5,"card_attack":6}],"opponent_board":[{"card_name":"Azure Drake","card_health":4,"card_attack":4},{"card_name":"Silithid Swarmer","card_health":5,"card_attack":3}]},{"turn":15,"cards_played":["Ram Wrangler","Steady Shot"],"current_player":"me","my_health":8,"opponent_health":24,"my_armor":0,"opponent_armor":0,"my_hand":3,"opponent_hand":6,"my_board":[{"card_name":"Ram Wrangler","card_health":3,"card_attack":3},{"card_name":"Princess Huhuran","card_health":1,"card_attack":6},{"card_name":"Fierce Monkey","card_health":4,"card_attack":3}],"opponent_board":[{"card_name":"Azure Drake","card_health":4,"card_attack":4},{"card_name":"Silithid Swarmer","card_health":5,"card_attack":3}]},{"turn":16,"cards_played":["Flamewaker","Arcane Blast","Cult Sorcerer","Fireblast","Fireblast"],"current_player":"opponent","my_health":6,"opponent_health":24,"my_armor":0,"opponent_armor":0,"my_hand":3,"opponent_hand":4,"my_board":[],"opponent_board":[{"card_name":"Azure Drake","card_health":1,"card_attack":4},{"card_name":"Flamewaker","card_health":4,"card_attack":2},{"card_name":"Cult Sorcerer","card_health":2,"card_attack":3},{"card_name":"Silithid Swarmer","card_health":5,"card_attack":3}]},{"turn":17,"cards_played":["King's Elekk","Ram Wrangler"],"current_player":"me","my_health":6,"opponent_health":24,"my_armor":0,"opponent_armor":0,"my_hand":2,"opponent_hand":4,"my_board":[{"card_name":"Ram Wrangler","card_health":3,"card_attack":3},{"card_name":"King's Elekk","card_health":2,"card_attack":3},{"card_name":"Ironbeak Owl","card_health":1,"card_attack":2}],"opponent_board":[{"card_name":"Azure Drake","card_health":1,"card_attack":4},{"card_name":"Flamewaker","card_health":4,"card_attack":2},{"card_name":"Cult Sorcerer","card_health":2,"card_attack":3},{"card_name":"Silithid Swarmer","card_health":5,"card_attack":3}]}],"result":"defeat"}