{"plays":[{"turn":1,"cards_played":[],"current_player":"opponent","my_health":30,"opponent_health":0,"my_armor":0,"opponent_armor":0,"my_hand":1,"opponent_hand":0,"my_board":[],"opponent_board":[]},{"turn":2,"cards_played":["The Coin","Knife Juggler"],"current_player":"me","my_health":30,"opponent_health":30,"my_armor":0,"opponent_armor":0,"my_hand":4,"opponent_hand":4,"my_board":[{"card_name":"Knife Juggler","card_health":2,"card_attack":3}],"opponent_board":[]},{"turn":3,"cards_played":["Ironbeak Owl"],"current_player":"opponent","my_health":30,"opponent_health":30,"my_armor":0,"opponent_armor":0,"my_hand":4,"opponent_hand":4,"my_board":[{"card_name":"Knife Juggler","card_health":2,"card_attack":3}],"opponent_board":[{"card_name":"Ironbeak Owl","card_health":1,"card_attack":2}]},{"turn":4,"cards_played":["Mad Scientist"],"current_player":"me","my_health":30,"opponent_health":27,"my_armor":0,"opponent_armor":0,"my_hand":4,"opponent_hand":4,"my_board":[{"card_name":"Knife Juggler","card_health":2,"card_attack":3},{"card_name":"Mad Scientist","card_health":2,"card_attack":2}],"opponent_board":[{"card_name":"Ironbeak Owl","card_health":1,"card_attack":2}]},{"turn":5,"cards_played":["Knife Juggler","Webspinner"],"current_player":"opponent","my_health":30,"opponent_health":27,"my_armor":0,"opponent_armor":0,"my_hand":4,"opponent_hand":3,"my_board":[{"card_name":"Mad Scientist","card_health":1,"card_attack":2}],"opponent_board":[{"card_name":"Webspinner","card_health":1,"card_attack":1},{"card_name":"Knife Juggler","card_health":2,"card_attack":3}]},{"turn":6,"cards_played":["Eaglehorn Bow"],"current_player":"me","my_health":30,"opponent_health":24,"my_armor":0,"opponent_armor":0,"my_hand":4,"opponent_hand":3,"my_board":[],"opponent_board":[{"card_name":"Webspinner","card_health":1,"card_attack":1}]},{"turn":7,"cards_played":["Knife Juggler","Steady Shot"],"current_player":"opponent","my_health":28,"opponent_health":24,"my_armor":0,"opponent_armor":0,"my_hand":4,"opponent_hand":4,"my_board":[],"opponent_board":[{"card_name":"Knife Juggler","card_health":2,"card_attack":3}]},{"turn":8,"cards_played":["Piloted Shredder"],"current_player":"me","my_health":25,"opponent_health":24,"my_armor":0,"opponent_armor":0,"my_hand":4,"opponent_hand":4,"my_board":[{"card_name":"Piloted Shredder","card_health":3,"card_attack":4}],"opponent_board":[]},{"turn":9,"cards_played":["Webspinner","Steady Shot"],"current_player":"opponent","my_health":23,"opponent_health":24,"my_armor":0,"opponent_armor":0,"my_hand":4,"opponent_hand":4,"my_board":[{"card_name":"Piloted Shredder","card_health":3,"card_attack":4}],"opponent_board":[{"card_name":"Webspinner","card_health":1,"card_attack":1}]},{"turn":10,"cards_played":["Knife Juggler","Haunted Creeper"],"current_player":"me","my_health":23,"opponent_health":19,"my_armor":0,"opponent_armor":0,"my_hand":3,"opponent_hand":4,"my_board":[{"card_name":"Haunted Creeper","card_health":2,"card_attack":1},{"card_name":"Piloted Shredder","card_health":3,"card_attack":4},{"card_name":"Knife Juggler","card_health":2,"card_attack":3}],"opponent_board":[{"card_name":"Webspinner","card_health":1,"card_attack":1}]},{"turn":11,"cards_played":["Kill Command","Unleash the Hounds"],"current_player":"opponent","my_health":22,"opponent_health":19,"my_armor":0,"opponent_armor":0,"my_hand":3,"opponent_hand":4,"my_board":[{"card_name":"Haunted Creeper","card_health":2,"card_attack":1},{"card_name":"Mana Wraith","card_health":2,"card_attack":2}],"opponent_board":[{"card_name":"Hound","card_health":1,"card_attack":1}]},{"turn":12,"cards_played":["Houndmaster"],"current_player":"me","my_health":22,"opponent_health":14,"my_armor":0,"opponent_armor":0,"my_hand":3,"opponent_hand":4,"my_board":[{"card_name":"Haunted Creeper","card_health":4,"card_attack":3},{"card_name":"Houndmaster","card_health":3,"card_attack":4},{"card_name":"Mana Wraith","card_health":2,"card_attack":2}],"opponent_board":[{"card_name":"Hound","card_health":1,"card_attack":1}]},{"turn":13,"cards_played":["Stampeding Kodo"],"current_player":"opponent","my_health":22,"opponent_health":14,"my_armor":0,"opponent_armor":0,"my_hand":3,"opponent_hand":4,"my_board":[{"card_name":"Haunted Creeper","card_health":4,"card_attack":3},{"card_name":"Houndmaster","card_health":3,"card_attack":4}],"opponent_board":[{"card_name":"Stampeding Kodo","card_health":5,"card_attack":3},{"card_name":"Hound","card_health":1,"card_attack":1}]}],"result":"victory"}