{"plays":[{"turn":1,"cards_played":[],"current_player":"opponent","my_health":30,"opponent_health":0,"my_armor":0,"opponent_armor":0,"my_hand":1,"opponent_hand":0,"my_board":[],"opponent_board":[]},{"turn":2,"cards_played":["Webspinner"],"current_player":"me","my_health":30,"opponent_health":30,"my_armor":0,"opponent_armor":0,"my_hand":5,"opponent_hand":4,"my_board":[{"card_name":"Webspinner","card_health":1,"card_attack":1}],"opponent_board":[]},{"turn":3,"cards_played":["Haunted Creeper"],"current_player":"opponent","my_health":30,"opponent_health":30,"my_armor":0,"opponent_armor":0,"my_hand":5,"opponent_hand":4,"my_board":[{"card_name":"Webspinner","card_health":1,"card_attack":1}],"opponent_board":[{"card_name":"Haunted Creeper","card_health":2,"card_attack":1}]},{"turn":4,"cards_played":["King's Elekk"],"current_player":"me","my_health":30,"opponent_health":29,"my_armor":0,"opponent_armor":0,"my_hand":6,"opponent_hand":4,"my_board":[{"card_name":"King's Elekk","card_health":2,"card_attack":3},{"card_name":"Webspinner","card_health":1,"card_attack":1}],"opponent_board":[{"card_name":"Haunted Creeper","card_health":2,"card_attack":1}]},{"turn":5,"cards_played":["Knife Juggler"],"current_player":"opponent","my_health":30,"opponent_health":29,"my_armor":0,"opponent_armor":0,"my_hand":7,"opponent_hand":4,"my_board":[],"opponent_board":[{"card_name":"Knife Juggler","card_health":2,"card_attack":3},{"card_name":"Spectral Spider","card_health":1,"card_attack":1},{"card_name":"Spectral Spider","card_health":1,"card_attack":1}]},{"turn":6,"cards_played":["Quick Shot","The Coin","Haunted Creeper"],"current_player":"me","my_health":30,"opponent_health":29,"my_armor":0,"opponent_armor":0,"my_hand":5,"opponent_hand":4,"my_board":[{"card_name":"Haunted Creeper","card_health":2,"card_attack":1}],"opponent_board":[{"card_name":"Spectral Spider","card_health":1,"card_attack":1},{"card_name":"Spectral Spider","card_health":1,"card_attack":1}]},{"turn":7,"cards_played":["Piloted Shredder"],"current_player":"opponent","my_health":28,"opponent_health":29,"my_armor":0,"opponent_armor":0,"my_hand":5,"opponent_hand":4,"my_board":[{"card_name":"Haunted Creeper","card_health":2,"card_attack":1}],"opponent_board":[{"card_name":"Piloted Shredder","card_health":3,"card_attack":4},{"card_name":"Spectral Spider","card_health":1,"card_attack":1},{"card_name":"Spectral Spider","card_health":1,"card_attack":1}]},{"turn":8,"cards_played":["Piloted Shredder"],"current_player":"me","my_health":28,"opponent_health":29,"my_armor":0,"opponent_armor":0,"my_hand":5,"opponent_hand":4,"my_board":[{"card_name":"Piloted Shredder","card_health":3,"card_attack":4},{"card_name":"Haunted Creeper","card_health":1,"card_attack":1}],"opponent_board":[{"card_name":"Piloted Shredder","card_health":3,"card_attack":4},{"card_name":"Spectral Spider","card_health":1,"card_attack":1}]},{"turn":9,"cards_played":["Quick Shot","Animal Companion"],"current_player":"opponent","my_health":23,"opponent_health":29,"my_armor":0,"opponent_armor":0,"my_hand":5,"opponent_hand":3,"my_board":[{"card_name":"Haunted Creeper","card_health":1,"card_attack":1},{"card_name":"Youthful Brewmaster","card_health":2,"card_attack":3}],"opponent_board":[{"card_name":"Piloted Shredder","card_health":3,"card_attack":4},{"card_name":"Spectral Spider","card_health":1,"card_attack":1},{"card_name":"Misha","card_health":4,"card_attack":4}]},{"turn":10,"cards_played":["Knife Juggler","Unleash the Hounds","Hunter's Mark"],"current_player":"me","my_health":23,"opponent_health":26,"my_armor":0,"opponent_armor":0,"my_hand":3,"opponent_hand":3,"my_board":[{"card_name":"Knife Juggler","card_health":2,"card_attack":3},{"card_name":"Hound","card_health":1,"card_attack":1},{"card_name":"Spectral Spider","card_health":1,"card_attack":1},{"card_name":"Spectral Spider","card_health":1,"card_attack":1}],"opponent_board":[]},{"turn":11,"cards_played":["Savannah Highmane"],"current_player":"opponent","my_health":23,"opponent_health":26,"my_armor":0,"opponent_armor":0,"my_hand":3,"opponent_hand":3,"my_board":[{"card_name":"Knife Juggler","card_health":2,"card_attack":3},{"card_name":"Hound","card_health":1,"card_attack":1},{"card_name":"Spectral Spider","card_health":1,"card_attack":1},{"card_name":"Spectral Spider","card_health":1,"card_attack":1}],"opponent_board":[{"card_name":"Savannah Highmane","card_health":5,"card_attack":6}]},{"turn":12,"cards_played":["Ironbeak Owl","Silverback Patriarch"],"current_player":"me","my_health":23,"opponent_health":18,"my_armor":0,"opponent_armor":0,"my_hand":2,"opponent_hand":3,"my_board":[{"card_name":"Ironbeak Owl","card_health":1,"card_attack":2},{"card_name":"Knife Juggler","card_health":2,"card_attack":3},{"card_name":"Silverback Patriarch","card_health":4,"card_attack":1},{"card_name":"Hound","card_health":1,"card_attack":1},{"card_name":"Spectral Spider","card_health":1,"card_attack":1},{"card_name":"Spectral Spider","card_health":1,"card_attack":1}],"opponent_board":[{"card_name":"Savannah Highmane","card_health":5,"card_attack":6}]},{"turn":13,"cards_played":["Houndmaster","Eaglehorn Bow"],"current_player":"opponent","my_health":23,"opponent_health":15,"my_armor":0,"opponent_armor":0,"my_hand":2,"opponent_hand":2,"my_board":[{"card_name":"Ironbeak Owl","card_health":1,"card_attack":2},{"card_name":"Hound","card_health":1,"card_attack":1},{"card_name":"Spectral Spider","card_health":1,"card_attack":1},{"card_name":"Spectral Spider","card_health":1,"card_attack":1}],"opponent_board":[{"card_name":"Savannah Highmane","card_health":6,"card_attack":8},{"card_name":"Houndmaster","card_health":3,"card_attack":4}]},{"turn":14,"cards_played":["King's Elekk","Flare"],"current_player":"me","my_health":23,"opponent_health":15,"my_armor":0,"opponent_armor":0,"my_hand":1,"opponent_hand":2,"my_board":[{"card_name":"King's Elekk","card_health":2,"card_attack":3},{"card_name":"Ironbeak Owl","card_health":1,"card_attack":2},{"card_name":"Hound","card_health":1,"card_attack":1},{"card_name":"Spectral Spider","card_health":1,"card_attack":1},{"card_name":"Spectral Spider","card_health":1,"card_attack":1}],"opponent_board":[{"card_name":"Savannah Highmane","card_health":6,"card_attack":8},{"card_name":"Houndmaster","card_health":3,"card_attack":4}]},{"turn":15,"cards_played":["Mad Scientist","Mad Scientist","Steady Shot"],"current_player":"opponent","my_health":21,"opponent_health":13,"my_armor":0,"opponent_armor":0,"my_hand":1,"opponent_hand":1,"my_board":[{"card_name":"Spectral Spider","card_health":1,"card_attack":1},{"card_name":"Spectral Spider","card_health":1,"card_attack":1}],"opponent_board":[{"card_name":"Mad Scientist","card_health":2,"card_attack":2},{"card_name":"Mad Scientist","card_health":2,"card_attack":2},{"card_name":"Savannah Highmane","card_health":5,"card_attack":8}]},{"turn":16,"cards_played":["Eaglehorn Bow","Mad Scientist","Steady Shot"],"current_player":"me","my_health":13,"opponent_health":11,"my_armor":0,"opponent_armor":0,"my_hand":0,"opponent_hand":1,"my_board":[{"card_name":"Mad Scientist","card_health":2,"card_attack":2}],"opponent_board":[{"card_name":"Mad Scientist","card_health":2,"card_attack":2},{"card_name":"Mad Scientist","card_health":2,"card_attack":2}]},{"turn":17,"cards_played":["Piloted Shredder","Mad Scientist"],"current_player":"opponent","my_health":13,"opponent_health":11,"my_armor":0,"opponent_armor":0,"my_hand":0,"opponent_hand":1,"my_board":[],"opponent_board":[{"card_name":"Mad Scientist","card_health":2,"card_attack":2},{"card_name":"Piloted Shredder","card_health":3,"card_attack":4}]},{"turn":18,"cards_played":["Piloted Shredder","Steady Shot"],"current_player":"me","my_health":13,"opponent_health":6,"my_armor":0,"opponent_armor":0,"my_hand":0,"opponent_hand":1,"my_board":[{"card_name":"Piloted Shredder","card_health":3,"card_attack":4}],"opponent_board":[{"card_name":"Mad Scientist","card_health":2,"card_attack":2},{"card_name":"Piloted Shredder","card_health":3,"card_attack":4}]},{"turn":19,"cards_played":["Unleash the Hounds","Kill Command","Steady Shot"],"current_player":"opponent","my_health":6,"opponent_health":6,"my_armor":0,"opponent_armor":0,"my_hand":0,"opponent_hand":0,"my_board":[],"opponent_board":[{"card_name":"Lorewalker Cho","card_health":4,"card_attack":0}]},{"turn":20,"cards_played":["Loatheb","Steady Shot"],"current_player":"me","my_health":6,"opponent_health":1,"my_armor":0,"opponent_armor":0,"my_hand":0,"opponent_hand":0,"my_board":[{"card_name":"Loatheb","card_health":5,"card_attack":5}],"opponent_board":[{"card_name":"Lorewalker Cho","card_health":4,"card_attack":0}]},{"turn":21,"cards_played":["Loatheb","Steady Shot"],"current_player":"opponent","my_health":4,"opponent_health":1,"my_armor":0,"opponent_armor":0,"my_hand":0,"opponent_hand":0,"my_board":[{"card_name":"Loatheb","card_health":5,"card_attack":5}],"opponent_board":[{"card_name":"Loatheb","card_health":5,"card_attack":5},{"card_name":"Lorewalker Cho","card_health":4,"card_attack":0}]}],"result":"victory"}