{"plays":[{"turn":1,"cards_played":[],"current_player":"opponent","my_health":30,"opponent_health":0,"my_armor":0,"opponent_armor":0,"my_hand":1,"opponent_hand":0,"my_board":[],"opponent_board":[]},{"turn":2,"cards_played":["Leper Gnome"],"current_player":"opponent","my_health":30,"opponent_health":30,"my_armor":0,"opponent_armor":0,"my_hand":3,"opponent_hand":6,"my_board":[{"card_name":"Leper Gnome","card_health":1,"card_attack":2}],"opponent_board":[]},{"turn":3,"cards_played":[],"current_player":"me","my_health":30,"opponent_health":28,"my_armor":0,"opponent_armor":0,"my_hand":3,"opponent_hand":6,"my_board":[{"card_name":"Leper Gnome","card_health":1,"card_attack":2}],"opponent_board":[]},{"turn":4,"cards_played":["The Coin","Acolyte of Pain"],"current_player":"opponent","my_health":30,"opponent_health":28,"my_armor":0,"opponent_armor":0,"my_hand":3,"opponent_hand":5,"my_board":[{"card_name":"Leper Gnome","card_health":1,"card_attack":2}],"opponent_board":[{"card_name":"Acolyte of Pain","card_health":3,"card_attack":1}]},{"turn":5,"cards_played":["Worgen Infiltrator","Steady Shot"],"current_player":"me","my_health":30,"opponent_health":24,"my_armor":0,"opponent_armor":0,"my_hand":3,"opponent_hand":5,"my_board":[{"card_name":"Worgen Infiltrator","card_health":1,"card_attack":2},{"card_name":"Leper Gnome","card_health":1,"card_attack":2}],"opponent_board":[{"card_name":"Acolyte of Pain","card_health":3,"card_attack":1}]},{"turn":6,"cards_played":["Armor Up!"],"current_player":"opponent","my_health":30,"opponent_health":22,"my_armor":0,"opponent_armor":2,"my_hand":3,"opponent_hand":7,"my_board":[{"card_name":"Worgen Infiltrator","card_health":1,"card_attack":2}],"opponent_board":[{"card_name":"Acolyte of Pain","card_health":1,"card_attack":1}]},{"turn":7,"cards_played":["Argent Horserider"],"current_player":"me","my_health":30,"opponent_health":20,"my_armor":0,"opponent_armor":0,"my_hand":3,"opponent_hand":7,"my_board":[{"card_name":"Worgen Infiltrator","card_health":1,"card_attack":2},{"card_name":"Argent Horserider","card_health":1,"card_attack":2}],"opponent_board":[{"card_name":"Acolyte of Pain","card_health":1,"card_attack":1}]},{"turn":8,"cards_played":["Acolyte of Pain"],"current_player":"opponent","my_health":30,"opponent_health":20,"my_armor":0,"opponent_armor":0,"my_hand":3,"opponent_hand":8,"my_board":[{"card_name":"Argent Horserider","card_health":1,"card_attack":2}],"opponent_board":[{"card_name":"Acolyte of Pain","card_health":3,"card_attack":1}]},{"turn":9,"cards_played":["Steady Shot"],"current_player":"me","my_health":30,"opponent_health":16,"my_armor":0,"opponent_armor":0,"my_hand":3,"opponent_hand":8,"my_board":[{"card_name":"Argent Horserider","card_health":1,"card_attack":2}],"opponent_board":[{"card_name":"Acolyte of Pain","card_health":3,"card_attack":1}]},{"turn":10,"cards_played":["Sludge Belcher"],"current_player":"opponent","my_health":30,"opponent_health":16,"my_armor":0,"opponent_armor":0,"my_hand":3,"opponent_hand":9,"my_board":[{"card_name":"Argent Horserider","card_health":1,"card_attack":2}],"opponent_board":[{"card_name":"Sludge Belcher","card_health":5,"card_attack":3},{"card_name":"Acolyte of Pain","card_health":1,"card_attack":1}]},{"turn":11,"cards_played":["Animal Companion","Ironbeak Owl"],"current_player":"me","my_health":30,"opponent_health":13,"my_armor":0,"opponent_armor":0,"my_hand":2,"opponent_hand":9,"my_board":[{"card_name":"Argent Horserider","card_health":1,"card_attack":3},{"card_name":"Ironbeak Owl","card_health":1,"card_attack":3},{"card_name":"Leokk","card_health":4,"card_attack":2}],"opponent_board":[{"card_name":"Sludge Belcher","card_health":5,"card_attack":3},{"card_name":"Acolyte of Pain","card_health":1,"card_attack":1}]},{"turn":12,"cards_played":["Bash","Armorsmith"],"current_player":"opponent","my_health":30,"opponent_health":13,"my_armor":0,"opponent_armor":4,"my_hand":2,"opponent_hand":8,"my_board":[{"card_name":"Ironbeak Owl","card_health":1,"card_attack":2}],"opponent_board":[{"card_name":"Armorsmith","card_health":4,"card_attack":1},{"card_name":"Sludge Belcher","card_health":3,"card_attack":3}]},{"turn":13,"cards_played":["Kill Command","Argent Horserider"],"current_player":"me","my_health":30,"opponent_health":13,"my_armor":0,"opponent_armor":1,"my_hand":1,"opponent_hand":8,"my_board":[{"card_name":"Argent Horserider","card_health":1,"card_attack":2},{"card_name":"Ironbeak Owl","card_health":1,"card_attack":2}],"opponent_board":[{"card_name":"Sludge Belcher","card_health":3,"card_attack":3}]},{"turn":14,"cards_played":["Sludge Belcher","Fiery War Axe"],"current_player":"opponent","my_health":30,"opponent_health":12,"my_armor":0,"opponent_armor":0,"my_hand":1,"opponent_hand":7,"my_board":[{"card_name":"Ironbeak Owl","card_health":1,"card_attack":2}],"opponent_board":[{"card_name":"Sludge Belcher","card_health":5,"card_attack":3},{"card_name":"Sludge Belcher","card_health":1,"card_attack":3}]},{"turn":15,"cards_played":["Unleash the Hounds","Quick Shot","Leper Gnome","Steady Shot"],"current_player":"me","my_health":30,"opponent_health":7,"my_armor":0,"opponent_armor":0,"my_hand":0,"opponent_hand":7,"my_board":[{"card_name":"Leper Gnome","card_health":1,"card_attack":2},{"card_name":"Ironbeak Owl","card_health":1,"card_attack":2},{"card_name":"Hound","card_health":1,"card_attack":1},{"card_name":"Hound","card_health":1,"card_attack":1}],"opponent_board":[{"card_name":"Sludge Belcher","card_health":5,"card_attack":3},{"card_name":"Sludge Belcher","card_health":1,"card_attack":3}]},{"turn":16,"cards_played":["Justicar Trueheart","Tank Up!"],"current_player":"opponent","my_health":30,"opponent_health":6,"my_armor":0,"opponent_armor":4,"my_hand":0,"opponent_hand":7,"my_board":[{"card_name":"Leper Gnome","card_health":1,"card_attack":2}],"opponent_board":[{"card_name":"Justicar Trueheart","card_health":3,"card_attack":6},{"card_name":"Sludge Belcher","card_health":4,"card_attack":3}]},{"turn":17,"cards_played":["Steady Shot"],"current_player":"me","my_health":30,"opponent_health":6,"my_armor":0,"opponent_armor":0,"my_hand":1,"opponent_hand":7,"my_board":[],"opponent_board":[{"card_name":"Justicar Trueheart","card_health":3,"card_attack":6},{"card_name":"Sludge Belcher","card_health":2,"card_attack":3}]},{"turn":18,"cards_played":["Nexus-Champion Saraad","Tank Up!"],"current_player":"opponent","my_health":30,"opponent_health":6,"my_armor":0,"opponent_armor":4,"my_hand":1,"opponent_hand":8,"my_board":[],"opponent_board":[{"card_name":"Justicar Trueheart","card_health":3,"card_attack":6},{"card_name":"Sludge Belcher","card_health":2,"card_attack":3},{"card_name":"Nexus-Champion Saraad","card_health":5,"card_attack":4}]},{"turn":19,"cards_played":["Glaivezooka","Steady Shot"],"current_player":"me","my_health":27,"opponent_health":6,"my_armor":0,"opponent_armor":2,"my_hand":1,"opponent_hand":8,"my_board":[],"opponent_board":[{"card_name":"Justicar Trueheart","card_health":3,"card_attack":6},{"card_name":"Nexus-Champion Saraad","card_health":5,"card_attack":4},{"card_name":"Slime","card_health":2,"card_attack":1}]},{"turn":20,"cards_played":["Tank Up!","Swipe","Frost Shock","Big Game Hunter"],"current_player":"opponent","my_health":15,"opponent_health":6,"my_armor":0,"opponent_armor":4,"my_hand":1,"opponent_hand":7,"my_board":[],"opponent_board":[{"card_name":"Justicar Trueheart","card_health":1,"card_attack":6},{"card_name":"Big Game Hunter","card_health":2,"card_attack":4},{"card_name":"Nexus-Champion Saraad","card_health":3,"card_attack":4}]},{"turn":21,"cards_played":["Abusive Sergeant","Steady Shot"],"current_player":"me","my_health":15,"opponent_health":6,"my_armor":0,"opponent_armor":2,"my_hand":1,"opponent_hand":7,"my_board":[{"card_name":"Abusive Sergeant","card_health":1,"card_attack":2}],"opponent_board":[{"card_name":"Justicar Trueheart","card_health":1,"card_attack":8},{"card_name":"Big Game Hunter","card_health":2,"card_attack":4},{"card_name":"Nexus-Champion Saraad","card_health":3,"card_attack":4}]},{"turn":22,"cards_played":["Shield Slam","Ragnaros the Firelord"],"current_player":"opponent","my_health":-7,"opponent_health":6,"my_armor":0,"opponent_armor":2,"my_hand":1,"opponent_hand":6,"my_board":[],"opponent_board":[{"card_name":"Justicar Trueheart","card_health":1,"card_attack":6},{"card_name":"Big Game Hunter","card_health":2,"card_attack":4},{"card_name":"Ragnaros the Firelord","card_health":8,"card_attack":8},{"card_name":"Nexus-Champion Saraad","card_health":3,"card_attack":4}]}],"result":"defeat"}