{"plays":[{"turn":1,"cards_played":[],"current_player":"opponent","my_health":30,"opponent_health":0,"my_armor":0,"opponent_armor":0,"my_hand":1,"opponent_hand":0,"my_board":[],"opponent_board":[]},{"turn":2,"cards_played":["Mirror Image","The Coin","Loot Hoarder"],"current_player":"me","my_health":30,"opponent_health":30,"my_armor":0,"opponent_armor":0,"my_hand":4,"opponent_hand":3,"my_board":[{"card_name":"Loot Hoarder","card_health":1,"card_attack":2}],"opponent_board":[{"card_name":"Mirror Image","card_health":2,"card_attack":0},{"card_name":"Mirror Image","card_health":2,"card_attack":0}]},{"turn":3,"cards_played":["Fireblast","Fireblast"],"current_player":"opponent","my_health":29,"opponent_health":30,"my_armor":0,"opponent_armor":0,"my_hand":4,"opponent_hand":4,"my_board":[{"card_name":"Loot Hoarder","card_health":1,"card_attack":2}],"opponent_board":[{"card_name":"Mirror Image","card_health":2,"card_attack":0},{"card_name":"Mirror Image","card_health":2,"card_attack":0}]},{"turn":4,"cards_played":["Steady Shot"],"current_player":"me","my_health":29,"opponent_health":28,"my_armor":0,"opponent_armor":0,"my_hand":5,"opponent_hand":4,"my_board":[{"card_name":"Loot Hoarder","card_health":1,"card_attack":2}],"opponent_board":[{"card_name":"Mirror Image","card_health":2,"card_attack":0}]},{"turn":5,"cards_played":["Fireblast","Fireblast"],"current_player":"opponent","my_health":29,"opponent_health":28,"my_armor":0,"opponent_armor":0,"my_hand":6,"opponent_hand":5,"my_board":[],"opponent_board":[{"card_name":"Mirror Image","card_health":2,"card_attack":0}]},{"turn":6,"cards_played":["Animal Companion"],"current_player":"me","my_health":29,"opponent_health":28,"my_armor":0,"opponent_armor":0,"my_hand":6,"opponent_hand":5,"my_board":[{"card_name":"Leokk","card_health":4,"card_attack":2}],"opponent_board":[{"card_name":"Mirror Image","card_health":2,"card_attack":0}]},{"turn":7,"cards_played":["Frigid Snobold"],"current_player":"opponent","my_health":29,"opponent_health":28,"my_armor":0,"opponent_armor":0,"my_hand":6,"opponent_hand":5,"my_board":[{"card_name":"Leokk","card_health":4,"card_attack":2}],"opponent_board":[{"card_name":"Frigid Snobold","card_health":6,"card_attack":2},{"card_name":"Mirror Image","card_health":2,"card_attack":0}]},{"turn":8,"cards_played":["Chillwind Yeti"],"current_player":"me","my_health":29,"opponent_health":28,"my_armor":0,"opponent_armor":0,"my_hand":6,"opponent_hand":5,"my_board":[{"card_name":"Chillwind Yeti","card_health":5,"card_attack":5},{"card_name":"Leokk","card_health":4,"card_attack":2}],"opponent_board":[{"card_name":"Frigid Snobold","card_health":6,"card_attack":2}]},{"turn":9,"cards_played":["Hungry Dragon"],"current_player":"opponent","my_health":29,"opponent_health":28,"my_armor":0,"opponent_armor":0,"my_hand":6,"opponent_hand":5,"my_board":[{"card_name":"Chillwind Yeti","card_health":5,"card_attack":5},{"card_name":"Leokk","card_health":4,"card_attack":3}],"opponent_board":[{"card_name":"Hungry Dragon","card_health":6,"card_attack":5},{"card_name":"Frigid Snobold","card_health":4,"card_attack":2}]},{"turn":10,"cards_played":["Raging Worgen","Steady Shot"],"current_player":"me","my_health":29,"opponent_health":24,"my_armor":0,"opponent_armor":0,"my_hand":6,"opponent_hand":5,"my_board":[{"card_name":"Raging Worgen","card_health":3,"card_attack":4},{"card_name":"Chillwind Yeti","card_health":3,"card_attack":5},{"card_name":"Leokk","card_health":4,"card_attack":2}],"opponent_board":[{"card_name":"Hungry Dragon","card_health":6,"card_attack":5}]},{"turn":11,"cards_played":["Arcane Explosion","Arcane Explosion","Fireblast","Fireblast"],"current_player":"opponent","my_health":24,"opponent_health":24,"my_armor":0,"opponent_armor":0,"my_hand":6,"opponent_hand":4,"my_board":[{"card_name":"Chillwind Yeti","card_health":1,"card_attack":5},{"card_name":"Leokk","card_health":2,"card_attack":2}],"opponent_board":[{"card_name":"Hungry Dragon","card_health":6,"card_attack":5}]},{"turn":12,"cards_played":["Reckless Rocketeer"],"current_player":"me","my_health":24,"opponent_health":17,"my_armor":0,"opponent_armor":0,"my_hand":6,"opponent_hand":4,"my_board":[{"card_name":"Chillwind Yeti","card_health":1,"card_attack":5},{"card_name":"Leokk","card_health":2,"card_attack":2}],"opponent_board":[]},{"turn":13,"cards_played":["Kvaldir Raider","Fireblast","Fireblast"],"current_player":"opponent","my_health":24,"opponent_health":17,"my_armor":0,"opponent_armor":0,"my_hand":6,"opponent_hand":4,"my_board":[{"card_name":"Leokk","card_health":2,"card_attack":2}],"opponent_board":[{"card_name":"Kvaldir Raider","card_health":4,"card_attack":4}]},{"turn":14,"cards_played":["Recruiter","Annoy-o-Tron"],"current_player":"me","my_health":24,"opponent_health":15,"my_armor":0,"opponent_armor":0,"my_hand":5,"opponent_hand":4,"my_board":[{"card_name":"Recruiter","card_health":4,"card_attack":6},{"card_name":"Annoy-o-Tron","card_health":2,"card_attack":2},{"card_name":"Leokk","card_health":2,"card_attack":2}],"opponent_board":[{"card_name":"Kvaldir Raider","card_health":6,"card_attack":6}]},{"turn":15,"cards_played":["Sneed's Old Shredder"],"current_player":"opponent","my_health":24,"opponent_health":15,"my_armor":0,"opponent_armor":0,"my_hand":5,"opponent_hand":4,"my_board":[{"card_name":"Recruiter","card_health":4,"card_attack":6},{"card_name":"Annoy-o-Tron","card_health":2,"card_attack":2},{"card_name":"Leokk","card_health":2,"card_attack":2}],"opponent_board":[{"card_name":"Sneed's Old Shredder","card_health":7,"card_attack":5},{"card_name":"Kvaldir Raider","card_health":4,"card_attack":6}]},{"turn":16,"cards_played":["Kill Command","Kill Command"],"current_player":"me","my_health":24,"opponent_health":-1,"my_armor":0,"opponent_armor":0,"my_hand":4,"opponent_hand":4,"my_board":[{"card_name":"Recruiter","card_health":4,"card_attack":6},{"card_name":"Annoy-o-Tron","card_health":2,"card_attack":2},{"card_name":"Leokk","card_health":2,"card_attack":2}],"opponent_board":[{"card_name":"Sneed's Old Shredder","card_health":7,"card_attack":5},{"card_name":"Kvaldir Raider","card_health":4,"card_attack":6}]}],"result":"victory"}