{"plays":[{"turn":1,"cards_played":[],"current_player":"opponent","my_health":30,"opponent_health":0,"my_armor":0,"opponent_armor":0,"my_hand":1,"opponent_hand":0,"my_board":[],"opponent_board":[]},{"turn":2,"cards_played":["Webspinner","The Coin","Haunted Creeper"],"current_player":"me","my_health":30,"opponent_health":30,"my_armor":0,"opponent_armor":0,"my_hand":4,"opponent_hand":3,"my_board":[{"card_name":"Haunted Creeper","card_health":2,"card_attack":1}],"opponent_board":[{"card_name":"Webspinner","card_health":1,"card_attack":1}]},{"turn":3,"cards_played":["Ironbeak Owl"],"current_player":"opponent","my_health":29,"opponent_health":30,"my_armor":0,"opponent_armor":0,"my_hand":4,"opponent_hand":3,"my_board":[{"card_name":"Haunted Creeper","card_health":2,"card_attack":1}],"opponent_board":[{"card_name":"Webspinner","card_health":1,"card_attack":1},{"card_name":"Ironbeak Owl","card_health":1,"card_attack":2}]},{"turn":4,"cards_played":["Haunted Creeper"],"current_player":"me","my_health":29,"opponent_health":30,"my_armor":0,"opponent_armor":0,"my_hand":4,"opponent_hand":4,"my_board":[{"card_name":"Haunted Creeper","card_health":2,"card_attack":1},{"card_name":"Haunted Creeper","card_health":1,"card_attack":1}],"opponent_board":[{"card_name":"Ironbeak Owl","card_health":1,"card_attack":2}]},{"turn":5,"cards_played":[],"current_player":"opponent","my_health":29,"opponent_health":30,"my_armor":0,"opponent_armor":0,"my_hand":4,"opponent_hand":4,"my_board":[{"card_name":"Haunted Creeper","card_health":1,"card_attack":1},{"card_name":"Spectral Spider","card_health":1,"card_attack":1},{"card_name":"Spectral Spider","card_health":1,"card_attack":1}],"opponent_board":[]},{"turn":6,"cards_played":["Animal Companion"],"current_player":"me","my_health":27,"opponent_health":30,"my_armor":0,"opponent_armor":0,"my_hand":4,"opponent_hand":4,"my_board":[{"card_name":"Leokk","card_health":4,"card_attack":2}],"opponent_board":[]},{"turn":7,"cards_played":["Piloted Shredder"],"current_player":"opponent","my_health":27,"opponent_health":30,"my_armor":0,"opponent_armor":0,"my_hand":4,"opponent_hand":4,"my_board":[{"card_name":"Leokk","card_health":4,"card_attack":2}],"opponent_board":[{"card_name":"Piloted Shredder","card_health":3,"card_attack":4}]},{"turn":8,"cards_played":["Scavenging Hyena","Mad Scientist"],"current_player":"me","my_health":27,"opponent_health":28,"my_armor":0,"opponent_armor":0,"my_hand":3,"opponent_hand":4,"my_board":[{"card_name":"Scavenging Hyena","card_health":2,"card_attack":3},{"card_name":"Mad Scientist","card_health":2,"card_attack":3},{"card_name":"Leokk","card_health":4,"card_attack":2}],"opponent_board":[{"card_name":"Piloted Shredder","card_health":3,"card_attack":4}]},{"turn":9,"cards_played":["Knife Juggler"],"current_player":"opponent","my_health":27,"opponent_health":28,"my_armor":0,"opponent_armor":0,"my_hand":3,"opponent_hand":3,"my_board":[{"card_name":"Scavenging Hyena","card_health":2,"card_attack":3},{"card_name":"Mad Scientist","card_health":2,"card_attack":3}],"opponent_board":[{"card_name":"Piloted Shredder","card_health":1,"card_attack":4},{"card_name":"Knife Juggler","card_health":2,"card_attack":3}]},{"turn":10,"cards_played":["Kezan Mystic"],"current_player":"me","my_health":27,"opponent_health":24,"my_armor":0,"opponent_armor":0,"my_hand":3,"opponent_hand":3,"my_board":[{"card_name":"Kezan Mystic","card_health":3,"card_attack":4},{"card_name":"Scavenging Hyena","card_health":2,"card_attack":4}],"opponent_board":[{"card_name":"Knife Juggler","card_health":2,"card_attack":3},{"card_name":"Wild Pyromancer","card_health":2,"card_attack":3}]},{"turn":11,"cards_played":["Kill Command","Silverback Patriarch"],"current_player":"opponent","my_health":27,"opponent_health":22,"my_armor":0,"opponent_armor":0,"my_hand":3,"opponent_hand":2,"my_board":[],"opponent_board":[{"card_name":"Silverback Patriarch","card_health":4,"card_attack":1}]},{"turn":12,"cards_played":["Knife Juggler","Animal Companion"],"current_player":"me","my_health":27,"opponent_health":22,"my_armor":0,"opponent_armor":0,"my_hand":2,"opponent_hand":2,"my_board":[{"card_name":"Knife Juggler","card_health":2,"card_attack":3},{"card_name":"Leokk","card_health":4,"card_attack":2}],"opponent_board":[{"card_name":"Silverback Patriarch","card_health":3,"card_attack":1}]},{"turn":13,"cards_played":["Savannah Highmane"],"current_player":"opponent","my_health":26,"opponent_health":22,"my_armor":0,"opponent_armor":0,"my_hand":2,"opponent_hand":2,"my_board":[{"card_name":"Knife Juggler","card_health":2,"card_attack":4},{"card_name":"Leokk","card_health":4,"card_attack":2}],"opponent_board":[{"card_name":"Savannah Highmane","card_health":5,"card_attack":6},{"card_name":"Silverback Patriarch","card_health":3,"card_attack":1}]},{"turn":14,"cards_played":["Piloted Shredder","Unleash the Hounds"],"current_player":"me","my_health":26,"opponent_health":14,"my_armor":0,"opponent_armor":0,"my_hand":1,"opponent_hand":2,"my_board":[{"card_name":"Knife Juggler","card_health":1,"card_attack":4},{"card_name":"Piloted Shredder","card_health":3,"card_attack":5},{"card_name":"Leokk","card_health":4,"card_attack":2},{"card_name":"Hound","card_health":1,"card_attack":2},{"card_name":"Hound","card_health":1,"card_attack":2}],"opponent_board":[{"card_name":"Savannah Highmane","card_health":4,"card_attack":6}]},{"turn":15,"cards_played":["Unleash the Hounds","Haunted Creeper"],"current_player":"opponent","my_health":20,"opponent_health":14,"my_armor":0,"opponent_armor":0,"my_hand":1,"opponent_hand":0,"my_board":[{"card_name":"Knife Juggler","card_health":1,"card_attack":4},{"card_name":"Leokk","card_health":3,"card_attack":2},{"card_name":"Hound","card_health":1,"card_attack":2},{"card_name":"Hound","card_health":1,"card_attack":2},{"card_name":"Defias Ringleader","card_health":2,"card_attack":3}],"opponent_board":[{"card_name":"Haunted Creeper","card_health":2,"card_attack":1},{"card_name":"Savannah Highmane","card_health":4,"card_attack":6}]},{"turn":16,"cards_played":["Houndmaster","Steady Shot"],"current_player":"me","my_health":18,"opponent_health":10,"my_armor":0,"opponent_armor":0,"my_hand":1,"opponent_hand":0,"my_board":[{"card_name":"Houndmaster","card_health":3,"card_attack":5},{"card_name":"Leokk","card_health":3,"card_attack":4}],"opponent_board":[{"card_name":"Spectral Spider","card_health":1,"card_attack":1},{"card_name":"Spectral Spider","card_health":1,"card_attack":1}]},{"turn":17,"cards_played":["Savannah Highmane","Steady Shot"],"current_player":"opponent","my_health":16,"opponent_health":10,"my_armor":0,"opponent_armor":0,"my_hand":1,"opponent_hand":0,"my_board":[{"card_name":"Houndmaster","card_health":3,"card_attack":5},{"card_name":"Leokk","card_health":1,"card_attack":4}],"opponent_board":[{"card_name":"Savannah Highmane","card_health":5,"card_attack":6}]},{"turn":18,"cards_played":["Loatheb","Unleash the Hounds"],"current_player":"me","my_health":16,"opponent_health":-1,"my_armor":0,"opponent_armor":0,"my_hand":0,"opponent_hand":0,"my_board":[{"card_name":"Houndmaster","card_health":3,"card_attack":5},{"card_name":"Loatheb","card_health":5,"card_attack":6},{"card_name":"Leokk","card_health":1,"card_attack":4},{"card_name":"Hound","card_health":1,"card_attack":2}],"opponent_board":[{"card_name":"Savannah Highmane","card_health":5,"card_attack":6}]}],"result":"victory"}