{"plays":[{"turn":1,"cards_played":[],"current_player":"opponent","my_health":30,"opponent_health":0,"my_armor":0,"opponent_armor":0,"my_hand":1,"opponent_hand":0,"my_board":[],"opponent_board":[]},{"turn":2,"cards_played":["Webspinner","The Coin","Armorsmith"],"current_player":"opponent","my_health":30,"opponent_health":30,"my_armor":0,"opponent_armor":0,"my_hand":3,"opponent_hand":4,"my_board":[{"card_name":"Webspinner","card_health":1,"card_attack":1}],"opponent_board":[{"card_name":"Armorsmith","card_health":4,"card_attack":1}]},{"turn":3,"cards_played":["Mad Scientist"],"current_player":"me","my_health":30,"opponent_health":29,"my_armor":0,"opponent_armor":0,"my_hand":3,"opponent_hand":4,"my_board":[{"card_name":"Webspinner","card_health":1,"card_attack":1},{"card_name":"Mad Scientist","card_health":2,"card_attack":2}],"opponent_board":[{"card_name":"Armorsmith","card_health":4,"card_attack":1}]},{"turn":4,"cards_played":["Fiery War Axe"],"current_player":"opponent","my_health":30,"opponent_health":28,"my_armor":0,"opponent_armor":0,"my_hand":4,"opponent_hand":4,"my_board":[],"opponent_board":[{"card_name":"Armorsmith","card_health":3,"card_attack":1}]},{"turn":5,"cards_played":["Eaglehorn Bow"],"current_player":"me","my_health":29,"opponent_health":28,"my_armor":0,"opponent_armor":1,"my_hand":4,"opponent_hand":4,"my_board":[],"opponent_board":[]},{"turn":6,"cards_played":["Shield Block"],"current_player":"opponent","my_health":29,"opponent_health":28,"my_armor":0,"opponent_armor":6,"my_hand":4,"opponent_hand":5,"my_board":[],"opponent_board":[]},{"turn":7,"cards_played":["Animal Companion","Webspinner"],"current_player":"me","my_health":29,"opponent_health":28,"my_armor":0,"opponent_armor":6,"my_hand":3,"opponent_hand":5,"my_board":[{"card_name":"Webspinner","card_health":1,"card_attack":1},{"card_name":"Leokk","card_health":4,"card_attack":2}],"opponent_board":[]},{"turn":8,"cards_played":["Slam","Unstable Ghoul"],"current_player":"opponent","my_health":29,"opponent_health":28,"my_armor":0,"opponent_armor":4,"my_hand":3,"opponent_hand":5,"my_board":[{"card_name":"Webspinner","card_health":1,"card_attack":1}],"opponent_board":[{"card_name":"Unstable Ghoul","card_health":3,"card_attack":1}]},{"turn":9,"cards_played":["Steady Shot"],"current_player":"me","my_health":29,"opponent_health":28,"my_armor":0,"opponent_armor":2,"my_hand":5,"opponent_hand":5,"my_board":[],"opponent_board":[{"card_name":"Unstable Ghoul","card_health":2,"card_attack":1}]},{"turn":10,"cards_played":["Shield Block","Armor Up!"],"current_player":"opponent","my_health":29,"opponent_health":28,"my_armor":0,"opponent_armor":7,"my_hand":5,"opponent_hand":6,"my_board":[],"opponent_board":[]},{"turn":11,"cards_played":["Savannah Highmane"],"current_player":"me","my_health":29,"opponent_health":28,"my_armor":0,"opponent_armor":4,"my_hand":5,"opponent_hand":6,"my_board":[{"card_name":"Savannah Highmane","card_health":5,"card_attack":6}],"opponent_board":[]},{"turn":12,"cards_played":["Death's Bite","Unstable Ghoul"],"current_player":"opponent","my_health":29,"opponent_health":28,"my_armor":0,"opponent_armor":4,"my_hand":5,"opponent_hand":5,"my_board":[{"card_name":"Savannah Highmane","card_health":5,"card_attack":6}],"opponent_board":[{"card_name":"Unstable Ghoul","card_health":3,"card_attack":1}]},{"turn":13,"cards_played":["Dr. Boom"],"current_player":"me","my_health":29,"opponent_health":28,"my_armor":0,"opponent_armor":4,"my_hand":5,"opponent_hand":5,"my_board":[{"card_name":"Dr. Boom","card_health":7,"card_attack":7},{"card_name":"Savannah Highmane","card_health":3,"card_attack":6},{"card_name":"Boom Bot","card_health":1,"card_attack":1},{"card_name":"Boom Bot","card_health":1,"card_attack":1}],"opponent_board":[]},{"turn":14,"cards_played":["Battle Rage","Frothing Berserker","Inner Rage","Execute"],"current_player":"opponent","my_health":29,"opponent_health":26,"my_armor":0,"opponent_armor":0,"my_hand":5,"opponent_hand":3,"my_board":[{"card_name":"Boom Bot","card_health":1,"card_attack":1},{"card_name":"Boom Bot","card_health":1,"card_attack":1},{"card_name":"Hyena","card_health":2,"card_attack":2},{"card_name":"Hyena","card_health":2,"card_attack":2}],"opponent_board":[{"card_name":"Frothing Berserker","card_health":4,"card_attack":4}]},{"turn":15,"cards_played":["Cult Master","Hunter's Mark","Houndmaster"],"current_player":"me","my_health":29,"opponent_health":18,"my_armor":0,"opponent_armor":0,"my_hand":4,"opponent_hand":3,"my_board":[{"card_name":"Houndmaster","card_health":3,"card_attack":4},{"card_name":"Cult Master","card_health":2,"card_attack":4},{"card_name":"Boom Bot","card_health":1,"card_attack":1},{"card_name":"Hyena","card_health":4,"card_attack":4},{"card_name":"Hyena","card_health":2,"card_attack":2}],"opponent_board":[]},{"turn":16,"cards_played":["Warsong Commander","Frothing Berserker","Armor Up!"],"current_player":"opponent","my_health":29,"opponent_health":10,"my_armor":0,"opponent_armor":2,"my_hand":6,"opponent_hand":2,"my_board":[{"card_name":"Houndmaster","card_health":2,"card_attack":4},{"card_name":"Cult Master","card_health":1,"card_attack":4},{"card_name":"Hyena","card_health":1,"card_attack":2}],"opponent_board":[{"card_name":"Warsong Commander","card_health":2,"card_attack":2},{"card_name":"Frothing Berserker","card_health":3,"card_attack":9}]}],"result":"victory"}