{"plays":[{"turn":1,"cards_played":[],"current_player":"opponent","my_health":0,"opponent_health":0,"my_armor":0,"opponent_armor":0,"my_hand":3,"opponent_hand":1,"my_board":[],"opponent_board":[]},{"turn":2,"cards_played":["Webspinner","Leper Gnome"],"current_player":"opponent","my_health":30,"opponent_health":30,"my_armor":0,"opponent_armor":0,"my_hand":3,"opponent_hand":5,"my_board":[{"card_name":"Webspinner","card_health":1,"card_attack":1}],"opponent_board":[{"card_name":"Leper Gnome","card_health":1,"card_attack":2}]},{"turn":3,"cards_played":["Haunted Creeper"],"current_player":"me","my_health":30,"opponent_health":30,"my_armor":0,"opponent_armor":0,"my_hand":4,"opponent_hand":5,"my_board":[{"card_name":"Haunted Creeper","card_health":2,"card_attack":1}],"opponent_board":[]},{"turn":4,"cards_played":["The Coin","Muster for Battle"],"current_player":"opponent","my_health":27,"opponent_health":30,"my_armor":0,"opponent_armor":0,"my_hand":4,"opponent_hand":4,"my_board":[{"card_name":"Haunted Creeper","card_health":2,"card_attack":1}],"opponent_board":[{"card_name":"Silver Hand Recruit","card_health":1,"card_attack":1},{"card_name":"Silver Hand Recruit","card_health":1,"card_attack":1},{"card_name":"Silver Hand Recruit","card_health":1,"card_attack":1}]},{"turn":5,"cards_played":["Mad Scientist"],"current_player":"me","my_health":27,"opponent_health":30,"my_armor":0,"opponent_armor":0,"my_hand":4,"opponent_hand":4,"my_board":[{"card_name":"Haunted Creeper","card_health":1,"card_attack":1},{"card_name":"Mad Scientist","card_health":2,"card_attack":2}],"opponent_board":[{"card_name":"Silver Hand Recruit","card_health":1,"card_attack":1},{"card_name":"Silver Hand Recruit","card_health":1,"card_attack":1}]},{"turn":6,"cards_played":["Ironbeak Owl"],"current_player":"opponent","my_health":25,"opponent_health":29,"my_armor":0,"opponent_armor":0,"my_hand":4,"opponent_hand":4,"my_board":[{"card_name":"Mad Scientist","card_health":2,"card_attack":2}],"opponent_board":[{"card_name":"Ironbeak Owl","card_health":1,"card_attack":2},{"card_name":"Silver Hand Recruit","card_health":1,"card_attack":1},{"card_name":"Silver Hand Recruit","card_health":1,"card_attack":1}]},{"turn":7,"cards_played":["Desert Camel"],"current_player":"me","my_health":25,"opponent_health":29,"my_armor":0,"opponent_armor":0,"my_hand":4,"opponent_hand":4,"my_board":[{"card_name":"Injured Kvaldir","card_health":4,"card_attack":2},{"card_name":"Mad Scientist","card_health":1,"card_attack":2},{"card_name":"Desert Camel","card_health":4,"card_attack":2}],"opponent_board":[{"card_name":"Argent Squire","card_health":1,"card_attack":1},{"card_name":"Ironbeak Owl","card_health":1,"card_attack":2},{"card_name":"Silver Hand Recruit","card_health":1,"card_attack":1}]},{"turn":8,"cards_played":["Piloted Shredder"],"current_player":"opponent","my_health":21,"opponent_health":27,"my_armor":0,"opponent_armor":0,"my_hand":4,"opponent_hand":4,"my_board":[{"card_name":"Injured Kvaldir","card_health":4,"card_attack":2},{"card_name":"Desert Camel","card_health":4,"card_attack":2}],"opponent_board":[{"card_name":"Piloted Shredder","card_health":3,"card_attack":4},{"card_name":"Argent Squire","card_health":1,"card_attack":1},{"card_name":"Ironbeak Owl","card_health":1,"card_attack":2},{"card_name":"Silver Hand Recruit","card_health":1,"card_attack":1}]},{"turn":9,"cards_played":["Knife Juggler","Unleash the Hounds"],"current_player":"me","my_health":21,"opponent_health":26,"my_armor":0,"opponent_armor":0,"my_hand":3,"opponent_hand":4,"my_board":[{"card_name":"Knife Juggler","card_health":2,"card_attack":3},{"card_name":"Injured Kvaldir","card_health":3,"card_attack":2},{"card_name":"Desert Camel","card_health":3,"card_attack":2}],"opponent_board":[]},{"turn":10,"cards_played":["Loatheb"],"current_player":"opponent","my_health":20,"opponent_health":26,"my_armor":0,"opponent_armor":0,"my_hand":3,"opponent_hand":4,"my_board":[{"card_name":"Knife Juggler","card_health":2,"card_attack":3},{"card_name":"Injured Kvaldir","card_health":3,"card_attack":2},{"card_name":"Desert Camel","card_health":3,"card_attack":2}],"opponent_board":[{"card_name":"Loatheb","card_health":5,"card_attack":5}]},{"turn":11,"cards_played":["Starving Buzzard"],"current_player":"me","my_health":20,"opponent_health":18,"my_armor":0,"opponent_armor":0,"my_hand":3,"opponent_hand":4,"my_board":[{"card_name":"Knife Juggler","card_health":2,"card_attack":3},{"card_name":"Injured Kvaldir","card_health":3,"card_attack":2},{"card_name":"Desert Camel","card_health":3,"card_attack":2},{"card_name":"Starving Buzzard","card_health":2,"card_attack":3}],"opponent_board":[{"card_name":"Loatheb","card_health":5,"card_attack":5}]},{"turn":12,"cards_played":["Coghammer","Divine Favor"],"current_player":"opponent","my_health":20,"opponent_health":12,"my_armor":0,"opponent_armor":0,"my_hand":6,"opponent_hand":6,"my_board":[{"card_name":"Injured Kvaldir","card_health":3,"card_attack":2},{"card_name":"Desert Camel","card_health":3,"card_attack":2},{"card_name":"Snake","card_health":1,"card_attack":1},{"card_name":"Snake","card_health":1,"card_attack":1},{"card_name":"Snake","card_health":1,"card_attack":1}],"opponent_board":[{"card_name":"Loatheb","card_health":2,"card_attack":5}]},{"turn":13,"cards_played":["Eaglehorn Bow"],"current_player":"me","my_health":20,"opponent_health":6,"my_armor":0,"opponent_armor":0,"my_hand":6,"opponent_hand":6,"my_board":[{"card_name":"Desert Camel","card_health":3,"card_attack":2},{"card_name":"Snake","card_health":1,"card_attack":1},{"card_name":"Snake","card_health":1,"card_attack":1}],"opponent_board":[]}],"result":"victory"}