{"plays":[{"turn":1,"cards_played":[],"current_player":"opponent","my_health":30,"opponent_health":0,"my_armor":0,"opponent_armor":0,"my_hand":1,"opponent_hand":0,"my_board":[],"opponent_board":[]},{"turn":2,"cards_played":["Secretkeeper","Webspinner"],"current_player":"me","my_health":30,"opponent_health":30,"my_armor":0,"opponent_armor":0,"my_hand":5,"opponent_hand":3,"my_board":[{"card_name":"Webspinner","card_health":1,"card_attack":1}],"opponent_board":[{"card_name":"Secretkeeper","card_health":2,"card_attack":1}]},{"turn":3,"cards_played":["Shielded Minibot"],"current_player":"opponent","my_health":30,"opponent_health":30,"my_armor":0,"opponent_armor":0,"my_hand":6,"opponent_hand":3,"my_board":[],"opponent_board":[{"card_name":"Secretkeeper","card_health":1,"card_attack":1},{"card_name":"Shielded Minibot","card_health":2,"card_attack":2}]},{"turn":4,"cards_played":["Haunted Creeper"],"current_player":"me","my_health":30,"opponent_health":30,"my_armor":0,"opponent_armor":0,"my_hand":6,"opponent_hand":3,"my_board":[{"card_name":"Haunted Creeper","card_health":2,"card_attack":1}],"opponent_board":[{"card_name":"Secretkeeper","card_health":1,"card_attack":1},{"card_name":"Shielded Minibot","card_health":2,"card_attack":2}]},{"turn":5,"cards_played":["Shielded Minibot"],"current_player":"opponent","my_health":30,"opponent_health":30,"my_armor":0,"opponent_armor":0,"my_hand":6,"opponent_hand":2,"my_board":[{"card_name":"Spectral Spider","card_health":1,"card_attack":1}],"opponent_board":[{"card_name":"Shielded Minibot","card_health":2,"card_attack":2},{"card_name":"Secretkeeper","card_health":1,"card_attack":2},{"card_name":"Shielded Minibot","card_health":2,"card_attack":2}]},{"turn":6,"cards_played":["Eaglehorn Bow"],"current_player":"me","my_health":28,"opponent_health":30,"my_armor":0,"opponent_armor":0,"my_hand":6,"opponent_hand":2,"my_board":[],"opponent_board":[{"card_name":"Shielded Minibot","card_health":2,"card_attack":2}]},{"turn":7,"cards_played":["Muster for Battle"],"current_player":"opponent","my_health":24,"opponent_health":30,"my_armor":0,"opponent_armor":0,"my_hand":6,"opponent_hand":2,"my_board":[],"opponent_board":[{"card_name":"Shielded Minibot","card_health":3,"card_attack":3},{"card_name":"Silver Hand Recruit","card_health":1,"card_attack":1},{"card_name":"Silver Hand Recruit","card_health":1,"card_attack":1},{"card_name":"Silver Hand Recruit","card_health":1,"card_attack":1}]},{"turn":8,"cards_played":["Knife Juggler","The Coin","Unleash the Hounds"],"current_player":"me","my_health":21,"opponent_health":26,"my_armor":0,"opponent_armor":0,"my_hand":4,"opponent_hand":2,"my_board":[{"card_name":"Knife Juggler","card_health":2,"card_attack":3},{"card_name":"Hound","card_health":1,"card_attack":1},{"card_name":"Hound","card_health":1,"card_attack":1},{"card_name":"Hound","card_health":1,"card_attack":1},{"card_name":"Hound","card_health":1,"card_attack":1}],"opponent_board":[]},{"turn":9,"cards_played":["Consecration","Secretkeeper"],"current_player":"opponent","my_health":18,"opponent_health":26,"my_armor":0,"opponent_armor":0,"my_hand":4,"opponent_hand":1,"my_board":[],"opponent_board":[{"card_name":"Secretkeeper","card_health":2,"card_attack":1}]},{"turn":10,"cards_played":["Mukla's Champion"],"current_player":"me","my_health":18,"opponent_health":26,"my_armor":0,"opponent_armor":0,"my_hand":4,"opponent_hand":1,"my_board":[{"card_name":"Mukla's Champion","card_health":3,"card_attack":4}],"opponent_board":[{"card_name":"Secretkeeper","card_health":2,"card_attack":1}]},{"turn":11,"cards_played":["Reinforce"],"current_player":"opponent","my_health":15,"opponent_health":26,"my_armor":0,"opponent_armor":0,"my_hand":4,"opponent_hand":1,"my_board":[{"card_name":"Mukla's Champion","card_health":3,"card_attack":4}],"opponent_board":[{"card_name":"Secretkeeper","card_health":3,"card_attack":2},{"card_name":"Silver Hand Recruit","card_health":1,"card_attack":1}]},{"turn":12,"cards_played":["Ironbeak Owl","Steady Shot"],"current_player":"me","my_health":15,"opponent_health":24,"my_armor":0,"opponent_armor":0,"my_hand":3,"opponent_hand":1,"my_board":[{"card_name":"Ironbeak Owl","card_health":2,"card_attack":3},{"card_name":"Mukla's Champion","card_health":2,"card_attack":4}],"opponent_board":[{"card_name":"Secretkeeper","card_health":2,"card_attack":1},{"card_name":"Silver Hand Recruit","card_health":1,"card_attack":1}]},{"turn":13,"cards_played":["Dr. Boom"],"current_player":"opponent","my_health":14,"opponent_health":24,"my_armor":0,"opponent_armor":0,"my_hand":3,"opponent_hand":1,"my_board":[{"card_name":"Ironbeak Owl","card_health":2,"card_attack":3},{"card_name":"Mukla's Champion","card_health":1,"card_attack":4},{"card_name":"Ironfur Grizzly","card_health":3,"card_attack":3}],"opponent_board":[{"card_name":"Secretkeeper","card_health":2,"card_attack":1},{"card_name":"Dr. Boom","card_health":7,"card_attack":7},{"card_name":"Boom Bot","card_health":1,"card_attack":1},{"card_name":"Boom Bot","card_health":1,"card_attack":1}]},{"turn":14,"cards_played":["Steady Shot"],"current_player":"me","my_health":14,"opponent_health":10,"my_armor":0,"opponent_armor":0,"my_hand":3,"opponent_hand":1,"my_board":[{"card_name":"Ironbeak Owl","card_health":3,"card_attack":4},{"card_name":"Mukla's Champion","card_health":1,"card_attack":4},{"card_name":"Ironfur Grizzly","card_health":4,"card_attack":4}],"opponent_board":[{"card_name":"Secretkeeper","card_health":2,"card_attack":1},{"card_name":"Dr. Boom","card_health":7,"card_attack":7},{"card_name":"Boom Bot","card_health":1,"card_attack":1},{"card_name":"Boom Bot","card_health":1,"card_attack":1}]},{"turn":15,"cards_played":["Murloc Knight","Reinforce"],"current_player":"opponent","my_health":11,"opponent_health":6,"my_armor":0,"opponent_armor":0,"my_hand":3,"opponent_hand":2,"my_board":[],"opponent_board":[{"card_name":"Murloc Knight","card_health":4,"card_attack":3},{"card_name":"Dr. Boom","card_health":3,"card_attack":7},{"card_name":"Silver Hand Recruit","card_health":1,"card_attack":1},{"card_name":"Murloc Raider","card_health":1,"card_attack":2}]},{"turn":16,"cards_played":[],"current_player":"me","my_health":11,"opponent_health":6,"my_armor":0,"opponent_armor":0,"my_hand":4,"opponent_hand":2,"my_board":[],"opponent_board":[{"card_name":"Murloc Knight","card_health":4,"card_attack":3},{"card_name":"Dr. Boom","card_health":3,"card_attack":7},{"card_name":"Silver Hand Recruit","card_health":1,"card_attack":1},{"card_name":"Murloc Raider","card_health":1,"card_attack":2}]}],"result":"defeat"}