{"plays":[{"turn":1,"cards_played":[],"current_player":"opponent","my_health":30,"opponent_health":0,"my_armor":0,"opponent_armor":0,"my_hand":1,"opponent_hand":0,"my_board":[],"opponent_board":[]},{"turn":2,"cards_played":["The Coin","Mad Scientist"],"current_player":"opponent","my_health":30,"opponent_health":30,"my_armor":0,"opponent_armor":0,"my_hand":4,"opponent_hand":4,"my_board":[],"opponent_board":[{"card_name":"Mad Scientist","card_health":2,"card_attack":2}]},{"turn":3,"cards_played":["Mad Scientist"],"current_player":"me","my_health":30,"opponent_health":30,"my_armor":0,"opponent_armor":0,"my_hand":4,"opponent_hand":4,"my_board":[{"card_name":"Mad Scientist","card_health":2,"card_attack":2}],"opponent_board":[{"card_name":"Mad Scientist","card_health":2,"card_attack":2}]},{"turn":4,"cards_played":["Abusive Sergeant"],"current_player":"opponent","my_health":26,"opponent_health":30,"my_armor":0,"opponent_armor":0,"my_hand":4,"opponent_hand":4,"my_board":[{"card_name":"Mad Scientist","card_health":2,"card_attack":2}],"opponent_board":[{"card_name":"Abusive Sergeant","card_health":1,"card_attack":2},{"card_name":"Mad Scientist","card_health":2,"card_attack":4}]},{"turn":5,"cards_played":["Eaglehorn Bow"],"current_player":"me","my_health":24,"opponent_health":30,"my_armor":0,"opponent_armor":0,"my_hand":4,"opponent_hand":4,"my_board":[],"opponent_board":[]},{"turn":6,"cards_played":["Eaglehorn Bow"],"current_player":"opponent","my_health":21,"opponent_health":30,"my_armor":0,"opponent_armor":0,"my_hand":4,"opponent_hand":4,"my_board":[{"card_name":"Ironfur Grizzly","card_health":3,"card_attack":3}],"opponent_board":[]},{"turn":7,"cards_played":["Piloted Shredder"],"current_player":"me","my_health":19,"opponent_health":24,"my_armor":0,"opponent_armor":0,"my_hand":4,"opponent_hand":4,"my_board":[{"card_name":"Piloted Shredder","card_health":3,"card_attack":4},{"card_name":"Ironfur Grizzly","card_health":1,"card_attack":3}],"opponent_board":[]},{"turn":8,"cards_played":["Ironbeak Owl","Steady Shot"],"current_player":"opponent","my_health":14,"opponent_health":24,"my_armor":0,"opponent_armor":0,"my_hand":4,"opponent_hand":4,"my_board":[{"card_name":"Piloted Shredder","card_health":3,"card_attack":4},{"card_name":"Ironfur Grizzly","card_health":1,"card_attack":3}],"opponent_board":[{"card_name":"Ironbeak Owl","card_health":1,"card_attack":2}]},{"turn":9,"cards_played":["Webspinner","Houndmaster"],"current_player":"me","my_health":14,"opponent_health":17,"my_armor":0,"opponent_armor":0,"my_hand":3,"opponent_hand":4,"my_board":[{"card_name":"Webspinner","card_health":3,"card_attack":3},{"card_name":"Piloted Shredder","card_health":3,"card_attack":4},{"card_name":"Houndmaster","card_health":3,"card_attack":4},{"card_name":"Ironfur Grizzly","card_health":1,"card_attack":3}],"opponent_board":[{"card_name":"Ironbeak Owl","card_health":1,"card_attack":2}]},{"turn":10,"cards_played":["Wolfrider","Steady Shot"],"current_player":"opponent","my_health":9,"opponent_health":17,"my_armor":0,"opponent_armor":0,"my_hand":4,"opponent_hand":4,"my_board":[{"card_name":"Piloted Shredder","card_health":3,"card_attack":4},{"card_name":"Houndmaster","card_health":3,"card_attack":4}],"opponent_board":[]},{"turn":11,"cards_played":["Steady Shot"],"current_player":"me","my_health":9,"opponent_health":4,"my_armor":0,"opponent_armor":0,"my_hand":4,"opponent_hand":4,"my_board":[{"card_name":"Piloted Shredder","card_health":3,"card_attack":4},{"card_name":"Houndmaster","card_health":3,"card_attack":4}],"opponent_board":[]},{"turn":12,"cards_played":["Leeroy Jenkins"],"current_player":"opponent","my_health":9,"opponent_health":4,"my_armor":0,"opponent_armor":0,"my_hand":4,"opponent_hand":4,"my_board":[{"card_name":"Houndmaster","card_health":3,"card_attack":4},{"card_name":"Whelp","card_health":1,"card_attack":1},{"card_name":"Whelp","card_health":1,"card_attack":1},{"card_name":"Explosive Sheep","card_health":1,"card_attack":1}],"opponent_board":[]}],"result":"victory"}