{"plays":[{"turn":1,"cards_played":[],"current_player":"opponent","my_health":30,"opponent_health":0,"my_armor":0,"opponent_armor":0,"my_hand":1,"opponent_hand":0,"my_board":[],"opponent_board":[]},{"turn":2,"cards_played":["Abusive Sergeant","The Coin","Annoy-o-Tron"],"current_player":"opponent","my_health":30,"opponent_health":30,"my_armor":0,"opponent_armor":0,"my_hand":3,"opponent_hand":4,"my_board":[{"card_name":"Abusive Sergeant","card_health":1,"card_attack":2}],"opponent_board":[{"card_name":"Annoy-o-Tron","card_health":2,"card_attack":1}]},{"turn":3,"cards_played":["Amani Berserker"],"current_player":"me","my_health":30,"opponent_health":30,"my_armor":0,"opponent_armor":0,"my_hand":3,"opponent_hand":4,"my_board":[{"card_name":"Amani Berserker","card_health":3,"card_attack":2},{"card_name":"Abusive Sergeant","card_health":1,"card_attack":2}],"opponent_board":[{"card_name":"Annoy-o-Tron","card_health":2,"card_attack":1}]},{"turn":4,"cards_played":["Worgen Infiltrator"],"current_player":"opponent","my_health":29,"opponent_health":30,"my_armor":0,"opponent_armor":0,"my_hand":3,"opponent_hand":4,"my_board":[{"card_name":"Amani Berserker","card_health":3,"card_attack":2},{"card_name":"Abusive Sergeant","card_health":1,"card_attack":2}],"opponent_board":[{"card_name":"Annoy-o-Tron","card_health":2,"card_attack":1},{"card_name":"Worgen Infiltrator","card_health":1,"card_attack":2}]},{"turn":5,"cards_played":["Animal Companion"],"current_player":"me","my_health":29,"opponent_health":30,"my_armor":0,"opponent_armor":0,"my_hand":3,"opponent_hand":4,"my_board":[{"card_name":"Amani Berserker","card_health":2,"card_attack":5},{"card_name":"Misha","card_health":4,"card_attack":4}],"opponent_board":[{"card_name":"Worgen Infiltrator","card_health":1,"card_attack":2}]},{"turn":6,"cards_played":["Flesheating Ghoul"],"current_player":"opponent","my_health":29,"opponent_health":30,"my_armor":0,"opponent_armor":0,"my_hand":3,"opponent_hand":4,"my_board":[{"card_name":"Amani Berserker","card_health":2,"card_attack":5},{"card_name":"Misha","card_health":4,"card_attack":4}],"opponent_board":[{"card_name":"Flesheating Ghoul","card_health":3,"card_attack":2},{"card_name":"Worgen Infiltrator","card_health":1,"card_attack":2}]},{"turn":7,"cards_played":["Loot Hoarder","Quick Shot"],"current_player":"me","my_health":29,"opponent_health":21,"my_armor":0,"opponent_armor":0,"my_hand":2,"opponent_hand":4,"my_board":[{"card_name":"Amani Berserker","card_health":2,"card_attack":5},{"card_name":"Loot Hoarder","card_health":1,"card_attack":2},{"card_name":"Misha","card_health":4,"card_attack":4}],"opponent_board":[{"card_name":"Worgen Infiltrator","card_health":1,"card_attack":2}]},{"turn":8,"cards_played":["Dalaran Aspirant"],"current_player":"opponent","my_health":29,"opponent_health":21,"my_armor":0,"opponent_armor":0,"my_hand":2,"opponent_hand":4,"my_board":[{"card_name":"Amani Berserker","card_health":2,"card_attack":5},{"card_name":"Loot Hoarder","card_health":1,"card_attack":2},{"card_name":"Misha","card_health":2,"card_attack":4}],"opponent_board":[{"card_name":"Dalaran Aspirant","card_health":5,"card_attack":3}]},{"turn":9,"cards_played":["Faerie Dragon","Raid Leader"],"current_player":"me","my_health":29,"opponent_health":7,"my_armor":0,"opponent_armor":0,"my_hand":1,"opponent_hand":4,"my_board":[{"card_name":"Amani Berserker","card_health":2,"card_attack":6},{"card_name":"Loot Hoarder","card_health":1,"card_attack":3},{"card_name":"Faerie Dragon","card_health":2,"card_attack":4},{"card_name":"Raid Leader","card_health":2,"card_attack":2},{"card_name":"Misha","card_health":2,"card_attack":5}],"opponent_board":[{"card_name":"Dalaran Aspirant","card_health":5,"card_attack":3}]},{"turn":10,"cards_played":[],"current_player":"opponent","my_health":29,"opponent_health":7,"my_armor":0,"opponent_armor":0,"my_hand":1,"opponent_hand":5,"my_board":[{"card_name":"Amani Berserker","card_health":2,"card_attack":6},{"card_name":"Loot Hoarder","card_health":1,"card_attack":3},{"card_name":"Faerie Dragon","card_health":2,"card_attack":4},{"card_name":"Raid Leader","card_health":2,"card_attack":2},{"card_name":"Misha","card_health":2,"card_attack":5}],"opponent_board":[{"card_name":"Dalaran Aspirant","card_health":5,"card_attack":3}]}],"result":"victory"}