{"plays":[{"turn":1,"cards_played":[],"current_player":"opponent","my_health":30,"opponent_health":0,"my_armor":0,"opponent_armor":0,"my_hand":1,"opponent_hand":0,"my_board":[],"opponent_board":[]},{"turn":2,"cards_played":["The Coin","Shielded Minibot"],"current_player":"opponent","my_health":30,"opponent_health":30,"my_armor":0,"opponent_armor":0,"my_hand":4,"opponent_hand":4,"my_board":[],"opponent_board":[{"card_name":"Shielded Minibot","card_health":2,"card_attack":2}]},{"turn":3,"cards_played":["Mad Scientist"],"current_player":"me","my_health":30,"opponent_health":30,"my_armor":0,"opponent_armor":0,"my_hand":4,"opponent_hand":4,"my_board":[{"card_name":"Mad Scientist","card_health":2,"card_attack":2}],"opponent_board":[{"card_name":"Shielded Minibot","card_health":2,"card_attack":2}]},{"turn":4,"cards_played":["Ironbeak Owl"],"current_player":"opponent","my_health":28,"opponent_health":30,"my_armor":0,"opponent_armor":0,"my_hand":4,"opponent_hand":4,"my_board":[{"card_name":"Mad Scientist","card_health":2,"card_attack":2}],"opponent_board":[{"card_name":"Ironbeak Owl","card_health":1,"card_attack":2},{"card_name":"Shielded Minibot","card_health":2,"card_attack":2}]},{"turn":5,"cards_played":["Mad Scientist"],"current_player":"me","my_health":28,"opponent_health":28,"my_armor":0,"opponent_armor":0,"my_hand":4,"opponent_hand":4,"my_board":[{"card_name":"Mad Scientist","card_health":2,"card_attack":2},{"card_name":"Mad Scientist","card_health":2,"card_attack":2}],"opponent_board":[{"card_name":"Ironbeak Owl","card_health":1,"card_attack":2},{"card_name":"Shielded Minibot","card_health":2,"card_attack":2}]},{"turn":6,"cards_played":["Knife Juggler"],"current_player":"opponent","my_health":24,"opponent_health":28,"my_armor":0,"opponent_armor":0,"my_hand":4,"opponent_hand":3,"my_board":[{"card_name":"Mad Scientist","card_health":2,"card_attack":2},{"card_name":"Mad Scientist","card_health":2,"card_attack":2}],"opponent_board":[{"card_name":"Knife Juggler","card_health":2,"card_attack":3},{"card_name":"Ironbeak Owl","card_health":1,"card_attack":2},{"card_name":"Shielded Minibot","card_health":2,"card_attack":2}]},{"turn":7,"cards_played":["Knife Juggler","Flare"],"current_player":"me","my_health":24,"opponent_health":28,"my_armor":0,"opponent_armor":0,"my_hand":4,"opponent_hand":3,"my_board":[{"card_name":"Knife Juggler","card_health":2,"card_attack":3}],"opponent_board":[{"card_name":"Shielded Minibot","card_health":2,"card_attack":2}]},{"turn":8,"cards_played":["Truesilver Champion"],"current_player":"opponent","my_health":24,"opponent_health":27,"my_armor":0,"opponent_armor":0,"my_hand":4,"opponent_hand":4,"my_board":[],"opponent_board":[]},{"turn":9,"cards_played":["Loatheb"],"current_player":"me","my_health":24,"opponent_health":27,"my_armor":0,"opponent_armor":0,"my_hand":4,"opponent_hand":4,"my_board":[{"card_name":"Loatheb","card_health":5,"card_attack":5}],"opponent_board":[]},{"turn":10,"cards_played":["Shielded Minibot"],"current_player":"opponent","my_health":24,"opponent_health":27,"my_armor":0,"opponent_armor":0,"my_hand":4,"opponent_hand":4,"my_board":[{"card_name":"Loatheb","card_health":5,"card_attack":5}],"opponent_board":[{"card_name":"Shielded Minibot","card_health":2,"card_attack":2}]},{"turn":11,"cards_played":["King's Elekk","Piloted Shredder"],"current_player":"me","my_health":24,"opponent_health":22,"my_armor":0,"opponent_armor":0,"my_hand":4,"opponent_hand":4,"my_board":[{"card_name":"King's Elekk","card_health":2,"card_attack":3},{"card_name":"Piloted Shredder","card_health":3,"card_attack":4},{"card_name":"Loatheb","card_health":5,"card_attack":5}],"opponent_board":[{"card_name":"Shielded Minibot","card_health":2,"card_attack":2}]},{"turn":12,"cards_played":["Blessing of Kings"],"current_player":"opponent","my_health":24,"opponent_health":20,"my_armor":0,"opponent_armor":0,"my_hand":4,"opponent_hand":3,"my_board":[{"card_name":"King's Elekk","card_health":2,"card_attack":3},{"card_name":"Ancient Watcher","card_health":5,"card_attack":4}],"opponent_board":[{"card_name":"Shielded Minibot","card_health":6,"card_attack":6}]},{"turn":13,"cards_played":["Ironbeak Owl","Steady Shot"],"current_player":"me","my_health":24,"opponent_health":18,"my_armor":0,"opponent_armor":0,"my_hand":3,"opponent_hand":3,"my_board":[{"card_name":"Ironbeak Owl","card_health":1,"card_attack":2},{"card_name":"Ancient Watcher","card_health":5,"card_attack":4}],"opponent_board":[{"card_name":"Shielded Minibot","card_health":2,"card_attack":2}]},{"turn":14,"cards_played":["Sludge Belcher","Haunted Creeper"],"current_player":"opponent","my_health":22,"opponent_health":18,"my_armor":0,"opponent_armor":0,"my_hand":3,"opponent_hand":2,"my_board":[{"card_name":"Ironbeak Owl","card_health":1,"card_attack":2},{"card_name":"Ancient Watcher","card_health":5,"card_attack":4},{"card_name":"Ironfur Grizzly","card_health":3,"card_attack":3}],"opponent_board":[{"card_name":"Sludge Belcher","card_health":5,"card_attack":3},{"card_name":"Shielded Minibot","card_health":2,"card_attack":2},{"card_name":"Haunted Creeper","card_health":2,"card_attack":1}]},{"turn":15,"cards_played":["Animal Companion","Kill Command","Steady Shot"],"current_player":"me","my_health":22,"opponent_health":13,"my_armor":0,"opponent_armor":0,"my_hand":2,"opponent_hand":2,"my_board":[{"card_name":"Ancient Watcher","card_health":5,"card_attack":4},{"card_name":"Ironfur Grizzly","card_health":3,"card_attack":3},{"card_name":"Misha","card_health":4,"card_attack":4}],"opponent_board":[{"card_name":"Shielded Minibot","card_health":2,"card_attack":2},{"card_name":"Haunted Creeper","card_health":2,"card_attack":1}]},{"turn":16,"cards_played":["Consecration","Reinforce"],"current_player":"opponent","my_health":20,"opponent_health":13,"my_armor":0,"opponent_armor":0,"my_hand":2,"opponent_hand":2,"my_board":[{"card_name":"Ancient Watcher","card_health":3,"card_attack":4}],"opponent_board":[{"card_name":"Spectral Spider","card_health":1,"card_attack":1},{"card_name":"Spectral Spider","card_health":1,"card_attack":1},{"card_name":"Silver Hand Recruit","card_health":1,"card_attack":1}]},{"turn":17,"cards_played":["Savannah Highmane","Steady Shot"],"current_player":"me","my_health":20,"opponent_health":11,"my_armor":0,"opponent_armor":0,"my_hand":2,"opponent_hand":2,"my_board":[{"card_name":"Savannah Highmane","card_health":5,"card_attack":6},{"card_name":"Ancient Watcher","card_health":3,"card_attack":4}],"opponent_board":[{"card_name":"Spectral Spider","card_health":1,"card_attack":1},{"card_name":"Spectral Spider","card_health":1,"card_attack":1},{"card_name":"Silver Hand Recruit","card_health":1,"card_attack":1}]},{"turn":18,"cards_played":["Secretkeeper","Sludge Belcher","Reinforce"],"current_player":"opponent","my_health":17,"opponent_health":11,"my_armor":0,"opponent_armor":0,"my_hand":2,"opponent_hand":0,"my_board":[{"card_name":"Savannah Highmane","card_health":5,"card_attack":6},{"card_name":"Ancient Watcher","card_health":3,"card_attack":4}],"opponent_board":[{"card_name":"Secretkeeper","card_health":3,"card_attack":2},{"card_name":"Sludge Belcher","card_health":5,"card_attack":3},{"card_name":"Spectral Spider","card_health":1,"card_attack":1},{"card_name":"Spectral Spider","card_health":1,"card_attack":1},{"card_name":"Silver Hand Recruit","card_health":1,"card_attack":1},{"card_name":"Silver Hand Recruit","card_health":1,"card_attack":1}]},{"turn":19,"cards_played":["Unleash the Hounds","King's Elekk","Piloted Shredder"],"current_player":"me","my_health":17,"opponent_health":11,"my_armor":0,"opponent_armor":0,"my_hand":0,"opponent_hand":0,"my_board":[{"card_name":"Savannah Highmane","card_health":2,"card_attack":6},{"card_name":"King's Elekk","card_health":2,"card_attack":3},{"card_name":"Piloted Shredder","card_health":3,"card_attack":4},{"card_name":"Ancient Watcher","card_health":3,"card_attack":4},{"card_name":"Hound","card_health":1,"card_attack":1}],"opponent_board":[{"card_name":"Secretkeeper","card_health":3,"card_attack":2},{"card_name":"Spectral Spider","card_health":1,"card_attack":1},{"card_name":"Spectral Spider","card_health":1,"card_attack":1},{"card_name":"Silver Hand Recruit","card_health":1,"card_attack":1},{"card_name":"Silver Hand Recruit","card_health":1,"card_attack":1},{"card_name":"Slime","card_health":2,"card_attack":1}]},{"turn":20,"cards_played":["Dr. Boom","Reinforce"],"current_player":"opponent","my_health":17,"opponent_health":11,"my_armor":0,"opponent_armor":0,"my_hand":0,"opponent_hand":0,"my_board":[{"card_name":"Piloted Shredder","card_health":3,"card_attack":4},{"card_name":"Ancient Watcher","card_health":3,"card_attack":4},{"card_name":"Hyena","card_health":2,"card_attack":2}],"opponent_board":[{"card_name":"Secretkeeper","card_health":1,"card_attack":2},{"card_name":"Dr. Boom","card_health":7,"card_attack":7},{"card_name":"Slime","card_health":1,"card_attack":1},{"card_name":"Boom Bot","card_health":1,"card_attack":1},{"card_name":"Boom Bot","card_health":1,"card_attack":1},{"card_name":"Silver Hand Recruit","card_health":1,"card_attack":1}]},{"turn":21,"cards_played":["Savannah Highmane","Steady Shot"],"current_player":"me","my_health":17,"opponent_health":5,"my_armor":0,"opponent_armor":0,"my_hand":0,"opponent_hand":0,"my_board":[{"card_name":"Savannah Highmane","card_health":5,"card_attack":6},{"card_name":"Piloted Shredder","card_health":3,"card_attack":4},{"card_name":"Ancient Watcher","card_health":3,"card_attack":4},{"card_name":"Hyena","card_health":1,"card_attack":2}],"opponent_board":[{"card_name":"Secretkeeper","card_health":1,"card_attack":2},{"card_name":"Dr. Boom","card_health":7,"card_attack":7},{"card_name":"Boom Bot","card_health":1,"card_attack":1},{"card_name":"Boom Bot","card_health":1,"card_attack":1},{"card_name":"Silver Hand Recruit","card_health":1,"card_attack":1}]},{"turn":22,"cards_played":["Mysterious Challenger","Reinforce"],"current_player":"opponent","my_health":16,"opponent_health":5,"my_armor":0,"opponent_armor":0,"my_hand":0,"opponent_hand":0,"my_board":[{"card_name":"Ancient Watcher","card_health":3,"card_attack":4},{"card_name":"Hyena","card_health":2,"card_attack":2},{"card_name":"Hyena","card_health":2,"card_attack":2}],"opponent_board":[{"card_name":"Mysterious Challenger","card_health":6,"card_attack":6},{"card_name":"Dr. Boom","card_health":1,"card_attack":7},{"card_name":"Silver Hand Recruit","card_health":1,"card_attack":1},{"card_name":"Silver Hand Recruit","card_health":1,"card_attack":1}]},{"turn":23,"cards_played":["Houndmaster"],"current_player":"me","my_health":16,"opponent_health":5,"my_armor":0,"opponent_armor":0,"my_hand":0,"opponent_hand":0,"my_board":[{"card_name":"Houndmaster","card_health":3,"card_attack":4},{"card_name":"Ancient Watcher","card_health":3,"card_attack":4},{"card_name":"Hyena","card_health":2,"card_attack":2},{"card_name":"Hyena","card_health":4,"card_attack":4}],"opponent_board":[{"card_name":"Mysterious Challenger","card_health":6,"card_attack":6},{"card_name":"Dr. Boom","card_health":1,"card_attack":7},{"card_name":"Silver Hand Recruit","card_health":1,"card_attack":1},{"card_name":"Silver Hand Recruit","card_health":1,"card_attack":1}]}],"result":"victory"}