{"plays":[{"turn":1,"cards_played":[],"current_player":"opponent","my_health":30,"opponent_health":0,"my_armor":0,"opponent_armor":0,"my_hand":1,"opponent_hand":0,"my_board":[],"opponent_board":[]},{"turn":2,"cards_played":["Argent Squire"],"current_player":"opponent","my_health":30,"opponent_health":30,"my_armor":0,"opponent_armor":0,"my_hand":4,"opponent_hand":5,"my_board":[],"opponent_board":[{"card_name":"Argent Squire","card_health":1,"card_attack":1}]},{"turn":3,"cards_played":["Loot Hoarder"],"current_player":"me","my_health":30,"opponent_health":30,"my_armor":0,"opponent_armor":0,"my_hand":4,"opponent_hand":5,"my_board":[{"card_name":"Loot Hoarder","card_health":1,"card_attack":2}],"opponent_board":[{"card_name":"Argent Squire","card_health":1,"card_attack":1}]},{"turn":4,"cards_played":["Shielded Minibot"],"current_player":"opponent","my_health":30,"opponent_health":30,"my_armor":0,"opponent_armor":0,"my_hand":5,"opponent_hand":5,"my_board":[],"opponent_board":[{"card_name":"Shielded Minibot","card_health":2,"card_attack":2},{"card_name":"Argent Squire","card_health":1,"card_attack":1}]},{"turn":5,"cards_played":["Dragonhawk Rider"],"current_player":"me","my_health":30,"opponent_health":30,"my_armor":0,"opponent_armor":0,"my_hand":5,"opponent_hand":5,"my_board":[{"card_name":"Dragonhawk Rider","card_health":3,"card_attack":3}],"opponent_board":[{"card_name":"Shielded Minibot","card_health":2,"card_attack":2},{"card_name":"Argent Squire","card_health":1,"card_attack":1}]},{"turn":6,"cards_played":["Sword of Justice"],"current_player":"opponent","my_health":29,"opponent_health":27,"my_armor":0,"opponent_armor":0,"my_hand":5,"opponent_hand":5,"my_board":[],"opponent_board":[{"card_name":"Shielded Minibot","card_health":2,"card_attack":2},{"card_name":"Argent Squire","card_health":1,"card_attack":1}]},{"turn":7,"cards_played":["Animal Companion","Abusive Sergeant"],"current_player":"me","my_health":29,"opponent_health":27,"my_armor":0,"opponent_armor":0,"my_hand":4,"opponent_hand":5,"my_board":[{"card_name":"Abusive Sergeant","card_health":1,"card_attack":3},{"card_name":"Leokk","card_health":4,"card_attack":2}],"opponent_board":[{"card_name":"Shielded Minibot","card_health":2,"card_attack":2},{"card_name":"Argent Squire","card_health":1,"card_attack":1}]},{"turn":8,"cards_played":["Defender of Argus","The Coin","Cogmaster"],"current_player":"opponent","my_health":29,"opponent_health":25,"my_armor":0,"opponent_armor":0,"my_hand":4,"opponent_hand":3,"my_board":[],"opponent_board":[{"card_name":"Defender of Argus","card_health":4,"card_attack":3},{"card_name":"Shielded Minibot","card_health":1,"card_attack":3},{"card_name":"Cogmaster","card_health":2,"card_attack":3}]},{"turn":9,"cards_played":["Raging Worgen","Webspinner"],"current_player":"me","my_health":29,"opponent_health":25,"my_armor":0,"opponent_armor":0,"my_hand":3,"opponent_hand":3,"my_board":[{"card_name":"Webspinner","card_health":1,"card_attack":1},{"card_name":"Raging Worgen","card_health":3,"card_attack":3}],"opponent_board":[{"card_name":"Defender of Argus","card_health":4,"card_attack":3},{"card_name":"Shielded Minibot","card_health":1,"card_attack":3},{"card_name":"Cogmaster","card_health":3,"card_attack":4}]},{"turn":10,"cards_played":["Cult Master"],"current_player":"opponent","my_health":26,"opponent_health":25,"my_armor":0,"opponent_armor":0,"my_hand":4,"opponent_hand":4,"my_board":[],"opponent_board":[{"card_name":"Defender of Argus","card_health":4,"card_attack":3},{"card_name":"Cult Master","card_health":3,"card_attack":5},{"card_name":"Cogmaster","card_health":2,"card_attack":2}]},{"turn":11,"cards_played":["Savannah Highmane"],"current_player":"me","my_health":26,"opponent_health":25,"my_armor":0,"opponent_armor":0,"my_hand":4,"opponent_hand":4,"my_board":[{"card_name":"Savannah Highmane","card_health":5,"card_attack":6}],"opponent_board":[{"card_name":"Defender of Argus","card_health":4,"card_attack":3},{"card_name":"Cult Master","card_health":3,"card_attack":5},{"card_name":"Cogmaster","card_health":2,"card_attack":2}]},{"turn":12,"cards_played":["Master Jouster"],"current_player":"opponent","my_health":16,"opponent_health":25,"my_armor":0,"opponent_armor":0,"my_hand":4,"opponent_hand":4,"my_board":[{"card_name":"Savannah Highmane","card_health":5,"card_attack":6}],"opponent_board":[{"card_name":"Defender of Argus","card_health":4,"card_attack":3},{"card_name":"Cult Master","card_health":3,"card_attack":5},{"card_name":"Master Jouster","card_health":6,"card_attack":5},{"card_name":"Cogmaster","card_health":2,"card_attack":2}]},{"turn":13,"cards_played":["Emperor Cobra","Faerie Dragon","Steady Shot"],"current_player":"me","my_health":16,"opponent_health":23,"my_armor":0,"opponent_armor":0,"my_hand":3,"opponent_hand":4,"my_board":[{"card_name":"Savannah Highmane","card_health":5,"card_attack":6},{"card_name":"Faerie Dragon","card_health":2,"card_attack":3},{"card_name":"Emperor Cobra","card_health":3,"card_attack":2}],"opponent_board":[{"card_name":"Defender of Argus","card_health":4,"card_attack":3},{"card_name":"Cult Master","card_health":3,"card_attack":5},{"card_name":"Master Jouster","card_health":6,"card_attack":5},{"card_name":"Cogmaster","card_health":2,"card_attack":2}]},{"turn":14,"cards_played":["Dragon Consort","Reinforce"],"current_player":"opponent","my_health":1,"opponent_health":23,"my_armor":0,"opponent_armor":0,"my_hand":3,"opponent_hand":4,"my_board":[{"card_name":"Savannah Highmane","card_health":5,"card_attack":6},{"card_name":"Faerie Dragon","card_health":2,"card_attack":3},{"card_name":"Emperor Cobra","card_health":3,"card_attack":2}],"opponent_board":[{"card_name":"Defender of Argus","card_health":4,"card_attack":3},{"card_name":"Dragon Consort","card_health":5,"card_attack":5},{"card_name":"Cult Master","card_health":3,"card_attack":5},{"card_name":"Master Jouster","card_health":6,"card_attack":5},{"card_name":"Cogmaster","card_health":2,"card_attack":2},{"card_name":"Silver Hand Recruit","card_health":1,"card_attack":1}]},{"turn":15,"cards_played":["Mind Control Tech","Raid Leader","Steady Shot"],"current_player":"me","my_health":1,"opponent_health":14,"my_armor":0,"opponent_armor":0,"my_hand":2,"opponent_hand":5,"my_board":[{"card_name":"Mind Control Tech","card_health":3,"card_attack":4},{"card_name":"Raid Leader","card_health":2,"card_attack":2},{"card_name":"Savannah Highmane","card_health":5,"card_attack":7},{"card_name":"Dragon Consort","card_health":5,"card_attack":6}],"opponent_board":[{"card_name":"Defender of Argus","card_health":4,"card_attack":3},{"card_name":"Cult Master","card_health":3,"card_attack":5},{"card_name":"Cogmaster","card_health":2,"card_attack":2},{"card_name":"Silver Hand Recruit","card_health":1,"card_attack":1}]},{"turn":16,"cards_played":[],"current_player":"opponent","my_health":0,"opponent_health":14,"my_armor":0,"opponent_armor":0,"my_hand":2,"opponent_hand":6,"my_board":[{"card_name":"Mind Control Tech","card_health":3,"card_attack":4},{"card_name":"Raid Leader","card_health":2,"card_attack":2},{"card_name":"Savannah Highmane","card_health":5,"card_attack":7},{"card_name":"Dragon Consort","card_health":5,"card_attack":6}],"opponent_board":[{"card_name":"Defender of Argus","card_health":4,"card_attack":3},{"card_name":"Cult Master","card_health":3,"card_attack":5},{"card_name":"Cogmaster","card_health":2,"card_attack":2},{"card_name":"Silver Hand Recruit","card_health":1,"card_attack":1}]}],"result":"defeat"}