{"plays":[{"turn":1,"cards_played":[],"current_player":"me","my_health":0,"opponent_health":30,"my_armor":0,"opponent_armor":0,"my_hand":0,"opponent_hand":1,"my_board":[],"opponent_board":[]},{"turn":2,"cards_played":["The Coin","Haunted Creeper"],"current_player":"me","my_health":30,"opponent_health":30,"my_armor":0,"opponent_armor":0,"my_hand":4,"opponent_hand":4,"my_board":[{"card_name":"Haunted Creeper","card_health":2,"card_attack":1}],"opponent_board":[]},{"turn":3,"cards_played":["Armor Up!"],"current_player":"opponent","my_health":30,"opponent_health":30,"my_armor":0,"opponent_armor":2,"my_hand":4,"opponent_hand":5,"my_board":[{"card_name":"Haunted Creeper","card_health":2,"card_attack":1}],"opponent_board":[]},{"turn":4,"cards_played":["Steady Shot"],"current_player":"me","my_health":30,"opponent_health":29,"my_armor":0,"opponent_armor":0,"my_hand":5,"opponent_hand":5,"my_board":[{"card_name":"Haunted Creeper","card_health":2,"card_attack":1}],"opponent_board":[]},{"turn":5,"cards_played":["Acolyte of Pain"],"current_player":"opponent","my_health":30,"opponent_health":29,"my_armor":0,"opponent_armor":0,"my_hand":5,"opponent_hand":5,"my_board":[{"card_name":"Haunted Creeper","card_health":2,"card_attack":1}],"opponent_board":[{"card_name":"Acolyte of Pain","card_health":3,"card_attack":1}]},{"turn":6,"cards_played":["Animal Companion"],"current_player":"me","my_health":30,"opponent_health":24,"my_armor":0,"opponent_armor":0,"my_hand":5,"opponent_hand":5,"my_board":[{"card_name":"Haunted Creeper","card_health":2,"card_attack":1},{"card_name":"Huffer","card_health":2,"card_attack":4}],"opponent_board":[{"card_name":"Acolyte of Pain","card_health":3,"card_attack":1}]},{"turn":7,"cards_played":["Fiery War Axe","Armor Up!"],"current_player":"opponent","my_health":30,"opponent_health":20,"my_armor":0,"opponent_armor":2,"my_hand":5,"opponent_hand":6,"my_board":[{"card_name":"Haunted Creeper","card_health":1,"card_attack":1}],"opponent_board":[{"card_name":"Acolyte of Pain","card_health":2,"card_attack":1}]},{"turn":8,"cards_played":["Animal Companion","Clockwork Gnome"],"current_player":"me","my_health":30,"opponent_health":20,"my_armor":0,"opponent_armor":2,"my_hand":4,"opponent_hand":7,"my_board":[{"card_name":"Clockwork Gnome","card_health":1,"card_attack":3},{"card_name":"Leokk","card_health":4,"card_attack":2},{"card_name":"Spectral Spider","card_health":1,"card_attack":1},{"card_name":"Spectral Spider","card_health":1,"card_attack":1}],"opponent_board":[]},{"turn":9,"cards_played":["Brawl"],"current_player":"opponent","my_health":30,"opponent_health":20,"my_armor":0,"opponent_armor":0,"my_hand":5,"opponent_hand":7,"my_board":[],"opponent_board":[]},{"turn":10,"cards_played":["Piloted Shredder"],"current_player":"me","my_health":30,"opponent_health":20,"my_armor":0,"opponent_armor":0,"my_hand":5,"opponent_hand":7,"my_board":[{"card_name":"Piloted Shredder","card_health":3,"card_attack":4}],"opponent_board":[]},{"turn":11,"cards_played":["Justicar Trueheart"],"current_player":"opponent","my_health":30,"opponent_health":20,"my_armor":0,"opponent_armor":0,"my_hand":5,"opponent_hand":7,"my_board":[{"card_name":"Piloted Shredder","card_health":3,"card_attack":4}],"opponent_board":[{"card_name":"Justicar Trueheart","card_health":3,"card_attack":6}]},{"turn":12,"cards_played":["Lock and Load","Flare","Emergency Coolant","Hunter's Mark"],"current_player":"me","my_health":30,"opponent_health":20,"my_armor":0,"opponent_armor":0,"my_hand":6,"opponent_hand":7,"my_board":[{"card_name":"Shadowboxer","card_health":3,"card_attack":2}],"opponent_board":[]},{"turn":13,"cards_played":["Death's Bite","Tank Up!"],"current_player":"opponent","my_health":30,"opponent_health":18,"my_armor":0,"opponent_armor":4,"my_hand":6,"opponent_hand":7,"my_board":[],"opponent_board":[]},{"turn":14,"cards_played":["Tundra Rhino","Steady Shot"],"current_player":"me","my_health":30,"opponent_health":18,"my_armor":0,"opponent_armor":0,"my_hand":6,"opponent_hand":7,"my_board":[{"card_name":"Tundra Rhino","card_health":5,"card_attack":2}],"opponent_board":[]},{"turn":15,"cards_played":["Grand Crusader","Tank Up!"],"current_player":"opponent","my_health":30,"opponent_health":16,"my_armor":0,"opponent_armor":4,"my_hand":6,"opponent_hand":8,"my_board":[],"opponent_board":[{"card_name":"Grand Crusader","card_health":5,"card_attack":5}]},{"turn":16,"cards_played":["Knife Juggler","Knife Juggler","Mad Scientist"],"current_player":"me","my_health":30,"opponent_health":16,"my_armor":0,"opponent_armor":3,"my_hand":3,"opponent_hand":8,"my_board":[{"card_name":"Knife Juggler","card_health":2,"card_attack":3},{"card_name":"Mad Scientist","card_health":2,"card_attack":2},{"card_name":"Knife Juggler","card_health":2,"card_attack":3}],"opponent_board":[{"card_name":"Grand Crusader","card_health":3,"card_attack":5}]},{"turn":17,"cards_played":["Fencing Coach","Brawl","Tank Up!"],"current_player":"opponent","my_health":30,"opponent_health":16,"my_armor":0,"opponent_armor":7,"my_hand":3,"opponent_hand":8,"my_board":[{"card_name":"Mad Scientist","card_health":2,"card_attack":2}],"opponent_board":[]},{"turn":18,"cards_played":["Steady Shot","Quick Shot"],"current_player":"me","my_health":30,"opponent_health":16,"my_armor":0,"opponent_armor":3,"my_hand":3,"opponent_hand":8,"my_board":[{"card_name":"Mad Scientist","card_health":2,"card_attack":2}],"opponent_board":[]},{"turn":19,"cards_played":["Grand Crusader","Tank Up!"],"current_player":"opponent","my_health":30,"opponent_health":16,"my_armor":0,"opponent_armor":4,"my_hand":3,"opponent_hand":9,"my_board":[{"card_name":"Mad Scientist","card_health":2,"card_attack":2}],"opponent_board":[{"card_name":"Grand Crusader","card_health":5,"card_attack":5}]},{"turn":20,"cards_played":["Acidmaw","Kill Command"],"current_player":"me","my_health":30,"opponent_health":16,"my_armor":0,"opponent_armor":4,"my_hand":2,"opponent_hand":9,"my_board":[{"card_name":"Acidmaw","card_health":2,"card_attack":4}],"opponent_board":[]},{"turn":21,"cards_played":["Kodorider","Tank Up!"],"current_player":"opponent","my_health":30,"opponent_health":15,"my_armor":0,"opponent_armor":4,"my_hand":2,"opponent_hand":8,"my_board":[{"card_name":"Acidmaw","card_health":2,"card_attack":4}],"opponent_board":[{"card_name":"Kodorider","card_health":5,"card_attack":3},{"card_name":"War Kodo","card_health":5,"card_attack":3}]},{"turn":22,"cards_played":["Eaglehorn Bow","Unleash the Hounds","Quick Shot","Steady Shot"],"current_player":"me","my_health":30,"opponent_health":7,"my_armor":0,"opponent_armor":0,"my_hand":1,"opponent_hand":8,"my_board":[{"card_name":"Acidmaw","card_health":2,"card_attack":4}],"opponent_board":[]},{"turn":23,"cards_played":["Tank Up!","Shield Slam","Shield Block","Fiery War Axe"],"current_player":"opponent","my_health":27,"opponent_health":7,"my_armor":0,"opponent_armor":7,"my_hand":1,"opponent_hand":7,"my_board":[],"opponent_board":[]},{"turn":24,"cards_played":["Piloted Shredder","Steady Shot"],"current_player":"me","my_health":27,"opponent_health":7,"my_armor":0,"opponent_armor":2,"my_hand":1,"opponent_hand":7,"my_board":[{"card_name":"Piloted Shredder","card_health":3,"card_attack":4}],"opponent_board":[]},{"turn":25,"cards_played":["Nexus-Champion Saraad","Tank Up!","Fencing Coach"],"current_player":"opponent","my_health":27,"opponent_health":5,"my_armor":0,"opponent_armor":4,"my_hand":1,"opponent_hand":7,"my_board":[{"card_name":"Frostwolf Grunt","card_health":2,"card_attack":2}],"opponent_board":[{"card_name":"Fencing Coach","card_health":2,"card_attack":2},{"card_name":"Nexus-Champion Saraad","card_health":5,"card_attack":4}]},{"turn":26,"cards_played":["Steady Shot"],"current_player":"me","my_health":27,"opponent_health":2,"my_armor":0,"opponent_armor":0,"my_hand":2,"opponent_hand":7,"my_board":[{"card_name":"Frostwolf Grunt","card_health":2,"card_attack":2}],"opponent_board":[{"card_name":"Fencing Coach","card_health":2,"card_attack":2},{"card_name":"Nexus-Champion Saraad","card_health":5,"card_attack":4}]},{"turn":27,"cards_played":["Tirion Fordring","Tank Up!"],"current_player":"opponent","my_health":22,"opponent_health":2,"my_armor":0,"opponent_armor":4,"my_hand":2,"opponent_hand":8,"my_board":[],"opponent_board":[{"card_name":"Fencing Coach","card_health":1,"card_attack":3},{"card_name":"Nexus-Champion Saraad","card_health":6,"card_attack":5},{"card_name":"Tirion Fordring","card_health":6,"card_attack":6}]},{"turn":28,"cards_played":["Haunted Creeper","Steady Shot"],"current_player":"me","my_health":22,"opponent_health":2,"my_armor":0,"opponent_armor":2,"my_hand":2,"opponent_hand":8,"my_board":[{"card_name":"Haunted Creeper","card_health":2,"card_attack":1}],"opponent_board":[{"card_name":"Fencing Coach","card_health":1,"card_attack":3},{"card_name":"Nexus-Champion Saraad","card_health":6,"card_attack":5},{"card_name":"Tirion Fordring","card_health":6,"card_attack":6}]},{"turn":29,"cards_played":["Tank Up!","Seal of Champions","Death's Bite"],"current_player":"opponent","my_health":1,"opponent_health":2,"my_armor":0,"opponent_armor":6,"my_hand":2,"opponent_hand":8,"my_board":[{"card_name":"Haunted Creeper","card_health":2,"card_attack":1}],"opponent_board":[{"card_name":"Fencing Coach","card_health":1,"card_attack":3},{"card_name":"Nexus-Champion Saraad","card_health":6,"card_attack":8},{"card_name":"Tirion Fordring","card_health":6,"card_attack":6}]},{"turn":30,"cards_played":["Tracking","Lock and Load","Hunter's Mark","Kill Command","Eaglehorn Bow"],"current_player":"me","my_health":-5,"opponent_health":2,"my_armor":0,"opponent_armor":1,"my_hand":1,"opponent_hand":8,"my_board":[],"opponent_board":[{"card_name":"Nexus-Champion Saraad","card_health":6,"card_attack":8}]}],"result":"defeat"}