{"plays":[{"turn":1,"cards_played":[],"current_player":"me","my_health":0,"opponent_health":30,"my_armor":0,"opponent_armor":0,"my_hand":0,"opponent_hand":1,"my_board":[],"opponent_board":[]},{"turn":2,"cards_played":["Webspinner"],"current_player":"me","my_health":30,"opponent_health":30,"my_armor":0,"opponent_armor":0,"my_hand":5,"opponent_hand":4,"my_board":[{"card_name":"Webspinner","card_health":1,"card_attack":1}],"opponent_board":[]},{"turn":3,"cards_played":["Sorcerer's Apprentice"],"current_player":"opponent","my_health":30,"opponent_health":30,"my_armor":0,"opponent_armor":0,"my_hand":5,"opponent_hand":4,"my_board":[{"card_name":"Webspinner","card_health":1,"card_attack":1}],"opponent_board":[{"card_name":"Sorcerer's Apprentice","card_health":2,"card_attack":3}]},{"turn":4,"cards_played":["The Coin","Eaglehorn Bow"],"current_player":"me","my_health":27,"opponent_health":29,"my_armor":0,"opponent_armor":0,"my_hand":4,"opponent_hand":4,"my_board":[{"card_name":"Webspinner","card_health":1,"card_attack":1}],"opponent_board":[]},{"turn":5,"cards_played":["Fireblast","Fireblast"],"current_player":"opponent","my_health":27,"opponent_health":29,"my_armor":0,"opponent_armor":0,"my_hand":5,"opponent_hand":5,"my_board":[],"opponent_board":[]},{"turn":6,"cards_played":["Haunted Creeper"],"current_player":"me","my_health":27,"opponent_health":29,"my_armor":0,"opponent_armor":0,"my_hand":5,"opponent_hand":5,"my_board":[{"card_name":"Haunted Creeper","card_health":2,"card_attack":1}],"opponent_board":[]},{"turn":7,"cards_played":["Sorcerer's Apprentice","Fireblast","Fireblast"],"current_player":"opponent","my_health":27,"opponent_health":29,"my_armor":0,"opponent_armor":0,"my_hand":5,"opponent_hand":5,"my_board":[{"card_name":"Haunted Creeper","card_health":1,"card_attack":1}],"opponent_board":[{"card_name":"Sorcerer's Apprentice","card_health":2,"card_attack":3}]},{"turn":8,"cards_played":["Knife Juggler","Mad Scientist"],"current_player":"me","my_health":27,"opponent_health":28,"my_armor":0,"opponent_armor":0,"my_hand":4,"opponent_hand":5,"my_board":[{"card_name":"Knife Juggler","card_health":2,"card_attack":3},{"card_name":"Mad Scientist","card_health":2,"card_attack":2},{"card_name":"Spectral Spider","card_health":1,"card_attack":1},{"card_name":"Spectral Spider","card_health":1,"card_attack":1}],"opponent_board":[]},{"turn":9,"cards_played":["Flamewaker","Arcane Missiles","Arcane Missiles"],"current_player":"opponent","my_health":21,"opponent_health":27,"my_armor":0,"opponent_armor":0,"my_hand":4,"opponent_hand":3,"my_board":[{"card_name":"Knife Juggler","card_health":1,"card_attack":3},{"card_name":"Mad Scientist","card_health":1,"card_attack":2}],"opponent_board":[{"card_name":"Flamewaker","card_health":4,"card_attack":2}]},{"turn":10,"cards_played":["Stranglethorn Tiger"],"current_player":"me","my_health":21,"opponent_health":25,"my_armor":0,"opponent_armor":0,"my_hand":4,"opponent_hand":3,"my_board":[{"card_name":"Mad Scientist","card_health":1,"card_attack":2},{"card_name":"Stranglethorn Tiger","card_health":5,"card_attack":5}],"opponent_board":[]},{"turn":11,"cards_played":["Unstable Portal","Unstable Portal","Fireblast","Fireblast","Cogmaster"],"current_player":"opponent","my_health":21,"opponent_health":25,"my_armor":0,"opponent_armor":0,"my_hand":4,"opponent_hand":3,"my_board":[{"card_name":"Stranglethorn Tiger","card_health":5,"card_attack":5}],"opponent_board":[{"card_name":"Cogmaster","card_health":2,"card_attack":1}]},{"turn":12,"cards_played":["Houndmaster","Haunted Creeper"],"current_player":"me","my_health":21,"opponent_health":18,"my_armor":0,"opponent_armor":0,"my_hand":3,"opponent_hand":3,"my_board":[{"card_name":"Haunted Creeper","card_health":2,"card_attack":1},{"card_name":"Houndmaster","card_health":3,"card_attack":4},{"card_name":"Stranglethorn Tiger","card_health":7,"card_attack":7}],"opponent_board":[{"card_name":"Cogmaster","card_health":2,"card_attack":1}]},{"turn":13,"cards_played":["Dr. Boom"],"current_player":"opponent","my_health":21,"opponent_health":18,"my_armor":0,"opponent_armor":0,"my_hand":3,"opponent_hand":4,"my_board":[{"card_name":"Haunted Creeper","card_health":2,"card_attack":1},{"card_name":"Houndmaster","card_health":3,"card_attack":4},{"card_name":"Stranglethorn Tiger","card_health":7,"card_attack":7}],"opponent_board":[{"card_name":"Dr. Boom","card_health":7,"card_attack":7},{"card_name":"Boom Bot","card_health":1,"card_attack":1},{"card_name":"Boom Bot","card_health":1,"card_attack":1}]},{"turn":14,"cards_played":["Steady Shot","Antique Healbot"],"current_player":"me","my_health":21,"opponent_health":1,"my_armor":0,"opponent_armor":0,"my_hand":3,"opponent_hand":4,"my_board":[{"card_name":"Antique Healbot","card_health":3,"card_attack":3},{"card_name":"Haunted Creeper","card_health":2,"card_attack":1},{"card_name":"Houndmaster","card_health":3,"card_attack":4},{"card_name":"Stranglethorn Tiger","card_health":7,"card_attack":7}],"opponent_board":[{"card_name":"Dr. Boom","card_health":7,"card_attack":7},{"card_name":"Boom Bot","card_health":1,"card_attack":1},{"card_name":"Boom Bot","card_health":1,"card_attack":1}]},{"turn":15,"cards_played":[],"current_player":"opponent","my_health":29,"opponent_health":1,"my_armor":0,"opponent_armor":0,"my_hand":3,"opponent_hand":5,"my_board":[{"card_name":"Antique Healbot","card_health":3,"card_attack":3},{"card_name":"Haunted Creeper","card_health":2,"card_attack":1},{"card_name":"Houndmaster","card_health":3,"card_attack":4},{"card_name":"Stranglethorn Tiger","card_health":7,"card_attack":7}],"opponent_board":[{"card_name":"Dr. Boom","card_health":7,"card_attack":7},{"card_name":"Boom Bot","card_health":1,"card_attack":1},{"card_name":"Boom Bot","card_health":1,"card_attack":1}]}],"result":"victory"}