{"plays":[{"turn":1,"cards_played":[],"current_player":"opponent","my_health":30,"opponent_health":0,"my_armor":0,"opponent_armor":0,"my_hand":1,"opponent_hand":0,"my_board":[],"opponent_board":[]},{"turn":2,"cards_played":[],"current_player":"me","my_health":30,"opponent_health":30,"my_armor":0,"opponent_armor":0,"my_hand":6,"opponent_hand":4,"my_board":[],"opponent_board":[]},{"turn":3,"cards_played":["Wyrmrest Agent"],"current_player":"opponent","my_health":30,"opponent_health":30,"my_armor":0,"opponent_armor":0,"my_hand":6,"opponent_hand":4,"my_board":[],"opponent_board":[{"card_name":"Wyrmrest Agent","card_health":4,"card_attack":1}]},{"turn":4,"cards_played":["The Coin","Animal Companion"],"current_player":"me","my_health":30,"opponent_health":30,"my_armor":0,"opponent_armor":0,"my_hand":5,"opponent_hand":4,"my_board":[{"card_name":"Misha","card_health":4,"card_attack":4}],"opponent_board":[{"card_name":"Wyrmrest Agent","card_health":4,"card_attack":2}]},{"turn":5,"cards_played":["Twilight Whelp"],"current_player":"opponent","my_health":30,"opponent_health":30,"my_armor":0,"opponent_armor":0,"my_hand":5,"opponent_hand":4,"my_board":[{"card_name":"Misha","card_health":4,"card_attack":4}],"opponent_board":[{"card_name":"Wyrmrest Agent","card_health":4,"card_attack":2},{"card_name":"Twilight Whelp","card_health":1,"card_attack":2}]},{"turn":6,"cards_played":["Eaglehorn Bow"],"current_player":"me","my_health":28,"opponent_health":30,"my_armor":0,"opponent_armor":0,"my_hand":5,"opponent_hand":4,"my_board":[{"card_name":"Misha","card_health":2,"card_attack":4}],"opponent_board":[]},{"turn":7,"cards_played":["Twilight Guardian"],"current_player":"opponent","my_health":28,"opponent_health":30,"my_armor":0,"opponent_armor":0,"my_hand":5,"opponent_hand":4,"my_board":[{"card_name":"Misha","card_health":2,"card_attack":4}],"opponent_board":[{"card_name":"Twilight Guardian","card_health":6,"card_attack":2}]},{"turn":8,"cards_played":["Hunter's Mark","Piloted Shredder"],"current_player":"me","my_health":25,"opponent_health":26,"my_armor":0,"opponent_armor":0,"my_hand":4,"opponent_hand":4,"my_board":[{"card_name":"Piloted Shredder","card_health":3,"card_attack":4},{"card_name":"Misha","card_health":2,"card_attack":4}],"opponent_board":[]},{"turn":9,"cards_played":["Azure Drake"],"current_player":"opponent","my_health":25,"opponent_health":26,"my_armor":0,"opponent_armor":0,"my_hand":4,"opponent_hand":5,"my_board":[{"card_name":"Piloted Shredder","card_health":3,"card_attack":4},{"card_name":"Misha","card_health":2,"card_attack":4}],"opponent_board":[{"card_name":"Azure Drake","card_health":4,"card_attack":4}]},{"turn":10,"cards_played":["Loatheb"],"current_player":"me","my_health":25,"opponent_health":22,"my_armor":0,"opponent_armor":0,"my_hand":4,"opponent_hand":5,"my_board":[{"card_name":"Loatheb","card_health":5,"card_attack":5},{"card_name":"Misha","card_health":2,"card_attack":4},{"card_name":"Flame Juggler","card_health":3,"card_attack":2}],"opponent_board":[]},{"turn":11,"cards_played":["Sylvanas Windrunner"],"current_player":"opponent","my_health":25,"opponent_health":22,"my_armor":0,"opponent_armor":0,"my_hand":4,"opponent_hand":5,"my_board":[{"card_name":"Loatheb","card_health":5,"card_attack":5},{"card_name":"Misha","card_health":2,"card_attack":4},{"card_name":"Flame Juggler","card_health":3,"card_attack":2}],"opponent_board":[{"card_name":"Sylvanas Windrunner","card_health":5,"card_attack":5}]},{"turn":12,"cards_played":["Animal Companion","King's Elekk"],"current_player":"me","my_health":25,"opponent_health":8,"my_armor":0,"opponent_armor":0,"my_hand":4,"opponent_hand":5,"my_board":[{"card_name":"King's Elekk","card_health":2,"card_attack":4},{"card_name":"Loatheb","card_health":5,"card_attack":6},{"card_name":"Misha","card_health":2,"card_attack":5},{"card_name":"Flame Juggler","card_health":3,"card_attack":3},{"card_name":"Leokk","card_health":4,"card_attack":2}],"opponent_board":[{"card_name":"Sylvanas Windrunner","card_health":5,"card_attack":5}]},{"turn":13,"cards_played":["Chillmaw"],"current_player":"opponent","my_health":25,"opponent_health":8,"my_armor":0,"opponent_armor":0,"my_hand":4,"opponent_hand":5,"my_board":[{"card_name":"King's Elekk","card_health":2,"card_attack":4},{"card_name":"Loatheb","card_health":5,"card_attack":6},{"card_name":"Flame Juggler","card_health":3,"card_attack":3},{"card_name":"Leokk","card_health":4,"card_attack":2}],"opponent_board":[{"card_name":"Chillmaw","card_health":6,"card_attack":6}]},{"turn":14,"cards_played":["Kill Command","Eaglehorn Bow"],"current_player":"me","my_health":25,"opponent_health":0,"my_armor":0,"opponent_armor":0,"my_hand":3,"opponent_hand":5,"my_board":[{"card_name":"Leokk","card_health":1,"card_attack":2}],"opponent_board":[{"card_name":"Loatheb","card_health":2,"card_attack":5}]}],"result":"victory"}