{"plays":[{"turn":1,"cards_played":[],"current_player":"opponent","my_health":30,"opponent_health":0,"my_armor":0,"opponent_armor":0,"my_hand":1,"opponent_hand":0,"my_board":[],"opponent_board":[]},{"turn":2,"cards_played":["Webspinner","The Coin","Darnassus Aspirant","Innervate","Haunted Creeper"],"current_player":"opponent","my_health":30,"opponent_health":30,"my_armor":0,"opponent_armor":0,"my_hand":3,"opponent_hand":2,"my_board":[{"card_name":"Webspinner","card_health":1,"card_attack":1}],"opponent_board":[{"card_name":"Haunted Creeper","card_health":2,"card_attack":1},{"card_name":"Darnassus Aspirant","card_health":3,"card_attack":2}]},{"turn":3,"cards_played":["Mad Scientist","Hunter's Mark"],"current_player":"me","my_health":30,"opponent_health":30,"my_armor":0,"opponent_armor":0,"my_hand":3,"opponent_hand":2,"my_board":[{"card_name":"Mad Scientist","card_health":2,"card_attack":2}],"opponent_board":[{"card_name":"Haunted Creeper","card_health":2,"card_attack":1}]},{"turn":4,"cards_played":["Shapeshift"],"current_player":"opponent","my_health":30,"opponent_health":29,"my_armor":0,"opponent_armor":0,"my_hand":3,"opponent_hand":3,"my_board":[],"opponent_board":[{"card_name":"Spectral Spider","card_health":1,"card_attack":1},{"card_name":"Spectral Spider","card_health":1,"card_attack":1}]},{"turn":5,"cards_played":["Steady Shot"],"current_player":"me","my_health":30,"opponent_health":27,"my_armor":0,"opponent_armor":0,"my_hand":4,"opponent_hand":3,"my_board":[],"opponent_board":[{"card_name":"Spectral Spider","card_health":1,"card_attack":1},{"card_name":"Spectral Spider","card_health":1,"card_attack":1}]},{"turn":6,"cards_played":["Living Roots","Power of the Wild"],"current_player":"opponent","my_health":29,"opponent_health":27,"my_armor":0,"opponent_armor":0,"my_hand":4,"opponent_hand":2,"my_board":[{"card_name":"Ironfur Grizzly","card_health":3,"card_attack":3}],"opponent_board":[{"card_name":"Spectral Spider","card_health":1,"card_attack":1},{"card_name":"Spectral Spider","card_health":1,"card_attack":1},{"card_name":"Sapling","card_health":1,"card_attack":1},{"card_name":"Sapling","card_health":1,"card_attack":1}]},{"turn":7,"cards_played":["Steady Shot"],"current_player":"me","my_health":29,"opponent_health":22,"my_armor":0,"opponent_armor":0,"my_hand":4,"opponent_hand":2,"my_board":[{"card_name":"Ironfur Grizzly","card_health":3,"card_attack":3}],"opponent_board":[{"card_name":"Spectral Spider","card_health":2,"card_attack":2},{"card_name":"Spectral Spider","card_health":2,"card_attack":2},{"card_name":"Sapling","card_health":2,"card_attack":2},{"card_name":"Sapling","card_health":2,"card_attack":2}]},{"turn":8,"cards_played":[],"current_player":"opponent","my_health":29,"opponent_health":22,"my_armor":0,"opponent_armor":0,"my_hand":4,"opponent_hand":3,"my_board":[{"card_name":"Ironfur Grizzly","card_health":1,"card_attack":3}],"opponent_board":[{"card_name":"Spectral Spider","card_health":2,"card_attack":2},{"card_name":"Sapling","card_health":2,"card_attack":2},{"card_name":"Sapling","card_health":2,"card_attack":2}]},{"turn":9,"cards_played":["Unleash the Hounds","Quick Shot"],"current_player":"me","my_health":29,"opponent_health":16,"my_armor":0,"opponent_armor":0,"my_hand":3,"opponent_hand":3,"my_board":[{"card_name":"Ironfur Grizzly","card_health":1,"card_attack":3},{"card_name":"Hound","card_health":1,"card_attack":1},{"card_name":"Hound","card_health":1,"card_attack":1},{"card_name":"Hound","card_health":1,"card_attack":1}],"opponent_board":[{"card_name":"Spectral Spider","card_health":2,"card_attack":2},{"card_name":"Sapling","card_health":2,"card_attack":2}]},{"turn":10,"cards_played":[],"current_player":"opponent","my_health":29,"opponent_health":16,"my_armor":0,"opponent_armor":0,"my_hand":3,"opponent_hand":4,"my_board":[{"card_name":"Ironfur Grizzly","card_health":1,"card_attack":3},{"card_name":"Hound","card_health":1,"card_attack":1},{"card_name":"Hound","card_health":1,"card_attack":1},{"card_name":"Hound","card_health":1,"card_attack":1}],"opponent_board":[{"card_name":"Spectral Spider","card_health":2,"card_attack":2},{"card_name":"Sapling","card_health":2,"card_attack":2}]}],"result":"victory"}