{"plays":[{"turn":1,"cards_played":[],"current_player":"opponent","my_health":30,"opponent_health":0,"my_armor":0,"opponent_armor":0,"my_hand":1,"opponent_hand":0,"my_board":[],"opponent_board":[]},{"turn":2,"cards_played":["Cogmaster"],"current_player":"opponent","my_health":30,"opponent_health":30,"my_armor":0,"opponent_armor":0,"my_hand":4,"opponent_hand":5,"my_board":[],"opponent_board":[{"card_name":"Cogmaster","card_health":2,"card_attack":1}]},{"turn":3,"cards_played":["Mad Scientist"],"current_player":"me","my_health":30,"opponent_health":30,"my_armor":0,"opponent_armor":0,"my_hand":4,"opponent_hand":5,"my_board":[{"card_name":"Mad Scientist","card_health":2,"card_attack":2}],"opponent_board":[{"card_name":"Cogmaster","card_health":2,"card_attack":1}]},{"turn":4,"cards_played":["Snowchugger"],"current_player":"opponent","my_health":27,"opponent_health":30,"my_armor":0,"opponent_armor":0,"my_hand":4,"opponent_hand":5,"my_board":[{"card_name":"Mad Scientist","card_health":2,"card_attack":2}],"opponent_board":[{"card_name":"Snowchugger","card_health":3,"card_attack":2},{"card_name":"Cogmaster","card_health":2,"card_attack":3}]},{"turn":5,"cards_played":["Glaivezooka"],"current_player":"me","my_health":26,"opponent_health":30,"my_armor":0,"opponent_armor":0,"my_hand":4,"opponent_hand":5,"my_board":[],"opponent_board":[]},{"turn":6,"cards_played":["Amani Berserker"],"current_player":"opponent","my_health":26,"opponent_health":30,"my_armor":0,"opponent_armor":0,"my_hand":4,"opponent_hand":5,"my_board":[],"opponent_board":[{"card_name":"Amani Berserker","card_health":3,"card_attack":2}]},{"turn":7,"cards_played":["Steady Shot","Quick Shot"],"current_player":"me","my_health":26,"opponent_health":26,"my_armor":0,"opponent_armor":0,"my_hand":4,"opponent_hand":5,"my_board":[],"opponent_board":[]},{"turn":8,"cards_played":["Mana Wyrm"],"current_player":"opponent","my_health":26,"opponent_health":26,"my_armor":0,"opponent_armor":0,"my_hand":4,"opponent_hand":4,"my_board":[],"opponent_board":[{"card_name":"Mana Wyrm","card_health":3,"card_attack":1}]},{"turn":9,"cards_played":["Steady Shot"],"current_player":"me","my_health":26,"opponent_health":24,"my_armor":0,"opponent_armor":0,"my_hand":4,"opponent_hand":4,"my_board":[],"opponent_board":[{"card_name":"Mana Wyrm","card_health":3,"card_attack":2}]},{"turn":10,"cards_played":["The Coin","Boulderfist Ogre"],"current_player":"opponent","my_health":26,"opponent_health":24,"my_armor":0,"opponent_armor":0,"my_hand":4,"opponent_hand":4,"my_board":[],"opponent_board":[{"card_name":"Boulderfist Ogre","card_health":7,"card_attack":6}]},{"turn":11,"cards_played":["Amani Berserker","Steady Shot","Glaivezooka"],"current_player":"me","my_health":26,"opponent_health":20,"my_armor":0,"opponent_armor":0,"my_hand":3,"opponent_hand":4,"my_board":[{"card_name":"Amani Berserker","card_health":3,"card_attack":3}],"opponent_board":[{"card_name":"Boulderfist Ogre","card_health":7,"card_attack":6}]},{"turn":12,"cards_played":["Mana Wyrm","Fireblast","Fireblast"],"current_player":"opponent","my_health":25,"opponent_health":20,"my_armor":0,"opponent_armor":0,"my_hand":3,"opponent_hand":4,"my_board":[],"opponent_board":[{"card_name":"Boulderfist Ogre","card_health":4,"card_attack":6},{"card_name":"Mana Wyrm","card_health":3,"card_attack":1}]},{"turn":13,"cards_played":["Piloted Sky Golem"],"current_player":"me","my_health":25,"opponent_health":18,"my_armor":0,"opponent_armor":0,"my_hand":3,"opponent_hand":4,"my_board":[{"card_name":"Piloted Sky Golem","card_health":4,"card_attack":6}],"opponent_board":[{"card_name":"Boulderfist Ogre","card_health":4,"card_attack":6},{"card_name":"Mana Wyrm","card_health":3,"card_attack":1}]},{"turn":14,"cards_played":["Fireball","Fireblast","Fireblast"],"current_player":"opponent","my_health":19,"opponent_health":18,"my_armor":0,"opponent_armor":0,"my_hand":3,"opponent_hand":4,"my_board":[{"card_name":"Dragonling Mechanic","card_health":1,"card_attack":2}],"opponent_board":[{"card_name":"Boulderfist Ogre","card_health":4,"card_attack":6},{"card_name":"Mana Wyrm","card_health":1,"card_attack":2}]},{"turn":15,"cards_played":["Hunter's Mark","Faerie Dragon","Bloodsail Raider","Steady Shot"],"current_player":"me","my_health":19,"opponent_health":16,"my_armor":0,"opponent_armor":0,"my_hand":1,"opponent_hand":6,"my_board":[{"card_name":"Bloodsail Raider","card_health":3,"card_attack":2},{"card_name":"Faerie Dragon","card_health":2,"card_attack":3}],"opponent_board":[{"card_name":"Mana Wyrm","card_health":1,"card_attack":2}]},{"turn":16,"cards_played":["Madder Bomber","Fireblast","Fireblast"],"current_player":"opponent","my_health":15,"opponent_health":16,"my_armor":0,"opponent_armor":0,"my_hand":1,"opponent_hand":6,"my_board":[],"opponent_board":[{"card_name":"Madder Bomber","card_health":4,"card_attack":5}]},{"turn":17,"cards_played":["Steady Shot"],"current_player":"me","my_health":15,"opponent_health":14,"my_armor":0,"opponent_armor":0,"my_hand":2,"opponent_hand":6,"my_board":[],"opponent_board":[{"card_name":"Madder Bomber","card_health":4,"card_attack":5}]},{"turn":18,"cards_played":["Molten Giant","Piloted Shredder"],"current_player":"opponent","my_health":10,"opponent_health":14,"my_armor":0,"opponent_armor":0,"my_hand":2,"opponent_hand":5,"my_board":[],"opponent_board":[{"card_name":"Madder Bomber","card_health":4,"card_attack":5},{"card_name":"Piloted Shredder","card_health":3,"card_attack":4},{"card_name":"Molten Giant","card_health":8,"card_attack":8}]},{"turn":19,"cards_played":["Cult Master","Unleash the Hounds"],"current_player":"me","my_health":10,"opponent_health":14,"my_armor":0,"opponent_armor":0,"my_hand":3,"opponent_hand":5,"my_board":[{"card_name":"Cult Master","card_health":2,"card_attack":4}],"opponent_board":[{"card_name":"Madder Bomber","card_health":2,"card_attack":5},{"card_name":"Piloted Shredder","card_health":2,"card_attack":4},{"card_name":"Molten Giant","card_health":8,"card_attack":8}]},{"turn":20,"cards_played":["Stormwind Champion"],"current_player":"opponent","my_health":-4,"opponent_health":12,"my_armor":0,"opponent_armor":0,"my_hand":3,"opponent_hand":5,"my_board":[{"card_name":"Cult Master","card_health":2,"card_attack":4}],"opponent_board":[{"card_name":"Stormwind Champion","card_health":4,"card_attack":6},{"card_name":"Madder Bomber","card_health":1,"card_attack":6},{"card_name":"Piloted Shredder","card_health":1,"card_attack":5},{"card_name":"Molten Giant","card_health":7,"card_attack":9}]}],"result":"defeat"}