{"plays":[{"turn":1,"cards_played":[],"current_player":"me","my_health":0,"opponent_health":0,"my_armor":0,"opponent_armor":0,"my_hand":0,"opponent_hand":1,"my_board":[],"opponent_board":[]},{"turn":2,"cards_played":["Fiery Bat","The Coin","Fireblast","Fireblast"],"current_player":"opponent","my_health":30,"opponent_health":30,"my_armor":0,"opponent_armor":0,"my_hand":3,"opponent_hand":5,"my_board":[],"opponent_board":[]},{"turn":3,"cards_played":["Huge Toad"],"current_player":"me","my_health":30,"opponent_health":29,"my_armor":0,"opponent_armor":0,"my_hand":3,"opponent_hand":5,"my_board":[{"card_name":"Huge Toad","card_health":2,"card_attack":3}],"opponent_board":[]},{"turn":4,"cards_played":["Sorcerer's Apprentice"],"current_player":"opponent","my_health":30,"opponent_health":29,"my_armor":0,"opponent_armor":0,"my_hand":3,"opponent_hand":5,"my_board":[{"card_name":"Huge Toad","card_health":2,"card_attack":3}],"opponent_board":[{"card_name":"Sorcerer's Apprentice","card_health":2,"card_attack":3}]},{"turn":5,"cards_played":["Animal Companion"],"current_player":"me","my_health":30,"opponent_health":29,"my_armor":0,"opponent_armor":0,"my_hand":3,"opponent_hand":5,"my_board":[{"card_name":"Misha","card_health":4,"card_attack":4}],"opponent_board":[]},{"turn":6,"cards_played":["Mana Wyrm","Mana Wyrm","Arcane Blast"],"current_player":"opponent","my_health":30,"opponent_health":28,"my_armor":0,"opponent_armor":0,"my_hand":3,"opponent_hand":3,"my_board":[{"card_name":"Misha","card_health":4,"card_attack":4}],"opponent_board":[{"card_name":"Mana Wyrm","card_health":3,"card_attack":2},{"card_name":"Mana Wyrm","card_health":3,"card_attack":2}]},{"turn":7,"cards_played":["Quick Shot","Quick Shot"],"current_player":"me","my_health":30,"opponent_health":24,"my_armor":0,"opponent_armor":0,"my_hand":2,"opponent_hand":3,"my_board":[{"card_name":"Misha","card_health":2,"card_attack":4}],"opponent_board":[]},{"turn":8,"cards_played":["Water Elemental"],"current_player":"opponent","my_health":30,"opponent_health":24,"my_armor":0,"opponent_armor":0,"my_hand":2,"opponent_hand":3,"my_board":[{"card_name":"Misha","card_health":2,"card_attack":4}],"opponent_board":[{"card_name":"Water Elemental","card_health":6,"card_attack":3}]},{"turn":9,"cards_played":["Steady Shot"],"current_player":"me","my_health":30,"opponent_health":18,"my_armor":0,"opponent_armor":0,"my_hand":2,"opponent_hand":3,"my_board":[{"card_name":"Misha","card_health":2,"card_attack":4}],"opponent_board":[{"card_name":"Water Elemental","card_health":6,"card_attack":3}]},{"turn":10,"cards_played":["Cabalist's Tome"],"current_player":"opponent","my_health":30,"opponent_health":18,"my_armor":0,"opponent_armor":0,"my_hand":2,"opponent_hand":7,"my_board":[{"card_name":"Misha","card_health":2,"card_attack":4}],"opponent_board":[]},{"turn":11,"cards_played":["Ram Wrangler"],"current_player":"me","my_health":30,"opponent_health":14,"my_armor":0,"opponent_armor":0,"my_hand":2,"opponent_hand":7,"my_board":[{"card_name":"Ram Wrangler","card_health":3,"card_attack":3},{"card_name":"Misha","card_health":2,"card_attack":4},{"card_name":"Core Hound","card_health":5,"card_attack":9}],"opponent_board":[]},{"turn":12,"cards_played":["Flamewaker","Ice Lance","Arcane Missiles"],"current_player":"opponent","my_health":29,"opponent_health":14,"my_armor":0,"opponent_armor":0,"my_hand":2,"opponent_hand":5,"my_board":[{"card_name":"Ram Wrangler","card_health":3,"card_attack":3},{"card_name":"Misha","card_health":2,"card_attack":4},{"card_name":"Core Hound","card_health":4,"card_attack":9}],"opponent_board":[{"card_name":"Flamewaker","card_health":4,"card_attack":2}]},{"turn":13,"cards_played":["Kill Command","Steady Shot"],"current_player":"me","my_health":26,"opponent_health":0,"my_armor":0,"opponent_armor":0,"my_hand":2,"opponent_hand":5,"my_board":[{"card_name":"Ram Wrangler","card_health":2,"card_attack":3},{"card_name":"Misha","card_health":1,"card_attack":4},{"card_name":"Core Hound","card_health":4,"card_attack":9}],"opponent_board":[{"card_name":"Flamewaker","card_health":4,"card_attack":2}]}],"result":"victory"}