{"plays":[{"turn":1,"cards_played":[],"current_player":"me","my_health":0,"opponent_health":30,"my_armor":0,"opponent_armor":0,"my_hand":0,"opponent_hand":1,"my_board":[],"opponent_board":[]},{"turn":2,"cards_played":[],"current_player":"opponent","my_health":30,"opponent_health":30,"my_armor":0,"opponent_armor":0,"my_hand":4,"opponent_hand":6,"my_board":[],"opponent_board":[]},{"turn":3,"cards_played":["Steady Shot"],"current_player":"me","my_health":30,"opponent_health":28,"my_armor":0,"opponent_armor":0,"my_hand":5,"opponent_hand":6,"my_board":[],"opponent_board":[]},{"turn":4,"cards_played":["Armor Up!"],"current_player":"opponent","my_health":30,"opponent_health":28,"my_armor":0,"opponent_armor":2,"my_hand":5,"opponent_hand":7,"my_board":[],"opponent_board":[]},{"turn":5,"cards_played":["Animal Companion"],"current_player":"me","my_health":30,"opponent_health":28,"my_armor":0,"opponent_armor":2,"my_hand":5,"opponent_hand":7,"my_board":[{"card_name":"Leokk","card_health":4,"card_attack":2}],"opponent_board":[]},{"turn":6,"cards_played":["The Coin","Death's Bite"],"current_player":"opponent","my_health":30,"opponent_health":28,"my_armor":0,"opponent_armor":0,"my_hand":5,"opponent_hand":6,"my_board":[],"opponent_board":[]},{"turn":7,"cards_played":["Piloted Shredder"],"current_player":"me","my_health":30,"opponent_health":28,"my_armor":0,"opponent_armor":0,"my_hand":5,"opponent_hand":6,"my_board":[{"card_name":"Piloted Shredder","card_health":3,"card_attack":4}],"opponent_board":[]},{"turn":8,"cards_played":["Slam","Armorsmith"],"current_player":"opponent","my_health":26,"opponent_health":28,"my_armor":0,"opponent_armor":0,"my_hand":5,"opponent_hand":6,"my_board":[{"card_name":"Explosive Sheep","card_health":1,"card_attack":1}],"opponent_board":[{"card_name":"Armorsmith","card_health":4,"card_attack":1}]},{"turn":9,"cards_played":["Hunter's Mark","Piloted Shredder","Webspinner"],"current_player":"me","my_health":26,"opponent_health":28,"my_armor":0,"opponent_armor":1,"my_hand":3,"opponent_hand":6,"my_board":[{"card_name":"Webspinner","card_health":1,"card_attack":1},{"card_name":"Piloted Shredder","card_health":3,"card_attack":4}],"opponent_board":[]},{"turn":10,"cards_played":["Sludge Belcher"],"current_player":"opponent","my_health":26,"opponent_health":28,"my_armor":0,"opponent_armor":1,"my_hand":3,"opponent_hand":6,"my_board":[{"card_name":"Webspinner","card_health":1,"card_attack":1},{"card_name":"Piloted Shredder","card_health":3,"card_attack":4}],"opponent_board":[{"card_name":"Sludge Belcher","card_health":5,"card_attack":3}]},{"turn":11,"cards_played":["Eaglehorn Bow","Steady Shot"],"current_player":"me","my_health":25,"opponent_health":27,"my_armor":0,"opponent_armor":0,"my_hand":4,"opponent_hand":6,"my_board":[{"card_name":"Nerubian Egg","card_health":2,"card_attack":0}],"opponent_board":[]},{"turn":12,"cards_played":["Piloted Shredder","Armor Up!"],"current_player":"opponent","my_health":25,"opponent_health":27,"my_armor":0,"opponent_armor":2,"my_hand":4,"opponent_hand":6,"my_board":[{"card_name":"Nerubian Egg","card_health":2,"card_attack":0}],"opponent_board":[{"card_name":"Piloted Shredder","card_health":3,"card_attack":4}]},{"turn":13,"cards_played":["Dr. Boom"],"current_player":"me","my_health":25,"opponent_health":27,"my_armor":0,"opponent_armor":2,"my_hand":4,"opponent_hand":6,"my_board":[{"card_name":"Dr. Boom","card_health":7,"card_attack":7},{"card_name":"Nerubian Egg","card_health":2,"card_attack":0},{"card_name":"Boom Bot","card_health":1,"card_attack":1},{"card_name":"Boom Bot","card_health":1,"card_attack":1}],"opponent_board":[{"card_name":"Piloted Shredder","card_health":3,"card_attack":4}]},{"turn":14,"cards_played":["Cruel Taskmaster","Big Game Hunter","Armor Up!"],"current_player":"opponent","my_health":21,"opponent_health":27,"my_armor":0,"opponent_armor":4,"my_hand":4,"opponent_hand":5,"my_board":[{"card_name":"Nerubian Egg","card_health":2,"card_attack":0},{"card_name":"Boom Bot","card_health":1,"card_attack":1}],"opponent_board":[{"card_name":"Cruel Taskmaster","card_health":1,"card_attack":2},{"card_name":"Piloted Shredder","card_health":3,"card_attack":4},{"card_name":"Big Game Hunter","card_health":2,"card_attack":4}]},{"turn":15,"cards_played":["Scavenging Hyena","Unleash the Hounds"],"current_player":"me","my_health":17,"opponent_health":27,"my_armor":0,"opponent_armor":3,"my_hand":2,"opponent_hand":5,"my_board":[{"card_name":"Scavenging Hyena","card_health":4,"card_attack":6},{"card_name":"Nerubian Egg","card_health":2,"card_attack":0},{"card_name":"Hound","card_health":1,"card_attack":1}],"opponent_board":[]},{"turn":16,"cards_played":["Shieldmaiden","Shield Slam"],"current_player":"opponent","my_health":17,"opponent_health":27,"my_armor":0,"opponent_armor":8,"my_hand":2,"opponent_hand":4,"my_board":[{"card_name":"Nerubian Egg","card_health":2,"card_attack":0},{"card_name":"Hound","card_health":1,"card_attack":1}],"opponent_board":[{"card_name":"Shieldmaiden","card_health":5,"card_attack":5}]},{"turn":17,"cards_played":["Tundra Rhino","Houndmaster"],"current_player":"me","my_health":17,"opponent_health":27,"my_armor":0,"opponent_armor":3,"my_hand":1,"opponent_hand":4,"my_board":[{"card_name":"Houndmaster","card_health":3,"card_attack":4},{"card_name":"Nerubian Egg","card_health":2,"card_attack":0},{"card_name":"Tundra Rhino","card_health":5,"card_attack":2},{"card_name":"Hound","card_health":3,"card_attack":3}],"opponent_board":[{"card_name":"Shieldmaiden","card_health":5,"card_attack":5}]},{"turn":18,"cards_played":["Shield Block","Cruel Taskmaster","Execute","Acolyte of Pain"],"current_player":"opponent","my_health":17,"opponent_health":27,"my_armor":0,"opponent_armor":8,"my_hand":1,"opponent_hand":3,"my_board":[{"card_name":"Houndmaster","card_health":3,"card_attack":4},{"card_name":"Nerubian Egg","card_health":2,"card_attack":0},{"card_name":"Hound","card_health":3,"card_attack":3}],"opponent_board":[{"card_name":"Cruel Taskmaster","card_health":2,"card_attack":2},{"card_name":"Acolyte of Pain","card_health":3,"card_attack":1}]},{"turn":19,"cards_played":["Scavenging Hyena","Steady Shot"],"current_player":"me","my_health":17,"opponent_health":27,"my_armor":0,"opponent_armor":6,"my_hand":1,"opponent_hand":4,"my_board":[{"card_name":"Houndmaster","card_health":1,"card_attack":4},{"card_name":"Scavenging Hyena","card_health":2,"card_attack":2},{"card_name":"Nerubian Egg","card_health":2,"card_attack":0},{"card_name":"Hound","card_health":2,"card_attack":3}],"opponent_board":[]},{"turn":20,"cards_played":["Shieldmaiden","Armor Up!"],"current_player":"opponent","my_health":17,"opponent_health":27,"my_armor":0,"opponent_armor":13,"my_hand":1,"opponent_hand":4,"my_board":[{"card_name":"Houndmaster","card_health":1,"card_attack":4},{"card_name":"Scavenging Hyena","card_health":2,"card_attack":2},{"card_name":"Nerubian Egg","card_health":2,"card_attack":0},{"card_name":"Hound","card_health":2,"card_attack":3}],"opponent_board":[{"card_name":"Shieldmaiden","card_health":5,"card_attack":5}]},{"turn":21,"cards_played":["Steady Shot"],"current_player":"me","my_health":17,"opponent_health":27,"my_armor":0,"opponent_armor":2,"my_hand":2,"opponent_hand":4,"my_board":[{"card_name":"Houndmaster","card_health":1,"card_attack":4},{"card_name":"Scavenging Hyena","card_health":2,"card_attack":2},{"card_name":"Nerubian Egg","card_health":2,"card_attack":0},{"card_name":"Hound","card_health":2,"card_attack":3}],"opponent_board":[{"card_name":"Shieldmaiden","card_health":5,"card_attack":5}]},{"turn":22,"cards_played":["Shield Slam","Piloted Shredder","Armor Up!"],"current_player":"opponent","my_health":17,"opponent_health":27,"my_armor":0,"opponent_armor":4,"my_hand":2,"opponent_hand":3,"my_board":[{"card_name":"Houndmaster","card_health":1,"card_attack":4},{"card_name":"Scavenging Hyena","card_health":1,"card_attack":4},{"card_name":"Nerubian Egg","card_health":2,"card_attack":0}],"opponent_board":[{"card_name":"Piloted Shredder","card_health":3,"card_attack":4},{"card_name":"Shieldmaiden","card_health":2,"card_attack":5}]},{"turn":23,"cards_played":["Unleash the Hounds","Sludge Belcher","Steady Shot"],"current_player":"me","my_health":17,"opponent_health":17,"my_armor":0,"opponent_armor":0,"my_hand":1,"opponent_hand":3,"my_board":[{"card_name":"Sludge Belcher","card_health":5,"card_attack":3},{"card_name":"Houndmaster","card_health":1,"card_attack":4},{"card_name":"Scavenging Hyena","card_health":3,"card_attack":8},{"card_name":"Nerubian Egg","card_health":2,"card_attack":0}],"opponent_board":[{"card_name":"Piloted Shredder","card_health":3,"card_attack":4}]},{"turn":24,"cards_played":["Brawl","Armorsmith","Armor Up!"],"current_player":"opponent","my_health":17,"opponent_health":17,"my_armor":0,"opponent_armor":2,"my_hand":1,"opponent_hand":2,"my_board":[{"card_name":"Nerubian","card_health":4,"card_attack":4}],"opponent_board":[{"card_name":"Armorsmith","card_health":4,"card_attack":1},{"card_name":"Piloted Shredder","card_health":2,"card_attack":4}]},{"turn":25,"cards_played":["Savannah Highmane","Haunted Creeper","Steady Shot"],"current_player":"me","my_health":17,"opponent_health":17,"my_armor":0,"opponent_armor":1,"my_hand":0,"opponent_hand":2,"my_board":[{"card_name":"Savannah Highmane","card_health":5,"card_attack":6},{"card_name":"Haunted Creeper","card_health":2,"card_attack":1},{"card_name":"Nerubian","card_health":3,"card_attack":4}],"opponent_board":[{"card_name":"Piloted Shredder","card_health":2,"card_attack":4}]},{"turn":26,"cards_played":["Sylvanas Windrunner","Armor Up!"],"current_player":"opponent","my_health":17,"opponent_health":17,"my_armor":0,"opponent_armor":3,"my_hand":0,"opponent_hand":2,"my_board":[{"card_name":"Savannah Highmane","card_health":5,"card_attack":6},{"card_name":"Haunted Creeper","card_health":2,"card_attack":1}],"opponent_board":[{"card_name":"Sylvanas Windrunner","card_health":5,"card_attack":5},{"card_name":"Pint-Sized Summoner","card_health":2,"card_attack":2}]},{"turn":27,"cards_played":["Steady Shot","Webspinner"],"current_player":"me","my_health":17,"opponent_health":11,"my_armor":0,"opponent_armor":0,"my_hand":0,"opponent_hand":2,"my_board":[{"card_name":"Webspinner","card_health":1,"card_attack":1},{"card_name":"Savannah Highmane","card_health":5,"card_attack":6},{"card_name":"Haunted Creeper","card_health":2,"card_attack":1}],"opponent_board":[{"card_name":"Sylvanas Windrunner","card_health":5,"card_attack":5},{"card_name":"Pint-Sized Summoner","card_health":2,"card_attack":2}]},{"turn":28,"cards_played":["Emperor Thaurissan","Acolyte of Pain","Armor Up!"],"current_player":"opponent","my_health":17,"opponent_health":11,"my_armor":0,"opponent_armor":2,"my_hand":0,"opponent_hand":1,"my_board":[{"card_name":"Haunted Creeper","card_health":2,"card_attack":1},{"card_name":"Hyena","card_health":2,"card_attack":2}],"opponent_board":[{"card_name":"Acolyte of Pain","card_health":3,"card_attack":1},{"card_name":"Emperor Thaurissan","card_health":5,"card_attack":5},{"card_name":"Webspinner","card_health":1,"card_attack":1}]},{"turn":29,"cards_played":["Steady Shot"],"current_player":"me","my_health":17,"opponent_health":8,"my_armor":0,"opponent_armor":0,"my_hand":0,"opponent_hand":1,"my_board":[{"card_name":"Haunted Creeper","card_health":2,"card_attack":1},{"card_name":"Hyena","card_health":2,"card_attack":2}],"opponent_board":[{"card_name":"Acolyte of Pain","card_health":3,"card_attack":1},{"card_name":"Emperor Thaurissan","card_health":5,"card_attack":5},{"card_name":"Webspinner","card_health":1,"card_attack":1}]},{"turn":30,"cards_played":["Kezan Mystic","Armor Up!"],"current_player":"opponent","my_health":17,"opponent_health":8,"my_armor":0,"opponent_armor":2,"my_hand":0,"opponent_hand":1,"my_board":[{"card_name":"Haunted Creeper","card_health":2,"card_attack":1},{"card_name":"Hyena","card_health":2,"card_attack":2}],"opponent_board":[{"card_name":"Kezan Mystic","card_health":3,"card_attack":4},{"card_name":"Acolyte of Pain","card_health":3,"card_attack":1},{"card_name":"Emperor Thaurissan","card_health":5,"card_attack":5},{"card_name":"Webspinner","card_health":1,"card_attack":1}]}],"result":"defeat"}