{"plays":[{"turn":1,"cards_played":[],"current_player":"opponent","my_health":30,"opponent_health":0,"my_armor":0,"opponent_armor":0,"my_hand":1,"opponent_hand":0,"my_board":[],"opponent_board":[]},{"turn":2,"cards_played":["Tracking","Zombie Chow","The Coin","Zombie Chow"],"current_player":"opponent","my_health":30,"opponent_health":30,"my_armor":0,"opponent_armor":0,"my_hand":4,"opponent_hand":3,"my_board":[],"opponent_board":[{"card_name":"Zombie Chow","card_health":3,"card_attack":2},{"card_name":"Zombie Chow","card_health":3,"card_attack":2}]},{"turn":3,"cards_played":["Mad Scientist"],"current_player":"me","my_health":30,"opponent_health":30,"my_armor":0,"opponent_armor":0,"my_hand":4,"opponent_hand":3,"my_board":[{"card_name":"Mad Scientist","card_health":2,"card_attack":2}],"opponent_board":[{"card_name":"Zombie Chow","card_health":3,"card_attack":2},{"card_name":"Zombie Chow","card_health":3,"card_attack":2}]},{"turn":4,"cards_played":["Totem Golem"],"current_player":"opponent","my_health":28,"opponent_health":30,"my_armor":0,"opponent_armor":0,"my_hand":4,"opponent_hand":3,"my_board":[{"card_name":"Ironfur Grizzly","card_health":3,"card_attack":3}],"opponent_board":[{"card_name":"Zombie Chow","card_health":1,"card_attack":2},{"card_name":"Totem Golem","card_health":4,"card_attack":3},{"card_name":"Zombie Chow","card_health":3,"card_attack":2}]},{"turn":5,"cards_played":["Mad Scientist"],"current_player":"me","my_health":28,"opponent_health":30,"my_armor":0,"opponent_armor":0,"my_hand":4,"opponent_hand":3,"my_board":[{"card_name":"Mad Scientist","card_health":2,"card_attack":2},{"card_name":"Ironfur Grizzly","card_health":1,"card_attack":3}],"opponent_board":[{"card_name":"Zombie Chow","card_health":1,"card_attack":2},{"card_name":"Totem Golem","card_health":4,"card_attack":3}]},{"turn":6,"cards_played":["Totemic Call"],"current_player":"opponent","my_health":30,"opponent_health":30,"my_armor":0,"opponent_armor":0,"my_hand":4,"opponent_hand":4,"my_board":[],"opponent_board":[{"card_name":"Totem Golem","card_health":2,"card_attack":3},{"card_name":"Stoneclaw Totem","card_health":2,"card_attack":0}]},{"turn":7,"cards_played":["Knife Juggler","Knife Juggler"],"current_player":"me","my_health":30,"opponent_health":30,"my_armor":0,"opponent_armor":0,"my_hand":3,"opponent_hand":4,"my_board":[{"card_name":"Knife Juggler","card_health":2,"card_attack":3},{"card_name":"Knife Juggler","card_health":2,"card_attack":3}],"opponent_board":[{"card_name":"Totem Golem","card_health":2,"card_attack":3},{"card_name":"Stoneclaw Totem","card_health":2,"card_attack":0}]},{"turn":8,"cards_played":["Tuskarr Totemic"],"current_player":"opponent","my_health":27,"opponent_health":29,"my_armor":0,"opponent_armor":0,"my_hand":3,"opponent_hand":4,"my_board":[{"card_name":"Knife Juggler","card_health":2,"card_attack":3},{"card_name":"Knife Juggler","card_health":2,"card_attack":3}],"opponent_board":[{"card_name":"Tuskarr Totemic","card_health":2,"card_attack":3},{"card_name":"Totem Golem","card_health":2,"card_attack":3},{"card_name":"Stoneclaw Totem","card_health":2,"card_attack":0},{"card_name":"Vitality Totem","card_health":3,"card_attack":0}]},{"turn":9,"cards_played":["Piloted Shredder"],"current_player":"me","my_health":27,"opponent_health":30,"my_armor":0,"opponent_armor":0,"my_hand":3,"opponent_hand":4,"my_board":[{"card_name":"Knife Juggler","card_health":2,"card_attack":3},{"card_name":"Piloted Shredder","card_health":3,"card_attack":4},{"card_name":"Knife Juggler","card_health":2,"card_attack":3}],"opponent_board":[{"card_name":"Tuskarr Totemic","card_health":2,"card_attack":3},{"card_name":"Totem Golem","card_health":2,"card_attack":3}]},{"turn":10,"cards_played":["Flametongue Totem","Mana Tide Totem"],"current_player":"opponent","my_health":17,"opponent_health":29,"my_armor":0,"opponent_armor":0,"my_hand":3,"opponent_hand":4,"my_board":[{"card_name":"Knife Juggler","card_health":2,"card_attack":3},{"card_name":"Piloted Shredder","card_health":3,"card_attack":4},{"card_name":"Knife Juggler","card_health":2,"card_attack":3}],"opponent_board":[{"card_name":"Mana Tide Totem","card_health":3,"card_attack":0},{"card_name":"Tuskarr Totemic","card_health":1,"card_attack":5},{"card_name":"Flametongue Totem","card_health":3,"card_attack":0},{"card_name":"Totem Golem","card_health":2,"card_attack":5}]},{"turn":11,"cards_played":["Clockwork Gnome","Piloted Shredder"],"current_player":"me","my_health":17,"opponent_health":24,"my_armor":0,"opponent_armor":0,"my_hand":2,"opponent_hand":4,"my_board":[{"card_name":"Knife Juggler","card_health":2,"card_attack":3},{"card_name":"Piloted Shredder","card_health":3,"card_attack":4},{"card_name":"Piloted Shredder","card_health":3,"card_attack":4},{"card_name":"Knife Juggler","card_health":2,"card_attack":3},{"card_name":"Clockwork Gnome","card_health":1,"card_attack":2}],"opponent_board":[]},{"turn":12,"cards_played":["Hex","Lightning Storm"],"current_player":"opponent","my_health":17,"opponent_health":24,"my_armor":0,"opponent_armor":0,"my_hand":3,"opponent_hand":3,"my_board":[{"card_name":"Piloted Shredder","card_health":1,"card_attack":4}],"opponent_board":[]},{"turn":13,"cards_played":["Steady Shot"],"current_player":"me","my_health":17,"opponent_health":18,"my_armor":0,"opponent_armor":0,"my_hand":4,"opponent_hand":3,"my_board":[{"card_name":"Piloted Shredder","card_health":1,"card_attack":4}],"opponent_board":[]},{"turn":14,"cards_played":["Totemic Call","Rockbiter Weapon"],"current_player":"opponent","my_health":17,"opponent_health":14,"my_armor":0,"opponent_armor":0,"my_hand":4,"opponent_hand":3,"my_board":[{"card_name":"Snake","card_health":1,"card_attack":1},{"card_name":"Snake","card_health":1,"card_attack":1},{"card_name":"Snake","card_health":1,"card_attack":1},{"card_name":"Lightwell","card_health":5,"card_attack":0}],"opponent_board":[{"card_name":"Wrath of Air Totem","card_health":2,"card_attack":0}]},{"turn":15,"cards_played":["Lock and Load","Kill Command","Arcane Shot","Finicky Cloakfield","Hunter's Mark"],"current_player":"me","my_health":20,"opponent_health":5,"my_armor":0,"opponent_armor":0,"my_hand":4,"opponent_hand":3,"my_board":[{"card_name":"Snake","card_health":1,"card_attack":1},{"card_name":"Snake","card_health":1,"card_attack":1},{"card_name":"Snake","card_health":1,"card_attack":1},{"card_name":"Lightwell","card_health":5,"card_attack":0}],"opponent_board":[]},{"turn":16,"cards_played":["Totemic Call","Lightning Storm"],"current_player":"opponent","my_health":20,"opponent_health":5,"my_armor":0,"opponent_armor":0,"my_hand":4,"opponent_hand":3,"my_board":[{"card_name":"Lightwell","card_health":2,"card_attack":0}],"opponent_board":[{"card_name":"Wrath of Air Totem","card_health":2,"card_attack":0}]},{"turn":17,"cards_played":["Eaglehorn Bow","Steady Shot"],"current_player":"me","my_health":23,"opponent_health":0,"my_armor":0,"opponent_armor":0,"my_hand":4,"opponent_hand":3,"my_board":[{"card_name":"Lightwell","card_health":2,"card_attack":0}],"opponent_board":[{"card_name":"Wrath of Air Totem","card_health":2,"card_attack":0}]}],"result":"victory"}