{"plays":[{"turn":1,"cards_played":[],"current_player":"opponent","my_health":30,"opponent_health":0,"my_armor":0,"opponent_armor":0,"my_hand":1,"opponent_hand":0,"my_board":[],"opponent_board":[]},{"turn":2,"cards_played":["Webspinner"],"current_player":"me","my_health":30,"opponent_health":30,"my_armor":0,"opponent_armor":0,"my_hand":5,"opponent_hand":4,"my_board":[{"card_name":"Webspinner","card_health":1,"card_attack":1}],"opponent_board":[]},{"turn":3,"cards_played":["Steady Shot"],"current_player":"opponent","my_health":28,"opponent_health":30,"my_armor":0,"opponent_armor":0,"my_hand":5,"opponent_hand":5,"my_board":[{"card_name":"Webspinner","card_health":1,"card_attack":1}],"opponent_board":[]},{"turn":4,"cards_played":["Knife Juggler"],"current_player":"me","my_health":28,"opponent_health":29,"my_armor":0,"opponent_armor":0,"my_hand":5,"opponent_hand":5,"my_board":[{"card_name":"Webspinner","card_health":1,"card_attack":1},{"card_name":"Knife Juggler","card_health":2,"card_attack":3}],"opponent_board":[]},{"turn":5,"cards_played":["Eaglehorn Bow"],"current_player":"opponent","my_health":28,"opponent_health":26,"my_armor":0,"opponent_armor":0,"my_hand":5,"opponent_hand":5,"my_board":[{"card_name":"Webspinner","card_health":1,"card_attack":1}],"opponent_board":[]},{"turn":6,"cards_played":["Eaglehorn Bow"],"current_player":"me","my_health":28,"opponent_health":22,"my_armor":0,"opponent_armor":0,"my_hand":5,"opponent_hand":5,"my_board":[{"card_name":"Webspinner","card_health":1,"card_attack":1}],"opponent_board":[]},{"turn":7,"cards_played":["King's Elekk"],"current_player":"opponent","my_health":28,"opponent_health":22,"my_armor":0,"opponent_armor":0,"my_hand":5,"opponent_hand":4,"my_board":[{"card_name":"Webspinner","card_health":1,"card_attack":1}],"opponent_board":[{"card_name":"King's Elekk","card_health":2,"card_attack":3}]},{"turn":8,"cards_played":["Flare"],"current_player":"me","my_health":28,"opponent_health":21,"my_armor":0,"opponent_armor":0,"my_hand":5,"opponent_hand":4,"my_board":[{"card_name":"Webspinner","card_health":1,"card_attack":1}],"opponent_board":[{"card_name":"King's Elekk","card_health":2,"card_attack":3}]},{"turn":9,"cards_played":["Loatheb"],"current_player":"opponent","my_health":28,"opponent_health":21,"my_armor":0,"opponent_armor":0,"my_hand":6,"opponent_hand":4,"my_board":[],"opponent_board":[{"card_name":"King's Elekk","card_health":1,"card_attack":3},{"card_name":"Loatheb","card_health":5,"card_attack":5}]},{"turn":10,"cards_played":["Stranglethorn Tiger"],"current_player":"me","my_health":28,"opponent_health":21,"my_armor":0,"opponent_armor":0,"my_hand":6,"opponent_hand":4,"my_board":[{"card_name":"Stranglethorn Tiger","card_health":5,"card_attack":5}],"opponent_board":[{"card_name":"King's Elekk","card_health":1,"card_attack":3},{"card_name":"Loatheb","card_health":5,"card_attack":5}]},{"turn":11,"cards_played":["Savannah Highmane"],"current_player":"opponent","my_health":20,"opponent_health":18,"my_armor":0,"opponent_armor":0,"my_hand":6,"opponent_hand":4,"my_board":[{"card_name":"Stranglethorn Tiger","card_health":5,"card_attack":5}],"opponent_board":[{"card_name":"King's Elekk","card_health":1,"card_attack":3},{"card_name":"Savannah Highmane","card_health":5,"card_attack":6},{"card_name":"Loatheb","card_health":5,"card_attack":5}]},{"turn":12,"cards_played":["Unleash the Hounds","The Coin","Houndmaster"],"current_player":"me","my_health":20,"opponent_health":6,"my_armor":0,"opponent_armor":0,"my_hand":4,"opponent_hand":4,"my_board":[{"card_name":"Houndmaster","card_health":3,"card_attack":4},{"card_name":"Stranglethorn Tiger","card_health":5,"card_attack":5},{"card_name":"Hound","card_health":1,"card_attack":1},{"card_name":"Hound","card_health":3,"card_attack":3}],"opponent_board":[{"card_name":"Savannah Highmane","card_health":5,"card_attack":6},{"card_name":"Loatheb","card_health":5,"card_attack":5}]},{"turn":13,"cards_played":["Unleash the Hounds","Ironbeak Owl"],"current_player":"opponent","my_health":18,"opponent_health":6,"my_armor":0,"opponent_armor":0,"my_hand":4,"opponent_hand":2,"my_board":[],"opponent_board":[{"card_name":"Ironbeak Owl","card_health":1,"card_attack":2},{"card_name":"Loatheb","card_health":1,"card_attack":5},{"card_name":"Hound","card_health":1,"card_attack":1},{"card_name":"Hound","card_health":1,"card_attack":1},{"card_name":"Hyena","card_health":2,"card_attack":2},{"card_name":"Hyena","card_health":2,"card_attack":2}]},{"turn":14,"cards_played":["Dr. Boom"],"current_player":"me","my_health":18,"opponent_health":3,"my_armor":0,"opponent_armor":0,"my_hand":4,"opponent_hand":2,"my_board":[{"card_name":"Dr. Boom","card_health":7,"card_attack":7},{"card_name":"Boom Bot","card_health":1,"card_attack":1},{"card_name":"Boom Bot","card_health":1,"card_attack":1}],"opponent_board":[{"card_name":"Ironbeak Owl","card_health":1,"card_attack":2},{"card_name":"Loatheb","card_health":1,"card_attack":5},{"card_name":"Hound","card_health":1,"card_attack":1},{"card_name":"Hound","card_health":1,"card_attack":1},{"card_name":"Hyena","card_health":2,"card_attack":2},{"card_name":"Hyena","card_health":2,"card_attack":2}]},{"turn":15,"cards_played":["Quick Shot","Steady Shot"],"current_player":"opponent","my_health":0,"opponent_health":3,"my_armor":0,"opponent_armor":0,"my_hand":4,"opponent_hand":2,"my_board":[{"card_name":"Dr. Boom","card_health":7,"card_attack":7},{"card_name":"Boom Bot","card_health":1,"card_attack":1},{"card_name":"Boom Bot","card_health":1,"card_attack":1}],"opponent_board":[{"card_name":"Ironbeak Owl","card_health":1,"card_attack":2},{"card_name":"Loatheb","card_health":1,"card_attack":5},{"card_name":"Hound","card_health":1,"card_attack":1},{"card_name":"Hound","card_health":1,"card_attack":1},{"card_name":"Hyena","card_health":2,"card_attack":2},{"card_name":"Hyena","card_health":2,"card_attack":2}]}],"result":"defeat"}