{"plays":[{"turn":1,"cards_played":[],"current_player":"me","my_health":0,"opponent_health":30,"my_armor":0,"opponent_armor":0,"my_hand":0,"opponent_hand":1,"my_board":[],"opponent_board":[]},{"turn":2,"cards_played":["The Coin","Haunted Creeper"],"current_player":"me","my_health":30,"opponent_health":30,"my_armor":0,"opponent_armor":0,"my_hand":4,"opponent_hand":4,"my_board":[{"card_name":"Haunted Creeper","card_health":2,"card_attack":1}],"opponent_board":[]},{"turn":3,"cards_played":["Haunted Creeper"],"current_player":"opponent","my_health":30,"opponent_health":30,"my_armor":0,"opponent_armor":0,"my_hand":4,"opponent_hand":4,"my_board":[{"card_name":"Haunted Creeper","card_health":2,"card_attack":1}],"opponent_board":[{"card_name":"Haunted Creeper","card_health":2,"card_attack":1}]},{"turn":4,"cards_played":["Mad Scientist"],"current_player":"me","my_health":30,"opponent_health":29,"my_armor":0,"opponent_armor":0,"my_hand":4,"opponent_hand":4,"my_board":[{"card_name":"Haunted Creeper","card_health":2,"card_attack":1},{"card_name":"Mad Scientist","card_health":2,"card_attack":2}],"opponent_board":[{"card_name":"Haunted Creeper","card_health":2,"card_attack":1}]},{"turn":5,"cards_played":["Shielded Minibot"],"current_player":"opponent","my_health":29,"opponent_health":29,"my_armor":0,"opponent_armor":0,"my_hand":4,"opponent_hand":4,"my_board":[{"card_name":"Haunted Creeper","card_health":2,"card_attack":1},{"card_name":"Mad Scientist","card_health":2,"card_attack":2}],"opponent_board":[{"card_name":"Shielded Minibot","card_health":2,"card_attack":2},{"card_name":"Haunted Creeper","card_health":2,"card_attack":1}]},{"turn":6,"cards_played":["Knife Juggler"],"current_player":"me","my_health":29,"opponent_health":29,"my_armor":0,"opponent_armor":0,"my_hand":4,"opponent_hand":4,"my_board":[{"card_name":"Knife Juggler","card_health":2,"card_attack":3},{"card_name":"Spectral Spider","card_health":1,"card_attack":1},{"card_name":"Spectral Spider","card_health":1,"card_attack":1}],"opponent_board":[{"card_name":"Haunted Creeper","card_health":1,"card_attack":1}]},{"turn":7,"cards_played":["Consecration"],"current_player":"opponent","my_health":26,"opponent_health":29,"my_armor":0,"opponent_armor":0,"my_hand":4,"opponent_hand":4,"my_board":[{"card_name":"Ironfur Grizzly","card_health":3,"card_attack":3}],"opponent_board":[{"card_name":"Haunted Creeper","card_health":1,"card_attack":1}]},{"turn":8,"cards_played":["Steady Shot"],"current_player":"me","my_health":26,"opponent_health":24,"my_armor":0,"opponent_armor":0,"my_hand":4,"opponent_hand":4,"my_board":[{"card_name":"Ironfur Grizzly","card_health":3,"card_attack":3}],"opponent_board":[{"card_name":"Haunted Creeper","card_health":1,"card_attack":1}]},{"turn":9,"cards_played":["Murloc Knight"],"current_player":"opponent","my_health":26,"opponent_health":24,"my_armor":0,"opponent_armor":0,"my_hand":4,"opponent_hand":4,"my_board":[{"card_name":"Ironfur Grizzly","card_health":2,"card_attack":3},{"card_name":"Snake","card_health":1,"card_attack":1},{"card_name":"Snake","card_health":1,"card_attack":1},{"card_name":"Snake","card_health":1,"card_attack":1}],"opponent_board":[{"card_name":"Murloc Knight","card_health":4,"card_attack":3},{"card_name":"Spectral Spider","card_health":1,"card_attack":1},{"card_name":"Spectral Spider","card_health":1,"card_attack":1}]},{"turn":10,"cards_played":["Hunter's Mark","Animal Companion","Steady Shot"],"current_player":"me","my_health":26,"opponent_health":14,"my_armor":0,"opponent_armor":0,"my_hand":3,"opponent_hand":4,"my_board":[{"card_name":"Ironfur Grizzly","card_health":2,"card_attack":3},{"card_name":"Snake","card_health":1,"card_attack":1},{"card_name":"Huffer","card_health":2,"card_attack":4}],"opponent_board":[{"card_name":"Spectral Spider","card_health":1,"card_attack":1}]},{"turn":11,"cards_played":["Mysterious Challenger"],"current_player":"opponent","my_health":26,"opponent_health":14,"my_armor":0,"opponent_armor":0,"my_hand":3,"opponent_hand":4,"my_board":[{"card_name":"Ironfur Grizzly","card_health":2,"card_attack":3},{"card_name":"Snake","card_health":1,"card_attack":1},{"card_name":"Huffer","card_health":2,"card_attack":4}],"opponent_board":[{"card_name":"Mysterious Challenger","card_health":6,"card_attack":6},{"card_name":"Spectral Spider","card_health":1,"card_attack":1}]},{"turn":12,"cards_played":["Eaglehorn Bow","Kill Command"],"current_player":"me","my_health":26,"opponent_health":-1,"my_armor":0,"opponent_armor":0,"my_hand":2,"opponent_hand":4,"my_board":[{"card_name":"Ironfur Grizzly","card_health":2,"card_attack":3},{"card_name":"Huffer","card_health":2,"card_attack":4}],"opponent_board":[{"card_name":"Mysterious Challenger","card_health":8,"card_attack":9},{"card_name":"Spectral Spider","card_health":1,"card_attack":1},{"card_name":"Defender","card_health":1,"card_attack":2}]}],"result":"victory"}