{"plays":[{"turn":1,"cards_played":[],"current_player":"opponent","my_health":30,"opponent_health":0,"my_armor":0,"opponent_armor":0,"my_hand":1,"opponent_hand":0,"my_board":[],"opponent_board":[]},{"turn":2,"cards_played":["Webspinner","Mana Wyrm","The Coin","Mirror Image"],"current_player":"opponent","my_health":30,"opponent_health":30,"my_armor":0,"opponent_armor":0,"my_hand":3,"opponent_hand":3,"my_board":[{"card_name":"Webspinner","card_health":1,"card_attack":1}],"opponent_board":[{"card_name":"Mana Wyrm","card_health":3,"card_attack":2}]},{"turn":3,"cards_played":["Mad Scientist"],"current_player":"me","my_health":30,"opponent_health":30,"my_armor":0,"opponent_armor":0,"my_hand":3,"opponent_hand":3,"my_board":[{"card_name":"Mad Scientist","card_health":2,"card_attack":2},{"card_name":"Webspinner","card_health":1,"card_attack":1}],"opponent_board":[{"card_name":"Mana Wyrm","card_health":3,"card_attack":3},{"card_name":"Mirror Image","card_health":1,"card_attack":0},{"card_name":"Mirror Image","card_health":2,"card_attack":0}]},{"turn":4,"cards_played":["Mad Scientist"],"current_player":"opponent","my_health":27,"opponent_health":30,"my_armor":0,"opponent_armor":0,"my_hand":3,"opponent_hand":3,"my_board":[{"card_name":"Mad Scientist","card_health":2,"card_attack":2},{"card_name":"Webspinner","card_health":1,"card_attack":1}],"opponent_board":[{"card_name":"Mana Wyrm","card_health":3,"card_attack":3},{"card_name":"Mad Scientist","card_health":2,"card_attack":2},{"card_name":"Mirror Image","card_health":1,"card_attack":0},{"card_name":"Mirror Image","card_health":2,"card_attack":0}]},{"turn":5,"cards_played":["Unleash the Hounds"],"current_player":"me","my_health":27,"opponent_health":29,"my_armor":0,"opponent_armor":0,"my_hand":4,"opponent_hand":3,"my_board":[{"card_name":"Hound","card_health":1,"card_attack":1},{"card_name":"Hound","card_health":1,"card_attack":1},{"card_name":"Hound","card_health":1,"card_attack":1},{"card_name":"Hound","card_health":1,"card_attack":1}],"opponent_board":[{"card_name":"Mad Scientist","card_health":2,"card_attack":2}]},{"turn":6,"cards_played":["Arcane Missiles","Fireblast","Fireblast"],"current_player":"opponent","my_health":26,"opponent_health":29,"my_armor":0,"opponent_armor":0,"my_hand":4,"opponent_hand":4,"my_board":[{"card_name":"Hound","card_health":1,"card_attack":1}],"opponent_board":[]},{"turn":7,"cards_played":["King's Elekk","Mad Scientist"],"current_player":"me","my_health":26,"opponent_health":28,"my_armor":0,"opponent_armor":0,"my_hand":4,"opponent_hand":4,"my_board":[{"card_name":"King's Elekk","card_health":2,"card_attack":3},{"card_name":"Mad Scientist","card_health":2,"card_attack":2},{"card_name":"Hound","card_health":1,"card_attack":1}],"opponent_board":[]},{"turn":8,"cards_played":["Frostbolt","Fireblast","Fireblast"],"current_player":"opponent","my_health":26,"opponent_health":28,"my_armor":0,"opponent_armor":0,"my_hand":4,"opponent_hand":4,"my_board":[{"card_name":"Mad Scientist","card_health":2,"card_attack":2}],"opponent_board":[]},{"turn":9,"cards_played":["Animal Companion","Haunted Creeper"],"current_player":"me","my_health":26,"opponent_health":26,"my_armor":0,"opponent_armor":0,"my_hand":3,"opponent_hand":4,"my_board":[{"card_name":"Haunted Creeper","card_health":2,"card_attack":1},{"card_name":"Mad Scientist","card_health":2,"card_attack":2},{"card_name":"Misha","card_health":4,"card_attack":4}],"opponent_board":[]},{"turn":10,"cards_played":["Loatheb"],"current_player":"opponent","my_health":26,"opponent_health":26,"my_armor":0,"opponent_armor":0,"my_hand":3,"opponent_hand":4,"my_board":[{"card_name":"Haunted Creeper","card_health":2,"card_attack":1},{"card_name":"Mad Scientist","card_health":2,"card_attack":2},{"card_name":"Misha","card_health":4,"card_attack":4}],"opponent_board":[{"card_name":"Loatheb","card_health":5,"card_attack":5}]},{"turn":11,"cards_played":["Savannah Highmane"],"current_player":"me","my_health":26,"opponent_health":19,"my_armor":0,"opponent_armor":0,"my_hand":3,"opponent_hand":4,"my_board":[{"card_name":"Haunted Creeper","card_health":2,"card_attack":1},{"card_name":"Mad Scientist","card_health":2,"card_attack":2},{"card_name":"Savannah Highmane","card_health":5,"card_attack":6},{"card_name":"Misha","card_health":4,"card_attack":4}],"opponent_board":[{"card_name":"Loatheb","card_health":5,"card_attack":5}]},{"turn":12,"cards_played":["Mad Scientist","Fireblast","Fireblast"],"current_player":"opponent","my_health":26,"opponent_health":19,"my_armor":0,"opponent_armor":0,"my_hand":3,"opponent_hand":4,"my_board":[{"card_name":"Haunted Creeper","card_health":2,"card_attack":1},{"card_name":"Mad Scientist","card_health":2,"card_attack":2},{"card_name":"Savannah Highmane","card_health":4,"card_attack":6}],"opponent_board":[{"card_name":"Mad Scientist","card_health":2,"card_attack":2},{"card_name":"Loatheb","card_health":1,"card_attack":5}]},{"turn":13,"cards_played":["Steady Shot"],"current_player":"me","my_health":26,"opponent_health":11,"my_armor":0,"opponent_armor":0,"my_hand":4,"opponent_hand":4,"my_board":[{"card_name":"Savannah Highmane","card_health":4,"card_attack":6},{"card_name":"Spectral Spider","card_health":1,"card_attack":1},{"card_name":"Spectral Spider","card_health":1,"card_attack":1}],"opponent_board":[]},{"turn":14,"cards_played":[],"current_player":"opponent","my_health":26,"opponent_health":11,"my_armor":0,"opponent_armor":0,"my_hand":4,"opponent_hand":5,"my_board":[{"card_name":"Savannah Highmane","card_health":4,"card_attack":6},{"card_name":"Spectral Spider","card_health":1,"card_attack":1},{"card_name":"Spectral Spider","card_health":1,"card_attack":1}],"opponent_board":[]}],"result":"victory"}