{"plays":[{"turn":1,"cards_played":[],"current_player":"me","my_health":0,"opponent_health":30,"my_armor":0,"opponent_armor":0,"my_hand":0,"opponent_hand":1,"my_board":[],"opponent_board":[]},{"turn":2,"cards_played":["Webspinner"],"current_player":"opponent","my_health":30,"opponent_health":30,"my_armor":0,"opponent_armor":0,"my_hand":3,"opponent_hand":6,"my_board":[{"card_name":"Webspinner","card_health":1,"card_attack":1}],"opponent_board":[]},{"turn":3,"cards_played":["King's Elekk"],"current_player":"me","my_health":30,"opponent_health":29,"my_armor":0,"opponent_armor":0,"my_hand":3,"opponent_hand":6,"my_board":[{"card_name":"Webspinner","card_health":1,"card_attack":1},{"card_name":"King's Elekk","card_health":2,"card_attack":3}],"opponent_board":[]},{"turn":4,"cards_played":["Backstab","The Coin","Edwin VanCleef"],"current_player":"opponent","my_health":30,"opponent_health":29,"my_armor":0,"opponent_armor":0,"my_hand":3,"opponent_hand":4,"my_board":[{"card_name":"Webspinner","card_health":1,"card_attack":1}],"opponent_board":[{"card_name":"Edwin VanCleef","card_health":2,"card_attack":2}]},{"turn":5,"cards_played":[],"current_player":"me","my_health":30,"opponent_health":28,"my_armor":0,"opponent_armor":0,"my_hand":3,"opponent_hand":4,"my_board":[{"card_name":"Webspinner","card_health":1,"card_attack":1}],"opponent_board":[{"card_name":"Edwin VanCleef","card_health":6,"card_attack":6}]},{"turn":6,"cards_played":["Earthen Ring Farseer"],"current_player":"opponent","my_health":30,"opponent_health":28,"my_armor":0,"opponent_armor":0,"my_hand":3,"opponent_hand":4,"my_board":[{"card_name":"Webspinner","card_health":1,"card_attack":1}],"opponent_board":[{"card_name":"Edwin VanCleef","card_health":6,"card_attack":6},{"card_name":"Earthen Ring Farseer","card_health":3,"card_attack":3}]},{"turn":7,"cards_played":["Piloted Shredder"],"current_player":"me","my_health":30,"opponent_health":29,"my_armor":0,"opponent_armor":0,"my_hand":3,"opponent_hand":4,"my_board":[{"card_name":"Piloted Shredder","card_health":3,"card_attack":4},{"card_name":"Webspinner","card_health":1,"card_attack":1}],"opponent_board":[{"card_name":"Edwin VanCleef","card_health":6,"card_attack":6},{"card_name":"Earthen Ring Farseer","card_health":3,"card_attack":3}]},{"turn":8,"cards_played":["Dagger Mastery","Bloodmage Thalnos"],"current_player":"opponent","my_health":24,"opponent_health":28,"my_armor":0,"opponent_armor":0,"my_hand":4,"opponent_hand":5,"my_board":[{"card_name":"Piloted Shredder","card_health":3,"card_attack":4}],"opponent_board":[{"card_name":"Edwin VanCleef","card_health":6,"card_attack":6},{"card_name":"Bloodmage Thalnos","card_health":1,"card_attack":1}]},{"turn":9,"cards_played":["Piloted Shredder"],"current_player":"me","my_health":24,"opponent_health":24,"my_armor":0,"opponent_armor":0,"my_hand":4,"opponent_hand":5,"my_board":[{"card_name":"Piloted Shredder","card_health":3,"card_attack":4},{"card_name":"Piloted Shredder","card_health":3,"card_attack":4}],"opponent_board":[{"card_name":"Edwin VanCleef","card_health":6,"card_attack":6},{"card_name":"Bloodmage Thalnos","card_health":1,"card_attack":1}]},{"turn":10,"cards_played":["Backstab","Fan of Knives","Dagger Mastery"],"current_player":"opponent","my_health":17,"opponent_health":24,"my_armor":0,"opponent_armor":0,"my_hand":4,"opponent_hand":6,"my_board":[{"card_name":"Faerie Dragon","card_health":2,"card_attack":3}],"opponent_board":[{"card_name":"Edwin VanCleef","card_health":6,"card_attack":6}]},{"turn":11,"cards_played":["Mad Scientist","Steady Shot"],"current_player":"me","my_health":17,"opponent_health":19,"my_armor":0,"opponent_armor":0,"my_hand":3,"opponent_hand":6,"my_board":[{"card_name":"Mad Scientist","card_health":2,"card_attack":2},{"card_name":"Faerie Dragon","card_health":2,"card_attack":3}],"opponent_board":[{"card_name":"Edwin VanCleef","card_health":6,"card_attack":6}]},{"turn":12,"cards_played":["Tinker's Sharpsword Oil","Blade Flurry"],"current_player":"opponent","my_health":3,"opponent_health":19,"my_armor":0,"opponent_armor":0,"my_hand":3,"opponent_hand":5,"my_board":[{"card_name":"Ironfur Grizzly","card_health":3,"card_attack":3}],"opponent_board":[{"card_name":"Edwin VanCleef","card_health":6,"card_attack":6}]},{"turn":13,"cards_played":["Dr. Boom"],"current_player":"me","my_health":3,"opponent_health":16,"my_armor":0,"opponent_armor":0,"my_hand":3,"opponent_hand":5,"my_board":[{"card_name":"Dr. Boom","card_health":7,"card_attack":7},{"card_name":"Ironfur Grizzly","card_health":3,"card_attack":3},{"card_name":"Boom Bot","card_health":1,"card_attack":1},{"card_name":"Boom Bot","card_health":1,"card_attack":1}],"opponent_board":[{"card_name":"Edwin VanCleef","card_health":6,"card_attack":6}]},{"turn":14,"cards_played":["SI:7 Agent","Eviscerate"],"current_player":"opponent","my_health":-1,"opponent_health":16,"my_armor":0,"opponent_armor":0,"my_hand":3,"opponent_hand":4,"my_board":[{"card_name":"Dr. Boom","card_health":7,"card_attack":7},{"card_name":"Ironfur Grizzly","card_health":3,"card_attack":3},{"card_name":"Boom Bot","card_health":1,"card_attack":1},{"card_name":"Boom Bot","card_health":1,"card_attack":1}],"opponent_board":[{"card_name":"Edwin VanCleef","card_health":6,"card_attack":6},{"card_name":"SI:7 Agent","card_health":3,"card_attack":3}]}],"result":"defeat"}