{"plays":[{"turn":1,"cards_played":[],"current_player":"opponent","my_health":30,"opponent_health":0,"my_armor":0,"opponent_armor":0,"my_hand":1,"opponent_hand":0,"my_board":[],"opponent_board":[]},{"turn":2,"cards_played":["The Coin","Haunted Creeper"],"current_player":"me","my_health":30,"opponent_health":30,"my_armor":0,"opponent_armor":0,"my_hand":4,"opponent_hand":4,"my_board":[{"card_name":"Haunted Creeper","card_health":2,"card_attack":1}],"opponent_board":[]},{"turn":3,"cards_played":["Haunted Creeper"],"current_player":"opponent","my_health":30,"opponent_health":30,"my_armor":0,"opponent_armor":0,"my_hand":4,"opponent_hand":4,"my_board":[{"card_name":"Haunted Creeper","card_health":2,"card_attack":1}],"opponent_board":[{"card_name":"Haunted Creeper","card_health":2,"card_attack":1}]},{"turn":4,"cards_played":[],"current_player":"me","my_health":30,"opponent_health":29,"my_armor":0,"opponent_armor":0,"my_hand":4,"opponent_hand":4,"my_board":[{"card_name":"Haunted Creeper","card_health":2,"card_attack":1}],"opponent_board":[{"card_name":"Haunted Creeper","card_health":2,"card_attack":1}]},{"turn":5,"cards_played":["Knife Juggler"],"current_player":"opponent","my_health":29,"opponent_health":29,"my_armor":0,"opponent_armor":0,"my_hand":4,"opponent_hand":4,"my_board":[{"card_name":"Haunted Creeper","card_health":2,"card_attack":1},{"card_name":"Ironfur Grizzly","card_health":3,"card_attack":3}],"opponent_board":[{"card_name":"Knife Juggler","card_health":2,"card_attack":3},{"card_name":"Haunted Creeper","card_health":2,"card_attack":1}]},{"turn":6,"cards_played":["Eaglehorn Bow"],"current_player":"me","my_health":26,"opponent_health":25,"my_armor":0,"opponent_armor":0,"my_hand":4,"opponent_hand":4,"my_board":[{"card_name":"Haunted Creeper","card_health":2,"card_attack":1},{"card_name":"Ironfur Grizzly","card_health":3,"card_attack":3}],"opponent_board":[{"card_name":"Haunted Creeper","card_health":2,"card_attack":1}]},{"turn":7,"cards_played":["Voidwalker","Dire Wolf Alpha"],"current_player":"opponent","my_health":26,"opponent_health":25,"my_armor":0,"opponent_armor":0,"my_hand":4,"opponent_hand":3,"my_board":[{"card_name":"Haunted Creeper","card_health":2,"card_attack":1},{"card_name":"Ironfur Grizzly","card_health":1,"card_attack":3}],"opponent_board":[{"card_name":"Voidwalker","card_health":3,"card_attack":2},{"card_name":"Dire Wolf Alpha","card_health":2,"card_attack":2},{"card_name":"Spectral Spider","card_health":1,"card_attack":1},{"card_name":"Spectral Spider","card_health":1,"card_attack":1}]},{"turn":8,"cards_played":["Animal Companion"],"current_player":"me","my_health":24,"opponent_health":21,"my_armor":0,"opponent_armor":0,"my_hand":4,"opponent_hand":3,"my_board":[{"card_name":"Ironfur Grizzly","card_health":1,"card_attack":4},{"card_name":"Leokk","card_health":4,"card_attack":2},{"card_name":"Spectral Spider","card_health":1,"card_attack":2},{"card_name":"Spectral Spider","card_health":1,"card_attack":2}],"opponent_board":[{"card_name":"Spectral Spider","card_health":1,"card_attack":1},{"card_name":"Spectral Spider","card_health":1,"card_attack":1}]},{"turn":9,"cards_played":["Doomguard"],"current_player":"opponent","my_health":24,"opponent_health":21,"my_armor":0,"opponent_armor":0,"my_hand":4,"opponent_hand":1,"my_board":[{"card_name":"Spectral Spider","card_health":1,"card_attack":1}],"opponent_board":[{"card_name":"Doomguard","card_health":5,"card_attack":5}]},{"turn":10,"cards_played":["Hunter's Mark","King's Elekk"],"current_player":"me","my_health":24,"opponent_health":21,"my_armor":0,"opponent_armor":0,"my_hand":2,"opponent_hand":1,"my_board":[{"card_name":"King's Elekk","card_health":2,"card_attack":3}],"opponent_board":[]},{"turn":11,"cards_played":["Void Terror","Imp Gang Boss"],"current_player":"opponent","my_health":24,"opponent_health":21,"my_armor":0,"opponent_armor":0,"my_hand":2,"opponent_hand":0,"my_board":[{"card_name":"King's Elekk","card_health":2,"card_attack":3}],"opponent_board":[{"card_name":"Void Terror","card_health":3,"card_attack":3},{"card_name":"Imp Gang Boss","card_health":4,"card_attack":2}]},{"turn":12,"cards_played":["Ironbeak Owl","Steady Shot","Flare"],"current_player":"me","my_health":24,"opponent_health":16,"my_armor":0,"opponent_armor":0,"my_hand":2,"opponent_hand":0,"my_board":[{"card_name":"King's Elekk","card_health":2,"card_attack":3},{"card_name":"Ironbeak Owl","card_health":1,"card_attack":2}],"opponent_board":[{"card_name":"Void Terror","card_health":3,"card_attack":3},{"card_name":"Imp Gang Boss","card_health":4,"card_attack":2}]},{"turn":13,"cards_played":["Imp-losion","Life Tap"],"current_player":"opponent","my_health":24,"opponent_health":14,"my_armor":0,"opponent_armor":0,"my_hand":2,"opponent_hand":2,"my_board":[],"opponent_board":[{"card_name":"Void Terror","card_health":1,"card_attack":3},{"card_name":"Imp","card_health":1,"card_attack":1},{"card_name":"Imp","card_health":1,"card_attack":1}]},{"turn":14,"cards_played":["Savannah Highmane"],"current_player":"me","my_health":24,"opponent_health":14,"my_armor":0,"opponent_armor":0,"my_hand":2,"opponent_hand":2,"my_board":[{"card_name":"Savannah Highmane","card_health":5,"card_attack":6}],"opponent_board":[{"card_name":"Void Terror","card_health":1,"card_attack":3},{"card_name":"Imp","card_health":1,"card_attack":1},{"card_name":"Imp","card_health":1,"card_attack":1}]},{"turn":15,"cards_played":["Power Overwhelming","Imp Gang Boss"],"current_player":"opponent","my_health":23,"opponent_health":14,"my_armor":0,"opponent_armor":0,"my_hand":2,"opponent_hand":1,"my_board":[{"card_name":"Hyena","card_health":2,"card_attack":2}],"opponent_board":[{"card_name":"Imp Gang Boss","card_health":4,"card_attack":2},{"card_name":"Imp","card_health":1,"card_attack":1}]},{"turn":16,"cards_played":["Loatheb","Eaglehorn Bow"],"current_player":"me","my_health":23,"opponent_health":9,"my_armor":0,"opponent_armor":0,"my_hand":1,"opponent_hand":1,"my_board":[{"card_name":"Loatheb","card_health":5,"card_attack":5},{"card_name":"Hyena","card_health":2,"card_attack":2}],"opponent_board":[{"card_name":"Imp Gang Boss","card_health":4,"card_attack":2},{"card_name":"Imp","card_health":1,"card_attack":1}]},{"turn":17,"cards_played":["Life Tap","Knife Juggler","Defender of Argus"],"current_player":"opponent","my_health":21,"opponent_health":7,"my_armor":0,"opponent_armor":0,"my_hand":1,"opponent_hand":1,"my_board":[{"card_name":"Loatheb","card_health":4,"card_attack":5}],"opponent_board":[{"card_name":"Defender of Argus","card_health":3,"card_attack":2},{"card_name":"Knife Juggler","card_health":2,"card_attack":3},{"card_name":"Imp Gang Boss","card_health":2,"card_attack":2},{"card_name":"Imp","card_health":2,"card_attack":2},{"card_name":"Imp","card_health":2,"card_attack":2}]},{"turn":18,"cards_played":["Unleash the Hounds"],"current_player":"me","my_health":21,"opponent_health":7,"my_armor":0,"opponent_armor":0,"my_hand":1,"opponent_hand":1,"my_board":[{"card_name":"Loatheb","card_health":4,"card_attack":5},{"card_name":"Hound","card_health":1,"card_attack":1},{"card_name":"Hound","card_health":1,"card_attack":1}],"opponent_board":[{"card_name":"Defender of Argus","card_health":3,"card_attack":2},{"card_name":"Knife Juggler","card_health":2,"card_attack":3},{"card_name":"Imp Gang Boss","card_health":2,"card_attack":2},{"card_name":"Imp","card_health":1,"card_attack":2}]}],"result":"victory"}