{"plays":[{"turn":1,"cards_played":[],"current_player":"opponent","my_health":30,"opponent_health":0,"my_armor":0,"opponent_armor":0,"my_hand":1,"opponent_hand":0,"my_board":[],"opponent_board":[]},{"turn":2,"cards_played":["Clockwork Gnome","Mana Wyrm","The Coin","Arcane Blast"],"current_player":"opponent","my_health":30,"opponent_health":30,"my_armor":0,"opponent_armor":0,"my_hand":4,"opponent_hand":3,"my_board":[],"opponent_board":[{"card_name":"Mana Wyrm","card_health":3,"card_attack":3}]},{"turn":3,"cards_played":["Quick Shot"],"current_player":"me","my_health":30,"opponent_health":30,"my_armor":0,"opponent_armor":0,"my_hand":4,"opponent_hand":3,"my_board":[],"opponent_board":[]},{"turn":4,"cards_played":["Unstable Portal","Snowchugger"],"current_player":"opponent","my_health":30,"opponent_health":30,"my_armor":0,"opponent_armor":0,"my_hand":4,"opponent_hand":3,"my_board":[],"opponent_board":[{"card_name":"Snowchugger","card_health":3,"card_attack":2}]},{"turn":5,"cards_played":["Haunted Creeper","Emergency Coolant"],"current_player":"me","my_health":30,"opponent_health":30,"my_armor":0,"opponent_armor":0,"my_hand":3,"opponent_hand":3,"my_board":[{"card_name":"Haunted Creeper","card_health":2,"card_attack":1}],"opponent_board":[{"card_name":"Snowchugger","card_health":3,"card_attack":2}]},{"turn":6,"cards_played":[],"current_player":"opponent","my_health":30,"opponent_health":30,"my_armor":0,"opponent_armor":0,"my_hand":3,"opponent_hand":3,"my_board":[{"card_name":"Haunted Creeper","card_health":2,"card_attack":1}],"opponent_board":[{"card_name":"Snowchugger","card_health":3,"card_attack":2}]},{"turn":7,"cards_played":["Steady Shot"],"current_player":"me","my_health":30,"opponent_health":27,"my_armor":0,"opponent_armor":0,"my_hand":3,"opponent_hand":3,"my_board":[{"card_name":"Haunted Creeper","card_health":2,"card_attack":1}],"opponent_board":[{"card_name":"Snowchugger","card_health":3,"card_attack":2}]},{"turn":8,"cards_played":["Frostbolt","Fireblast","Fireblast"],"current_player":"opponent","my_health":27,"opponent_health":27,"my_armor":0,"opponent_armor":0,"my_hand":3,"opponent_hand":3,"my_board":[{"card_name":"Haunted Creeper","card_health":2,"card_attack":1}],"opponent_board":[{"card_name":"Snowchugger","card_health":3,"card_attack":2}]},{"turn":9,"cards_played":["Mad Scientist"],"current_player":"me","my_health":27,"opponent_health":26,"my_armor":0,"opponent_armor":0,"my_hand":2,"opponent_hand":3,"my_board":[{"card_name":"Mad Scientist","card_health":2,"card_attack":2},{"card_name":"Haunted Creeper","card_health":2,"card_attack":1}],"opponent_board":[{"card_name":"Snowchugger","card_health":3,"card_attack":2},{"card_name":"Mad Scientist","card_health":2,"card_attack":2}]},{"turn":10,"cards_played":["Azure Drake"],"current_player":"opponent","my_health":27,"opponent_health":26,"my_armor":0,"opponent_armor":0,"my_hand":2,"opponent_hand":5,"my_board":[{"card_name":"Haunted Creeper","card_health":2,"card_attack":1},{"card_name":"Snake","card_health":1,"card_attack":1},{"card_name":"Snake","card_health":1,"card_attack":1},{"card_name":"Snake","card_health":1,"card_attack":1}],"opponent_board":[{"card_name":"Azure Drake","card_health":4,"card_attack":4}]},{"turn":11,"cards_played":["Eaglehorn Bow","Kill Command"],"current_player":"me","my_health":27,"opponent_health":25,"my_armor":0,"opponent_armor":0,"my_hand":1,"opponent_hand":5,"my_board":[{"card_name":"Haunted Creeper","card_health":2,"card_attack":1},{"card_name":"Snake","card_health":1,"card_attack":1},{"card_name":"Snake","card_health":1,"card_attack":1},{"card_name":"Snake","card_health":1,"card_attack":1}],"opponent_board":[{"card_name":"Earth Elemental","card_health":8,"card_attack":7}]}],"result":"defeat"}