{"plays":[{"turn":1,"cards_played":[],"current_player":"me","my_health":0,"opponent_health":30,"my_armor":0,"opponent_armor":0,"my_hand":0,"opponent_hand":1,"my_board":[],"opponent_board":[]},{"turn":2,"cards_played":["Leper Gnome"],"current_player":"opponent","my_health":30,"opponent_health":30,"my_armor":0,"opponent_armor":0,"my_hand":4,"opponent_hand":5,"my_board":[],"opponent_board":[{"card_name":"Leper Gnome","card_health":1,"card_attack":2}]},{"turn":3,"cards_played":["Amani Berserker"],"current_player":"me","my_health":30,"opponent_health":30,"my_armor":0,"opponent_armor":0,"my_hand":4,"opponent_hand":5,"my_board":[{"card_name":"Amani Berserker","card_health":3,"card_attack":2}],"opponent_board":[{"card_name":"Leper Gnome","card_health":1,"card_attack":2}]},{"turn":4,"cards_played":["Fireblast","Fireblast"],"current_player":"opponent","my_health":30,"opponent_health":30,"my_armor":0,"opponent_armor":0,"my_hand":4,"opponent_hand":6,"my_board":[],"opponent_board":[]},{"turn":5,"cards_played":["Animal Companion"],"current_player":"me","my_health":28,"opponent_health":26,"my_armor":0,"opponent_armor":0,"my_hand":4,"opponent_hand":6,"my_board":[{"card_name":"Huffer","card_health":2,"card_attack":4}],"opponent_board":[]},{"turn":6,"cards_played":["Wolfrider"],"current_player":"opponent","my_health":28,"opponent_health":26,"my_armor":0,"opponent_armor":0,"my_hand":4,"opponent_hand":6,"my_board":[],"opponent_board":[]},{"turn":7,"cards_played":["Mad Bomber","Faerie Dragon"],"current_player":"me","my_health":28,"opponent_health":23,"my_armor":0,"opponent_armor":0,"my_hand":3,"opponent_hand":6,"my_board":[{"card_name":"Faerie Dragon","card_health":2,"card_attack":3},{"card_name":"Mad Bomber","card_health":2,"card_attack":3}],"opponent_board":[]},{"turn":8,"cards_played":["Arcane Explosion","Fireblast","Fireblast"],"current_player":"opponent","my_health":28,"opponent_health":23,"my_armor":0,"opponent_armor":0,"my_hand":3,"opponent_hand":6,"my_board":[{"card_name":"Faerie Dragon","card_health":1,"card_attack":3}],"opponent_board":[]},{"turn":9,"cards_played":["Steady Shot","Annoy-o-Tron"],"current_player":"me","my_health":28,"opponent_health":18,"my_armor":0,"opponent_armor":0,"my_hand":3,"opponent_hand":6,"my_board":[{"card_name":"Annoy-o-Tron","card_health":2,"card_attack":1},{"card_name":"Faerie Dragon","card_health":1,"card_attack":3}],"opponent_board":[]},{"turn":10,"cards_played":["Darkscale Healer"],"current_player":"opponent","my_health":28,"opponent_health":18,"my_armor":0,"opponent_armor":0,"my_hand":3,"opponent_hand":6,"my_board":[{"card_name":"Annoy-o-Tron","card_health":2,"card_attack":1},{"card_name":"Faerie Dragon","card_health":1,"card_attack":3}],"opponent_board":[{"card_name":"Darkscale Healer","card_health":5,"card_attack":4}]},{"turn":11,"cards_played":["Savannah Highmane"],"current_player":"me","my_health":28,"opponent_health":16,"my_armor":0,"opponent_armor":0,"my_hand":3,"opponent_hand":6,"my_board":[{"card_name":"Annoy-o-Tron","card_health":2,"card_attack":1},{"card_name":"Faerie Dragon","card_health":1,"card_attack":3},{"card_name":"Savannah Highmane","card_health":5,"card_attack":6}],"opponent_board":[{"card_name":"Darkscale Healer","card_health":5,"card_attack":4}]},{"turn":12,"cards_played":["The Coin","Flamestrike"],"current_player":"opponent","my_health":28,"opponent_health":16,"my_armor":0,"opponent_armor":0,"my_hand":3,"opponent_hand":5,"my_board":[{"card_name":"Savannah Highmane","card_health":1,"card_attack":6}],"opponent_board":[{"card_name":"Darkscale Healer","card_health":4,"card_attack":4}]},{"turn":13,"cards_played":["Animal Companion","Webspinner","Steady Shot"],"current_player":"me","my_health":28,"opponent_health":7,"my_armor":0,"opponent_armor":0,"my_hand":2,"opponent_hand":5,"my_board":[{"card_name":"Savannah Highmane","card_health":1,"card_attack":7},{"card_name":"Webspinner","card_health":1,"card_attack":2},{"card_name":"Leokk","card_health":4,"card_attack":2}],"opponent_board":[{"card_name":"Darkscale Healer","card_health":4,"card_attack":4}]},{"turn":14,"cards_played":["Faceless Manipulator","Fireblast","Fireblast"],"current_player":"opponent","my_health":28,"opponent_health":7,"my_armor":0,"opponent_armor":0,"my_hand":2,"opponent_hand":5,"my_board":[{"card_name":"Webspinner","card_health":1,"card_attack":1},{"card_name":"Hyena","card_health":2,"card_attack":2},{"card_name":"Hyena","card_health":2,"card_attack":2}],"opponent_board":[{"card_name":"Darkscale Healer","card_health":2,"card_attack":4},{"card_name":"Savannah Highmane","card_health":1,"card_attack":6}]}],"result":"victory"}