{"plays":[{"turn":1,"cards_played":[],"current_player":"me","my_health":0,"opponent_health":30,"my_armor":0,"opponent_armor":0,"my_hand":0,"opponent_hand":1,"my_board":[],"opponent_board":[]},{"turn":2,"cards_played":["Clockwork Gnome"],"current_player":"me","my_health":30,"opponent_health":30,"my_armor":0,"opponent_armor":0,"my_hand":5,"opponent_hand":4,"my_board":[{"card_name":"Clockwork Gnome","card_health":1,"card_attack":2}],"opponent_board":[]},{"turn":3,"cards_played":["Armor Up!"],"current_player":"opponent","my_health":30,"opponent_health":30,"my_armor":0,"opponent_armor":2,"my_hand":5,"opponent_hand":5,"my_board":[{"card_name":"Clockwork Gnome","card_health":1,"card_attack":2}],"opponent_board":[]},{"turn":4,"cards_played":["The Coin","Animal Companion"],"current_player":"me","my_health":30,"opponent_health":29,"my_armor":0,"opponent_armor":0,"my_hand":4,"opponent_hand":5,"my_board":[{"card_name":"Clockwork Gnome","card_health":1,"card_attack":3},{"card_name":"Leokk","card_health":4,"card_attack":2}],"opponent_board":[]},{"turn":5,"cards_played":["Shield Block"],"current_player":"opponent","my_health":30,"opponent_health":29,"my_armor":0,"opponent_armor":5,"my_hand":4,"opponent_hand":6,"my_board":[{"card_name":"Clockwork Gnome","card_health":1,"card_attack":3},{"card_name":"Leokk","card_health":4,"card_attack":2}],"opponent_board":[]},{"turn":6,"cards_played":["Eaglehorn Bow"],"current_player":"me","my_health":30,"opponent_health":26,"my_armor":0,"opponent_armor":0,"my_hand":4,"opponent_hand":6,"my_board":[{"card_name":"Clockwork Gnome","card_health":1,"card_attack":3},{"card_name":"Leokk","card_health":4,"card_attack":2}],"opponent_board":[]},{"turn":7,"cards_played":["Death's Bite"],"current_player":"opponent","my_health":30,"opponent_health":24,"my_armor":0,"opponent_armor":0,"my_hand":4,"opponent_hand":6,"my_board":[{"card_name":"Clockwork Gnome","card_health":1,"card_attack":3}],"opponent_board":[]},{"turn":8,"cards_played":[],"current_player":"me","my_health":30,"opponent_health":22,"my_armor":0,"opponent_armor":0,"my_hand":3,"opponent_hand":6,"my_board":[{"card_name":"Clockwork Gnome","card_health":1,"card_attack":2}],"opponent_board":[]},{"turn":9,"cards_played":["Harrison Jones"],"current_player":"opponent","my_health":26,"opponent_health":20,"my_armor":0,"opponent_armor":0,"my_hand":4,"opponent_hand":9,"my_board":[{"card_name":"Ironfur Grizzly","card_health":2,"card_attack":3}],"opponent_board":[{"card_name":"Harrison Jones","card_health":4,"card_attack":5}]},{"turn":10,"cards_played":["Knife Juggler"],"current_player":"me","my_health":26,"opponent_health":17,"my_armor":0,"opponent_armor":0,"my_hand":3,"opponent_hand":9,"my_board":[{"card_name":"Knife Juggler","card_health":2,"card_attack":3},{"card_name":"Ironfur Grizzly","card_health":2,"card_attack":3}],"opponent_board":[{"card_name":"Harrison Jones","card_health":4,"card_attack":5}]},{"turn":11,"cards_played":["Bash","Armor Up!"],"current_player":"opponent","my_health":26,"opponent_health":17,"my_armor":0,"opponent_armor":5,"my_hand":3,"opponent_hand":9,"my_board":[{"card_name":"Snake","card_health":1,"card_attack":1},{"card_name":"Snake","card_health":1,"card_attack":1},{"card_name":"Snake","card_health":1,"card_attack":1}],"opponent_board":[{"card_name":"Harrison Jones","card_health":1,"card_attack":5}]},{"turn":12,"cards_played":["Haunted Creeper","Steady Shot"],"current_player":"me","my_health":26,"opponent_health":17,"my_armor":0,"opponent_armor":1,"my_hand":3,"opponent_hand":9,"my_board":[{"card_name":"Haunted Creeper","card_health":2,"card_attack":1},{"card_name":"Snake","card_health":1,"card_attack":1},{"card_name":"Snake","card_health":1,"card_attack":1}],"opponent_board":[]},{"turn":13,"cards_played":["Death's Bite","Armor Up!"],"current_player":"opponent","my_health":22,"opponent_health":17,"my_armor":0,"opponent_armor":3,"my_hand":3,"opponent_hand":9,"my_board":[{"card_name":"Haunted Creeper","card_health":2,"card_attack":1},{"card_name":"Snake","card_health":1,"card_attack":1},{"card_name":"Snake","card_health":1,"card_attack":1}],"opponent_board":[]},{"turn":14,"cards_played":["Mad Scientist","Steady Shot"],"current_player":"me","my_health":22,"opponent_health":15,"my_armor":0,"opponent_armor":0,"my_hand":3,"opponent_hand":9,"my_board":[{"card_name":"Haunted Creeper","card_health":2,"card_attack":1},{"card_name":"Mad Scientist","card_health":2,"card_attack":2},{"card_name":"Snake","card_health":1,"card_attack":1},{"card_name":"Snake","card_health":1,"card_attack":1}],"opponent_board":[]},{"turn":15,"cards_played":["Armorsmith","Shieldmaiden"],"current_player":"opponent","my_health":22,"opponent_health":15,"my_armor":0,"opponent_armor":6,"my_hand":3,"opponent_hand":8,"my_board":[{"card_name":"Mad Scientist","card_health":1,"card_attack":2}],"opponent_board":[{"card_name":"Armorsmith","card_health":3,"card_attack":1},{"card_name":"Shieldmaiden","card_health":4,"card_attack":5}]},{"turn":16,"cards_played":["Lock and Load","Unleash the Hounds","Quick Shot","Finicky Cloakfield"],"current_player":"me","my_health":22,"opponent_health":15,"my_armor":0,"opponent_armor":3,"my_hand":3,"opponent_hand":8,"my_board":[{"card_name":"Mad Scientist","card_health":1,"card_attack":2},{"card_name":"Hound","card_health":1,"card_attack":1},{"card_name":"Hound","card_health":1,"card_attack":1}],"opponent_board":[{"card_name":"Shieldmaiden","card_health":4,"card_attack":5}]},{"turn":17,"cards_played":["Dr. Boom","Armor Up!"],"current_player":"opponent","my_health":17,"opponent_health":15,"my_armor":0,"opponent_armor":5,"my_hand":3,"opponent_hand":8,"my_board":[{"card_name":"Mad Scientist","card_health":1,"card_attack":2},{"card_name":"Hound","card_health":1,"card_attack":1},{"card_name":"Hound","card_health":1,"card_attack":1}],"opponent_board":[{"card_name":"Dr. Boom","card_health":7,"card_attack":7},{"card_name":"Shieldmaiden","card_health":4,"card_attack":5},{"card_name":"Boom Bot","card_health":1,"card_attack":1},{"card_name":"Boom Bot","card_health":1,"card_attack":1}]},{"turn":18,"cards_played":["Kill Command","Explosive Shot"],"current_player":"me","my_health":15,"opponent_health":15,"my_armor":0,"opponent_armor":3,"my_hand":2,"opponent_hand":8,"my_board":[{"card_name":"Hound","card_health":1,"card_attack":1}],"opponent_board":[]},{"turn":19,"cards_played":["Emperor Thaurissan","Armorsmith","Armor Up!"],"current_player":"opponent","my_health":15,"opponent_health":15,"my_armor":0,"opponent_armor":5,"my_hand":2,"opponent_hand":7,"my_board":[{"card_name":"Hound","card_health":1,"card_attack":1}],"opponent_board":[{"card_name":"Emperor Thaurissan","card_health":5,"card_attack":5},{"card_name":"Armorsmith","card_health":4,"card_attack":1}]},{"turn":20,"cards_played":["Lock and Load","Lock and Load","Arcane Shot","Timber Wolf","Steady Shot"],"current_player":"me","my_health":15,"opponent_health":15,"my_armor":0,"opponent_armor":5,"my_hand":3,"opponent_hand":7,"my_board":[{"card_name":"Timber Wolf","card_health":1,"card_attack":1}],"opponent_board":[{"card_name":"Emperor Thaurissan","card_health":5,"card_attack":5}]},{"turn":21,"cards_played":["Emperor Thaurissan","Armor Up!"],"current_player":"opponent","my_health":15,"opponent_health":15,"my_armor":0,"opponent_armor":7,"my_hand":3,"opponent_hand":8,"my_board":[{"card_name":"Timber Wolf","card_health":1,"card_attack":1}],"opponent_board":[{"card_name":"Emperor Thaurissan","card_health":5,"card_attack":5}]},{"turn":22,"cards_played":["Ball of Spiders","Haunted Creeper","Steady Shot"],"current_player":"me","my_health":15,"opponent_health":15,"my_armor":0,"opponent_armor":4,"my_hand":2,"opponent_hand":8,"my_board":[{"card_name":"Haunted Creeper","card_health":2,"card_attack":2},{"card_name":"Timber Wolf","card_health":1,"card_attack":1},{"card_name":"Webspinner","card_health":1,"card_attack":2},{"card_name":"Webspinner","card_health":1,"card_attack":2},{"card_name":"Webspinner","card_health":1,"card_attack":2}],"opponent_board":[{"card_name":"Emperor Thaurissan","card_health":5,"card_attack":5}]},{"turn":23,"cards_played":["Grommash Hellscream","Shield Slam"],"current_player":"opponent","my_health":0,"opponent_health":15,"my_armor":0,"opponent_armor":2,"my_hand":2,"opponent_hand":7,"my_board":[{"card_name":"Haunted Creeper","card_health":2,"card_attack":2},{"card_name":"Timber Wolf","card_health":1,"card_attack":1},{"card_name":"Webspinner","card_health":1,"card_attack":2},{"card_name":"Webspinner","card_health":1,"card_attack":2},{"card_name":"Webspinner","card_health":1,"card_attack":2}],"opponent_board":[{"card_name":"Grommash Hellscream","card_health":7,"card_attack":10},{"card_name":"Emperor Thaurissan","card_health":3,"card_attack":5}]}],"result":"defeat"}