{"plays":[{"turn":1,"cards_played":[],"current_player":"opponent","my_health":0,"opponent_health":0,"my_armor":0,"opponent_armor":0,"my_hand":1,"opponent_hand":0,"my_board":[],"opponent_board":[]},{"turn":2,"cards_played":[],"current_player":"me","my_health":30,"opponent_health":30,"my_armor":0,"opponent_armor":0,"my_hand":6,"opponent_hand":4,"my_board":[],"opponent_board":[]},{"turn":3,"cards_played":["Shapeshift"],"current_player":"opponent","my_health":29,"opponent_health":30,"my_armor":0,"opponent_armor":1,"my_hand":6,"opponent_hand":5,"my_board":[],"opponent_board":[]},{"turn":4,"cards_played":["King's Elekk"],"current_player":"me","my_health":29,"opponent_health":30,"my_armor":0,"opponent_armor":1,"my_hand":6,"opponent_hand":5,"my_board":[{"card_name":"King's Elekk","card_health":2,"card_attack":3}],"opponent_board":[]},{"turn":5,"cards_played":["Shade of Naxxramas"],"current_player":"opponent","my_health":29,"opponent_health":30,"my_armor":0,"opponent_armor":1,"my_hand":6,"opponent_hand":5,"my_board":[{"card_name":"King's Elekk","card_health":2,"card_attack":3}],"opponent_board":[{"card_name":"Shade of Naxxramas","card_health":2,"card_attack":2}]},{"turn":6,"cards_played":["The Coin","Twilight Guardian"],"current_player":"me","my_health":29,"opponent_health":28,"my_armor":0,"opponent_armor":0,"my_hand":5,"opponent_hand":5,"my_board":[{"card_name":"King's Elekk","card_health":2,"card_attack":3},{"card_name":"Twilight Guardian","card_health":6,"card_attack":3}],"opponent_board":[{"card_name":"Shade of Naxxramas","card_health":2,"card_attack":2}]},{"turn":7,"cards_played":["Keeper of the Grove"],"current_player":"opponent","my_health":29,"opponent_health":28,"my_armor":0,"opponent_armor":0,"my_hand":5,"opponent_hand":5,"my_board":[{"card_name":"Twilight Guardian","card_health":6,"card_attack":3}],"opponent_board":[{"card_name":"Shade of Naxxramas","card_health":3,"card_attack":3},{"card_name":"Keeper of the Grove","card_health":4,"card_attack":2}]},{"turn":8,"cards_played":["Wild Pyromancer","Steady Shot"],"current_player":"me","my_health":29,"opponent_health":23,"my_armor":0,"opponent_armor":0,"my_hand":5,"opponent_hand":5,"my_board":[{"card_name":"Wild Pyromancer","card_health":2,"card_attack":3},{"card_name":"Twilight Guardian","card_health":6,"card_attack":3}],"opponent_board":[{"card_name":"Shade of Naxxramas","card_health":3,"card_attack":3},{"card_name":"Keeper of the Grove","card_health":4,"card_attack":2}]},{"turn":9,"cards_played":["Druid of the Claw"],"current_player":"opponent","my_health":29,"opponent_health":23,"my_armor":0,"opponent_armor":0,"my_hand":5,"opponent_hand":5,"my_board":[{"card_name":"Wild Pyromancer","card_health":2,"card_attack":3},{"card_name":"Twilight Guardian","card_health":6,"card_attack":3}],"opponent_board":[{"card_name":"Shade of Naxxramas","card_health":4,"card_attack":4},{"card_name":"Keeper of the Grove","card_health":4,"card_attack":2},{"card_name":"Druid of the Claw","card_health":6,"card_attack":4}]},{"turn":10,"cards_played":["Hunter's Mark","Azure Drake"],"current_player":"me","my_health":29,"opponent_health":20,"my_armor":0,"opponent_armor":0,"my_hand":5,"opponent_hand":5,"my_board":[{"card_name":"Azure Drake","card_health":4,"card_attack":4},{"card_name":"Twilight Guardian","card_health":5,"card_attack":3}],"opponent_board":[{"card_name":"Shade of Naxxramas","card_health":3,"card_attack":4}]},{"turn":11,"cards_played":["Swipe","Darnassus Aspirant"],"current_player":"opponent","my_health":28,"opponent_health":20,"my_armor":0,"opponent_armor":0,"my_hand":5,"opponent_hand":4,"my_board":[],"opponent_board":[{"card_name":"Shade of Naxxramas","card_health":1,"card_attack":5},{"card_name":"Darnassus Aspirant","card_health":3,"card_attack":2}]},{"turn":12,"cards_played":["Blackwing Corruptor"],"current_player":"me","my_health":28,"opponent_health":20,"my_armor":0,"opponent_armor":0,"my_hand":5,"opponent_hand":4,"my_board":[{"card_name":"Blackwing Corruptor","card_health":4,"card_attack":5}],"opponent_board":[{"card_name":"Darnassus Aspirant","card_health":3,"card_attack":2}]},{"turn":13,"cards_played":["Druid of the Claw","Innervate","Azure Drake"],"current_player":"opponent","my_health":26,"opponent_health":20,"my_armor":0,"opponent_armor":0,"my_hand":5,"opponent_hand":3,"my_board":[{"card_name":"Blackwing Corruptor","card_health":4,"card_attack":5}],"opponent_board":[{"card_name":"Azure Drake","card_health":4,"card_attack":4},{"card_name":"Darnassus Aspirant","card_health":3,"card_attack":2},{"card_name":"Druid of the Claw","card_health":6,"card_attack":4}]},{"turn":14,"cards_played":["Azure Drake","Quick Shot"],"current_player":"me","my_health":26,"opponent_health":20,"my_armor":0,"opponent_armor":0,"my_hand":5,"opponent_hand":3,"my_board":[{"card_name":"Blackwing Corruptor","card_health":4,"card_attack":5},{"card_name":"Azure Drake","card_health":4,"card_attack":4}],"opponent_board":[{"card_name":"Darnassus Aspirant","card_health":3,"card_attack":2},{"card_name":"Druid of the Claw","card_health":6,"card_attack":4}]},{"turn":15,"cards_played":["Dr. Boom","Raven Idol"],"current_player":"opponent","my_health":24,"opponent_health":20,"my_armor":0,"opponent_armor":0,"my_hand":5,"opponent_hand":3,"my_board":[{"card_name":"Blackwing Corruptor","card_health":4,"card_attack":5}],"opponent_board":[{"card_name":"Darnassus Aspirant","card_health":3,"card_attack":2},{"card_name":"Dr. Boom","card_health":7,"card_attack":7},{"card_name":"Druid of the Claw","card_health":2,"card_attack":4},{"card_name":"Boom Bot","card_health":1,"card_attack":1},{"card_name":"Boom Bot","card_health":1,"card_attack":1}]},{"turn":16,"cards_played":["Twilight Guardian","Acolyte of Pain"],"current_player":"me","my_health":24,"opponent_health":20,"my_armor":0,"opponent_armor":0,"my_hand":4,"opponent_hand":3,"my_board":[{"card_name":"Twilight Guardian","card_health":6,"card_attack":3},{"card_name":"Acolyte of Pain","card_health":3,"card_attack":1}],"opponent_board":[{"card_name":"Darnassus Aspirant","card_health":3,"card_attack":2},{"card_name":"Dr. Boom","card_health":7,"card_attack":7},{"card_name":"Boom Bot","card_health":1,"card_attack":1},{"card_name":"Boom Bot","card_health":1,"card_attack":1}]},{"turn":17,"cards_played":["Loatheb","Stranglethorn Tiger"],"current_player":"opponent","my_health":20,"opponent_health":20,"my_armor":0,"opponent_armor":0,"my_hand":4,"opponent_hand":2,"my_board":[{"card_name":"Acolyte of Pain","card_health":3,"card_attack":1}],"opponent_board":[{"card_name":"Darnassus Aspirant","card_health":3,"card_attack":2},{"card_name":"Dr. Boom","card_health":4,"card_attack":7},{"card_name":"Loatheb","card_health":5,"card_attack":5},{"card_name":"Boom Bot","card_health":1,"card_attack":1},{"card_name":"Boom Bot","card_health":1,"card_attack":1},{"card_name":"Stranglethorn Tiger","card_health":5,"card_attack":5}]},{"turn":18,"cards_played":[],"current_player":"me","my_health":16,"opponent_health":20,"my_armor":0,"opponent_armor":0,"my_hand":6,"opponent_hand":2,"my_board":[{"card_name":"Acolyte of Pain","card_health":2,"card_attack":1}],"opponent_board":[{"card_name":"Darnassus Aspirant","card_health":3,"card_attack":2},{"card_name":"Dr. Boom","card_health":4,"card_attack":7},{"card_name":"Loatheb","card_health":5,"card_attack":5},{"card_name":"Boom Bot","card_health":1,"card_attack":1},{"card_name":"Stranglethorn Tiger","card_health":5,"card_attack":5}]}],"result":"defeat"}