{"plays":[{"turn":1,"cards_played":[],"current_player":"me","my_health":0,"opponent_health":30,"my_armor":0,"opponent_armor":0,"my_hand":0,"opponent_hand":1,"my_board":[],"opponent_board":[]},{"turn":2,"cards_played":[],"current_player":"opponent","my_health":30,"opponent_health":30,"my_armor":0,"opponent_armor":0,"my_hand":4,"opponent_hand":6,"my_board":[],"opponent_board":[]},{"turn":3,"cards_played":["King's Elekk"],"current_player":"me","my_health":30,"opponent_health":30,"my_armor":0,"opponent_armor":0,"my_hand":5,"opponent_hand":6,"my_board":[{"card_name":"King's Elekk","card_health":2,"card_attack":3}],"opponent_board":[]},{"turn":4,"cards_played":["Knife Juggler"],"current_player":"opponent","my_health":30,"opponent_health":30,"my_armor":0,"opponent_armor":0,"my_hand":5,"opponent_hand":6,"my_board":[{"card_name":"King's Elekk","card_health":2,"card_attack":3}],"opponent_board":[{"card_name":"Knife Juggler","card_health":2,"card_attack":3}]},{"turn":5,"cards_played":["Haunted Creeper"],"current_player":"me","my_health":30,"opponent_health":30,"my_armor":0,"opponent_armor":0,"my_hand":5,"opponent_hand":6,"my_board":[{"card_name":"Haunted Creeper","card_health":2,"card_attack":1}],"opponent_board":[]},{"turn":6,"cards_played":["The Coin","Voidcaller"],"current_player":"opponent","my_health":30,"opponent_health":30,"my_armor":0,"opponent_armor":0,"my_hand":5,"opponent_hand":5,"my_board":[{"card_name":"Haunted Creeper","card_health":2,"card_attack":1}],"opponent_board":[{"card_name":"Voidcaller","card_health":4,"card_attack":3}]},{"turn":7,"cards_played":["Knife Juggler"],"current_player":"me","my_health":30,"opponent_health":29,"my_armor":0,"opponent_armor":0,"my_hand":4,"opponent_hand":5,"my_board":[{"card_name":"Knife Juggler","card_health":2,"card_attack":3},{"card_name":"Haunted Creeper","card_health":2,"card_attack":1}],"opponent_board":[{"card_name":"Voidcaller","card_health":4,"card_attack":3}]},{"turn":8,"cards_played":["Voidwalker","Void Terror","Mal'Ganis"],"current_player":"opponent","my_health":30,"opponent_health":29,"my_armor":0,"opponent_armor":0,"my_hand":4,"opponent_hand":3,"my_board":[{"card_name":"Knife Juggler","card_health":2,"card_attack":3},{"card_name":"Haunted Creeper","card_health":2,"card_attack":1}],"opponent_board":[{"card_name":"Void Terror","card_health":7,"card_attack":6},{"card_name":"Mal'Ganis","card_health":7,"card_attack":9},{"card_name":"Voidwalker","card_health":3,"card_attack":1}]},{"turn":9,"cards_played":["Piloted Shredder"],"current_player":"me","my_health":30,"opponent_health":29,"my_armor":0,"opponent_armor":0,"my_hand":4,"opponent_hand":3,"my_board":[{"card_name":"Piloted Shredder","card_health":3,"card_attack":4},{"card_name":"Spectral Spider","card_health":1,"card_attack":1},{"card_name":"Spectral Spider","card_health":1,"card_attack":1}],"opponent_board":[{"card_name":"Void Terror","card_health":9,"card_attack":8},{"card_name":"Mal'Ganis","card_health":7,"card_attack":9}]},{"turn":10,"cards_played":["Imp-losion"],"current_player":"opponent","my_health":30,"opponent_health":29,"my_armor":0,"opponent_armor":0,"my_hand":4,"opponent_hand":4,"my_board":[{"card_name":"Spectral Spider","card_health":1,"card_attack":1},{"card_name":"Spectral Spider","card_health":1,"card_attack":1}],"opponent_board":[{"card_name":"Mal'Ganis","card_health":5,"card_attack":9},{"card_name":"Imp","card_health":3,"card_attack":3},{"card_name":"Imp","card_health":3,"card_attack":3},{"card_name":"Imp","card_health":3,"card_attack":3}]},{"turn":11,"cards_played":["Kill Command","Eaglehorn Bow"],"current_player":"me","my_health":30,"opponent_health":26,"my_armor":0,"opponent_armor":0,"my_hand":3,"opponent_hand":4,"my_board":[],"opponent_board":[{"card_name":"Imp","card_health":1,"card_attack":1},{"card_name":"Imp","card_health":1,"card_attack":1},{"card_name":"Imp","card_health":1,"card_attack":1}]},{"turn":12,"cards_played":["Power Overwhelming","Void Terror"],"current_player":"opponent","my_health":23,"opponent_health":26,"my_armor":0,"opponent_armor":0,"my_hand":3,"opponent_hand":3,"my_board":[],"opponent_board":[{"card_name":"Void Terror","card_health":8,"card_attack":8},{"card_name":"Imp","card_health":1,"card_attack":1},{"card_name":"Imp","card_health":1,"card_attack":1}]},{"turn":13,"cards_played":["Savannah Highmane"],"current_player":"me","my_health":23,"opponent_health":26,"my_armor":0,"opponent_armor":0,"my_hand":3,"opponent_hand":3,"my_board":[{"card_name":"Savannah Highmane","card_health":5,"card_attack":6}],"opponent_board":[{"card_name":"Void Terror","card_health":8,"card_attack":8},{"card_name":"Imp","card_health":1,"card_attack":1},{"card_name":"Imp","card_health":1,"card_attack":1}]},{"turn":14,"cards_played":["Nerubian Egg","Imp-losion","Abusive Sergeant"],"current_player":"opponent","my_health":15,"opponent_health":26,"my_armor":0,"opponent_armor":0,"my_hand":3,"opponent_hand":1,"my_board":[{"card_name":"Hyena","card_health":2,"card_attack":2}],"opponent_board":[{"card_name":"Void Terror","card_health":8,"card_attack":8},{"card_name":"Abusive Sergeant","card_health":1,"card_attack":2},{"card_name":"Nerubian Egg","card_health":2,"card_attack":0},{"card_name":"Imp","card_health":1,"card_attack":1},{"card_name":"Imp","card_health":1,"card_attack":1},{"card_name":"Imp","card_health":1,"card_attack":1}]},{"turn":15,"cards_played":["Webspinner","Houndmaster"],"current_player":"me","my_health":15,"opponent_health":24,"my_armor":0,"opponent_armor":0,"my_hand":1,"opponent_hand":1,"my_board":[{"card_name":"Houndmaster","card_health":3,"card_attack":4},{"card_name":"Webspinner","card_health":3,"card_attack":3},{"card_name":"Hyena","card_health":2,"card_attack":2}],"opponent_board":[{"card_name":"Void Terror","card_health":8,"card_attack":8},{"card_name":"Abusive Sergeant","card_health":1,"card_attack":2},{"card_name":"Nerubian Egg","card_health":2,"card_attack":0},{"card_name":"Imp","card_health":1,"card_attack":1},{"card_name":"Imp","card_health":1,"card_attack":1},{"card_name":"Imp","card_health":1,"card_attack":1}]},{"turn":16,"cards_played":["Life Tap","Dire Wolf Alpha"],"current_player":"opponent","my_health":7,"opponent_health":22,"my_armor":0,"opponent_armor":0,"my_hand":2,"opponent_hand":2,"my_board":[{"card_name":"Houndmaster","card_health":3,"card_attack":4},{"card_name":"Ironfur Grizzly","card_health":2,"card_attack":3}],"opponent_board":[{"card_name":"Void Terror","card_health":8,"card_attack":9},{"card_name":"Dire Wolf Alpha","card_health":2,"card_attack":2},{"card_name":"Nerubian","card_health":4,"card_attack":4}]},{"turn":17,"cards_played":["Dr. Boom","Steady Shot"],"current_player":"me","my_health":5,"opponent_health":17,"my_armor":0,"opponent_armor":0,"my_hand":2,"opponent_hand":2,"my_board":[{"card_name":"Dr. Boom","card_health":7,"card_attack":7},{"card_name":"Ironfur Grizzly","card_health":2,"card_attack":3},{"card_name":"Boom Bot","card_health":1,"card_attack":1},{"card_name":"Boom Bot","card_health":1,"card_attack":1}],"opponent_board":[{"card_name":"Void Terror","card_health":8,"card_attack":8}]},{"turn":18,"cards_played":["Ironbeak Owl"],"current_player":"opponent","my_health":-3,"opponent_health":17,"my_armor":0,"opponent_armor":0,"my_hand":2,"opponent_hand":2,"my_board":[{"card_name":"Dr. Boom","card_health":7,"card_attack":7},{"card_name":"Ironfur Grizzly","card_health":2,"card_attack":3},{"card_name":"Boom Bot","card_health":1,"card_attack":1},{"card_name":"Boom Bot","card_health":1,"card_attack":1}],"opponent_board":[{"card_name":"Void Terror","card_health":8,"card_attack":8},{"card_name":"Ironbeak Owl","card_health":1,"card_attack":2}]}],"result":"defeat"}