{"plays":[{"turn":1,"cards_played":[],"current_player":"me","my_health":0,"opponent_health":30,"my_armor":0,"opponent_armor":0,"my_hand":0,"opponent_hand":1,"my_board":[],"opponent_board":[]},{"turn":2,"cards_played":["Mana Wyrm"],"current_player":"me","my_health":30,"opponent_health":30,"my_armor":0,"opponent_armor":0,"my_hand":6,"opponent_hand":3,"my_board":[],"opponent_board":[{"card_name":"Mana Wyrm","card_health":3,"card_attack":1}]},{"turn":3,"cards_played":["Fireblast","Fireblast"],"current_player":"opponent","my_health":28,"opponent_health":30,"my_armor":0,"opponent_armor":0,"my_hand":6,"opponent_hand":4,"my_board":[],"opponent_board":[{"card_name":"Mana Wyrm","card_health":3,"card_attack":1}]},{"turn":4,"cards_played":["The Coin","Eaglehorn Bow"],"current_player":"me","my_health":27,"opponent_health":30,"my_armor":0,"opponent_armor":0,"my_hand":5,"opponent_hand":4,"my_board":[],"opponent_board":[]},{"turn":5,"cards_played":["Fireblast"],"current_player":"opponent","my_health":26,"opponent_health":30,"my_armor":0,"opponent_armor":0,"my_hand":5,"opponent_hand":5,"my_board":[],"opponent_board":[]},{"turn":6,"cards_played":["Animal Companion"],"current_player":"me","my_health":26,"opponent_health":26,"my_armor":0,"opponent_armor":0,"my_hand":5,"opponent_hand":5,"my_board":[{"card_name":"Huffer","card_health":2,"card_attack":4}],"opponent_board":[]},{"turn":7,"cards_played":["Frostbolt","Fireblast"],"current_player":"opponent","my_health":25,"opponent_health":26,"my_armor":0,"opponent_armor":0,"my_hand":5,"opponent_hand":5,"my_board":[],"opponent_board":[]},{"turn":8,"cards_played":["Steady Shot"],"current_player":"me","my_health":25,"opponent_health":24,"my_armor":0,"opponent_armor":0,"my_hand":5,"opponent_hand":5,"my_board":[],"opponent_board":[]},{"turn":9,"cards_played":["Azure Drake"],"current_player":"opponent","my_health":25,"opponent_health":24,"my_armor":0,"opponent_armor":0,"my_hand":5,"opponent_hand":6,"my_board":[],"opponent_board":[{"card_name":"Azure Drake","card_health":4,"card_attack":4}]},{"turn":10,"cards_played":["Loatheb"],"current_player":"me","my_health":25,"opponent_health":24,"my_armor":0,"opponent_armor":0,"my_hand":5,"opponent_hand":6,"my_board":[{"card_name":"Loatheb","card_health":5,"card_attack":5}],"opponent_board":[{"card_name":"Azure Drake","card_health":4,"card_attack":4}]},{"turn":11,"cards_played":["Azure Drake"],"current_player":"opponent","my_health":25,"opponent_health":24,"my_armor":0,"opponent_armor":0,"my_hand":5,"opponent_hand":7,"my_board":[{"card_name":"Loatheb","card_health":5,"card_attack":5}],"opponent_board":[{"card_name":"Azure Drake","card_health":4,"card_attack":4},{"card_name":"Azure Drake","card_health":4,"card_attack":4}]},{"turn":12,"cards_played":["Unleash the Hounds","Quick Shot"],"current_player":"me","my_health":25,"opponent_health":23,"my_armor":0,"opponent_armor":0,"my_hand":4,"opponent_hand":7,"my_board":[{"card_name":"Loatheb","card_health":1,"card_attack":5},{"card_name":"Hound","card_health":1,"card_attack":1}],"opponent_board":[]},{"turn":13,"cards_played":["Flamewaker","Sorcerer's Apprentice","Mirror Image"],"current_player":"opponent","my_health":23,"opponent_health":23,"my_armor":0,"opponent_armor":0,"my_hand":4,"opponent_hand":4,"my_board":[],"opponent_board":[{"card_name":"Sorcerer's Apprentice","card_health":2,"card_attack":3},{"card_name":"Flamewaker","card_health":4,"card_attack":2},{"card_name":"Mirror Image","card_health":2,"card_attack":0},{"card_name":"Mirror Image","card_health":2,"card_attack":0}]},{"turn":14,"cards_played":["Flare","Haunted Creeper","Ironbeak Owl"],"current_player":"me","my_health":23,"opponent_health":23,"my_armor":0,"opponent_armor":0,"my_hand":3,"opponent_hand":4,"my_board":[{"card_name":"Haunted Creeper","card_health":2,"card_attack":1},{"card_name":"Ironbeak Owl","card_health":1,"card_attack":2}],"opponent_board":[{"card_name":"Sorcerer's Apprentice","card_health":2,"card_attack":3},{"card_name":"Flamewaker","card_health":4,"card_attack":2},{"card_name":"Mirror Image","card_health":2,"card_attack":0}]},{"turn":15,"cards_played":["Archmage Antonidas","Flamecannon","Arcane Missiles"],"current_player":"opponent","my_health":21,"opponent_health":23,"my_armor":0,"opponent_armor":0,"my_hand":3,"opponent_hand":4,"my_board":[],"opponent_board":[{"card_name":"Sorcerer's Apprentice","card_health":1,"card_attack":3},{"card_name":"Flamewaker","card_health":3,"card_attack":2},{"card_name":"Archmage Antonidas","card_health":7,"card_attack":5},{"card_name":"Mirror Image","card_health":2,"card_attack":0}]},{"turn":16,"cards_played":["Dr. Boom"],"current_player":"me","my_health":21,"opponent_health":23,"my_armor":0,"opponent_armor":0,"my_hand":3,"opponent_hand":4,"my_board":[{"card_name":"Dr. Boom","card_health":7,"card_attack":7},{"card_name":"Boom Bot","card_health":1,"card_attack":1},{"card_name":"Boom Bot","card_health":1,"card_attack":1}],"opponent_board":[{"card_name":"Sorcerer's Apprentice","card_health":1,"card_attack":3},{"card_name":"Flamewaker","card_health":3,"card_attack":2},{"card_name":"Archmage Antonidas","card_health":7,"card_attack":5},{"card_name":"Mirror Image","card_health":2,"card_attack":0}]},{"turn":17,"cards_played":["Fireball","Fireball","Fireball"],"current_player":"opponent","my_health":-2,"opponent_health":23,"my_armor":0,"opponent_armor":0,"my_hand":3,"opponent_hand":5,"my_board":[{"card_name":"Dr. Boom","card_health":7,"card_attack":7},{"card_name":"Boom Bot","card_health":1,"card_attack":1},{"card_name":"Boom Bot","card_health":1,"card_attack":1},{"card_name":"Ironfur Grizzly","card_health":3,"card_attack":3}],"opponent_board":[{"card_name":"Sorcerer's Apprentice","card_health":1,"card_attack":3},{"card_name":"Flamewaker","card_health":3,"card_attack":2},{"card_name":"Archmage Antonidas","card_health":7,"card_attack":5},{"card_name":"Mirror Image","card_health":2,"card_attack":0}]}],"result":"defeat"}