{"plays":[{"turn":1,"cards_played":[],"current_player":"opponent","my_health":30,"opponent_health":0,"my_armor":0,"opponent_armor":0,"my_hand":1,"opponent_hand":0,"my_board":[],"opponent_board":[]},{"turn":2,"cards_played":["Abusive Sergeant"],"current_player":"opponent","my_health":30,"opponent_health":30,"my_armor":0,"opponent_armor":0,"my_hand":3,"opponent_hand":6,"my_board":[{"card_name":"Abusive Sergeant","card_health":1,"card_attack":2}],"opponent_board":[]},{"turn":3,"cards_played":["Mad Scientist"],"current_player":"me","my_health":30,"opponent_health":28,"my_armor":0,"opponent_armor":0,"my_hand":3,"opponent_hand":6,"my_board":[{"card_name":"Abusive Sergeant","card_health":1,"card_attack":2},{"card_name":"Mad Scientist","card_health":2,"card_attack":2}],"opponent_board":[]},{"turn":4,"cards_played":["Backstab","The Coin","SI:7 Agent"],"current_player":"opponent","my_health":30,"opponent_health":28,"my_armor":0,"opponent_armor":0,"my_hand":3,"opponent_hand":4,"my_board":[],"opponent_board":[{"card_name":"SI:7 Agent","card_health":3,"card_attack":3}]},{"turn":5,"cards_played":["Leper Gnome","Quick Shot"],"current_player":"me","my_health":30,"opponent_health":28,"my_armor":0,"opponent_armor":0,"my_hand":2,"opponent_hand":4,"my_board":[{"card_name":"Leper Gnome","card_health":1,"card_attack":2}],"opponent_board":[]},{"turn":6,"cards_played":["Earthen Ring Farseer"],"current_player":"opponent","my_health":30,"opponent_health":28,"my_armor":0,"opponent_armor":0,"my_hand":2,"opponent_hand":4,"my_board":[{"card_name":"Leper Gnome","card_health":1,"card_attack":2}],"opponent_board":[{"card_name":"Earthen Ring Farseer","card_health":3,"card_attack":3}]},{"turn":7,"cards_played":["Knife Juggler","Abusive Sergeant"],"current_player":"me","my_health":30,"opponent_health":29,"my_armor":0,"opponent_armor":0,"my_hand":1,"opponent_hand":4,"my_board":[{"card_name":"Abusive Sergeant","card_health":1,"card_attack":2},{"card_name":"Knife Juggler","card_health":2,"card_attack":3}],"opponent_board":[]},{"turn":8,"cards_played":["Preparation","Fan of Knives","Dagger Mastery","Southsea Deckhand"],"current_player":"opponent","my_health":28,"opponent_health":24,"my_armor":0,"opponent_armor":0,"my_hand":1,"opponent_hand":3,"my_board":[{"card_name":"Ironfur Grizzly","card_health":3,"card_attack":3}],"opponent_board":[{"card_name":"Southsea Deckhand","card_health":1,"card_attack":2}]},{"turn":9,"cards_played":["Arcane Golem","Steady Shot"],"current_player":"me","my_health":28,"opponent_health":15,"my_armor":0,"opponent_armor":0,"my_hand":1,"opponent_hand":3,"my_board":[{"card_name":"Arcane Golem","card_health":2,"card_attack":4},{"card_name":"Ironfur Grizzly","card_health":3,"card_attack":3}],"opponent_board":[{"card_name":"Southsea Deckhand","card_health":1,"card_attack":2}]},{"turn":10,"cards_played":["Piloted Shredder","Eviscerate"],"current_player":"opponent","my_health":28,"opponent_health":15,"my_armor":0,"opponent_armor":0,"my_hand":1,"opponent_hand":2,"my_board":[],"opponent_board":[{"card_name":"Piloted Shredder","card_health":3,"card_attack":4}]},{"turn":11,"cards_played":["Arcane Golem","Steady Shot"],"current_player":"me","my_health":28,"opponent_health":9,"my_armor":0,"opponent_armor":0,"my_hand":1,"opponent_hand":2,"my_board":[{"card_name":"Arcane Golem","card_health":2,"card_attack":4}],"opponent_board":[{"card_name":"Piloted Shredder","card_health":3,"card_attack":4}]},{"turn":12,"cards_played":["Sludge Belcher","Dagger Mastery"],"current_player":"opponent","my_health":27,"opponent_health":9,"my_armor":0,"opponent_armor":0,"my_hand":1,"opponent_hand":2,"my_board":[],"opponent_board":[{"card_name":"Sludge Belcher","card_health":5,"card_attack":3},{"card_name":"Boneguard Lieutenant","card_health":2,"card_attack":3}]},{"turn":13,"cards_played":["Steady Shot"],"current_player":"me","my_health":27,"opponent_health":7,"my_armor":0,"opponent_armor":0,"my_hand":2,"opponent_hand":2,"my_board":[],"opponent_board":[{"card_name":"Sludge Belcher","card_health":5,"card_attack":3},{"card_name":"Boneguard Lieutenant","card_health":3,"card_attack":3}]},{"turn":14,"cards_played":["Sprint","Dagger Mastery"],"current_player":"opponent","my_health":20,"opponent_health":7,"my_armor":0,"opponent_armor":0,"my_hand":2,"opponent_hand":6,"my_board":[],"opponent_board":[{"card_name":"Sludge Belcher","card_health":5,"card_attack":3},{"card_name":"Boneguard Lieutenant","card_health":3,"card_attack":3}]},{"turn":15,"cards_played":["Knife Juggler","Ironbeak Owl","Unleash the Hounds"],"current_player":"me","my_health":20,"opponent_health":3,"my_armor":0,"opponent_armor":0,"my_hand":0,"opponent_hand":6,"my_board":[{"card_name":"Ironbeak Owl","card_health":1,"card_attack":2},{"card_name":"Knife Juggler","card_health":2,"card_attack":3},{"card_name":"Hound","card_health":1,"card_attack":1},{"card_name":"Hound","card_health":1,"card_attack":1}],"opponent_board":[{"card_name":"Sludge Belcher","card_health":5,"card_attack":3},{"card_name":"Boneguard Lieutenant","card_health":3,"card_attack":3}]},{"turn":16,"cards_played":["Tinker's Sharpsword Oil","Tinker's Sharpsword Oil","Blade Flurry"],"current_player":"opponent","my_health":-3,"opponent_health":3,"my_armor":0,"opponent_armor":0,"my_hand":0,"opponent_hand":4,"my_board":[],"opponent_board":[{"card_name":"Sludge Belcher","card_health":5,"card_attack":3},{"card_name":"Boneguard Lieutenant","card_health":3,"card_attack":6}]}],"result":"defeat"}