{"plays":[{"turn":1,"cards_played":[],"current_player":"me","my_health":0,"opponent_health":30,"my_armor":0,"opponent_armor":0,"my_hand":0,"opponent_hand":1,"my_board":[],"opponent_board":[]},{"turn":2,"cards_played":["The Coin","Murloc Tidehunter"],"current_player":"me","my_health":30,"opponent_health":30,"my_armor":0,"opponent_armor":0,"my_hand":4,"opponent_hand":4,"my_board":[{"card_name":"Murloc Tidehunter","card_health":1,"card_attack":2},{"card_name":"Murloc Scout","card_health":1,"card_attack":1}],"opponent_board":[]},{"turn":3,"cards_played":["Revenge"],"current_player":"opponent","my_health":30,"opponent_health":30,"my_armor":0,"opponent_armor":0,"my_hand":4,"opponent_hand":4,"my_board":[],"opponent_board":[]},{"turn":4,"cards_played":["Faerie Dragon"],"current_player":"me","my_health":30,"opponent_health":30,"my_armor":0,"opponent_armor":0,"my_hand":4,"opponent_hand":4,"my_board":[{"card_name":"Faerie Dragon","card_health":2,"card_attack":3}],"opponent_board":[]},{"turn":5,"cards_played":["Bloodsail Raider"],"current_player":"opponent","my_health":30,"opponent_health":30,"my_armor":0,"opponent_armor":0,"my_hand":4,"opponent_hand":4,"my_board":[{"card_name":"Faerie Dragon","card_health":2,"card_attack":3}],"opponent_board":[{"card_name":"Bloodsail Raider","card_health":3,"card_attack":2}]},{"turn":6,"cards_played":["Eaglehorn Bow"],"current_player":"me","my_health":28,"opponent_health":27,"my_armor":0,"opponent_armor":0,"my_hand":4,"opponent_hand":4,"my_board":[{"card_name":"Faerie Dragon","card_health":2,"card_attack":3}],"opponent_board":[]},{"turn":7,"cards_played":["Armor Up!"],"current_player":"opponent","my_health":28,"opponent_health":27,"my_armor":0,"opponent_armor":2,"my_hand":4,"opponent_hand":5,"my_board":[{"card_name":"Faerie Dragon","card_health":2,"card_attack":3}],"opponent_board":[]},{"turn":8,"cards_played":["Arcane Golem","Abusive Sergeant"],"current_player":"me","my_health":28,"opponent_health":20,"my_armor":0,"opponent_armor":0,"my_hand":3,"opponent_hand":5,"my_board":[{"card_name":"Faerie Dragon","card_health":2,"card_attack":3},{"card_name":"Abusive Sergeant","card_health":1,"card_attack":2},{"card_name":"Arcane Golem","card_health":2,"card_attack":6}],"opponent_board":[]},{"turn":9,"cards_played":["Faceless Manipulator","Inner Rage"],"current_player":"opponent","my_health":28,"opponent_health":20,"my_armor":0,"opponent_armor":0,"my_hand":3,"opponent_hand":4,"my_board":[{"card_name":"Faerie Dragon","card_health":2,"card_attack":3}],"opponent_board":[]},{"turn":10,"cards_played":["Steady Shot"],"current_player":"me","my_health":28,"opponent_health":15,"my_armor":0,"opponent_armor":0,"my_hand":4,"opponent_hand":4,"my_board":[{"card_name":"Faerie Dragon","card_health":2,"card_attack":3}],"opponent_board":[]},{"turn":11,"cards_played":["Ogre Warmaul","Axe Flinger"],"current_player":"opponent","my_health":28,"opponent_health":12,"my_armor":0,"opponent_armor":0,"my_hand":4,"opponent_hand":3,"my_board":[],"opponent_board":[{"card_name":"Axe Flinger","card_health":5,"card_attack":2}]},{"turn":12,"cards_played":["Ironbeak Owl","Steady Shot"],"current_player":"me","my_health":28,"opponent_health":10,"my_armor":0,"opponent_armor":0,"my_hand":3,"opponent_hand":3,"my_board":[{"card_name":"Ironbeak Owl","card_health":1,"card_attack":2}],"opponent_board":[{"card_name":"Axe Flinger","card_health":5,"card_attack":2}]},{"turn":13,"cards_played":["Armor Up!","Spectral Knight"],"current_player":"opponent","my_health":28,"opponent_health":8,"my_armor":0,"opponent_armor":2,"my_hand":3,"opponent_hand":3,"my_board":[],"opponent_board":[{"card_name":"Spectral Knight","card_health":6,"card_attack":4}]},{"turn":14,"cards_played":["Steady Shot"],"current_player":"me","my_health":28,"opponent_health":5,"my_armor":0,"opponent_armor":0,"my_hand":3,"opponent_hand":3,"my_board":[],"opponent_board":[{"card_name":"Spectral Knight","card_health":6,"card_attack":4}]},{"turn":15,"cards_played":["Fiery War Axe","Spiteful Smith","Armor Up!"],"current_player":"opponent","my_health":19,"opponent_health":5,"my_armor":0,"opponent_armor":0,"my_hand":3,"opponent_hand":2,"my_board":[],"opponent_board":[{"card_name":"Spectral Knight","card_health":4,"card_attack":4},{"card_name":"Spiteful Smith","card_health":4,"card_attack":4}]},{"turn":16,"cards_played":["Steady Shot"],"current_player":"me","my_health":19,"opponent_health":0,"my_armor":0,"opponent_armor":0,"my_hand":4,"opponent_hand":2,"my_board":[],"opponent_board":[{"card_name":"Spectral Knight","card_health":4,"card_attack":4},{"card_name":"Spiteful Smith","card_health":4,"card_attack":4}]}],"result":"victory"}