{"plays":[{"turn":1,"cards_played":[],"current_player":"me","my_health":0,"opponent_health":30,"my_armor":0,"opponent_armor":0,"my_hand":0,"opponent_hand":1,"my_board":[],"opponent_board":[]},{"turn":2,"cards_played":[],"current_player":"opponent","my_health":30,"opponent_health":30,"my_armor":0,"opponent_armor":0,"my_hand":4,"opponent_hand":6,"my_board":[],"opponent_board":[]},{"turn":3,"cards_played":["Fireblast","Fireblast"],"current_player":"me","my_health":30,"opponent_health":29,"my_armor":0,"opponent_armor":0,"my_hand":5,"opponent_hand":6,"my_board":[],"opponent_board":[]},{"turn":4,"cards_played":["Armor Up!"],"current_player":"opponent","my_health":30,"opponent_health":29,"my_armor":0,"opponent_armor":2,"my_hand":5,"opponent_hand":7,"my_board":[],"opponent_board":[]},{"turn":5,"cards_played":[],"current_player":"me","my_health":30,"opponent_health":29,"my_armor":0,"opponent_armor":2,"my_hand":5,"opponent_hand":7,"my_board":[],"opponent_board":[]},{"turn":6,"cards_played":["Armor Up!"],"current_player":"opponent","my_health":30,"opponent_health":29,"my_armor":0,"opponent_armor":4,"my_hand":5,"opponent_hand":8,"my_board":[],"opponent_board":[]},{"turn":7,"cards_played":["Flamewaker","Mirror Image"],"current_player":"me","my_health":30,"opponent_health":29,"my_armor":0,"opponent_armor":4,"my_hand":4,"opponent_hand":8,"my_board":[{"card_name":"Flamewaker","card_health":4,"card_attack":2},{"card_name":"Mirror Image","card_health":2,"card_attack":0},{"card_name":"Mirror Image","card_health":2,"card_attack":0}],"opponent_board":[]},{"turn":8,"cards_played":["Death's Bite"],"current_player":"opponent","my_health":30,"opponent_health":29,"my_armor":0,"opponent_armor":2,"my_hand":4,"opponent_hand":8,"my_board":[{"card_name":"Flamewaker","card_health":4,"card_attack":2},{"card_name":"Mirror Image","card_health":2,"card_attack":0},{"card_name":"Mirror Image","card_health":2,"card_attack":0}],"opponent_board":[]},{"turn":9,"cards_played":["Azure Drake"],"current_player":"me","my_health":30,"opponent_health":29,"my_armor":0,"opponent_armor":0,"my_hand":5,"opponent_hand":8,"my_board":[{"card_name":"Azure Drake","card_health":4,"card_attack":4},{"card_name":"Flamewaker","card_health":4,"card_attack":2},{"card_name":"Mirror Image","card_health":2,"card_attack":0},{"card_name":"Mirror Image","card_health":2,"card_attack":0}],"opponent_board":[]},{"turn":10,"cards_played":["The Coin","Brawl"],"current_player":"opponent","my_health":30,"opponent_health":27,"my_armor":0,"opponent_armor":0,"my_hand":5,"opponent_hand":7,"my_board":[],"opponent_board":[]},{"turn":11,"cards_played":["Mad Scientist","Fireblast"],"current_player":"me","my_health":30,"opponent_health":26,"my_armor":0,"opponent_armor":0,"my_hand":5,"opponent_hand":7,"my_board":[{"card_name":"Mad Scientist","card_health":2,"card_attack":2}],"opponent_board":[]},{"turn":12,"cards_played":["Big Game Hunter","Armor Up!","Shield Slam"],"current_player":"opponent","my_health":30,"opponent_health":24,"my_armor":0,"opponent_armor":2,"my_hand":5,"opponent_hand":6,"my_board":[{"card_name":"Big Game Hunter","card_health":2,"card_attack":4}],"opponent_board":[{"card_name":"Big Game Hunter","card_health":2,"card_attack":4}]},{"turn":13,"cards_played":["Frostbolt","Azure Drake"],"current_player":"me","my_health":30,"opponent_health":22,"my_armor":0,"opponent_armor":0,"my_hand":5,"opponent_hand":6,"my_board":[{"card_name":"Azure Drake","card_health":4,"card_attack":4},{"card_name":"Big Game Hunter","card_health":2,"card_attack":4}],"opponent_board":[]},{"turn":14,"cards_played":["Death's Bite","Armor Up!"],"current_player":"opponent","my_health":30,"opponent_health":18,"my_armor":0,"opponent_armor":2,"my_hand":5,"opponent_hand":6,"my_board":[{"card_name":"Big Game Hunter","card_health":2,"card_attack":4}],"opponent_board":[]},{"turn":15,"cards_played":["Unstable Portal","Unstable Portal","Voidwalker","Frostbolt","Fireblast"],"current_player":"me","my_health":30,"opponent_health":12,"my_armor":0,"opponent_armor":0,"my_hand":4,"opponent_hand":6,"my_board":[{"card_name":"Big Game Hunter","card_health":2,"card_attack":4},{"card_name":"Voidwalker","card_health":3,"card_attack":1}],"opponent_board":[]},{"turn":16,"cards_played":["Baron Geddon"],"current_player":"opponent","my_health":28,"opponent_health":10,"my_armor":0,"opponent_armor":0,"my_hand":4,"opponent_hand":6,"my_board":[{"card_name":"Voidwalker","card_health":1,"card_attack":1}],"opponent_board":[{"card_name":"Baron Geddon","card_health":5,"card_attack":7}]},{"turn":17,"cards_played":["Flamewaker","Flamecannon"],"current_player":"me","my_health":28,"opponent_health":6,"my_armor":0,"opponent_armor":0,"my_hand":2,"opponent_hand":6,"my_board":[{"card_name":"Flamewaker","card_health":4,"card_attack":2},{"card_name":"Voidwalker","card_health":1,"card_attack":1}],"opponent_board":[]},{"turn":18,"cards_played":["Grommash Hellscream","Execute"],"current_player":"opponent","my_health":28,"opponent_health":5,"my_armor":0,"opponent_armor":0,"my_hand":2,"opponent_hand":5,"my_board":[],"opponent_board":[{"card_name":"Grommash Hellscream","card_health":6,"card_attack":10}]},{"turn":19,"cards_played":["Fireblast","Arcane Missiles","Kor'kron Elite"],"current_player":"me","my_health":28,"opponent_health":-3,"my_armor":0,"opponent_armor":0,"my_hand":1,"opponent_hand":5,"my_board":[{"card_name":"Kor'kron Elite","card_health":3,"card_attack":4}],"opponent_board":[{"card_name":"Grommash Hellscream","card_health":6,"card_attack":10}]}],"result":"victory"}