{"plays":[{"turn":1,"cards_played":[],"current_player":"me","my_health":0,"opponent_health":30,"my_armor":0,"opponent_armor":0,"my_hand":0,"opponent_hand":1,"my_board":[],"opponent_board":[]},{"turn":2,"cards_played":["The Coin","Boneguard Lieutenant"],"current_player":"me","my_health":30,"opponent_health":30,"my_armor":0,"opponent_armor":0,"my_hand":4,"opponent_hand":4,"my_board":[{"card_name":"Boneguard Lieutenant","card_health":2,"card_attack":3}],"opponent_board":[]},{"turn":3,"cards_played":["Mad Bomber"],"current_player":"opponent","my_health":30,"opponent_health":29,"my_armor":0,"opponent_armor":0,"my_hand":4,"opponent_hand":4,"my_board":[],"opponent_board":[{"card_name":"Mad Bomber","card_health":2,"card_attack":3}]},{"turn":4,"cards_played":["Arcane Blast"],"current_player":"me","my_health":30,"opponent_health":29,"my_armor":0,"opponent_armor":0,"my_hand":4,"opponent_hand":4,"my_board":[],"opponent_board":[]},{"turn":5,"cards_played":["Haunted Creeper","Northshire Cleric"],"current_player":"opponent","my_health":30,"opponent_health":29,"my_armor":0,"opponent_armor":0,"my_hand":4,"opponent_hand":3,"my_board":[],"opponent_board":[{"card_name":"Haunted Creeper","card_health":2,"card_attack":1},{"card_name":"Northshire Cleric","card_health":3,"card_attack":1}]},{"turn":6,"cards_played":["Fencing Coach","Fireblast","Fireblast"],"current_player":"me","my_health":30,"opponent_health":28,"my_armor":0,"opponent_armor":0,"my_hand":4,"opponent_hand":3,"my_board":[{"card_name":"Fencing Coach","card_health":2,"card_attack":2}],"opponent_board":[{"card_name":"Haunted Creeper","card_health":2,"card_attack":1},{"card_name":"Northshire Cleric","card_health":3,"card_attack":1}]},{"turn":7,"cards_played":["Dark Iron Dwarf"],"current_player":"opponent","my_health":29,"opponent_health":28,"my_armor":0,"opponent_armor":0,"my_hand":4,"opponent_hand":3,"my_board":[],"opponent_board":[{"card_name":"Dark Iron Dwarf","card_health":4,"card_attack":4},{"card_name":"Haunted Creeper","card_health":2,"card_attack":1},{"card_name":"Northshire Cleric","card_health":1,"card_attack":3}]},{"turn":8,"cards_played":["Fireblast","Fireblast"],"current_player":"me","my_health":29,"opponent_health":28,"my_armor":0,"opponent_armor":0,"my_hand":5,"opponent_hand":3,"my_board":[],"opponent_board":[{"card_name":"Dark Iron Dwarf","card_health":4,"card_attack":4},{"card_name":"Haunted Creeper","card_health":2,"card_attack":1}]},{"turn":9,"cards_played":["Dragonkin Sorcerer"],"current_player":"opponent","my_health":24,"opponent_health":28,"my_armor":0,"opponent_armor":0,"my_hand":5,"opponent_hand":3,"my_board":[],"opponent_board":[{"card_name":"Dark Iron Dwarf","card_health":4,"card_attack":4},{"card_name":"Haunted Creeper","card_health":2,"card_attack":1},{"card_name":"Dragonkin Sorcerer","card_health":5,"card_attack":3}]},{"turn":10,"cards_played":["Sludge Belcher"],"current_player":"me","my_health":24,"opponent_health":28,"my_armor":0,"opponent_armor":0,"my_hand":5,"opponent_hand":3,"my_board":[{"card_name":"Sludge Belcher","card_health":5,"card_attack":3}],"opponent_board":[{"card_name":"Dark Iron Dwarf","card_health":4,"card_attack":4},{"card_name":"Haunted Creeper","card_health":2,"card_attack":1},{"card_name":"Dragonkin Sorcerer","card_health":5,"card_attack":3}]},{"turn":11,"cards_played":["Dire Wolf Alpha","Lesser Heal","Lesser Heal"],"current_player":"opponent","my_health":21,"opponent_health":28,"my_armor":0,"opponent_armor":0,"my_hand":5,"opponent_hand":3,"my_board":[],"opponent_board":[{"card_name":"Dark Iron Dwarf","card_health":3,"card_attack":5},{"card_name":"Haunted Creeper","card_health":1,"card_attack":2},{"card_name":"Dragonkin Sorcerer","card_health":5,"card_attack":3},{"card_name":"Dire Wolf Alpha","card_health":2,"card_attack":2}]},{"turn":12,"cards_played":["Jungle Panther","Fireblast","Fireblast"],"current_player":"me","my_health":21,"opponent_health":28,"my_armor":0,"opponent_armor":0,"my_hand":5,"opponent_hand":3,"my_board":[{"card_name":"Jungle Panther","card_health":2,"card_attack":4}],"opponent_board":[{"card_name":"Dark Iron Dwarf","card_health":3,"card_attack":5},{"card_name":"Dragonkin Sorcerer","card_health":5,"card_attack":4},{"card_name":"Dire Wolf Alpha","card_health":2,"card_attack":2},{"card_name":"Spectral Spider","card_health":1,"card_attack":1},{"card_name":"Spectral Spider","card_health":1,"card_attack":1}]},{"turn":13,"cards_played":["Lesser Heal"],"current_player":"opponent","my_health":8,"opponent_health":28,"my_armor":0,"opponent_armor":0,"my_hand":5,"opponent_hand":4,"my_board":[{"card_name":"Jungle Panther","card_health":2,"card_attack":4}],"opponent_board":[{"card_name":"Dark Iron Dwarf","card_health":4,"card_attack":5},{"card_name":"Dragonkin Sorcerer","card_health":5,"card_attack":3},{"card_name":"Dire Wolf Alpha","card_health":2,"card_attack":2},{"card_name":"Spectral Spider","card_health":1,"card_attack":2},{"card_name":"Spectral Spider","card_health":1,"card_attack":1}]},{"turn":14,"cards_played":["Polymorph","Fireblast","Fireblast"],"current_player":"me","my_health":8,"opponent_health":28,"my_armor":0,"opponent_armor":0,"my_hand":5,"opponent_hand":4,"my_board":[],"opponent_board":[{"card_name":"Dire Wolf Alpha","card_health":2,"card_attack":2},{"card_name":"Spectral Spider","card_health":1,"card_attack":2},{"card_name":"Spectral Spider","card_health":1,"card_attack":1}]},{"turn":15,"cards_played":["Ogre Brute"],"current_player":"opponent","my_health":3,"opponent_health":28,"my_armor":0,"opponent_armor":0,"my_hand":5,"opponent_hand":4,"my_board":[],"opponent_board":[{"card_name":"Dire Wolf Alpha","card_health":2,"card_attack":2},{"card_name":"Ogre Brute","card_health":4,"card_attack":4},{"card_name":"Spectral Spider","card_health":1,"card_attack":2},{"card_name":"Spectral Spider","card_health":1,"card_attack":1}]},{"turn":16,"cards_played":["Sunwalker","Fireblast","Fireblast"],"current_player":"me","my_health":3,"opponent_health":28,"my_armor":0,"opponent_armor":0,"my_hand":5,"opponent_hand":4,"my_board":[{"card_name":"Sunwalker","card_health":5,"card_attack":4}],"opponent_board":[{"card_name":"Dire Wolf Alpha","card_health":2,"card_attack":2},{"card_name":"Ogre Brute","card_health":4,"card_attack":5},{"card_name":"Spectral Spider","card_health":1,"card_attack":2}]},{"turn":17,"cards_played":[],"current_player":"opponent","my_health":-2,"opponent_health":28,"my_armor":0,"opponent_armor":0,"my_hand":5,"opponent_hand":5,"my_board":[{"card_name":"Sunwalker","card_health":5,"card_attack":4}],"opponent_board":[{"card_name":"Dire Wolf Alpha","card_health":2,"card_attack":2},{"card_name":"Ogre Brute","card_health":4,"card_attack":5}]}],"result":"defeat"}