{"plays":[{"turn":1,"cards_played":[],"current_player":"opponent","my_health":30,"opponent_health":0,"my_armor":0,"opponent_armor":0,"my_hand":1,"opponent_hand":0,"my_board":[],"opponent_board":[]},{"turn":2,"cards_played":["Leper Gnome","Zombie Chow"],"current_player":"me","my_health":30,"opponent_health":30,"my_armor":0,"opponent_armor":0,"my_hand":5,"opponent_hand":3,"my_board":[{"card_name":"Zombie Chow","card_health":3,"card_attack":2}],"opponent_board":[{"card_name":"Leper Gnome","card_health":1,"card_attack":2}]},{"turn":3,"cards_played":["Abusive Sergeant","Leper Gnome"],"current_player":"opponent","my_health":28,"opponent_health":30,"my_armor":0,"opponent_armor":0,"my_hand":5,"opponent_hand":2,"my_board":[],"opponent_board":[{"card_name":"Leper Gnome","card_health":1,"card_attack":2},{"card_name":"Abusive Sergeant","card_health":1,"card_attack":2}]},{"turn":4,"cards_played":["Fireblast","Fireblast"],"current_player":"me","my_health":28,"opponent_health":30,"my_armor":0,"opponent_armor":0,"my_hand":6,"opponent_hand":2,"my_board":[],"opponent_board":[{"card_name":"Leper Gnome","card_health":1,"card_attack":2}]},{"turn":5,"cards_played":["Coghammer"],"current_player":"opponent","my_health":24,"opponent_health":30,"my_armor":0,"opponent_armor":0,"my_hand":6,"opponent_hand":2,"my_board":[],"opponent_board":[{"card_name":"Leper Gnome","card_health":1,"card_attack":2}]},{"turn":6,"cards_played":["Mad Scientist","The Coin","Fireblast","Fireblast"],"current_player":"me","my_health":24,"opponent_health":30,"my_armor":0,"opponent_armor":0,"my_hand":5,"opponent_hand":2,"my_board":[{"card_name":"Mad Scientist","card_health":2,"card_attack":2}],"opponent_board":[{"card_name":"Leper Gnome","card_health":1,"card_attack":2}]},{"turn":7,"cards_played":["Divine Favor","Abusive Sergeant"],"current_player":"opponent","my_health":20,"opponent_health":28,"my_armor":0,"opponent_armor":0,"my_hand":5,"opponent_hand":4,"my_board":[],"opponent_board":[{"card_name":"Leper Gnome","card_health":1,"card_attack":4},{"card_name":"Abusive Sergeant","card_health":1,"card_attack":2}]},{"turn":8,"cards_played":["Mana Wyrm","Fireblast"],"current_player":"me","my_health":20,"opponent_health":28,"my_armor":0,"opponent_armor":0,"my_hand":5,"opponent_hand":4,"my_board":[{"card_name":"Mana Wyrm","card_health":3,"card_attack":1}],"opponent_board":[{"card_name":"Abusive Sergeant","card_health":1,"card_attack":2}]},{"turn":9,"cards_played":["Knife Juggler","Shielded Minibot"],"current_player":"opponent","my_health":13,"opponent_health":28,"my_armor":0,"opponent_armor":0,"my_hand":5,"opponent_hand":3,"my_board":[{"card_name":"Mana Wyrm","card_health":3,"card_attack":1}],"opponent_board":[{"card_name":"Shielded Minibot","card_health":2,"card_attack":2},{"card_name":"Abusive Sergeant","card_health":1,"card_attack":2},{"card_name":"Knife Juggler","card_health":2,"card_attack":3}]},{"turn":10,"cards_played":["Frostbolt","Fireblast","Fireblast"],"current_player":"me","my_health":13,"opponent_health":28,"my_armor":0,"opponent_armor":0,"my_hand":5,"opponent_hand":3,"my_board":[{"card_name":"Mana Wyrm","card_health":1,"card_attack":2}],"opponent_board":[{"card_name":"Abusive Sergeant","card_health":1,"card_attack":2}]},{"turn":11,"cards_played":["Truesilver Champion","Shielded Minibot"],"current_player":"opponent","my_health":7,"opponent_health":30,"my_armor":0,"opponent_armor":0,"my_hand":5,"opponent_hand":2,"my_board":[{"card_name":"Mana Wyrm","card_health":1,"card_attack":2}],"opponent_board":[{"card_name":"Abusive Sergeant","card_health":1,"card_attack":2},{"card_name":"Shielded Minibot","card_health":2,"card_attack":2}]},{"turn":12,"cards_played":["Fireblast","Fireblast"],"current_player":"me","my_health":7,"opponent_health":27,"my_armor":0,"opponent_armor":0,"my_hand":5,"opponent_hand":2,"my_board":[{"card_name":"Mana Wyrm","card_health":1,"card_attack":3}],"opponent_board":[{"card_name":"Shielded Minibot","card_health":2,"card_attack":2}]},{"turn":13,"cards_played":["Knife Juggler","Reinforce"],"current_player":"opponent","my_health":7,"opponent_health":29,"my_armor":2,"opponent_armor":0,"my_hand":7,"opponent_hand":2,"my_board":[],"opponent_board":[{"card_name":"Knife Juggler","card_health":2,"card_attack":3},{"card_name":"Shielded Minibot","card_health":2,"card_attack":2},{"card_name":"Silver Hand Recruit","card_health":1,"card_attack":1}]},{"turn":14,"cards_played":["Mana Wyrm","Mana Wyrm","Fireblast","Fireblast","Frostbolt"],"current_player":"me","my_health":7,"opponent_health":29,"my_armor":2,"opponent_armor":0,"my_hand":5,"opponent_hand":2,"my_board":[{"card_name":"Mana Wyrm","card_health":3,"card_attack":2},{"card_name":"Mana Wyrm","card_health":3,"card_attack":2}],"opponent_board":[{"card_name":"Shielded Minibot","card_health":2,"card_attack":2},{"card_name":"Silver Hand Recruit","card_health":1,"card_attack":1}]},{"turn":15,"cards_played":["Consecration","Consecration"],"current_player":"opponent","my_health":2,"opponent_health":29,"my_armor":0,"opponent_armor":0,"my_hand":5,"opponent_hand":1,"my_board":[],"opponent_board":[{"card_name":"Shielded Minibot","card_health":2,"card_attack":2},{"card_name":"Silver Hand Recruit","card_health":1,"card_attack":1}]},{"turn":16,"cards_played":["Sludge Belcher","Fireblast","Fireblast"],"current_player":"me","my_health":2,"opponent_health":29,"my_armor":0,"opponent_armor":0,"my_hand":5,"opponent_hand":1,"my_board":[{"card_name":"Sludge Belcher","card_health":5,"card_attack":3}],"opponent_board":[{"card_name":"Shielded Minibot","card_health":2,"card_attack":2}]},{"turn":17,"cards_played":["Reinforce","Equality"],"current_player":"opponent","my_health":2,"opponent_health":29,"my_armor":0,"opponent_armor":0,"my_hand":5,"opponent_hand":1,"my_board":[{"card_name":"Slime","card_health":2,"card_attack":1}],"opponent_board":[{"card_name":"Silver Hand Recruit","card_health":1,"card_attack":1}]},{"turn":18,"cards_played":["Unstable Portal","Sludge Belcher","Loatheb"],"current_player":"me","my_health":2,"opponent_health":29,"my_armor":0,"opponent_armor":0,"my_hand":4,"opponent_hand":1,"my_board":[{"card_name":"Sludge Belcher","card_health":5,"card_attack":3},{"card_name":"Slime","card_health":1,"card_attack":1},{"card_name":"Loatheb","card_health":5,"card_attack":5}],"opponent_board":[]},{"turn":19,"cards_played":["Hammer of Wrath"],"current_player":"opponent","my_health":-1,"opponent_health":29,"my_armor":0,"opponent_armor":0,"my_hand":4,"opponent_hand":2,"my_board":[{"card_name":"Sludge Belcher","card_health":5,"card_attack":3},{"card_name":"Slime","card_health":1,"card_attack":1},{"card_name":"Loatheb","card_health":5,"card_attack":5}],"opponent_board":[]}],"result":"defeat"}