{"plays":[{"turn":1,"cards_played":[],"current_player":"opponent","my_health":30,"opponent_health":0,"my_armor":0,"opponent_armor":0,"my_hand":1,"opponent_hand":0,"my_board":[],"opponent_board":[]},{"turn":2,"cards_played":["Webspinner"],"current_player":"opponent","my_health":30,"opponent_health":30,"my_armor":0,"opponent_armor":0,"my_hand":4,"opponent_hand":5,"my_board":[],"opponent_board":[{"card_name":"Webspinner","card_health":1,"card_attack":1}]},{"turn":3,"cards_played":["Sorcerer's Apprentice","Mirror Image"],"current_player":"me","my_health":30,"opponent_health":30,"my_armor":0,"opponent_armor":0,"my_hand":3,"opponent_hand":5,"my_board":[{"card_name":"Sorcerer's Apprentice","card_health":2,"card_attack":3},{"card_name":"Mirror Image","card_health":2,"card_attack":0},{"card_name":"Mirror Image","card_health":2,"card_attack":0}],"opponent_board":[{"card_name":"Webspinner","card_health":1,"card_attack":1}]},{"turn":4,"cards_played":["Mad Scientist"],"current_player":"opponent","my_health":30,"opponent_health":30,"my_armor":0,"opponent_armor":0,"my_hand":3,"opponent_hand":5,"my_board":[{"card_name":"Sorcerer's Apprentice","card_health":2,"card_attack":3},{"card_name":"Mirror Image","card_health":1,"card_attack":0},{"card_name":"Mirror Image","card_health":2,"card_attack":0}],"opponent_board":[{"card_name":"Webspinner","card_health":1,"card_attack":1},{"card_name":"Mad Scientist","card_health":2,"card_attack":2}]},{"turn":5,"cards_played":["Flamewaker","Arcane Missiles"],"current_player":"me","my_health":30,"opponent_health":25,"my_armor":0,"opponent_armor":0,"my_hand":2,"opponent_hand":6,"my_board":[{"card_name":"Flamewaker","card_health":4,"card_attack":2},{"card_name":"Sorcerer's Apprentice","card_health":2,"card_attack":3},{"card_name":"Mirror Image","card_health":1,"card_attack":0},{"card_name":"Mirror Image","card_health":2,"card_attack":0}],"opponent_board":[{"card_name":"Mad Scientist","card_health":2,"card_attack":2}]},{"turn":6,"cards_played":["Dreadscale","Hunter's Mark"],"current_player":"opponent","my_health":30,"opponent_health":24,"my_armor":0,"opponent_armor":0,"my_hand":2,"opponent_hand":5,"my_board":[{"card_name":"Sorcerer's Apprentice","card_health":1,"card_attack":3}],"opponent_board":[{"card_name":"Dreadscale","card_health":2,"card_attack":4}]},{"turn":7,"cards_played":["Frostbolt"],"current_player":"me","my_health":30,"opponent_health":24,"my_armor":0,"opponent_armor":0,"my_hand":2,"opponent_hand":5,"my_board":[],"opponent_board":[]},{"turn":8,"cards_played":["Animal Companion","The Coin","Haunted Creeper"],"current_player":"opponent","my_health":30,"opponent_health":24,"my_armor":0,"opponent_armor":0,"my_hand":2,"opponent_hand":3,"my_board":[{"card_name":"Haunted Creeper","card_health":2,"card_attack":1}],"opponent_board":[{"card_name":"Haunted Creeper","card_health":2,"card_attack":2},{"card_name":"Leokk","card_health":4,"card_attack":2}]},{"turn":9,"cards_played":["Sorcerer's Apprentice","Flamecannon"],"current_player":"me","my_health":30,"opponent_health":24,"my_armor":0,"opponent_armor":0,"my_hand":1,"opponent_hand":3,"my_board":[{"card_name":"Sorcerer's Apprentice","card_health":2,"card_attack":3},{"card_name":"Spectral Spider","card_health":1,"card_attack":1},{"card_name":"Spectral Spider","card_health":1,"card_attack":1}],"opponent_board":[{"card_name":"Leokk","card_health":4,"card_attack":2},{"card_name":"Spectral Spider","card_health":1,"card_attack":2}]},{"turn":10,"cards_played":["Loatheb"],"current_player":"opponent","my_health":30,"opponent_health":24,"my_armor":0,"opponent_armor":0,"my_hand":1,"opponent_hand":3,"my_board":[{"card_name":"Spectral Spider","card_health":1,"card_attack":1}],"opponent_board":[{"card_name":"Loatheb","card_health":5,"card_attack":6},{"card_name":"Leokk","card_health":3,"card_attack":2}]},{"turn":11,"cards_played":["Mana Wyrm","Fireblast","Fireblast"],"current_player":"me","my_health":30,"opponent_health":22,"my_armor":0,"opponent_armor":0,"my_hand":1,"opponent_hand":3,"my_board":[{"card_name":"Mana Wyrm","card_health":3,"card_attack":1},{"card_name":"Spectral Spider","card_health":1,"card_attack":1}],"opponent_board":[{"card_name":"Loatheb","card_health":5,"card_attack":6},{"card_name":"Leokk","card_health":3,"card_attack":2}]},{"turn":12,"cards_played":["Savannah Highmane"],"current_player":"opponent","my_health":24,"opponent_health":22,"my_armor":0,"opponent_armor":0,"my_hand":1,"opponent_hand":3,"my_board":[{"card_name":"Mana Wyrm","card_health":3,"card_attack":1}],"opponent_board":[{"card_name":"Loatheb","card_health":5,"card_attack":6},{"card_name":"Savannah Highmane","card_health":5,"card_attack":7},{"card_name":"Leokk","card_health":2,"card_attack":2}]},{"turn":13,"cards_played":["Fireball"],"current_player":"me","my_health":24,"opponent_health":22,"my_armor":0,"opponent_armor":0,"my_hand":0,"opponent_hand":3,"my_board":[{"card_name":"Mana Wyrm","card_health":1,"card_attack":3}],"opponent_board":[{"card_name":"Savannah Highmane","card_health":5,"card_attack":6}]},{"turn":14,"cards_played":["Animal Companion","King's Elekk","Steady Shot"],"current_player":"opponent","my_health":16,"opponent_health":22,"my_armor":0,"opponent_armor":0,"my_hand":0,"opponent_hand":3,"my_board":[{"card_name":"Mana Wyrm","card_health":1,"card_attack":3}],"opponent_board":[{"card_name":"King's Elekk","card_health":2,"card_attack":3},{"card_name":"Savannah Highmane","card_health":5,"card_attack":6}]},{"turn":15,"cards_played":["Mad Scientist","Fireblast"],"current_player":"me","my_health":16,"opponent_health":21,"my_armor":0,"opponent_armor":0,"my_hand":0,"opponent_hand":3,"my_board":[{"card_name":"Mad Scientist","card_health":2,"card_attack":2}],"opponent_board":[{"card_name":"Savannah Highmane","card_health":5,"card_attack":6}]},{"turn":16,"cards_played":["Ram Wrangler","Haunted Creeper"],"current_player":"opponent","my_health":7,"opponent_health":21,"my_armor":0,"opponent_armor":0,"my_hand":0,"opponent_hand":2,"my_board":[{"card_name":"Mad Scientist","card_health":2,"card_attack":2}],"opponent_board":[{"card_name":"Haunted Creeper","card_health":2,"card_attack":1},{"card_name":"Ram Wrangler","card_health":3,"card_attack":3},{"card_name":"Savannah Highmane","card_health":5,"card_attack":6},{"card_name":"Tundra Rhino","card_health":5,"card_attack":2}]},{"turn":17,"cards_played":["Unstable Portal","Dread Infernal"],"current_player":"me","my_health":6,"opponent_health":20,"my_armor":0,"opponent_armor":0,"my_hand":0,"opponent_hand":2,"my_board":[{"card_name":"Mad Scientist","card_health":1,"card_attack":2},{"card_name":"Dread Infernal","card_health":6,"card_attack":6}],"opponent_board":[{"card_name":"Haunted Creeper","card_health":1,"card_attack":1},{"card_name":"Ram Wrangler","card_health":2,"card_attack":3},{"card_name":"Savannah Highmane","card_health":4,"card_attack":6},{"card_name":"Tundra Rhino","card_health":4,"card_attack":2}]}],"result":"defeat"}