{"plays":[{"turn":1,"cards_played":[],"current_player":"me","my_health":0,"opponent_health":30,"my_armor":0,"opponent_armor":0,"my_hand":0,"opponent_hand":1,"my_board":[],"opponent_board":[]},{"turn":2,"cards_played":[],"current_player":"opponent","my_health":30,"opponent_health":30,"my_armor":0,"opponent_armor":0,"my_hand":4,"opponent_hand":6,"my_board":[],"opponent_board":[]},{"turn":3,"cards_played":["Snowchugger"],"current_player":"me","my_health":30,"opponent_health":30,"my_armor":0,"opponent_armor":0,"my_hand":4,"opponent_hand":6,"my_board":[{"card_name":"Snowchugger","card_health":3,"card_attack":2}],"opponent_board":[]},{"turn":4,"cards_played":["The Coin","Silver Hand Regent"],"current_player":"opponent","my_health":30,"opponent_health":30,"my_armor":0,"opponent_armor":0,"my_hand":4,"opponent_hand":5,"my_board":[{"card_name":"Snowchugger","card_health":3,"card_attack":2}],"opponent_board":[{"card_name":"Silver Hand Regent","card_health":3,"card_attack":3}]},{"turn":5,"cards_played":["Fireblast","Fireblast","Leper Gnome"],"current_player":"me","my_health":30,"opponent_health":30,"my_armor":0,"opponent_armor":0,"my_hand":4,"opponent_hand":5,"my_board":[{"card_name":"Leper Gnome","card_health":1,"card_attack":2}],"opponent_board":[]},{"turn":6,"cards_played":["Druid of the Flame"],"current_player":"opponent","my_health":30,"opponent_health":30,"my_armor":0,"opponent_armor":0,"my_hand":4,"opponent_hand":5,"my_board":[{"card_name":"Leper Gnome","card_health":1,"card_attack":2}],"opponent_board":[{"card_name":"Druid of the Flame","card_health":2,"card_attack":2},{"card_name":"Druid of the Flame","card_health":5,"card_attack":2}]},{"turn":7,"cards_played":["Piloted Shredder"],"current_player":"me","my_health":30,"opponent_health":28,"my_armor":0,"opponent_armor":0,"my_hand":4,"opponent_hand":5,"my_board":[{"card_name":"Leper Gnome","card_health":1,"card_attack":2},{"card_name":"Piloted Shredder","card_health":3,"card_attack":4}],"opponent_board":[{"card_name":"Druid of the Flame","card_health":5,"card_attack":2}]},{"turn":8,"cards_played":["Piloted Shredder"],"current_player":"opponent","my_health":30,"opponent_health":28,"my_armor":0,"opponent_armor":0,"my_hand":4,"opponent_hand":5,"my_board":[{"card_name":"Piloted Shredder","card_health":3,"card_attack":4}],"opponent_board":[{"card_name":"Piloted Shredder","card_health":3,"card_attack":4},{"card_name":"Druid of the Flame","card_health":3,"card_attack":2}]},{"turn":9,"cards_played":["Bomb Lobber"],"current_player":"me","my_health":30,"opponent_health":26,"my_armor":0,"opponent_armor":0,"my_hand":4,"opponent_hand":5,"my_board":[{"card_name":"Piloted Shredder","card_health":1,"card_attack":4},{"card_name":"Bomb Lobber","card_health":3,"card_attack":3}],"opponent_board":[{"card_name":"Steamwheedle Sniper","card_health":3,"card_attack":2}]},{"turn":10,"cards_played":["Shapeshift","Bloodsail Raider"],"current_player":"opponent","my_health":28,"opponent_health":23,"my_armor":0,"opponent_armor":0,"my_hand":4,"opponent_hand":5,"my_board":[{"card_name":"Bomb Lobber","card_health":3,"card_attack":3},{"card_name":"River Crocolisk","card_health":3,"card_attack":2}],"opponent_board":[{"card_name":"Bloodsail Raider","card_health":3,"card_attack":2},{"card_name":"Steamwheedle Sniper","card_health":3,"card_attack":2}]},{"turn":11,"cards_played":["Fireblast","Fireblast","Acolyte of Pain","Mirror Image"],"current_player":"me","my_health":28,"opponent_health":23,"my_armor":0,"opponent_armor":0,"my_hand":3,"opponent_hand":5,"my_board":[{"card_name":"Acolyte of Pain","card_health":3,"card_attack":1},{"card_name":"Bomb Lobber","card_health":1,"card_attack":3},{"card_name":"River Crocolisk","card_health":1,"card_attack":2},{"card_name":"Mirror Image","card_health":2,"card_attack":0},{"card_name":"Mirror Image","card_health":2,"card_attack":0}],"opponent_board":[]},{"turn":12,"cards_played":["Burly Rockjaw Trogg","Shapeshift"],"current_player":"opponent","my_health":28,"opponent_health":23,"my_armor":0,"opponent_armor":1,"my_hand":3,"opponent_hand":5,"my_board":[{"card_name":"Acolyte of Pain","card_health":3,"card_attack":1},{"card_name":"Bomb Lobber","card_health":1,"card_attack":3},{"card_name":"River Crocolisk","card_health":1,"card_attack":2},{"card_name":"Mirror Image","card_health":2,"card_attack":0},{"card_name":"Mirror Image","card_health":2,"card_attack":0}],"opponent_board":[{"card_name":"Burly Rockjaw Trogg","card_health":5,"card_attack":3}]},{"turn":13,"cards_played":["Fireblast","Fireblast"],"current_player":"me","my_health":28,"opponent_health":23,"my_armor":0,"opponent_armor":0,"my_hand":4,"opponent_hand":5,"my_board":[{"card_name":"Acolyte of Pain","card_health":2,"card_attack":1},{"card_name":"Mirror Image","card_health":2,"card_attack":0},{"card_name":"Mirror Image","card_health":2,"card_attack":0}],"opponent_board":[]},{"turn":14,"cards_played":["Savage Combatant","Shapeshift"],"current_player":"opponent","my_health":28,"opponent_health":23,"my_armor":0,"opponent_armor":1,"my_hand":4,"opponent_hand":5,"my_board":[{"card_name":"Acolyte of Pain","card_health":2,"card_attack":1},{"card_name":"Mirror Image","card_health":2,"card_attack":0}],"opponent_board":[{"card_name":"Savage Combatant","card_health":4,"card_attack":5}]},{"turn":15,"cards_played":["Dalaran Aspirant","Dragon's Breath"],"current_player":"me","my_health":28,"opponent_health":23,"my_armor":0,"opponent_armor":1,"my_hand":4,"opponent_hand":5,"my_board":[{"card_name":"Dalaran Aspirant","card_health":5,"card_attack":3},{"card_name":"Mirror Image","card_health":2,"card_attack":0}],"opponent_board":[]},{"turn":16,"cards_played":["Sunwalker","Boneguard Lieutenant"],"current_player":"opponent","my_health":28,"opponent_health":23,"my_armor":0,"opponent_armor":1,"my_hand":4,"opponent_hand":4,"my_board":[{"card_name":"Dalaran Aspirant","card_health":5,"card_attack":3},{"card_name":"Mirror Image","card_health":2,"card_attack":0}],"opponent_board":[{"card_name":"Sunwalker","card_health":5,"card_attack":4},{"card_name":"Boneguard Lieutenant","card_health":2,"card_attack":3}]},{"turn":17,"cards_played":["Fireblast","Fireblast","Flamestrike"],"current_player":"me","my_health":28,"opponent_health":21,"my_armor":0,"opponent_armor":0,"my_hand":4,"opponent_hand":4,"my_board":[{"card_name":"Dalaran Aspirant","card_health":5,"card_attack":3},{"card_name":"Mirror Image","card_health":2,"card_attack":0}],"opponent_board":[]},{"turn":18,"cards_played":["Dire Wolf Alpha","Druid of the Fang","Shapeshift"],"current_player":"opponent","my_health":28,"opponent_health":21,"my_armor":0,"opponent_armor":1,"my_hand":4,"opponent_hand":3,"my_board":[{"card_name":"Dalaran Aspirant","card_health":5,"card_attack":3},{"card_name":"Mirror Image","card_health":1,"card_attack":0}],"opponent_board":[{"card_name":"Dire Wolf Alpha","card_health":2,"card_attack":2},{"card_name":"Druid of the Fang","card_health":7,"card_attack":8}]},{"turn":19,"cards_played":["Coldarra Drake","Fireblast","Fireblast","Frostbolt"],"current_player":"me","my_health":28,"opponent_health":21,"my_armor":0,"opponent_armor":1,"my_hand":3,"opponent_hand":3,"my_board":[{"card_name":"Coldarra Drake","card_health":6,"card_attack":6},{"card_name":"Dalaran Aspirant","card_health":3,"card_attack":3},{"card_name":"Mirror Image","card_health":1,"card_attack":0}],"opponent_board":[{"card_name":"Druid of the Fang","card_health":6,"card_attack":7}]},{"turn":20,"cards_played":["North Sea Kraken"],"current_player":"opponent","my_health":28,"opponent_health":21,"my_armor":0,"opponent_armor":1,"my_hand":3,"opponent_hand":3,"my_board":[{"card_name":"Coldarra Drake","card_health":6,"card_attack":6},{"card_name":"Mirror Image","card_health":1,"card_attack":0}],"opponent_board":[{"card_name":"North Sea Kraken","card_health":7,"card_attack":9},{"card_name":"Druid of the Fang","card_health":1,"card_attack":7}]},{"turn":21,"cards_played":["Fireblast","Mana Wyrm","Frost Nova","Fireblast","Fireblast","Fireblast"],"current_player":"me","my_health":28,"opponent_health":14,"my_armor":0,"opponent_armor":0,"my_hand":2,"opponent_hand":3,"my_board":[{"card_name":"Coldarra Drake","card_health":6,"card_attack":6},{"card_name":"Mana Wyrm","card_health":3,"card_attack":2},{"card_name":"Mirror Image","card_health":1,"card_attack":0}],"opponent_board":[{"card_name":"North Sea Kraken","card_health":7,"card_attack":9}]},{"turn":22,"cards_played":["Acidic Swamp Ooze","Mark of the Wild","Sideshow Spelleater"],"current_player":"opponent","my_health":28,"opponent_health":14,"my_armor":0,"opponent_armor":0,"my_hand":2,"opponent_hand":1,"my_board":[{"card_name":"Coldarra Drake","card_health":6,"card_attack":6},{"card_name":"Mana Wyrm","card_health":3,"card_attack":2},{"card_name":"Mirror Image","card_health":1,"card_attack":0}],"opponent_board":[{"card_name":"North Sea Kraken","card_health":9,"card_attack":11},{"card_name":"Acidic Swamp Ooze","card_health":2,"card_attack":3},{"card_name":"Sideshow Spelleater","card_health":5,"card_attack":6}]},{"turn":23,"cards_played":["Flesheating Ghoul","Fireblast","Fireblast","Fireblast","Fireblast"],"current_player":"me","my_health":28,"opponent_health":12,"my_armor":0,"opponent_armor":0,"my_hand":2,"opponent_hand":1,"my_board":[{"card_name":"Flesheating Ghoul","card_health":3,"card_attack":4},{"card_name":"Mana Wyrm","card_health":3,"card_attack":2},{"card_name":"Mirror Image","card_health":1,"card_attack":0}],"opponent_board":[{"card_name":"Acidic Swamp Ooze","card_health":2,"card_attack":3},{"card_name":"Sideshow Spelleater","card_health":5,"card_attack":6}]},{"turn":24,"cards_played":["Fireblast","Fireblast","Druid of the Flame"],"current_player":"opponent","my_health":28,"opponent_health":12,"my_armor":0,"opponent_armor":0,"my_hand":2,"opponent_hand":1,"my_board":[],"opponent_board":[{"card_name":"Druid of the Flame","card_health":2,"card_attack":2},{"card_name":"Sideshow Spelleater","card_health":3,"card_attack":6},{"card_name":"Druid of the Flame","card_health":5,"card_attack":2}]},{"turn":25,"cards_played":["Blackwing Corruptor","Fireblast","Fireblast"],"current_player":"me","my_health":28,"opponent_health":12,"my_armor":0,"opponent_armor":0,"my_hand":1,"opponent_hand":1,"my_board":[{"card_name":"Blackwing Corruptor","card_health":4,"card_attack":5}],"opponent_board":[{"card_name":"Sideshow Spelleater","card_health":3,"card_attack":6},{"card_name":"Druid of the Flame","card_health":4,"card_attack":2}]},{"turn":26,"cards_played":["Dark Iron Dwarf","Fireblast","Fireblast"],"current_player":"opponent","my_health":27,"opponent_health":12,"my_armor":0,"opponent_armor":0,"my_hand":1,"opponent_hand":1,"my_board":[],"opponent_board":[{"card_name":"Dark Iron Dwarf","card_health":4,"card_attack":4}]},{"turn":27,"cards_played":["Mechanical Yeti","Goblin Blastmage","Fireblast","Fireblast"],"current_player":"me","my_health":27,"opponent_health":9,"my_armor":0,"opponent_armor":0,"my_hand":0,"opponent_hand":1,"my_board":[{"card_name":"Goblin Blastmage","card_health":4,"card_attack":5},{"card_name":"Mechanical Yeti","card_health":5,"card_attack":4}],"opponent_board":[{"card_name":"Dark Iron Dwarf","card_health":2,"card_attack":4}]},{"turn":28,"cards_played":["Fireblast","Fireblast","Ironbark Protector"],"current_player":"opponent","my_health":27,"opponent_health":9,"my_armor":0,"opponent_armor":0,"my_hand":0,"opponent_hand":1,"my_board":[{"card_name":"Mechanical Yeti","card_health":4,"card_attack":4}],"opponent_board":[{"card_name":"Ironbark Protector","card_health":8,"card_attack":8}]},{"turn":29,"cards_played":["Kvaldir Raider","Fireblast","Fireblast"],"current_player":"me","my_health":27,"opponent_health":9,"my_armor":0,"opponent_armor":0,"my_hand":0,"opponent_hand":1,"my_board":[{"card_name":"Mechanical Yeti","card_health":4,"card_attack":4},{"card_name":"Kvaldir Raider","card_health":4,"card_attack":4}],"opponent_board":[{"card_name":"Ironbark Protector","card_health":7,"card_attack":8}]},{"turn":30,"cards_played":["Druid of the Flame","Fireblast","Fireblast"],"current_player":"opponent","my_health":27,"opponent_health":9,"my_armor":0,"opponent_armor":0,"my_hand":1,"opponent_hand":2,"my_board":[{"card_name":"Kvaldir Raider","card_health":5,"card_attack":6}],"opponent_board":[{"card_name":"Ironbark Protector","card_health":3,"card_attack":8},{"card_name":"Druid of the Flame","card_health":2,"card_attack":5}]},{"turn":31,"cards_played":["Frost Elemental","Fireblast","Fireblast"],"current_player":"me","my_health":27,"opponent_health":8,"my_armor":0,"opponent_armor":0,"my_hand":1,"opponent_hand":2,"my_board":[{"card_name":"Frost Elemental","card_health":5,"card_attack":5}],"opponent_board":[{"card_name":"Druid of the Flame","card_health":2,"card_attack":5}]},{"turn":32,"cards_played":["Boulderfist Ogre","Fireblast","Fireblast"],"current_player":"opponent","my_health":27,"opponent_health":8,"my_armor":0,"opponent_armor":0,"my_hand":1,"opponent_hand":2,"my_board":[{"card_name":"Frost Elemental","card_health":4,"card_attack":5}],"opponent_board":[{"card_name":"Boulderfist Ogre","card_health":7,"card_attack":6},{"card_name":"Druid of the Flame","card_health":2,"card_attack":5}]},{"turn":33,"cards_played":["Ethereal Arcanist","Fireblast","Finicky Cloakfield"],"current_player":"me","my_health":27,"opponent_health":2,"my_armor":0,"opponent_armor":0,"my_hand":0,"opponent_hand":2,"my_board":[{"card_name":"Frost Elemental","card_health":4,"card_attack":5},{"card_name":"Ethereal Arcanist","card_health":3,"card_attack":3}],"opponent_board":[{"card_name":"Boulderfist Ogre","card_health":7,"card_attack":6},{"card_name":"Druid of the Flame","card_health":2,"card_attack":5}]},{"turn":34,"cards_played":[],"current_player":"opponent","my_health":27,"opponent_health":2,"my_armor":0,"opponent_armor":0,"my_hand":0,"opponent_hand":3,"my_board":[{"card_name":"Frost Elemental","card_health":4,"card_attack":5},{"card_name":"Ethereal Arcanist","card_health":5,"card_attack":5}],"opponent_board":[{"card_name":"Boulderfist Ogre","card_health":7,"card_attack":6},{"card_name":"Druid of the Flame","card_health":2,"card_attack":5}]}],"result":"victory"}