{"plays":[{"turn":1,"cards_played":[],"current_player":"me","my_health":0,"opponent_health":0,"my_armor":0,"opponent_armor":0,"my_hand":0,"opponent_hand":1,"my_board":[],"opponent_board":[]},{"turn":2,"cards_played":["Living Roots"],"current_player":"me","my_health":30,"opponent_health":30,"my_armor":0,"opponent_armor":0,"my_hand":6,"opponent_hand":3,"my_board":[],"opponent_board":[{"card_name":"Sapling","card_health":1,"card_attack":1},{"card_name":"Sapling","card_health":1,"card_attack":1}]},{"turn":3,"cards_played":["Wild Growth"],"current_player":"opponent","my_health":28,"opponent_health":30,"my_armor":0,"opponent_armor":0,"my_hand":6,"opponent_hand":3,"my_board":[],"opponent_board":[{"card_name":"Sapling","card_health":1,"card_attack":1},{"card_name":"Sapling","card_health":1,"card_attack":1}]},{"turn":4,"cards_played":["King's Elekk"],"current_player":"me","my_health":28,"opponent_health":30,"my_armor":0,"opponent_armor":0,"my_hand":6,"opponent_hand":3,"my_board":[{"card_name":"King's Elekk","card_health":2,"card_attack":3}],"opponent_board":[{"card_name":"Sapling","card_health":1,"card_attack":1},{"card_name":"Sapling","card_health":1,"card_attack":1}]},{"turn":5,"cards_played":["Shapeshift"],"current_player":"opponent","my_health":27,"opponent_health":28,"my_armor":0,"opponent_armor":0,"my_hand":6,"opponent_hand":4,"my_board":[],"opponent_board":[{"card_name":"Sapling","card_health":1,"card_attack":1}]},{"turn":6,"cards_played":["King's Elekk"],"current_player":"me","my_health":27,"opponent_health":28,"my_armor":0,"opponent_armor":0,"my_hand":6,"opponent_hand":4,"my_board":[{"card_name":"King's Elekk","card_health":2,"card_attack":3}],"opponent_board":[{"card_name":"Sapling","card_health":1,"card_attack":1}]},{"turn":7,"cards_played":["Piloted Shredder","Innervate","Shapeshift"],"current_player":"opponent","my_health":27,"opponent_health":26,"my_armor":0,"opponent_armor":0,"my_hand":6,"opponent_hand":3,"my_board":[],"opponent_board":[{"card_name":"Piloted Shredder","card_health":3,"card_attack":4}]},{"turn":8,"cards_played":["Wild Pyromancer","Arcane Shot"],"current_player":"me","my_health":27,"opponent_health":26,"my_armor":0,"opponent_armor":0,"my_hand":5,"opponent_hand":3,"my_board":[{"card_name":"Wild Pyromancer","card_health":1,"card_attack":3}],"opponent_board":[{"card_name":"Mad Scientist","card_health":2,"card_attack":2}]},{"turn":9,"cards_played":["Swipe","Shapeshift"],"current_player":"opponent","my_health":20,"opponent_health":26,"my_armor":0,"opponent_armor":1,"my_hand":5,"opponent_hand":3,"my_board":[],"opponent_board":[{"card_name":"Mad Scientist","card_health":2,"card_attack":2}]},{"turn":10,"cards_played":["Arcane Shot","Steady Shot"],"current_player":"me","my_health":20,"opponent_health":25,"my_armor":0,"opponent_armor":0,"my_hand":5,"opponent_hand":3,"my_board":[],"opponent_board":[]},{"turn":11,"cards_played":["Ancient of Lore"],"current_player":"opponent","my_health":20,"opponent_health":25,"my_armor":0,"opponent_armor":0,"my_hand":5,"opponent_hand":5,"my_board":[],"opponent_board":[{"card_name":"Ancient of Lore","card_health":5,"card_attack":5}]},{"turn":12,"cards_played":["The Coin","Gladiator's Longbow"],"current_player":"me","my_health":20,"opponent_health":25,"my_armor":0,"opponent_armor":0,"my_hand":4,"opponent_hand":5,"my_board":[],"opponent_board":[]},{"turn":13,"cards_played":["Shapeshift"],"current_player":"opponent","my_health":19,"opponent_health":25,"my_armor":0,"opponent_armor":1,"my_hand":4,"opponent_hand":6,"my_board":[],"opponent_board":[]},{"turn":14,"cards_played":["Azure Drake","Steady Shot"],"current_player":"me","my_health":19,"opponent_health":24,"my_armor":0,"opponent_armor":0,"my_hand":5,"opponent_hand":6,"my_board":[{"card_name":"Azure Drake","card_health":4,"card_attack":4}],"opponent_board":[]},{"turn":15,"cards_played":["Wrath","Wrath","Keeper of the Grove"],"current_player":"opponent","my_health":19,"opponent_health":24,"my_armor":0,"opponent_armor":0,"my_hand":5,"opponent_hand":6,"my_board":[],"opponent_board":[{"card_name":"Keeper of the Grove","card_health":4,"card_attack":2}]},{"turn":16,"cards_played":["Azure Drake","Blackwing Technician"],"current_player":"me","my_health":19,"opponent_health":24,"my_armor":0,"opponent_armor":0,"my_hand":5,"opponent_hand":6,"my_board":[{"card_name":"Azure Drake","card_health":4,"card_attack":4},{"card_name":"Blackwing Technician","card_health":4,"card_attack":2}],"opponent_board":[{"card_name":"Keeper of the Grove","card_health":4,"card_attack":2}]},{"turn":17,"cards_played":["Azure Drake","Swipe"],"current_player":"opponent","my_health":17,"opponent_health":24,"my_armor":0,"opponent_armor":0,"my_hand":5,"opponent_hand":6,"my_board":[],"opponent_board":[{"card_name":"Azure Drake","card_health":4,"card_attack":4}]},{"turn":18,"cards_played":["Hunter's Mark","Blackwing Corruptor","Acolyte of Pain"],"current_player":"me","my_health":17,"opponent_health":24,"my_armor":0,"opponent_armor":0,"my_hand":3,"opponent_hand":6,"my_board":[{"card_name":"Blackwing Corruptor","card_health":4,"card_attack":5},{"card_name":"Acolyte of Pain","card_health":3,"card_attack":1}],"opponent_board":[]},{"turn":19,"cards_played":["Shade of Naxxramas","Loatheb","Darnassus Aspirant"],"current_player":"opponent","my_health":17,"opponent_health":24,"my_armor":0,"opponent_armor":0,"my_hand":3,"opponent_hand":4,"my_board":[{"card_name":"Blackwing Corruptor","card_health":4,"card_attack":5},{"card_name":"Acolyte of Pain","card_health":3,"card_attack":1}],"opponent_board":[{"card_name":"Shade of Naxxramas","card_health":2,"card_attack":2},{"card_name":"Darnassus Aspirant","card_health":3,"card_attack":2},{"card_name":"Loatheb","card_health":5,"card_attack":5}]},{"turn":20,"cards_played":["Antique Healbot","Steady Shot"],"current_player":"me","my_health":25,"opponent_health":21,"my_armor":0,"opponent_armor":0,"my_hand":3,"opponent_hand":4,"my_board":[{"card_name":"Blackwing Corruptor","card_health":2,"card_attack":5},{"card_name":"Acolyte of Pain","card_health":3,"card_attack":1},{"card_name":"Antique Healbot","card_health":3,"card_attack":3}],"opponent_board":[{"card_name":"Shade of Naxxramas","card_health":2,"card_attack":2}]},{"turn":21,"cards_played":["Ancient of Lore","Wild Growth","Excess Mana"],"current_player":"opponent","my_health":25,"opponent_health":21,"my_armor":0,"opponent_armor":0,"my_hand":3,"opponent_hand":6,"my_board":[{"card_name":"Blackwing Corruptor","card_health":2,"card_attack":5},{"card_name":"Acolyte of Pain","card_health":3,"card_attack":1},{"card_name":"Antique Healbot","card_health":3,"card_attack":3}],"opponent_board":[{"card_name":"Shade of Naxxramas","card_health":3,"card_attack":3},{"card_name":"Ancient of Lore","card_health":5,"card_attack":5}]},{"turn":22,"cards_played":["Gahz'rilla","Steady Shot"],"current_player":"me","my_health":25,"opponent_health":15,"my_armor":0,"opponent_armor":0,"my_hand":3,"opponent_hand":6,"my_board":[{"card_name":"Acolyte of Pain","card_health":3,"card_attack":1},{"card_name":"Gahz'rilla","card_health":9,"card_attack":6},{"card_name":"Antique Healbot","card_health":3,"card_attack":3}],"opponent_board":[{"card_name":"Shade of Naxxramas","card_health":3,"card_attack":3}]},{"turn":23,"cards_played":["Force of Nature","Big Game Hunter"],"current_player":"opponent","my_health":25,"opponent_health":15,"my_armor":0,"opponent_armor":0,"my_hand":4,"opponent_hand":5,"my_board":[],"opponent_board":[{"card_name":"Shade of Naxxramas","card_health":3,"card_attack":4},{"card_name":"Big Game Hunter","card_health":2,"card_attack":4}]},{"turn":24,"cards_played":["Quick Shot","Twilight Guardian","Steady Shot"],"current_player":"me","my_health":25,"opponent_health":13,"my_armor":0,"opponent_armor":0,"my_hand":3,"opponent_hand":5,"my_board":[{"card_name":"Twilight Guardian","card_health":6,"card_attack":3}],"opponent_board":[{"card_name":"Big Game Hunter","card_health":2,"card_attack":4}]},{"turn":25,"cards_played":["Druid of the Claw","Druid of the Claw"],"current_player":"opponent","my_health":25,"opponent_health":13,"my_armor":0,"opponent_armor":0,"my_hand":3,"opponent_hand":4,"my_board":[{"card_name":"Twilight Guardian","card_health":2,"card_attack":3}],"opponent_board":[{"card_name":"Druid of the Claw","card_health":4,"card_attack":4},{"card_name":"Druid of the Claw","card_health":6,"card_attack":4},{"card_name":"Druid of the Claw","card_health":6,"card_attack":4}]},{"turn":26,"cards_played":["Hunter's Mark","Powershot","Blackwing Corruptor","Steady Shot"],"current_player":"me","my_health":25,"opponent_health":11,"my_armor":0,"opponent_armor":0,"my_hand":1,"opponent_hand":4,"my_board":[{"card_name":"Blackwing Corruptor","card_health":4,"card_attack":5}],"opponent_board":[]},{"turn":27,"cards_played":["Dr. Boom","Shapeshift"],"current_player":"opponent","my_health":24,"opponent_health":11,"my_armor":0,"opponent_armor":1,"my_hand":1,"opponent_hand":4,"my_board":[{"card_name":"Blackwing Corruptor","card_health":4,"card_attack":5}],"opponent_board":[{"card_name":"Dr. Boom","card_health":7,"card_attack":7},{"card_name":"Boom Bot","card_health":1,"card_attack":1},{"card_name":"Boom Bot","card_health":1,"card_attack":1}]},{"turn":28,"cards_played":["Rend Blackhand","Steady Shot"],"current_player":"me","my_health":24,"opponent_health":10,"my_armor":0,"opponent_armor":0,"my_hand":1,"opponent_hand":4,"my_board":[{"card_name":"Rend Blackhand","card_health":4,"card_attack":8},{"card_name":"Blackwing Corruptor","card_health":2,"card_attack":5}],"opponent_board":[{"card_name":"Boom Bot","card_health":1,"card_attack":1}]},{"turn":29,"cards_played":["Force of Nature","Piloted Shredder"],"current_player":"opponent","my_health":21,"opponent_health":10,"my_armor":0,"opponent_armor":0,"my_hand":1,"opponent_hand":3,"my_board":[],"opponent_board":[{"card_name":"Piloted Shredder","card_health":3,"card_attack":4}]},{"turn":30,"cards_played":["Chillmaw","Steady Shot"],"current_player":"me","my_health":21,"opponent_health":8,"my_armor":0,"opponent_armor":0,"my_hand":1,"opponent_hand":3,"my_board":[{"card_name":"Chillmaw","card_health":6,"card_attack":6}],"opponent_board":[{"card_name":"Piloted Shredder","card_health":3,"card_attack":4}]},{"turn":31,"cards_played":["Living Roots","Emperor Thaurissan","Shapeshift"],"current_player":"opponent","my_health":20,"opponent_health":8,"my_armor":0,"opponent_armor":1,"my_hand":1,"opponent_hand":2,"my_board":[],"opponent_board":[{"card_name":"Emperor Thaurissan","card_health":5,"card_attack":5}]},{"turn":32,"cards_played":["Blackwing Technician","Steady Shot"],"current_player":"me","my_health":20,"opponent_health":7,"my_armor":0,"opponent_armor":0,"my_hand":1,"opponent_hand":2,"my_board":[{"card_name":"Blackwing Technician","card_health":5,"card_attack":3}],"opponent_board":[{"card_name":"Emperor Thaurissan","card_health":5,"card_attack":5}]},{"turn":33,"cards_played":["Azure Drake","Keeper of the Grove","Shapeshift"],"current_player":"opponent","my_health":17,"opponent_health":7,"my_armor":0,"opponent_armor":1,"my_hand":1,"opponent_hand":2,"my_board":[],"opponent_board":[{"card_name":"Emperor Thaurissan","card_health":2,"card_attack":5},{"card_name":"Azure Drake","card_health":4,"card_attack":4},{"card_name":"Keeper of the Grove","card_health":4,"card_attack":2}]},{"turn":34,"cards_played":["Quick Shot","Steady Shot"],"current_player":"me","my_health":17,"opponent_health":6,"my_armor":0,"opponent_armor":0,"my_hand":1,"opponent_hand":2,"my_board":[],"opponent_board":[{"card_name":"Azure Drake","card_health":4,"card_attack":4},{"card_name":"Keeper of the Grove","card_health":4,"card_attack":2}]},{"turn":35,"cards_played":["Savage Roar","Savage Roar","Shapeshift"],"current_player":"opponent","my_health":-2,"opponent_health":6,"my_armor":0,"opponent_armor":1,"my_hand":1,"opponent_hand":1,"my_board":[],"opponent_board":[{"card_name":"Azure Drake","card_health":4,"card_attack":8},{"card_name":"Keeper of the Grove","card_health":4,"card_attack":6}]}],"result":"defeat"}