{"plays":[{"turn":1,"cards_played":[],"current_player":"me","my_health":0,"opponent_health":30,"my_armor":0,"opponent_armor":0,"my_hand":0,"opponent_hand":1,"my_board":[],"opponent_board":[]},{"turn":2,"cards_played":["Mana Wyrm"],"current_player":"me","my_health":30,"opponent_health":30,"my_armor":0,"opponent_armor":0,"my_hand":5,"opponent_hand":4,"my_board":[{"card_name":"Mana Wyrm","card_health":3,"card_attack":1}],"opponent_board":[]},{"turn":3,"cards_played":["Fiery War Axe"],"current_player":"opponent","my_health":30,"opponent_health":29,"my_armor":0,"opponent_armor":0,"my_hand":5,"opponent_hand":4,"my_board":[],"opponent_board":[]},{"turn":4,"cards_played":["Mad Scientist"],"current_player":"me","my_health":30,"opponent_health":29,"my_armor":0,"opponent_armor":0,"my_hand":5,"opponent_hand":4,"my_board":[{"card_name":"Mad Scientist","card_health":2,"card_attack":2}],"opponent_board":[]},{"turn":5,"cards_played":["Acolyte of Pain"],"current_player":"opponent","my_health":30,"opponent_health":27,"my_armor":0,"opponent_armor":0,"my_hand":5,"opponent_hand":4,"my_board":[{"card_name":"Acolyte of Pain","card_health":3,"card_attack":1}],"opponent_board":[{"card_name":"Acolyte of Pain","card_health":3,"card_attack":1}]},{"turn":6,"cards_played":["Mad Scientist"],"current_player":"me","my_health":30,"opponent_health":27,"my_armor":0,"opponent_armor":0,"my_hand":6,"opponent_hand":5,"my_board":[{"card_name":"Mad Scientist","card_health":2,"card_attack":2},{"card_name":"Acolyte of Pain","card_health":2,"card_attack":1}],"opponent_board":[{"card_name":"Acolyte of Pain","card_health":2,"card_attack":1}]},{"turn":7,"cards_played":["Execute","Armor Up!"],"current_player":"opponent","my_health":30,"opponent_health":27,"my_armor":0,"opponent_armor":2,"my_hand":7,"opponent_hand":6,"my_board":[{"card_name":"Mad Scientist","card_health":2,"card_attack":2}],"opponent_board":[{"card_name":"Acolyte of Pain","card_health":1,"card_attack":1}]},{"turn":8,"cards_played":["Mana Wyrm","Unstable Portal","Southsea Captain"],"current_player":"me","my_health":30,"opponent_health":27,"my_armor":0,"opponent_armor":2,"my_hand":6,"opponent_hand":7,"my_board":[{"card_name":"Mana Wyrm","card_health":3,"card_attack":2},{"card_name":"Mad Scientist","card_health":1,"card_attack":2},{"card_name":"Southsea Captain","card_health":3,"card_attack":3}],"opponent_board":[]},{"turn":9,"cards_played":["Sludge Belcher"],"current_player":"opponent","my_health":30,"opponent_health":27,"my_armor":0,"opponent_armor":2,"my_hand":6,"opponent_hand":7,"my_board":[{"card_name":"Mana Wyrm","card_health":3,"card_attack":2},{"card_name":"Mad Scientist","card_health":1,"card_attack":2},{"card_name":"Southsea Captain","card_health":3,"card_attack":3}],"opponent_board":[{"card_name":"Sludge Belcher","card_health":5,"card_attack":3}]},{"turn":10,"cards_played":["Fireball"],"current_player":"me","my_health":30,"opponent_health":23,"my_armor":0,"opponent_armor":0,"my_hand":6,"opponent_hand":7,"my_board":[{"card_name":"Mana Wyrm","card_health":3,"card_attack":3},{"card_name":"Southsea Captain","card_health":3,"card_attack":3}],"opponent_board":[]},{"turn":11,"cards_played":["Death's Bite","Armor Up!"],"current_player":"opponent","my_health":30,"opponent_health":20,"my_armor":0,"opponent_armor":2,"my_hand":6,"opponent_hand":7,"my_board":[{"card_name":"Southsea Captain","card_health":3,"card_attack":3}],"opponent_board":[]},{"turn":12,"cards_played":["The Coin","Dr. Boom"],"current_player":"me","my_health":30,"opponent_health":19,"my_armor":0,"opponent_armor":0,"my_hand":5,"opponent_hand":7,"my_board":[{"card_name":"Dr. Boom","card_health":7,"card_attack":7},{"card_name":"Southsea Captain","card_health":3,"card_attack":3},{"card_name":"Boom Bot","card_health":1,"card_attack":1},{"card_name":"Boom Bot","card_health":1,"card_attack":1}],"opponent_board":[]},{"turn":13,"cards_played":["Shield Block","Armor Up!","Execute"],"current_player":"opponent","my_health":30,"opponent_health":11,"my_armor":0,"opponent_armor":7,"my_hand":5,"opponent_hand":7,"my_board":[],"opponent_board":[]},{"turn":14,"cards_played":["Azure Drake","Arcane Missiles","Mirror Image"],"current_player":"me","my_health":30,"opponent_health":11,"my_armor":0,"opponent_armor":3,"my_hand":4,"opponent_hand":7,"my_board":[{"card_name":"Azure Drake","card_health":4,"card_attack":4},{"card_name":"Mirror Image","card_health":2,"card_attack":0},{"card_name":"Mirror Image","card_health":2,"card_attack":0}],"opponent_board":[]},{"turn":15,"cards_played":["Shieldmaiden","Shield Slam","Shield Slam"],"current_player":"opponent","my_health":30,"opponent_health":11,"my_armor":0,"opponent_armor":8,"my_hand":4,"opponent_hand":5,"my_board":[{"card_name":"Mirror Image","card_health":2,"card_attack":0},{"card_name":"Mirror Image","card_health":2,"card_attack":0}],"opponent_board":[{"card_name":"Shieldmaiden","card_health":5,"card_attack":5}]},{"turn":16,"cards_played":["Frostbolt","Fireblast","Fireblast","Fireball"],"current_player":"me","my_health":30,"opponent_health":11,"my_armor":0,"opponent_armor":8,"my_hand":3,"opponent_hand":5,"my_board":[{"card_name":"Mirror Image","card_health":2,"card_attack":0},{"card_name":"Mirror Image","card_health":2,"card_attack":0}],"opponent_board":[{"card_name":"Shieldmaiden","card_health":1,"card_attack":5}]},{"turn":17,"cards_played":["Shield Block","Emperor Thaurissan"],"current_player":"opponent","my_health":30,"opponent_health":11,"my_armor":0,"opponent_armor":7,"my_hand":3,"opponent_hand":5,"my_board":[{"card_name":"Mirror Image","card_health":2,"card_attack":0},{"card_name":"Mirror Image","card_health":2,"card_attack":0}],"opponent_board":[{"card_name":"Shieldmaiden","card_health":1,"card_attack":5},{"card_name":"Emperor Thaurissan","card_health":5,"card_attack":5}]},{"turn":18,"cards_played":["Unstable Portal","Murloc Raider","Fireblast"],"current_player":"me","my_health":30,"opponent_health":11,"my_armor":0,"opponent_armor":7,"my_hand":3,"opponent_hand":5,"my_board":[{"card_name":"Mirror Image","card_health":2,"card_attack":0},{"card_name":"Mirror Image","card_health":2,"card_attack":0},{"card_name":"Murloc Raider","card_health":1,"card_attack":2}],"opponent_board":[{"card_name":"Emperor Thaurissan","card_health":5,"card_attack":5}]},{"turn":19,"cards_played":["Dr. Boom","Armor Up!","Fiery War Axe"],"current_player":"opponent","my_health":30,"opponent_health":11,"my_armor":0,"opponent_armor":9,"my_hand":3,"opponent_hand":4,"my_board":[{"card_name":"Murloc Raider","card_health":1,"card_attack":2}],"opponent_board":[{"card_name":"Emperor Thaurissan","card_health":5,"card_attack":5},{"card_name":"Dr. Boom","card_health":7,"card_attack":7},{"card_name":"Boom Bot","card_health":1,"card_attack":1},{"card_name":"Boom Bot","card_health":1,"card_attack":1}]},{"turn":20,"cards_played":["Arcane Intellect","Flamestrike"],"current_player":"me","my_health":30,"opponent_health":11,"my_armor":0,"opponent_armor":9,"my_hand":4,"opponent_hand":4,"my_board":[],"opponent_board":[{"card_name":"Emperor Thaurissan","card_health":1,"card_attack":5},{"card_name":"Dr. Boom","card_health":1,"card_attack":7}]},{"turn":21,"cards_played":["Grommash Hellscream","Acolyte of Pain","Armor Up!"],"current_player":"opponent","my_health":3,"opponent_health":11,"my_armor":0,"opponent_armor":11,"my_hand":4,"opponent_hand":3,"my_board":[],"opponent_board":[{"card_name":"Acolyte of Pain","card_health":3,"card_attack":1},{"card_name":"Emperor Thaurissan","card_health":1,"card_attack":5},{"card_name":"Dr. Boom","card_health":1,"card_attack":7},{"card_name":"Grommash Hellscream","card_health":9,"card_attack":4}]},{"turn":22,"cards_played":["Flamewaker","Sorcerer's Apprentice","Mirror Image","Echo of Medivh","Fireblast","Fireblast","Mirror Image","Mirror Image"],"current_player":"me","my_health":3,"opponent_health":11,"my_armor":0,"opponent_armor":10,"my_hand":3,"opponent_hand":5,"my_board":[{"card_name":"Flamewaker","card_health":4,"card_attack":2},{"card_name":"Sorcerer's Apprentice","card_health":2,"card_attack":3},{"card_name":"Mirror Image","card_health":2,"card_attack":0},{"card_name":"Mirror Image","card_health":2,"card_attack":0},{"card_name":"Mirror Image","card_health":2,"card_attack":0},{"card_name":"Mirror Image","card_health":2,"card_attack":0}],"opponent_board":[{"card_name":"Acolyte of Pain","card_health":1,"card_attack":1},{"card_name":"Emperor Thaurissan","card_health":1,"card_attack":5},{"card_name":"Grommash Hellscream","card_health":8,"card_attack":10}]},{"turn":23,"cards_played":["Brawl","Baron Geddon","Armor Up!"],"current_player":"opponent","my_health":1,"opponent_health":11,"my_armor":0,"opponent_armor":10,"my_hand":3,"opponent_hand":4,"my_board":[],"opponent_board":[{"card_name":"Baron Geddon","card_health":5,"card_attack":7}]},{"turn":24,"cards_played":["Pyroblast"],"current_player":"me","my_health":1,"opponent_health":11,"my_armor":0,"opponent_armor":10,"my_hand":3,"opponent_hand":4,"my_board":[],"opponent_board":[]},{"turn":25,"cards_played":["Ragnaros the Firelord","Armor Up!"],"current_player":"opponent","my_health":-7,"opponent_health":11,"my_armor":0,"opponent_armor":12,"my_hand":3,"opponent_hand":4,"my_board":[],"opponent_board":[{"card_name":"Ragnaros the Firelord","card_health":8,"card_attack":8}]}],"result":"defeat"}