{"plays":[{"turn":1,"cards_played":[],"current_player":"opponent","my_health":30,"opponent_health":0,"my_armor":0,"opponent_armor":0,"my_hand":1,"opponent_hand":0,"my_board":[],"opponent_board":[]},{"turn":2,"cards_played":[],"current_player":"opponent","my_health":30,"opponent_health":30,"my_armor":0,"opponent_armor":0,"my_hand":4,"opponent_hand":6,"my_board":[],"opponent_board":[]},{"turn":3,"cards_played":["Unstable Portal"],"current_player":"me","my_health":30,"opponent_health":30,"my_armor":0,"opponent_armor":0,"my_hand":5,"opponent_hand":6,"my_board":[],"opponent_board":[]},{"turn":4,"cards_played":["Armor Up!"],"current_player":"opponent","my_health":30,"opponent_health":30,"my_armor":0,"opponent_armor":2,"my_hand":5,"opponent_hand":7,"my_board":[],"opponent_board":[]},{"turn":5,"cards_played":["Mech-Bear-Cat"],"current_player":"me","my_health":30,"opponent_health":30,"my_armor":0,"opponent_armor":2,"my_hand":5,"opponent_hand":7,"my_board":[{"card_name":"Mech-Bear-Cat","card_health":6,"card_attack":7}],"opponent_board":[]},{"turn":6,"cards_played":["Slam"],"current_player":"opponent","my_health":30,"opponent_health":30,"my_armor":0,"opponent_armor":2,"my_hand":6,"opponent_hand":8,"my_board":[{"card_name":"Mech-Bear-Cat","card_health":4,"card_attack":7}],"opponent_board":[]},{"turn":7,"cards_played":[],"current_player":"me","my_health":30,"opponent_health":25,"my_armor":0,"opponent_armor":0,"my_hand":6,"opponent_hand":8,"my_board":[{"card_name":"Mech-Bear-Cat","card_health":4,"card_attack":7}],"opponent_board":[]},{"turn":8,"cards_played":["Death's Bite"],"current_player":"opponent","my_health":30,"opponent_health":18,"my_armor":0,"opponent_armor":0,"my_hand":7,"opponent_hand":8,"my_board":[],"opponent_board":[]},{"turn":9,"cards_played":["Fireblast","Fireblast"],"current_player":"me","my_health":30,"opponent_health":17,"my_armor":0,"opponent_armor":0,"my_hand":7,"opponent_hand":8,"my_board":[],"opponent_board":[]},{"turn":10,"cards_played":["The Coin","Armor Up!"],"current_player":"opponent","my_health":30,"opponent_health":17,"my_armor":0,"opponent_armor":2,"my_hand":7,"opponent_hand":8,"my_board":[],"opponent_board":[]},{"turn":11,"cards_played":["Fireblast","Fireball"],"current_player":"me","my_health":30,"opponent_health":17,"my_armor":0,"opponent_armor":1,"my_hand":7,"opponent_hand":8,"my_board":[],"opponent_board":[]},{"turn":12,"cards_played":["Emperor Thaurissan"],"current_player":"opponent","my_health":30,"opponent_health":7,"my_armor":0,"opponent_armor":0,"my_hand":7,"opponent_hand":8,"my_board":[],"opponent_board":[{"card_name":"Emperor Thaurissan","card_health":4,"card_attack":5}]},{"turn":13,"cards_played":["Arcane Intellect","Mana Wyrm","Flamecannon","Armor Plating"],"current_player":"me","my_health":30,"opponent_health":7,"my_armor":0,"opponent_armor":0,"my_hand":6,"opponent_hand":8,"my_board":[{"card_name":"Mana Wyrm","card_health":3,"card_attack":3}],"opponent_board":[]},{"turn":14,"cards_played":["Warsong Commander","Grim Patron","Slam","Whirlwind","Inner Rage","Inner Rage","Whirlwind"],"current_player":"opponent","my_health":8,"opponent_health":7,"my_armor":0,"opponent_armor":0,"my_hand":6,"opponent_hand":3,"my_board":[],"opponent_board":[{"card_name":"Warsong Commander","card_health":1,"card_attack":2},{"card_name":"Grim Patron","card_health":1,"card_attack":3},{"card_name":"Grim Patron","card_health":1,"card_attack":5},{"card_name":"Grim Patron","card_health":1,"card_attack":5},{"card_name":"Grim Patron","card_health":2,"card_attack":3},{"card_name":"Grim Patron","card_health":3,"card_attack":3},{"card_name":"Grim Patron","card_health":3,"card_attack":3}]},{"turn":15,"cards_played":["Flamewaker","Arcane Missiles","Frostbolt","Unstable Portal"],"current_player":"me","my_health":8,"opponent_health":2,"my_armor":0,"opponent_armor":0,"my_hand":4,"opponent_hand":3,"my_board":[{"card_name":"Flamewaker","card_health":4,"card_attack":2}],"opponent_board":[{"card_name":"Grim Patron","card_health":1,"card_attack":3},{"card_name":"Grim Patron","card_health":1,"card_attack":5},{"card_name":"Grim Patron","card_health":1,"card_attack":5},{"card_name":"Grim Patron","card_health":2,"card_attack":3},{"card_name":"Grim Patron","card_health":1,"card_attack":3},{"card_name":"Grim Patron","card_health":1,"card_attack":3},{"card_name":"Grim Patron","card_health":1,"card_attack":3}]}],"result":"defeat"}