{"plays":[{"turn":1,"cards_played":[],"current_player":"me","my_health":0,"opponent_health":30,"my_armor":0,"opponent_armor":0,"my_hand":0,"opponent_hand":1,"my_board":[],"opponent_board":[]},{"turn":2,"cards_played":[],"current_player":"opponent","my_health":30,"opponent_health":30,"my_armor":0,"opponent_armor":0,"my_hand":4,"opponent_hand":6,"my_board":[],"opponent_board":[]},{"turn":3,"cards_played":["Mad Scientist"],"current_player":"me","my_health":30,"opponent_health":30,"my_armor":0,"opponent_armor":0,"my_hand":4,"opponent_hand":6,"my_board":[{"card_name":"Mad Scientist","card_health":2,"card_attack":2}],"opponent_board":[]},{"turn":4,"cards_played":["Haunted Creeper"],"current_player":"opponent","my_health":30,"opponent_health":30,"my_armor":0,"opponent_armor":0,"my_hand":4,"opponent_hand":6,"my_board":[{"card_name":"Mad Scientist","card_health":2,"card_attack":2}],"opponent_board":[{"card_name":"Haunted Creeper","card_health":2,"card_attack":1}]},{"turn":5,"cards_played":["Unstable Portal","Kor'kron Elite"],"current_player":"me","my_health":30,"opponent_health":24,"my_armor":0,"opponent_armor":0,"my_hand":4,"opponent_hand":6,"my_board":[{"card_name":"Mad Scientist","card_health":2,"card_attack":2},{"card_name":"Kor'kron Elite","card_health":3,"card_attack":4}],"opponent_board":[{"card_name":"Haunted Creeper","card_health":2,"card_attack":1}]},{"turn":6,"cards_played":["Abusive Sergeant","The Coin","Kill Command"],"current_player":"opponent","my_health":30,"opponent_health":24,"my_armor":0,"opponent_armor":0,"my_hand":4,"opponent_hand":4,"my_board":[],"opponent_board":[{"card_name":"Abusive Sergeant","card_health":1,"card_attack":2},{"card_name":"Spectral Spider","card_health":1,"card_attack":1},{"card_name":"Spectral Spider","card_health":1,"card_attack":1}]},{"turn":7,"cards_played":["Fireblast","Fireblast"],"current_player":"me","my_health":30,"opponent_health":24,"my_armor":0,"opponent_armor":0,"my_hand":5,"opponent_hand":4,"my_board":[],"opponent_board":[{"card_name":"Spectral Spider","card_health":1,"card_attack":1},{"card_name":"Spectral Spider","card_health":1,"card_attack":1}]},{"turn":8,"cards_played":["Kezan Mystic"],"current_player":"opponent","my_health":28,"opponent_health":24,"my_armor":0,"opponent_armor":0,"my_hand":5,"opponent_hand":4,"my_board":[],"opponent_board":[{"card_name":"Kezan Mystic","card_health":3,"card_attack":4},{"card_name":"Spectral Spider","card_health":1,"card_attack":1},{"card_name":"Spectral Spider","card_health":1,"card_attack":1}]},{"turn":9,"cards_played":["Sludge Belcher"],"current_player":"me","my_health":28,"opponent_health":24,"my_armor":0,"opponent_armor":0,"my_hand":5,"opponent_hand":4,"my_board":[{"card_name":"Sludge Belcher","card_health":5,"card_attack":3}],"opponent_board":[{"card_name":"Kezan Mystic","card_health":3,"card_attack":4},{"card_name":"Spectral Spider","card_health":1,"card_attack":1},{"card_name":"Spectral Spider","card_health":1,"card_attack":1}]},{"turn":10,"cards_played":["Leper Gnome","Steady Shot","Leper Gnome"],"current_player":"opponent","my_health":26,"opponent_health":24,"my_armor":0,"opponent_armor":0,"my_hand":5,"opponent_hand":3,"my_board":[{"card_name":"Slime","card_health":2,"card_attack":1}],"opponent_board":[{"card_name":"Leper Gnome","card_health":1,"card_attack":2},{"card_name":"Leper Gnome","card_health":1,"card_attack":2},{"card_name":"Spectral Spider","card_health":1,"card_attack":1}]},{"turn":11,"cards_played":["Mana Wyrm","Sludge Belcher"],"current_player":"me","my_health":26,"opponent_health":24,"my_armor":0,"opponent_armor":0,"my_hand":4,"opponent_hand":3,"my_board":[{"card_name":"Sludge Belcher","card_health":5,"card_attack":3},{"card_name":"Mana Wyrm","card_health":3,"card_attack":1},{"card_name":"Slime","card_health":1,"card_attack":1}],"opponent_board":[{"card_name":"Leper Gnome","card_health":1,"card_attack":2},{"card_name":"Leper Gnome","card_health":1,"card_attack":2}]},{"turn":12,"cards_played":["Savannah Highmane"],"current_player":"opponent","my_health":26,"opponent_health":24,"my_armor":0,"opponent_armor":0,"my_hand":4,"opponent_hand":3,"my_board":[{"card_name":"Sludge Belcher","card_health":5,"card_attack":3},{"card_name":"Mana Wyrm","card_health":3,"card_attack":1}],"opponent_board":[{"card_name":"Savannah Highmane","card_health":5,"card_attack":6},{"card_name":"Leper Gnome","card_health":1,"card_attack":2}]},{"turn":13,"cards_played":["Fireblast","Fireblast","Flamecannon"],"current_player":"me","my_health":22,"opponent_health":24,"my_armor":0,"opponent_armor":0,"my_hand":4,"opponent_hand":3,"my_board":[{"card_name":"Sludge Belcher","card_health":3,"card_attack":3},{"card_name":"Mana Wyrm","card_health":1,"card_attack":2}],"opponent_board":[{"card_name":"Hyena","card_health":2,"card_attack":2}]},{"turn":14,"cards_played":["Unleash the Hounds","Abusive Sergeant","Steady Shot"],"current_player":"opponent","my_health":20,"opponent_health":24,"my_armor":0,"opponent_armor":0,"my_hand":4,"opponent_hand":2,"my_board":[],"opponent_board":[{"card_name":"Abusive Sergeant","card_health":1,"card_attack":2},{"card_name":"Hyena","card_health":1,"card_attack":2}]},{"turn":15,"cards_played":["Water Elemental","Fireblast","Fireblast"],"current_player":"me","my_health":20,"opponent_health":24,"my_armor":0,"opponent_armor":0,"my_hand":4,"opponent_hand":2,"my_board":[{"card_name":"Water Elemental","card_health":6,"card_attack":3}],"opponent_board":[{"card_name":"Abusive Sergeant","card_health":1,"card_attack":2}]},{"turn":16,"cards_played":["Steady Shot","Glaivezooka"],"current_player":"opponent","my_health":13,"opponent_health":24,"my_armor":0,"opponent_armor":0,"my_hand":4,"opponent_hand":2,"my_board":[{"card_name":"Water Elemental","card_health":6,"card_attack":3}],"opponent_board":[{"card_name":"Abusive Sergeant","card_health":1,"card_attack":3}]},{"turn":17,"cards_played":["Arcane Intellect","Acolyte of Pain","Fireblast","Fireblast"],"current_player":"me","my_health":13,"opponent_health":24,"my_armor":0,"opponent_armor":5,"my_hand":5,"opponent_hand":2,"my_board":[{"card_name":"Water Elemental","card_health":6,"card_attack":3},{"card_name":"Acolyte of Pain","card_health":3,"card_attack":1}],"opponent_board":[]},{"turn":18,"cards_played":["Steady Shot","Quick Shot"],"current_player":"opponent","my_health":11,"opponent_health":24,"my_armor":0,"opponent_armor":5,"my_hand":5,"opponent_hand":2,"my_board":[{"card_name":"Water Elemental","card_health":6,"card_attack":3},{"card_name":"Acolyte of Pain","card_health":3,"card_attack":1}],"opponent_board":[]},{"turn":19,"cards_played":["Fireblast","Fireblast","Emperor Thaurissan"],"current_player":"me","my_health":8,"opponent_health":24,"my_armor":0,"opponent_armor":1,"my_hand":6,"opponent_hand":2,"my_board":[{"card_name":"Emperor Thaurissan","card_health":5,"card_attack":5},{"card_name":"Water Elemental","card_health":6,"card_attack":3},{"card_name":"Acolyte of Pain","card_health":2,"card_attack":1}],"opponent_board":[]},{"turn":20,"cards_played":["Steady Shot","Argent Squire"],"current_player":"opponent","my_health":6,"opponent_health":24,"my_armor":0,"opponent_armor":1,"my_hand":6,"opponent_hand":2,"my_board":[{"card_name":"Emperor Thaurissan","card_health":5,"card_attack":5},{"card_name":"Water Elemental","card_health":6,"card_attack":3},{"card_name":"Acolyte of Pain","card_health":2,"card_attack":1}],"opponent_board":[{"card_name":"Argent Squire","card_health":1,"card_attack":1}]},{"turn":21,"cards_played":["Fireblast","Fireblast"],"current_player":"me","my_health":6,"opponent_health":17,"my_armor":0,"opponent_armor":0,"my_hand":6,"opponent_hand":2,"my_board":[{"card_name":"Emperor Thaurissan","card_health":5,"card_attack":5},{"card_name":"Water Elemental","card_health":6,"card_attack":3},{"card_name":"Acolyte of Pain","card_health":1,"card_attack":1}],"opponent_board":[]},{"turn":22,"cards_played":["Knife Juggler","Kezan Mystic","Unleash the Hounds"],"current_player":"opponent","my_health":4,"opponent_health":17,"my_armor":0,"opponent_armor":0,"my_hand":7,"opponent_hand":0,"my_board":[{"card_name":"Water Elemental","card_health":5,"card_attack":3},{"card_name":"Knife Juggler","card_health":2,"card_attack":3}],"opponent_board":[{"card_name":"Knife Juggler","card_health":2,"card_attack":3},{"card_name":"Kezan Mystic","card_health":3,"card_attack":4},{"card_name":"Hound","card_health":1,"card_attack":1},{"card_name":"Hound","card_health":1,"card_attack":1}]},{"turn":23,"cards_played":["Flamestrike","Fireblast","Fireblast"],"current_player":"me","my_health":4,"opponent_health":13,"my_armor":0,"opponent_armor":0,"my_hand":6,"opponent_hand":2,"my_board":[{"card_name":"Water Elemental","card_health":5,"card_attack":3},{"card_name":"Knife Juggler","card_health":1,"card_attack":3}],"opponent_board":[]},{"turn":24,"cards_played":["Hound","Steady Shot","Animal Companion"],"current_player":"opponent","my_health":2,"opponent_health":13,"my_armor":4,"opponent_armor":0,"my_hand":6,"opponent_hand":1,"my_board":[{"card_name":"Water Elemental","card_health":5,"card_attack":3}],"opponent_board":[{"card_name":"Huffer","card_health":2,"card_attack":4}]},{"turn":25,"cards_played":["Frostbolt","Fireblast"],"current_player":"me","my_health":2,"opponent_health":9,"my_armor":4,"opponent_armor":0,"my_hand":6,"opponent_hand":1,"my_board":[{"card_name":"Water Elemental","card_health":5,"card_attack":3}],"opponent_board":[]},{"turn":26,"cards_played":["Animal Companion","Hound","Steady Shot"],"current_player":"opponent","my_health":2,"opponent_health":9,"my_armor":0,"opponent_armor":0,"my_hand":6,"opponent_hand":0,"my_board":[{"card_name":"Water Elemental","card_health":5,"card_attack":3}],"opponent_board":[{"card_name":"Hound","card_health":1,"card_attack":2},{"card_name":"Leokk","card_health":4,"card_attack":2}]},{"turn":27,"cards_played":[],"current_player":"me","my_health":2,"opponent_health":9,"my_armor":0,"opponent_armor":0,"my_hand":7,"opponent_hand":0,"my_board":[{"card_name":"Water Elemental","card_health":5,"card_attack":3}],"opponent_board":[{"card_name":"Hound","card_health":1,"card_attack":2},{"card_name":"Leokk","card_health":4,"card_attack":2}]}],"result":"defeat"}