{"plays":[{"turn":1,"cards_played":[],"current_player":"me","my_health":0,"opponent_health":30,"my_armor":0,"opponent_armor":0,"my_hand":0,"opponent_hand":1,"my_board":[],"opponent_board":[]},{"turn":2,"cards_played":["Mana Wyrm","Zombie Chow"],"current_player":"opponent","my_health":30,"opponent_health":30,"my_armor":0,"opponent_armor":0,"my_hand":3,"opponent_hand":5,"my_board":[{"card_name":"Mana Wyrm","card_health":3,"card_attack":1}],"opponent_board":[{"card_name":"Zombie Chow","card_health":3,"card_attack":2}]},{"turn":3,"cards_played":["Arcane Missiles"],"current_player":"me","my_health":30,"opponent_health":28,"my_armor":0,"opponent_armor":0,"my_hand":3,"opponent_hand":5,"my_board":[{"card_name":"Mana Wyrm","card_health":1,"card_attack":2}],"opponent_board":[]},{"turn":4,"cards_played":["The Coin","Muster for Battle"],"current_player":"opponent","my_health":30,"opponent_health":26,"my_armor":0,"opponent_armor":0,"my_hand":3,"opponent_hand":4,"my_board":[],"opponent_board":[{"card_name":"Silver Hand Recruit","card_health":1,"card_attack":1},{"card_name":"Silver Hand Recruit","card_health":1,"card_attack":1},{"card_name":"Silver Hand Recruit","card_health":1,"card_attack":1}]},{"turn":5,"cards_played":["Mad Scientist"],"current_player":"me","my_health":30,"opponent_health":26,"my_armor":0,"opponent_armor":0,"my_hand":3,"opponent_hand":4,"my_board":[{"card_name":"Mad Scientist","card_health":2,"card_attack":2}],"opponent_board":[{"card_name":"Silver Hand Recruit","card_health":1,"card_attack":1},{"card_name":"Silver Hand Recruit","card_health":1,"card_attack":1},{"card_name":"Silver Hand Recruit","card_health":1,"card_attack":1}]},{"turn":6,"cards_played":["Ironbeak Owl"],"current_player":"opponent","my_health":28,"opponent_health":24,"my_armor":0,"opponent_armor":0,"my_hand":3,"opponent_hand":4,"my_board":[],"opponent_board":[{"card_name":"Ironbeak Owl","card_health":1,"card_attack":2},{"card_name":"Silver Hand Recruit","card_health":1,"card_attack":1},{"card_name":"Silver Hand Recruit","card_health":1,"card_attack":1}]},{"turn":7,"cards_played":["Unstable Portal","Fireblast","Fireblast"],"current_player":"me","my_health":28,"opponent_health":24,"my_armor":0,"opponent_armor":0,"my_hand":4,"opponent_hand":4,"my_board":[],"opponent_board":[{"card_name":"Silver Hand Recruit","card_health":1,"card_attack":1},{"card_name":"Silver Hand Recruit","card_health":1,"card_attack":1}]},{"turn":8,"cards_played":["Shielded Minibot","Shielded Minibot"],"current_player":"opponent","my_health":25,"opponent_health":24,"my_armor":0,"opponent_armor":0,"my_hand":4,"opponent_hand":3,"my_board":[],"opponent_board":[{"card_name":"Shielded Minibot","card_health":2,"card_attack":2},{"card_name":"Shielded Minibot","card_health":2,"card_attack":2},{"card_name":"Silver Hand Recruit","card_health":1,"card_attack":1},{"card_name":"Silver Hand Recruit","card_health":1,"card_attack":1}]},{"turn":9,"cards_played":["Fireblast","Fireblast"],"current_player":"me","my_health":25,"opponent_health":24,"my_armor":0,"opponent_armor":0,"my_hand":4,"opponent_hand":3,"my_board":[],"opponent_board":[{"card_name":"Shielded Minibot","card_health":2,"card_attack":2},{"card_name":"Shielded Minibot","card_health":2,"card_attack":2},{"card_name":"Silver Hand Recruit","card_health":1,"card_attack":1}]},{"turn":10,"cards_played":["Reinforce"],"current_player":"opponent","my_health":20,"opponent_health":24,"my_armor":0,"opponent_armor":0,"my_hand":4,"opponent_hand":4,"my_board":[],"opponent_board":[{"card_name":"Shielded Minibot","card_health":2,"card_attack":2},{"card_name":"Shielded Minibot","card_health":2,"card_attack":2},{"card_name":"Silver Hand Recruit","card_health":1,"card_attack":1},{"card_name":"Silver Hand Recruit","card_health":1,"card_attack":1}]},{"turn":11,"cards_played":["Sorcerer's Apprentice","Sorcerer's Apprentice","Fireball"],"current_player":"me","my_health":20,"opponent_health":24,"my_armor":0,"opponent_armor":0,"my_hand":2,"opponent_hand":4,"my_board":[{"card_name":"Sorcerer's Apprentice","card_health":2,"card_attack":3},{"card_name":"Sorcerer's Apprentice","card_health":2,"card_attack":3}],"opponent_board":[{"card_name":"Shielded Minibot","card_health":2,"card_attack":2},{"card_name":"Shielded Minibot","card_health":2,"card_attack":2},{"card_name":"Silver Hand Recruit","card_health":1,"card_attack":1},{"card_name":"Silver Hand Recruit","card_health":1,"card_attack":1}]},{"turn":12,"cards_played":["Consecration","Reinforce"],"current_player":"opponent","my_health":12,"opponent_health":18,"my_armor":0,"opponent_armor":0,"my_hand":2,"opponent_hand":4,"my_board":[],"opponent_board":[{"card_name":"Shielded Minibot","card_health":2,"card_attack":2},{"card_name":"Shielded Minibot","card_health":2,"card_attack":2},{"card_name":"Silver Hand Recruit","card_health":1,"card_attack":1},{"card_name":"Silver Hand Recruit","card_health":1,"card_attack":1},{"card_name":"Silver Hand Recruit","card_health":1,"card_attack":1}]},{"turn":13,"cards_played":["Azure Drake","Fireblast","Fireblast"],"current_player":"me","my_health":12,"opponent_health":18,"my_armor":0,"opponent_armor":0,"my_hand":3,"opponent_hand":4,"my_board":[{"card_name":"Azure Drake","card_health":4,"card_attack":4}],"opponent_board":[{"card_name":"Shielded Minibot","card_health":2,"card_attack":2},{"card_name":"Shielded Minibot","card_health":2,"card_attack":2},{"card_name":"Silver Hand Recruit","card_health":1,"card_attack":1},{"card_name":"Silver Hand Recruit","card_health":1,"card_attack":1}]},{"turn":14,"cards_played":["Knife Juggler","Sludge Belcher"],"current_player":"opponent","my_health":10,"opponent_health":18,"my_armor":0,"opponent_armor":0,"my_hand":3,"opponent_hand":3,"my_board":[],"opponent_board":[{"card_name":"Shielded Minibot","card_health":2,"card_attack":2},{"card_name":"Knife Juggler","card_health":2,"card_attack":3},{"card_name":"Shielded Minibot","card_health":2,"card_attack":2},{"card_name":"Sludge Belcher","card_health":5,"card_attack":3},{"card_name":"Silver Hand Recruit","card_health":1,"card_attack":1}]},{"turn":15,"cards_played":["Fireball","Fireblast","Fireblast","Mad Scientist"],"current_player":"me","my_health":9,"opponent_health":18,"my_armor":0,"opponent_armor":0,"my_hand":2,"opponent_hand":3,"my_board":[{"card_name":"Mad Scientist","card_health":2,"card_attack":2}],"opponent_board":[{"card_name":"Shielded Minibot","card_health":2,"card_attack":2},{"card_name":"Knife Juggler","card_health":2,"card_attack":3},{"card_name":"Shielded Minibot","card_health":2,"card_attack":2},{"card_name":"Slime","card_health":2,"card_attack":1}]},{"turn":16,"cards_played":["Reinforce","Aldor Peacekeeper"],"current_player":"opponent","my_health":1,"opponent_health":18,"my_armor":0,"opponent_armor":0,"my_hand":2,"opponent_hand":3,"my_board":[],"opponent_board":[{"card_name":"Aldor Peacekeeper","card_health":3,"card_attack":3},{"card_name":"Shielded Minibot","card_health":2,"card_attack":2},{"card_name":"Knife Juggler","card_health":2,"card_attack":3},{"card_name":"Shielded Minibot","card_health":2,"card_attack":2},{"card_name":"Slime","card_health":2,"card_attack":1},{"card_name":"Silver Hand Recruit","card_health":1,"card_attack":1}]},{"turn":17,"cards_played":["Lord Jaraxxus","INFERNO!","Mirror Image"],"current_player":"me","my_health":14,"opponent_health":18,"my_armor":0,"opponent_armor":0,"my_hand":1,"opponent_hand":3,"my_board":[{"card_name":"Lord Jaraxxus","card_health":14,"card_attack":3},{"card_name":"Infernal","card_health":6,"card_attack":6},{"card_name":"Mirror Image","card_health":2,"card_attack":0},{"card_name":"Mirror Image","card_health":2,"card_attack":0}],"opponent_board":[{"card_name":"Aldor Peacekeeper","card_health":3,"card_attack":3},{"card_name":"Shielded Minibot","card_health":2,"card_attack":2},{"card_name":"Knife Juggler","card_health":2,"card_attack":3},{"card_name":"Shielded Minibot","card_health":2,"card_attack":2},{"card_name":"Silver Hand Recruit","card_health":1,"card_attack":1}]},{"turn":18,"cards_played":["Tirion Fordring"],"current_player":"opponent","my_health":6,"opponent_health":18,"my_armor":0,"opponent_armor":0,"my_hand":1,"opponent_hand":3,"my_board":[{"card_name":"Lord Jaraxxus","card_health":6,"card_attack":0},{"card_name":"Infernal","card_health":6,"card_attack":6}],"opponent_board":[{"card_name":"Aldor Peacekeeper","card_health":3,"card_attack":3},{"card_name":"Shielded Minibot","card_health":2,"card_attack":2},{"card_name":"Knife Juggler","card_health":2,"card_attack":3},{"card_name":"Tirion Fordring","card_health":6,"card_attack":6},{"card_name":"Shielded Minibot","card_health":2,"card_attack":2},{"card_name":"Silver Hand Recruit","card_health":1,"card_attack":1}]},{"turn":19,"cards_played":[],"current_player":"me","my_health":0,"opponent_health":18,"my_armor":0,"opponent_armor":0,"my_hand":2,"opponent_hand":3,"my_board":[{"card_name":"Infernal","card_health":6,"card_attack":6}],"opponent_board":[{"card_name":"Aldor Peacekeeper","card_health":3,"card_attack":3},{"card_name":"Shielded Minibot","card_health":2,"card_attack":2},{"card_name":"Knife Juggler","card_health":2,"card_attack":3},{"card_name":"Tirion Fordring","card_health":6,"card_attack":6},{"card_name":"Shielded Minibot","card_health":2,"card_attack":2},{"card_name":"Silver Hand Recruit","card_health":1,"card_attack":1}]}],"result":"defeat"}