{"plays":[{"turn":1,"cards_played":[],"current_player":"me","my_health":0,"opponent_health":30,"my_armor":0,"opponent_armor":0,"my_hand":0,"opponent_hand":1,"my_board":[],"opponent_board":[]},{"turn":2,"cards_played":["Mana Wyrm"],"current_player":"me","my_health":30,"opponent_health":30,"my_armor":0,"opponent_armor":0,"my_hand":5,"opponent_hand":4,"my_board":[{"card_name":"Mana Wyrm","card_health":3,"card_attack":1}],"opponent_board":[]},{"turn":3,"cards_played":[],"current_player":"opponent","my_health":30,"opponent_health":30,"my_armor":0,"opponent_armor":0,"my_hand":5,"opponent_hand":5,"my_board":[{"card_name":"Mana Wyrm","card_health":3,"card_attack":1}],"opponent_board":[]},{"turn":4,"cards_played":["Fireblast","Fireblast"],"current_player":"me","my_health":30,"opponent_health":28,"my_armor":0,"opponent_armor":0,"my_hand":6,"opponent_hand":5,"my_board":[{"card_name":"Mana Wyrm","card_health":3,"card_attack":1}],"opponent_board":[]},{"turn":5,"cards_played":["Injured Blademaster","Circle of Healing"],"current_player":"opponent","my_health":30,"opponent_health":28,"my_armor":0,"opponent_armor":0,"my_hand":6,"opponent_hand":4,"my_board":[{"card_name":"Mana Wyrm","card_health":3,"card_attack":1}],"opponent_board":[{"card_name":"Injured Blademaster","card_health":3,"card_attack":4}]},{"turn":6,"cards_played":["Flamewaker","The Coin","Arcane Missiles"],"current_player":"me","my_health":30,"opponent_health":20,"my_armor":0,"opponent_armor":0,"my_hand":4,"opponent_hand":4,"my_board":[{"card_name":"Flamewaker","card_health":4,"card_attack":2},{"card_name":"Mana Wyrm","card_health":3,"card_attack":3}],"opponent_board":[{"card_name":"Injured Blademaster","card_health":5,"card_attack":4}]},{"turn":7,"cards_played":["Shrinkmeister","Lesser Heal","Lesser Heal"],"current_player":"opponent","my_health":30,"opponent_health":20,"my_armor":0,"opponent_armor":0,"my_hand":4,"opponent_hand":4,"my_board":[{"card_name":"Mana Wyrm","card_health":3,"card_attack":3}],"opponent_board":[{"card_name":"Injured Blademaster","card_health":7,"card_attack":4},{"card_name":"Shrinkmeister","card_health":2,"card_attack":3}]},{"turn":8,"cards_played":["Arcane Intellect"],"current_player":"me","my_health":30,"opponent_health":16,"my_armor":0,"opponent_armor":0,"my_hand":6,"opponent_hand":4,"my_board":[{"card_name":"Mana Wyrm","card_health":3,"card_attack":4}],"opponent_board":[{"card_name":"Injured Blademaster","card_health":7,"card_attack":4},{"card_name":"Shrinkmeister","card_health":2,"card_attack":3}]},{"turn":9,"cards_played":["Sludge Belcher"],"current_player":"opponent","my_health":27,"opponent_health":16,"my_armor":0,"opponent_armor":0,"my_hand":6,"opponent_hand":4,"my_board":[],"opponent_board":[{"card_name":"Sludge Belcher","card_health":5,"card_attack":3},{"card_name":"Injured Blademaster","card_health":3,"card_attack":4},{"card_name":"Shrinkmeister","card_health":2,"card_attack":3}]},{"turn":10,"cards_played":["Sorcerer's Apprentice","Arcane Intellect","Mirror Image"],"current_player":"me","my_health":27,"opponent_health":16,"my_armor":0,"opponent_armor":0,"my_hand":6,"opponent_hand":4,"my_board":[{"card_name":"Sorcerer's Apprentice","card_health":2,"card_attack":3},{"card_name":"Mirror Image","card_health":2,"card_attack":0},{"card_name":"Mirror Image","card_health":2,"card_attack":0}],"opponent_board":[{"card_name":"Sludge Belcher","card_health":5,"card_attack":3},{"card_name":"Injured Blademaster","card_health":3,"card_attack":4},{"card_name":"Shrinkmeister","card_health":2,"card_attack":3}]},{"turn":11,"cards_played":["Thoughtsteal","Lesser Heal"],"current_player":"opponent","my_health":27,"opponent_health":16,"my_armor":0,"opponent_armor":0,"my_hand":6,"opponent_hand":6,"my_board":[],"opponent_board":[{"card_name":"Sludge Belcher","card_health":5,"card_attack":3},{"card_name":"Injured Blademaster","card_health":2,"card_attack":4},{"card_name":"Shrinkmeister","card_health":2,"card_attack":3}]},{"turn":12,"cards_played":["Flamewaker","Frostbolt"],"current_player":"me","my_health":27,"opponent_health":16,"my_armor":0,"opponent_armor":0,"my_hand":5,"opponent_hand":6,"my_board":[{"card_name":"Flamewaker","card_health":4,"card_attack":2}],"opponent_board":[{"card_name":"Sludge Belcher","card_health":5,"card_attack":3},{"card_name":"Shrinkmeister","card_health":2,"card_attack":3}]},{"turn":13,"cards_played":["Cabal Shadow Priest"],"current_player":"opponent","my_health":21,"opponent_health":14,"my_armor":0,"opponent_armor":0,"my_hand":5,"opponent_hand":6,"my_board":[],"opponent_board":[{"card_name":"Sludge Belcher","card_health":5,"card_attack":3},{"card_name":"Cabal Shadow Priest","card_health":5,"card_attack":4},{"card_name":"Shrinkmeister","card_health":2,"card_attack":3},{"card_name":"Flamewaker","card_health":4,"card_attack":2}]},{"turn":14,"cards_played":["Dr. Boom"],"current_player":"me","my_health":21,"opponent_health":14,"my_armor":0,"opponent_armor":0,"my_hand":5,"opponent_hand":6,"my_board":[{"card_name":"Dr. Boom","card_health":7,"card_attack":7},{"card_name":"Boom Bot","card_health":1,"card_attack":1},{"card_name":"Boom Bot","card_health":1,"card_attack":1}],"opponent_board":[{"card_name":"Sludge Belcher","card_health":5,"card_attack":3},{"card_name":"Cabal Shadow Priest","card_health":5,"card_attack":4},{"card_name":"Shrinkmeister","card_health":2,"card_attack":3},{"card_name":"Flamewaker","card_health":4,"card_attack":2}]},{"turn":15,"cards_played":["Unstable Portal","Lesser Heal","Lesser Heal","Injured Blademaster"],"current_player":"opponent","my_health":16,"opponent_health":10,"my_armor":0,"opponent_armor":0,"my_hand":5,"opponent_hand":6,"my_board":[],"opponent_board":[{"card_name":"Injured Blademaster","card_health":3,"card_attack":4},{"card_name":"Sludge Belcher","card_health":5,"card_attack":3},{"card_name":"Flamewaker","card_health":4,"card_attack":2}]},{"turn":16,"cards_played":["Azure Drake","Arcane Missiles","Unstable Portal","Shade of Naxxramas"],"current_player":"me","my_health":16,"opponent_health":9,"my_armor":0,"opponent_armor":0,"my_hand":4,"opponent_hand":6,"my_board":[{"card_name":"Azure Drake","card_health":4,"card_attack":4},{"card_name":"Shade of Naxxramas","card_health":2,"card_attack":2}],"opponent_board":[{"card_name":"Injured Blademaster","card_health":2,"card_attack":4},{"card_name":"Sludge Belcher","card_health":4,"card_attack":3},{"card_name":"Flamewaker","card_health":3,"card_attack":2}]},{"turn":17,"cards_played":["Fireball","Lesser Heal"],"current_player":"opponent","my_health":5,"opponent_health":11,"my_armor":0,"opponent_armor":0,"my_hand":4,"opponent_hand":6,"my_board":[],"opponent_board":[{"card_name":"Sludge Belcher","card_health":4,"card_attack":3},{"card_name":"Flamewaker","card_health":3,"card_attack":2}]},{"turn":18,"cards_played":["Frostbolt","Fireblast"],"current_player":"me","my_health":5,"opponent_health":10,"my_armor":0,"opponent_armor":0,"my_hand":3,"opponent_hand":6,"my_board":[],"opponent_board":[{"card_name":"Sludge Belcher","card_health":4,"card_attack":3}]},{"turn":19,"cards_played":["Zombie Chow","Holy Fire"],"current_player":"opponent","my_health":-3,"opponent_health":15,"my_armor":0,"opponent_armor":0,"my_hand":3,"opponent_hand":5,"my_board":[{"card_name":"Zombie Chow","card_health":3,"card_attack":2}],"opponent_board":[{"card_name":"Sludge Belcher","card_health":4,"card_attack":3},{"card_name":"Zombie Chow","card_health":3,"card_attack":2}]}],"result":"defeat"}