{"plays":[{"turn":1,"cards_played":[],"current_player":"opponent","my_health":30,"opponent_health":0,"my_armor":0,"opponent_armor":0,"my_hand":1,"opponent_hand":0,"my_board":[],"opponent_board":[]},{"turn":2,"cards_played":["Zombie Chow","The Coin","Snowchugger"],"current_player":"me","my_health":30,"opponent_health":30,"my_armor":0,"opponent_armor":0,"my_hand":4,"opponent_hand":3,"my_board":[{"card_name":"Snowchugger","card_health":3,"card_attack":2}],"opponent_board":[{"card_name":"Zombie Chow","card_health":3,"card_attack":2}]},{"turn":3,"cards_played":["Fireblast","Fireblast"],"current_player":"opponent","my_health":30,"opponent_health":30,"my_armor":0,"opponent_armor":0,"my_hand":4,"opponent_hand":4,"my_board":[],"opponent_board":[{"card_name":"Zombie Chow","card_health":1,"card_attack":2}]},{"turn":4,"cards_played":["Fireblast","Fireblast"],"current_player":"me","my_health":30,"opponent_health":30,"my_armor":0,"opponent_armor":0,"my_hand":5,"opponent_hand":4,"my_board":[],"opponent_board":[]},{"turn":5,"cards_played":["Acidic Swamp Ooze"],"current_player":"opponent","my_health":30,"opponent_health":30,"my_armor":0,"opponent_armor":0,"my_hand":5,"opponent_hand":4,"my_board":[],"opponent_board":[{"card_name":"Acidic Swamp Ooze","card_health":2,"card_attack":3}]},{"turn":6,"cards_played":["Fireblast","Fireblast"],"current_player":"me","my_health":30,"opponent_health":30,"my_armor":0,"opponent_armor":0,"my_hand":6,"opponent_hand":4,"my_board":[],"opponent_board":[{"card_name":"Acidic Swamp Ooze","card_health":1,"card_attack":3}]},{"turn":7,"cards_played":["Dark Iron Dwarf"],"current_player":"opponent","my_health":25,"opponent_health":30,"my_armor":0,"opponent_armor":0,"my_hand":6,"opponent_hand":4,"my_board":[],"opponent_board":[{"card_name":"Acidic Swamp Ooze","card_health":1,"card_attack":5},{"card_name":"Dark Iron Dwarf","card_health":4,"card_attack":4}]},{"turn":8,"cards_played":["Fireblast"],"current_player":"me","my_health":25,"opponent_health":30,"my_armor":0,"opponent_armor":0,"my_hand":7,"opponent_hand":4,"my_board":[],"opponent_board":[{"card_name":"Dark Iron Dwarf","card_health":4,"card_attack":4}]},{"turn":9,"cards_played":["Pit Fighter"],"current_player":"opponent","my_health":21,"opponent_health":30,"my_armor":0,"opponent_armor":0,"my_hand":7,"opponent_hand":4,"my_board":[],"opponent_board":[{"card_name":"Pit Fighter","card_health":6,"card_attack":5},{"card_name":"Dark Iron Dwarf","card_health":4,"card_attack":4}]},{"turn":10,"cards_played":["Piloted Shredder"],"current_player":"me","my_health":21,"opponent_health":30,"my_armor":0,"opponent_armor":0,"my_hand":7,"opponent_hand":4,"my_board":[{"card_name":"Piloted Shredder","card_health":3,"card_attack":4}],"opponent_board":[{"card_name":"Pit Fighter","card_health":6,"card_attack":5},{"card_name":"Dark Iron Dwarf","card_health":4,"card_attack":4}]},{"turn":11,"cards_played":["Sludge Belcher"],"current_player":"opponent","my_health":12,"opponent_health":30,"my_armor":0,"opponent_armor":0,"my_hand":7,"opponent_hand":4,"my_board":[{"card_name":"Piloted Shredder","card_health":3,"card_attack":4}],"opponent_board":[{"card_name":"Pit Fighter","card_health":6,"card_attack":5},{"card_name":"Sludge Belcher","card_health":5,"card_attack":3},{"card_name":"Dark Iron Dwarf","card_health":4,"card_attack":4}]},{"turn":12,"cards_played":["Snowchugger","Goblin Blastmage"],"current_player":"me","my_health":12,"opponent_health":28,"my_armor":0,"opponent_armor":0,"my_hand":6,"opponent_hand":4,"my_board":[{"card_name":"Goblin Blastmage","card_health":4,"card_attack":6},{"card_name":"Snowchugger","card_health":3,"card_attack":3},{"card_name":"Dire Wolf Alpha","card_health":2,"card_attack":2}],"opponent_board":[{"card_name":"Pit Fighter","card_health":6,"card_attack":5},{"card_name":"Dark Iron Dwarf","card_health":3,"card_attack":4},{"card_name":"Slime","card_health":2,"card_attack":1}]},{"turn":13,"cards_played":["Polymorph: Boar"],"current_player":"opponent","my_health":-2,"opponent_health":28,"my_armor":0,"opponent_armor":0,"my_hand":6,"opponent_hand":4,"my_board":[{"card_name":"Goblin Blastmage","card_health":4,"card_attack":6},{"card_name":"Snowchugger","card_health":3,"card_attack":3},{"card_name":"Dire Wolf Alpha","card_health":2,"card_attack":2}],"opponent_board":[{"card_name":"Pit Fighter","card_health":6,"card_attack":5},{"card_name":"Dark Iron Dwarf","card_health":3,"card_attack":4},{"card_name":"Boar","card_health":2,"card_attack":4}]}],"result":"defeat"}