{"plays":[{"turn":1,"cards_played":[],"current_player":"opponent","my_health":30,"opponent_health":0,"my_armor":0,"opponent_armor":0,"my_hand":1,"opponent_hand":0,"my_board":[],"opponent_board":[]},{"turn":2,"cards_played":["The Coin","Sorcerer's Apprentice"],"current_player":"me","my_health":30,"opponent_health":30,"my_armor":0,"opponent_armor":0,"my_hand":4,"opponent_hand":4,"my_board":[{"card_name":"Sorcerer's Apprentice","card_health":2,"card_attack":3}],"opponent_board":[]},{"turn":3,"cards_played":["Wild Growth"],"current_player":"opponent","my_health":30,"opponent_health":30,"my_armor":0,"opponent_armor":0,"my_hand":4,"opponent_hand":4,"my_board":[{"card_name":"Sorcerer's Apprentice","card_health":2,"card_attack":3}],"opponent_board":[]},{"turn":4,"cards_played":[],"current_player":"me","my_health":30,"opponent_health":27,"my_armor":0,"opponent_armor":0,"my_hand":4,"opponent_hand":4,"my_board":[{"card_name":"Sorcerer's Apprentice","card_health":2,"card_attack":3}],"opponent_board":[]},{"turn":5,"cards_played":["Keeper of the Grove"],"current_player":"opponent","my_health":30,"opponent_health":27,"my_armor":0,"opponent_armor":0,"my_hand":4,"opponent_hand":4,"my_board":[],"opponent_board":[{"card_name":"Keeper of the Grove","card_health":4,"card_attack":2}]},{"turn":6,"cards_played":["Mana Wyrm","Frostbolt"],"current_player":"me","my_health":30,"opponent_health":27,"my_armor":0,"opponent_armor":0,"my_hand":3,"opponent_hand":4,"my_board":[{"card_name":"Mana Wyrm","card_health":3,"card_attack":2}],"opponent_board":[{"card_name":"Keeper of the Grove","card_health":4,"card_attack":2}]},{"turn":7,"cards_played":["Druid of the Claw"],"current_player":"opponent","my_health":30,"opponent_health":27,"my_armor":0,"opponent_armor":0,"my_hand":3,"opponent_hand":4,"my_board":[],"opponent_board":[{"card_name":"Keeper of the Grove","card_health":1,"card_attack":2},{"card_name":"Druid of the Claw","card_health":2,"card_attack":4}]},{"turn":8,"cards_played":["Fireblast","Fireblast"],"current_player":"me","my_health":30,"opponent_health":27,"my_armor":0,"opponent_armor":0,"my_hand":4,"opponent_hand":4,"my_board":[],"opponent_board":[{"card_name":"Druid of the Claw","card_health":2,"card_attack":4}]},{"turn":9,"cards_played":["Sludge Belcher"],"current_player":"opponent","my_health":26,"opponent_health":27,"my_armor":0,"opponent_armor":0,"my_hand":4,"opponent_hand":4,"my_board":[],"opponent_board":[{"card_name":"Sludge Belcher","card_health":5,"card_attack":3},{"card_name":"Druid of the Claw","card_health":2,"card_attack":4}]},{"turn":10,"cards_played":["Fireblast","Fireblast"],"current_player":"me","my_health":26,"opponent_health":27,"my_armor":0,"opponent_armor":0,"my_hand":4,"opponent_hand":4,"my_board":[],"opponent_board":[{"card_name":"Sludge Belcher","card_health":5,"card_attack":3},{"card_name":"Druid of the Claw","card_health":1,"card_attack":4}]},{"turn":11,"cards_played":["Ancient of Lore"],"current_player":"opponent","my_health":19,"opponent_health":27,"my_armor":0,"opponent_armor":0,"my_hand":4,"opponent_hand":6,"my_board":[{"card_name":"Ancient of Lore","card_health":5,"card_attack":5}],"opponent_board":[{"card_name":"Ancient of Lore","card_health":5,"card_attack":5},{"card_name":"Sludge Belcher","card_health":5,"card_attack":3},{"card_name":"Druid of the Claw","card_health":1,"card_attack":4}]},{"turn":12,"cards_played":["Fireblast","Fireball"],"current_player":"me","my_health":19,"opponent_health":27,"my_armor":0,"opponent_armor":0,"my_hand":4,"opponent_hand":6,"my_board":[{"card_name":"Ancient of Lore","card_health":2,"card_attack":5}],"opponent_board":[{"card_name":"Slime","card_health":2,"card_attack":1}]},{"turn":13,"cards_played":["Wrath","Keeper of the Grove","Shapeshift"],"current_player":"opponent","my_health":17,"opponent_health":27,"my_armor":0,"opponent_armor":1,"my_hand":4,"opponent_hand":5,"my_board":[],"opponent_board":[{"card_name":"Keeper of the Grove","card_health":4,"card_attack":2},{"card_name":"Slime","card_health":2,"card_attack":1}]},{"turn":14,"cards_played":["Sludge Belcher","Fireblast","Fireblast"],"current_player":"me","my_health":17,"opponent_health":27,"my_armor":0,"opponent_armor":1,"my_hand":4,"opponent_hand":5,"my_board":[{"card_name":"Sludge Belcher","card_health":5,"card_attack":3}],"opponent_board":[{"card_name":"Keeper of the Grove","card_health":3,"card_attack":2},{"card_name":"Slime","card_health":2,"card_attack":1}]},{"turn":15,"cards_played":["Cenarius"],"current_player":"opponent","my_health":17,"opponent_health":27,"my_armor":0,"opponent_armor":1,"my_hand":4,"opponent_hand":5,"my_board":[{"card_name":"Sludge Belcher","card_health":5,"card_attack":3}],"opponent_board":[{"card_name":"Cenarius","card_health":8,"card_attack":5},{"card_name":"Keeper of the Grove","card_health":3,"card_attack":2},{"card_name":"Slime","card_health":2,"card_attack":1}]},{"turn":16,"cards_played":["Ragnaros the Firelord"],"current_player":"me","my_health":17,"opponent_health":27,"my_armor":0,"opponent_armor":1,"my_hand":4,"opponent_hand":5,"my_board":[{"card_name":"Ragnaros the Firelord","card_health":8,"card_attack":8},{"card_name":"Sludge Belcher","card_health":5,"card_attack":3}],"opponent_board":[{"card_name":"Cenarius","card_health":8,"card_attack":5},{"card_name":"Keeper of the Grove","card_health":5,"card_attack":4},{"card_name":"Slime","card_health":4,"card_attack":3}]},{"turn":17,"cards_played":["Force of Nature","Savage Roar"],"current_player":"opponent","my_health":-2,"opponent_health":19,"my_armor":0,"opponent_armor":0,"my_hand":4,"opponent_hand":4,"my_board":[{"card_name":"Ragnaros the Firelord","card_health":8,"card_attack":8}],"opponent_board":[{"card_name":"Cenarius","card_health":8,"card_attack":7},{"card_name":"Keeper of the Grove","card_health":5,"card_attack":6},{"card_name":"Slime","card_health":1,"card_attack":5},{"card_name":"Treant","card_health":2,"card_attack":4},{"card_name":"Treant","card_health":2,"card_attack":4},{"card_name":"Treant","card_health":2,"card_attack":4}]}],"result":"defeat"}