{"plays":[{"turn":1,"cards_played":[],"current_player":"me","my_health":0,"opponent_health":30,"my_armor":0,"opponent_armor":0,"my_hand":0,"opponent_hand":1,"my_board":[],"opponent_board":[]},{"turn":2,"cards_played":["Zombie Chow","Zombie Chow"],"current_player":"opponent","my_health":30,"opponent_health":30,"my_armor":0,"opponent_armor":0,"my_hand":3,"opponent_hand":5,"my_board":[{"card_name":"Zombie Chow","card_health":3,"card_attack":2}],"opponent_board":[{"card_name":"Zombie Chow","card_health":3,"card_attack":2}]},{"turn":3,"cards_played":["Fireblast","Fireblast"],"current_player":"me","my_health":30,"opponent_health":30,"my_armor":0,"opponent_armor":0,"my_hand":4,"opponent_hand":5,"my_board":[{"card_name":"Zombie Chow","card_health":1,"card_attack":2}],"opponent_board":[]},{"turn":4,"cards_played":["Life Tap","The Coin","Zombie Chow"],"current_player":"opponent","my_health":30,"opponent_health":28,"my_armor":0,"opponent_armor":0,"my_hand":4,"opponent_hand":5,"my_board":[{"card_name":"Zombie Chow","card_health":1,"card_attack":2}],"opponent_board":[{"card_name":"Zombie Chow","card_health":3,"card_attack":2}]},{"turn":5,"cards_played":["Mana Wyrm","Fireblast","Fireblast"],"current_player":"me","my_health":30,"opponent_health":28,"my_armor":0,"opponent_armor":0,"my_hand":4,"opponent_hand":5,"my_board":[{"card_name":"Mana Wyrm","card_health":3,"card_attack":1}],"opponent_board":[]},{"turn":6,"cards_played":["Life Tap"],"current_player":"opponent","my_health":30,"opponent_health":28,"my_armor":0,"opponent_armor":0,"my_hand":4,"opponent_hand":7,"my_board":[{"card_name":"Mana Wyrm","card_health":3,"card_attack":1}],"opponent_board":[]},{"turn":7,"cards_played":["Unstable Portal","Mad Scientist"],"current_player":"me","my_health":30,"opponent_health":26,"my_armor":0,"opponent_armor":0,"my_hand":4,"opponent_hand":7,"my_board":[{"card_name":"Mana Wyrm","card_health":3,"card_attack":2},{"card_name":"Mad Scientist","card_health":2,"card_attack":2}],"opponent_board":[]},{"turn":8,"cards_played":["Darkbomb","Ancient Watcher"],"current_player":"opponent","my_health":30,"opponent_health":26,"my_armor":0,"opponent_armor":0,"my_hand":4,"opponent_hand":6,"my_board":[{"card_name":"Mad Scientist","card_health":2,"card_attack":2}],"opponent_board":[{"card_name":"Ancient Watcher","card_health":5,"card_attack":4}]},{"turn":9,"cards_played":["Sludge Belcher"],"current_player":"me","my_health":30,"opponent_health":24,"my_armor":0,"opponent_armor":0,"my_hand":4,"opponent_hand":6,"my_board":[{"card_name":"Sludge Belcher","card_health":5,"card_attack":3},{"card_name":"Mad Scientist","card_health":2,"card_attack":2}],"opponent_board":[{"card_name":"Ancient Watcher","card_health":5,"card_attack":4}]},{"turn":10,"cards_played":["Sludge Belcher"],"current_player":"opponent","my_health":30,"opponent_health":24,"my_armor":0,"opponent_armor":0,"my_hand":4,"opponent_hand":6,"my_board":[{"card_name":"Sludge Belcher","card_health":5,"card_attack":3},{"card_name":"Mad Scientist","card_health":2,"card_attack":2}],"opponent_board":[{"card_name":"Ancient Watcher","card_health":5,"card_attack":4},{"card_name":"Sludge Belcher","card_health":5,"card_attack":3}]},{"turn":11,"cards_played":["Nozdormu"],"current_player":"me","my_health":30,"opponent_health":24,"my_armor":0,"opponent_armor":0,"my_hand":4,"opponent_hand":6,"my_board":[{"card_name":"Sludge Belcher","card_health":2,"card_attack":3},{"card_name":"Nozdormu","card_health":8,"card_attack":8}],"opponent_board":[{"card_name":"Ancient Watcher","card_health":5,"card_attack":4},{"card_name":"Slime","card_health":2,"card_attack":1}]},{"turn":12,"cards_played":["Siphon Soul"],"current_player":"opponent","my_health":30,"opponent_health":27,"my_armor":0,"opponent_armor":0,"my_hand":4,"opponent_hand":6,"my_board":[{"card_name":"Sludge Belcher","card_health":2,"card_attack":3}],"opponent_board":[{"card_name":"Ancient Watcher","card_health":5,"card_attack":4},{"card_name":"Slime","card_health":2,"card_attack":1}]},{"turn":13,"cards_played":["Arcane Intellect","Water Elemental"],"current_player":"me","my_health":30,"opponent_health":27,"my_armor":0,"opponent_armor":0,"my_hand":5,"opponent_hand":6,"my_board":[{"card_name":"Water Elemental","card_health":6,"card_attack":3},{"card_name":"Sludge Belcher","card_health":1,"card_attack":3}],"opponent_board":[{"card_name":"Ancient Watcher","card_health":5,"card_attack":4}]},{"turn":14,"cards_played":["Life Tap","Twilight Drake"],"current_player":"opponent","my_health":30,"opponent_health":25,"my_armor":0,"opponent_armor":0,"my_hand":5,"opponent_hand":7,"my_board":[{"card_name":"Water Elemental","card_health":6,"card_attack":3},{"card_name":"Sludge Belcher","card_health":1,"card_attack":3}],"opponent_board":[{"card_name":"Ancient Watcher","card_health":5,"card_attack":4},{"card_name":"Twilight Drake","card_health":1,"card_attack":4}]},{"turn":15,"cards_played":["Unstable Portal","Violet Teacher","Frostbolt"],"current_player":"me","my_health":30,"opponent_health":19,"my_armor":0,"opponent_armor":0,"my_hand":3,"opponent_hand":7,"my_board":[{"card_name":"Water Elemental","card_health":6,"card_attack":3},{"card_name":"Sludge Belcher","card_health":1,"card_attack":3},{"card_name":"Violet Teacher","card_health":5,"card_attack":3},{"card_name":"Violet Apprentice","card_health":1,"card_attack":1},{"card_name":"Violet Apprentice","card_health":1,"card_attack":1}],"opponent_board":[{"card_name":"Ancient Watcher","card_health":5,"card_attack":4},{"card_name":"Twilight Drake","card_health":5,"card_attack":4}]},{"turn":16,"cards_played":["Ancient Watcher","Life Tap","Defender of Argus"],"current_player":"opponent","my_health":30,"opponent_health":17,"my_armor":0,"opponent_armor":0,"my_hand":3,"opponent_hand":7,"my_board":[{"card_name":"Water Elemental","card_health":6,"card_attack":3},{"card_name":"Sludge Belcher","card_health":1,"card_attack":3},{"card_name":"Violet Teacher","card_health":5,"card_attack":3},{"card_name":"Violet Apprentice","card_health":1,"card_attack":1},{"card_name":"Violet Apprentice","card_health":1,"card_attack":1}],"opponent_board":[{"card_name":"Ancient Watcher","card_health":5,"card_attack":4},{"card_name":"Ancient Watcher","card_health":5,"card_attack":4},{"card_name":"Twilight Drake","card_health":5,"card_attack":4},{"card_name":"Defender of Argus","card_health":3,"card_attack":2}]},{"turn":17,"cards_played":["Polymorph","Fireblast","Fireblast"],"current_player":"me","my_health":30,"opponent_health":14,"my_armor":0,"opponent_armor":0,"my_hand":2,"opponent_hand":7,"my_board":[{"card_name":"Water Elemental","card_health":1,"card_attack":3},{"card_name":"Sludge Belcher","card_health":1,"card_attack":3},{"card_name":"Violet Teacher","card_health":3,"card_attack":3},{"card_name":"Violet Apprentice","card_health":1,"card_attack":1},{"card_name":"Violet Apprentice","card_health":1,"card_attack":1}],"opponent_board":[{"card_name":"Twilight Drake","card_health":5,"card_attack":4},{"card_name":"Sheep","card_health":1,"card_attack":1}]},{"turn":18,"cards_played":["Hellfire","Sludge Belcher"],"current_player":"opponent","my_health":27,"opponent_health":11,"my_armor":0,"opponent_armor":0,"my_hand":4,"opponent_hand":6,"my_board":[{"card_name":"Sludge Belcher","card_health":5,"card_attack":3}],"opponent_board":[{"card_name":"Sludge Belcher","card_health":5,"card_attack":3},{"card_name":"Twilight Drake","card_health":1,"card_attack":4}]},{"turn":19,"cards_played":["Polymorph","Fireblast","Fireblast","Water Elemental"],"current_player":"me","my_health":27,"opponent_health":8,"my_armor":0,"opponent_armor":0,"my_hand":3,"opponent_hand":6,"my_board":[{"card_name":"Water Elemental","card_health":6,"card_attack":3},{"card_name":"Sludge Belcher","card_health":5,"card_attack":3}],"opponent_board":[{"card_name":"Sheep","card_health":1,"card_attack":1}]},{"turn":20,"cards_played":["Life Tap","Antique Healbot","Earthen Ring Farseer"],"current_player":"opponent","my_health":27,"opponent_health":17,"my_armor":0,"opponent_armor":0,"my_hand":3,"opponent_hand":6,"my_board":[{"card_name":"Water Elemental","card_health":6,"card_attack":3},{"card_name":"Sludge Belcher","card_health":4,"card_attack":3}],"opponent_board":[{"card_name":"Earthen Ring Farseer","card_health":3,"card_attack":3},{"card_name":"Antique Healbot","card_health":3,"card_attack":3}]},{"turn":21,"cards_played":["Mad Scientist","Sludge Belcher","Fireblast","Fireblast"],"current_player":"me","my_health":27,"opponent_health":10,"my_armor":0,"opponent_armor":0,"my_hand":2,"opponent_hand":6,"my_board":[{"card_name":"Mad Scientist","card_health":2,"card_attack":2},{"card_name":"Water Elemental","card_health":6,"card_attack":3},{"card_name":"Sludge Belcher","card_health":5,"card_attack":3},{"card_name":"Sludge Belcher","card_health":4,"card_attack":3}],"opponent_board":[{"card_name":"Earthen Ring Farseer","card_health":3,"card_attack":3},{"card_name":"Antique Healbot","card_health":3,"card_attack":3}]},{"turn":22,"cards_played":["Emperor Thaurissan","Shadowflame"],"current_player":"opponent","my_health":27,"opponent_health":10,"my_armor":0,"opponent_armor":0,"my_hand":2,"opponent_hand":5,"my_board":[{"card_name":"Water Elemental","card_health":1,"card_attack":3}],"opponent_board":[{"card_name":"Earthen Ring Farseer","card_health":2,"card_attack":3},{"card_name":"Antique Healbot","card_health":2,"card_attack":3}]},{"turn":23,"cards_played":["Sludge Belcher","Fireblast"],"current_player":"me","my_health":27,"opponent_health":6,"my_armor":0,"opponent_armor":0,"my_hand":2,"opponent_hand":5,"my_board":[{"card_name":"Water Elemental","card_health":1,"card_attack":3},{"card_name":"Sludge Belcher","card_health":5,"card_attack":3}],"opponent_board":[{"card_name":"Earthen Ring Farseer","card_health":2,"card_attack":3},{"card_name":"Antique Healbot","card_health":2,"card_attack":3}]},{"turn":24,"cards_played":["Mortal Coil","Earthen Ring Farseer","Antique Healbot"],"current_player":"opponent","my_health":27,"opponent_health":9,"my_armor":0,"opponent_armor":0,"my_hand":2,"opponent_hand":4,"my_board":[{"card_name":"Slime","card_health":2,"card_attack":1}],"opponent_board":[{"card_name":"Antique Healbot","card_health":3,"card_attack":3},{"card_name":"Earthen Ring Farseer","card_health":3,"card_attack":3}]},{"turn":25,"cards_played":["Flamestrike","Fireblast"],"current_player":"me","my_health":27,"opponent_health":15,"my_armor":0,"opponent_armor":0,"my_hand":2,"opponent_hand":4,"my_board":[{"card_name":"Slime","card_health":2,"card_attack":1}],"opponent_board":[]},{"turn":26,"cards_played":["Sneed's Old Shredder","Darkbomb"],"current_player":"opponent","my_health":27,"opponent_health":15,"my_armor":0,"opponent_armor":0,"my_hand":2,"opponent_hand":3,"my_board":[],"opponent_board":[{"card_name":"Sneed's Old Shredder","card_health":7,"card_attack":5}]},{"turn":27,"cards_played":["Fireblast","Sludge Belcher","Frostbolt"],"current_player":"me","my_health":27,"opponent_health":14,"my_armor":0,"opponent_armor":0,"my_hand":1,"opponent_hand":3,"my_board":[{"card_name":"Sludge Belcher","card_health":5,"card_attack":3}],"opponent_board":[{"card_name":"Sneed's Old Shredder","card_health":7,"card_attack":5}]},{"turn":28,"cards_played":["Molten Giant","Defender of Argus"],"current_player":"opponent","my_health":27,"opponent_health":14,"my_armor":0,"opponent_armor":0,"my_hand":1,"opponent_hand":2,"my_board":[{"card_name":"Sludge Belcher","card_health":5,"card_attack":3}],"opponent_board":[{"card_name":"Molten Giant","card_health":8,"card_attack":8},{"card_name":"Sneed's Old Shredder","card_health":4,"card_attack":5},{"card_name":"Defender of Argus","card_health":3,"card_attack":2}]},{"turn":29,"cards_played":["Fireblast","Fireblast","Zombie Chow"],"current_player":"me","my_health":27,"opponent_health":14,"my_armor":0,"opponent_armor":0,"my_hand":1,"opponent_hand":2,"my_board":[{"card_name":"Zombie Chow","card_health":3,"card_attack":2},{"card_name":"Slime","card_health":2,"card_attack":1}],"opponent_board":[{"card_name":"Molten Giant","card_health":5,"card_attack":9},{"card_name":"Sneed's Old Shredder","card_health":5,"card_attack":6},{"card_name":"Defender of Argus","card_health":3,"card_attack":2}]},{"turn":30,"cards_played":["Mountain Giant"],"current_player":"opponent","my_health":26,"opponent_health":19,"my_armor":0,"opponent_armor":0,"my_hand":1,"opponent_hand":2,"my_board":[],"opponent_board":[{"card_name":"Molten Giant","card_health":5,"card_attack":9},{"card_name":"Sneed's Old Shredder","card_health":3,"card_attack":6},{"card_name":"Defender of Argus","card_health":2,"card_attack":2},{"card_name":"Mountain Giant","card_health":8,"card_attack":8}]},{"turn":31,"cards_played":["Flamecannon","Fireblast"],"current_player":"me","my_health":26,"opponent_health":19,"my_armor":0,"opponent_armor":0,"my_hand":0,"opponent_hand":2,"my_board":[],"opponent_board":[{"card_name":"Molten Giant","card_health":4,"card_attack":9},{"card_name":"Sneed's Old Shredder","card_health":3,"card_attack":6},{"card_name":"Mountain Giant","card_health":8,"card_attack":8}]},{"turn":32,"cards_played":[],"current_player":"opponent","my_health":11,"opponent_health":19,"my_armor":0,"opponent_armor":0,"my_hand":0,"opponent_hand":3,"my_board":[],"opponent_board":[{"card_name":"Molten Giant","card_health":4,"card_attack":9},{"card_name":"Sneed's Old Shredder","card_health":3,"card_attack":6},{"card_name":"Mountain Giant","card_health":8,"card_attack":8}]},{"turn":33,"cards_played":["Flamestrike"],"current_player":"me","my_health":11,"opponent_health":19,"my_armor":0,"opponent_armor":0,"my_hand":0,"opponent_hand":3,"my_board":[],"opponent_board":[{"card_name":"Mountain Giant","card_health":4,"card_attack":8},{"card_name":"Dr. Boom","card_health":7,"card_attack":7}]}],"result":"defeat"}