{"plays":[{"turn":1,"cards_played":[],"current_player":"me","my_health":0,"opponent_health":30,"my_armor":0,"opponent_armor":0,"my_hand":0,"opponent_hand":1,"my_board":[],"opponent_board":[]},{"turn":2,"cards_played":["Argent Squire","Mana Wyrm"],"current_player":"me","my_health":30,"opponent_health":30,"my_armor":0,"opponent_armor":0,"my_hand":5,"opponent_hand":3,"my_board":[{"card_name":"Mana Wyrm","card_health":3,"card_attack":1}],"opponent_board":[{"card_name":"Argent Squire","card_health":1,"card_attack":1}]},{"turn":3,"cards_played":["Shielded Minibot"],"current_player":"opponent","my_health":29,"opponent_health":30,"my_armor":0,"opponent_armor":0,"my_hand":5,"opponent_hand":3,"my_board":[{"card_name":"Mana Wyrm","card_health":3,"card_attack":1}],"opponent_board":[{"card_name":"Argent Squire","card_health":1,"card_attack":1},{"card_name":"Shielded Minibot","card_health":2,"card_attack":2}]},{"turn":4,"cards_played":["Arcane Missiles","The Coin","Fireblast","Fireblast"],"current_player":"me","my_health":29,"opponent_health":29,"my_armor":0,"opponent_armor":0,"my_hand":4,"opponent_hand":3,"my_board":[{"card_name":"Mana Wyrm","card_health":1,"card_attack":3}],"opponent_board":[]},{"turn":5,"cards_played":["Muster for Battle"],"current_player":"opponent","my_health":29,"opponent_health":26,"my_armor":0,"opponent_armor":0,"my_hand":4,"opponent_hand":3,"my_board":[],"opponent_board":[{"card_name":"Silver Hand Recruit","card_health":1,"card_attack":1},{"card_name":"Silver Hand Recruit","card_health":1,"card_attack":1},{"card_name":"Silver Hand Recruit","card_health":1,"card_attack":1}]},{"turn":6,"cards_played":["Arcane Intellect"],"current_player":"me","my_health":29,"opponent_health":26,"my_armor":0,"opponent_armor":0,"my_hand":6,"opponent_hand":3,"my_board":[],"opponent_board":[{"card_name":"Silver Hand Recruit","card_health":1,"card_attack":1},{"card_name":"Silver Hand Recruit","card_health":1,"card_attack":1},{"card_name":"Silver Hand Recruit","card_health":1,"card_attack":1}]},{"turn":7,"cards_played":["Divine Favor"],"current_player":"opponent","my_health":25,"opponent_health":26,"my_armor":0,"opponent_armor":0,"my_hand":6,"opponent_hand":5,"my_board":[],"opponent_board":[{"card_name":"Silver Hand Recruit","card_health":1,"card_attack":1},{"card_name":"Silver Hand Recruit","card_health":1,"card_attack":1},{"card_name":"Silver Hand Recruit","card_health":1,"card_attack":1}]},{"turn":8,"cards_played":["Mana Wyrm","Unstable Portal","Mirror Image"],"current_player":"me","my_health":25,"opponent_health":26,"my_armor":0,"opponent_armor":0,"my_hand":5,"opponent_hand":5,"my_board":[{"card_name":"Mana Wyrm","card_health":3,"card_attack":3},{"card_name":"Mirror Image","card_health":2,"card_attack":0},{"card_name":"Mirror Image","card_health":2,"card_attack":0}],"opponent_board":[{"card_name":"Silver Hand Recruit","card_health":1,"card_attack":1},{"card_name":"Silver Hand Recruit","card_health":1,"card_attack":1},{"card_name":"Silver Hand Recruit","card_health":1,"card_attack":1}]},{"turn":9,"cards_played":["Hammer of Wrath","Leper Gnome"],"current_player":"opponent","my_health":25,"opponent_health":26,"my_armor":0,"opponent_armor":0,"my_hand":5,"opponent_hand":5,"my_board":[],"opponent_board":[{"card_name":"Leper Gnome","card_health":1,"card_attack":2},{"card_name":"Silver Hand Recruit","card_health":1,"card_attack":1},{"card_name":"Silver Hand Recruit","card_health":1,"card_attack":1},{"card_name":"Silver Hand Recruit","card_health":1,"card_attack":1}]},{"turn":10,"cards_played":["Dark Iron Skulker"],"current_player":"me","my_health":23,"opponent_health":26,"my_armor":0,"opponent_armor":0,"my_hand":4,"opponent_hand":5,"my_board":[{"card_name":"Dark Iron Skulker","card_health":3,"card_attack":4}],"opponent_board":[]},{"turn":11,"cards_played":["Aldor Peacekeeper","Aldor Peacekeeper"],"current_player":"opponent","my_health":22,"opponent_health":26,"my_armor":0,"opponent_armor":0,"my_hand":4,"opponent_hand":4,"my_board":[{"card_name":"Dark Iron Skulker","card_health":3,"card_attack":1},{"card_name":"Aldor Peacekeeper","card_health":3,"card_attack":1}],"opponent_board":[{"card_name":"Aldor Peacekeeper","card_health":3,"card_attack":3},{"card_name":"Aldor Peacekeeper","card_health":3,"card_attack":3}]},{"turn":12,"cards_played":["Flamecannon","Echo of Medivh"],"current_player":"me","my_health":22,"opponent_health":24,"my_armor":0,"opponent_armor":0,"my_hand":5,"opponent_hand":4,"my_board":[{"card_name":"Dark Iron Skulker","card_health":3,"card_attack":1},{"card_name":"Aldor Peacekeeper","card_health":3,"card_attack":1}],"opponent_board":[{"card_name":"Aldor Peacekeeper","card_health":5,"card_attack":6}]},{"turn":13,"cards_played":["Leper Gnome","Reinforce"],"current_player":"opponent","my_health":16,"opponent_health":24,"my_armor":0,"opponent_armor":0,"my_hand":5,"opponent_hand":4,"my_board":[{"card_name":"Dark Iron Skulker","card_health":3,"card_attack":1},{"card_name":"Aldor Peacekeeper","card_health":3,"card_attack":1}],"opponent_board":[{"card_name":"Leper Gnome","card_health":1,"card_attack":2},{"card_name":"Aldor Peacekeeper","card_health":5,"card_attack":6},{"card_name":"Silver Hand Recruit","card_health":1,"card_attack":1}]},{"turn":14,"cards_played":["Aldor Peacekeeper","Fireblast","Fireblast","Sorcerer's Apprentice"],"current_player":"me","my_health":14,"opponent_health":23,"my_armor":0,"opponent_armor":0,"my_hand":4,"opponent_hand":4,"my_board":[{"card_name":"Sorcerer's Apprentice","card_health":2,"card_attack":3},{"card_name":"Dark Iron Skulker","card_health":2,"card_attack":1},{"card_name":"Aldor Peacekeeper","card_health":3,"card_attack":1},{"card_name":"Aldor Peacekeeper","card_health":3,"card_attack":3}],"opponent_board":[{"card_name":"Aldor Peacekeeper","card_health":5,"card_attack":1}]},{"turn":15,"cards_played":["Blessing of Kings","Shielded Minibot","Reinforce"],"current_player":"opponent","my_health":9,"opponent_health":23,"my_armor":0,"opponent_armor":0,"my_hand":4,"opponent_hand":3,"my_board":[{"card_name":"Sorcerer's Apprentice","card_health":2,"card_attack":3},{"card_name":"Dark Iron Skulker","card_health":2,"card_attack":1},{"card_name":"Aldor Peacekeeper","card_health":3,"card_attack":1},{"card_name":"Aldor Peacekeeper","card_health":3,"card_attack":3}],"opponent_board":[{"card_name":"Aldor Peacekeeper","card_health":9,"card_attack":5},{"card_name":"Shielded Minibot","card_health":2,"card_attack":2},{"card_name":"Silver Hand Recruit","card_health":1,"card_attack":1}]},{"turn":16,"cards_played":["Dark Iron Skulker","Flamewaker"],"current_player":"me","my_health":9,"opponent_health":23,"my_armor":0,"opponent_armor":0,"my_hand":3,"opponent_hand":3,"my_board":[{"card_name":"Flamewaker","card_health":4,"card_attack":2},{"card_name":"Aldor Peacekeeper","card_health":1,"card_attack":1},{"card_name":"Dark Iron Skulker","card_health":3,"card_attack":4}],"opponent_board":[]},{"turn":17,"cards_played":["Knife Juggler","Knife Juggler","Muster for Battle","Southsea Deckhand"],"current_player":"opponent","my_health":3,"opponent_health":23,"my_armor":0,"opponent_armor":0,"my_hand":3,"opponent_hand":0,"my_board":[{"card_name":"Dark Iron Skulker","card_health":2,"card_attack":4}],"opponent_board":[{"card_name":"Knife Juggler","card_health":2,"card_attack":3},{"card_name":"Knife Juggler","card_health":2,"card_attack":3},{"card_name":"Silver Hand Recruit","card_health":1,"card_attack":1},{"card_name":"Silver Hand Recruit","card_health":1,"card_attack":1},{"card_name":"Silver Hand Recruit","card_health":1,"card_attack":1}]},{"turn":18,"cards_played":["Azure Drake","Frostbolt"],"current_player":"me","my_health":-1,"opponent_health":23,"my_armor":0,"opponent_armor":0,"my_hand":3,"opponent_hand":0,"my_board":[{"card_name":"Azure Drake","card_health":4,"card_attack":4},{"card_name":"Dark Iron Skulker","card_health":2,"card_attack":4}],"opponent_board":[{"card_name":"Knife Juggler","card_health":2,"card_attack":3},{"card_name":"Knife Juggler","card_health":2,"card_attack":3},{"card_name":"Silver Hand Recruit","card_health":1,"card_attack":1},{"card_name":"Silver Hand Recruit","card_health":1,"card_attack":1},{"card_name":"Silver Hand Recruit","card_health":1,"card_attack":1}]}],"result":"defeat"}