{"plays":[{"turn":1,"cards_played":[],"current_player":"me","my_health":0,"opponent_health":0,"my_armor":0,"opponent_armor":0,"my_hand":0,"opponent_hand":1,"my_board":[],"opponent_board":[]},{"turn":2,"cards_played":[],"current_player":"opponent","my_health":30,"opponent_health":30,"my_armor":0,"opponent_armor":0,"my_hand":4,"opponent_hand":6,"my_board":[],"opponent_board":[]},{"turn":3,"cards_played":["Huge Toad"],"current_player":"me","my_health":30,"opponent_health":30,"my_armor":0,"opponent_armor":0,"my_hand":4,"opponent_hand":6,"my_board":[{"card_name":"Huge Toad","card_health":2,"card_attack":3}],"opponent_board":[]},{"turn":4,"cards_played":["Dagger Mastery"],"current_player":"opponent","my_health":30,"opponent_health":30,"my_armor":0,"opponent_armor":0,"my_hand":4,"opponent_hand":7,"my_board":[{"card_name":"Huge Toad","card_health":2,"card_attack":3}],"opponent_board":[]},{"turn":5,"cards_played":["Eaglehorn Bow"],"current_player":"me","my_health":30,"opponent_health":24,"my_armor":0,"opponent_armor":0,"my_hand":4,"opponent_hand":7,"my_board":[{"card_name":"Huge Toad","card_health":2,"card_attack":3}],"opponent_board":[]},{"turn":6,"cards_played":["The Coin","Tomb Pillager"],"current_player":"opponent","my_health":30,"opponent_health":24,"my_armor":0,"opponent_armor":0,"my_hand":4,"opponent_hand":6,"my_board":[{"card_name":"Huge Toad","card_health":2,"card_attack":3}],"opponent_board":[{"card_name":"Tomb Pillager","card_health":4,"card_attack":5}]},{"turn":7,"cards_played":["Steady Shot"],"current_player":"me","my_health":30,"opponent_health":19,"my_armor":0,"opponent_armor":0,"my_hand":4,"opponent_hand":6,"my_board":[{"card_name":"Huge Toad","card_health":2,"card_attack":3}],"opponent_board":[{"card_name":"Tomb Pillager","card_health":4,"card_attack":5}]},{"turn":8,"cards_played":["Shadow Strike"],"current_player":"opponent","my_health":30,"opponent_health":19,"my_armor":0,"opponent_armor":0,"my_hand":4,"opponent_hand":6,"my_board":[],"opponent_board":[{"card_name":"Tomb Pillager","card_health":4,"card_attack":5}]},{"turn":9,"cards_played":["Carrion Grub","Steady Shot"],"current_player":"me","my_health":30,"opponent_health":16,"my_armor":0,"opponent_armor":0,"my_hand":4,"opponent_hand":6,"my_board":[{"card_name":"Carrion Grub","card_health":5,"card_attack":2}],"opponent_board":[{"card_name":"Tomb Pillager","card_health":4,"card_attack":5}]},{"turn":10,"cards_played":["Violet Teacher","Deadly Poison"],"current_player":"opponent","my_health":27,"opponent_health":16,"my_armor":0,"opponent_armor":0,"my_hand":4,"opponent_hand":5,"my_board":[{"card_name":"Carrion Grub","card_health":5,"card_attack":2}],"opponent_board":[{"card_name":"Tomb Pillager","card_health":4,"card_attack":5},{"card_name":"Violet Teacher","card_health":5,"card_attack":3},{"card_name":"Violet Apprentice","card_health":1,"card_attack":1}]},{"turn":11,"cards_played":["Houndmaster","Steady Shot"],"current_player":"me","my_health":27,"opponent_health":7,"my_armor":0,"opponent_armor":0,"my_hand":4,"opponent_hand":5,"my_board":[{"card_name":"Carrion Grub","card_health":7,"card_attack":4},{"card_name":"Houndmaster","card_health":3,"card_attack":4}],"opponent_board":[{"card_name":"Tomb Pillager","card_health":4,"card_attack":5},{"card_name":"Violet Teacher","card_health":5,"card_attack":3},{"card_name":"Violet Apprentice","card_health":1,"card_attack":1}]},{"turn":12,"cards_played":["Backstab","Eviscerate","Earthen Ring Farseer"],"current_player":"opponent","my_health":24,"opponent_health":10,"my_armor":0,"opponent_armor":0,"my_hand":4,"opponent_hand":5,"my_board":[],"opponent_board":[{"card_name":"Earthen Ring Farseer","card_health":3,"card_attack":3},{"card_name":"Violet Teacher","card_health":1,"card_attack":3},{"card_name":"Violet Apprentice","card_health":1,"card_attack":1},{"card_name":"Violet Apprentice","card_health":1,"card_attack":1}]},{"turn":13,"cards_played":["Fiery Bat","Eaglehorn Bow"],"current_player":"me","my_health":24,"opponent_health":7,"my_armor":0,"opponent_armor":0,"my_hand":2,"opponent_hand":5,"my_board":[{"card_name":"Fiery Bat","card_health":1,"card_attack":2}],"opponent_board":[{"card_name":"Earthen Ring Farseer","card_health":3,"card_attack":3},{"card_name":"Violet Teacher","card_health":1,"card_attack":3},{"card_name":"Violet Apprentice","card_health":1,"card_attack":1},{"card_name":"Violet Apprentice","card_health":1,"card_attack":1}]},{"turn":14,"cards_played":["Azure Drake","Bloodmage Thalnos","Preparation","Fan of Knives","The Coin","Cold Blood"],"current_player":"opponent","my_health":16,"opponent_health":7,"my_armor":0,"opponent_armor":0,"my_hand":2,"opponent_hand":3,"my_board":[],"opponent_board":[{"card_name":"Earthen Ring Farseer","card_health":3,"card_attack":7},{"card_name":"Bloodmage Thalnos","card_health":1,"card_attack":1},{"card_name":"Azure Drake","card_health":4,"card_attack":4},{"card_name":"Violet Apprentice","card_health":1,"card_attack":1},{"card_name":"Violet Apprentice","card_health":1,"card_attack":1},{"card_name":"Violet Apprentice","card_health":1,"card_attack":1}]},{"turn":15,"cards_played":["Unleash the Hounds","Kill Command"],"current_player":"me","my_health":16,"opponent_health":2,"my_armor":0,"opponent_armor":0,"my_hand":1,"opponent_hand":3,"my_board":[{"card_name":"Hound","card_health":1,"card_attack":1},{"card_name":"Hound","card_health":1,"card_attack":1},{"card_name":"Hound","card_health":1,"card_attack":1},{"card_name":"Hound","card_health":1,"card_attack":1},{"card_name":"Hound","card_health":1,"card_attack":1},{"card_name":"Hound","card_health":1,"card_attack":1}],"opponent_board":[{"card_name":"Earthen Ring Farseer","card_health":3,"card_attack":7},{"card_name":"Bloodmage Thalnos","card_health":1,"card_attack":1},{"card_name":"Azure Drake","card_health":4,"card_attack":4},{"card_name":"Violet Apprentice","card_health":1,"card_attack":1},{"card_name":"Violet Apprentice","card_health":1,"card_attack":1},{"card_name":"Violet Apprentice","card_health":1,"card_attack":1}]}],"result":"victory"}