{"plays":[{"turn":1,"cards_played":[],"current_player":"me","my_health":0,"opponent_health":30,"my_armor":0,"opponent_armor":0,"my_hand":0,"opponent_hand":1,"my_board":[],"opponent_board":[]},{"turn":2,"cards_played":["Mana Wyrm"],"current_player":"opponent","my_health":30,"opponent_health":30,"my_armor":0,"opponent_armor":0,"my_hand":3,"opponent_hand":6,"my_board":[{"card_name":"Mana Wyrm","card_health":3,"card_attack":1}],"opponent_board":[]},{"turn":3,"cards_played":["Fireblast","Fireblast"],"current_player":"me","my_health":30,"opponent_health":28,"my_armor":0,"opponent_armor":0,"my_hand":4,"opponent_hand":6,"my_board":[{"card_name":"Mana Wyrm","card_health":3,"card_attack":1}],"opponent_board":[]},{"turn":4,"cards_played":["Northshire Cleric","Power Word: Shield"],"current_player":"opponent","my_health":30,"opponent_health":28,"my_armor":0,"opponent_armor":0,"my_hand":4,"opponent_hand":6,"my_board":[{"card_name":"Mana Wyrm","card_health":3,"card_attack":1}],"opponent_board":[{"card_name":"Northshire Cleric","card_health":3,"card_attack":1}]},{"turn":5,"cards_played":["Frostbolt"],"current_player":"me","my_health":30,"opponent_health":28,"my_armor":0,"opponent_armor":0,"my_hand":4,"opponent_hand":6,"my_board":[{"card_name":"Mana Wyrm","card_health":2,"card_attack":2}],"opponent_board":[]},{"turn":6,"cards_played":["Lesser Heal","Lesser Heal"],"current_player":"opponent","my_health":30,"opponent_health":30,"my_armor":0,"opponent_armor":0,"my_hand":4,"opponent_hand":7,"my_board":[{"card_name":"Mana Wyrm","card_health":2,"card_attack":2}],"opponent_board":[]},{"turn":7,"cards_played":["Arcane Intellect","Zombie Chow"],"current_player":"me","my_health":30,"opponent_health":27,"my_armor":0,"opponent_armor":0,"my_hand":5,"opponent_hand":7,"my_board":[{"card_name":"Mana Wyrm","card_health":2,"card_attack":3},{"card_name":"Zombie Chow","card_health":3,"card_attack":2}],"opponent_board":[]},{"turn":8,"cards_played":["The Coin","Blackwing Corruptor"],"current_player":"opponent","my_health":30,"opponent_health":27,"my_armor":0,"opponent_armor":0,"my_hand":5,"opponent_hand":6,"my_board":[{"card_name":"Zombie Chow","card_health":3,"card_attack":2}],"opponent_board":[{"card_name":"Blackwing Corruptor","card_health":4,"card_attack":5}]},{"turn":9,"cards_played":["Mad Scientist"],"current_player":"me","my_health":30,"opponent_health":25,"my_armor":0,"opponent_armor":0,"my_hand":4,"opponent_hand":6,"my_board":[{"card_name":"Mad Scientist","card_health":2,"card_attack":2},{"card_name":"Zombie Chow","card_health":3,"card_attack":2}],"opponent_board":[{"card_name":"Blackwing Corruptor","card_health":4,"card_attack":5}]},{"turn":10,"cards_played":["Twilight Whelp","Twilight Guardian"],"current_player":"opponent","my_health":30,"opponent_health":30,"my_armor":0,"opponent_armor":0,"my_hand":4,"opponent_hand":5,"my_board":[{"card_name":"Mad Scientist","card_health":2,"card_attack":2}],"opponent_board":[{"card_name":"Twilight Whelp","card_health":3,"card_attack":2},{"card_name":"Blackwing Corruptor","card_health":2,"card_attack":5},{"card_name":"Twilight Guardian","card_health":6,"card_attack":2}]},{"turn":11,"cards_played":["Flamecannon","Fireblast","Fireblast"],"current_player":"me","my_health":30,"opponent_health":30,"my_armor":0,"opponent_armor":0,"my_hand":4,"opponent_hand":5,"my_board":[],"opponent_board":[{"card_name":"Blackwing Corruptor","card_health":2,"card_attack":5},{"card_name":"Twilight Guardian","card_health":3,"card_attack":3}]},{"turn":12,"cards_played":["Dragonkin Sorcerer","Lesser Heal","Lesser Heal"],"current_player":"opponent","my_health":30,"opponent_health":30,"my_armor":5,"opponent_armor":0,"my_hand":4,"opponent_hand":5,"my_board":[],"opponent_board":[{"card_name":"Dragonkin Sorcerer","card_health":5,"card_attack":3},{"card_name":"Twilight Guardian","card_health":5,"card_attack":3}]},{"turn":13,"cards_played":["Dr. Boom"],"current_player":"me","my_health":30,"opponent_health":30,"my_armor":5,"opponent_armor":0,"my_hand":4,"opponent_hand":5,"my_board":[{"card_name":"Dr. Boom","card_health":7,"card_attack":7},{"card_name":"Boom Bot","card_health":1,"card_attack":1},{"card_name":"Boom Bot","card_health":1,"card_attack":1}],"opponent_board":[{"card_name":"Dragonkin Sorcerer","card_health":5,"card_attack":3},{"card_name":"Twilight Guardian","card_health":5,"card_attack":3}]},{"turn":14,"cards_played":["Sylvanas Windrunner"],"current_player":"opponent","my_health":29,"opponent_health":30,"my_armor":0,"opponent_armor":0,"my_hand":4,"opponent_hand":5,"my_board":[{"card_name":"Dr. Boom","card_health":7,"card_attack":7},{"card_name":"Boom Bot","card_health":1,"card_attack":1},{"card_name":"Boom Bot","card_health":1,"card_attack":1}],"opponent_board":[{"card_name":"Dragonkin Sorcerer","card_health":5,"card_attack":3},{"card_name":"Sylvanas Windrunner","card_health":5,"card_attack":5},{"card_name":"Twilight Guardian","card_health":5,"card_attack":3}]},{"turn":15,"cards_played":["Polymorph","Fireblast","Fireblast"],"current_player":"me","my_health":29,"opponent_health":30,"my_armor":0,"opponent_armor":0,"my_hand":4,"opponent_hand":5,"my_board":[{"card_name":"Dr. Boom","card_health":4,"card_attack":7}],"opponent_board":[]},{"turn":16,"cards_played":["Thoughtsteal","Acolyte of Pain"],"current_player":"opponent","my_health":29,"opponent_health":30,"my_armor":0,"opponent_armor":0,"my_hand":4,"opponent_hand":6,"my_board":[{"card_name":"Dr. Boom","card_health":4,"card_attack":7}],"opponent_board":[{"card_name":"Acolyte of Pain","card_health":3,"card_attack":1}]},{"turn":17,"cards_played":["Sludge Belcher"],"current_player":"me","my_health":29,"opponent_health":23,"my_armor":0,"opponent_armor":0,"my_hand":3,"opponent_hand":6,"my_board":[{"card_name":"Dr. Boom","card_health":4,"card_attack":7},{"card_name":"Sludge Belcher","card_health":5,"card_attack":3}],"opponent_board":[{"card_name":"Acolyte of Pain","card_health":3,"card_attack":1}]},{"turn":18,"cards_played":["Kezan Mystic","Shadow Word: Death","Lesser Heal","Lesser Heal"],"current_player":"opponent","my_health":29,"opponent_health":25,"my_armor":0,"opponent_armor":0,"my_hand":3,"opponent_hand":5,"my_board":[{"card_name":"Sludge Belcher","card_health":5,"card_attack":3}],"opponent_board":[{"card_name":"Kezan Mystic","card_health":3,"card_attack":4},{"card_name":"Acolyte of Pain","card_health":3,"card_attack":1}]},{"turn":19,"cards_played":["Ragnaros the Firelord","Fireblast","Fireblast"],"current_player":"me","my_health":29,"opponent_health":24,"my_armor":0,"opponent_armor":0,"my_hand":3,"opponent_hand":6,"my_board":[{"card_name":"Ragnaros the Firelord","card_health":8,"card_attack":8},{"card_name":"Sludge Belcher","card_health":4,"card_attack":3}],"opponent_board":[{"card_name":"Kezan Mystic","card_health":3,"card_attack":4}]},{"turn":20,"cards_played":["Lightbomb","Blackwing Technician"],"current_player":"opponent","my_health":29,"opponent_health":16,"my_armor":0,"opponent_armor":0,"my_hand":3,"opponent_hand":5,"my_board":[{"card_name":"Slime","card_health":1,"card_attack":1}],"opponent_board":[{"card_name":"Blackwing Technician","card_health":4,"card_attack":2}]},{"turn":21,"cards_played":["Frostbolt","Fireblast","Fireblast","Water Elemental"],"current_player":"me","my_health":29,"opponent_health":16,"my_armor":0,"opponent_armor":0,"my_hand":2,"opponent_hand":5,"my_board":[{"card_name":"Water Elemental","card_health":6,"card_attack":3}],"opponent_board":[]},{"turn":22,"cards_played":["Alexstrasza","Power Word: Shield"],"current_player":"opponent","my_health":15,"opponent_health":16,"my_armor":0,"opponent_armor":0,"my_hand":2,"opponent_hand":5,"my_board":[{"card_name":"Water Elemental","card_health":6,"card_attack":3}],"opponent_board":[{"card_name":"Alexstrasza","card_health":8,"card_attack":8}]},{"turn":23,"cards_played":["Big Game Hunter","Fireblast","Fireblast"],"current_player":"me","my_health":15,"opponent_health":16,"my_armor":0,"opponent_armor":4,"my_hand":2,"opponent_hand":5,"my_board":[{"card_name":"Water Elemental","card_health":6,"card_attack":3},{"card_name":"Big Game Hunter","card_health":2,"card_attack":4}],"opponent_board":[]},{"turn":24,"cards_played":["Holy Nova","Blackwing Corruptor"],"current_player":"opponent","my_health":13,"opponent_health":18,"my_armor":0,"opponent_armor":4,"my_hand":2,"opponent_hand":4,"my_board":[{"card_name":"Water Elemental","card_health":4,"card_attack":3}],"opponent_board":[{"card_name":"Blackwing Corruptor","card_health":4,"card_attack":5}]},{"turn":25,"cards_played":["Mad Scientist","Fireblast","Fireblast"],"current_player":"me","my_health":13,"opponent_health":18,"my_armor":0,"opponent_armor":1,"my_hand":2,"opponent_hand":4,"my_board":[{"card_name":"Mad Scientist","card_health":2,"card_attack":2},{"card_name":"Water Elemental","card_health":4,"card_attack":3}],"opponent_board":[{"card_name":"Blackwing Corruptor","card_health":3,"card_attack":5}]},{"turn":26,"cards_played":["Cabal Shadow Priest","Lesser Heal","Lesser Heal"],"current_player":"opponent","my_health":13,"opponent_health":18,"my_armor":0,"opponent_armor":1,"my_hand":2,"opponent_hand":4,"my_board":[],"opponent_board":[{"card_name":"Cabal Shadow Priest","card_health":5,"card_attack":4},{"card_name":"Blackwing Corruptor","card_health":1,"card_attack":5},{"card_name":"Mad Scientist","card_health":2,"card_attack":2}]},{"turn":27,"cards_played":["Fireblast","Fireblast","Flamestrike"],"current_player":"me","my_health":13,"opponent_health":18,"my_armor":0,"opponent_armor":1,"my_hand":2,"opponent_hand":4,"my_board":[],"opponent_board":[]},{"turn":28,"cards_played":["Ysera"],"current_player":"opponent","my_health":13,"opponent_health":18,"my_armor":0,"opponent_armor":1,"my_hand":2,"opponent_hand":5,"my_board":[],"opponent_board":[{"card_name":"Ysera","card_health":12,"card_attack":4}]},{"turn":29,"cards_played":["Water Elemental","Mana Wyrm","Fireblast","Fireblast"],"current_player":"me","my_health":13,"opponent_health":18,"my_armor":0,"opponent_armor":0,"my_hand":1,"opponent_hand":5,"my_board":[{"card_name":"Water Elemental","card_health":6,"card_attack":3},{"card_name":"Mana Wyrm","card_health":3,"card_attack":1}],"opponent_board":[{"card_name":"Ysera","card_health":12,"card_attack":4}]},{"turn":30,"cards_played":["Wyrmrest Agent","Wyrmrest Agent","Emerald Drake","Lesser Heal","Lesser Heal"],"current_player":"opponent","my_health":9,"opponent_health":20,"my_armor":0,"opponent_armor":0,"my_hand":1,"opponent_hand":4,"my_board":[{"card_name":"Water Elemental","card_health":6,"card_attack":3},{"card_name":"Mana Wyrm","card_health":3,"card_attack":1}],"opponent_board":[{"card_name":"Wyrmrest Agent","card_health":4,"card_attack":2},{"card_name":"Ysera","card_health":12,"card_attack":4},{"card_name":"Wyrmrest Agent","card_health":4,"card_attack":2},{"card_name":"Emerald Drake","card_health":6,"card_attack":7}]},{"turn":31,"cards_played":["Flamestrike","Fireblast"],"current_player":"me","my_health":9,"opponent_health":16,"my_armor":0,"opponent_armor":0,"my_hand":1,"opponent_hand":4,"my_board":[{"card_name":"Water Elemental","card_health":6,"card_attack":3}],"opponent_board":[{"card_name":"Ysera","card_health":8,"card_attack":4}]},{"turn":32,"cards_played":["Azure Drake","Twilight Guardian","Northshire Cleric"],"current_player":"opponent","my_health":5,"opponent_health":16,"my_armor":0,"opponent_armor":0,"my_hand":1,"opponent_hand":4,"my_board":[{"card_name":"Water Elemental","card_health":6,"card_attack":3}],"opponent_board":[{"card_name":"Ysera","card_health":8,"card_attack":4},{"card_name":"Twilight Guardian","card_health":6,"card_attack":3},{"card_name":"Azure Drake","card_health":4,"card_attack":4},{"card_name":"Northshire Cleric","card_health":3,"card_attack":1}]},{"turn":33,"cards_played":["Alexstrasza"],"current_player":"me","my_health":15,"opponent_health":16,"my_armor":0,"opponent_armor":0,"my_hand":1,"opponent_hand":4,"my_board":[{"card_name":"Water Elemental","card_health":3,"card_attack":3},{"card_name":"Alexstrasza","card_health":8,"card_attack":8}],"opponent_board":[{"card_name":"Ysera","card_health":8,"card_attack":4},{"card_name":"Twilight Guardian","card_health":3,"card_attack":3},{"card_name":"Azure Drake","card_health":4,"card_attack":4},{"card_name":"Northshire Cleric","card_health":3,"card_attack":1}]},{"turn":34,"cards_played":["Holy Nova","Shadow Word: Death","Ysera Awakens"],"current_player":"opponent","my_health":-3,"opponent_health":12,"my_armor":0,"opponent_armor":0,"my_hand":1,"opponent_hand":4,"my_board":[],"opponent_board":[{"card_name":"Ysera","card_health":10,"card_attack":4}]}],"result":"defeat"}