{"plays":[{"turn":1,"cards_played":[],"current_player":"me","my_health":0,"opponent_health":30,"my_armor":0,"opponent_armor":0,"my_hand":0,"opponent_hand":1,"my_board":[],"opponent_board":[]},{"turn":2,"cards_played":["Zombie Chow","The Coin","Frostbolt"],"current_player":"me","my_health":30,"opponent_health":30,"my_armor":0,"opponent_armor":0,"my_hand":4,"opponent_hand":3,"my_board":[],"opponent_board":[]},{"turn":3,"cards_played":["Shielded Minibot"],"current_player":"opponent","my_health":30,"opponent_health":30,"my_armor":0,"opponent_armor":0,"my_hand":4,"opponent_hand":3,"my_board":[],"opponent_board":[{"card_name":"Shielded Minibot","card_health":2,"card_attack":2}]},{"turn":4,"cards_played":["Mad Scientist"],"current_player":"me","my_health":30,"opponent_health":30,"my_armor":0,"opponent_armor":0,"my_hand":4,"opponent_hand":3,"my_board":[{"card_name":"Mad Scientist","card_health":2,"card_attack":2}],"opponent_board":[{"card_name":"Shielded Minibot","card_health":2,"card_attack":2}]},{"turn":5,"cards_played":["Muster for Battle"],"current_player":"opponent","my_health":29,"opponent_health":30,"my_armor":0,"opponent_armor":0,"my_hand":4,"opponent_hand":3,"my_board":[],"opponent_board":[{"card_name":"Shielded Minibot","card_health":2,"card_attack":2},{"card_name":"Silver Hand Recruit","card_health":1,"card_attack":1},{"card_name":"Silver Hand Recruit","card_health":1,"card_attack":1},{"card_name":"Silver Hand Recruit","card_health":1,"card_attack":1}]},{"turn":6,"cards_played":["Arcane Missiles","Fireblast","Fireblast"],"current_player":"me","my_health":29,"opponent_health":30,"my_armor":0,"opponent_armor":0,"my_hand":4,"opponent_hand":3,"my_board":[],"opponent_board":[{"card_name":"Silver Hand Recruit","card_health":1,"card_attack":1}]},{"turn":7,"cards_played":["Reinforce"],"current_player":"opponent","my_health":27,"opponent_health":30,"my_armor":0,"opponent_armor":0,"my_hand":4,"opponent_hand":4,"my_board":[],"opponent_board":[{"card_name":"Silver Hand Recruit","card_health":1,"card_attack":1},{"card_name":"Silver Hand Recruit","card_health":1,"card_attack":1}]},{"turn":8,"cards_played":["Sorcerer's Apprentice","Arcane Intellect","Mirror Image"],"current_player":"me","my_health":27,"opponent_health":30,"my_armor":0,"opponent_armor":0,"my_hand":4,"opponent_hand":4,"my_board":[{"card_name":"Sorcerer's Apprentice","card_health":2,"card_attack":3},{"card_name":"Mirror Image","card_health":2,"card_attack":0},{"card_name":"Mirror Image","card_health":2,"card_attack":0}],"opponent_board":[{"card_name":"Silver Hand Recruit","card_health":1,"card_attack":1},{"card_name":"Silver Hand Recruit","card_health":1,"card_attack":1}]},{"turn":9,"cards_played":["Quartermaster"],"current_player":"opponent","my_health":26,"opponent_health":30,"my_armor":0,"opponent_armor":0,"my_hand":4,"opponent_hand":4,"my_board":[{"card_name":"Sorcerer's Apprentice","card_health":2,"card_attack":3},{"card_name":"Quartermaster","card_health":5,"card_attack":2}],"opponent_board":[{"card_name":"Quartermaster","card_health":5,"card_attack":2},{"card_name":"Silver Hand Recruit","card_health":3,"card_attack":3},{"card_name":"Silver Hand Recruit","card_health":3,"card_attack":3}]},{"turn":10,"cards_played":["Mana Wyrm","Unstable Portal","Fireblast","Fireblast"],"current_player":"me","my_health":26,"opponent_health":30,"my_armor":0,"opponent_armor":0,"my_hand":4,"opponent_hand":4,"my_board":[{"card_name":"Mana Wyrm","card_health":3,"card_attack":2},{"card_name":"Quartermaster","card_health":2,"card_attack":2}],"opponent_board":[{"card_name":"Quartermaster","card_health":5,"card_attack":2}]},{"turn":11,"cards_played":["Piloted Shredder","Reinforce"],"current_player":"opponent","my_health":26,"opponent_health":28,"my_armor":0,"opponent_armor":0,"my_hand":4,"opponent_hand":4,"my_board":[{"card_name":"Quartermaster","card_health":2,"card_attack":2}],"opponent_board":[{"card_name":"Quartermaster","card_health":3,"card_attack":2},{"card_name":"Piloted Shredder","card_health":3,"card_attack":4},{"card_name":"Silver Hand Recruit","card_health":1,"card_attack":1}]},{"turn":12,"cards_played":["Emperor Thaurissan"],"current_player":"me","my_health":26,"opponent_health":28,"my_armor":0,"opponent_armor":0,"my_hand":4,"opponent_hand":4,"my_board":[{"card_name":"Emperor Thaurissan","card_health":5,"card_attack":5},{"card_name":"Quartermaster","card_health":1,"card_attack":2}],"opponent_board":[{"card_name":"Quartermaster","card_health":3,"card_attack":2},{"card_name":"Piloted Shredder","card_health":3,"card_attack":4}]},{"turn":13,"cards_played":["Aldor Peacekeeper","Ironbeak Owl","Reinforce"],"current_player":"opponent","my_health":22,"opponent_health":28,"my_armor":0,"opponent_armor":0,"my_hand":4,"opponent_hand":3,"my_board":[{"card_name":"Emperor Thaurissan","card_health":5,"card_attack":5}],"opponent_board":[{"card_name":"Quartermaster","card_health":1,"card_attack":2},{"card_name":"Piloted Shredder","card_health":3,"card_attack":4},{"card_name":"Ironbeak Owl","card_health":1,"card_attack":2},{"card_name":"Aldor Peacekeeper","card_health":3,"card_attack":3},{"card_name":"Silver Hand Recruit","card_health":1,"card_attack":1}]},{"turn":14,"cards_played":["Sorcerer's Apprentice","Fireblast","Fireblast","Fireball"],"current_player":"me","my_health":22,"opponent_health":17,"my_armor":0,"opponent_armor":0,"my_hand":2,"opponent_hand":3,"my_board":[{"card_name":"Sorcerer's Apprentice","card_health":2,"card_attack":3},{"card_name":"Emperor Thaurissan","card_health":5,"card_attack":5}],"opponent_board":[{"card_name":"Piloted Shredder","card_health":3,"card_attack":4},{"card_name":"Ironbeak Owl","card_health":1,"card_attack":2},{"card_name":"Aldor Peacekeeper","card_health":3,"card_attack":3},{"card_name":"Silver Hand Recruit","card_health":1,"card_attack":1}]},{"turn":15,"cards_played":["Aldor Peacekeeper","Acolyte of Pain","Reinforce"],"current_player":"opponent","my_health":17,"opponent_health":17,"my_armor":0,"opponent_armor":0,"my_hand":2,"opponent_hand":2,"my_board":[{"card_name":"Emperor Thaurissan","card_health":5,"card_attack":1}],"opponent_board":[{"card_name":"Piloted Shredder","card_health":3,"card_attack":4},{"card_name":"Aldor Peacekeeper","card_health":3,"card_attack":3},{"card_name":"Acolyte of Pain","card_health":3,"card_attack":1},{"card_name":"Silver Hand Recruit","card_health":1,"card_attack":1},{"card_name":"Silver Hand Recruit","card_health":1,"card_attack":1}]},{"turn":16,"cards_played":["Fireblast","Fireblast","Dr. Boom"],"current_player":"me","my_health":17,"opponent_health":17,"my_armor":0,"opponent_armor":0,"my_hand":2,"opponent_hand":2,"my_board":[{"card_name":"Dr. Boom","card_health":7,"card_attack":7},{"card_name":"Emperor Thaurissan","card_health":4,"card_attack":1},{"card_name":"Boom Bot","card_health":1,"card_attack":1},{"card_name":"Boom Bot","card_health":1,"card_attack":1}],"opponent_board":[{"card_name":"Piloted Shredder","card_health":3,"card_attack":4},{"card_name":"Aldor Peacekeeper","card_health":3,"card_attack":3},{"card_name":"Acolyte of Pain","card_health":3,"card_attack":1}]},{"turn":17,"cards_played":["Antique Healbot","Reinforce"],"current_player":"opponent","my_health":10,"opponent_health":25,"my_armor":0,"opponent_armor":0,"my_hand":2,"opponent_hand":3,"my_board":[{"card_name":"Dr. Boom","card_health":7,"card_attack":7},{"card_name":"Emperor Thaurissan","card_health":4,"card_attack":1},{"card_name":"Boom Bot","card_health":1,"card_attack":1}],"opponent_board":[{"card_name":"Antique Healbot","card_health":3,"card_attack":3},{"card_name":"Aldor Peacekeeper","card_health":3,"card_attack":3},{"card_name":"Acolyte of Pain","card_health":2,"card_attack":1},{"card_name":"Bloodsail Raider","card_health":3,"card_attack":2},{"card_name":"Silver Hand Recruit","card_health":1,"card_attack":1}]},{"turn":18,"cards_played":["Mad Scientist","Flamewaker","Fireblast","Fireblast"],"current_player":"me","my_health":10,"opponent_health":17,"my_armor":0,"opponent_armor":0,"my_hand":1,"opponent_hand":3,"my_board":[{"card_name":"Flamewaker","card_health":4,"card_attack":2},{"card_name":"Dr. Boom","card_health":7,"card_attack":7},{"card_name":"Emperor Thaurissan","card_health":4,"card_attack":1},{"card_name":"Mad Scientist","card_health":2,"card_attack":2}],"opponent_board":[{"card_name":"Antique Healbot","card_health":3,"card_attack":3},{"card_name":"Acolyte of Pain","card_health":2,"card_attack":1},{"card_name":"Bloodsail Raider","card_health":3,"card_attack":2}]},{"turn":19,"cards_played":["Equality","Dr. Boom"],"current_player":"opponent","my_health":7,"opponent_health":17,"my_armor":0,"opponent_armor":0,"my_hand":1,"opponent_hand":3,"my_board":[{"card_name":"Emperor Thaurissan","card_health":1,"card_attack":1},{"card_name":"Mad Scientist","card_health":1,"card_attack":2}],"opponent_board":[{"card_name":"Antique Healbot","card_health":1,"card_attack":3},{"card_name":"Dr. Boom","card_health":7,"card_attack":7},{"card_name":"Boom Bot","card_health":1,"card_attack":1},{"card_name":"Boom Bot","card_health":1,"card_attack":1}]},{"turn":20,"cards_played":["Big Game Hunter","Arcane Missiles","Fireblast","Fireblast"],"current_player":"me","my_health":1,"opponent_health":13,"my_armor":0,"opponent_armor":0,"my_hand":0,"opponent_hand":3,"my_board":[{"card_name":"Emperor Thaurissan","card_health":1,"card_attack":1},{"card_name":"Mad Scientist","card_health":1,"card_attack":2},{"card_name":"Big Game Hunter","card_health":2,"card_attack":4}],"opponent_board":[]},{"turn":21,"cards_played":["Knife Juggler","Sludge Belcher","Reinforce"],"current_player":"opponent","my_health":1,"opponent_health":13,"my_armor":0,"opponent_armor":0,"my_hand":0,"opponent_hand":2,"my_board":[{"card_name":"Big Game Hunter","card_health":2,"card_attack":4}],"opponent_board":[{"card_name":"Sludge Belcher","card_health":5,"card_attack":3},{"card_name":"Knife Juggler","card_health":2,"card_attack":3},{"card_name":"Silver Hand Recruit","card_health":1,"card_attack":1}]},{"turn":22,"cards_played":["Fireblast","Fireblast"],"current_player":"me","my_health":0,"opponent_health":13,"my_armor":0,"opponent_armor":0,"my_hand":1,"opponent_hand":2,"my_board":[{"card_name":"Big Game Hunter","card_health":2,"card_attack":4}],"opponent_board":[{"card_name":"Sludge Belcher","card_health":5,"card_attack":3},{"card_name":"Knife Juggler","card_health":2,"card_attack":3},{"card_name":"Silver Hand Recruit","card_health":1,"card_attack":1}]}],"result":"defeat"}