{"plays":[{"turn":1,"cards_played":[],"current_player":"opponent","my_health":30,"opponent_health":0,"my_armor":0,"opponent_armor":0,"my_hand":1,"opponent_hand":0,"my_board":[],"opponent_board":[]},{"turn":2,"cards_played":["Mana Wyrm"],"current_player":"me","my_health":30,"opponent_health":30,"my_armor":0,"opponent_armor":0,"my_hand":5,"opponent_hand":4,"my_board":[{"card_name":"Mana Wyrm","card_health":3,"card_attack":1}],"opponent_board":[]},{"turn":3,"cards_played":[],"current_player":"opponent","my_health":30,"opponent_health":30,"my_armor":0,"opponent_armor":0,"my_hand":5,"opponent_hand":5,"my_board":[{"card_name":"Mana Wyrm","card_health":3,"card_attack":1}],"opponent_board":[]},{"turn":4,"cards_played":["Unstable Portal"],"current_player":"me","my_health":30,"opponent_health":28,"my_armor":0,"opponent_armor":0,"my_hand":6,"opponent_hand":5,"my_board":[{"card_name":"Mana Wyrm","card_health":3,"card_attack":2}],"opponent_board":[]},{"turn":5,"cards_played":["Dark Cultist"],"current_player":"opponent","my_health":30,"opponent_health":28,"my_armor":0,"opponent_armor":0,"my_hand":6,"opponent_hand":5,"my_board":[{"card_name":"Mana Wyrm","card_health":3,"card_attack":2}],"opponent_board":[{"card_name":"Dark Cultist","card_health":4,"card_attack":3}]},{"turn":6,"cards_played":["Arcane Intellect","The Coin"],"current_player":"me","my_health":30,"opponent_health":28,"my_armor":0,"opponent_armor":0,"my_hand":7,"opponent_hand":5,"my_board":[],"opponent_board":[]},{"turn":7,"cards_played":["Injured Blademaster","Light of the Naaru"],"current_player":"opponent","my_health":30,"opponent_health":28,"my_armor":0,"opponent_armor":0,"my_hand":7,"opponent_hand":4,"my_board":[],"opponent_board":[{"card_name":"Injured Blademaster","card_health":6,"card_attack":4},{"card_name":"Lightwarden","card_health":2,"card_attack":1}]},{"turn":8,"cards_played":["Mad Scientist","Mad Scientist"],"current_player":"me","my_health":30,"opponent_health":28,"my_armor":0,"opponent_armor":0,"my_hand":6,"opponent_hand":4,"my_board":[{"card_name":"Mad Scientist","card_health":2,"card_attack":2},{"card_name":"Mad Scientist","card_health":2,"card_attack":2}],"opponent_board":[{"card_name":"Injured Blademaster","card_health":6,"card_attack":4},{"card_name":"Lightwarden","card_health":2,"card_attack":1}]},{"turn":9,"cards_played":["Holy Nova"],"current_player":"opponent","my_health":19,"opponent_health":30,"my_armor":0,"opponent_armor":0,"my_hand":6,"opponent_hand":4,"my_board":[],"opponent_board":[{"card_name":"Injured Blademaster","card_health":7,"card_attack":4},{"card_name":"Lightwarden","card_health":2,"card_attack":5}]},{"turn":10,"cards_played":["Sorcerer's Apprentice","Sorcerer's Apprentice","Arcane Intellect"],"current_player":"me","my_health":19,"opponent_health":30,"my_armor":0,"opponent_armor":0,"my_hand":6,"opponent_hand":4,"my_board":[{"card_name":"Sorcerer's Apprentice","card_health":2,"card_attack":3},{"card_name":"Sorcerer's Apprentice","card_health":2,"card_attack":3}],"opponent_board":[{"card_name":"Injured Blademaster","card_health":7,"card_attack":4},{"card_name":"Lightwarden","card_health":2,"card_attack":5}]},{"turn":11,"cards_played":["Power Word: Shield","Sludge Belcher"],"current_player":"opponent","my_health":14,"opponent_health":30,"my_armor":0,"opponent_armor":0,"my_hand":6,"opponent_hand":3,"my_board":[{"card_name":"Sorcerer's Apprentice","card_health":2,"card_attack":3}],"opponent_board":[{"card_name":"Sludge Belcher","card_health":5,"card_attack":3},{"card_name":"Injured Blademaster","card_health":4,"card_attack":4},{"card_name":"Lightwarden","card_health":2,"card_attack":5}]},{"turn":12,"cards_played":["Flamestrike"],"current_player":"me","my_health":14,"opponent_health":30,"my_armor":0,"opponent_armor":0,"my_hand":6,"opponent_hand":3,"my_board":[],"opponent_board":[{"card_name":"Slime","card_health":2,"card_attack":1}]},{"turn":13,"cards_played":["Cabal Shadow Priest"],"current_player":"opponent","my_health":13,"opponent_health":30,"my_armor":0,"opponent_armor":0,"my_hand":6,"opponent_hand":3,"my_board":[],"opponent_board":[{"card_name":"Cabal Shadow Priest","card_health":5,"card_attack":4},{"card_name":"Slime","card_health":2,"card_attack":1}]},{"turn":14,"cards_played":["Piloted Shredder"],"current_player":"me","my_health":13,"opponent_health":30,"my_armor":0,"opponent_armor":0,"my_hand":5,"opponent_hand":3,"my_board":[{"card_name":"Piloted Shredder","card_health":3,"card_attack":4}],"opponent_board":[{"card_name":"Cabal Shadow Priest","card_health":5,"card_attack":4},{"card_name":"Slime","card_health":2,"card_attack":1}]},{"turn":15,"cards_played":[],"current_player":"opponent","my_health":8,"opponent_health":30,"my_armor":0,"opponent_armor":0,"my_hand":5,"opponent_hand":4,"my_board":[{"card_name":"Piloted Shredder","card_health":3,"card_attack":4}],"opponent_board":[{"card_name":"Cabal Shadow Priest","card_health":5,"card_attack":4},{"card_name":"Slime","card_health":2,"card_attack":1}]},{"turn":16,"cards_played":["Mana Wyrm","Acolyte of Pain","Fireball"],"current_player":"me","my_health":8,"opponent_health":30,"my_armor":0,"opponent_armor":0,"my_hand":3,"opponent_hand":4,"my_board":[{"card_name":"Acolyte of Pain","card_health":3,"card_attack":1},{"card_name":"Piloted Shredder","card_health":2,"card_attack":4},{"card_name":"Mana Wyrm","card_health":3,"card_attack":2}],"opponent_board":[]},{"turn":17,"cards_played":["Northshire Cleric","Cabal Shadow Priest"],"current_player":"opponent","my_health":8,"opponent_health":30,"my_armor":0,"opponent_armor":0,"my_hand":3,"opponent_hand":3,"my_board":[{"card_name":"Acolyte of Pain","card_health":3,"card_attack":1},{"card_name":"Piloted Shredder","card_health":2,"card_attack":4},{"card_name":"Mana Wyrm","card_health":3,"card_attack":2},{"card_name":"Northshire Cleric","card_health":3,"card_attack":1}],"opponent_board":[{"card_name":"Northshire Cleric","card_health":3,"card_attack":1},{"card_name":"Cabal Shadow Priest","card_health":5,"card_attack":4}]},{"turn":18,"cards_played":["Fireblast","Fireblast"],"current_player":"me","my_health":8,"opponent_health":30,"my_armor":0,"opponent_armor":0,"my_hand":4,"opponent_hand":3,"my_board":[{"card_name":"Acolyte of Pain","card_health":2,"card_attack":1},{"card_name":"Northshire Cleric","card_health":2,"card_attack":1},{"card_name":"Captain's Parrot","card_health":1,"card_attack":1}],"opponent_board":[{"card_name":"Cabal Shadow Priest","card_health":5,"card_attack":4}]},{"turn":19,"cards_played":[],"current_player":"opponent","my_health":4,"opponent_health":30,"my_armor":0,"opponent_armor":0,"my_hand":4,"opponent_hand":4,"my_board":[{"card_name":"Acolyte of Pain","card_health":2,"card_attack":1},{"card_name":"Northshire Cleric","card_health":2,"card_attack":1},{"card_name":"Captain's Parrot","card_health":1,"card_attack":1}],"opponent_board":[{"card_name":"Cabal Shadow Priest","card_health":5,"card_attack":4}]},{"turn":20,"cards_played":["Arcane Missiles","Fireblast","Fireblast","Piloted Shredder"],"current_player":"me","my_health":4,"opponent_health":29,"my_armor":0,"opponent_armor":0,"my_hand":4,"opponent_hand":4,"my_board":[{"card_name":"Piloted Shredder","card_health":3,"card_attack":4},{"card_name":"Acolyte of Pain","card_health":1,"card_attack":1}],"opponent_board":[]},{"turn":21,"cards_played":["Lightbomb","Lesser Heal","Lesser Heal"],"current_player":"opponent","my_health":4,"opponent_health":30,"my_armor":0,"opponent_armor":0,"my_hand":5,"opponent_hand":4,"my_board":[{"card_name":"Jungle Panther","card_health":2,"card_attack":4},{"card_name":"Nerub'ar Weblord","card_health":4,"card_attack":1}],"opponent_board":[]},{"turn":22,"cards_played":["Sludge Belcher","Fireblast","Fireblast"],"current_player":"me","my_health":4,"opponent_health":24,"my_armor":0,"opponent_armor":0,"my_hand":5,"opponent_hand":4,"my_board":[{"card_name":"Sludge Belcher","card_health":5,"card_attack":3},{"card_name":"Jungle Panther","card_health":2,"card_attack":4},{"card_name":"Nerub'ar Weblord","card_health":4,"card_attack":1}],"opponent_board":[]},{"turn":23,"cards_played":["Ysera"],"current_player":"opponent","my_health":4,"opponent_health":24,"my_armor":0,"opponent_armor":0,"my_hand":5,"opponent_hand":5,"my_board":[{"card_name":"Sludge Belcher","card_health":5,"card_attack":3},{"card_name":"Jungle Panther","card_health":2,"card_attack":4},{"card_name":"Nerub'ar Weblord","card_health":4,"card_attack":1}],"opponent_board":[{"card_name":"Ysera","card_health":12,"card_attack":4}]},{"turn":24,"cards_played":["Unstable Portal","Draenei Totemcarver","Flamecannon","Frostbolt"],"current_player":"me","my_health":4,"opponent_health":21,"my_armor":0,"opponent_armor":0,"my_hand":3,"opponent_hand":5,"my_board":[{"card_name":"Sludge Belcher","card_health":5,"card_attack":3},{"card_name":"Draenei Totemcarver","card_health":4,"card_attack":4}],"opponent_board":[]},{"turn":25,"cards_played":["Lesser Heal"],"current_player":"opponent","my_health":4,"opponent_health":23,"my_armor":0,"opponent_armor":0,"my_hand":3,"opponent_hand":6,"my_board":[{"card_name":"Sludge Belcher","card_health":5,"card_attack":3},{"card_name":"Draenei Totemcarver","card_health":4,"card_attack":4}],"opponent_board":[]},{"turn":26,"cards_played":["Alexstrasza"],"current_player":"me","my_health":4,"opponent_health":8,"my_armor":0,"opponent_armor":0,"my_hand":3,"opponent_hand":6,"my_board":[{"card_name":"Alexstrasza","card_health":8,"card_attack":8},{"card_name":"Sludge Belcher","card_health":5,"card_attack":3},{"card_name":"Draenei Totemcarver","card_health":4,"card_attack":4}],"opponent_board":[]},{"turn":27,"cards_played":["Shadow Word: Death","Dream","Wild Pyromancer","Lesser Heal","Circle of Healing"],"current_player":"opponent","my_health":4,"opponent_health":10,"my_armor":0,"opponent_armor":0,"my_hand":4,"opponent_hand":3,"my_board":[{"card_name":"Draenei Totemcarver","card_health":4,"card_attack":4}],"opponent_board":[{"card_name":"Wild Pyromancer","card_health":2,"card_attack":3}]},{"turn":28,"cards_played":["Fireblast","Fireblast","Antique Healbot"],"current_player":"me","my_health":12,"opponent_health":6,"my_armor":0,"opponent_armor":0,"my_hand":4,"opponent_hand":3,"my_board":[{"card_name":"Antique Healbot","card_health":3,"card_attack":3},{"card_name":"Draenei Totemcarver","card_health":3,"card_attack":4}],"opponent_board":[]},{"turn":29,"cards_played":["Sludge Belcher","Zombie Chow","Lesser Heal"],"current_player":"opponent","my_health":12,"opponent_health":8,"my_armor":0,"opponent_armor":0,"my_hand":4,"opponent_hand":2,"my_board":[{"card_name":"Antique Healbot","card_health":3,"card_attack":3},{"card_name":"Draenei Totemcarver","card_health":3,"card_attack":4}],"opponent_board":[{"card_name":"Zombie Chow","card_health":3,"card_attack":2},{"card_name":"Sludge Belcher","card_health":5,"card_attack":3}]},{"turn":30,"cards_played":["Fireblast","Fireblast","Sludge Belcher"],"current_player":"me","my_health":12,"opponent_health":8,"my_armor":0,"opponent_armor":0,"my_hand":4,"opponent_hand":2,"my_board":[{"card_name":"Sludge Belcher","card_health":5,"card_attack":3},{"card_name":"Antique Healbot","card_health":2,"card_attack":3}],"opponent_board":[{"card_name":"Zombie Chow","card_health":3,"card_attack":2}]},{"turn":31,"cards_played":["Dark Cultist","Lesser Heal"],"current_player":"opponent","my_health":12,"opponent_health":10,"my_armor":0,"opponent_armor":0,"my_hand":4,"opponent_hand":2,"my_board":[{"card_name":"Sludge Belcher","card_health":5,"card_attack":3},{"card_name":"Antique Healbot","card_health":2,"card_attack":3}],"opponent_board":[{"card_name":"Zombie Chow","card_health":3,"card_attack":2},{"card_name":"Dark Cultist","card_health":4,"card_attack":3}]},{"turn":32,"cards_played":["Frostbolt","Fireball"],"current_player":"me","my_health":12,"opponent_health":1,"my_armor":0,"opponent_armor":0,"my_hand":3,"opponent_hand":2,"my_board":[{"card_name":"Sludge Belcher","card_health":5,"card_attack":3},{"card_name":"Antique Healbot","card_health":2,"card_attack":3}],"opponent_board":[{"card_name":"Zombie Chow","card_health":3,"card_attack":2},{"card_name":"Dark Cultist","card_health":4,"card_attack":3}]}],"result":"victory"}