{"plays":[{"turn":1,"cards_played":[],"current_player":"me","my_health":0,"opponent_health":30,"my_armor":0,"opponent_armor":0,"my_hand":0,"opponent_hand":1,"my_board":[],"opponent_board":[]},{"turn":2,"cards_played":["Mana Wyrm","The Coin","Shielded Minibot"],"current_player":"opponent","my_health":30,"opponent_health":30,"my_armor":0,"opponent_armor":0,"my_hand":3,"opponent_hand":4,"my_board":[{"card_name":"Mana Wyrm","card_health":3,"card_attack":1}],"opponent_board":[{"card_name":"Shielded Minibot","card_health":2,"card_attack":2}]},{"turn":3,"cards_played":["Unstable Portal","Aldor Peacekeeper"],"current_player":"me","my_health":30,"opponent_health":28,"my_armor":0,"opponent_armor":0,"my_hand":3,"opponent_hand":4,"my_board":[{"card_name":"Mana Wyrm","card_health":3,"card_attack":2},{"card_name":"Aldor Peacekeeper","card_health":3,"card_attack":3}],"opponent_board":[{"card_name":"Shielded Minibot","card_health":2,"card_attack":1}]},{"turn":4,"cards_played":["Blessing of Might"],"current_player":"opponent","my_health":30,"opponent_health":28,"my_armor":0,"opponent_armor":0,"my_hand":3,"opponent_hand":4,"my_board":[{"card_name":"Aldor Peacekeeper","card_health":3,"card_attack":3}],"opponent_board":[{"card_name":"Shielded Minibot","card_health":2,"card_attack":4}]},{"turn":5,"cards_played":["Mad Scientist","Mirror Image"],"current_player":"me","my_health":30,"opponent_health":25,"my_armor":0,"opponent_armor":0,"my_hand":2,"opponent_hand":4,"my_board":[{"card_name":"Mad Scientist","card_health":2,"card_attack":2},{"card_name":"Aldor Peacekeeper","card_health":3,"card_attack":3},{"card_name":"Mirror Image","card_health":2,"card_attack":0},{"card_name":"Mirror Image","card_health":2,"card_attack":0}],"opponent_board":[{"card_name":"Shielded Minibot","card_health":2,"card_attack":4}]},{"turn":6,"cards_played":["Bluegill Warrior"],"current_player":"opponent","my_health":30,"opponent_health":25,"my_armor":0,"opponent_armor":0,"my_hand":2,"opponent_hand":4,"my_board":[{"card_name":"Mad Scientist","card_health":2,"card_attack":2},{"card_name":"Aldor Peacekeeper","card_health":3,"card_attack":3}],"opponent_board":[{"card_name":"Bluegill Warrior","card_health":1,"card_attack":2},{"card_name":"Shielded Minibot","card_health":2,"card_attack":4}]},{"turn":7,"cards_played":["Flamewaker"],"current_player":"me","my_health":30,"opponent_health":25,"my_armor":0,"opponent_armor":0,"my_hand":2,"opponent_hand":4,"my_board":[{"card_name":"Flamewaker","card_health":4,"card_attack":2},{"card_name":"Aldor Peacekeeper","card_health":1,"card_attack":3}],"opponent_board":[]},{"turn":8,"cards_played":["Reinforce"],"current_player":"opponent","my_health":30,"opponent_health":25,"my_armor":0,"opponent_armor":0,"my_hand":2,"opponent_hand":5,"my_board":[{"card_name":"Flamewaker","card_health":4,"card_attack":2},{"card_name":"Aldor Peacekeeper","card_health":1,"card_attack":3}],"opponent_board":[{"card_name":"Silver Hand Recruit","card_health":1,"card_attack":1}]},{"turn":9,"cards_played":["Arcane Intellect","Fireblast","Fireblast"],"current_player":"me","my_health":30,"opponent_health":18,"my_armor":0,"opponent_armor":0,"my_hand":4,"opponent_hand":5,"my_board":[{"card_name":"Flamewaker","card_health":4,"card_attack":2},{"card_name":"Aldor Peacekeeper","card_health":1,"card_attack":3}],"opponent_board":[]},{"turn":10,"cards_played":["Truesilver Champion"],"current_player":"opponent","my_health":30,"opponent_health":18,"my_armor":0,"opponent_armor":0,"my_hand":4,"opponent_hand":5,"my_board":[{"card_name":"Aldor Peacekeeper","card_health":1,"card_attack":3}],"opponent_board":[]},{"turn":11,"cards_played":["Azure Drake"],"current_player":"me","my_health":30,"opponent_health":15,"my_armor":0,"opponent_armor":0,"my_hand":5,"opponent_hand":5,"my_board":[{"card_name":"Azure Drake","card_health":4,"card_attack":4},{"card_name":"Aldor Peacekeeper","card_health":1,"card_attack":3}],"opponent_board":[]},{"turn":12,"cards_played":["Murloc Warleader","Bluegill Warrior"],"current_player":"opponent","my_health":30,"opponent_health":13,"my_armor":0,"opponent_armor":0,"my_hand":5,"opponent_hand":4,"my_board":[{"card_name":"Aldor Peacekeeper","card_health":1,"card_attack":3}],"opponent_board":[{"card_name":"Murloc Warleader","card_health":3,"card_attack":3}]},{"turn":13,"cards_played":["Dr. Boom"],"current_player":"me","my_health":30,"opponent_health":13,"my_armor":0,"opponent_armor":0,"my_hand":5,"opponent_hand":4,"my_board":[{"card_name":"Dr. Boom","card_health":7,"card_attack":7},{"card_name":"Boom Bot","card_health":1,"card_attack":1},{"card_name":"Boom Bot","card_health":1,"card_attack":1}],"opponent_board":[]},{"turn":14,"cards_played":["Old Murk-Eye","Coldlight Seer"],"current_player":"opponent","my_health":27,"opponent_health":13,"my_armor":0,"opponent_armor":0,"my_hand":5,"opponent_hand":3,"my_board":[{"card_name":"Dr. Boom","card_health":7,"card_attack":7},{"card_name":"Boom Bot","card_health":1,"card_attack":1},{"card_name":"Boom Bot","card_health":1,"card_attack":1}],"opponent_board":[{"card_name":"Coldlight Seer","card_health":3,"card_attack":2},{"card_name":"Old Murk-Eye","card_health":6,"card_attack":3}]},{"turn":15,"cards_played":[],"current_player":"me","my_health":27,"opponent_health":13,"my_armor":0,"opponent_armor":0,"my_hand":6,"opponent_hand":3,"my_board":[{"card_name":"Dr. Boom","card_health":7,"card_attack":7},{"card_name":"Boom Bot","card_health":1,"card_attack":1},{"card_name":"Boom Bot","card_health":1,"card_attack":1}],"opponent_board":[{"card_name":"Coldlight Seer","card_health":3,"card_attack":2},{"card_name":"Old Murk-Eye","card_health":6,"card_attack":3}]}],"result":"victory"}