{"plays":[{"turn":1,"cards_played":[],"current_player":"opponent","my_health":30,"opponent_health":0,"my_armor":0,"opponent_armor":0,"my_hand":1,"opponent_hand":0,"my_board":[],"opponent_board":[]},{"turn":2,"cards_played":[],"current_player":"me","my_health":30,"opponent_health":30,"my_armor":0,"opponent_armor":0,"my_hand":6,"opponent_hand":4,"my_board":[],"opponent_board":[]},{"turn":3,"cards_played":["Mad Scientist"],"current_player":"opponent","my_health":30,"opponent_health":30,"my_armor":0,"opponent_armor":0,"my_hand":6,"opponent_hand":4,"my_board":[],"opponent_board":[{"card_name":"Mad Scientist","card_health":2,"card_attack":2}]},{"turn":4,"cards_played":["Unstable Portal"],"current_player":"me","my_health":30,"opponent_health":30,"my_armor":0,"opponent_armor":0,"my_hand":7,"opponent_hand":4,"my_board":[],"opponent_board":[{"card_name":"Mad Scientist","card_health":2,"card_attack":2}]},{"turn":5,"cards_played":["Sorcerer's Apprentice","Leper Gnome"],"current_player":"opponent","my_health":28,"opponent_health":30,"my_armor":0,"opponent_armor":0,"my_hand":7,"opponent_hand":3,"my_board":[],"opponent_board":[{"card_name":"Leper Gnome","card_health":1,"card_attack":2},{"card_name":"Sorcerer's Apprentice","card_health":2,"card_attack":3},{"card_name":"Mad Scientist","card_health":2,"card_attack":2}]},{"turn":6,"cards_played":["Flamewaker","The Coin","Mirror Image"],"current_player":"me","my_health":28,"opponent_health":30,"my_armor":0,"opponent_armor":0,"my_hand":5,"opponent_hand":3,"my_board":[{"card_name":"Flamewaker","card_health":4,"card_attack":2},{"card_name":"Mirror Image","card_health":2,"card_attack":0},{"card_name":"Mirror Image","card_health":2,"card_attack":0}],"opponent_board":[{"card_name":"Sorcerer's Apprentice","card_health":1,"card_attack":3}]},{"turn":7,"cards_played":["Frostbolt","Fireblast","Fireblast","Leper Gnome"],"current_player":"opponent","my_health":26,"opponent_health":30,"my_armor":0,"opponent_armor":0,"my_hand":5,"opponent_hand":2,"my_board":[{"card_name":"Mirror Image","card_health":2,"card_attack":0}],"opponent_board":[{"card_name":"Sorcerer's Apprentice","card_health":1,"card_attack":3},{"card_name":"Leper Gnome","card_health":1,"card_attack":2}]},{"turn":8,"cards_played":["Sorcerer's Apprentice","Arcane Missiles","Fireblast","Fireblast"],"current_player":"me","my_health":26,"opponent_health":29,"my_armor":0,"opponent_armor":0,"my_hand":4,"opponent_hand":2,"my_board":[{"card_name":"Sorcerer's Apprentice","card_health":2,"card_attack":3},{"card_name":"Mirror Image","card_health":2,"card_attack":0}],"opponent_board":[{"card_name":"Leper Gnome","card_health":1,"card_attack":2}]},{"turn":9,"cards_played":["Sorcerer's Apprentice","Arcane Missiles","Knife Juggler"],"current_player":"opponent","my_health":25,"opponent_health":29,"my_armor":0,"opponent_armor":0,"my_hand":4,"opponent_hand":0,"my_board":[],"opponent_board":[{"card_name":"Sorcerer's Apprentice","card_health":2,"card_attack":3},{"card_name":"Leper Gnome","card_health":1,"card_attack":2},{"card_name":"Knife Juggler","card_health":2,"card_attack":3}]},{"turn":10,"cards_played":["Mad Scientist","Mad Scientist"],"current_player":"me","my_health":25,"opponent_health":29,"my_armor":0,"opponent_armor":0,"my_hand":3,"opponent_hand":0,"my_board":[{"card_name":"Mad Scientist","card_health":2,"card_attack":2},{"card_name":"Mad Scientist","card_health":2,"card_attack":2}],"opponent_board":[{"card_name":"Sorcerer's Apprentice","card_health":2,"card_attack":3},{"card_name":"Leper Gnome","card_health":1,"card_attack":2},{"card_name":"Knife Juggler","card_health":2,"card_attack":3}]},{"turn":11,"cards_played":["Knife Juggler","Fireblast","Fireblast"],"current_player":"opponent","my_health":17,"opponent_health":29,"my_armor":0,"opponent_armor":0,"my_hand":3,"opponent_hand":0,"my_board":[],"opponent_board":[{"card_name":"Sorcerer's Apprentice","card_health":2,"card_attack":3},{"card_name":"Knife Juggler","card_health":2,"card_attack":3},{"card_name":"Knife Juggler","card_health":2,"card_attack":3}]},{"turn":12,"cards_played":["Azure Drake","Arcane Missiles"],"current_player":"me","my_health":17,"opponent_health":28,"my_armor":0,"opponent_armor":0,"my_hand":3,"opponent_hand":0,"my_board":[{"card_name":"Azure Drake","card_health":4,"card_attack":4}],"opponent_board":[{"card_name":"Knife Juggler","card_health":1,"card_attack":3},{"card_name":"Knife Juggler","card_health":2,"card_attack":3}]},{"turn":13,"cards_played":["Fireblast","Fireblast","Ice Lance"],"current_player":"opponent","my_health":10,"opponent_health":28,"my_armor":0,"opponent_armor":0,"my_hand":3,"opponent_hand":0,"my_board":[{"card_name":"Azure Drake","card_health":4,"card_attack":4}],"opponent_board":[{"card_name":"Knife Juggler","card_health":1,"card_attack":3},{"card_name":"Knife Juggler","card_health":2,"card_attack":3}]},{"turn":14,"cards_played":["Flamewaker","Fireball"],"current_player":"me","my_health":10,"opponent_health":27,"my_armor":0,"opponent_armor":0,"my_hand":2,"opponent_hand":0,"my_board":[{"card_name":"Flamewaker","card_health":4,"card_attack":2},{"card_name":"Azure Drake","card_health":4,"card_attack":4}],"opponent_board":[]},{"turn":15,"cards_played":["Frostbolt","Fireblast"],"current_player":"opponent","my_health":6,"opponent_health":27,"my_armor":0,"opponent_armor":0,"my_hand":2,"opponent_hand":0,"my_board":[{"card_name":"Flamewaker","card_health":4,"card_attack":2},{"card_name":"Azure Drake","card_health":4,"card_attack":4}],"opponent_board":[]},{"turn":16,"cards_played":["Unstable Portal","Water Elemental","Fireblast","Fireblast"],"current_player":"me","my_health":6,"opponent_health":18,"my_armor":0,"opponent_armor":0,"my_hand":2,"opponent_hand":0,"my_board":[{"card_name":"Flamewaker","card_health":4,"card_attack":2},{"card_name":"Azure Drake","card_health":4,"card_attack":4},{"card_name":"Water Elemental","card_health":6,"card_attack":3}],"opponent_board":[]},{"turn":17,"cards_played":["Fireblast"],"current_player":"opponent","my_health":5,"opponent_health":18,"my_armor":0,"opponent_armor":0,"my_hand":2,"opponent_hand":1,"my_board":[{"card_name":"Flamewaker","card_health":4,"card_attack":2},{"card_name":"Azure Drake","card_health":4,"card_attack":4},{"card_name":"Water Elemental","card_health":6,"card_attack":3}],"opponent_board":[]},{"turn":18,"cards_played":["Azure Drake","Fireblast"],"current_player":"me","my_health":5,"opponent_health":8,"my_armor":0,"opponent_armor":0,"my_hand":3,"opponent_hand":1,"my_board":[{"card_name":"Azure Drake","card_health":4,"card_attack":4},{"card_name":"Flamewaker","card_health":4,"card_attack":2},{"card_name":"Azure Drake","card_health":4,"card_attack":4},{"card_name":"Water Elemental","card_health":6,"card_attack":3}],"opponent_board":[]},{"turn":19,"cards_played":["Ice Lance","Fireblast","Fireblast"],"current_player":"opponent","my_health":5,"opponent_health":3,"my_armor":0,"opponent_armor":0,"my_hand":3,"opponent_hand":1,"my_board":[{"card_name":"Azure Drake","card_health":4,"card_attack":4},{"card_name":"Flamewaker","card_health":4,"card_attack":2},{"card_name":"Azure Drake","card_health":4,"card_attack":4},{"card_name":"Water Elemental","card_health":6,"card_attack":3}],"opponent_board":[]}],"result":"victory"}