{"plays":[{"turn":1,"cards_played":[],"current_player":"opponent","my_health":30,"opponent_health":0,"my_armor":0,"opponent_armor":0,"my_hand":1,"opponent_hand":0,"my_board":[],"opponent_board":[]},{"turn":2,"cards_played":["Zombie Chow"],"current_player":"opponent","my_health":30,"opponent_health":30,"my_armor":0,"opponent_armor":0,"my_hand":3,"opponent_hand":6,"my_board":[{"card_name":"Zombie Chow","card_health":3,"card_attack":2}],"opponent_board":[]},{"turn":3,"cards_played":["Mad Scientist"],"current_player":"me","my_health":30,"opponent_health":28,"my_armor":0,"opponent_armor":0,"my_hand":3,"opponent_hand":6,"my_board":[{"card_name":"Mad Scientist","card_health":2,"card_attack":2},{"card_name":"Zombie Chow","card_health":3,"card_attack":2}],"opponent_board":[]},{"turn":4,"cards_played":["Knife Juggler"],"current_player":"opponent","my_health":30,"opponent_health":28,"my_armor":0,"opponent_armor":0,"my_hand":3,"opponent_hand":6,"my_board":[{"card_name":"Mad Scientist","card_health":2,"card_attack":2},{"card_name":"Zombie Chow","card_health":3,"card_attack":2}],"opponent_board":[{"card_name":"Knife Juggler","card_health":2,"card_attack":3}]},{"turn":5,"cards_played":["Acolyte of Pain"],"current_player":"me","my_health":30,"opponent_health":28,"my_armor":0,"opponent_armor":0,"my_hand":3,"opponent_hand":6,"my_board":[{"card_name":"Mad Scientist","card_health":2,"card_attack":2},{"card_name":"Acolyte of Pain","card_health":3,"card_attack":1}],"opponent_board":[]},{"turn":6,"cards_played":["The Coin","Piloted Shredder"],"current_player":"opponent","my_health":30,"opponent_health":28,"my_armor":0,"opponent_armor":0,"my_hand":3,"opponent_hand":5,"my_board":[{"card_name":"Mad Scientist","card_health":2,"card_attack":2},{"card_name":"Acolyte of Pain","card_health":3,"card_attack":1}],"opponent_board":[{"card_name":"Piloted Shredder","card_health":3,"card_attack":4}]},{"turn":7,"cards_played":["Flamecannon","Fireblast","Fireblast"],"current_player":"me","my_health":30,"opponent_health":27,"my_armor":0,"opponent_armor":0,"my_hand":4,"opponent_hand":5,"my_board":[{"card_name":"Acolyte of Pain","card_health":2,"card_attack":1}],"opponent_board":[]},{"turn":8,"cards_played":["Shielded Minibot","Reinforce"],"current_player":"opponent","my_health":30,"opponent_health":27,"my_armor":0,"opponent_armor":0,"my_hand":4,"opponent_hand":5,"my_board":[{"card_name":"Acolyte of Pain","card_health":2,"card_attack":1}],"opponent_board":[{"card_name":"Shielded Minibot","card_health":2,"card_attack":2},{"card_name":"Silver Hand Recruit","card_health":1,"card_attack":1}]},{"turn":9,"cards_played":["Sludge Belcher"],"current_player":"me","my_health":30,"opponent_health":27,"my_armor":0,"opponent_armor":0,"my_hand":5,"opponent_hand":5,"my_board":[{"card_name":"Sludge Belcher","card_health":5,"card_attack":3},{"card_name":"Acolyte of Pain","card_health":1,"card_attack":1}],"opponent_board":[{"card_name":"Shielded Minibot","card_health":2,"card_attack":2}]},{"turn":10,"cards_played":["Truesilver Champion"],"current_player":"opponent","my_health":30,"opponent_health":26,"my_armor":0,"opponent_armor":0,"my_hand":7,"opponent_hand":5,"my_board":[{"card_name":"Acolyte of Pain","card_health":1,"card_attack":1},{"card_name":"Slime","card_health":2,"card_attack":1}],"opponent_board":[{"card_name":"Shielded Minibot","card_health":2,"card_attack":2}]},{"turn":11,"cards_played":["Sludge Belcher","Mana Wyrm"],"current_player":"me","my_health":30,"opponent_health":26,"my_armor":0,"opponent_armor":0,"my_hand":7,"opponent_hand":5,"my_board":[{"card_name":"Mana Wyrm","card_health":3,"card_attack":1},{"card_name":"Sludge Belcher","card_health":5,"card_attack":3}],"opponent_board":[]},{"turn":12,"cards_played":["Murloc Knight","Reinforce"],"current_player":"opponent","my_health":30,"opponent_health":26,"my_armor":0,"opponent_armor":0,"my_hand":7,"opponent_hand":5,"my_board":[{"card_name":"Mana Wyrm","card_health":3,"card_attack":1},{"card_name":"Sludge Belcher","card_health":5,"card_attack":3}],"opponent_board":[{"card_name":"Murloc Knight","card_health":4,"card_attack":3},{"card_name":"Silver Hand Recruit","card_health":1,"card_attack":1},{"card_name":"Coldlight Oracle","card_health":2,"card_attack":2}]},{"turn":13,"cards_played":["Flamestrike"],"current_player":"me","my_health":30,"opponent_health":21,"my_armor":0,"opponent_armor":0,"my_hand":7,"opponent_hand":5,"my_board":[{"card_name":"Mana Wyrm","card_health":3,"card_attack":2},{"card_name":"Sludge Belcher","card_health":5,"card_attack":3}],"opponent_board":[]},{"turn":14,"cards_played":["Knife Juggler","Harrison Jones"],"current_player":"opponent","my_health":30,"opponent_health":21,"my_armor":0,"opponent_armor":0,"my_hand":7,"opponent_hand":4,"my_board":[{"card_name":"Mana Wyrm","card_health":3,"card_attack":2},{"card_name":"Sludge Belcher","card_health":5,"card_attack":3}],"opponent_board":[{"card_name":"Knife Juggler","card_health":2,"card_attack":3},{"card_name":"Harrison Jones","card_health":4,"card_attack":5}]},{"turn":15,"cards_played":["Mana Wyrm","Unstable Portal","Fireblast","Fireblast"],"current_player":"me","my_health":30,"opponent_health":20,"my_armor":0,"opponent_armor":0,"my_hand":6,"opponent_hand":4,"my_board":[{"card_name":"Mana Wyrm","card_health":3,"card_attack":3},{"card_name":"Sludge Belcher","card_health":2,"card_attack":3}],"opponent_board":[]},{"turn":16,"cards_played":["Ironbeak Owl","Justicar Trueheart"],"current_player":"opponent","my_health":30,"opponent_health":19,"my_armor":0,"opponent_armor":0,"my_hand":6,"opponent_hand":3,"my_board":[{"card_name":"Sludge Belcher","card_health":2,"card_attack":3},{"card_name":"Ironbeak Owl","card_health":1,"card_attack":2}],"opponent_board":[{"card_name":"Ironbeak Owl","card_health":1,"card_attack":2},{"card_name":"Justicar Trueheart","card_health":3,"card_attack":6}]},{"turn":17,"cards_played":["Grove Tender","Fireblast","Fireblast","Ragnaros the Firelord"],"current_player":"me","my_health":30,"opponent_health":17,"my_armor":0,"opponent_armor":0,"my_hand":5,"opponent_hand":3,"my_board":[{"card_name":"Ragnaros the Firelord","card_health":8,"card_attack":8},{"card_name":"Grove Tender","card_health":4,"card_attack":2},{"card_name":"Ironbeak Owl","card_health":1,"card_attack":2}],"opponent_board":[]},{"turn":18,"cards_played":["Big Game Hunter","Truesilver Champion","The Silver Hand"],"current_player":"opponent","my_health":30,"opponent_health":9,"my_armor":0,"opponent_armor":0,"my_hand":5,"opponent_hand":2,"my_board":[{"card_name":"Ironbeak Owl","card_health":1,"card_attack":2}],"opponent_board":[{"card_name":"Big Game Hunter","card_health":2,"card_attack":4},{"card_name":"Silver Hand Recruit","card_health":1,"card_attack":1},{"card_name":"Silver Hand Recruit","card_health":1,"card_attack":1}]},{"turn":19,"cards_played":["Sludge Belcher","Water Elemental"],"current_player":"me","my_health":30,"opponent_health":9,"my_armor":0,"opponent_armor":0,"my_hand":4,"opponent_hand":2,"my_board":[{"card_name":"Water Elemental","card_health":6,"card_attack":3},{"card_name":"Sludge Belcher","card_health":5,"card_attack":3}],"opponent_board":[{"card_name":"Silver Hand Recruit","card_health":1,"card_attack":1},{"card_name":"Silver Hand Recruit","card_health":1,"card_attack":1}]},{"turn":20,"cards_played":["Sludge Belcher","The Silver Hand"],"current_player":"opponent","my_health":30,"opponent_health":8,"my_armor":0,"opponent_armor":0,"my_hand":4,"opponent_hand":2,"my_board":[{"card_name":"Water Elemental","card_health":6,"card_attack":3},{"card_name":"Slime","card_health":2,"card_attack":1}],"opponent_board":[{"card_name":"Sludge Belcher","card_health":5,"card_attack":3},{"card_name":"Silver Hand Recruit","card_health":1,"card_attack":1},{"card_name":"Silver Hand Recruit","card_health":1,"card_attack":1},{"card_name":"Silver Hand Recruit","card_health":1,"card_attack":1}]},{"turn":21,"cards_played":["Polymorph","Fireblast","Fireblast"],"current_player":"me","my_health":30,"opponent_health":4,"my_armor":0,"opponent_armor":0,"my_hand":3,"opponent_hand":2,"my_board":[{"card_name":"Water Elemental","card_health":6,"card_attack":3},{"card_name":"Slime","card_health":2,"card_attack":1}],"opponent_board":[{"card_name":"Silver Hand Recruit","card_health":1,"card_attack":1},{"card_name":"Silver Hand Recruit","card_health":1,"card_attack":1},{"card_name":"Sheep","card_health":1,"card_attack":1}]},{"turn":22,"cards_played":["Equality","The Silver Hand","Quartermaster"],"current_player":"opponent","my_health":30,"opponent_health":4,"my_armor":5,"opponent_armor":0,"my_hand":3,"opponent_hand":1,"my_board":[],"opponent_board":[{"card_name":"Quartermaster","card_health":5,"card_attack":2},{"card_name":"Silver Hand Recruit","card_health":3,"card_attack":3},{"card_name":"Silver Hand Recruit","card_health":2,"card_attack":3},{"card_name":"Silver Hand Recruit","card_health":3,"card_attack":3},{"card_name":"Silver Hand Recruit","card_health":3,"card_attack":3}]},{"turn":23,"cards_played":["Fireblast","Fireblast","Frostbolt"],"current_player":"me","my_health":30,"opponent_health":0,"my_armor":5,"opponent_armor":0,"my_hand":2,"opponent_hand":1,"my_board":[],"opponent_board":[{"card_name":"Quartermaster","card_health":5,"card_attack":2},{"card_name":"Silver Hand Recruit","card_health":3,"card_attack":3},{"card_name":"Silver Hand Recruit","card_health":2,"card_attack":3},{"card_name":"Silver Hand Recruit","card_health":3,"card_attack":3},{"card_name":"Silver Hand Recruit","card_health":3,"card_attack":3}]}],"result":"victory"}