{"plays":[{"turn":1,"cards_played":[],"current_player":"opponent","my_health":30,"opponent_health":0,"my_armor":0,"opponent_armor":0,"my_hand":1,"opponent_hand":0,"my_board":[],"opponent_board":[]},{"turn":2,"cards_played":["Mana Wyrm"],"current_player":"opponent","my_health":30,"opponent_health":30,"my_armor":0,"opponent_armor":0,"my_hand":3,"opponent_hand":5,"my_board":[{"card_name":"Mana Wyrm","card_health":3,"card_attack":1}],"opponent_board":[]},{"turn":3,"cards_played":["Fireblast","Fireblast"],"current_player":"me","my_health":30,"opponent_health":28,"my_armor":0,"opponent_armor":0,"my_hand":4,"opponent_hand":5,"my_board":[{"card_name":"Mana Wyrm","card_health":3,"card_attack":1}],"opponent_board":[]},{"turn":4,"cards_played":["The Coin","Ogre Brute"],"current_player":"opponent","my_health":30,"opponent_health":28,"my_armor":0,"opponent_armor":0,"my_hand":4,"opponent_hand":4,"my_board":[{"card_name":"Mana Wyrm","card_health":3,"card_attack":1}],"opponent_board":[{"card_name":"Ogre Brute","card_health":4,"card_attack":4}]},{"turn":5,"cards_played":["Acolyte of Pain"],"current_player":"me","my_health":30,"opponent_health":27,"my_armor":0,"opponent_armor":0,"my_hand":4,"opponent_hand":4,"my_board":[{"card_name":"Mana Wyrm","card_health":3,"card_attack":1},{"card_name":"Acolyte of Pain","card_health":3,"card_attack":1}],"opponent_board":[{"card_name":"Ogre Brute","card_health":4,"card_attack":4}]},{"turn":6,"cards_played":["Reinforce"],"current_player":"opponent","my_health":30,"opponent_health":27,"my_armor":0,"opponent_armor":0,"my_hand":5,"opponent_hand":5,"my_board":[{"card_name":"Mana Wyrm","card_health":3,"card_attack":1}],"opponent_board":[{"card_name":"Ogre Brute","card_health":4,"card_attack":5},{"card_name":"Silver Hand Recruit","card_health":1,"card_attack":1}]},{"turn":7,"cards_played":["Piloted Shredder"],"current_player":"me","my_health":30,"opponent_health":27,"my_armor":0,"opponent_armor":0,"my_hand":5,"opponent_hand":5,"my_board":[{"card_name":"Mana Wyrm","card_health":2,"card_attack":1},{"card_name":"Piloted Shredder","card_health":3,"card_attack":4}],"opponent_board":[{"card_name":"Ogre Brute","card_health":4,"card_attack":5}]},{"turn":8,"cards_played":["Ironbeak Owl","Seal of Light"],"current_player":"opponent","my_health":25,"opponent_health":29,"my_armor":0,"opponent_armor":0,"my_hand":5,"opponent_hand":4,"my_board":[{"card_name":"Piloted Shredder","card_health":3,"card_attack":4}],"opponent_board":[{"card_name":"Ogre Brute","card_health":4,"card_attack":5},{"card_name":"Ironbeak Owl","card_health":1,"card_attack":2}]},{"turn":9,"cards_played":["Bomb Lobber"],"current_player":"me","my_health":25,"opponent_health":29,"my_armor":0,"opponent_armor":0,"my_hand":5,"opponent_hand":4,"my_board":[{"card_name":"Bomb Lobber","card_health":3,"card_attack":3},{"card_name":"Piloted Shredder","card_health":1,"card_attack":4}],"opponent_board":[]},{"turn":10,"cards_played":["Burly Rockjaw Trogg"],"current_player":"opponent","my_health":25,"opponent_health":29,"my_armor":0,"opponent_armor":0,"my_hand":5,"opponent_hand":4,"my_board":[{"card_name":"Bomb Lobber","card_health":3,"card_attack":3},{"card_name":"Piloted Shredder","card_health":1,"card_attack":4}],"opponent_board":[{"card_name":"Burly Rockjaw Trogg","card_health":5,"card_attack":3}]},{"turn":11,"cards_played":["Fireblast","Fireblast"],"current_player":"me","my_health":25,"opponent_health":26,"my_armor":0,"opponent_armor":0,"my_hand":5,"opponent_hand":4,"my_board":[{"card_name":"Bomb Lobber","card_health":3,"card_attack":3}],"opponent_board":[]},{"turn":12,"cards_played":["Kezan Mystic","Bluegill Warrior"],"current_player":"opponent","my_health":23,"opponent_health":26,"my_armor":0,"opponent_armor":0,"my_hand":5,"opponent_hand":3,"my_board":[{"card_name":"Bomb Lobber","card_health":3,"card_attack":3}],"opponent_board":[{"card_name":"Kezan Mystic","card_health":3,"card_attack":4},{"card_name":"Bluegill Warrior","card_health":1,"card_attack":2}]},{"turn":13,"cards_played":["Kvaldir Raider","Fireblast","Fireblast"],"current_player":"me","my_health":23,"opponent_health":26,"my_armor":0,"opponent_armor":0,"my_hand":5,"opponent_hand":3,"my_board":[{"card_name":"Kvaldir Raider","card_health":6,"card_attack":6},{"card_name":"Bomb Lobber","card_health":1,"card_attack":3}],"opponent_board":[{"card_name":"Kezan Mystic","card_health":3,"card_attack":4}]},{"turn":14,"cards_played":["Spellbreaker","Reinforce"],"current_player":"opponent","my_health":23,"opponent_health":26,"my_armor":0,"opponent_armor":0,"my_hand":5,"opponent_hand":3,"my_board":[{"card_name":"Bomb Lobber","card_health":1,"card_attack":3}],"opponent_board":[{"card_name":"Spellbreaker","card_health":3,"card_attack":4},{"card_name":"Silver Hand Recruit","card_health":1,"card_attack":1}]},{"turn":15,"cards_played":["Silver Hand Knight","Fireblast","Fireblast","Zombie Chow"],"current_player":"me","my_health":23,"opponent_health":26,"my_armor":0,"opponent_armor":0,"my_hand":4,"opponent_hand":3,"my_board":[{"card_name":"Zombie Chow","card_health":3,"card_attack":2},{"card_name":"Silver Hand Knight","card_health":4,"card_attack":4},{"card_name":"Squire","card_health":2,"card_attack":2}],"opponent_board":[]},{"turn":16,"cards_played":["Murloc Knight","Reinforce"],"current_player":"opponent","my_health":23,"opponent_health":26,"my_armor":0,"opponent_armor":0,"my_hand":4,"opponent_hand":3,"my_board":[{"card_name":"Zombie Chow","card_health":3,"card_attack":2},{"card_name":"Silver Hand Knight","card_health":4,"card_attack":4},{"card_name":"Squire","card_health":2,"card_attack":2}],"opponent_board":[{"card_name":"Murloc Knight","card_health":4,"card_attack":3},{"card_name":"Silver Hand Recruit","card_health":1,"card_attack":1},{"card_name":"Murloc Knight","card_health":4,"card_attack":3}]},{"turn":17,"cards_played":["Flamestrike","Fireblast","Fireblast"],"current_player":"me","my_health":23,"opponent_health":17,"my_armor":0,"opponent_armor":0,"my_hand":4,"opponent_hand":3,"my_board":[{"card_name":"Zombie Chow","card_health":3,"card_attack":2},{"card_name":"Silver Hand Knight","card_health":4,"card_attack":4},{"card_name":"Squire","card_health":2,"card_attack":2}],"opponent_board":[]},{"turn":18,"cards_played":["Argent Commander","Argent Protector"],"current_player":"opponent","my_health":23,"opponent_health":17,"my_armor":0,"opponent_armor":0,"my_hand":4,"opponent_hand":2,"my_board":[{"card_name":"Zombie Chow","card_health":3,"card_attack":2},{"card_name":"Squire","card_health":2,"card_attack":2}],"opponent_board":[{"card_name":"Argent Protector","card_health":2,"card_attack":2},{"card_name":"Argent Commander","card_health":2,"card_attack":4}]},{"turn":19,"cards_played":["Fireblast","Fireblast","Blackwing Corruptor","Mirror Image"],"current_player":"me","my_health":23,"opponent_health":17,"my_armor":0,"opponent_armor":0,"my_hand":3,"opponent_hand":2,"my_board":[{"card_name":"Blackwing Corruptor","card_health":4,"card_attack":5},{"card_name":"Zombie Chow","card_health":1,"card_attack":2},{"card_name":"Mirror Image","card_health":2,"card_attack":0},{"card_name":"Mirror Image","card_health":2,"card_attack":0}],"opponent_board":[]},{"turn":20,"cards_played":["Reinforce","Defender of Argus","Seal of Champions"],"current_player":"opponent","my_health":23,"opponent_health":17,"my_armor":0,"opponent_armor":0,"my_hand":3,"opponent_hand":1,"my_board":[{"card_name":"Blackwing Corruptor","card_health":4,"card_attack":5},{"card_name":"Zombie Chow","card_health":1,"card_attack":2},{"card_name":"Mirror Image","card_health":2,"card_attack":0},{"card_name":"Mirror Image","card_health":2,"card_attack":0}],"opponent_board":[{"card_name":"Defender of Argus","card_health":3,"card_attack":2},{"card_name":"Silver Hand Recruit","card_health":2,"card_attack":2}]},{"turn":21,"cards_played":["Mana Wyrm","Fireblast","Fireblast","Frost Elemental"],"current_player":"me","my_health":23,"opponent_health":17,"my_armor":0,"opponent_armor":0,"my_hand":2,"opponent_hand":1,"my_board":[{"card_name":"Blackwing Corruptor","card_health":4,"card_attack":5},{"card_name":"Mana Wyrm","card_health":3,"card_attack":1},{"card_name":"Frost Elemental","card_health":5,"card_attack":5},{"card_name":"Mirror Image","card_health":2,"card_attack":0},{"card_name":"Mirror Image","card_health":2,"card_attack":0}],"opponent_board":[{"card_name":"Defender of Argus","card_health":3,"card_attack":2}]},{"turn":22,"cards_played":["Reckless Rocketeer","Reinforce"],"current_player":"opponent","my_health":23,"opponent_health":17,"my_armor":0,"opponent_armor":0,"my_hand":2,"opponent_hand":0,"my_board":[{"card_name":"Blackwing Corruptor","card_health":4,"card_attack":5},{"card_name":"Mana Wyrm","card_health":3,"card_attack":1},{"card_name":"Frost Elemental","card_health":5,"card_attack":5},{"card_name":"Mirror Image","card_health":2,"card_attack":0}],"opponent_board":[{"card_name":"Reckless Rocketeer","card_health":2,"card_attack":5},{"card_name":"Defender of Argus","card_health":3,"card_attack":2},{"card_name":"Silver Hand Recruit","card_health":1,"card_attack":1}]},{"turn":23,"cards_played":["Fireblast","Fireblast","Amani Berserker","Dragon's Breath"],"current_player":"me","my_health":23,"opponent_health":5,"my_armor":0,"opponent_armor":0,"my_hand":1,"opponent_hand":0,"my_board":[{"card_name":"Blackwing Corruptor","card_health":4,"card_attack":5},{"card_name":"Mana Wyrm","card_health":3,"card_attack":2},{"card_name":"Frost Elemental","card_health":5,"card_attack":5},{"card_name":"Amani Berserker","card_health":3,"card_attack":2},{"card_name":"Mirror Image","card_health":2,"card_attack":0}],"opponent_board":[{"card_name":"Defender of Argus","card_health":5,"card_attack":5}]},{"turn":24,"cards_played":["North Sea Kraken"],"current_player":"opponent","my_health":23,"opponent_health":5,"my_armor":0,"opponent_armor":0,"my_hand":1,"opponent_hand":0,"my_board":[{"card_name":"Mana Wyrm","card_health":3,"card_attack":2},{"card_name":"Frost Elemental","card_health":5,"card_attack":5},{"card_name":"Amani Berserker","card_health":3,"card_attack":2}],"opponent_board":[{"card_name":"North Sea Kraken","card_health":7,"card_attack":9},{"card_name":"Defender of Argus","card_health":5,"card_attack":5}]},{"turn":25,"cards_played":[],"current_player":"me","my_health":23,"opponent_health":5,"my_armor":0,"opponent_armor":0,"my_hand":2,"opponent_hand":0,"my_board":[{"card_name":"Mana Wyrm","card_health":3,"card_attack":2},{"card_name":"Frost Elemental","card_health":5,"card_attack":5},{"card_name":"Amani Berserker","card_health":3,"card_attack":2}],"opponent_board":[{"card_name":"North Sea Kraken","card_health":7,"card_attack":9},{"card_name":"Defender of Argus","card_health":5,"card_attack":5}]}],"result":"victory"}