{"plays":[{"turn":1,"cards_played":[],"current_player":"me","my_health":0,"opponent_health":30,"my_armor":0,"opponent_armor":0,"my_hand":0,"opponent_hand":1,"my_board":[],"opponent_board":[]},{"turn":2,"cards_played":["Leper Gnome","The Coin","Mad Scientist"],"current_player":"me","my_health":30,"opponent_health":30,"my_armor":0,"opponent_armor":0,"my_hand":4,"opponent_hand":3,"my_board":[{"card_name":"Mad Scientist","card_health":2,"card_attack":2}],"opponent_board":[{"card_name":"Leper Gnome","card_health":1,"card_attack":2}]},{"turn":3,"cards_played":["Haunted Creeper"],"current_player":"opponent","my_health":28,"opponent_health":30,"my_armor":0,"opponent_armor":0,"my_hand":4,"opponent_hand":3,"my_board":[{"card_name":"Mad Scientist","card_health":2,"card_attack":2}],"opponent_board":[{"card_name":"Haunted Creeper","card_health":2,"card_attack":1},{"card_name":"Leper Gnome","card_health":1,"card_attack":2}]},{"turn":4,"cards_played":["Fireblast","Fireblast"],"current_player":"me","my_health":26,"opponent_health":28,"my_armor":0,"opponent_armor":0,"my_hand":5,"opponent_hand":3,"my_board":[{"card_name":"Mad Scientist","card_health":2,"card_attack":2}],"opponent_board":[{"card_name":"Haunted Creeper","card_health":2,"card_attack":1}]},{"turn":5,"cards_played":["Leper Gnome","Steady Shot"],"current_player":"opponent","my_health":23,"opponent_health":28,"my_armor":0,"opponent_armor":0,"my_hand":5,"opponent_hand":3,"my_board":[{"card_name":"Mad Scientist","card_health":2,"card_attack":2}],"opponent_board":[{"card_name":"Leper Gnome","card_health":1,"card_attack":2},{"card_name":"Haunted Creeper","card_health":2,"card_attack":1}]},{"turn":6,"cards_played":["Fireblast","Fireblast"],"current_player":"me","my_health":21,"opponent_health":26,"my_armor":0,"opponent_armor":0,"my_hand":6,"opponent_hand":3,"my_board":[{"card_name":"Mad Scientist","card_health":2,"card_attack":2}],"opponent_board":[{"card_name":"Haunted Creeper","card_health":2,"card_attack":1}]},{"turn":7,"cards_played":["Animal Companion"],"current_player":"opponent","my_health":21,"opponent_health":26,"my_armor":0,"opponent_armor":0,"my_hand":6,"opponent_hand":3,"my_board":[],"opponent_board":[{"card_name":"Leokk","card_health":4,"card_attack":2},{"card_name":"Spectral Spider","card_health":1,"card_attack":1},{"card_name":"Spectral Spider","card_health":1,"card_attack":1}]},{"turn":8,"cards_played":["Flamewaker","Arcane Missiles"],"current_player":"me","my_health":21,"opponent_health":26,"my_armor":0,"opponent_armor":0,"my_hand":5,"opponent_hand":3,"my_board":[{"card_name":"Flamewaker","card_health":4,"card_attack":2}],"opponent_board":[{"card_name":"Leokk","card_health":4,"card_attack":2},{"card_name":"Spectral Spider","card_health":1,"card_attack":2},{"card_name":"Spectral Spider","card_health":1,"card_attack":2}]},{"turn":9,"cards_played":["Eaglehorn Bow","Steady Shot"],"current_player":"opponent","my_health":14,"opponent_health":23,"my_armor":0,"opponent_armor":0,"my_hand":5,"opponent_hand":3,"my_board":[],"opponent_board":[{"card_name":"Leokk","card_health":2,"card_attack":2}]},{"turn":10,"cards_played":["Azure Drake"],"current_player":"me","my_health":14,"opponent_health":23,"my_armor":0,"opponent_armor":0,"my_hand":6,"opponent_hand":3,"my_board":[{"card_name":"Azure Drake","card_health":4,"card_attack":4}],"opponent_board":[{"card_name":"Leokk","card_health":2,"card_attack":2}]},{"turn":11,"cards_played":["Animal Companion","Steady Shot"],"current_player":"opponent","my_health":2,"opponent_health":23,"my_armor":0,"opponent_armor":0,"my_hand":6,"opponent_hand":3,"my_board":[{"card_name":"Azure Drake","card_health":4,"card_attack":4}],"opponent_board":[{"card_name":"Leokk","card_health":2,"card_attack":2},{"card_name":"Huffer","card_health":2,"card_attack":5}]},{"turn":12,"cards_played":[],"current_player":"me","my_health":2,"opponent_health":23,"my_armor":0,"opponent_armor":0,"my_hand":7,"opponent_hand":3,"my_board":[{"card_name":"Azure Drake","card_health":4,"card_attack":4}],"opponent_board":[{"card_name":"Leokk","card_health":2,"card_attack":2},{"card_name":"Huffer","card_health":2,"card_attack":5}]}],"result":"defeat"}