{"plays":[{"turn":1,"cards_played":[],"current_player":"me","my_health":0,"opponent_health":30,"my_armor":0,"opponent_armor":0,"my_hand":0,"opponent_hand":1,"my_board":[],"opponent_board":[]},{"turn":2,"cards_played":["Mana Wyrm"],"current_player":"me","my_health":30,"opponent_health":30,"my_armor":0,"opponent_armor":0,"my_hand":5,"opponent_hand":4,"my_board":[{"card_name":"Mana Wyrm","card_health":3,"card_attack":1}],"opponent_board":[]},{"turn":3,"cards_played":["Fireblast","Fireblast"],"current_player":"opponent","my_health":30,"opponent_health":30,"my_armor":0,"opponent_armor":0,"my_hand":5,"opponent_hand":5,"my_board":[{"card_name":"Mana Wyrm","card_health":2,"card_attack":1}],"opponent_board":[]},{"turn":4,"cards_played":["Mad Scientist"],"current_player":"me","my_health":30,"opponent_health":29,"my_armor":0,"opponent_armor":0,"my_hand":5,"opponent_hand":5,"my_board":[{"card_name":"Mad Scientist","card_health":2,"card_attack":2},{"card_name":"Mana Wyrm","card_health":2,"card_attack":1}],"opponent_board":[]},{"turn":5,"cards_played":["Arcane Intellect"],"current_player":"opponent","my_health":30,"opponent_health":29,"my_armor":0,"opponent_armor":0,"my_hand":5,"opponent_hand":7,"my_board":[{"card_name":"Mad Scientist","card_health":2,"card_attack":2},{"card_name":"Mana Wyrm","card_health":2,"card_attack":1}],"opponent_board":[]},{"turn":6,"cards_played":["Mad Scientist"],"current_player":"me","my_health":30,"opponent_health":26,"my_armor":0,"opponent_armor":0,"my_hand":5,"opponent_hand":7,"my_board":[{"card_name":"Mad Scientist","card_health":2,"card_attack":2},{"card_name":"Mad Scientist","card_health":2,"card_attack":2},{"card_name":"Mana Wyrm","card_health":2,"card_attack":1}],"opponent_board":[]},{"turn":7,"cards_played":["Blackwing Technician"],"current_player":"opponent","my_health":30,"opponent_health":26,"my_armor":0,"opponent_armor":0,"my_hand":5,"opponent_hand":7,"my_board":[{"card_name":"Mad Scientist","card_health":2,"card_attack":2},{"card_name":"Mad Scientist","card_health":2,"card_attack":2},{"card_name":"Mana Wyrm","card_health":2,"card_attack":1}],"opponent_board":[{"card_name":"Blackwing Technician","card_health":4,"card_attack":2}]},{"turn":8,"cards_played":["Sorcerer's Apprentice","The Coin","Frostbolt"],"current_player":"me","my_health":30,"opponent_health":20,"my_armor":0,"opponent_armor":0,"my_hand":2,"opponent_hand":7,"my_board":[{"card_name":"Mad Scientist","card_health":2,"card_attack":2},{"card_name":"Sorcerer's Apprentice","card_health":2,"card_attack":3},{"card_name":"Mana Wyrm","card_health":2,"card_attack":4}],"opponent_board":[]},{"turn":9,"cards_played":["Mad Scientist"],"current_player":"opponent","my_health":30,"opponent_health":20,"my_armor":0,"opponent_armor":0,"my_hand":2,"opponent_hand":6,"my_board":[{"card_name":"Mad Scientist","card_health":2,"card_attack":2},{"card_name":"Sorcerer's Apprentice","card_health":2,"card_attack":3},{"card_name":"Mana Wyrm","card_health":2,"card_attack":4},{"card_name":"Mad Scientist","card_health":2,"card_attack":2}],"opponent_board":[{"card_name":"Mad Scientist","card_health":2,"card_attack":2}]},{"turn":10,"cards_played":["Fireblast","Fireblast"],"current_player":"me","my_health":30,"opponent_health":10,"my_armor":0,"opponent_armor":0,"my_hand":3,"opponent_hand":6,"my_board":[{"card_name":"Mad Scientist","card_health":2,"card_attack":2},{"card_name":"Sorcerer's Apprentice","card_health":2,"card_attack":3},{"card_name":"Mana Wyrm","card_health":2,"card_attack":4}],"opponent_board":[]},{"turn":11,"cards_played":["Frostbolt"],"current_player":"opponent","my_health":30,"opponent_health":10,"my_armor":0,"opponent_armor":0,"my_hand":3,"opponent_hand":5,"my_board":[{"card_name":"Mad Scientist","card_health":2,"card_attack":2},{"card_name":"Sorcerer's Apprentice","card_health":2,"card_attack":3}],"opponent_board":[]},{"turn":12,"cards_played":["Flamewaker","Mirror Image","Fireblast"],"current_player":"me","my_health":30,"opponent_health":2,"my_armor":0,"opponent_armor":0,"my_hand":2,"opponent_hand":5,"my_board":[{"card_name":"Mad Scientist","card_health":2,"card_attack":2},{"card_name":"Flamewaker","card_health":4,"card_attack":2},{"card_name":"Sorcerer's Apprentice","card_health":2,"card_attack":3},{"card_name":"Mirror Image","card_health":2,"card_attack":0},{"card_name":"Mirror Image","card_health":2,"card_attack":0}],"opponent_board":[]},{"turn":13,"cards_played":["Chillmaw"],"current_player":"opponent","my_health":30,"opponent_health":2,"my_armor":0,"opponent_armor":0,"my_hand":2,"opponent_hand":5,"my_board":[{"card_name":"Mad Scientist","card_health":2,"card_attack":2},{"card_name":"Flamewaker","card_health":4,"card_attack":2},{"card_name":"Sorcerer's Apprentice","card_health":2,"card_attack":3},{"card_name":"Mirror Image","card_health":2,"card_attack":0},{"card_name":"Mirror Image","card_health":2,"card_attack":0},{"card_name":"Chillmaw","card_health":6,"card_attack":6}],"opponent_board":[{"card_name":"Chillmaw","card_health":6,"card_attack":6}]},{"turn":14,"cards_played":["Arcane Missiles","Fireblast","Fireblast"],"current_player":"me","my_health":30,"opponent_health":1,"my_armor":0,"opponent_armor":0,"my_hand":2,"opponent_hand":7,"my_board":[{"card_name":"Flamewaker","card_health":1,"card_attack":2},{"card_name":"Chillmaw","card_health":3,"card_attack":6}],"opponent_board":[]},{"turn":15,"cards_played":[],"current_player":"opponent","my_health":30,"opponent_health":1,"my_armor":0,"opponent_armor":0,"my_hand":2,"opponent_hand":8,"my_board":[{"card_name":"Flamewaker","card_health":1,"card_attack":2},{"card_name":"Chillmaw","card_health":3,"card_attack":6}],"opponent_board":[]}],"result":"victory"}