{"plays":[{"turn":1,"cards_played":[],"current_player":"me","my_health":0,"opponent_health":0,"my_armor":0,"opponent_armor":0,"my_hand":0,"opponent_hand":1,"my_board":[],"opponent_board":[]},{"turn":2,"cards_played":["Injured Kvaldir"],"current_player":"me","my_health":30,"opponent_health":30,"my_armor":0,"opponent_armor":0,"my_hand":5,"opponent_hand":4,"my_board":[{"card_name":"Injured Kvaldir","card_health":4,"card_attack":2}],"opponent_board":[]},{"turn":3,"cards_played":["Museum Curator"],"current_player":"opponent","my_health":30,"opponent_health":30,"my_armor":0,"opponent_armor":0,"my_hand":5,"opponent_hand":5,"my_board":[{"card_name":"Injured Kvaldir","card_health":1,"card_attack":2}],"opponent_board":[{"card_name":"Museum Curator","card_health":2,"card_attack":1}]},{"turn":4,"cards_played":["Knife Juggler"],"current_player":"me","my_health":30,"opponent_health":30,"my_armor":0,"opponent_armor":0,"my_hand":5,"opponent_hand":5,"my_board":[{"card_name":"Knife Juggler","card_health":2,"card_attack":3}],"opponent_board":[]},{"turn":5,"cards_played":["Harvest Golem"],"current_player":"opponent","my_health":30,"opponent_health":30,"my_armor":0,"opponent_armor":0,"my_hand":5,"opponent_hand":5,"my_board":[{"card_name":"Knife Juggler","card_health":2,"card_attack":3}],"opponent_board":[{"card_name":"Harvest Golem","card_health":3,"card_attack":2}]},{"turn":6,"cards_played":["Desert Camel","The Coin","Webspinner"],"current_player":"me","my_health":30,"opponent_health":30,"my_armor":0,"opponent_armor":0,"my_hand":3,"opponent_hand":5,"my_board":[{"card_name":"Injured Kvaldir","card_health":4,"card_attack":2},{"card_name":"Webspinner","card_health":1,"card_attack":1},{"card_name":"Desert Camel","card_health":4,"card_attack":2},{"card_name":"Knife Juggler","card_health":1,"card_attack":3}],"opponent_board":[{"card_name":"Damaged Golem","card_health":1,"card_attack":2}]},{"turn":7,"cards_played":[],"current_player":"opponent","my_health":30,"opponent_health":30,"my_armor":0,"opponent_armor":0,"my_hand":3,"opponent_hand":6,"my_board":[{"card_name":"Injured Kvaldir","card_health":2,"card_attack":2},{"card_name":"Webspinner","card_health":1,"card_attack":1},{"card_name":"Desert Camel","card_health":4,"card_attack":2},{"card_name":"Knife Juggler","card_health":1,"card_attack":3}],"opponent_board":[]},{"turn":8,"cards_played":["Houndmaster"],"current_player":"me","my_health":30,"opponent_health":19,"my_armor":0,"opponent_armor":0,"my_hand":3,"opponent_hand":6,"my_board":[{"card_name":"Injured Kvaldir","card_health":2,"card_attack":2},{"card_name":"Webspinner","card_health":3,"card_attack":3},{"card_name":"Desert Camel","card_health":4,"card_attack":2},{"card_name":"Houndmaster","card_health":3,"card_attack":4},{"card_name":"Knife Juggler","card_health":1,"card_attack":3}],"opponent_board":[]},{"turn":9,"cards_played":["Wild Pyromancer","Power Word: Shield","Flash Heal"],"current_player":"opponent","my_health":30,"opponent_health":24,"my_armor":0,"opponent_armor":0,"my_hand":3,"opponent_hand":5,"my_board":[{"card_name":"Webspinner","card_health":1,"card_attack":3},{"card_name":"Desert Camel","card_health":2,"card_attack":2},{"card_name":"Houndmaster","card_health":1,"card_attack":4}],"opponent_board":[{"card_name":"Wild Pyromancer","card_health":2,"card_attack":3}]},{"turn":10,"cards_played":["Eaglehorn Bow","Mad Scientist"],"current_player":"me","my_health":27,"opponent_health":15,"my_armor":0,"opponent_armor":0,"my_hand":2,"opponent_hand":5,"my_board":[{"card_name":"Webspinner","card_health":1,"card_attack":3},{"card_name":"Desert Camel","card_health":2,"card_attack":2},{"card_name":"Houndmaster","card_health":1,"card_attack":4},{"card_name":"Mad Scientist","card_health":2,"card_attack":2}],"opponent_board":[]},{"turn":11,"cards_played":["Wild Pyromancer","Velen's Chosen","Northshire Cleric","Circle of Healing"],"current_player":"opponent","my_health":27,"opponent_health":15,"my_armor":0,"opponent_armor":0,"my_hand":3,"opponent_hand":5,"my_board":[{"card_name":"Desert Camel","card_health":4,"card_attack":2},{"card_name":"Mad Scientist","card_health":2,"card_attack":2}],"opponent_board":[{"card_name":"Wild Pyromancer","card_health":6,"card_attack":5},{"card_name":"Northshire Cleric","card_health":3,"card_attack":1}]},{"turn":12,"cards_played":["Eaglehorn Bow"],"current_player":"me","my_health":26,"opponent_health":11,"my_armor":0,"opponent_armor":0,"my_hand":2,"opponent_hand":5,"my_board":[{"card_name":"Desert Camel","card_health":3,"card_attack":2},{"card_name":"Mad Scientist","card_health":1,"card_attack":2}],"opponent_board":[{"card_name":"Wild Pyromancer","card_health":5,"card_attack":5}]},{"turn":13,"cards_played":["Holy Nova","Lesser Heal","Lesser Heal"],"current_player":"opponent","my_health":23,"opponent_health":15,"my_armor":0,"opponent_armor":0,"my_hand":2,"opponent_hand":5,"my_board":[],"opponent_board":[{"card_name":"Wild Pyromancer","card_health":5,"card_attack":5}]},{"turn":14,"cards_played":["King's Elekk","King's Elekk","Steady Shot"],"current_player":"me","my_health":23,"opponent_health":10,"my_armor":0,"opponent_armor":0,"my_hand":2,"opponent_hand":5,"my_board":[{"card_name":"King's Elekk","card_health":2,"card_attack":3},{"card_name":"King's Elekk","card_health":2,"card_attack":3}],"opponent_board":[{"card_name":"Wild Pyromancer","card_health":5,"card_attack":5}]},{"turn":15,"cards_played":["Sludge Belcher","Lesser Heal"],"current_player":"opponent","my_health":23,"opponent_health":12,"my_armor":0,"opponent_armor":0,"my_hand":2,"opponent_hand":5,"my_board":[{"card_name":"King's Elekk","card_health":2,"card_attack":3},{"card_name":"King's Elekk","card_health":2,"card_attack":3}],"opponent_board":[{"card_name":"Sludge Belcher","card_health":5,"card_attack":3},{"card_name":"Wild Pyromancer","card_health":5,"card_attack":5}]},{"turn":16,"cards_played":["Unleash the Hounds","Steady Shot"],"current_player":"me","my_health":22,"opponent_health":7,"my_armor":0,"opponent_armor":0,"my_hand":2,"opponent_hand":5,"my_board":[{"card_name":"King's Elekk","card_health":2,"card_attack":3}],"opponent_board":[{"card_name":"Wild Pyromancer","card_health":5,"card_attack":5}]},{"turn":17,"cards_played":["Deathlord","Wild Pyromancer","Power Word: Shield"],"current_player":"opponent","my_health":22,"opponent_health":7,"my_armor":0,"opponent_armor":0,"my_hand":2,"opponent_hand":5,"my_board":[{"card_name":"King's Elekk","card_health":1,"card_attack":3}],"opponent_board":[{"card_name":"Wild Pyromancer","card_health":1,"card_attack":3},{"card_name":"Deathlord","card_health":9,"card_attack":2}]},{"turn":18,"cards_played":["Dr. Boom","Steady Shot"],"current_player":"me","my_health":22,"opponent_health":5,"my_armor":0,"opponent_armor":0,"my_hand":2,"opponent_hand":5,"my_board":[{"card_name":"Dr. Boom","card_health":7,"card_attack":7},{"card_name":"Boom Bot","card_health":1,"card_attack":1},{"card_name":"Boom Bot","card_health":1,"card_attack":1}],"opponent_board":[{"card_name":"Wild Pyromancer","card_health":1,"card_attack":3},{"card_name":"Deathlord","card_health":6,"card_attack":2}]},{"turn":19,"cards_played":["Lesser Heal","Shadow Word: Death"],"current_player":"opponent","my_health":22,"opponent_health":2,"my_armor":0,"opponent_armor":0,"my_hand":2,"opponent_hand":5,"my_board":[{"card_name":"Haunted Creeper","card_health":1,"card_attack":1}],"opponent_board":[]}],"result":"victory"}