{"plays":[{"turn":1,"cards_played":[],"current_player":"opponent","my_health":30,"opponent_health":0,"my_armor":0,"opponent_armor":0,"my_hand":1,"opponent_hand":0,"my_board":[],"opponent_board":[]},{"turn":2,"cards_played":["Living Roots","The Coin","Mad Scientist"],"current_player":"me","my_health":30,"opponent_health":30,"my_armor":0,"opponent_armor":0,"my_hand":4,"opponent_hand":3,"my_board":[{"card_name":"Mad Scientist","card_health":2,"card_attack":2}],"opponent_board":[{"card_name":"Sapling","card_health":1,"card_attack":1},{"card_name":"Sapling","card_health":1,"card_attack":1}]},{"turn":3,"cards_played":["Darnassus Aspirant"],"current_player":"opponent","my_health":28,"opponent_health":30,"my_armor":0,"opponent_armor":0,"my_hand":4,"opponent_hand":3,"my_board":[{"card_name":"Mad Scientist","card_health":2,"card_attack":2}],"opponent_board":[{"card_name":"Darnassus Aspirant","card_health":3,"card_attack":2},{"card_name":"Sapling","card_health":1,"card_attack":1},{"card_name":"Sapling","card_health":1,"card_attack":1}]},{"turn":4,"cards_played":["Fireblast","Fireblast"],"current_player":"me","my_health":28,"opponent_health":30,"my_armor":0,"opponent_armor":0,"my_hand":5,"opponent_hand":3,"my_board":[],"opponent_board":[{"card_name":"Sapling","card_health":1,"card_attack":1},{"card_name":"Sapling","card_health":1,"card_attack":1}]},{"turn":5,"cards_played":["Shade of Naxxramas"],"current_player":"opponent","my_health":26,"opponent_health":30,"my_armor":0,"opponent_armor":0,"my_hand":5,"opponent_hand":3,"my_board":[],"opponent_board":[{"card_name":"Shade of Naxxramas","card_health":2,"card_attack":2},{"card_name":"Sapling","card_health":1,"card_attack":1},{"card_name":"Sapling","card_health":1,"card_attack":1}]},{"turn":6,"cards_played":["Arcane Intellect"],"current_player":"me","my_health":26,"opponent_health":30,"my_armor":0,"opponent_armor":0,"my_hand":7,"opponent_hand":3,"my_board":[],"opponent_board":[{"card_name":"Shade of Naxxramas","card_health":2,"card_attack":2},{"card_name":"Sapling","card_health":1,"card_attack":1},{"card_name":"Sapling","card_health":1,"card_attack":1}]},{"turn":7,"cards_played":["Violet Teacher"],"current_player":"opponent","my_health":21,"opponent_health":30,"my_armor":0,"opponent_armor":0,"my_hand":7,"opponent_hand":3,"my_board":[],"opponent_board":[{"card_name":"Violet Teacher","card_health":5,"card_attack":3},{"card_name":"Shade of Naxxramas","card_health":3,"card_attack":3},{"card_name":"Sapling","card_health":1,"card_attack":1},{"card_name":"Sapling","card_health":1,"card_attack":1}]},{"turn":8,"cards_played":["Flamewaker","Arcane Missiles"],"current_player":"me","my_health":21,"opponent_health":28,"my_armor":0,"opponent_armor":0,"my_hand":6,"opponent_hand":3,"my_board":[{"card_name":"Flamewaker","card_health":4,"card_attack":2}],"opponent_board":[{"card_name":"Violet Teacher","card_health":4,"card_attack":3},{"card_name":"Shade of Naxxramas","card_health":3,"card_attack":3}]},{"turn":9,"cards_played":["Darnassus Aspirant","Power of the Wild"],"current_player":"opponent","my_health":18,"opponent_health":28,"my_armor":0,"opponent_armor":0,"my_hand":6,"opponent_hand":2,"my_board":[],"opponent_board":[{"card_name":"Violet Teacher","card_health":4,"card_attack":3},{"card_name":"Darnassus Aspirant","card_health":3,"card_attack":2},{"card_name":"Shade of Naxxramas","card_health":2,"card_attack":4},{"card_name":"Violet Apprentice","card_health":1,"card_attack":1}]},{"turn":10,"cards_played":["Fireblast","Fireblast","Flamecannon"],"current_player":"me","my_health":18,"opponent_health":28,"my_armor":0,"opponent_armor":0,"my_hand":6,"opponent_hand":2,"my_board":[],"opponent_board":[{"card_name":"Violet Teacher","card_health":4,"card_attack":3},{"card_name":"Darnassus Aspirant","card_health":3,"card_attack":2}]},{"turn":11,"cards_played":["Druid of the Claw","Shapeshift"],"current_player":"opponent","my_health":12,"opponent_health":28,"my_armor":0,"opponent_armor":1,"my_hand":6,"opponent_hand":2,"my_board":[],"opponent_board":[{"card_name":"Violet Teacher","card_health":4,"card_attack":3},{"card_name":"Darnassus Aspirant","card_health":3,"card_attack":2},{"card_name":"Druid of the Claw","card_health":6,"card_attack":4}]},{"turn":12,"cards_played":["Sorcerer's Apprentice","Fireball","Frostbolt"],"current_player":"me","my_health":12,"opponent_health":28,"my_armor":0,"opponent_armor":1,"my_hand":4,"opponent_hand":2,"my_board":[{"card_name":"Sorcerer's Apprentice","card_health":2,"card_attack":3}],"opponent_board":[{"card_name":"Violet Teacher","card_health":4,"card_attack":3}]},{"turn":13,"cards_played":["Keeper of the Grove","Shapeshift"],"current_player":"opponent","my_health":8,"opponent_health":28,"my_armor":0,"opponent_armor":2,"my_hand":4,"opponent_hand":2,"my_board":[],"opponent_board":[{"card_name":"Violet Teacher","card_health":4,"card_attack":3},{"card_name":"Keeper of the Grove","card_health":4,"card_attack":2}]},{"turn":14,"cards_played":["Unstable Portal","Unstable Portal","Clockwork Gnome"],"current_player":"me","my_health":8,"opponent_health":28,"my_armor":0,"opponent_armor":2,"my_hand":3,"opponent_hand":2,"my_board":[{"card_name":"Clockwork Gnome","card_health":1,"card_attack":2}],"opponent_board":[{"card_name":"Violet Teacher","card_health":4,"card_attack":3},{"card_name":"Keeper of the Grove","card_health":4,"card_attack":2}]},{"turn":15,"cards_played":["Swipe"],"current_player":"opponent","my_health":-1,"opponent_health":28,"my_armor":0,"opponent_armor":2,"my_hand":4,"opponent_hand":2,"my_board":[],"opponent_board":[{"card_name":"Violet Teacher","card_health":4,"card_attack":3},{"card_name":"Keeper of the Grove","card_health":4,"card_attack":2},{"card_name":"Violet Apprentice","card_health":1,"card_attack":1}]}],"result":"defeat"}