{"plays":[{"turn":1,"cards_played":[],"current_player":"me","my_health":0,"opponent_health":30,"my_armor":0,"opponent_armor":0,"my_hand":0,"opponent_hand":1,"my_board":[],"opponent_board":[]},{"turn":2,"cards_played":[],"current_player":"me","my_health":30,"opponent_health":30,"my_armor":0,"opponent_armor":0,"my_hand":6,"opponent_hand":4,"my_board":[],"opponent_board":[]},{"turn":3,"cards_played":["Wyrmrest Agent"],"current_player":"opponent","my_health":30,"opponent_health":30,"my_armor":0,"opponent_armor":0,"my_hand":6,"opponent_hand":4,"my_board":[],"opponent_board":[{"card_name":"Wyrmrest Agent","card_health":4,"card_attack":1}]},{"turn":4,"cards_played":["Sorcerer's Apprentice","Mirror Image"],"current_player":"me","my_health":30,"opponent_health":30,"my_armor":0,"opponent_armor":0,"my_hand":5,"opponent_hand":4,"my_board":[{"card_name":"Sorcerer's Apprentice","card_health":2,"card_attack":3},{"card_name":"Mirror Image","card_health":2,"card_attack":0},{"card_name":"Mirror Image","card_health":2,"card_attack":0}],"opponent_board":[{"card_name":"Wyrmrest Agent","card_health":4,"card_attack":2}]},{"turn":5,"cards_played":["Twilight Whelp","Wild Pyromancer"],"current_player":"opponent","my_health":30,"opponent_health":30,"my_armor":0,"opponent_armor":0,"my_hand":5,"opponent_hand":3,"my_board":[{"card_name":"Sorcerer's Apprentice","card_health":2,"card_attack":3},{"card_name":"Mirror Image","card_health":2,"card_attack":0}],"opponent_board":[{"card_name":"Wyrmrest Agent","card_health":4,"card_attack":2},{"card_name":"Wild Pyromancer","card_health":2,"card_attack":3},{"card_name":"Twilight Whelp","card_health":3,"card_attack":2}]},{"turn":6,"cards_played":["Flamewaker","The Coin","Unstable Portal"],"current_player":"me","my_health":30,"opponent_health":29,"my_armor":0,"opponent_armor":0,"my_hand":4,"opponent_hand":3,"my_board":[{"card_name":"Flamewaker","card_health":4,"card_attack":2},{"card_name":"Mirror Image","card_health":2,"card_attack":0}],"opponent_board":[{"card_name":"Wild Pyromancer","card_health":2,"card_attack":3},{"card_name":"Twilight Whelp","card_health":3,"card_attack":2}]},{"turn":7,"cards_played":["Power Word: Shield","Blackwing Technician"],"current_player":"opponent","my_health":30,"opponent_health":29,"my_armor":0,"opponent_armor":0,"my_hand":4,"opponent_hand":3,"my_board":[],"opponent_board":[{"card_name":"Wild Pyromancer","card_health":1,"card_attack":3},{"card_name":"Twilight Whelp","card_health":2,"card_attack":2},{"card_name":"Blackwing Technician","card_health":5,"card_attack":3}]},{"turn":8,"cards_played":["Mana Wyrm","Fireblast","Fireblast","Mirror Image"],"current_player":"me","my_health":30,"opponent_health":29,"my_armor":0,"opponent_armor":0,"my_hand":3,"opponent_hand":3,"my_board":[{"card_name":"Mana Wyrm","card_health":3,"card_attack":2},{"card_name":"Mirror Image","card_health":2,"card_attack":0},{"card_name":"Mirror Image","card_health":2,"card_attack":0}],"opponent_board":[{"card_name":"Twilight Whelp","card_health":2,"card_attack":2},{"card_name":"Blackwing Technician","card_health":5,"card_attack":3}]},{"turn":9,"cards_played":["Blackwing Corruptor"],"current_player":"opponent","my_health":30,"opponent_health":29,"my_armor":0,"opponent_armor":0,"my_hand":3,"opponent_hand":3,"my_board":[],"opponent_board":[{"card_name":"Blackwing Corruptor","card_health":4,"card_attack":5},{"card_name":"Twilight Whelp","card_health":2,"card_attack":2},{"card_name":"Blackwing Technician","card_health":5,"card_attack":3}]},{"turn":10,"cards_played":["Boulderfist Ogre","Frostbolt"],"current_player":"me","my_health":30,"opponent_health":29,"my_armor":0,"opponent_armor":0,"my_hand":2,"opponent_hand":3,"my_board":[{"card_name":"Boulderfist Ogre","card_health":7,"card_attack":6}],"opponent_board":[{"card_name":"Blackwing Corruptor","card_health":4,"card_attack":5},{"card_name":"Twilight Whelp","card_health":2,"card_attack":2},{"card_name":"Blackwing Technician","card_health":5,"card_attack":3}]},{"turn":11,"cards_played":["Shadow Word: Death","Lesser Heal","Lesser Heal"],"current_player":"opponent","my_health":25,"opponent_health":29,"my_armor":0,"opponent_armor":0,"my_hand":2,"opponent_hand":3,"my_board":[],"opponent_board":[{"card_name":"Blackwing Corruptor","card_health":3,"card_attack":5},{"card_name":"Twilight Whelp","card_health":2,"card_attack":2},{"card_name":"Blackwing Technician","card_health":5,"card_attack":3}]},{"turn":12,"cards_played":["Unstable Portal"],"current_player":"me","my_health":25,"opponent_health":29,"my_armor":0,"opponent_armor":0,"my_hand":2,"opponent_hand":3,"my_board":[],"opponent_board":[{"card_name":"Blackwing Corruptor","card_health":3,"card_attack":5},{"card_name":"Twilight Whelp","card_health":2,"card_attack":2},{"card_name":"Blackwing Technician","card_health":5,"card_attack":3}]},{"turn":13,"cards_played":["Lesser Heal","Velen's Chosen"],"current_player":"opponent","my_health":15,"opponent_health":29,"my_armor":0,"opponent_armor":0,"my_hand":2,"opponent_hand":3,"my_board":[],"opponent_board":[{"card_name":"Blackwing Corruptor","card_health":4,"card_attack":5},{"card_name":"Twilight Whelp","card_health":2,"card_attack":2},{"card_name":"Blackwing Technician","card_health":5,"card_attack":3}]},{"turn":14,"cards_played":["Majordomo Executus"],"current_player":"me","my_health":15,"opponent_health":29,"my_armor":0,"opponent_armor":0,"my_hand":2,"opponent_hand":3,"my_board":[{"card_name":"Majordomo Executus","card_health":7,"card_attack":9}],"opponent_board":[{"card_name":"Blackwing Corruptor","card_health":8,"card_attack":7},{"card_name":"Twilight Whelp","card_health":2,"card_attack":2},{"card_name":"Blackwing Technician","card_health":5,"card_attack":3}]},{"turn":15,"cards_played":["Dragonkin Sorcerer","Shadow Word: Pain","Wild Pyromancer"],"current_player":"opponent","my_health":3,"opponent_health":29,"my_armor":0,"opponent_armor":0,"my_hand":2,"opponent_hand":1,"my_board":[{"card_name":"Majordomo Executus","card_health":7,"card_attack":9}],"opponent_board":[{"card_name":"Wild Pyromancer","card_health":2,"card_attack":3},{"card_name":"Blackwing Corruptor","card_health":8,"card_attack":7},{"card_name":"Dragonkin Sorcerer","card_health":5,"card_attack":3},{"card_name":"Twilight Whelp","card_health":2,"card_attack":2},{"card_name":"Blackwing Technician","card_health":5,"card_attack":3}]},{"turn":16,"cards_played":["Azure Drake","DIE, INSECT!"],"current_player":"me","my_health":8,"opponent_health":29,"my_armor":0,"opponent_armor":0,"my_hand":3,"opponent_hand":1,"my_board":[{"card_name":"Azure Drake","card_health":4,"card_attack":4},{"card_name":"Ragnaros the Firelord","card_health":8,"card_attack":0}],"opponent_board":[{"card_name":"Wild Pyromancer","card_health":2,"card_attack":3},{"card_name":"Twilight Whelp","card_health":2,"card_attack":2},{"card_name":"Blackwing Technician","card_health":5,"card_attack":3}]},{"turn":17,"cards_played":[],"current_player":"opponent","my_health":0,"opponent_health":29,"my_armor":0,"opponent_armor":0,"my_hand":3,"opponent_hand":2,"my_board":[{"card_name":"Azure Drake","card_health":4,"card_attack":4}],"opponent_board":[{"card_name":"Wild Pyromancer","card_health":2,"card_attack":3},{"card_name":"Twilight Whelp","card_health":2,"card_attack":2},{"card_name":"Blackwing Technician","card_health":5,"card_attack":3}]}],"result":"defeat"}