{"plays":[{"turn":1,"cards_played":[],"current_player":"me","my_health":0,"opponent_health":30,"my_armor":0,"opponent_armor":0,"my_hand":0,"opponent_hand":1,"my_board":[],"opponent_board":[]},{"turn":2,"cards_played":["The Coin","Unstable Portal","Mad Bomber"],"current_player":"me","my_health":30,"opponent_health":30,"my_armor":0,"opponent_armor":0,"my_hand":4,"opponent_hand":4,"my_board":[{"card_name":"Mad Bomber","card_health":2,"card_attack":3}],"opponent_board":[]},{"turn":3,"cards_played":["Shapeshift"],"current_player":"opponent","my_health":27,"opponent_health":29,"my_armor":0,"opponent_armor":1,"my_hand":4,"opponent_hand":5,"my_board":[{"card_name":"Mad Bomber","card_health":2,"card_attack":3}],"opponent_board":[]},{"turn":4,"cards_played":["Fireblast","Fireblast"],"current_player":"me","my_health":27,"opponent_health":26,"my_armor":0,"opponent_armor":0,"my_hand":5,"opponent_hand":5,"my_board":[{"card_name":"Mad Bomber","card_health":2,"card_attack":3}],"opponent_board":[]},{"turn":5,"cards_played":["Shade of Naxxramas"],"current_player":"opponent","my_health":27,"opponent_health":26,"my_armor":0,"opponent_armor":0,"my_hand":5,"opponent_hand":5,"my_board":[{"card_name":"Mad Bomber","card_health":2,"card_attack":3}],"opponent_board":[{"card_name":"Shade of Naxxramas","card_health":2,"card_attack":2}]},{"turn":6,"cards_played":["Flamecannon"],"current_player":"me","my_health":27,"opponent_health":23,"my_armor":0,"opponent_armor":0,"my_hand":5,"opponent_hand":5,"my_board":[{"card_name":"Mad Bomber","card_health":2,"card_attack":3}],"opponent_board":[]},{"turn":7,"cards_played":["Keeper of the Grove"],"current_player":"opponent","my_health":27,"opponent_health":23,"my_armor":0,"opponent_armor":0,"my_hand":5,"opponent_hand":5,"my_board":[],"opponent_board":[{"card_name":"Keeper of the Grove","card_health":4,"card_attack":2}]},{"turn":8,"cards_played":["Flamewaker","Mirror Image"],"current_player":"me","my_health":27,"opponent_health":23,"my_armor":0,"opponent_armor":0,"my_hand":4,"opponent_hand":5,"my_board":[{"card_name":"Flamewaker","card_health":4,"card_attack":2},{"card_name":"Mirror Image","card_health":2,"card_attack":0},{"card_name":"Mirror Image","card_health":2,"card_attack":0}],"opponent_board":[{"card_name":"Keeper of the Grove","card_health":4,"card_attack":2}]},{"turn":9,"cards_played":["Piloted Shredder"],"current_player":"opponent","my_health":27,"opponent_health":22,"my_armor":0,"opponent_armor":0,"my_hand":4,"opponent_hand":5,"my_board":[{"card_name":"Flamewaker","card_health":4,"card_attack":2},{"card_name":"Mirror Image","card_health":2,"card_attack":0}],"opponent_board":[{"card_name":"Keeper of the Grove","card_health":3,"card_attack":2},{"card_name":"Piloted Shredder","card_health":3,"card_attack":4}]},{"turn":10,"cards_played":["Frostbolt","Arcane Intellect"],"current_player":"me","my_health":27,"opponent_health":20,"my_armor":0,"opponent_armor":0,"my_hand":5,"opponent_hand":5,"my_board":[{"card_name":"Flamewaker","card_health":2,"card_attack":2},{"card_name":"Mirror Image","card_health":2,"card_attack":0}],"opponent_board":[{"card_name":"Youthful Brewmaster","card_health":1,"card_attack":3}]},{"turn":11,"cards_played":["Harrison Jones","Living Roots"],"current_player":"opponent","my_health":27,"opponent_health":20,"my_armor":0,"opponent_armor":0,"my_hand":5,"opponent_hand":4,"my_board":[],"opponent_board":[{"card_name":"Harrison Jones","card_health":4,"card_attack":5},{"card_name":"Youthful Brewmaster","card_health":1,"card_attack":3}]},{"turn":12,"cards_played":["Mad Scientist","Fireblast","Fireblast","Frostbolt"],"current_player":"me","my_health":27,"opponent_health":20,"my_armor":0,"opponent_armor":0,"my_hand":4,"opponent_hand":4,"my_board":[{"card_name":"Mad Scientist","card_health":2,"card_attack":2}],"opponent_board":[{"card_name":"Harrison Jones","card_health":4,"card_attack":5}]},{"turn":13,"cards_played":["Dr. Boom"],"current_player":"opponent","my_health":27,"opponent_health":20,"my_armor":0,"opponent_armor":0,"my_hand":4,"opponent_hand":4,"my_board":[{"card_name":"Mad Scientist","card_health":2,"card_attack":2}],"opponent_board":[{"card_name":"Harrison Jones","card_health":1,"card_attack":5},{"card_name":"Dr. Boom","card_health":7,"card_attack":7},{"card_name":"Boom Bot","card_health":1,"card_attack":1},{"card_name":"Boom Bot","card_health":1,"card_attack":1}]},{"turn":14,"cards_played":["Dr. Boom"],"current_player":"me","my_health":27,"opponent_health":20,"my_armor":0,"opponent_armor":0,"my_hand":4,"opponent_hand":4,"my_board":[{"card_name":"Dr. Boom","card_health":7,"card_attack":7},{"card_name":"Boom Bot","card_health":1,"card_attack":1},{"card_name":"Boom Bot","card_health":1,"card_attack":1}],"opponent_board":[{"card_name":"Dr. Boom","card_health":7,"card_attack":7},{"card_name":"Boom Bot","card_health":1,"card_attack":1},{"card_name":"Boom Bot","card_health":1,"card_attack":1}]},{"turn":15,"cards_played":["Wrath","Force of Nature"],"current_player":"opponent","my_health":20,"opponent_health":19,"my_armor":0,"opponent_armor":0,"my_hand":4,"opponent_hand":3,"my_board":[],"opponent_board":[{"card_name":"Dr. Boom","card_health":7,"card_attack":7}]},{"turn":16,"cards_played":["Mana Wyrm","Mad Scientist","Fireball"],"current_player":"me","my_health":17,"opponent_health":19,"my_armor":0,"opponent_armor":0,"my_hand":2,"opponent_hand":3,"my_board":[{"card_name":"Mad Scientist","card_health":2,"card_attack":2},{"card_name":"Mana Wyrm","card_health":3,"card_attack":2}],"opponent_board":[]},{"turn":17,"cards_played":["Force of Nature","Darnassus Aspirant"],"current_player":"opponent","my_health":17,"opponent_health":19,"my_armor":0,"opponent_armor":0,"my_hand":2,"opponent_hand":2,"my_board":[{"card_name":"Darnassus Aspirant","card_health":3,"card_attack":2}],"opponent_board":[{"card_name":"Darnassus Aspirant","card_health":3,"card_attack":2}]},{"turn":18,"cards_played":["Sorcerer's Apprentice","Echo of Medivh","Darnassus Aspirant","Fireblast","Fireblast"],"current_player":"me","my_health":17,"opponent_health":19,"my_armor":0,"opponent_armor":0,"my_hand":2,"opponent_hand":2,"my_board":[{"card_name":"Sorcerer's Apprentice","card_health":2,"card_attack":3},{"card_name":"Darnassus Aspirant","card_health":1,"card_attack":2},{"card_name":"Darnassus Aspirant","card_health":3,"card_attack":2}],"opponent_board":[]},{"turn":19,"cards_played":["Wild Growth","Excess Mana","Emperor Thaurissan","Shapeshift"],"current_player":"opponent","my_health":17,"opponent_health":18,"my_armor":0,"opponent_armor":0,"my_hand":2,"opponent_hand":2,"my_board":[{"card_name":"Sorcerer's Apprentice","card_health":2,"card_attack":3},{"card_name":"Darnassus Aspirant","card_health":3,"card_attack":2}],"opponent_board":[{"card_name":"Emperor Thaurissan","card_health":5,"card_attack":5}]},{"turn":20,"cards_played":["Arcane Missiles","Sorcerer's Apprentice","Fireblast","Fireblast"],"current_player":"me","my_health":17,"opponent_health":14,"my_armor":0,"opponent_armor":0,"my_hand":1,"opponent_hand":2,"my_board":[{"card_name":"Darnassus Aspirant","card_health":3,"card_attack":2},{"card_name":"Sorcerer's Apprentice","card_health":2,"card_attack":3}],"opponent_board":[]},{"turn":21,"cards_played":["Piloted Shredder","Violet Teacher","Savage Roar"],"current_player":"opponent","my_health":17,"opponent_health":11,"my_armor":0,"opponent_armor":0,"my_hand":1,"opponent_hand":0,"my_board":[{"card_name":"Darnassus Aspirant","card_health":3,"card_attack":2}],"opponent_board":[{"card_name":"Piloted Shredder","card_health":3,"card_attack":6},{"card_name":"Violet Teacher","card_health":5,"card_attack":5},{"card_name":"Violet Apprentice","card_health":1,"card_attack":3}]},{"turn":22,"cards_played":["Pyroblast"],"current_player":"me","my_health":17,"opponent_health":-1,"my_armor":0,"opponent_armor":0,"my_hand":1,"opponent_hand":0,"my_board":[{"card_name":"Darnassus Aspirant","card_health":3,"card_attack":2}],"opponent_board":[{"card_name":"Piloted Shredder","card_health":3,"card_attack":4},{"card_name":"Violet Teacher","card_health":5,"card_attack":3},{"card_name":"Violet Apprentice","card_health":1,"card_attack":1}]}],"result":"victory"}