{"plays":[{"turn":1,"cards_played":[],"current_player":"me","my_health":0,"opponent_health":30,"my_armor":0,"opponent_armor":0,"my_hand":0,"opponent_hand":1,"my_board":[],"opponent_board":[]},{"turn":2,"cards_played":[],"current_player":"opponent","my_health":30,"opponent_health":30,"my_armor":0,"opponent_armor":0,"my_hand":4,"opponent_hand":6,"my_board":[],"opponent_board":[]},{"turn":3,"cards_played":["Fireblast","Fireblast"],"current_player":"me","my_health":30,"opponent_health":29,"my_armor":0,"opponent_armor":0,"my_hand":5,"opponent_hand":6,"my_board":[],"opponent_board":[]},{"turn":4,"cards_played":["Wild Pyromancer"],"current_player":"opponent","my_health":30,"opponent_health":29,"my_armor":0,"opponent_armor":0,"my_hand":5,"opponent_hand":6,"my_board":[],"opponent_board":[{"card_name":"Wild Pyromancer","card_health":2,"card_attack":3}]},{"turn":5,"cards_played":["Frostbolt"],"current_player":"me","my_health":30,"opponent_health":29,"my_armor":0,"opponent_armor":0,"my_hand":5,"opponent_hand":6,"my_board":[],"opponent_board":[]},{"turn":6,"cards_played":["Lesser Heal","Lesser Heal"],"current_player":"opponent","my_health":30,"opponent_health":30,"my_armor":0,"opponent_armor":0,"my_hand":5,"opponent_hand":7,"my_board":[],"opponent_board":[]},{"turn":7,"cards_played":["Mad Scientist","Fireblast"],"current_player":"me","my_health":30,"opponent_health":29,"my_armor":0,"opponent_armor":0,"my_hand":5,"opponent_hand":7,"my_board":[{"card_name":"Mad Scientist","card_health":2,"card_attack":2}],"opponent_board":[]},{"turn":8,"cards_played":["Shadow Word: Pain","Loot Hoarder"],"current_player":"opponent","my_health":30,"opponent_health":29,"my_armor":0,"opponent_armor":0,"my_hand":5,"opponent_hand":6,"my_board":[],"opponent_board":[{"card_name":"Loot Hoarder","card_health":1,"card_attack":2}]},{"turn":9,"cards_played":["Fireblast","Fireblast"],"current_player":"me","my_health":30,"opponent_health":29,"my_armor":0,"opponent_armor":0,"my_hand":5,"opponent_hand":7,"my_board":[],"opponent_board":[]},{"turn":10,"cards_played":["Loot Hoarder","The Coin","Acolyte of Pain","Power Word: Shield"],"current_player":"opponent","my_health":30,"opponent_health":29,"my_armor":0,"opponent_armor":0,"my_hand":5,"opponent_hand":5,"my_board":[],"opponent_board":[{"card_name":"Acolyte of Pain","card_health":3,"card_attack":1},{"card_name":"Loot Hoarder","card_health":1,"card_attack":2}]},{"turn":11,"cards_played":["Zombie Chow","Fireblast","Fireblast"],"current_player":"me","my_health":30,"opponent_health":29,"my_armor":0,"opponent_armor":0,"my_hand":5,"opponent_hand":5,"my_board":[{"card_name":"Zombie Chow","card_health":3,"card_attack":2}],"opponent_board":[{"card_name":"Acolyte of Pain","card_health":3,"card_attack":1},{"card_name":"Loot Hoarder","card_health":2,"card_attack":2}]},{"turn":12,"cards_played":["Azure Drake"],"current_player":"opponent","my_health":30,"opponent_health":29,"my_armor":0,"opponent_armor":0,"my_hand":7,"opponent_hand":8,"my_board":[],"opponent_board":[{"card_name":"Acolyte of Pain","card_health":1,"card_attack":1},{"card_name":"Azure Drake","card_health":4,"card_attack":4}]},{"turn":13,"cards_played":["Fireblast","Fireblast","Flamecannon","Zombie Chow","Zombie Chow"],"current_player":"me","my_health":30,"opponent_health":30,"my_armor":0,"opponent_armor":0,"my_hand":5,"opponent_hand":9,"my_board":[{"card_name":"Zombie Chow","card_health":3,"card_attack":2},{"card_name":"Zombie Chow","card_health":3,"card_attack":2}],"opponent_board":[]},{"turn":14,"cards_played":["Sludge Belcher","Northshire Cleric"],"current_player":"opponent","my_health":30,"opponent_health":30,"my_armor":0,"opponent_armor":0,"my_hand":5,"opponent_hand":8,"my_board":[{"card_name":"Zombie Chow","card_health":3,"card_attack":2},{"card_name":"Zombie Chow","card_health":3,"card_attack":2}],"opponent_board":[{"card_name":"Northshire Cleric","card_health":3,"card_attack":1},{"card_name":"Sludge Belcher","card_health":5,"card_attack":3}]},{"turn":15,"cards_played":["Water Elemental","Fireblast","Fireblast"],"current_player":"me","my_health":30,"opponent_health":30,"my_armor":0,"opponent_armor":0,"my_hand":5,"opponent_hand":8,"my_board":[{"card_name":"Water Elemental","card_health":6,"card_attack":3}],"opponent_board":[{"card_name":"Northshire Cleric","card_health":3,"card_attack":1},{"card_name":"Slime","card_health":2,"card_attack":1}]},{"turn":16,"cards_played":["Acolyte of Pain","Harrison Jones"],"current_player":"opponent","my_health":30,"opponent_health":30,"my_armor":6,"opponent_armor":0,"my_hand":5,"opponent_hand":7,"my_board":[{"card_name":"Water Elemental","card_health":6,"card_attack":3}],"opponent_board":[{"card_name":"Northshire Cleric","card_health":3,"card_attack":1},{"card_name":"Acolyte of Pain","card_health":3,"card_attack":1},{"card_name":"Harrison Jones","card_health":4,"card_attack":5},{"card_name":"Slime","card_health":2,"card_attack":1}]},{"turn":17,"cards_played":["Flamestrike","Fireblast","Fireblast"],"current_player":"me","my_health":30,"opponent_health":26,"my_armor":6,"opponent_armor":0,"my_hand":5,"opponent_hand":8,"my_board":[{"card_name":"Water Elemental","card_health":6,"card_attack":3}],"opponent_board":[]},{"turn":18,"cards_played":["Wild Pyromancer","Holy Fire"],"current_player":"opponent","my_health":30,"opponent_health":30,"my_armor":6,"opponent_armor":0,"my_hand":5,"opponent_hand":7,"my_board":[],"opponent_board":[{"card_name":"Wild Pyromancer","card_health":1,"card_attack":3}]},{"turn":19,"cards_played":["Arcane Intellect","Mad Scientist","Acolyte of Pain","Fireblast","Fireblast"],"current_player":"me","my_health":30,"opponent_health":30,"my_armor":6,"opponent_armor":0,"my_hand":5,"opponent_hand":7,"my_board":[{"card_name":"Mad Scientist","card_health":2,"card_attack":2},{"card_name":"Acolyte of Pain","card_health":3,"card_attack":1}],"opponent_board":[]},{"turn":20,"cards_played":["Bloodmage Thalnos","Holy Nova"],"current_player":"opponent","my_health":30,"opponent_health":30,"my_armor":3,"opponent_armor":0,"my_hand":6,"opponent_hand":6,"my_board":[],"opponent_board":[{"card_name":"Bloodmage Thalnos","card_health":1,"card_attack":1}]},{"turn":21,"cards_played":["Emperor Thaurissan","Fireblast","Fireblast"],"current_player":"me","my_health":30,"opponent_health":30,"my_armor":3,"opponent_armor":0,"my_hand":6,"opponent_hand":7,"my_board":[{"card_name":"Emperor Thaurissan","card_health":5,"card_attack":5}],"opponent_board":[]},{"turn":22,"cards_played":["Holy Fire"],"current_player":"opponent","my_health":30,"opponent_health":30,"my_armor":3,"opponent_armor":0,"my_hand":6,"opponent_hand":7,"my_board":[],"opponent_board":[]},{"turn":23,"cards_played":["Dr. Boom"],"current_player":"me","my_health":30,"opponent_health":30,"my_armor":3,"opponent_armor":0,"my_hand":5,"opponent_hand":7,"my_board":[{"card_name":"Dr. Boom","card_health":7,"card_attack":7},{"card_name":"Boom Bot","card_health":1,"card_attack":1},{"card_name":"Boom Bot","card_health":1,"card_attack":1}],"opponent_board":[]},{"turn":24,"cards_played":["Holy Nova","Sludge Belcher"],"current_player":"opponent","my_health":30,"opponent_health":26,"my_armor":1,"opponent_armor":0,"my_hand":5,"opponent_hand":6,"my_board":[{"card_name":"Dr. Boom","card_health":5,"card_attack":7},{"card_name":"Sludge Belcher","card_health":5,"card_attack":3}],"opponent_board":[{"card_name":"Sludge Belcher","card_health":5,"card_attack":3}]},{"turn":25,"cards_played":["Ragnaros the Firelord","Fireblast","Fireblast"],"current_player":"me","my_health":30,"opponent_health":25,"my_armor":1,"opponent_armor":0,"my_hand":5,"opponent_hand":6,"my_board":[{"card_name":"Dr. Boom","card_health":2,"card_attack":7},{"card_name":"Ragnaros the Firelord","card_health":8,"card_attack":8},{"card_name":"Sludge Belcher","card_health":4,"card_attack":3}],"opponent_board":[]},{"turn":26,"cards_played":["Power Word: Shield","Shadow Word: Death","Holy Smite","Lesser Heal"],"current_player":"opponent","my_health":30,"opponent_health":19,"my_armor":1,"opponent_armor":0,"my_hand":5,"opponent_hand":5,"my_board":[{"card_name":"Sludge Belcher","card_health":4,"card_attack":3}],"opponent_board":[]},{"turn":27,"cards_played":["Sludge Belcher","Fireblast"],"current_player":"me","my_health":30,"opponent_health":15,"my_armor":1,"opponent_armor":0,"my_hand":5,"opponent_hand":5,"my_board":[{"card_name":"Sludge Belcher","card_health":5,"card_attack":3},{"card_name":"Sludge Belcher","card_health":4,"card_attack":3}],"opponent_board":[]},{"turn":28,"cards_played":["Emperor Thaurissan","Lesser Heal"],"current_player":"opponent","my_health":30,"opponent_health":17,"my_armor":1,"opponent_armor":0,"my_hand":5,"opponent_hand":5,"my_board":[{"card_name":"Sludge Belcher","card_health":5,"card_attack":3},{"card_name":"Sludge Belcher","card_health":4,"card_attack":3}],"opponent_board":[{"card_name":"Emperor Thaurissan","card_health":5,"card_attack":5}]},{"turn":29,"cards_played":["Mana Wyrm","Polymorph","Fireblast","Fireblast"],"current_player":"me","my_health":30,"opponent_health":11,"my_armor":1,"opponent_armor":0,"my_hand":4,"opponent_hand":5,"my_board":[{"card_name":"Sludge Belcher","card_health":5,"card_attack":3},{"card_name":"Mana Wyrm","card_health":3,"card_attack":2},{"card_name":"Sludge Belcher","card_health":4,"card_attack":3}],"opponent_board":[]},{"turn":30,"cards_played":["Malygos","Lesser Heal"],"current_player":"opponent","my_health":30,"opponent_health":13,"my_armor":1,"opponent_armor":0,"my_hand":4,"opponent_hand":5,"my_board":[{"card_name":"Sludge Belcher","card_health":5,"card_attack":3},{"card_name":"Mana Wyrm","card_health":3,"card_attack":2},{"card_name":"Sludge Belcher","card_health":4,"card_attack":3}],"opponent_board":[{"card_name":"Malygos","card_health":12,"card_attack":4}]},{"turn":31,"cards_played":["Frostbolt","Fireblast","Fireblast"],"current_player":"me","my_health":30,"opponent_health":0,"my_armor":1,"opponent_armor":0,"my_hand":4,"opponent_hand":5,"my_board":[{"card_name":"Sludge Belcher","card_health":5,"card_attack":3},{"card_name":"Mana Wyrm","card_health":3,"card_attack":3},{"card_name":"Sludge Belcher","card_health":4,"card_attack":3}],"opponent_board":[{"card_name":"Malygos","card_health":12,"card_attack":4}]}],"result":"victory"}