{"plays":[{"turn":1,"cards_played":[],"current_player":"opponent","my_health":30,"opponent_health":0,"my_armor":0,"opponent_armor":0,"my_hand":1,"opponent_hand":0,"my_board":[],"opponent_board":[]},{"turn":2,"cards_played":["Southsea Deckhand","The Coin","Unstable Portal"],"current_player":"me","my_health":30,"opponent_health":30,"my_armor":0,"opponent_armor":0,"my_hand":5,"opponent_hand":3,"my_board":[],"opponent_board":[{"card_name":"Southsea Deckhand","card_health":1,"card_attack":2}]},{"turn":3,"cards_played":["Knife Juggler"],"current_player":"opponent","my_health":28,"opponent_health":30,"my_armor":0,"opponent_armor":0,"my_hand":5,"opponent_hand":3,"my_board":[],"opponent_board":[{"card_name":"Southsea Deckhand","card_health":1,"card_attack":2},{"card_name":"Knife Juggler","card_health":2,"card_attack":3}]},{"turn":4,"cards_played":["Frostbolt"],"current_player":"me","my_health":28,"opponent_health":30,"my_armor":0,"opponent_armor":0,"my_hand":5,"opponent_hand":3,"my_board":[],"opponent_board":[{"card_name":"Southsea Deckhand","card_health":1,"card_attack":2}]},{"turn":5,"cards_played":["Argent Squire","Reinforce"],"current_player":"opponent","my_health":26,"opponent_health":30,"my_armor":0,"opponent_armor":0,"my_hand":5,"opponent_hand":3,"my_board":[],"opponent_board":[{"card_name":"Southsea Deckhand","card_health":1,"card_attack":2},{"card_name":"Argent Squire","card_health":1,"card_attack":1},{"card_name":"Silver Hand Recruit","card_health":1,"card_attack":1}]},{"turn":6,"cards_played":["Elite Tauren Chieftain"],"current_player":"me","my_health":26,"opponent_health":30,"my_armor":0,"opponent_armor":0,"my_hand":6,"opponent_hand":4,"my_board":[{"card_name":"Elite Tauren Chieftain","card_health":5,"card_attack":5}],"opponent_board":[{"card_name":"Southsea Deckhand","card_health":1,"card_attack":2},{"card_name":"Argent Squire","card_health":1,"card_attack":1},{"card_name":"Silver Hand Recruit","card_health":1,"card_attack":1}]},{"turn":7,"cards_played":["Blessing of Might","Argent Protector","Southsea Deckhand"],"current_player":"opponent","my_health":19,"opponent_health":30,"my_armor":0,"opponent_armor":0,"my_hand":6,"opponent_hand":2,"my_board":[{"card_name":"Elite Tauren Chieftain","card_health":5,"card_attack":5}],"opponent_board":[{"card_name":"Southsea Deckhand","card_health":1,"card_attack":2},{"card_name":"Southsea Deckhand","card_health":1,"card_attack":2},{"card_name":"Argent Squire","card_health":1,"card_attack":4},{"card_name":"Argent Protector","card_health":2,"card_attack":2},{"card_name":"Silver Hand Recruit","card_health":1,"card_attack":1}]},{"turn":8,"cards_played":["I Am Murloc"],"current_player":"me","my_health":19,"opponent_health":30,"my_armor":0,"opponent_armor":0,"my_hand":6,"opponent_hand":2,"my_board":[{"card_name":"Elite Tauren Chieftain","card_health":3,"card_attack":5},{"card_name":"Murloc","card_health":1,"card_attack":1},{"card_name":"Murloc","card_health":1,"card_attack":1},{"card_name":"Murloc","card_health":1,"card_attack":1},{"card_name":"Murloc","card_health":1,"card_attack":1}],"opponent_board":[{"card_name":"Southsea Deckhand","card_health":1,"card_attack":2},{"card_name":"Southsea Deckhand","card_health":1,"card_attack":2},{"card_name":"Argent Squire","card_health":1,"card_attack":4},{"card_name":"Silver Hand Recruit","card_health":1,"card_attack":1}]},{"turn":9,"cards_played":["Blessing of Kings"],"current_player":"opponent","my_health":6,"opponent_health":30,"my_armor":0,"opponent_armor":0,"my_hand":6,"opponent_hand":2,"my_board":[{"card_name":"Elite Tauren Chieftain","card_health":3,"card_attack":5},{"card_name":"Murloc","card_health":1,"card_attack":1},{"card_name":"Murloc","card_health":1,"card_attack":1},{"card_name":"Murloc","card_health":1,"card_attack":1},{"card_name":"Murloc","card_health":1,"card_attack":1}],"opponent_board":[{"card_name":"Southsea Deckhand","card_health":1,"card_attack":2},{"card_name":"Southsea Deckhand","card_health":1,"card_attack":2},{"card_name":"Argent Squire","card_health":5,"card_attack":8},{"card_name":"Silver Hand Recruit","card_health":1,"card_attack":1}]},{"turn":10,"cards_played":["Polymorph","Zombie Chow"],"current_player":"me","my_health":6,"opponent_health":30,"my_armor":0,"opponent_armor":0,"my_hand":5,"opponent_hand":2,"my_board":[{"card_name":"Zombie Chow","card_health":3,"card_attack":2},{"card_name":"Elite Tauren Chieftain","card_health":2,"card_attack":5}],"opponent_board":[]},{"turn":11,"cards_played":["Arcane Golem","Reinforce"],"current_player":"opponent","my_health":2,"opponent_health":30,"my_armor":0,"opponent_armor":0,"my_hand":5,"opponent_hand":2,"my_board":[{"card_name":"Zombie Chow","card_health":3,"card_attack":2},{"card_name":"Elite Tauren Chieftain","card_health":2,"card_attack":5}],"opponent_board":[{"card_name":"Arcane Golem","card_health":2,"card_attack":4},{"card_name":"Silver Hand Recruit","card_health":1,"card_attack":1}]},{"turn":12,"cards_played":["Dr. Boom"],"current_player":"me","my_health":2,"opponent_health":30,"my_armor":0,"opponent_armor":0,"my_hand":5,"opponent_hand":2,"my_board":[{"card_name":"Dr. Boom","card_health":7,"card_attack":7},{"card_name":"Elite Tauren Chieftain","card_health":1,"card_attack":5},{"card_name":"Boom Bot","card_health":1,"card_attack":1},{"card_name":"Boom Bot","card_health":1,"card_attack":1}],"opponent_board":[]},{"turn":13,"cards_played":["Power of the Horde","Reinforce"],"current_player":"opponent","my_health":2,"opponent_health":30,"my_armor":0,"opponent_armor":0,"my_hand":5,"opponent_hand":2,"my_board":[{"card_name":"Dr. Boom","card_health":7,"card_attack":7},{"card_name":"Elite Tauren Chieftain","card_health":1,"card_attack":5},{"card_name":"Boom Bot","card_health":1,"card_attack":1},{"card_name":"Boom Bot","card_health":1,"card_attack":1}],"opponent_board":[{"card_name":"Sen'jin Shieldmasta","card_health":5,"card_attack":3},{"card_name":"Silver Hand Recruit","card_health":1,"card_attack":1}]},{"turn":14,"cards_played":["Sludge Belcher","Fireblast","Fireblast"],"current_player":"me","my_health":2,"opponent_health":21,"my_armor":0,"opponent_armor":0,"my_hand":5,"opponent_hand":2,"my_board":[{"card_name":"Sludge Belcher","card_health":5,"card_attack":3},{"card_name":"Dr. Boom","card_health":7,"card_attack":7},{"card_name":"Boom Bot","card_health":1,"card_attack":1},{"card_name":"Boom Bot","card_health":1,"card_attack":1}],"opponent_board":[]},{"turn":15,"cards_played":["Knife Juggler","Ironbeak Owl","Piloted Shredder"],"current_player":"opponent","my_health":2,"opponent_health":21,"my_armor":0,"opponent_armor":0,"my_hand":5,"opponent_hand":0,"my_board":[{"card_name":"Sludge Belcher","card_health":5,"card_attack":3},{"card_name":"Dr. Boom","card_health":6,"card_attack":7},{"card_name":"Boom Bot","card_health":1,"card_attack":1},{"card_name":"Boom Bot","card_health":1,"card_attack":1}],"opponent_board":[{"card_name":"Ironbeak Owl","card_health":1,"card_attack":2},{"card_name":"Knife Juggler","card_health":2,"card_attack":3},{"card_name":"Piloted Shredder","card_health":3,"card_attack":4}]},{"turn":16,"cards_played":["Fireblast","Fireblast","Water Elemental"],"current_player":"me","my_health":1,"opponent_health":14,"my_armor":0,"opponent_armor":0,"my_hand":4,"opponent_hand":0,"my_board":[{"card_name":"Sludge Belcher","card_health":1,"card_attack":3},{"card_name":"Water Elemental","card_health":6,"card_attack":3},{"card_name":"Dr. Boom","card_health":6,"card_attack":7}],"opponent_board":[]},{"turn":17,"cards_played":["Reinforce","Equality"],"current_player":"opponent","my_health":1,"opponent_health":14,"my_armor":0,"opponent_armor":0,"my_hand":4,"opponent_hand":0,"my_board":[{"card_name":"Sludge Belcher","card_health":5,"card_attack":3},{"card_name":"Water Elemental","card_health":6,"card_attack":3},{"card_name":"Dr. Boom","card_health":7,"card_attack":7}],"opponent_board":[{"card_name":"Silver Hand Recruit","card_health":1,"card_attack":1}]},{"turn":18,"cards_played":["Fireblast","Fireblast","Ragnaros the Firelord"],"current_player":"me","my_health":1,"opponent_health":-7,"my_armor":0,"opponent_armor":0,"my_hand":4,"opponent_hand":0,"my_board":[{"card_name":"Sludge Belcher","card_health":1,"card_attack":3},{"card_name":"Water Elemental","card_health":1,"card_attack":3},{"card_name":"Dr. Boom","card_health":1,"card_attack":7},{"card_name":"Ragnaros the Firelord","card_health":8,"card_attack":8}],"opponent_board":[]}],"result":"victory"}