{"plays":[{"turn":1,"cards_played":[],"current_player":"me","my_health":0,"opponent_health":30,"my_armor":0,"opponent_armor":0,"my_hand":0,"opponent_hand":1,"my_board":[],"opponent_board":[]},{"turn":2,"cards_played":[],"current_player":"me","my_health":30,"opponent_health":30,"my_armor":0,"opponent_armor":0,"my_hand":6,"opponent_hand":4,"my_board":[],"opponent_board":[]},{"turn":3,"cards_played":["Unstable Portal"],"current_player":"opponent","my_health":30,"opponent_health":30,"my_armor":0,"opponent_armor":0,"my_hand":6,"opponent_hand":5,"my_board":[],"opponent_board":[]},{"turn":4,"cards_played":["Mad Scientist"],"current_player":"me","my_health":30,"opponent_health":30,"my_armor":0,"opponent_armor":0,"my_hand":6,"opponent_hand":5,"my_board":[{"card_name":"Mad Scientist","card_health":2,"card_attack":2}],"opponent_board":[]},{"turn":5,"cards_played":["Spider Tank"],"current_player":"opponent","my_health":30,"opponent_health":30,"my_armor":0,"opponent_armor":0,"my_hand":6,"opponent_hand":5,"my_board":[{"card_name":"Mad Scientist","card_health":2,"card_attack":2}],"opponent_board":[{"card_name":"Spider Tank","card_health":4,"card_attack":3}]},{"turn":6,"cards_played":["Sorcerer's Apprentice","Arcane Missiles","Unstable Portal"],"current_player":"me","my_health":30,"opponent_health":29,"my_armor":0,"opponent_armor":0,"my_hand":5,"opponent_hand":5,"my_board":[{"card_name":"Sorcerer's Apprentice","card_health":2,"card_attack":3}],"opponent_board":[]},{"turn":7,"cards_played":["Frostbolt","Snowchugger"],"current_player":"opponent","my_health":30,"opponent_health":29,"my_armor":0,"opponent_armor":0,"my_hand":5,"opponent_hand":4,"my_board":[{"card_name":"Scavenging Hyena","card_health":2,"card_attack":2}],"opponent_board":[{"card_name":"Snowchugger","card_health":3,"card_attack":2}]},{"turn":8,"cards_played":["Mad Scientist","Frostbolt"],"current_player":"me","my_health":30,"opponent_health":27,"my_armor":0,"opponent_armor":0,"my_hand":4,"opponent_hand":4,"my_board":[{"card_name":"Mad Scientist","card_health":2,"card_attack":2},{"card_name":"Scavenging Hyena","card_health":2,"card_attack":2}],"opponent_board":[]},{"turn":9,"cards_played":["Nightblade","Spider Tank"],"current_player":"opponent","my_health":27,"opponent_health":27,"my_armor":0,"opponent_armor":0,"my_hand":4,"opponent_hand":3,"my_board":[{"card_name":"Mad Scientist","card_health":2,"card_attack":2},{"card_name":"Scavenging Hyena","card_health":2,"card_attack":2}],"opponent_board":[{"card_name":"Spider Tank","card_health":4,"card_attack":3},{"card_name":"Nightblade","card_health":4,"card_attack":4}]},{"turn":10,"cards_played":["Arcane Missiles"],"current_player":"me","my_health":27,"opponent_health":24,"my_armor":0,"opponent_armor":0,"my_hand":3,"opponent_hand":3,"my_board":[],"opponent_board":[{"card_name":"Spider Tank","card_health":4,"card_attack":3}]},{"turn":11,"cards_played":["Cogmaster","Annoy-o-Tron","Snowchugger"],"current_player":"opponent","my_health":27,"opponent_health":24,"my_armor":0,"opponent_armor":0,"my_hand":3,"opponent_hand":1,"my_board":[],"opponent_board":[{"card_name":"Spider Tank","card_health":3,"card_attack":3},{"card_name":"Cogmaster","card_health":2,"card_attack":3},{"card_name":"Annoy-o-Tron","card_health":2,"card_attack":1},{"card_name":"Snowchugger","card_health":3,"card_attack":2}]},{"turn":12,"cards_played":["Fireblast","Fireblast"],"current_player":"me","my_health":27,"opponent_health":24,"my_armor":0,"opponent_armor":0,"my_hand":4,"opponent_hand":1,"my_board":[],"opponent_board":[{"card_name":"Spider Tank","card_health":3,"card_attack":3},{"card_name":"Cogmaster","card_health":2,"card_attack":3},{"card_name":"Annoy-o-Tron","card_health":2,"card_attack":1},{"card_name":"Snowchugger","card_health":3,"card_attack":2}]},{"turn":13,"cards_played":["Fireblast","Fireblast"],"current_player":"opponent","my_health":17,"opponent_health":24,"my_armor":0,"opponent_armor":0,"my_hand":4,"opponent_hand":2,"my_board":[],"opponent_board":[{"card_name":"Spider Tank","card_health":3,"card_attack":3},{"card_name":"Cogmaster","card_health":2,"card_attack":3},{"card_name":"Annoy-o-Tron","card_health":2,"card_attack":1},{"card_name":"Snowchugger","card_health":3,"card_attack":2}]},{"turn":14,"cards_played":["Sorcerer's Apprentice","The Coin","Flamestrike"],"current_player":"me","my_health":17,"opponent_health":24,"my_armor":0,"opponent_armor":0,"my_hand":2,"opponent_hand":2,"my_board":[{"card_name":"Sorcerer's Apprentice","card_health":2,"card_attack":3}],"opponent_board":[]},{"turn":15,"cards_played":["Mana Wyrm","Annoy-o-Tron","Fel Reaver"],"current_player":"opponent","my_health":17,"opponent_health":24,"my_armor":0,"opponent_armor":0,"my_hand":2,"opponent_hand":0,"my_board":[{"card_name":"Sorcerer's Apprentice","card_health":2,"card_attack":3}],"opponent_board":[{"card_name":"Fel Reaver","card_health":8,"card_attack":8},{"card_name":"Mana Wyrm","card_health":3,"card_attack":1},{"card_name":"Annoy-o-Tron","card_health":2,"card_attack":1}]},{"turn":16,"cards_played":["Flamewaker","Fireball","Fireblast","Fireblast"],"current_player":"me","my_health":17,"opponent_health":24,"my_armor":0,"opponent_armor":0,"my_hand":1,"opponent_hand":0,"my_board":[{"card_name":"Sorcerer's Apprentice","card_health":1,"card_attack":3},{"card_name":"Flamewaker","card_health":4,"card_attack":2}],"opponent_board":[{"card_name":"Mana Wyrm","card_health":3,"card_attack":1}]},{"turn":17,"cards_played":["Clockwork Gnome","Fireblast","Fireblast"],"current_player":"opponent","my_health":16,"opponent_health":24,"my_armor":0,"opponent_armor":0,"my_hand":1,"opponent_hand":0,"my_board":[{"card_name":"Flamewaker","card_health":4,"card_attack":2}],"opponent_board":[{"card_name":"Mana Wyrm","card_health":3,"card_attack":1},{"card_name":"Clockwork Gnome","card_health":1,"card_attack":2}]},{"turn":18,"cards_played":["Arcane Intellect","Mana Wyrm","Fireball"],"current_player":"me","my_health":16,"opponent_health":17,"my_armor":0,"opponent_armor":0,"my_hand":1,"opponent_hand":1,"my_board":[{"card_name":"Mana Wyrm","card_health":3,"card_attack":2},{"card_name":"Flamewaker","card_health":3,"card_attack":2}],"opponent_board":[]},{"turn":19,"cards_played":["Mechwarper","Fireblast","Fireblast"],"current_player":"opponent","my_health":16,"opponent_health":17,"my_armor":0,"opponent_armor":0,"my_hand":1,"opponent_hand":1,"my_board":[{"card_name":"Mana Wyrm","card_health":3,"card_attack":2},{"card_name":"Flamewaker","card_health":2,"card_attack":2}],"opponent_board":[{"card_name":"Mechwarper","card_health":3,"card_attack":2}]},{"turn":20,"cards_played":[],"current_player":"me","my_health":16,"opponent_health":17,"my_armor":0,"opponent_armor":0,"my_hand":2,"opponent_hand":1,"my_board":[{"card_name":"Mana Wyrm","card_health":3,"card_attack":2},{"card_name":"Flamewaker","card_health":2,"card_attack":2}],"opponent_board":[{"card_name":"Mechwarper","card_health":3,"card_attack":2}]}],"result":"victory"}