{"plays":[{"turn":1,"cards_played":[],"current_player":"me","my_health":0,"opponent_health":0,"my_armor":0,"opponent_armor":0,"my_hand":0,"opponent_hand":1,"my_board":[],"opponent_board":[]},{"turn":2,"cards_played":["Flame Imp"],"current_player":"opponent","my_health":30,"opponent_health":30,"my_armor":0,"opponent_armor":0,"my_hand":4,"opponent_hand":5,"my_board":[],"opponent_board":[{"card_name":"Flame Imp","card_health":2,"card_attack":3}]},{"turn":3,"cards_played":["King's Elekk"],"current_player":"me","my_health":30,"opponent_health":27,"my_armor":0,"opponent_armor":0,"my_hand":5,"opponent_hand":5,"my_board":[{"card_name":"King's Elekk","card_health":2,"card_attack":3}],"opponent_board":[{"card_name":"Flame Imp","card_health":2,"card_attack":3}]},{"turn":4,"cards_played":["The Coin","Darkshire Councilman"],"current_player":"opponent","my_health":30,"opponent_health":27,"my_armor":0,"opponent_armor":0,"my_hand":5,"opponent_hand":4,"my_board":[],"opponent_board":[{"card_name":"Darkshire Councilman","card_health":5,"card_attack":1}]},{"turn":5,"cards_played":["Deadly Shot"],"current_player":"me","my_health":30,"opponent_health":27,"my_armor":0,"opponent_armor":0,"my_hand":5,"opponent_hand":4,"my_board":[],"opponent_board":[]},{"turn":6,"cards_played":["Knife Juggler","Argent Squire"],"current_player":"opponent","my_health":30,"opponent_health":27,"my_armor":0,"opponent_armor":0,"my_hand":5,"opponent_hand":3,"my_board":[],"opponent_board":[{"card_name":"Knife Juggler","card_health":2,"card_attack":2},{"card_name":"Argent Squire","card_health":1,"card_attack":1}]},{"turn":7,"cards_played":["Animal Companion","Fiery Bat"],"current_player":"me","my_health":29,"opponent_health":27,"my_armor":0,"opponent_armor":0,"my_hand":4,"opponent_hand":3,"my_board":[{"card_name":"Fiery Bat","card_health":1,"card_attack":2},{"card_name":"Leokk","card_health":4,"card_attack":2}],"opponent_board":[{"card_name":"Knife Juggler","card_health":2,"card_attack":2},{"card_name":"Argent Squire","card_health":1,"card_attack":1}]},{"turn":8,"cards_played":["Defender of Argus"],"current_player":"opponent","my_health":24,"opponent_health":27,"my_armor":0,"opponent_armor":0,"my_hand":4,"opponent_hand":3,"my_board":[{"card_name":"Leokk","card_health":4,"card_attack":2}],"opponent_board":[{"card_name":"Knife Juggler","card_health":2,"card_attack":3},{"card_name":"Defender of Argus","card_health":3,"card_attack":2},{"card_name":"Argent Squire","card_health":2,"card_attack":2}]},{"turn":9,"cards_played":["Animal Companion","Huge Toad"],"current_player":"me","my_health":24,"opponent_health":27,"my_armor":0,"opponent_armor":0,"my_hand":3,"opponent_hand":3,"my_board":[{"card_name":"Huge Toad","card_health":2,"card_attack":5},{"card_name":"Leokk","card_health":1,"card_attack":3},{"card_name":"Leokk","card_health":4,"card_attack":3}],"opponent_board":[{"card_name":"Defender of Argus","card_health":3,"card_attack":2},{"card_name":"Argent Squire","card_health":2,"card_attack":2}]},{"turn":10,"cards_played":["Knife Juggler","Bilefin Tidehunter","Argent Squire"],"current_player":"opponent","my_health":20,"opponent_health":27,"my_armor":0,"opponent_armor":0,"my_hand":3,"opponent_hand":1,"my_board":[{"card_name":"Leokk","card_health":4,"card_attack":2}],"opponent_board":[{"card_name":"Defender of Argus","card_health":3,"card_attack":2},{"card_name":"Argent Squire","card_health":2,"card_attack":2},{"card_name":"Bilefin Tidehunter","card_health":1,"card_attack":2},{"card_name":"Argent Squire","card_health":1,"card_attack":1},{"card_name":"Knife Juggler","card_health":1,"card_attack":2},{"card_name":"Ooze","card_health":1,"card_attack":1}]},{"turn":11,"cards_played":["Unleash the Hounds","Steady Shot"],"current_player":"me","my_health":20,"opponent_health":25,"my_armor":0,"opponent_armor":0,"my_hand":3,"opponent_hand":1,"my_board":[{"card_name":"Leokk","card_health":3,"card_attack":2}],"opponent_board":[{"card_name":"Argent Squire","card_health":1,"card_attack":1}]},{"turn":12,"cards_played":["Darkshire Councilman","Imp Gang Boss"],"current_player":"opponent","my_health":19,"opponent_health":25,"my_armor":0,"opponent_armor":0,"my_hand":3,"opponent_hand":0,"my_board":[{"card_name":"Leokk","card_health":3,"card_attack":2}],"opponent_board":[{"card_name":"Darkshire Councilman","card_health":5,"card_attack":2},{"card_name":"Imp Gang Boss","card_health":4,"card_attack":2},{"card_name":"Argent Squire","card_health":1,"card_attack":1}]},{"turn":13,"cards_played":["Sylvanas Windrunner"],"current_player":"me","my_health":19,"opponent_health":25,"my_armor":0,"opponent_armor":0,"my_hand":3,"opponent_hand":0,"my_board":[{"card_name":"Sylvanas Windrunner","card_health":5,"card_attack":6},{"card_name":"Leokk","card_health":2,"card_attack":2}],"opponent_board":[{"card_name":"Darkshire Councilman","card_health":5,"card_attack":2},{"card_name":"Imp Gang Boss","card_health":4,"card_attack":2}]},{"turn":14,"cards_played":["Life Tap","Imp Gang Boss"],"current_player":"opponent","my_health":15,"opponent_health":23,"my_armor":0,"opponent_armor":0,"my_hand":3,"opponent_hand":1,"my_board":[{"card_name":"Sylvanas Windrunner","card_health":5,"card_attack":5}],"opponent_board":[{"card_name":"Imp Gang Boss","card_health":4,"card_attack":2},{"card_name":"Darkshire Councilman","card_health":5,"card_attack":4},{"card_name":"Imp Gang Boss","card_health":2,"card_attack":2},{"card_name":"Imp","card_health":1,"card_attack":1}]},{"turn":15,"cards_played":["Savannah Highmane","Steady Shot"],"current_player":"me","my_health":15,"opponent_health":21,"my_armor":0,"opponent_armor":0,"my_hand":3,"opponent_hand":1,"my_board":[{"card_name":"Sylvanas Windrunner","card_health":1,"card_attack":5},{"card_name":"Savannah Highmane","card_health":5,"card_attack":6}],"opponent_board":[{"card_name":"Imp Gang Boss","card_health":4,"card_attack":2},{"card_name":"Imp Gang Boss","card_health":2,"card_attack":2},{"card_name":"Imp","card_health":1,"card_attack":1}]},{"turn":16,"cards_played":["Life Tap","Dark Peddler","Power Overwhelming","Forbidden Ritual"],"current_player":"opponent","my_health":13,"opponent_health":19,"my_armor":0,"opponent_armor":0,"my_hand":3,"opponent_hand":1,"my_board":[{"card_name":"Hyena","card_health":2,"card_attack":2},{"card_name":"Hyena","card_health":2,"card_attack":2}],"opponent_board":[{"card_name":"Imp Gang Boss","card_health":4,"card_attack":2},{"card_name":"Dark Peddler","card_health":2,"card_attack":2},{"card_name":"Icky Tentacle","card_health":1,"card_attack":1},{"card_name":"Icky Tentacle","card_health":1,"card_attack":1},{"card_name":"Icky Tentacle","card_health":1,"card_attack":1},{"card_name":"Imp","card_health":1,"card_attack":1}]},{"turn":17,"cards_played":["Princess Huhuran","Houndmaster"],"current_player":"me","my_health":13,"opponent_health":19,"my_armor":0,"opponent_armor":0,"my_hand":2,"opponent_hand":1,"my_board":[{"card_name":"Princess Huhuran","card_health":7,"card_attack":8},{"card_name":"Houndmaster","card_health":3,"card_attack":4},{"card_name":"Hyena","card_health":1,"card_attack":2},{"card_name":"Hyena","card_health":1,"card_attack":2}],"opponent_board":[{"card_name":"Imp Gang Boss","card_health":4,"card_attack":2},{"card_name":"Dark Peddler","card_health":2,"card_attack":2}]},{"turn":18,"cards_played":["Life Tap","Dire Wolf Alpha","Abusive Sergeant","Bilefin Tidehunter"],"current_player":"opponent","my_health":13,"opponent_health":17,"my_armor":0,"opponent_armor":0,"my_hand":2,"opponent_hand":0,"my_board":[{"card_name":"Houndmaster","card_health":3,"card_attack":4},{"card_name":"Hyena","card_health":1,"card_attack":2},{"card_name":"Hyena","card_health":1,"card_attack":2}],"opponent_board":[{"card_name":"Dire Wolf Alpha","card_health":2,"card_attack":2},{"card_name":"Bilefin Tidehunter","card_health":1,"card_attack":3},{"card_name":"Abusive Sergeant","card_health":1,"card_attack":3},{"card_name":"Imp","card_health":1,"card_attack":1},{"card_name":"Ooze","card_health":1,"card_attack":1}]},{"turn":19,"cards_played":["Fiery Bat","Eaglehorn Bow","Quick Shot","Steady Shot"],"current_player":"me","my_health":12,"opponent_health":15,"my_armor":0,"opponent_armor":0,"my_hand":1,"opponent_hand":0,"my_board":[{"card_name":"Houndmaster","card_health":2,"card_attack":4},{"card_name":"Fiery Bat","card_health":1,"card_attack":2}],"opponent_board":[]},{"turn":20,"cards_played":["Life Tap","Dark Peddler","Blood Imp"],"current_player":"opponent","my_health":12,"opponent_health":13,"my_armor":0,"opponent_armor":0,"my_hand":1,"opponent_hand":1,"my_board":[{"card_name":"Houndmaster","card_health":2,"card_attack":4},{"card_name":"Fiery Bat","card_health":1,"card_attack":2}],"opponent_board":[{"card_name":"Dark Peddler","card_health":2,"card_attack":2},{"card_name":"Blood Imp","card_health":1,"card_attack":0}]},{"turn":21,"cards_played":[],"current_player":"me","my_health":12,"opponent_health":13,"my_armor":0,"opponent_armor":0,"my_hand":2,"opponent_hand":1,"my_board":[{"card_name":"Houndmaster","card_health":2,"card_attack":4},{"card_name":"Fiery Bat","card_health":1,"card_attack":2}],"opponent_board":[{"card_name":"Dark Peddler","card_health":3,"card_attack":2},{"card_name":"Blood Imp","card_health":1,"card_attack":0}]}],"result":"victory"}