{"plays":[{"turn":1,"cards_played":[],"current_player":"opponent","my_health":30,"opponent_health":0,"my_armor":0,"opponent_armor":0,"my_hand":1,"opponent_hand":0,"my_board":[],"opponent_board":[]},{"turn":2,"cards_played":["Zombie Chow"],"current_player":"me","my_health":30,"opponent_health":30,"my_armor":0,"opponent_armor":0,"my_hand":5,"opponent_hand":4,"my_board":[{"card_name":"Zombie Chow","card_health":3,"card_attack":2}],"opponent_board":[]},{"turn":3,"cards_played":["Armor Up!"],"current_player":"opponent","my_health":30,"opponent_health":30,"my_armor":0,"opponent_armor":2,"my_hand":5,"opponent_hand":5,"my_board":[{"card_name":"Zombie Chow","card_health":3,"card_attack":2}],"opponent_board":[]},{"turn":4,"cards_played":["Unstable Portal"],"current_player":"me","my_health":30,"opponent_health":30,"my_armor":0,"opponent_armor":0,"my_hand":6,"opponent_hand":5,"my_board":[{"card_name":"Zombie Chow","card_health":3,"card_attack":2}],"opponent_board":[]},{"turn":5,"cards_played":["Armor Up!"],"current_player":"opponent","my_health":30,"opponent_health":30,"my_armor":0,"opponent_armor":2,"my_hand":6,"opponent_hand":6,"my_board":[{"card_name":"Zombie Chow","card_health":3,"card_attack":2}],"opponent_board":[]},{"turn":6,"cards_played":["Mad Scientist"],"current_player":"me","my_health":30,"opponent_health":30,"my_armor":0,"opponent_armor":0,"my_hand":6,"opponent_hand":6,"my_board":[{"card_name":"Mad Scientist","card_health":2,"card_attack":2},{"card_name":"Zombie Chow","card_health":3,"card_attack":2}],"opponent_board":[]},{"turn":7,"cards_played":["Gnomish Inventor"],"current_player":"opponent","my_health":30,"opponent_health":30,"my_armor":0,"opponent_armor":0,"my_hand":6,"opponent_hand":7,"my_board":[{"card_name":"Mad Scientist","card_health":2,"card_attack":2},{"card_name":"Zombie Chow","card_health":3,"card_attack":2}],"opponent_board":[{"card_name":"Gnomish Inventor","card_health":4,"card_attack":2}]},{"turn":8,"cards_played":["Zombie Chow"],"current_player":"me","my_health":30,"opponent_health":30,"my_armor":0,"opponent_armor":0,"my_hand":5,"opponent_hand":7,"my_board":[{"card_name":"Zombie Chow","card_health":3,"card_attack":2},{"card_name":"Zombie Chow","card_health":1,"card_attack":2}],"opponent_board":[]},{"turn":9,"cards_played":["Fiery War Axe","Dread Corsair","Armorsmith"],"current_player":"opponent","my_health":30,"opponent_health":27,"my_armor":0,"opponent_armor":0,"my_hand":5,"opponent_hand":5,"my_board":[{"card_name":"Zombie Chow","card_health":3,"card_attack":2},{"card_name":"Zombie Chow","card_health":1,"card_attack":2}],"opponent_board":[{"card_name":"Armorsmith","card_health":4,"card_attack":1},{"card_name":"Dread Corsair","card_health":3,"card_attack":3}]},{"turn":10,"cards_played":["The Coin","Emperor Thaurissan"],"current_player":"me","my_health":30,"opponent_health":30,"my_armor":0,"opponent_armor":2,"my_hand":4,"opponent_hand":5,"my_board":[{"card_name":"Emperor Thaurissan","card_health":5,"card_attack":5}],"opponent_board":[{"card_name":"Armorsmith","card_health":4,"card_attack":1}]},{"turn":11,"cards_played":["Execute","Cruel Taskmaster","Battle Rage"],"current_player":"opponent","my_health":30,"opponent_health":27,"my_armor":5,"opponent_armor":1,"my_hand":4,"opponent_hand":5,"my_board":[],"opponent_board":[{"card_name":"Armorsmith","card_health":3,"card_attack":3},{"card_name":"Cruel Taskmaster","card_health":2,"card_attack":2}]},{"turn":12,"cards_played":["Sludge Belcher"],"current_player":"me","my_health":30,"opponent_health":27,"my_armor":5,"opponent_armor":1,"my_hand":3,"opponent_hand":5,"my_board":[{"card_name":"Sludge Belcher","card_health":5,"card_attack":3}],"opponent_board":[{"card_name":"Armorsmith","card_health":3,"card_attack":3},{"card_name":"Cruel Taskmaster","card_health":2,"card_attack":2}]},{"turn":13,"cards_played":["Execute","Armor Up!"],"current_player":"opponent","my_health":30,"opponent_health":27,"my_armor":5,"opponent_armor":5,"my_hand":3,"opponent_hand":5,"my_board":[],"opponent_board":[{"card_name":"Armorsmith","card_health":2,"card_attack":3}]},{"turn":14,"cards_played":["Unstable Portal","Water Elemental","Fireblast","Fireblast"],"current_player":"me","my_health":30,"opponent_health":27,"my_armor":5,"opponent_armor":4,"my_hand":3,"opponent_hand":5,"my_board":[{"card_name":"Water Elemental","card_health":6,"card_attack":3}],"opponent_board":[{"card_name":"Armorsmith","card_health":2,"card_attack":3}]},{"turn":15,"cards_played":["Warsong Commander","Frothing Berserker","Whirlwind"],"current_player":"opponent","my_health":30,"opponent_health":27,"my_armor":10,"opponent_armor":8,"my_hand":3,"opponent_hand":3,"my_board":[],"opponent_board":[{"card_name":"Warsong Commander","card_health":2,"card_attack":2},{"card_name":"Armorsmith","card_health":1,"card_attack":3}]},{"turn":16,"cards_played":["Fireblast","Fireblast","Mana Wyrm","Temple Enforcer"],"current_player":"me","my_health":30,"opponent_health":27,"my_armor":10,"opponent_armor":9,"my_hand":2,"opponent_hand":3,"my_board":[{"card_name":"Mana Wyrm","card_health":3,"card_attack":1},{"card_name":"Temple Enforcer","card_health":6,"card_attack":6}],"opponent_board":[{"card_name":"Warsong Commander","card_health":2,"card_attack":2}]},{"turn":17,"cards_played":["Battle Rage","Acolyte of Pain","Armorsmith","Armor Up!"],"current_player":"opponent","my_health":30,"opponent_health":27,"my_armor":8,"opponent_armor":12,"my_hand":2,"opponent_hand":4,"my_board":[{"card_name":"Mana Wyrm","card_health":4,"card_attack":1},{"card_name":"Temple Enforcer","card_health":6,"card_attack":6}],"opponent_board":[{"card_name":"Warsong Commander","card_health":2,"card_attack":2},{"card_name":"Armorsmith","card_health":3,"card_attack":1},{"card_name":"Acolyte of Pain","card_health":2,"card_attack":1}]},{"turn":18,"cards_played":["Fireblast","Fireblast","Sludge Belcher"],"current_player":"me","my_health":30,"opponent_health":27,"my_armor":8,"opponent_armor":13,"my_hand":2,"opponent_hand":4,"my_board":[{"card_name":"Sludge Belcher","card_health":5,"card_attack":3},{"card_name":"Mana Wyrm","card_health":2,"card_attack":1},{"card_name":"Temple Enforcer","card_health":5,"card_attack":6}],"opponent_board":[{"card_name":"Acolyte of Pain","card_health":2,"card_attack":1}]},{"turn":19,"cards_played":["Emperor Thaurissan","Unstable Ghoul","Armor Up!"],"current_player":"opponent","my_health":30,"opponent_health":27,"my_armor":8,"opponent_armor":15,"my_hand":2,"opponent_hand":3,"my_board":[{"card_name":"Sludge Belcher","card_health":5,"card_attack":3},{"card_name":"Mana Wyrm","card_health":2,"card_attack":1},{"card_name":"Temple Enforcer","card_health":5,"card_attack":6}],"opponent_board":[{"card_name":"Emperor Thaurissan","card_health":5,"card_attack":5},{"card_name":"Unstable Ghoul","card_health":3,"card_attack":1},{"card_name":"Acolyte of Pain","card_health":2,"card_attack":1}]},{"turn":20,"cards_played":["Dr. Boom","Fireblast","Fireblast"],"current_player":"me","my_health":30,"opponent_health":27,"my_armor":8,"opponent_armor":14,"my_hand":2,"opponent_hand":5,"my_board":[{"card_name":"Sludge Belcher","card_health":3,"card_attack":3},{"card_name":"Mana Wyrm","card_health":1,"card_attack":1},{"card_name":"Dr. Boom","card_health":7,"card_attack":7},{"card_name":"Boom Bot","card_health":1,"card_attack":1},{"card_name":"Boom Bot","card_health":1,"card_attack":1}],"opponent_board":[]},{"turn":21,"cards_played":["Grommash Hellscream","Armor Up!"],"current_player":"opponent","my_health":30,"opponent_health":27,"my_armor":8,"opponent_armor":16,"my_hand":2,"opponent_hand":5,"my_board":[{"card_name":"Mana Wyrm","card_health":1,"card_attack":1},{"card_name":"Dr. Boom","card_health":7,"card_attack":7},{"card_name":"Boom Bot","card_health":1,"card_attack":1},{"card_name":"Boom Bot","card_health":1,"card_attack":1},{"card_name":"Slime","card_health":2,"card_attack":1}],"opponent_board":[{"card_name":"Grommash Hellscream","card_health":6,"card_attack":10}]},{"turn":22,"cards_played":["Frostbolt","Fireblast","Fireblast"],"current_player":"me","my_health":30,"opponent_health":27,"my_armor":8,"opponent_armor":2,"my_hand":2,"opponent_hand":5,"my_board":[{"card_name":"Mana Wyrm","card_health":1,"card_attack":2},{"card_name":"Dr. Boom","card_health":7,"card_attack":7},{"card_name":"Slime","card_health":2,"card_attack":1}],"opponent_board":[]},{"turn":23,"cards_played":["Death's Bite","Dread Corsair","Armor Up!"],"current_player":"opponent","my_health":30,"opponent_health":27,"my_armor":8,"opponent_armor":3,"my_hand":2,"opponent_hand":4,"my_board":[{"card_name":"Mana Wyrm","card_health":1,"card_attack":2},{"card_name":"Dr. Boom","card_health":7,"card_attack":7}],"opponent_board":[{"card_name":"Dread Corsair","card_health":3,"card_attack":3}]},{"turn":24,"cards_played":["Fireblast","Fireblast"],"current_player":"me","my_health":30,"opponent_health":23,"my_armor":8,"opponent_armor":0,"my_hand":3,"opponent_hand":4,"my_board":[{"card_name":"Dr. Boom","card_health":7,"card_attack":7}],"opponent_board":[]},{"turn":25,"cards_played":["Death's Bite","Armor Up!"],"current_player":"opponent","my_health":30,"opponent_health":16,"my_armor":8,"opponent_armor":2,"my_hand":3,"opponent_hand":4,"my_board":[{"card_name":"Dr. Boom","card_health":2,"card_attack":7}],"opponent_board":[]},{"turn":26,"cards_played":["Fireblast","Fireblast"],"current_player":"me","my_health":30,"opponent_health":10,"my_armor":8,"opponent_armor":0,"my_hand":3,"opponent_hand":4,"my_board":[{"card_name":"Dr. Boom","card_health":2,"card_attack":7}],"opponent_board":[]},{"turn":27,"cards_played":["Warsong Commander","Grim Patron","Commanding Shout","Armor Up!"],"current_player":"opponent","my_health":30,"opponent_health":10,"my_armor":1,"opponent_armor":2,"my_hand":5,"opponent_hand":3,"my_board":[],"opponent_board":[{"card_name":"Grim Patron","card_health":1,"card_attack":3},{"card_name":"Warsong Commander","card_health":3,"card_attack":2},{"card_name":"Grim Patron","card_health":3,"card_attack":3}]},{"turn":28,"cards_played":["Flamestrike","Fireblast"],"current_player":"me","my_health":30,"opponent_health":10,"my_armor":1,"opponent_armor":1,"my_hand":5,"opponent_hand":3,"my_board":[],"opponent_board":[]},{"turn":29,"cards_played":["Grim Patron","Frothing Berserker","Fiery War Axe"],"current_player":"opponent","my_health":27,"opponent_health":10,"my_armor":0,"opponent_armor":1,"my_hand":5,"opponent_hand":1,"my_board":[],"opponent_board":[{"card_name":"Grim Patron","card_health":2,"card_attack":3},{"card_name":"Frothing Berserker","card_health":3,"card_attack":4},{"card_name":"Grim Patron","card_health":3,"card_attack":3}]},{"turn":30,"cards_played":["Arcane Intellect","Flamestrike"],"current_player":"me","my_health":27,"opponent_health":10,"my_armor":0,"opponent_armor":1,"my_hand":6,"opponent_hand":1,"my_board":[],"opponent_board":[]},{"turn":31,"cards_played":[],"current_player":"opponent","my_health":27,"opponent_health":10,"my_armor":0,"opponent_armor":1,"my_hand":6,"opponent_hand":2,"my_board":[],"opponent_board":[]},{"turn":32,"cards_played":["Dr. Boom","Fireblast"],"current_player":"me","my_health":27,"opponent_health":10,"my_armor":0,"opponent_armor":0,"my_hand":6,"opponent_hand":2,"my_board":[{"card_name":"Dr. Boom","card_health":7,"card_attack":7},{"card_name":"Boom Bot","card_health":1,"card_attack":1},{"card_name":"Boom Bot","card_health":1,"card_attack":1}],"opponent_board":[]}],"result":"victory"}