{"plays":[{"turn":1,"cards_played":[],"current_player":"me","my_health":0,"opponent_health":30,"my_armor":0,"opponent_armor":0,"my_hand":0,"opponent_hand":1,"my_board":[],"opponent_board":[]},{"turn":2,"cards_played":["Northshire Cleric","The Coin","Power Word: Shield"],"current_player":"opponent","my_health":30,"opponent_health":30,"my_armor":0,"opponent_armor":0,"my_hand":4,"opponent_hand":4,"my_board":[],"opponent_board":[{"card_name":"Northshire Cleric","card_health":3,"card_attack":1}]},{"turn":3,"cards_played":["Unstable Portal","Pint-Sized Summoner"],"current_player":"me","my_health":30,"opponent_health":30,"my_armor":0,"opponent_armor":0,"my_hand":4,"opponent_hand":4,"my_board":[{"card_name":"Pint-Sized Summoner","card_health":2,"card_attack":2}],"opponent_board":[{"card_name":"Northshire Cleric","card_health":5,"card_attack":1}]},{"turn":4,"cards_played":["Lesser Heal","Lesser Heal"],"current_player":"opponent","my_health":30,"opponent_health":30,"my_armor":0,"opponent_armor":0,"my_hand":4,"opponent_hand":6,"my_board":[{"card_name":"Pint-Sized Summoner","card_health":1,"card_attack":2}],"opponent_board":[{"card_name":"Northshire Cleric","card_health":5,"card_attack":1}]},{"turn":5,"cards_played":["Unstable Portal","Sorcerer's Apprentice"],"current_player":"me","my_health":30,"opponent_health":28,"my_armor":0,"opponent_armor":0,"my_hand":4,"opponent_hand":6,"my_board":[{"card_name":"Pint-Sized Summoner","card_health":1,"card_attack":2},{"card_name":"Sorcerer's Apprentice","card_health":2,"card_attack":3}],"opponent_board":[{"card_name":"Northshire Cleric","card_health":5,"card_attack":1}]},{"turn":6,"cards_played":["Injured Blademaster","Circle of Healing"],"current_player":"opponent","my_health":30,"opponent_health":28,"my_armor":0,"opponent_armor":0,"my_hand":4,"opponent_hand":7,"my_board":[{"card_name":"Sorcerer's Apprentice","card_health":2,"card_attack":3}],"opponent_board":[{"card_name":"Northshire Cleric","card_health":5,"card_attack":1},{"card_name":"Injured Blademaster","card_health":7,"card_attack":4}]},{"turn":7,"cards_played":["Mad Scientist"],"current_player":"me","my_health":30,"opponent_health":25,"my_armor":0,"opponent_armor":0,"my_hand":3,"opponent_hand":7,"my_board":[{"card_name":"Mad Scientist","card_health":2,"card_attack":2},{"card_name":"Sorcerer's Apprentice","card_health":2,"card_attack":3}],"opponent_board":[{"card_name":"Northshire Cleric","card_health":5,"card_attack":1},{"card_name":"Injured Blademaster","card_health":7,"card_attack":4}]},{"turn":8,"cards_played":["Light of the Naaru","Lesser Heal","Lesser Heal"],"current_player":"opponent","my_health":30,"opponent_health":28,"my_armor":7,"opponent_armor":0,"my_hand":3,"opponent_hand":8,"my_board":[{"card_name":"Mad Scientist","card_health":2,"card_attack":2}],"opponent_board":[{"card_name":"Northshire Cleric","card_health":5,"card_attack":1},{"card_name":"Injured Blademaster","card_health":6,"card_attack":4},{"card_name":"Lightwarden","card_health":2,"card_attack":3}]},{"turn":9,"cards_played":["Fireblast","Fireblast"],"current_player":"me","my_health":30,"opponent_health":27,"my_armor":7,"opponent_armor":0,"my_hand":4,"opponent_hand":8,"my_board":[],"opponent_board":[{"card_name":"Northshire Cleric","card_health":5,"card_attack":1},{"card_name":"Injured Blademaster","card_health":6,"card_attack":4}]},{"turn":10,"cards_played":["Sludge Belcher"],"current_player":"opponent","my_health":30,"opponent_health":27,"my_armor":7,"opponent_armor":0,"my_hand":4,"opponent_hand":8,"my_board":[{"card_name":"Slime","card_health":2,"card_attack":1}],"opponent_board":[{"card_name":"Northshire Cleric","card_health":2,"card_attack":1},{"card_name":"Sludge Belcher","card_health":5,"card_attack":3},{"card_name":"Injured Blademaster","card_health":3,"card_attack":4}]},{"turn":11,"cards_played":["Fireblast","Fireblast"],"current_player":"me","my_health":30,"opponent_health":27,"my_armor":7,"opponent_armor":0,"my_hand":5,"opponent_hand":8,"my_board":[{"card_name":"Slime","card_health":2,"card_attack":1}],"opponent_board":[{"card_name":"Northshire Cleric","card_health":2,"card_attack":1},{"card_name":"Sludge Belcher","card_health":5,"card_attack":3},{"card_name":"Injured Blademaster","card_health":2,"card_attack":4}]},{"turn":12,"cards_played":["Loatheb"],"current_player":"opponent","my_health":30,"opponent_health":27,"my_armor":2,"opponent_armor":0,"my_hand":5,"opponent_hand":8,"my_board":[],"opponent_board":[{"card_name":"Loatheb","card_health":5,"card_attack":5},{"card_name":"Northshire Cleric","card_health":2,"card_attack":1},{"card_name":"Sludge Belcher","card_health":4,"card_attack":3},{"card_name":"Injured Blademaster","card_health":2,"card_attack":4}]},{"turn":13,"cards_played":["Sludge Belcher","Fireblast","Fireblast"],"current_player":"me","my_health":30,"opponent_health":27,"my_armor":2,"opponent_armor":0,"my_hand":5,"opponent_hand":8,"my_board":[{"card_name":"Sludge Belcher","card_health":5,"card_attack":3}],"opponent_board":[{"card_name":"Loatheb","card_health":4,"card_attack":5},{"card_name":"Northshire Cleric","card_health":2,"card_attack":1},{"card_name":"Sludge Belcher","card_health":4,"card_attack":3},{"card_name":"Injured Blademaster","card_health":2,"card_attack":4}]},{"turn":14,"cards_played":["Velen's Chosen","Lesser Heal","Lesser Heal"],"current_player":"opponent","my_health":25,"opponent_health":27,"my_armor":0,"opponent_armor":0,"my_hand":5,"opponent_hand":9,"my_board":[],"opponent_board":[{"card_name":"Loatheb","card_health":1,"card_attack":5},{"card_name":"Northshire Cleric","card_health":2,"card_attack":1},{"card_name":"Sludge Belcher","card_health":5,"card_attack":3},{"card_name":"Injured Blademaster","card_health":6,"card_attack":6}]},{"turn":15,"cards_played":["Fireblast","Frostbolt"],"current_player":"me","my_health":25,"opponent_health":27,"my_armor":0,"opponent_armor":0,"my_hand":4,"opponent_hand":9,"my_board":[],"opponent_board":[{"card_name":"Northshire Cleric","card_health":2,"card_attack":1},{"card_name":"Sludge Belcher","card_health":5,"card_attack":3},{"card_name":"Injured Blademaster","card_health":3,"card_attack":6}]},{"turn":16,"cards_played":["Northshire Cleric","Lesser Heal","Lesser Heal","Deathlord","Power Word: Shield"],"current_player":"opponent","my_health":21,"opponent_health":27,"my_armor":0,"opponent_armor":0,"my_hand":4,"opponent_hand":9,"my_board":[],"opponent_board":[{"card_name":"Northshire Cleric","card_health":3,"card_attack":1},{"card_name":"Northshire Cleric","card_health":2,"card_attack":1},{"card_name":"Deathlord","card_health":8,"card_attack":2},{"card_name":"Sludge Belcher","card_health":5,"card_attack":3},{"card_name":"Injured Blademaster","card_health":7,"card_attack":6}]},{"turn":17,"cards_played":["Ragnaros the Firelord"],"current_player":"me","my_health":21,"opponent_health":27,"my_armor":0,"opponent_armor":0,"my_hand":4,"opponent_hand":9,"my_board":[{"card_name":"Ragnaros the Firelord","card_health":8,"card_attack":8},{"card_name":"Dr. Boom","card_health":7,"card_attack":7}],"opponent_board":[{"card_name":"Northshire Cleric","card_health":3,"card_attack":1},{"card_name":"Northshire Cleric","card_health":2,"card_attack":1},{"card_name":"Sludge Belcher","card_health":5,"card_attack":3},{"card_name":"Injured Blademaster","card_health":7,"card_attack":6}]},{"turn":18,"cards_played":["Lightbomb","Lesser Heal","Lesser Heal"],"current_player":"opponent","my_health":10,"opponent_health":27,"my_armor":0,"opponent_armor":0,"my_hand":6,"opponent_hand":10,"my_board":[],"opponent_board":[{"card_name":"Northshire Cleric","card_health":1,"card_attack":1},{"card_name":"Sludge Belcher","card_health":3,"card_attack":3}]},{"turn":19,"cards_played":["Dr. Boom","Acolyte of Pain"],"current_player":"me","my_health":10,"opponent_health":27,"my_armor":0,"opponent_armor":0,"my_hand":5,"opponent_hand":10,"my_board":[{"card_name":"Acolyte of Pain","card_health":3,"card_attack":1},{"card_name":"Dr. Boom","card_health":7,"card_attack":7},{"card_name":"Boom Bot","card_health":1,"card_attack":1},{"card_name":"Boom Bot","card_health":1,"card_attack":1}],"opponent_board":[{"card_name":"Northshire Cleric","card_health":1,"card_attack":1},{"card_name":"Sludge Belcher","card_health":3,"card_attack":3}]},{"turn":20,"cards_played":["Mind Control"],"current_player":"opponent","my_health":7,"opponent_health":24,"my_armor":0,"opponent_armor":0,"my_hand":5,"opponent_hand":9,"my_board":[{"card_name":"Acolyte of Pain","card_health":3,"card_attack":1},{"card_name":"Dr. Boom","card_health":7,"card_attack":7},{"card_name":"Boom Bot","card_health":1,"card_attack":1}],"opponent_board":[{"card_name":"Sludge Belcher","card_health":3,"card_attack":3}]},{"turn":21,"cards_played":["Big Game Hunter","Dr. Boom"],"current_player":"me","my_health":7,"opponent_health":24,"my_armor":0,"opponent_armor":0,"my_hand":4,"opponent_hand":9,"my_board":[{"card_name":"Acolyte of Pain","card_health":3,"card_attack":1},{"card_name":"Big Game Hunter","card_health":2,"card_attack":4},{"card_name":"Dr. Boom","card_health":7,"card_attack":7},{"card_name":"Boom Bot","card_health":1,"card_attack":1},{"card_name":"Boom Bot","card_health":1,"card_attack":1},{"card_name":"Boom Bot","card_health":1,"card_attack":1}],"opponent_board":[{"card_name":"Sludge Belcher","card_health":3,"card_attack":3}]},{"turn":22,"cards_played":["Auchenai Soulpriest","Circle of Healing","Injured Blademaster","Lesser Heal","Lesser Heal"],"current_player":"opponent","my_health":7,"opponent_health":18,"my_armor":0,"opponent_armor":0,"my_hand":5,"opponent_hand":7,"my_board":[],"opponent_board":[{"card_name":"Injured Blademaster","card_health":5,"card_attack":4}]},{"turn":23,"cards_played":["Emperor Thaurissan","Polymorph"],"current_player":"me","my_health":7,"opponent_health":18,"my_armor":0,"opponent_armor":0,"my_hand":4,"opponent_hand":7,"my_board":[{"card_name":"Emperor Thaurissan","card_health":5,"card_attack":5}],"opponent_board":[{"card_name":"Sheep","card_health":1,"card_attack":1}]},{"turn":24,"cards_played":["Thoughtsteal","Dr. Boom"],"current_player":"opponent","my_health":6,"opponent_health":18,"my_armor":0,"opponent_armor":0,"my_hand":4,"opponent_hand":8,"my_board":[{"card_name":"Emperor Thaurissan","card_health":5,"card_attack":5}],"opponent_board":[{"card_name":"Dr. Boom","card_health":7,"card_attack":7},{"card_name":"Sheep","card_health":1,"card_attack":1},{"card_name":"Boom Bot","card_health":1,"card_attack":1},{"card_name":"Boom Bot","card_health":1,"card_attack":1}]},{"turn":25,"cards_played":["Sludge Belcher","Flamestrike"],"current_player":"me","my_health":5,"opponent_health":18,"my_armor":0,"opponent_armor":0,"my_hand":3,"opponent_hand":8,"my_board":[{"card_name":"Sludge Belcher","card_health":5,"card_attack":3}],"opponent_board":[]},{"turn":26,"cards_played":["Shrinkmeister","Cabal Shadow Priest","Lesser Heal","Lesser Heal"],"current_player":"opponent","my_health":5,"opponent_health":20,"my_armor":0,"opponent_armor":0,"my_hand":3,"opponent_hand":7,"my_board":[],"opponent_board":[{"card_name":"Shrinkmeister","card_health":2,"card_attack":3},{"card_name":"Cabal Shadow Priest","card_health":5,"card_attack":4},{"card_name":"Sludge Belcher","card_health":5,"card_attack":1}]},{"turn":27,"cards_played":["Alexstrasza","Fireblast","Fireblast"],"current_player":"me","my_health":15,"opponent_health":20,"my_armor":0,"opponent_armor":0,"my_hand":3,"opponent_hand":7,"my_board":[{"card_name":"Alexstrasza","card_health":8,"card_attack":8}],"opponent_board":[{"card_name":"Shrinkmeister","card_health":1,"card_attack":3},{"card_name":"Cabal Shadow Priest","card_health":5,"card_attack":4},{"card_name":"Sludge Belcher","card_health":5,"card_attack":3}]},{"turn":28,"cards_played":["Emperor Thaurissan","Lesser Heal"],"current_player":"opponent","my_health":5,"opponent_health":22,"my_armor":0,"opponent_armor":0,"my_hand":3,"opponent_hand":7,"my_board":[{"card_name":"Alexstrasza","card_health":8,"card_attack":8}],"opponent_board":[{"card_name":"Emperor Thaurissan","card_health":5,"card_attack":5},{"card_name":"Shrinkmeister","card_health":1,"card_attack":3},{"card_name":"Cabal Shadow Priest","card_health":5,"card_attack":4},{"card_name":"Sludge Belcher","card_health":5,"card_attack":3}]},{"turn":29,"cards_played":["Polymorph","Fireblast"],"current_player":"me","my_health":5,"opponent_health":22,"my_armor":0,"opponent_armor":0,"my_hand":2,"opponent_hand":7,"my_board":[{"card_name":"Alexstrasza","card_health":3,"card_attack":8}],"opponent_board":[{"card_name":"Cabal Shadow Priest","card_health":5,"card_attack":4},{"card_name":"Sheep","card_health":1,"card_attack":1}]},{"turn":30,"cards_played":["Wild Pyromancer","Holy Nova","Lesser Heal","Lesser Heal","Deathlord"],"current_player":"opponent","my_health":5,"opponent_health":24,"my_armor":1,"opponent_armor":0,"my_hand":2,"opponent_hand":5,"my_board":[],"opponent_board":[{"card_name":"Wild Pyromancer","card_health":2,"card_attack":3},{"card_name":"Deathlord","card_health":8,"card_attack":2},{"card_name":"Cabal Shadow Priest","card_health":4,"card_attack":4}]},{"turn":31,"cards_played":[],"current_player":"me","my_health":5,"opponent_health":24,"my_armor":1,"opponent_armor":0,"my_hand":3,"opponent_hand":5,"my_board":[],"opponent_board":[{"card_name":"Wild Pyromancer","card_health":2,"card_attack":3},{"card_name":"Deathlord","card_health":8,"card_attack":2},{"card_name":"Cabal Shadow Priest","card_health":4,"card_attack":4}]}],"result":"defeat"}