{"plays":[{"turn":1,"cards_played":[],"current_player":"opponent","my_health":30,"opponent_health":0,"my_armor":0,"opponent_armor":0,"my_hand":1,"opponent_hand":0,"my_board":[],"opponent_board":[]},{"turn":2,"cards_played":[],"current_player":"opponent","my_health":30,"opponent_health":30,"my_armor":0,"opponent_armor":0,"my_hand":4,"opponent_hand":6,"my_board":[],"opponent_board":[]},{"turn":3,"cards_played":["Fireblast","Fireblast"],"current_player":"me","my_health":30,"opponent_health":29,"my_armor":0,"opponent_armor":0,"my_hand":5,"opponent_hand":6,"my_board":[],"opponent_board":[]},{"turn":4,"cards_played":["Armor Up!"],"current_player":"opponent","my_health":30,"opponent_health":29,"my_armor":0,"opponent_armor":2,"my_hand":5,"opponent_hand":7,"my_board":[],"opponent_board":[]},{"turn":5,"cards_played":["Arcane Intellect"],"current_player":"me","my_health":30,"opponent_health":29,"my_armor":0,"opponent_armor":2,"my_hand":7,"opponent_hand":7,"my_board":[],"opponent_board":[]},{"turn":6,"cards_played":["Armor Up!"],"current_player":"opponent","my_health":30,"opponent_health":29,"my_armor":0,"opponent_armor":4,"my_hand":7,"opponent_hand":8,"my_board":[],"opponent_board":[]},{"turn":7,"cards_played":["Water Elemental"],"current_player":"me","my_health":30,"opponent_health":29,"my_armor":0,"opponent_armor":4,"my_hand":7,"opponent_hand":8,"my_board":[{"card_name":"Water Elemental","card_health":6,"card_attack":3}],"opponent_board":[]},{"turn":8,"cards_played":["Armor Up!"],"current_player":"opponent","my_health":30,"opponent_health":29,"my_armor":0,"opponent_armor":6,"my_hand":7,"opponent_hand":9,"my_board":[{"card_name":"Water Elemental","card_health":6,"card_attack":3}],"opponent_board":[]},{"turn":9,"cards_played":["Mana Wyrm"],"current_player":"me","my_health":30,"opponent_health":29,"my_armor":0,"opponent_armor":3,"my_hand":6,"opponent_hand":9,"my_board":[{"card_name":"Water Elemental","card_health":6,"card_attack":3},{"card_name":"Mana Wyrm","card_health":3,"card_attack":2}],"opponent_board":[]},{"turn":10,"cards_played":["The Coin","Acolyte of Pain","Armor Up!"],"current_player":"opponent","my_health":30,"opponent_health":29,"my_armor":0,"opponent_armor":5,"my_hand":6,"opponent_hand":8,"my_board":[{"card_name":"Water Elemental","card_health":6,"card_attack":3},{"card_name":"Mana Wyrm","card_health":3,"card_attack":2}],"opponent_board":[{"card_name":"Acolyte of Pain","card_health":3,"card_attack":1}]},{"turn":11,"cards_played":["Frostbolt","Fireblast"],"current_player":"me","my_health":30,"opponent_health":27,"my_armor":0,"opponent_armor":0,"my_hand":6,"opponent_hand":9,"my_board":[{"card_name":"Water Elemental","card_health":6,"card_attack":3},{"card_name":"Mana Wyrm","card_health":3,"card_attack":3}],"opponent_board":[]},{"turn":12,"cards_played":["Shieldmaiden"],"current_player":"opponent","my_health":30,"opponent_health":27,"my_armor":0,"opponent_armor":0,"my_hand":6,"opponent_hand":9,"my_board":[{"card_name":"Water Elemental","card_health":6,"card_attack":3},{"card_name":"Mana Wyrm","card_health":3,"card_attack":3}],"opponent_board":[{"card_name":"Shieldmaiden","card_health":5,"card_attack":5}]},{"turn":13,"cards_played":["Dr. Boom"],"current_player":"me","my_health":30,"opponent_health":26,"my_armor":0,"opponent_armor":0,"my_hand":6,"opponent_hand":9,"my_board":[{"card_name":"Water Elemental","card_health":6,"card_attack":3},{"card_name":"Mana Wyrm","card_health":3,"card_attack":3},{"card_name":"Dr. Boom","card_health":7,"card_attack":7},{"card_name":"Boom Bot","card_health":1,"card_attack":1},{"card_name":"Boom Bot","card_health":1,"card_attack":1}],"opponent_board":[{"card_name":"Shieldmaiden","card_health":5,"card_attack":5}]},{"turn":14,"cards_played":["Revenge","Cleave","Execute","Armor Up!"],"current_player":"opponent","my_health":30,"opponent_health":23,"my_armor":0,"opponent_armor":2,"my_hand":8,"opponent_hand":7,"my_board":[],"opponent_board":[{"card_name":"Shieldmaiden","card_health":1,"card_attack":5}]},{"turn":15,"cards_played":["Fireblast","Fireblast","Water Elemental","Unstable Portal","Sorcerer's Apprentice"],"current_player":"me","my_health":30,"opponent_health":23,"my_armor":0,"opponent_armor":2,"my_hand":7,"opponent_hand":7,"my_board":[{"card_name":"Water Elemental","card_health":6,"card_attack":3},{"card_name":"Sorcerer's Apprentice","card_health":2,"card_attack":3}],"opponent_board":[]},{"turn":16,"cards_played":["Fiery War Axe","Sylvanas Windrunner"],"current_player":"opponent","my_health":30,"opponent_health":22,"my_armor":0,"opponent_armor":0,"my_hand":7,"opponent_hand":6,"my_board":[{"card_name":"Water Elemental","card_health":6,"card_attack":3}],"opponent_board":[{"card_name":"Sylvanas Windrunner","card_health":5,"card_attack":5}]},{"turn":17,"cards_played":["Polymorph","Sludge Belcher"],"current_player":"me","my_health":30,"opponent_health":19,"my_armor":0,"opponent_armor":0,"my_hand":6,"opponent_hand":6,"my_board":[{"card_name":"Sludge Belcher","card_health":5,"card_attack":3},{"card_name":"Water Elemental","card_health":6,"card_attack":3}],"opponent_board":[{"card_name":"Sheep","card_health":1,"card_attack":1}]},{"turn":18,"cards_played":["Ragnaros the Firelord"],"current_player":"opponent","my_health":30,"opponent_health":19,"my_armor":0,"opponent_armor":0,"my_hand":6,"opponent_hand":6,"my_board":[{"card_name":"Sludge Belcher","card_health":5,"card_attack":3},{"card_name":"Water Elemental","card_health":6,"card_attack":3}],"opponent_board":[{"card_name":"Ragnaros the Firelord","card_health":8,"card_attack":8},{"card_name":"Sheep","card_health":1,"card_attack":1}]},{"turn":19,"cards_played":["Big Game Hunter","Emperor Thaurissan"],"current_player":"me","my_health":22,"opponent_health":13,"my_armor":0,"opponent_armor":0,"my_hand":5,"opponent_hand":6,"my_board":[{"card_name":"Sludge Belcher","card_health":5,"card_attack":3},{"card_name":"Big Game Hunter","card_health":2,"card_attack":4},{"card_name":"Emperor Thaurissan","card_health":5,"card_attack":5},{"card_name":"Water Elemental","card_health":6,"card_attack":3}],"opponent_board":[{"card_name":"Sheep","card_health":1,"card_attack":1}]},{"turn":20,"cards_played":["Grommash Hellscream","Armor Up!"],"current_player":"opponent","my_health":22,"opponent_health":13,"my_armor":0,"opponent_armor":2,"my_hand":5,"opponent_hand":6,"my_board":[{"card_name":"Big Game Hunter","card_health":2,"card_attack":4},{"card_name":"Emperor Thaurissan","card_health":5,"card_attack":5},{"card_name":"Water Elemental","card_health":6,"card_attack":3},{"card_name":"Slime","card_health":2,"card_attack":1}],"opponent_board":[{"card_name":"Grommash Hellscream","card_health":6,"card_attack":10}]},{"turn":21,"cards_played":["Frostbolt"],"current_player":"me","my_health":22,"opponent_health":-1,"my_armor":0,"opponent_armor":0,"my_hand":5,"opponent_hand":6,"my_board":[{"card_name":"Big Game Hunter","card_health":2,"card_attack":4},{"card_name":"Emperor Thaurissan","card_health":5,"card_attack":5},{"card_name":"Water Elemental","card_health":6,"card_attack":3},{"card_name":"Slime","card_health":2,"card_attack":1}],"opponent_board":[{"card_name":"Grommash Hellscream","card_health":6,"card_attack":10}]}],"result":"victory"}