{"plays":[{"turn":1,"cards_played":[],"current_player":"opponent","my_health":30,"opponent_health":0,"my_armor":0,"opponent_armor":0,"my_hand":1,"opponent_hand":0,"my_board":[],"opponent_board":[]},{"turn":2,"cards_played":["Zombie Chow"],"current_player":"me","my_health":30,"opponent_health":30,"my_armor":0,"opponent_armor":0,"my_hand":5,"opponent_hand":4,"my_board":[{"card_name":"Zombie Chow","card_health":3,"card_attack":2}],"opponent_board":[]},{"turn":3,"cards_played":["Reinforce"],"current_player":"opponent","my_health":30,"opponent_health":30,"my_armor":0,"opponent_armor":0,"my_hand":5,"opponent_hand":5,"my_board":[{"card_name":"Zombie Chow","card_health":3,"card_attack":2}],"opponent_board":[{"card_name":"Silver Hand Recruit","card_health":1,"card_attack":1}]},{"turn":4,"cards_played":["The Coin","Acolyte of Pain"],"current_player":"me","my_health":30,"opponent_health":30,"my_armor":0,"opponent_armor":0,"my_hand":4,"opponent_hand":5,"my_board":[{"card_name":"Acolyte of Pain","card_health":3,"card_attack":1},{"card_name":"Zombie Chow","card_health":2,"card_attack":2}],"opponent_board":[]},{"turn":5,"cards_played":["Shielded Minibot"],"current_player":"opponent","my_health":30,"opponent_health":30,"my_armor":0,"opponent_armor":0,"my_hand":4,"opponent_hand":5,"my_board":[{"card_name":"Acolyte of Pain","card_health":3,"card_attack":1},{"card_name":"Zombie Chow","card_health":2,"card_attack":2}],"opponent_board":[{"card_name":"Shielded Minibot","card_health":2,"card_attack":2}]},{"turn":6,"cards_played":["Mad Scientist"],"current_player":"me","my_health":30,"opponent_health":30,"my_armor":0,"opponent_armor":0,"my_hand":5,"opponent_hand":5,"my_board":[{"card_name":"Acolyte of Pain","card_health":1,"card_attack":1},{"card_name":"Mad Scientist","card_health":2,"card_attack":2}],"opponent_board":[]},{"turn":7,"cards_played":["Muster for Battle"],"current_player":"opponent","my_health":30,"opponent_health":29,"my_armor":0,"opponent_armor":0,"my_hand":6,"opponent_hand":5,"my_board":[{"card_name":"Mad Scientist","card_health":2,"card_attack":2}],"opponent_board":[{"card_name":"Silver Hand Recruit","card_health":1,"card_attack":1},{"card_name":"Silver Hand Recruit","card_health":1,"card_attack":1},{"card_name":"Silver Hand Recruit","card_health":1,"card_attack":1}]},{"turn":8,"cards_played":["Water Elemental"],"current_player":"me","my_health":30,"opponent_health":29,"my_armor":0,"opponent_armor":0,"my_hand":6,"opponent_hand":5,"my_board":[{"card_name":"Water Elemental","card_health":6,"card_attack":3},{"card_name":"Mad Scientist","card_health":1,"card_attack":2}],"opponent_board":[{"card_name":"Silver Hand Recruit","card_health":1,"card_attack":1},{"card_name":"Silver Hand Recruit","card_health":1,"card_attack":1}]},{"turn":9,"cards_played":["Defender of Argus"],"current_player":"opponent","my_health":26,"opponent_health":27,"my_armor":0,"opponent_armor":0,"my_hand":6,"opponent_hand":5,"my_board":[{"card_name":"Water Elemental","card_health":6,"card_attack":3}],"opponent_board":[{"card_name":"Defender of Argus","card_health":3,"card_attack":2},{"card_name":"Silver Hand Recruit","card_health":2,"card_attack":2},{"card_name":"Silver Hand Recruit","card_health":2,"card_attack":2}]},{"turn":10,"cards_played":["Mana Wyrm","Unstable Portal","Frostbolt"],"current_player":"me","my_health":26,"opponent_health":27,"my_armor":0,"opponent_armor":0,"my_hand":5,"opponent_hand":5,"my_board":[{"card_name":"Water Elemental","card_health":4,"card_attack":3},{"card_name":"Mana Wyrm","card_health":3,"card_attack":3}],"opponent_board":[{"card_name":"Defender of Argus","card_health":3,"card_attack":2}]},{"turn":11,"cards_played":["Reinforce","Muster for Battle"],"current_player":"opponent","my_health":26,"opponent_health":24,"my_armor":0,"opponent_armor":0,"my_hand":5,"opponent_hand":5,"my_board":[{"card_name":"Water Elemental","card_health":4,"card_attack":3}],"opponent_board":[{"card_name":"Silver Hand Recruit","card_health":1,"card_attack":1},{"card_name":"Silver Hand Recruit","card_health":1,"card_attack":1},{"card_name":"Silver Hand Recruit","card_health":1,"card_attack":1},{"card_name":"Silver Hand Recruit","card_health":1,"card_attack":1}]},{"turn":12,"cards_played":["Water Elemental","Fireblast","Fireblast"],"current_player":"me","my_health":26,"opponent_health":21,"my_armor":0,"opponent_armor":0,"my_hand":5,"opponent_hand":5,"my_board":[{"card_name":"Water Elemental","card_health":4,"card_attack":3},{"card_name":"Water Elemental","card_health":6,"card_attack":3}],"opponent_board":[{"card_name":"Silver Hand Recruit","card_health":1,"card_attack":1},{"card_name":"Silver Hand Recruit","card_health":1,"card_attack":1},{"card_name":"Silver Hand Recruit","card_health":1,"card_attack":1}]},{"turn":13,"cards_played":["Equality","Shielded Minibot","Reinforce"],"current_player":"opponent","my_health":25,"opponent_health":21,"my_armor":0,"opponent_armor":0,"my_hand":5,"opponent_hand":4,"my_board":[{"card_name":"Shielded Minibot","card_health":2,"card_attack":2}],"opponent_board":[{"card_name":"Shielded Minibot","card_health":2,"card_attack":2},{"card_name":"Silver Hand Recruit","card_health":1,"card_attack":1},{"card_name":"Silver Hand Recruit","card_health":1,"card_attack":1}]},{"turn":14,"cards_played":["Sludge Belcher","Fireblast","Fireblast"],"current_player":"me","my_health":25,"opponent_health":21,"my_armor":0,"opponent_armor":0,"my_hand":5,"opponent_hand":4,"my_board":[{"card_name":"Sludge Belcher","card_health":5,"card_attack":3},{"card_name":"Shielded Minibot","card_health":2,"card_attack":2}],"opponent_board":[{"card_name":"Silver Hand Recruit","card_health":1,"card_attack":1},{"card_name":"Silver Hand Recruit","card_health":1,"card_attack":1}]},{"turn":15,"cards_played":["Equality","Knife Juggler","Reinforce","Wild Pyromancer"],"current_player":"opponent","my_health":23,"opponent_health":20,"my_armor":0,"opponent_armor":0,"my_hand":5,"opponent_hand":2,"my_board":[{"card_name":"Shielded Minibot","card_health":1,"card_attack":2}],"opponent_board":[{"card_name":"Knife Juggler","card_health":2,"card_attack":3},{"card_name":"Wild Pyromancer","card_health":2,"card_attack":3},{"card_name":"Silver Hand Recruit","card_health":1,"card_attack":1}]},{"turn":16,"cards_played":["Sneed's Old Shredder","Fireblast","Fireblast"],"current_player":"me","my_health":23,"opponent_health":20,"my_armor":0,"opponent_armor":0,"my_hand":5,"opponent_hand":2,"my_board":[{"card_name":"Sneed's Old Shredder","card_health":7,"card_attack":5}],"opponent_board":[{"card_name":"Wild Pyromancer","card_health":2,"card_attack":3}]},{"turn":17,"cards_played":["Tirion Fordring"],"current_player":"opponent","my_health":19,"opponent_health":20,"my_armor":0,"opponent_armor":0,"my_hand":5,"opponent_hand":2,"my_board":[{"card_name":"Sneed's Old Shredder","card_health":7,"card_attack":5}],"opponent_board":[{"card_name":"Wild Pyromancer","card_health":2,"card_attack":3},{"card_name":"Tirion Fordring","card_health":6,"card_attack":6}]},{"turn":18,"cards_played":["Polymorph","Arcane Intellect","Fireblast","Fireblast"],"current_player":"me","my_health":19,"opponent_health":20,"my_armor":0,"opponent_armor":0,"my_hand":6,"opponent_hand":2,"my_board":[{"card_name":"Sneed's Old Shredder","card_health":4,"card_attack":5}],"opponent_board":[]},{"turn":19,"cards_played":["Piloted Shredder","Reinforce","Truesilver Champion"],"current_player":"opponent","my_health":15,"opponent_health":22,"my_armor":0,"opponent_armor":0,"my_hand":6,"opponent_hand":1,"my_board":[{"card_name":"Sneed's Old Shredder","card_health":4,"card_attack":5}],"opponent_board":[{"card_name":"Piloted Shredder","card_health":3,"card_attack":4},{"card_name":"Silver Hand Recruit","card_health":1,"card_attack":1}]},{"turn":20,"cards_played":["Fireblast","Fireblast","Unstable Portal"],"current_player":"me","my_health":15,"opponent_health":17,"my_armor":0,"opponent_armor":0,"my_hand":5,"opponent_hand":1,"my_board":[{"card_name":"Sneed's Old Shredder","card_health":4,"card_attack":5}],"opponent_board":[{"card_name":"Piloted Shredder","card_health":3,"card_attack":4}]},{"turn":21,"cards_played":["Sludge Belcher","Truesilver Champion"],"current_player":"opponent","my_health":15,"opponent_health":19,"my_armor":0,"opponent_armor":0,"my_hand":5,"opponent_hand":0,"my_board":[{"card_name":"Sneed's Old Shredder","card_health":4,"card_attack":5}],"opponent_board":[{"card_name":"Sludge Belcher","card_health":5,"card_attack":3},{"card_name":"Piloted Shredder","card_health":3,"card_attack":4}]},{"turn":22,"cards_played":["Fireblast","Fireblast","Flamestrike"],"current_player":"me","my_health":15,"opponent_health":19,"my_armor":0,"opponent_armor":0,"my_hand":5,"opponent_hand":0,"my_board":[{"card_name":"Sneed's Old Shredder","card_health":3,"card_attack":5}],"opponent_board":[{"card_name":"Puddlestomper","card_health":2,"card_attack":3}]},{"turn":23,"cards_played":["Piloted Shredder","Reinforce"],"current_player":"opponent","my_health":8,"opponent_health":21,"my_armor":0,"opponent_armor":0,"my_hand":5,"opponent_hand":0,"my_board":[{"card_name":"Sneed's Old Shredder","card_health":3,"card_attack":5}],"opponent_board":[{"card_name":"Piloted Shredder","card_health":3,"card_attack":4},{"card_name":"Puddlestomper","card_health":2,"card_attack":3},{"card_name":"Silver Hand Recruit","card_health":1,"card_attack":1}]},{"turn":24,"cards_played":["Flamestrike","Fireblast","Fireblast"],"current_player":"me","my_health":8,"opponent_health":21,"my_armor":0,"opponent_armor":0,"my_hand":5,"opponent_hand":0,"my_board":[{"card_name":"Sneed's Old Shredder","card_health":2,"card_attack":5}],"opponent_board":[]},{"turn":25,"cards_played":["Reinforce"],"current_player":"opponent","my_health":4,"opponent_health":23,"my_armor":0,"opponent_armor":0,"my_hand":5,"opponent_hand":1,"my_board":[{"card_name":"Sneed's Old Shredder","card_health":2,"card_attack":5}],"opponent_board":[{"card_name":"Silver Hand Recruit","card_health":1,"card_attack":1}]},{"turn":26,"cards_played":["Alexstrasza"],"current_player":"me","my_health":4,"opponent_health":23,"my_armor":0,"opponent_armor":0,"my_hand":5,"opponent_hand":1,"my_board":[{"card_name":"Alexstrasza","card_health":8,"card_attack":8},{"card_name":"Sneed's Old Shredder","card_health":1,"card_attack":5}],"opponent_board":[]},{"turn":27,"cards_played":["Faceless Manipulator","Reinforce"],"current_player":"opponent","my_health":15,"opponent_health":23,"my_armor":0,"opponent_armor":0,"my_hand":5,"opponent_hand":1,"my_board":[{"card_name":"Alexstrasza","card_health":8,"card_attack":8},{"card_name":"Sneed's Old Shredder","card_health":1,"card_attack":5}],"opponent_board":[{"card_name":"Alexstrasza","card_health":8,"card_attack":8},{"card_name":"Silver Hand Recruit","card_health":1,"card_attack":1}]},{"turn":28,"cards_played":["Frostbolt","Fireblast","Fireblast"],"current_player":"me","my_health":15,"opponent_health":15,"my_armor":0,"opponent_armor":0,"my_hand":4,"opponent_hand":1,"my_board":[{"card_name":"Alexstrasza","card_health":8,"card_attack":8},{"card_name":"Sylvanas Windrunner","card_health":5,"card_attack":5}],"opponent_board":[]},{"turn":29,"cards_played":["Big Game Hunter","Reinforce"],"current_player":"opponent","my_health":15,"opponent_health":15,"my_armor":0,"opponent_armor":0,"my_hand":6,"opponent_hand":1,"my_board":[{"card_name":"Sylvanas Windrunner","card_health":5,"card_attack":5}],"opponent_board":[{"card_name":"Big Game Hunter","card_health":2,"card_attack":4},{"card_name":"Silver Hand Recruit","card_health":1,"card_attack":1}]},{"turn":30,"cards_played":["Fireblast","Fireblast","Ragnaros the Firelord"],"current_player":"me","my_health":15,"opponent_health":15,"my_armor":0,"opponent_armor":0,"my_hand":6,"opponent_hand":1,"my_board":[{"card_name":"Ragnaros the Firelord","card_health":8,"card_attack":8},{"card_name":"Sylvanas Windrunner","card_health":1,"card_attack":5}],"opponent_board":[]},{"turn":31,"cards_played":["Consecration","Reinforce","Aldor Peacekeeper"],"current_player":"opponent","my_health":13,"opponent_health":7,"my_armor":0,"opponent_armor":0,"my_hand":6,"opponent_hand":0,"my_board":[{"card_name":"Ragnaros the Firelord","card_health":6,"card_attack":8}],"opponent_board":[{"card_name":"Aldor Peacekeeper","card_health":3,"card_attack":3},{"card_name":"Silver Hand Recruit","card_health":1,"card_attack":1}]},{"turn":32,"cards_played":["Emperor Thaurissan","Fireblast","Fireblast","Flamecannon"],"current_player":"me","my_health":13,"opponent_health":-1,"my_armor":0,"opponent_armor":0,"my_hand":5,"opponent_hand":0,"my_board":[{"card_name":"Ragnaros the Firelord","card_health":6,"card_attack":1},{"card_name":"Emperor Thaurissan","card_health":5,"card_attack":5}],"opponent_board":[]}],"result":"victory"}