{"plays":[{"turn":1,"cards_played":[],"current_player":"me","my_health":0,"opponent_health":30,"my_armor":0,"opponent_armor":0,"my_hand":0,"opponent_hand":1,"my_board":[],"opponent_board":[]},{"turn":2,"cards_played":["Abusive Sergeant"],"current_player":"me","my_health":30,"opponent_health":30,"my_armor":0,"opponent_armor":0,"my_hand":6,"opponent_hand":3,"my_board":[],"opponent_board":[{"card_name":"Abusive Sergeant","card_health":1,"card_attack":2}]},{"turn":3,"cards_played":["Glaivezooka"],"current_player":"opponent","my_health":25,"opponent_health":30,"my_armor":0,"opponent_armor":0,"my_hand":6,"opponent_hand":3,"my_board":[],"opponent_board":[{"card_name":"Abusive Sergeant","card_health":1,"card_attack":3}]},{"turn":4,"cards_played":["Fireblast","Fireblast"],"current_player":"me","my_health":25,"opponent_health":30,"my_armor":0,"opponent_armor":0,"my_hand":7,"opponent_hand":3,"my_board":[],"opponent_board":[]},{"turn":5,"cards_played":["Steady Shot"],"current_player":"opponent","my_health":23,"opponent_health":30,"my_armor":0,"opponent_armor":0,"my_hand":7,"opponent_hand":4,"my_board":[],"opponent_board":[]},{"turn":6,"cards_played":["Sorcerer's Apprentice","Unstable Portal","The Coin","Frostbolt"],"current_player":"me","my_health":23,"opponent_health":30,"my_armor":0,"opponent_armor":0,"my_hand":5,"opponent_hand":4,"my_board":[{"card_name":"Sorcerer's Apprentice","card_health":2,"card_attack":3}],"opponent_board":[]},{"turn":7,"cards_played":["Steady Shot"],"current_player":"opponent","my_health":21,"opponent_health":27,"my_armor":0,"opponent_armor":0,"my_hand":5,"opponent_hand":4,"my_board":[{"card_name":"Sorcerer's Apprentice","card_health":2,"card_attack":3}],"opponent_board":[]},{"turn":8,"cards_played":["Arcane Intellect","Frostbolt"],"current_player":"me","my_health":21,"opponent_health":27,"my_armor":0,"opponent_armor":0,"my_hand":6,"opponent_hand":4,"my_board":[{"card_name":"Sorcerer's Apprentice","card_health":2,"card_attack":3}],"opponent_board":[]},{"turn":9,"cards_played":["Quick Shot","Animal Companion"],"current_player":"opponent","my_health":21,"opponent_health":24,"my_armor":0,"opponent_armor":0,"my_hand":6,"opponent_hand":3,"my_board":[],"opponent_board":[{"card_name":"Leokk","card_health":4,"card_attack":2}]},{"turn":10,"cards_played":["Azure Drake"],"current_player":"me","my_health":21,"opponent_health":24,"my_armor":0,"opponent_armor":0,"my_hand":7,"opponent_hand":3,"my_board":[{"card_name":"Azure Drake","card_health":4,"card_attack":4}],"opponent_board":[{"card_name":"Leokk","card_health":4,"card_attack":2}]},{"turn":11,"cards_played":["Savannah Highmane"],"current_player":"opponent","my_health":17,"opponent_health":24,"my_armor":0,"opponent_armor":0,"my_hand":7,"opponent_hand":3,"my_board":[{"card_name":"Azure Drake","card_health":4,"card_attack":4}],"opponent_board":[{"card_name":"Savannah Highmane","card_health":5,"card_attack":7},{"card_name":"Leokk","card_health":4,"card_attack":2}]},{"turn":12,"cards_played":["Sorcerer's Apprentice","Enhance-o Mechano","Arcane Missiles"],"current_player":"me","my_health":17,"opponent_health":24,"my_armor":0,"opponent_armor":0,"my_hand":5,"opponent_hand":3,"my_board":[{"card_name":"Sorcerer's Apprentice","card_health":2,"card_attack":3},{"card_name":"Enhance-o Mechano","card_health":2,"card_attack":3}],"opponent_board":[{"card_name":"Savannah Highmane","card_health":5,"card_attack":7},{"card_name":"Leokk","card_health":4,"card_attack":2}]},{"turn":13,"cards_played":["Abusive Sergeant","Piloted Shredder","Steady Shot"],"current_player":"opponent","my_health":7,"opponent_health":22,"my_armor":0,"opponent_armor":0,"my_hand":5,"opponent_hand":2,"my_board":[{"card_name":"Enhance-o Mechano","card_health":2,"card_attack":3},{"card_name":"Abusive Sergeant","card_health":1,"card_attack":2}],"opponent_board":[{"card_name":"Savannah Highmane","card_health":5,"card_attack":8},{"card_name":"Abusive Sergeant","card_health":1,"card_attack":2},{"card_name":"Piloted Shredder","card_health":3,"card_attack":4}]},{"turn":14,"cards_played":["Flamestrike"],"current_player":"me","my_health":7,"opponent_health":22,"my_armor":0,"opponent_armor":0,"my_hand":5,"opponent_hand":2,"my_board":[],"opponent_board":[{"card_name":"Unstable Ghoul","card_health":3,"card_attack":1}]},{"turn":15,"cards_played":["Savannah Highmane","Steady Shot"],"current_player":"opponent","my_health":4,"opponent_health":22,"my_armor":0,"opponent_armor":0,"my_hand":5,"opponent_hand":2,"my_board":[],"opponent_board":[{"card_name":"Savannah Highmane","card_health":5,"card_attack":6},{"card_name":"Unstable Ghoul","card_health":3,"card_attack":1}]},{"turn":16,"cards_played":["Azure Drake","Arcane Missiles"],"current_player":"me","my_health":4,"opponent_health":22,"my_armor":0,"opponent_armor":0,"my_hand":5,"opponent_hand":2,"my_board":[{"card_name":"Azure Drake","card_health":3,"card_attack":4}],"opponent_board":[{"card_name":"Savannah Highmane","card_health":3,"card_attack":6}]}],"result":"defeat"}