{"plays":[{"turn":1,"cards_played":[],"current_player":"opponent","my_health":30,"opponent_health":0,"my_armor":0,"opponent_armor":0,"my_hand":1,"opponent_hand":0,"my_board":[],"opponent_board":[]},{"turn":2,"cards_played":["Worgen Infiltrator"],"current_player":"opponent","my_health":30,"opponent_health":30,"my_armor":0,"opponent_armor":0,"my_hand":4,"opponent_hand":5,"my_board":[],"opponent_board":[{"card_name":"Worgen Infiltrator","card_health":1,"card_attack":2}]},{"turn":3,"cards_played":["Fireblast","Fireblast"],"current_player":"me","my_health":30,"opponent_health":29,"my_armor":0,"opponent_armor":0,"my_hand":5,"opponent_hand":5,"my_board":[],"opponent_board":[{"card_name":"Worgen Infiltrator","card_health":1,"card_attack":2}]},{"turn":4,"cards_played":["Life Tap"],"current_player":"opponent","my_health":28,"opponent_health":27,"my_armor":0,"opponent_armor":0,"my_hand":5,"opponent_hand":7,"my_board":[],"opponent_board":[{"card_name":"Worgen Infiltrator","card_health":1,"card_attack":2}]},{"turn":5,"cards_played":["Sorcerer's Apprentice","Flamecannon"],"current_player":"me","my_health":28,"opponent_health":27,"my_armor":0,"opponent_armor":0,"my_hand":4,"opponent_hand":7,"my_board":[{"card_name":"Sorcerer's Apprentice","card_health":2,"card_attack":3}],"opponent_board":[]},{"turn":6,"cards_played":["Darkbomb","Stonetusk Boar"],"current_player":"opponent","my_health":27,"opponent_health":27,"my_armor":0,"opponent_armor":0,"my_hand":4,"opponent_hand":6,"my_board":[],"opponent_board":[{"card_name":"Stonetusk Boar","card_health":1,"card_attack":1}]},{"turn":7,"cards_played":["Refreshment Vendor"],"current_player":"me","my_health":27,"opponent_health":27,"my_armor":0,"opponent_armor":0,"my_hand":4,"opponent_hand":6,"my_board":[{"card_name":"Refreshment Vendor","card_health":5,"card_attack":3}],"opponent_board":[{"card_name":"Stonetusk Boar","card_health":1,"card_attack":1}]},{"turn":8,"cards_played":["Shadow Bolt","The Coin","Puddlestomper"],"current_player":"opponent","my_health":30,"opponent_health":30,"my_armor":0,"opponent_armor":0,"my_hand":4,"opponent_hand":4,"my_board":[],"opponent_board":[{"card_name":"Puddlestomper","card_health":2,"card_attack":3}]},{"turn":9,"cards_played":["Kirin Tor Mage","Flamecannon"],"current_player":"me","my_health":30,"opponent_health":30,"my_armor":0,"opponent_armor":0,"my_hand":3,"opponent_hand":4,"my_board":[{"card_name":"Kirin Tor Mage","card_health":3,"card_attack":4}],"opponent_board":[]},{"turn":10,"cards_played":["Stranglethorn Tiger"],"current_player":"opponent","my_health":30,"opponent_health":30,"my_armor":0,"opponent_armor":0,"my_hand":3,"opponent_hand":4,"my_board":[{"card_name":"Kirin Tor Mage","card_health":3,"card_attack":4}],"opponent_board":[{"card_name":"Stranglethorn Tiger","card_health":5,"card_attack":5}]},{"turn":11,"cards_played":["Drakonid Crusher"],"current_player":"me","my_health":30,"opponent_health":26,"my_armor":0,"opponent_armor":0,"my_hand":3,"opponent_hand":4,"my_board":[{"card_name":"Drakonid Crusher","card_health":6,"card_attack":6},{"card_name":"Kirin Tor Mage","card_health":3,"card_attack":4}],"opponent_board":[{"card_name":"Stranglethorn Tiger","card_health":5,"card_attack":5}]},{"turn":12,"cards_played":["Earthen Ring Farseer","Life Tap"],"current_player":"opponent","my_health":30,"opponent_health":24,"my_armor":0,"opponent_armor":0,"my_hand":3,"opponent_hand":5,"my_board":[{"card_name":"Drakonid Crusher","card_health":6,"card_attack":6}],"opponent_board":[{"card_name":"Stranglethorn Tiger","card_health":4,"card_attack":5},{"card_name":"Earthen Ring Farseer","card_health":3,"card_attack":3}]},{"turn":13,"cards_played":["Flamestrike"],"current_player":"me","my_health":30,"opponent_health":18,"my_armor":0,"opponent_armor":0,"my_hand":3,"opponent_hand":5,"my_board":[{"card_name":"Drakonid Crusher","card_health":6,"card_attack":6}],"opponent_board":[]},{"turn":14,"cards_played":["Evil Heckler","Argent Horserider"],"current_player":"opponent","my_health":28,"opponent_health":18,"my_armor":0,"opponent_armor":0,"my_hand":3,"opponent_hand":4,"my_board":[{"card_name":"Drakonid Crusher","card_health":6,"card_attack":6}],"opponent_board":[{"card_name":"Argent Horserider","card_health":1,"card_attack":2},{"card_name":"Evil Heckler","card_health":4,"card_attack":5}]},{"turn":15,"cards_played":["Fireblast","Fireblast","Dragon's Breath"],"current_player":"me","my_health":28,"opponent_health":12,"my_armor":0,"opponent_armor":0,"my_hand":3,"opponent_hand":4,"my_board":[{"card_name":"Drakonid Crusher","card_health":6,"card_attack":6}],"opponent_board":[{"card_name":"Argent Horserider","card_health":1,"card_attack":2}]},{"turn":16,"cards_played":["Siphon Soul"],"current_player":"opponent","my_health":26,"opponent_health":15,"my_armor":0,"opponent_armor":0,"my_hand":3,"opponent_hand":4,"my_board":[],"opponent_board":[{"card_name":"Argent Horserider","card_health":1,"card_attack":2}]},{"turn":17,"cards_played":["Justicar Trueheart","Fireblast Rank 2","Fireblast Rank 2"],"current_player":"me","my_health":26,"opponent_health":15,"my_armor":0,"opponent_armor":0,"my_hand":3,"opponent_hand":4,"my_board":[{"card_name":"Justicar Trueheart","card_health":3,"card_attack":6}],"opponent_board":[]},{"turn":18,"cards_played":["Grand Crusader","Humility"],"current_player":"opponent","my_health":26,"opponent_health":15,"my_armor":0,"opponent_armor":0,"my_hand":3,"opponent_hand":4,"my_board":[{"card_name":"Justicar Trueheart","card_health":3,"card_attack":6}],"opponent_board":[{"card_name":"Grand Crusader","card_health":5,"card_attack":5}]},{"turn":19,"cards_played":["Polymorph","Silver Hand Regent","Fireblast Rank 2","Fireblast Rank 2"],"current_player":"me","my_health":26,"opponent_health":13,"my_armor":0,"opponent_armor":0,"my_hand":2,"opponent_hand":4,"my_board":[{"card_name":"Silver Hand Regent","card_health":3,"card_attack":3},{"card_name":"Justicar Trueheart","card_health":2,"card_attack":1},{"card_name":"Silver Hand Recruit","card_health":1,"card_attack":1}],"opponent_board":[]},{"turn":20,"cards_played":["Emperor Thaurissan","Tournament Medic"],"current_player":"opponent","my_health":26,"opponent_health":13,"my_armor":0,"opponent_armor":0,"my_hand":2,"opponent_hand":3,"my_board":[{"card_name":"Silver Hand Regent","card_health":3,"card_attack":3},{"card_name":"Justicar Trueheart","card_health":2,"card_attack":1},{"card_name":"Silver Hand Recruit","card_health":1,"card_attack":1}],"opponent_board":[{"card_name":"Tournament Medic","card_health":8,"card_attack":1},{"card_name":"Emperor Thaurissan","card_health":5,"card_attack":5}]},{"turn":21,"cards_played":["Sludge Belcher","Fireblast Rank 2","Puddlestomper"],"current_player":"me","my_health":26,"opponent_health":6,"my_armor":0,"opponent_armor":0,"my_hand":1,"opponent_hand":3,"my_board":[{"card_name":"Sludge Belcher","card_health":5,"card_attack":3},{"card_name":"Silver Hand Regent","card_health":3,"card_attack":3},{"card_name":"Justicar Trueheart","card_health":2,"card_attack":1},{"card_name":"Puddlestomper","card_health":2,"card_attack":3},{"card_name":"Silver Hand Recruit","card_health":1,"card_attack":1},{"card_name":"Silver Hand Recruit","card_health":1,"card_attack":1}],"opponent_board":[{"card_name":"Tournament Medic","card_health":8,"card_attack":1},{"card_name":"Emperor Thaurissan","card_health":5,"card_attack":5}]},{"turn":22,"cards_played":["Life Tap","Azure Drake"],"current_player":"opponent","my_health":26,"opponent_health":6,"my_armor":0,"opponent_armor":0,"my_hand":1,"opponent_hand":5,"my_board":[{"card_name":"Silver Hand Regent","card_health":3,"card_attack":3},{"card_name":"Justicar Trueheart","card_health":2,"card_attack":1},{"card_name":"Puddlestomper","card_health":2,"card_attack":3},{"card_name":"Silver Hand Recruit","card_health":1,"card_attack":1},{"card_name":"Silver Hand Recruit","card_health":1,"card_attack":1},{"card_name":"Slime","card_health":2,"card_attack":1}],"opponent_board":[{"card_name":"Tournament Medic","card_health":8,"card_attack":1},{"card_name":"Emperor Thaurissan","card_health":2,"card_attack":5},{"card_name":"Azure Drake","card_health":4,"card_attack":4}]}],"result":"victory"}