{"plays":[{"turn":1,"cards_played":[],"current_player":"me","my_health":0,"opponent_health":0,"my_armor":0,"opponent_armor":0,"my_hand":0,"opponent_hand":1,"my_board":[],"opponent_board":[]},{"turn":2,"cards_played":["Fiery Bat"],"current_player":"me","my_health":30,"opponent_health":30,"my_armor":0,"opponent_armor":0,"my_hand":5,"opponent_hand":4,"my_board":[{"card_name":"Fiery Bat","card_health":1,"card_attack":2}],"opponent_board":[]},{"turn":3,"cards_played":["Bloodsail Raider"],"current_player":"opponent","my_health":30,"opponent_health":30,"my_armor":0,"opponent_armor":0,"my_hand":5,"opponent_hand":4,"my_board":[{"card_name":"Fiery Bat","card_health":1,"card_attack":2}],"opponent_board":[{"card_name":"Bloodsail Raider","card_health":3,"card_attack":2}]},{"turn":4,"cards_played":["Quick Shot"],"current_player":"me","my_health":30,"opponent_health":28,"my_armor":0,"opponent_armor":0,"my_hand":5,"opponent_hand":4,"my_board":[{"card_name":"Fiery Bat","card_health":1,"card_attack":2}],"opponent_board":[]},{"turn":5,"cards_played":["Frothing Berserker"],"current_player":"opponent","my_health":30,"opponent_health":28,"my_armor":0,"opponent_armor":0,"my_hand":5,"opponent_hand":4,"my_board":[{"card_name":"Fiery Bat","card_health":1,"card_attack":2}],"opponent_board":[{"card_name":"Frothing Berserker","card_health":4,"card_attack":2}]},{"turn":6,"cards_played":["Kill Command"],"current_player":"me","my_health":30,"opponent_health":26,"my_armor":0,"opponent_armor":0,"my_hand":5,"opponent_hand":4,"my_board":[{"card_name":"Fiery Bat","card_health":1,"card_attack":2}],"opponent_board":[]},{"turn":7,"cards_played":["Arathi Weaponsmith"],"current_player":"opponent","my_health":30,"opponent_health":24,"my_armor":0,"opponent_armor":0,"my_hand":5,"opponent_hand":4,"my_board":[],"opponent_board":[{"card_name":"Arathi Weaponsmith","card_health":3,"card_attack":3}]},{"turn":8,"cards_played":["Animal Companion","The Coin","King's Elekk"],"current_player":"me","my_health":30,"opponent_health":19,"my_armor":0,"opponent_armor":0,"my_hand":4,"opponent_hand":4,"my_board":[{"card_name":"King's Elekk","card_health":2,"card_attack":3},{"card_name":"Huffer","card_health":2,"card_attack":4}],"opponent_board":[{"card_name":"Arathi Weaponsmith","card_health":3,"card_attack":3}]},{"turn":9,"cards_played":["Kor'kron Elite"],"current_player":"opponent","my_health":26,"opponent_health":16,"my_armor":0,"opponent_armor":0,"my_hand":4,"opponent_hand":4,"my_board":[],"opponent_board":[{"card_name":"Kor'kron Elite","card_health":3,"card_attack":4}]},{"turn":10,"cards_played":["Kill Command"],"current_player":"me","my_health":26,"opponent_health":16,"my_armor":0,"opponent_armor":0,"my_hand":3,"opponent_hand":4,"my_board":[],"opponent_board":[]},{"turn":11,"cards_played":["Bloodsail Raider","Armor Up!"],"current_player":"opponent","my_health":26,"opponent_health":16,"my_armor":0,"opponent_armor":2,"my_hand":3,"opponent_hand":4,"my_board":[],"opponent_board":[{"card_name":"Bloodsail Raider","card_health":3,"card_attack":2}]},{"turn":12,"cards_played":["Huge Toad","Houndmaster"],"current_player":"me","my_health":26,"opponent_health":16,"my_armor":0,"opponent_armor":2,"my_hand":2,"opponent_hand":4,"my_board":[{"card_name":"Huge Toad","card_health":2,"card_attack":3},{"card_name":"Houndmaster","card_health":3,"card_attack":4}],"opponent_board":[{"card_name":"Bloodsail Raider","card_health":3,"card_attack":2}]},{"turn":13,"cards_played":["Frothing Berserker","Cruel Taskmaster","Armor Up!"],"current_player":"opponent","my_health":26,"opponent_health":16,"my_armor":0,"opponent_armor":4,"my_hand":2,"opponent_hand":4,"my_board":[{"card_name":"Huge Toad","card_health":4,"card_attack":5},{"card_name":"Houndmaster","card_health":3,"card_attack":4}],"opponent_board":[{"card_name":"Frothing Berserker","card_health":4,"card_attack":3},{"card_name":"Cruel Taskmaster","card_health":2,"card_attack":2}]},{"turn":14,"cards_played":["Deadly Shot","Steady Shot"],"current_player":"me","my_health":26,"opponent_health":13,"my_armor":0,"opponent_armor":0,"my_hand":2,"opponent_hand":4,"my_board":[{"card_name":"Huge Toad","card_health":4,"card_attack":5},{"card_name":"Houndmaster","card_health":1,"card_attack":4}],"opponent_board":[]},{"turn":15,"cards_played":["Execute","Hogger, Doom of Elwynn"],"current_player":"opponent","my_health":26,"opponent_health":13,"my_armor":0,"opponent_armor":0,"my_hand":2,"opponent_hand":3,"my_board":[{"card_name":"Huge Toad","card_health":4,"card_attack":5}],"opponent_board":[{"card_name":"Hogger, Doom of Elwynn","card_health":6,"card_attack":6}]},{"turn":16,"cards_played":["Ram Wrangler","Huge Toad"],"current_player":"me","my_health":26,"opponent_health":8,"my_armor":0,"opponent_armor":0,"my_hand":1,"opponent_hand":3,"my_board":[{"card_name":"Huge Toad","card_health":2,"card_attack":3},{"card_name":"Ram Wrangler","card_health":3,"card_attack":3},{"card_name":"Huge Toad","card_health":4,"card_attack":5},{"card_name":"Grotesque Dragonhawk","card_health":5,"card_attack":5}],"opponent_board":[{"card_name":"Hogger, Doom of Elwynn","card_health":6,"card_attack":6}]},{"turn":17,"cards_played":["Leeroy Jenkins","Armor Up!","Blood To Ichor","Abusive Sergeant"],"current_player":"opponent","my_health":26,"opponent_health":7,"my_armor":0,"opponent_armor":2,"my_hand":1,"opponent_hand":1,"my_board":[{"card_name":"Huge Toad","card_health":2,"card_attack":3},{"card_name":"Ram Wrangler","card_health":3,"card_attack":3},{"card_name":"Whelp","card_health":1,"card_attack":1}],"opponent_board":[{"card_name":"Hogger, Doom of Elwynn","card_health":1,"card_attack":6},{"card_name":"Abusive Sergeant","card_health":1,"card_attack":2},{"card_name":"Gnoll","card_health":2,"card_attack":2}]},{"turn":18,"cards_played":["Unleash the Hounds","Steady Shot"],"current_player":"me","my_health":26,"opponent_health":-1,"my_armor":0,"opponent_armor":0,"my_hand":1,"opponent_hand":1,"my_board":[{"card_name":"Huge Toad","card_health":2,"card_attack":3},{"card_name":"Ram Wrangler","card_health":3,"card_attack":3},{"card_name":"Hound","card_health":1,"card_attack":1},{"card_name":"Hound","card_health":1,"card_attack":1}],"opponent_board":[{"card_name":"Hogger, Doom of Elwynn","card_health":1,"card_attack":6},{"card_name":"Abusive Sergeant","card_health":1,"card_attack":2}]}],"result":"victory"}