{"plays":[{"turn":1,"cards_played":[],"current_player":"me","my_health":0,"opponent_health":0,"my_armor":0,"opponent_armor":0,"my_hand":0,"opponent_hand":1,"my_board":[],"opponent_board":[]},{"turn":2,"cards_played":[],"current_player":"me","my_health":30,"opponent_health":30,"my_armor":0,"opponent_armor":0,"my_hand":6,"opponent_hand":4,"my_board":[],"opponent_board":[]},{"turn":3,"cards_played":["Reinforce"],"current_player":"opponent","my_health":30,"opponent_health":30,"my_armor":0,"opponent_armor":0,"my_hand":6,"opponent_hand":5,"my_board":[],"opponent_board":[{"card_name":"Silver Hand Recruit","card_health":1,"card_attack":1}]},{"turn":4,"cards_played":["Shapeshift"],"current_player":"me","my_health":30,"opponent_health":30,"my_armor":0,"opponent_armor":0,"my_hand":7,"opponent_hand":5,"my_board":[],"opponent_board":[]},{"turn":5,"cards_played":["Muster for Battle"],"current_player":"opponent","my_health":29,"opponent_health":30,"my_armor":0,"opponent_armor":0,"my_hand":7,"opponent_hand":5,"my_board":[],"opponent_board":[{"card_name":"Silver Hand Recruit","card_health":1,"card_attack":1},{"card_name":"Silver Hand Recruit","card_health":1,"card_attack":1},{"card_name":"Silver Hand Recruit","card_health":1,"card_attack":1}]},{"turn":6,"cards_played":["The Coin","Swipe"],"current_player":"me","my_health":29,"opponent_health":26,"my_armor":0,"opponent_armor":0,"my_hand":6,"opponent_hand":5,"my_board":[],"opponent_board":[]},{"turn":7,"cards_played":["Mad Scientist","Reinforce"],"current_player":"opponent","my_health":29,"opponent_health":26,"my_armor":0,"opponent_armor":0,"my_hand":6,"opponent_hand":5,"my_board":[],"opponent_board":[{"card_name":"Mad Scientist","card_health":2,"card_attack":2},{"card_name":"Silver Hand Recruit","card_health":1,"card_attack":1}]},{"turn":8,"cards_played":["Innervate","Emperor Thaurissan"],"current_player":"me","my_health":29,"opponent_health":26,"my_armor":0,"opponent_armor":0,"my_hand":5,"opponent_hand":5,"my_board":[{"card_name":"Emperor Thaurissan","card_health":5,"card_attack":5}],"opponent_board":[{"card_name":"Mad Scientist","card_health":2,"card_attack":2},{"card_name":"Silver Hand Recruit","card_health":1,"card_attack":1}]},{"turn":9,"cards_played":["Sludge Belcher"],"current_player":"opponent","my_health":25,"opponent_health":26,"my_armor":0,"opponent_armor":0,"my_hand":5,"opponent_hand":5,"my_board":[{"card_name":"Emperor Thaurissan","card_health":5,"card_attack":5}],"opponent_board":[{"card_name":"Sludge Belcher","card_health":5,"card_attack":3},{"card_name":"Mad Scientist","card_health":2,"card_attack":2},{"card_name":"Silver Hand Recruit","card_health":1,"card_attack":1}]},{"turn":10,"cards_played":["Mounted Raptor","Shapeshift"],"current_player":"me","my_health":25,"opponent_health":26,"my_armor":1,"opponent_armor":0,"my_hand":5,"opponent_hand":5,"my_board":[{"card_name":"Mounted Raptor","card_health":2,"card_attack":3},{"card_name":"Emperor Thaurissan","card_health":5,"card_attack":5}],"opponent_board":[{"card_name":"Sludge Belcher","card_health":5,"card_attack":3},{"card_name":"Mad Scientist","card_health":2,"card_attack":2},{"card_name":"Silver Hand Recruit","card_health":1,"card_attack":1}]},{"turn":11,"cards_played":["Consecration","Haunted Creeper"],"current_player":"opponent","my_health":23,"opponent_health":26,"my_armor":0,"opponent_armor":0,"my_hand":5,"opponent_hand":4,"my_board":[],"opponent_board":[{"card_name":"Sludge Belcher","card_health":4,"card_attack":3},{"card_name":"Haunted Creeper","card_health":2,"card_attack":1}]},{"turn":12,"cards_played":["Ancient of Lore","Shade of Naxxramas"],"current_player":"me","my_health":23,"opponent_health":26,"my_armor":0,"opponent_armor":0,"my_hand":6,"opponent_hand":4,"my_board":[{"card_name":"Shade of Naxxramas","card_health":2,"card_attack":2},{"card_name":"Ancient of Lore","card_health":5,"card_attack":5}],"opponent_board":[{"card_name":"Sludge Belcher","card_health":4,"card_attack":3},{"card_name":"Haunted Creeper","card_health":2,"card_attack":1}]},{"turn":13,"cards_played":["Sylvanas Windrunner"],"current_player":"opponent","my_health":19,"opponent_health":26,"my_armor":0,"opponent_armor":0,"my_hand":6,"opponent_hand":4,"my_board":[{"card_name":"Shade of Naxxramas","card_health":2,"card_attack":2},{"card_name":"Ancient of Lore","card_health":5,"card_attack":5}],"opponent_board":[{"card_name":"Sylvanas Windrunner","card_health":5,"card_attack":5},{"card_name":"Sludge Belcher","card_health":4,"card_attack":3},{"card_name":"Haunted Creeper","card_health":2,"card_attack":1}]},{"turn":14,"cards_played":["Shapeshift","Swipe"],"current_player":"me","my_health":18,"opponent_health":20,"my_armor":0,"opponent_armor":0,"my_hand":6,"opponent_hand":4,"my_board":[{"card_name":"Shade of Naxxramas","card_health":2,"card_attack":3},{"card_name":"Ancient of Lore","card_health":5,"card_attack":5}],"opponent_board":[{"card_name":"Sylvanas Windrunner","card_health":4,"card_attack":5},{"card_name":"Haunted Creeper","card_health":1,"card_attack":1}]},{"turn":15,"cards_played":["Tirion Fordring"],"current_player":"opponent","my_health":17,"opponent_health":20,"my_armor":0,"opponent_armor":0,"my_hand":6,"opponent_hand":4,"my_board":[],"opponent_board":[{"card_name":"Tirion Fordring","card_health":6,"card_attack":6},{"card_name":"Haunted Creeper","card_health":1,"card_attack":1},{"card_name":"Shade of Naxxramas","card_health":2,"card_attack":3}]},{"turn":16,"cards_played":["Wrath","Wrath","Azure Drake"],"current_player":"me","my_health":17,"opponent_health":20,"my_armor":0,"opponent_armor":0,"my_hand":7,"opponent_hand":4,"my_board":[{"card_name":"Azure Drake","card_health":4,"card_attack":4}],"opponent_board":[{"card_name":"Tirion Fordring","card_health":6,"card_attack":6},{"card_name":"Haunted Creeper","card_health":1,"card_attack":1},{"card_name":"Shade of Naxxramas","card_health":2,"card_attack":3}]},{"turn":17,"cards_played":["Ragnaros the Firelord"],"current_player":"opponent","my_health":-2,"opponent_health":20,"my_armor":0,"opponent_armor":0,"my_hand":7,"opponent_hand":4,"my_board":[{"card_name":"Azure Drake","card_health":4,"card_attack":4}],"opponent_board":[{"card_name":"Ragnaros the Firelord","card_health":8,"card_attack":8},{"card_name":"Tirion Fordring","card_health":6,"card_attack":6},{"card_name":"Haunted Creeper","card_health":1,"card_attack":1},{"card_name":"Shade of Naxxramas","card_health":3,"card_attack":4}]}],"result":"defeat"}