{"plays":[{"turn":1,"cards_played":[],"current_player":"opponent","my_health":30,"opponent_health":0,"my_armor":0,"opponent_armor":0,"my_hand":1,"opponent_hand":0,"my_board":[],"opponent_board":[]},{"turn":2,"cards_played":["Zombie Chow","Rockbiter Weapon"],"current_player":"opponent","my_health":30,"opponent_health":28,"my_armor":0,"opponent_armor":0,"my_hand":3,"opponent_hand":5,"my_board":[],"opponent_board":[]},{"turn":3,"cards_played":["Mana Wyrm"],"current_player":"me","my_health":30,"opponent_health":30,"my_armor":0,"opponent_armor":0,"my_hand":3,"opponent_hand":5,"my_board":[{"card_name":"Mana Wyrm","card_health":3,"card_attack":1}],"opponent_board":[]},{"turn":4,"cards_played":["Totem Golem"],"current_player":"opponent","my_health":30,"opponent_health":30,"my_armor":0,"opponent_armor":0,"my_hand":3,"opponent_hand":5,"my_board":[{"card_name":"Mana Wyrm","card_health":3,"card_attack":1}],"opponent_board":[{"card_name":"Totem Golem","card_health":4,"card_attack":3}]},{"turn":5,"cards_played":["Frostbolt"],"current_player":"me","my_health":30,"opponent_health":28,"my_armor":0,"opponent_armor":0,"my_hand":3,"opponent_hand":5,"my_board":[{"card_name":"Mana Wyrm","card_health":3,"card_attack":2}],"opponent_board":[{"card_name":"Totem Golem","card_health":1,"card_attack":3}]},{"turn":6,"cards_played":["Haunted Creeper"],"current_player":"opponent","my_health":30,"opponent_health":28,"my_armor":0,"opponent_armor":0,"my_hand":3,"opponent_hand":5,"my_board":[{"card_name":"Mana Wyrm","card_health":3,"card_attack":2}],"opponent_board":[{"card_name":"Totem Golem","card_health":1,"card_attack":3},{"card_name":"Haunted Creeper","card_health":2,"card_attack":1}]},{"turn":7,"cards_played":["Unstable Portal","Fireblast","Fireblast"],"current_player":"me","my_health":30,"opponent_health":25,"my_armor":0,"opponent_armor":0,"my_hand":4,"opponent_hand":5,"my_board":[{"card_name":"Mana Wyrm","card_health":3,"card_attack":3}],"opponent_board":[{"card_name":"Haunted Creeper","card_health":2,"card_attack":1}]},{"turn":8,"cards_played":["Flametongue Totem","Totemic Call"],"current_player":"opponent","my_health":30,"opponent_health":25,"my_armor":0,"opponent_armor":0,"my_hand":4,"opponent_hand":5,"my_board":[],"opponent_board":[{"card_name":"Flametongue Totem","card_health":3,"card_attack":0},{"card_name":"Spectral Spider","card_health":1,"card_attack":3},{"card_name":"Spectral Spider","card_health":1,"card_attack":1},{"card_name":"Wrath of Air Totem","card_health":2,"card_attack":0}]},{"turn":9,"cards_played":["Water Elemental"],"current_player":"me","my_health":30,"opponent_health":25,"my_armor":0,"opponent_armor":0,"my_hand":4,"opponent_hand":5,"my_board":[{"card_name":"Water Elemental","card_health":6,"card_attack":3}],"opponent_board":[{"card_name":"Flametongue Totem","card_health":3,"card_attack":0},{"card_name":"Spectral Spider","card_health":1,"card_attack":3},{"card_name":"Spectral Spider","card_health":1,"card_attack":1},{"card_name":"Wrath of Air Totem","card_health":2,"card_attack":2}]},{"turn":10,"cards_played":["Tuskarr Totemic","Totemic Call"],"current_player":"opponent","my_health":28,"opponent_health":25,"my_armor":0,"opponent_armor":0,"my_hand":4,"opponent_hand":6,"my_board":[],"opponent_board":[{"card_name":"Tuskarr Totemic","card_health":2,"card_attack":3},{"card_name":"Flametongue Totem","card_health":3,"card_attack":0},{"card_name":"Wrath of Air Totem","card_health":2,"card_attack":2},{"card_name":"Mana Tide Totem","card_health":3,"card_attack":2},{"card_name":"Healing Totem","card_health":2,"card_attack":0}]},{"turn":11,"cards_played":["Flamecannon","Water Elemental"],"current_player":"me","my_health":28,"opponent_health":25,"my_armor":0,"opponent_armor":0,"my_hand":3,"opponent_hand":6,"my_board":[{"card_name":"Water Elemental","card_health":6,"card_attack":3}],"opponent_board":[{"card_name":"Tuskarr Totemic","card_health":2,"card_attack":3},{"card_name":"Wrath of Air Totem","card_health":2,"card_attack":0},{"card_name":"Mana Tide Totem","card_health":3,"card_attack":0},{"card_name":"Healing Totem","card_health":2,"card_attack":0}]},{"turn":12,"cards_played":["The Coin","Dr. Boom"],"current_player":"opponent","my_health":25,"opponent_health":25,"my_armor":0,"opponent_armor":0,"my_hand":3,"opponent_hand":6,"my_board":[{"card_name":"Water Elemental","card_health":6,"card_attack":3}],"opponent_board":[{"card_name":"Dr. Boom","card_health":7,"card_attack":7},{"card_name":"Tuskarr Totemic","card_health":2,"card_attack":3},{"card_name":"Wrath of Air Totem","card_health":2,"card_attack":0},{"card_name":"Mana Tide Totem","card_health":3,"card_attack":0},{"card_name":"Healing Totem","card_health":2,"card_attack":0},{"card_name":"Boom Bot","card_health":1,"card_attack":1},{"card_name":"Boom Bot","card_health":1,"card_attack":1}]},{"turn":13,"cards_played":["Flamestrike"],"current_player":"me","my_health":25,"opponent_health":25,"my_armor":0,"opponent_armor":0,"my_hand":3,"opponent_hand":6,"my_board":[],"opponent_board":[]},{"turn":14,"cards_played":["Thunder Bluff Valiant","Totemic Call"],"current_player":"opponent","my_health":19,"opponent_health":25,"my_armor":0,"opponent_armor":0,"my_hand":3,"opponent_hand":6,"my_board":[],"opponent_board":[{"card_name":"Thunder Bluff Valiant","card_health":6,"card_attack":3},{"card_name":"Healing Totem","card_health":2,"card_attack":0}]},{"turn":15,"cards_played":["Mal'Ganis","Zombie Chow"],"current_player":"me","my_health":19,"opponent_health":25,"my_armor":0,"opponent_armor":0,"my_hand":2,"opponent_hand":6,"my_board":[{"card_name":"Zombie Chow","card_health":3,"card_attack":2},{"card_name":"Mal'Ganis","card_health":7,"card_attack":9}],"opponent_board":[{"card_name":"Thunder Bluff Valiant","card_health":6,"card_attack":3},{"card_name":"Healing Totem","card_health":2,"card_attack":2}]},{"turn":16,"cards_played":["Totemic Call","Azure Drake","Zombie Chow"],"current_player":"opponent","my_health":19,"opponent_health":30,"my_armor":0,"opponent_armor":0,"my_hand":2,"opponent_hand":6,"my_board":[{"card_name":"Mal'Ganis","card_health":7,"card_attack":9}],"opponent_board":[{"card_name":"Zombie Chow","card_health":3,"card_attack":2},{"card_name":"Azure Drake","card_health":4,"card_attack":4},{"card_name":"Thunder Bluff Valiant","card_health":4,"card_attack":3},{"card_name":"Healing Totem","card_health":2,"card_attack":4},{"card_name":"Stoneclaw Totem","card_health":2,"card_attack":2}]},{"turn":17,"cards_played":["Sludge Belcher","Fireblast","Fireblast"],"current_player":"me","my_health":19,"opponent_health":30,"my_armor":0,"opponent_armor":0,"my_hand":2,"opponent_hand":6,"my_board":[{"card_name":"Sludge Belcher","card_health":5,"card_attack":3},{"card_name":"Mal'Ganis","card_health":5,"card_attack":9}],"opponent_board":[{"card_name":"Zombie Chow","card_health":3,"card_attack":2},{"card_name":"Azure Drake","card_health":4,"card_attack":4},{"card_name":"Thunder Bluff Valiant","card_health":4,"card_attack":3},{"card_name":"Healing Totem","card_health":2,"card_attack":4}]},{"turn":18,"cards_played":["Hex","Earth Shock","Tuskarr Totemic","Totemic Call"],"current_player":"opponent","my_health":12,"opponent_health":30,"my_armor":0,"opponent_armor":0,"my_hand":2,"opponent_hand":4,"my_board":[],"opponent_board":[{"card_name":"Zombie Chow","card_health":3,"card_attack":2},{"card_name":"Azure Drake","card_health":4,"card_attack":4},{"card_name":"Tuskarr Totemic","card_health":2,"card_attack":3},{"card_name":"Thunder Bluff Valiant","card_health":4,"card_attack":3},{"card_name":"Healing Totem","card_health":2,"card_attack":2},{"card_name":"Wrath of Air Totem","card_health":2,"card_attack":2}]},{"turn":19,"cards_played":[],"current_player":"me","my_health":12,"opponent_health":30,"my_armor":0,"opponent_armor":0,"my_hand":3,"opponent_hand":4,"my_board":[],"opponent_board":[{"card_name":"Zombie Chow","card_health":3,"card_attack":2},{"card_name":"Azure Drake","card_health":4,"card_attack":4},{"card_name":"Tuskarr Totemic","card_health":2,"card_attack":3},{"card_name":"Thunder Bluff Valiant","card_health":5,"card_attack":3},{"card_name":"Healing Totem","card_health":2,"card_attack":2},{"card_name":"Wrath of Air Totem","card_health":2,"card_attack":2}]}],"result":"defeat"}