{"plays":[{"turn":1,"cards_played":[],"current_player":"me","my_health":0,"opponent_health":30,"my_armor":0,"opponent_armor":0,"my_hand":0,"opponent_hand":1,"my_board":[],"opponent_board":[]},{"turn":2,"cards_played":["Mana Wyrm"],"current_player":"me","my_health":30,"opponent_health":30,"my_armor":0,"opponent_armor":0,"my_hand":5,"opponent_hand":4,"my_board":[{"card_name":"Mana Wyrm","card_health":3,"card_attack":1}],"opponent_board":[]},{"turn":3,"cards_played":["Druid of the Saber"],"current_player":"opponent","my_health":30,"opponent_health":30,"my_armor":0,"opponent_armor":0,"my_hand":5,"opponent_hand":4,"my_board":[{"card_name":"Mana Wyrm","card_health":3,"card_attack":1}],"opponent_board":[{"card_name":"Druid of the Saber","card_health":1,"card_attack":2},{"card_name":"Sabertooth Panther","card_health":2,"card_attack":3}]},{"turn":4,"cards_played":["Sorcerer's Apprentice","Mirror Image"],"current_player":"me","my_health":30,"opponent_health":28,"my_armor":0,"opponent_armor":0,"my_hand":4,"opponent_hand":4,"my_board":[{"card_name":"Sorcerer's Apprentice","card_health":2,"card_attack":3},{"card_name":"Mana Wyrm","card_health":3,"card_attack":2},{"card_name":"Mirror Image","card_health":2,"card_attack":0},{"card_name":"Mirror Image","card_health":2,"card_attack":0}],"opponent_board":[{"card_name":"Sabertooth Panther","card_health":2,"card_attack":3}]},{"turn":5,"cards_played":["Innervate","Druid of the Claw"],"current_player":"opponent","my_health":30,"opponent_health":28,"my_armor":0,"opponent_armor":0,"my_hand":4,"opponent_hand":3,"my_board":[{"card_name":"Sorcerer's Apprentice","card_health":2,"card_attack":3},{"card_name":"Mana Wyrm","card_health":3,"card_attack":2},{"card_name":"Mirror Image","card_health":2,"card_attack":0}],"opponent_board":[{"card_name":"Sabertooth Panther","card_health":2,"card_attack":3},{"card_name":"Druid of the Claw","card_health":6,"card_attack":4}]},{"turn":6,"cards_played":["Frostbolt","Mad Scientist"],"current_player":"me","my_health":30,"opponent_health":25,"my_armor":0,"opponent_armor":0,"my_hand":3,"opponent_hand":3,"my_board":[{"card_name":"Sorcerer's Apprentice","card_health":2,"card_attack":3},{"card_name":"Mad Scientist","card_health":2,"card_attack":2},{"card_name":"Mirror Image","card_health":2,"card_attack":0}],"opponent_board":[{"card_name":"Sabertooth Panther","card_health":2,"card_attack":3}]},{"turn":7,"cards_played":["Savage Combatant"],"current_player":"opponent","my_health":30,"opponent_health":25,"my_armor":0,"opponent_armor":0,"my_hand":3,"opponent_hand":3,"my_board":[{"card_name":"Sorcerer's Apprentice","card_health":2,"card_attack":3},{"card_name":"Mad Scientist","card_health":2,"card_attack":2}],"opponent_board":[{"card_name":"Savage Combatant","card_health":4,"card_attack":5},{"card_name":"Sabertooth Panther","card_health":2,"card_attack":3}]},{"turn":8,"cards_played":["Unstable Portal","The Coin","Fireblast","Fireblast","Acidic Swamp Ooze"],"current_player":"me","my_health":30,"opponent_health":25,"my_armor":0,"opponent_armor":0,"my_hand":1,"opponent_hand":3,"my_board":[{"card_name":"Acidic Swamp Ooze","card_health":2,"card_attack":3}],"opponent_board":[]},{"turn":9,"cards_played":["Druid of the Flame","Power of the Wild"],"current_player":"opponent","my_health":30,"opponent_health":25,"my_armor":0,"opponent_armor":0,"my_hand":1,"opponent_hand":2,"my_board":[{"card_name":"Acidic Swamp Ooze","card_health":2,"card_attack":3},{"card_name":"Druid of the Flame","card_health":5,"card_attack":2}],"opponent_board":[{"card_name":"Druid of the Flame","card_health":5,"card_attack":2}]},{"turn":10,"cards_played":["Mad Scientist","Fireblast","Fireblast"],"current_player":"me","my_health":30,"opponent_health":19,"my_armor":0,"opponent_armor":0,"my_hand":1,"opponent_hand":2,"my_board":[{"card_name":"Mad Scientist","card_health":2,"card_attack":2},{"card_name":"Acidic Swamp Ooze","card_health":2,"card_attack":3},{"card_name":"Druid of the Flame","card_health":5,"card_attack":2}],"opponent_board":[{"card_name":"Druid of the Flame","card_health":5,"card_attack":2}]},{"turn":11,"cards_played":["Savage Combatant","Shapeshift"],"current_player":"opponent","my_health":28,"opponent_health":17,"my_armor":0,"opponent_armor":0,"my_hand":1,"opponent_hand":2,"my_board":[{"card_name":"Mad Scientist","card_health":2,"card_attack":2},{"card_name":"Druid of the Flame","card_health":5,"card_attack":2}],"opponent_board":[{"card_name":"Savage Combatant","card_health":4,"card_attack":5},{"card_name":"Druid of the Flame","card_health":5,"card_attack":2}]},{"turn":12,"cards_played":["Fireball","Fireblast"],"current_player":"me","my_health":28,"opponent_health":12,"my_armor":0,"opponent_armor":0,"my_hand":1,"opponent_hand":2,"my_board":[{"card_name":"Mad Scientist","card_health":2,"card_attack":2},{"card_name":"Druid of the Flame","card_health":5,"card_attack":2}],"opponent_board":[{"card_name":"Druid of the Flame","card_health":5,"card_attack":2}]},{"turn":13,"cards_played":["Druid of the Fang","Shapeshift"],"current_player":"opponent","my_health":27,"opponent_health":12,"my_armor":0,"opponent_armor":1,"my_hand":1,"opponent_hand":2,"my_board":[{"card_name":"Druid of the Flame","card_health":5,"card_attack":2}],"opponent_board":[{"card_name":"Druid of the Flame","card_health":3,"card_attack":2},{"card_name":"Druid of the Fang","card_health":7,"card_attack":7}]},{"turn":14,"cards_played":["Dr. Boom"],"current_player":"me","my_health":27,"opponent_health":11,"my_armor":0,"opponent_armor":0,"my_hand":1,"opponent_hand":2,"my_board":[{"card_name":"Dr. Boom","card_health":7,"card_attack":7},{"card_name":"Druid of the Flame","card_health":5,"card_attack":2},{"card_name":"Boom Bot","card_health":1,"card_attack":1},{"card_name":"Boom Bot","card_health":1,"card_attack":1}],"opponent_board":[{"card_name":"Druid of the Flame","card_health":3,"card_attack":2},{"card_name":"Druid of the Fang","card_health":7,"card_attack":7}]},{"turn":15,"cards_played":["Savage Roar","Swipe"],"current_player":"opponent","my_health":15,"opponent_health":10,"my_armor":0,"opponent_armor":0,"my_hand":1,"opponent_hand":1,"my_board":[{"card_name":"Druid of the Flame","card_health":4,"card_attack":2}],"opponent_board":[{"card_name":"Druid of the Fang","card_health":3,"card_attack":9}]},{"turn":16,"cards_played":["Flamecannon","Fireblast"],"current_player":"me","my_health":15,"opponent_health":7,"my_armor":0,"opponent_armor":0,"my_hand":1,"opponent_hand":1,"my_board":[{"card_name":"Druid of the Flame","card_health":4,"card_attack":2}],"opponent_board":[]},{"turn":17,"cards_played":["Ancient of Lore"],"current_player":"opponent","my_health":15,"opponent_health":7,"my_armor":0,"opponent_armor":0,"my_hand":1,"opponent_hand":3,"my_board":[{"card_name":"Druid of the Flame","card_health":4,"card_attack":2},{"card_name":"Ancient of Lore","card_health":5,"card_attack":5}],"opponent_board":[{"card_name":"Ancient of Lore","card_health":5,"card_attack":5}]}],"result":"victory"}