{"plays":[{"turn":1,"cards_played":[],"current_player":"me","my_health":0,"opponent_health":30,"my_armor":0,"opponent_armor":0,"my_hand":0,"opponent_hand":1,"my_board":[],"opponent_board":[]},{"turn":2,"cards_played":[],"current_player":"opponent","my_health":30,"opponent_health":30,"my_armor":0,"opponent_armor":0,"my_hand":4,"opponent_hand":6,"my_board":[],"opponent_board":[]},{"turn":3,"cards_played":["Unstable Portal"],"current_player":"me","my_health":30,"opponent_health":30,"my_armor":0,"opponent_armor":0,"my_hand":5,"opponent_hand":6,"my_board":[],"opponent_board":[]},{"turn":4,"cards_played":["Shapeshift"],"current_player":"opponent","my_health":29,"opponent_health":30,"my_armor":0,"opponent_armor":1,"my_hand":5,"opponent_hand":7,"my_board":[],"opponent_board":[]},{"turn":5,"cards_played":["Azure Drake"],"current_player":"me","my_health":29,"opponent_health":30,"my_armor":0,"opponent_armor":1,"my_hand":6,"opponent_hand":7,"my_board":[{"card_name":"Azure Drake","card_health":4,"card_attack":4}],"opponent_board":[]},{"turn":6,"cards_played":["Wild Growth"],"current_player":"opponent","my_health":29,"opponent_health":30,"my_armor":0,"opponent_armor":1,"my_hand":6,"opponent_hand":7,"my_board":[{"card_name":"Azure Drake","card_health":4,"card_attack":4}],"opponent_board":[]},{"turn":7,"cards_played":["Mad Scientist","Sorcerer's Apprentice"],"current_player":"me","my_health":29,"opponent_health":27,"my_armor":0,"opponent_armor":0,"my_hand":5,"opponent_hand":7,"my_board":[{"card_name":"Sorcerer's Apprentice","card_health":2,"card_attack":3},{"card_name":"Mad Scientist","card_health":2,"card_attack":2},{"card_name":"Azure Drake","card_health":4,"card_attack":4}],"opponent_board":[]},{"turn":8,"cards_played":["The Coin","Sylvanas Windrunner"],"current_player":"opponent","my_health":29,"opponent_health":27,"my_armor":0,"opponent_armor":0,"my_hand":5,"opponent_hand":6,"my_board":[{"card_name":"Sorcerer's Apprentice","card_health":2,"card_attack":3},{"card_name":"Mad Scientist","card_health":2,"card_attack":2},{"card_name":"Azure Drake","card_health":4,"card_attack":4}],"opponent_board":[{"card_name":"Sylvanas Windrunner","card_health":5,"card_attack":5}]},{"turn":9,"cards_played":["Arcane Intellect","Flamewaker","Arcane Missiles"],"current_player":"me","my_health":29,"opponent_health":15,"my_armor":0,"opponent_armor":0,"my_hand":5,"opponent_hand":6,"my_board":[{"card_name":"Sorcerer's Apprentice","card_health":2,"card_attack":3},{"card_name":"Flamewaker","card_health":4,"card_attack":2},{"card_name":"Mad Scientist","card_health":2,"card_attack":2},{"card_name":"Azure Drake","card_health":4,"card_attack":4}],"opponent_board":[{"card_name":"Sylvanas Windrunner","card_health":2,"card_attack":5}]},{"turn":10,"cards_played":["Force of Nature"],"current_player":"opponent","my_health":27,"opponent_health":15,"my_armor":0,"opponent_armor":0,"my_hand":5,"opponent_hand":6,"my_board":[],"opponent_board":[{"card_name":"Azure Drake","card_health":4,"card_attack":4}]},{"turn":11,"cards_played":["Sorcerer's Apprentice","Fireball"],"current_player":"me","my_health":27,"opponent_health":15,"my_armor":0,"opponent_armor":0,"my_hand":4,"opponent_hand":6,"my_board":[{"card_name":"Sorcerer's Apprentice","card_health":2,"card_attack":3}],"opponent_board":[]},{"turn":12,"cards_played":["Innervate","Piloted Shredder","Wrath","Shade of Naxxramas"],"current_player":"opponent","my_health":27,"opponent_health":15,"my_armor":0,"opponent_armor":0,"my_hand":4,"opponent_hand":3,"my_board":[{"card_name":"Sorcerer's Apprentice","card_health":2,"card_attack":3},{"card_name":"Mistress of Pain","card_health":4,"card_attack":1}],"opponent_board":[{"card_name":"Shade of Naxxramas","card_health":2,"card_attack":2},{"card_name":"Piloted Shredder","card_health":3,"card_attack":4}]},{"turn":13,"cards_played":["Dr. Boom"],"current_player":"me","my_health":28,"opponent_health":14,"my_armor":0,"opponent_armor":0,"my_hand":4,"opponent_hand":3,"my_board":[{"card_name":"Dr. Boom","card_health":7,"card_attack":7},{"card_name":"Mistress of Pain","card_health":4,"card_attack":1},{"card_name":"Boom Bot","card_health":1,"card_attack":1},{"card_name":"Boom Bot","card_health":1,"card_attack":1}],"opponent_board":[{"card_name":"Shade of Naxxramas","card_health":2,"card_attack":2},{"card_name":"Shrinkmeister","card_health":2,"card_attack":3}]},{"turn":14,"cards_played":["Swipe","Big Game Hunter"],"current_player":"opponent","my_health":24,"opponent_health":12,"my_armor":0,"opponent_armor":0,"my_hand":4,"opponent_hand":2,"my_board":[{"card_name":"Mistress of Pain","card_health":3,"card_attack":1}],"opponent_board":[{"card_name":"Shade of Naxxramas","card_health":3,"card_attack":3},{"card_name":"Big Game Hunter","card_health":2,"card_attack":4}]},{"turn":15,"cards_played":["Unstable Portal","Frostbolt","Mirror Image"],"current_player":"me","my_health":25,"opponent_health":11,"my_armor":0,"opponent_armor":0,"my_hand":2,"opponent_hand":2,"my_board":[{"card_name":"Mistress of Pain","card_health":3,"card_attack":1},{"card_name":"Mirror Image","card_health":2,"card_attack":0},{"card_name":"Mirror Image","card_health":2,"card_attack":0}],"opponent_board":[{"card_name":"Shade of Naxxramas","card_health":3,"card_attack":3}]},{"turn":16,"cards_played":["Wrath","Ancient of Lore"],"current_player":"opponent","my_health":25,"opponent_health":16,"my_armor":0,"opponent_armor":0,"my_hand":2,"opponent_hand":1,"my_board":[{"card_name":"Mistress of Pain","card_health":3,"card_attack":1},{"card_name":"Mirror Image","card_health":2,"card_attack":0}],"opponent_board":[{"card_name":"Ancient of Lore","card_health":5,"card_attack":5},{"card_name":"Shade of Naxxramas","card_health":4,"card_attack":4}]},{"turn":17,"cards_played":["Emperor Thaurissan"],"current_player":"me","my_health":26,"opponent_health":15,"my_armor":0,"opponent_armor":0,"my_hand":1,"opponent_hand":1,"my_board":[{"card_name":"Emperor Thaurissan","card_health":5,"card_attack":5},{"card_name":"Mistress of Pain","card_health":3,"card_attack":1},{"card_name":"Mirror Image","card_health":2,"card_attack":0}],"opponent_board":[{"card_name":"Ancient of Lore","card_health":5,"card_attack":5},{"card_name":"Shade of Naxxramas","card_health":4,"card_attack":4}]},{"turn":18,"cards_played":["Keeper of the Grove","Druid of the Claw"],"current_player":"opponent","my_health":27,"opponent_health":15,"my_armor":0,"opponent_armor":0,"my_hand":1,"opponent_hand":0,"my_board":[{"card_name":"Emperor Thaurissan","card_health":5,"card_attack":5},{"card_name":"Keeper of the Grove","card_health":4,"card_attack":2}],"opponent_board":[{"card_name":"Ancient of Lore","card_health":4,"card_attack":5},{"card_name":"Keeper of the Grove","card_health":4,"card_attack":2},{"card_name":"Shade of Naxxramas","card_health":5,"card_attack":5},{"card_name":"Druid of the Claw","card_health":4,"card_attack":4},{"card_name":"Druid of the Claw","card_health":6,"card_attack":4}]},{"turn":19,"cards_played":["Arcane Intellect","Arcane Missiles","Fireblast","Fireblast","Echo of Medivh"],"current_player":"me","my_health":27,"opponent_health":13,"my_armor":0,"opponent_armor":0,"my_hand":3,"opponent_hand":0,"my_board":[{"card_name":"Emperor Thaurissan","card_health":1,"card_attack":5},{"card_name":"Keeper of the Grove","card_health":4,"card_attack":2}],"opponent_board":[{"card_name":"Ancient of Lore","card_health":3,"card_attack":5},{"card_name":"Keeper of the Grove","card_health":3,"card_attack":2},{"card_name":"Shade of Naxxramas","card_health":4,"card_attack":5}]},{"turn":20,"cards_played":["Emperor Thaurissan","Shapeshift"],"current_player":"opponent","my_health":20,"opponent_health":9,"my_armor":0,"opponent_armor":0,"my_hand":3,"opponent_hand":0,"my_board":[],"opponent_board":[{"card_name":"Ancient of Lore","card_health":3,"card_attack":5},{"card_name":"Keeper of the Grove","card_health":3,"card_attack":2},{"card_name":"Shade of Naxxramas","card_health":3,"card_attack":6},{"card_name":"Emperor Thaurissan","card_health":5,"card_attack":5}]},{"turn":21,"cards_played":["Emperor Thaurissan","Keeper of the Grove","Dispel"],"current_player":"me","my_health":20,"opponent_health":9,"my_armor":0,"opponent_armor":0,"my_hand":2,"opponent_hand":0,"my_board":[{"card_name":"Emperor Thaurissan","card_health":5,"card_attack":5},{"card_name":"Keeper of the Grove","card_health":4,"card_attack":2}],"opponent_board":[{"card_name":"Ancient of Lore","card_health":3,"card_attack":5},{"card_name":"Keeper of the Grove","card_health":3,"card_attack":2},{"card_name":"Shade of Naxxramas","card_health":2,"card_attack":2},{"card_name":"Emperor Thaurissan","card_health":5,"card_attack":5}]},{"turn":22,"cards_played":["Dr. Boom","Shapeshift"],"current_player":"opponent","my_health":14,"opponent_health":9,"my_armor":0,"opponent_armor":1,"my_hand":2,"opponent_hand":0,"my_board":[],"opponent_board":[{"card_name":"Keeper of the Grove","card_health":1,"card_attack":2},{"card_name":"Dr. Boom","card_health":7,"card_attack":7},{"card_name":"Emperor Thaurissan","card_health":5,"card_attack":5},{"card_name":"Boom Bot","card_health":1,"card_attack":1},{"card_name":"Boom Bot","card_health":1,"card_attack":1}]},{"turn":23,"cards_played":[],"current_player":"me","my_health":14,"opponent_health":9,"my_armor":0,"opponent_armor":1,"my_hand":3,"opponent_hand":0,"my_board":[],"opponent_board":[{"card_name":"Keeper of the Grove","card_health":1,"card_attack":2},{"card_name":"Dr. Boom","card_health":7,"card_attack":7},{"card_name":"Emperor Thaurissan","card_health":5,"card_attack":5},{"card_name":"Boom Bot","card_health":1,"card_attack":1},{"card_name":"Boom Bot","card_health":1,"card_attack":1}]}],"result":"defeat"}