{"plays":[{"turn":1,"cards_played":[],"current_player":"me","my_health":0,"opponent_health":30,"my_armor":0,"opponent_armor":0,"my_hand":0,"opponent_hand":1,"my_board":[],"opponent_board":[]},{"turn":2,"cards_played":["Mana Wyrm"],"current_player":"me","my_health":30,"opponent_health":30,"my_armor":0,"opponent_armor":0,"my_hand":5,"opponent_hand":4,"my_board":[{"card_name":"Mana Wyrm","card_health":3,"card_attack":1}],"opponent_board":[]},{"turn":3,"cards_played":["Totem Golem"],"current_player":"opponent","my_health":30,"opponent_health":30,"my_armor":0,"opponent_armor":0,"my_hand":5,"opponent_hand":4,"my_board":[{"card_name":"Mana Wyrm","card_health":3,"card_attack":1}],"opponent_board":[{"card_name":"Totem Golem","card_health":4,"card_attack":3}]},{"turn":4,"cards_played":["Frostbolt"],"current_player":"me","my_health":30,"opponent_health":28,"my_armor":0,"opponent_armor":0,"my_hand":5,"opponent_hand":4,"my_board":[{"card_name":"Mana Wyrm","card_health":3,"card_attack":2}],"opponent_board":[{"card_name":"Totem Golem","card_health":1,"card_attack":3}]},{"turn":5,"cards_played":["Totemic Call"],"current_player":"opponent","my_health":30,"opponent_health":28,"my_armor":0,"opponent_armor":0,"my_hand":5,"opponent_hand":5,"my_board":[{"card_name":"Mana Wyrm","card_health":3,"card_attack":2}],"opponent_board":[{"card_name":"Totem Golem","card_health":1,"card_attack":3},{"card_name":"Wrath of Air Totem","card_health":2,"card_attack":0}]},{"turn":6,"cards_played":["Arcane Missiles","Fireblast","Fireblast"],"current_player":"me","my_health":30,"opponent_health":24,"my_armor":0,"opponent_armor":0,"my_hand":5,"opponent_hand":5,"my_board":[{"card_name":"Mana Wyrm","card_health":3,"card_attack":3}],"opponent_board":[]},{"turn":7,"cards_played":["Zombie Chow","Hex"],"current_player":"opponent","my_health":30,"opponent_health":24,"my_armor":0,"opponent_armor":0,"my_hand":5,"opponent_hand":4,"my_board":[{"card_name":"Mana Wyrm","card_health":3,"card_attack":3},{"card_name":"Frog","card_health":1,"card_attack":0}],"opponent_board":[{"card_name":"Zombie Chow","card_health":3,"card_attack":2}]},{"turn":8,"cards_played":["Flamewaker","The Coin","Flamecannon"],"current_player":"me","my_health":30,"opponent_health":23,"my_armor":0,"opponent_armor":0,"my_hand":3,"opponent_hand":4,"my_board":[{"card_name":"Flamewaker","card_health":4,"card_attack":2},{"card_name":"Frog","card_health":1,"card_attack":0}],"opponent_board":[]},{"turn":9,"cards_played":["Earth Shock","Mana Tide Totem"],"current_player":"opponent","my_health":30,"opponent_health":21,"my_armor":0,"opponent_armor":0,"my_hand":3,"opponent_hand":4,"my_board":[{"card_name":"Flamewaker","card_health":3,"card_attack":2},{"card_name":"Frog","card_health":1,"card_attack":0}],"opponent_board":[{"card_name":"Mana Tide Totem","card_health":3,"card_attack":0}]},{"turn":10,"cards_played":["Arcane Intellect","Fireblast","Fireblast"],"current_player":"me","my_health":30,"opponent_health":21,"my_armor":0,"opponent_armor":0,"my_hand":5,"opponent_hand":4,"my_board":[{"card_name":"Flamewaker","card_health":3,"card_attack":2},{"card_name":"Frog","card_health":1,"card_attack":0}],"opponent_board":[]},{"turn":11,"cards_played":["Fire Elemental"],"current_player":"opponent","my_health":30,"opponent_health":21,"my_armor":0,"opponent_armor":0,"my_hand":5,"opponent_hand":4,"my_board":[{"card_name":"Frog","card_health":1,"card_attack":0}],"opponent_board":[{"card_name":"Fire Elemental","card_health":5,"card_attack":6}]},{"turn":12,"cards_played":["Sorcerer's Apprentice","Fireball"],"current_player":"me","my_health":30,"opponent_health":21,"my_armor":0,"opponent_armor":0,"my_hand":4,"opponent_hand":4,"my_board":[{"card_name":"Sorcerer's Apprentice","card_health":2,"card_attack":3},{"card_name":"Frog","card_health":1,"card_attack":0}],"opponent_board":[]},{"turn":13,"cards_played":["Thunder Bluff Valiant","Totemic Call"],"current_player":"opponent","my_health":30,"opponent_health":21,"my_armor":0,"opponent_armor":0,"my_hand":4,"opponent_hand":4,"my_board":[{"card_name":"Sorcerer's Apprentice","card_health":2,"card_attack":3},{"card_name":"Frog","card_health":1,"card_attack":0}],"opponent_board":[{"card_name":"Thunder Bluff Valiant","card_health":6,"card_attack":3},{"card_name":"Wrath of Air Totem","card_health":2,"card_attack":0}]},{"turn":14,"cards_played":["Fireblast","Fireblast","Mirror Image"],"current_player":"me","my_health":30,"opponent_health":18,"my_armor":0,"opponent_armor":0,"my_hand":3,"opponent_hand":4,"my_board":[{"card_name":"Sorcerer's Apprentice","card_health":2,"card_attack":3},{"card_name":"Frog","card_health":1,"card_attack":0},{"card_name":"Mirror Image","card_health":2,"card_attack":0},{"card_name":"Mirror Image","card_health":2,"card_attack":0}],"opponent_board":[{"card_name":"Thunder Bluff Valiant","card_health":6,"card_attack":3},{"card_name":"Wrath of Air Totem","card_health":1,"card_attack":2}]},{"turn":15,"cards_played":["Thunder Bluff Valiant","Totemic Call"],"current_player":"opponent","my_health":30,"opponent_health":18,"my_armor":0,"opponent_armor":0,"my_hand":3,"opponent_hand":4,"my_board":[{"card_name":"Sorcerer's Apprentice","card_health":2,"card_attack":3},{"card_name":"Mirror Image","card_health":2,"card_attack":0},{"card_name":"Thunder Bluff Valiant","card_health":6,"card_attack":3}],"opponent_board":[{"card_name":"Thunder Bluff Valiant","card_health":6,"card_attack":3},{"card_name":"Thunder Bluff Valiant","card_health":6,"card_attack":3},{"card_name":"Wrath of Air Totem","card_health":1,"card_attack":6},{"card_name":"Searing Totem","card_health":1,"card_attack":5}]},{"turn":16,"cards_played":["Mirror Image","Echo of Medivh","Sorcerer's Apprentice","Mirror Image","Fireblast","Fireblast"],"current_player":"me","my_health":30,"opponent_health":11,"my_armor":0,"opponent_armor":0,"my_hand":5,"opponent_hand":4,"my_board":[{"card_name":"Sorcerer's Apprentice","card_health":2,"card_attack":3},{"card_name":"Mirror Image","card_health":2,"card_attack":0},{"card_name":"Thunder Bluff Valiant","card_health":6,"card_attack":3},{"card_name":"Mirror Image","card_health":2,"card_attack":0},{"card_name":"Mirror Image","card_health":2,"card_attack":0},{"card_name":"Sorcerer's Apprentice","card_health":2,"card_attack":3},{"card_name":"Mirror Image","card_health":2,"card_attack":0}],"opponent_board":[{"card_name":"Thunder Bluff Valiant","card_health":6,"card_attack":3},{"card_name":"Thunder Bluff Valiant","card_health":6,"card_attack":3},{"card_name":"Wrath of Air Totem","card_health":1,"card_attack":6},{"card_name":"Searing Totem","card_health":1,"card_attack":5}]},{"turn":17,"cards_played":["Earth Shock","Azure Drake","Totemic Call"],"current_player":"opponent","my_health":30,"opponent_health":11,"my_armor":0,"opponent_armor":0,"my_hand":5,"opponent_hand":4,"my_board":[{"card_name":"Sorcerer's Apprentice","card_health":2,"card_attack":3},{"card_name":"Thunder Bluff Valiant","card_health":6,"card_attack":3}],"opponent_board":[{"card_name":"Azure Drake","card_health":4,"card_attack":4},{"card_name":"Thunder Bluff Valiant","card_health":6,"card_attack":3},{"card_name":"Thunder Bluff Valiant","card_health":6,"card_attack":3},{"card_name":"Wrath of Air Totem","card_health":1,"card_attack":6},{"card_name":"Searing Totem","card_health":1,"card_attack":5},{"card_name":"Stoneclaw Totem","card_health":2,"card_attack":0}]},{"turn":18,"cards_played":["Pyroblast"],"current_player":"me","my_health":30,"opponent_health":-2,"my_armor":0,"opponent_armor":0,"my_hand":5,"opponent_hand":4,"my_board":[{"card_name":"Sorcerer's Apprentice","card_health":2,"card_attack":3},{"card_name":"Thunder Bluff Valiant","card_health":2,"card_attack":3}],"opponent_board":[{"card_name":"Azure Drake","card_health":4,"card_attack":4},{"card_name":"Thunder Bluff Valiant","card_health":6,"card_attack":3},{"card_name":"Thunder Bluff Valiant","card_health":6,"card_attack":3},{"card_name":"Wrath of Air Totem","card_health":1,"card_attack":10},{"card_name":"Searing Totem","card_health":1,"card_attack":9}]}],"result":"victory"}