{"plays":[{"turn":1,"cards_played":[],"current_player":"opponent","my_health":30,"opponent_health":0,"my_armor":0,"opponent_armor":0,"my_hand":1,"opponent_hand":0,"my_board":[],"opponent_board":[]},{"turn":2,"cards_played":["Gadgetzan Jouster"],"current_player":"opponent","my_health":30,"opponent_health":30,"my_armor":0,"opponent_armor":0,"my_hand":4,"opponent_hand":5,"my_board":[],"opponent_board":[{"card_name":"Gadgetzan Jouster","card_health":2,"card_attack":1}]},{"turn":3,"cards_played":["Fireblast","Fireblast"],"current_player":"me","my_health":30,"opponent_health":30,"my_armor":0,"opponent_armor":0,"my_hand":5,"opponent_hand":5,"my_board":[],"opponent_board":[{"card_name":"Gadgetzan Jouster","card_health":1,"card_attack":1}]},{"turn":4,"cards_played":["The Coin","Light's Champion"],"current_player":"opponent","my_health":29,"opponent_health":30,"my_armor":0,"opponent_armor":0,"my_hand":5,"opponent_hand":4,"my_board":[],"opponent_board":[{"card_name":"Light's Champion","card_health":3,"card_attack":4},{"card_name":"Gadgetzan Jouster","card_health":1,"card_attack":1}]},{"turn":5,"cards_played":["Jungle Panther"],"current_player":"me","my_health":29,"opponent_health":30,"my_armor":0,"opponent_armor":0,"my_hand":5,"opponent_hand":4,"my_board":[{"card_name":"Jungle Panther","card_health":2,"card_attack":4}],"opponent_board":[{"card_name":"Light's Champion","card_health":3,"card_attack":4},{"card_name":"Gadgetzan Jouster","card_health":1,"card_attack":1}]},{"turn":6,"cards_played":["Light's Champion"],"current_player":"opponent","my_health":24,"opponent_health":30,"my_armor":0,"opponent_armor":0,"my_hand":5,"opponent_hand":4,"my_board":[{"card_name":"Jungle Panther","card_health":2,"card_attack":4}],"opponent_board":[{"card_name":"Light's Champion","card_health":3,"card_attack":4},{"card_name":"Gadgetzan Jouster","card_health":1,"card_attack":1},{"card_name":"Light's Champion","card_health":3,"card_attack":4}]},{"turn":7,"cards_played":["Fireblast","Frostbolt"],"current_player":"me","my_health":24,"opponent_health":30,"my_armor":0,"opponent_armor":0,"my_hand":5,"opponent_hand":4,"my_board":[],"opponent_board":[]},{"turn":8,"cards_played":["Scarlet Purifier"],"current_player":"opponent","my_health":24,"opponent_health":30,"my_armor":0,"opponent_armor":0,"my_hand":5,"opponent_hand":4,"my_board":[],"opponent_board":[{"card_name":"Scarlet Purifier","card_health":3,"card_attack":4}]},{"turn":9,"cards_played":["Water Elemental"],"current_player":"me","my_health":24,"opponent_health":30,"my_armor":0,"opponent_armor":0,"my_hand":5,"opponent_hand":4,"my_board":[{"card_name":"Water Elemental","card_health":6,"card_attack":3}],"opponent_board":[{"card_name":"Scarlet Purifier","card_health":3,"card_attack":4}]},{"turn":10,"cards_played":["Fen Creeper"],"current_player":"opponent","my_health":20,"opponent_health":30,"my_armor":0,"opponent_armor":0,"my_hand":5,"opponent_hand":4,"my_board":[{"card_name":"Water Elemental","card_health":6,"card_attack":3}],"opponent_board":[{"card_name":"Fen Creeper","card_health":6,"card_attack":3},{"card_name":"Scarlet Purifier","card_health":3,"card_attack":4}]},{"turn":11,"cards_played":["Toshley"],"current_player":"me","my_health":20,"opponent_health":30,"my_armor":0,"opponent_armor":0,"my_hand":6,"opponent_hand":4,"my_board":[{"card_name":"Water Elemental","card_health":3,"card_attack":3},{"card_name":"Toshley","card_health":7,"card_attack":5}],"opponent_board":[{"card_name":"Fen Creeper","card_health":3,"card_attack":3},{"card_name":"Scarlet Purifier","card_health":3,"card_attack":4}]},{"turn":12,"cards_played":["Argent Horserider","Shielded Minibot"],"current_player":"opponent","my_health":14,"opponent_health":30,"my_armor":0,"opponent_armor":0,"my_hand":6,"opponent_hand":3,"my_board":[{"card_name":"Water Elemental","card_health":3,"card_attack":3},{"card_name":"Toshley","card_health":7,"card_attack":5}],"opponent_board":[{"card_name":"Shielded Minibot","card_health":2,"card_attack":2},{"card_name":"Argent Horserider","card_health":1,"card_attack":2},{"card_name":"Fen Creeper","card_health":3,"card_attack":3},{"card_name":"Scarlet Purifier","card_health":3,"card_attack":4}]},{"turn":13,"cards_played":["Dalaran Aspirant","Fireblast","Fireblast","Arcane Blast"],"current_player":"me","my_health":14,"opponent_health":30,"my_armor":0,"opponent_armor":0,"my_hand":5,"opponent_hand":3,"my_board":[{"card_name":"Water Elemental","card_health":1,"card_attack":3},{"card_name":"Toshley","card_health":4,"card_attack":5},{"card_name":"Dalaran Aspirant","card_health":5,"card_attack":3}],"opponent_board":[{"card_name":"Shielded Minibot","card_health":2,"card_attack":2}]},{"turn":14,"cards_played":["Murloc Knight","Reinforce"],"current_player":"opponent","my_health":14,"opponent_health":30,"my_armor":0,"opponent_armor":0,"my_hand":5,"opponent_hand":3,"my_board":[{"card_name":"Toshley","card_health":4,"card_attack":5},{"card_name":"Dalaran Aspirant","card_health":5,"card_attack":3}],"opponent_board":[{"card_name":"Shielded Minibot","card_health":2,"card_attack":2},{"card_name":"Murloc Knight","card_health":4,"card_attack":3},{"card_name":"Silver Hand Recruit","card_health":1,"card_attack":1},{"card_name":"Murloc Raider","card_health":1,"card_attack":2}]},{"turn":15,"cards_played":["Boneguard Lieutenant","Burly Rockjaw Trogg","Fireblast","Fireblast"],"current_player":"me","my_health":14,"opponent_health":30,"my_armor":0,"opponent_armor":0,"my_hand":4,"opponent_hand":3,"my_board":[{"card_name":"Boneguard Lieutenant","card_health":3,"card_attack":3},{"card_name":"Toshley","card_health":1,"card_attack":5},{"card_name":"Burly Rockjaw Trogg","card_health":5,"card_attack":3},{"card_name":"Dalaran Aspirant","card_health":3,"card_attack":3}],"opponent_board":[{"card_name":"Silver Hand Recruit","card_health":1,"card_attack":1}]},{"turn":16,"cards_played":["Jungle Panther","Equality","Reinforce"],"current_player":"opponent","my_health":14,"opponent_health":30,"my_armor":0,"opponent_armor":0,"my_hand":5,"opponent_hand":2,"my_board":[{"card_name":"Boneguard Lieutenant","card_health":1,"card_attack":3},{"card_name":"Burly Rockjaw Trogg","card_health":1,"card_attack":5},{"card_name":"Dalaran Aspirant","card_health":1,"card_attack":3}],"opponent_board":[{"card_name":"Jungle Panther","card_health":1,"card_attack":4},{"card_name":"Silver Hand Recruit","card_health":1,"card_attack":1}]},{"turn":17,"cards_played":["Fireblast","Fireblast","Fireball"],"current_player":"me","my_health":14,"opponent_health":10,"my_armor":0,"opponent_armor":0,"my_hand":5,"opponent_hand":2,"my_board":[{"card_name":"Boneguard Lieutenant","card_health":2,"card_attack":3},{"card_name":"Burly Rockjaw Trogg","card_health":1,"card_attack":5},{"card_name":"Dalaran Aspirant","card_health":1,"card_attack":3}],"opponent_board":[{"card_name":"Jungle Panther","card_health":1,"card_attack":4}]},{"turn":18,"cards_played":["Gadgetzan Jouster","Warhorse Trainer","Reinforce","Dragonhawk Rider"],"current_player":"opponent","my_health":14,"opponent_health":10,"my_armor":0,"opponent_armor":0,"my_hand":5,"opponent_hand":0,"my_board":[{"card_name":"Boneguard Lieutenant","card_health":2,"card_attack":3},{"card_name":"Dalaran Aspirant","card_health":1,"card_attack":3}],"opponent_board":[{"card_name":"Warhorse Trainer","card_health":4,"card_attack":2},{"card_name":"Gadgetzan Jouster","card_health":3,"card_attack":2},{"card_name":"Dragonhawk Rider","card_health":3,"card_attack":3},{"card_name":"Silver Hand Recruit","card_health":1,"card_attack":2}]},{"turn":19,"cards_played":["North Sea Kraken"],"current_player":"me","my_health":14,"opponent_health":0,"my_armor":0,"opponent_armor":0,"my_hand":5,"opponent_hand":0,"my_board":[{"card_name":"Boneguard Lieutenant","card_health":2,"card_attack":3},{"card_name":"North Sea Kraken","card_health":7,"card_attack":9},{"card_name":"Dalaran Aspirant","card_health":1,"card_attack":3}],"opponent_board":[{"card_name":"Warhorse Trainer","card_health":4,"card_attack":2},{"card_name":"Gadgetzan Jouster","card_health":3,"card_attack":2},{"card_name":"Dragonhawk Rider","card_health":3,"card_attack":3},{"card_name":"Silver Hand Recruit","card_health":1,"card_attack":2}]}],"result":"victory"}