{"plays":[{"turn":1,"cards_played":[],"current_player":"opponent","my_health":30,"opponent_health":0,"my_armor":0,"opponent_armor":0,"my_hand":1,"opponent_hand":0,"my_board":[],"opponent_board":[]},{"turn":2,"cards_played":["Zombie Chow"],"current_player":"opponent","my_health":30,"opponent_health":30,"my_armor":0,"opponent_armor":0,"my_hand":3,"opponent_hand":6,"my_board":[{"card_name":"Zombie Chow","card_health":3,"card_attack":2}],"opponent_board":[]},{"turn":3,"cards_played":["Mad Scientist"],"current_player":"me","my_health":30,"opponent_health":28,"my_armor":0,"opponent_armor":0,"my_hand":3,"opponent_hand":6,"my_board":[{"card_name":"Mad Scientist","card_health":2,"card_attack":2},{"card_name":"Zombie Chow","card_health":3,"card_attack":2}],"opponent_board":[]},{"turn":4,"cards_played":["Unstable Portal","Mechwarper"],"current_player":"opponent","my_health":30,"opponent_health":28,"my_armor":0,"opponent_armor":0,"my_hand":3,"opponent_hand":6,"my_board":[{"card_name":"Mad Scientist","card_health":2,"card_attack":2},{"card_name":"Zombie Chow","card_health":3,"card_attack":2}],"opponent_board":[{"card_name":"Mechwarper","card_health":3,"card_attack":2}]},{"turn":5,"cards_played":["Fireblast","Fireblast","Zombie Chow"],"current_player":"me","my_health":30,"opponent_health":26,"my_armor":0,"opponent_armor":0,"my_hand":3,"opponent_hand":6,"my_board":[{"card_name":"Zombie Chow","card_health":3,"card_attack":2},{"card_name":"Zombie Chow","card_health":3,"card_attack":2}],"opponent_board":[]},{"turn":6,"cards_played":["Mana Wyrm","Sorcerer's Apprentice","The Coin","Frostbolt"],"current_player":"opponent","my_health":30,"opponent_health":26,"my_armor":0,"opponent_armor":0,"my_hand":3,"opponent_hand":3,"my_board":[{"card_name":"Zombie Chow","card_health":3,"card_attack":2}],"opponent_board":[{"card_name":"Mana Wyrm","card_health":3,"card_attack":3},{"card_name":"Sorcerer's Apprentice","card_health":2,"card_attack":3}]},{"turn":7,"cards_played":["Water Elemental"],"current_player":"me","my_health":30,"opponent_health":30,"my_armor":0,"opponent_armor":0,"my_hand":3,"opponent_hand":3,"my_board":[{"card_name":"Water Elemental","card_health":6,"card_attack":3}],"opponent_board":[{"card_name":"Mana Wyrm","card_health":3,"card_attack":3}]},{"turn":8,"cards_played":["Mad Scientist","Fireblast","Fireblast"],"current_player":"opponent","my_health":30,"opponent_health":30,"my_armor":4,"opponent_armor":0,"my_hand":3,"opponent_hand":3,"my_board":[{"card_name":"Water Elemental","card_health":6,"card_attack":3}],"opponent_board":[{"card_name":"Mana Wyrm","card_health":3,"card_attack":3},{"card_name":"Mad Scientist","card_health":2,"card_attack":2}]},{"turn":9,"cards_played":["Sludge Belcher"],"current_player":"me","my_health":30,"opponent_health":30,"my_armor":4,"opponent_armor":0,"my_hand":3,"opponent_hand":3,"my_board":[{"card_name":"Water Elemental","card_health":3,"card_attack":3},{"card_name":"Sludge Belcher","card_health":5,"card_attack":3}],"opponent_board":[{"card_name":"Mad Scientist","card_health":2,"card_attack":2}]},{"turn":10,"cards_played":["Azure Drake"],"current_player":"opponent","my_health":30,"opponent_health":30,"my_armor":4,"opponent_armor":0,"my_hand":3,"opponent_hand":4,"my_board":[{"card_name":"Water Elemental","card_health":3,"card_attack":3},{"card_name":"Sludge Belcher","card_health":5,"card_attack":3}],"opponent_board":[{"card_name":"Azure Drake","card_health":4,"card_attack":4},{"card_name":"Mad Scientist","card_health":2,"card_attack":2}]},{"turn":11,"cards_played":["Mana Wyrm","Fireblast","Fireblast"],"current_player":"me","my_health":30,"opponent_health":30,"my_armor":4,"opponent_armor":0,"my_hand":2,"opponent_hand":4,"my_board":[{"card_name":"Mana Wyrm","card_health":3,"card_attack":2},{"card_name":"Sludge Belcher","card_health":3,"card_attack":3}],"opponent_board":[]},{"turn":12,"cards_played":["Mana Wyrm","Arcane Intellect","Mad Scientist"],"current_player":"opponent","my_health":30,"opponent_health":30,"my_armor":4,"opponent_armor":0,"my_hand":2,"opponent_hand":4,"my_board":[{"card_name":"Mana Wyrm","card_health":3,"card_attack":2},{"card_name":"Sludge Belcher","card_health":3,"card_attack":3},{"card_name":"Mana Wyrm","card_health":3,"card_attack":1}],"opponent_board":[{"card_name":"Mana Wyrm","card_health":3,"card_attack":2},{"card_name":"Mad Scientist","card_health":2,"card_attack":2}]},{"turn":13,"cards_played":["Fireblast","Fireblast"],"current_player":"me","my_health":30,"opponent_health":27,"my_armor":4,"opponent_armor":0,"my_hand":2,"opponent_hand":4,"my_board":[{"card_name":"Mana Wyrm","card_health":1,"card_attack":3},{"card_name":"Sludge Belcher","card_health":3,"card_attack":3},{"card_name":"Mana Wyrm","card_health":1,"card_attack":2}],"opponent_board":[]},{"turn":14,"cards_played":["Dr. Boom"],"current_player":"opponent","my_health":30,"opponent_health":27,"my_armor":4,"opponent_armor":0,"my_hand":2,"opponent_hand":4,"my_board":[{"card_name":"Mana Wyrm","card_health":1,"card_attack":3},{"card_name":"Sludge Belcher","card_health":3,"card_attack":3},{"card_name":"Mana Wyrm","card_health":1,"card_attack":2}],"opponent_board":[{"card_name":"Dr. Boom","card_health":7,"card_attack":7},{"card_name":"Boom Bot","card_health":1,"card_attack":1},{"card_name":"Boom Bot","card_health":1,"card_attack":1}]},{"turn":15,"cards_played":["Polymorph","Fireblast","Fireblast"],"current_player":"me","my_health":30,"opponent_health":17,"my_armor":4,"opponent_armor":0,"my_hand":2,"opponent_hand":4,"my_board":[{"card_name":"Mana Wyrm","card_health":1,"card_attack":4},{"card_name":"Sludge Belcher","card_health":3,"card_attack":3},{"card_name":"Mana Wyrm","card_health":1,"card_attack":3}],"opponent_board":[{"card_name":"Boom Bot","card_health":1,"card_attack":1},{"card_name":"Boom Bot","card_health":1,"card_attack":1}]},{"turn":16,"cards_played":["Archmage Antonidas","Mirror Image"],"current_player":"opponent","my_health":30,"opponent_health":17,"my_armor":4,"opponent_armor":0,"my_hand":2,"opponent_hand":4,"my_board":[{"card_name":"Sludge Belcher","card_health":1,"card_attack":3}],"opponent_board":[{"card_name":"Archmage Antonidas","card_health":7,"card_attack":5},{"card_name":"Mirror Image","card_health":2,"card_attack":0},{"card_name":"Mirror Image","card_health":2,"card_attack":0}]},{"turn":17,"cards_played":["Flamestrike","Fireblast","Fireblast"],"current_player":"me","my_health":30,"opponent_health":16,"my_armor":4,"opponent_armor":0,"my_hand":2,"opponent_hand":4,"my_board":[{"card_name":"Slime","card_health":2,"card_attack":1}],"opponent_board":[]},{"turn":18,"cards_played":["Sorcerer's Apprentice","Fireblast","Fireblast"],"current_player":"opponent","my_health":30,"opponent_health":16,"my_armor":4,"opponent_armor":0,"my_hand":2,"opponent_hand":3,"my_board":[{"card_name":"Slime","card_health":1,"card_attack":1}],"opponent_board":[{"card_name":"Sorcerer's Apprentice","card_health":2,"card_attack":3}]},{"turn":19,"cards_played":["Mad Scientist","Water Elemental","Fireblast","Fireblast","Flamecannon"],"current_player":"me","my_health":30,"opponent_health":16,"my_armor":4,"opponent_armor":0,"my_hand":0,"opponent_hand":3,"my_board":[{"card_name":"Mad Scientist","card_health":2,"card_attack":2},{"card_name":"Water Elemental","card_health":6,"card_attack":3}],"opponent_board":[{"card_name":"Mad Scientist","card_health":2,"card_attack":2}]},{"turn":20,"cards_played":["Azure Drake","Fireball","Mirror Image"],"current_player":"opponent","my_health":30,"opponent_health":16,"my_armor":4,"opponent_armor":0,"my_hand":0,"opponent_hand":2,"my_board":[],"opponent_board":[{"card_name":"Azure Drake","card_health":4,"card_attack":4},{"card_name":"Mirror Image","card_health":2,"card_attack":0},{"card_name":"Mirror Image","card_health":2,"card_attack":0}]},{"turn":21,"cards_played":["Unstable Portal","Druid of the Fang","Fireblast","Fireblast"],"current_player":"me","my_health":30,"opponent_health":16,"my_armor":4,"opponent_armor":0,"my_hand":0,"opponent_hand":2,"my_board":[{"card_name":"Druid of the Fang","card_health":4,"card_attack":4}],"opponent_board":[{"card_name":"Azure Drake","card_health":3,"card_attack":4},{"card_name":"Mirror Image","card_health":2,"card_attack":0},{"card_name":"Mirror Image","card_health":2,"card_attack":0}]},{"turn":22,"cards_played":["Frostbolt","Fireblast","Fireblast"],"current_player":"opponent","my_health":30,"opponent_health":16,"my_armor":7,"opponent_armor":0,"my_hand":2,"opponent_hand":1,"my_board":[],"opponent_board":[{"card_name":"Azure Drake","card_health":3,"card_attack":4},{"card_name":"Mirror Image","card_health":2,"card_attack":0},{"card_name":"Mirror Image","card_health":2,"card_attack":0}]},{"turn":23,"cards_played":["Druid of the Fang","Sludge Belcher"],"current_player":"me","my_health":30,"opponent_health":16,"my_armor":7,"opponent_armor":0,"my_hand":1,"opponent_hand":1,"my_board":[{"card_name":"Sludge Belcher","card_health":5,"card_attack":3},{"card_name":"Druid of the Fang","card_health":4,"card_attack":4}],"opponent_board":[{"card_name":"Azure Drake","card_health":3,"card_attack":4},{"card_name":"Mirror Image","card_health":2,"card_attack":0},{"card_name":"Mirror Image","card_health":2,"card_attack":0},{"card_name":"Druid of the Fang","card_health":4,"card_attack":4}]},{"turn":24,"cards_played":["Fireball","Arcane Missiles","Fireblast","Fireblast"],"current_player":"opponent","my_health":30,"opponent_health":16,"my_armor":2,"opponent_armor":0,"my_hand":1,"opponent_hand":0,"my_board":[],"opponent_board":[{"card_name":"Azure Drake","card_health":3,"card_attack":4},{"card_name":"Mirror Image","card_health":2,"card_attack":0},{"card_name":"Mirror Image","card_health":2,"card_attack":0},{"card_name":"Druid of the Fang","card_health":3,"card_attack":4}]},{"turn":25,"cards_played":["Druid of the Fang","Fireblast"],"current_player":"me","my_health":30,"opponent_health":16,"my_armor":2,"opponent_armor":0,"my_hand":1,"opponent_hand":0,"my_board":[{"card_name":"Druid of the Fang","card_health":4,"card_attack":4}],"opponent_board":[{"card_name":"Azure Drake","card_health":2,"card_attack":4},{"card_name":"Mirror Image","card_health":2,"card_attack":0},{"card_name":"Mirror Image","card_health":2,"card_attack":0},{"card_name":"Druid of the Fang","card_health":3,"card_attack":4}]},{"turn":26,"cards_played":["Arcane Missiles","Fireblast","Fireblast"],"current_player":"opponent","my_health":23,"opponent_health":16,"my_armor":0,"opponent_armor":0,"my_hand":1,"opponent_hand":0,"my_board":[],"opponent_board":[{"card_name":"Azure Drake","card_health":2,"card_attack":4},{"card_name":"Mirror Image","card_health":2,"card_attack":0},{"card_name":"Mirror Image","card_health":2,"card_attack":0},{"card_name":"Druid of the Fang","card_health":3,"card_attack":4}]},{"turn":27,"cards_played":["Mana Wyrm","Polymorph","Fireblast","Fireblast"],"current_player":"me","my_health":23,"opponent_health":16,"my_armor":0,"opponent_armor":0,"my_hand":0,"opponent_hand":0,"my_board":[{"card_name":"Mana Wyrm","card_health":3,"card_attack":2}],"opponent_board":[{"card_name":"Mirror Image","card_health":2,"card_attack":0},{"card_name":"Mirror Image","card_health":2,"card_attack":0},{"card_name":"Druid of the Fang","card_health":3,"card_attack":4}]},{"turn":28,"cards_played":["Fireblast","Fireblast"],"current_player":"opponent","my_health":19,"opponent_health":16,"my_armor":0,"opponent_armor":0,"my_hand":0,"opponent_hand":1,"my_board":[{"card_name":"Mana Wyrm","card_health":2,"card_attack":2}],"opponent_board":[{"card_name":"Mirror Image","card_health":2,"card_attack":0},{"card_name":"Mirror Image","card_health":2,"card_attack":0},{"card_name":"Druid of the Fang","card_health":3,"card_attack":4}]},{"turn":29,"cards_played":["Flamestrike","Fireblast","Fireblast"],"current_player":"me","my_health":19,"opponent_health":12,"my_armor":0,"opponent_armor":0,"my_hand":0,"opponent_hand":1,"my_board":[{"card_name":"Mana Wyrm","card_health":2,"card_attack":3}],"opponent_board":[]},{"turn":30,"cards_played":["Flamewaker","Fireball","Fireblast"],"current_player":"opponent","my_health":12,"opponent_health":12,"my_armor":0,"opponent_armor":0,"my_hand":0,"opponent_hand":0,"my_board":[],"opponent_board":[{"card_name":"Flamewaker","card_health":4,"card_attack":2}]},{"turn":31,"cards_played":["Frostbolt","Fireblast","Fireblast"],"current_player":"me","my_health":12,"opponent_health":12,"my_armor":0,"opponent_armor":0,"my_hand":0,"opponent_hand":0,"my_board":[],"opponent_board":[]},{"turn":32,"cards_played":["Fireblast","Fireblast"],"current_player":"opponent","my_health":11,"opponent_health":12,"my_armor":0,"opponent_armor":0,"my_hand":0,"opponent_hand":1,"my_board":[],"opponent_board":[]},{"turn":33,"cards_played":["Fireblast","Fireblast"],"current_player":"me","my_health":11,"opponent_health":11,"my_armor":0,"opponent_armor":0,"my_hand":1,"opponent_hand":1,"my_board":[],"opponent_board":[]},{"turn":34,"cards_played":["Arcane Intellect","Flamewaker","Fireblast"],"current_player":"opponent","my_health":10,"opponent_health":11,"my_armor":0,"opponent_armor":0,"my_hand":1,"opponent_hand":2,"my_board":[],"opponent_board":[{"card_name":"Flamewaker","card_health":4,"card_attack":2}]},{"turn":35,"cards_played":["Alexstrasza"],"current_player":"me","my_health":10,"opponent_health":11,"my_armor":0,"opponent_armor":0,"my_hand":1,"opponent_hand":2,"my_board":[{"card_name":"Alexstrasza","card_health":8,"card_attack":8}],"opponent_board":[{"card_name":"Flamewaker","card_health":4,"card_attack":2}]},{"turn":36,"cards_played":["Unstable Portal","Emperor Thaurissan","Polymorph: Boar","Fireblast","Fireblast"],"current_player":"opponent","my_health":12,"opponent_health":11,"my_armor":0,"opponent_armor":0,"my_hand":1,"opponent_hand":1,"my_board":[],"opponent_board":[{"card_name":"Flamewaker","card_health":4,"card_attack":2}]},{"turn":37,"cards_played":["Big Game Hunter","Dr. Boom"],"current_player":"me","my_health":12,"opponent_health":11,"my_armor":0,"opponent_armor":0,"my_hand":0,"opponent_hand":1,"my_board":[{"card_name":"Big Game Hunter","card_health":2,"card_attack":4},{"card_name":"Dr. Boom","card_health":7,"card_attack":7},{"card_name":"Boom Bot","card_health":1,"card_attack":1},{"card_name":"Boom Bot","card_health":1,"card_attack":1}],"opponent_board":[{"card_name":"Flamewaker","card_health":4,"card_attack":2}]},{"turn":38,"cards_played":["Polymorph: Boar","Fireblast","Fireblast"],"current_player":"opponent","my_health":5,"opponent_health":10,"my_armor":0,"opponent_armor":0,"my_hand":0,"opponent_hand":0,"my_board":[{"card_name":"Big Game Hunter","card_health":2,"card_attack":4},{"card_name":"Dr. Boom","card_health":7,"card_attack":7},{"card_name":"Boom Bot","card_health":1,"card_attack":1},{"card_name":"Boom Bot","card_health":1,"card_attack":1}],"opponent_board":[{"card_name":"Boar","card_health":2,"card_attack":4}]},{"turn":39,"cards_played":[],"current_player":"me","my_health":5,"opponent_health":10,"my_armor":0,"opponent_armor":0,"my_hand":1,"opponent_hand":0,"my_board":[{"card_name":"Big Game Hunter","card_health":2,"card_attack":4},{"card_name":"Dr. Boom","card_health":7,"card_attack":7},{"card_name":"Boom Bot","card_health":1,"card_attack":1},{"card_name":"Boom Bot","card_health":1,"card_attack":1}],"opponent_board":[{"card_name":"Boar","card_health":2,"card_attack":4}]}],"result":"victory"}