{"plays":[{"turn":1,"cards_played":[],"current_player":"opponent","my_health":30,"opponent_health":0,"my_armor":0,"opponent_armor":0,"my_hand":1,"opponent_hand":0,"my_board":[],"opponent_board":[]},{"turn":2,"cards_played":["Mana Wyrm"],"current_player":"me","my_health":30,"opponent_health":30,"my_armor":0,"opponent_armor":0,"my_hand":5,"opponent_hand":4,"my_board":[{"card_name":"Mana Wyrm","card_health":3,"card_attack":1}],"opponent_board":[]},{"turn":3,"cards_played":["Fiery War Axe"],"current_player":"opponent","my_health":30,"opponent_health":29,"my_armor":0,"opponent_armor":0,"my_hand":5,"opponent_hand":4,"my_board":[],"opponent_board":[]},{"turn":4,"cards_played":["Mad Scientist"],"current_player":"me","my_health":30,"opponent_health":29,"my_armor":0,"opponent_armor":0,"my_hand":5,"opponent_hand":4,"my_board":[{"card_name":"Mad Scientist","card_health":2,"card_attack":2}],"opponent_board":[]},{"turn":5,"cards_played":["Acolyte of Pain"],"current_player":"opponent","my_health":30,"opponent_health":27,"my_armor":0,"opponent_armor":0,"my_hand":5,"opponent_hand":4,"my_board":[{"card_name":"Acolyte of Pain","card_health":3,"card_attack":1}],"opponent_board":[{"card_name":"Acolyte of Pain","card_health":3,"card_attack":1}]},{"turn":6,"cards_played":["Sorcerer's Apprentice","Unstable Portal"],"current_player":"me","my_health":30,"opponent_health":26,"my_armor":0,"opponent_armor":0,"my_hand":5,"opponent_hand":4,"my_board":[{"card_name":"Sorcerer's Apprentice","card_health":2,"card_attack":3},{"card_name":"Acolyte of Pain","card_health":3,"card_attack":1}],"opponent_board":[{"card_name":"Acolyte of Pain","card_health":3,"card_attack":1}]},{"turn":7,"cards_played":["Death's Bite"],"current_player":"opponent","my_health":29,"opponent_health":25,"my_armor":0,"opponent_armor":0,"my_hand":6,"opponent_hand":4,"my_board":[{"card_name":"Sorcerer's Apprentice","card_health":2,"card_attack":3}],"opponent_board":[{"card_name":"Acolyte of Pain","card_health":3,"card_attack":1}]},{"turn":8,"cards_played":["Sorcerer's Apprentice","Frostbolt","Fireball"],"current_player":"me","my_health":29,"opponent_health":16,"my_armor":0,"opponent_armor":0,"my_hand":4,"opponent_hand":5,"my_board":[{"card_name":"Sorcerer's Apprentice","card_health":2,"card_attack":3},{"card_name":"Sorcerer's Apprentice","card_health":2,"card_attack":3}],"opponent_board":[]},{"turn":9,"cards_played":["Dread Corsair","Gnomish Inventor"],"current_player":"opponent","my_health":29,"opponent_health":13,"my_armor":0,"opponent_armor":0,"my_hand":4,"opponent_hand":5,"my_board":[{"card_name":"Sorcerer's Apprentice","card_health":2,"card_attack":3}],"opponent_board":[{"card_name":"Gnomish Inventor","card_health":4,"card_attack":2},{"card_name":"Dread Corsair","card_health":3,"card_attack":3}]},{"turn":10,"cards_played":["Azure Drake","Mirror Image"],"current_player":"me","my_health":29,"opponent_health":13,"my_armor":0,"opponent_armor":0,"my_hand":4,"opponent_hand":5,"my_board":[{"card_name":"Azure Drake","card_health":4,"card_attack":4},{"card_name":"Mirror Image","card_health":2,"card_attack":0},{"card_name":"Mirror Image","card_health":2,"card_attack":0}],"opponent_board":[{"card_name":"Gnomish Inventor","card_health":3,"card_attack":2}]},{"turn":11,"cards_played":["Emperor Thaurissan"],"current_player":"opponent","my_health":29,"opponent_health":13,"my_armor":0,"opponent_armor":0,"my_hand":4,"opponent_hand":5,"my_board":[{"card_name":"Azure Drake","card_health":4,"card_attack":4},{"card_name":"Mirror Image","card_health":2,"card_attack":0}],"opponent_board":[{"card_name":"Gnomish Inventor","card_health":3,"card_attack":2},{"card_name":"Emperor Thaurissan","card_health":5,"card_attack":5}]},{"turn":12,"cards_played":["The Coin","Dr. Boom"],"current_player":"me","my_health":29,"opponent_health":9,"my_armor":0,"opponent_armor":0,"my_hand":3,"opponent_hand":5,"my_board":[{"card_name":"Azure Drake","card_health":4,"card_attack":4},{"card_name":"Dr. Boom","card_health":7,"card_attack":7},{"card_name":"Mirror Image","card_health":2,"card_attack":0},{"card_name":"Boom Bot","card_health":1,"card_attack":1},{"card_name":"Boom Bot","card_health":1,"card_attack":1}],"opponent_board":[{"card_name":"Gnomish Inventor","card_health":3,"card_attack":2},{"card_name":"Emperor Thaurissan","card_health":5,"card_attack":5}]},{"turn":13,"cards_played":["Warsong Commander","Grim Patron","Whirlwind"],"current_player":"opponent","my_health":26,"opponent_health":5,"my_armor":0,"opponent_armor":0,"my_hand":3,"opponent_hand":3,"my_board":[],"opponent_board":[{"card_name":"Grim Patron","card_health":1,"card_attack":3},{"card_name":"Warsong Commander","card_health":2,"card_attack":2},{"card_name":"Grim Patron","card_health":3,"card_attack":3}]},{"turn":14,"cards_played":["Flamestrike"],"current_player":"me","my_health":26,"opponent_health":5,"my_armor":0,"opponent_armor":0,"my_hand":3,"opponent_hand":3,"my_board":[],"opponent_board":[]},{"turn":15,"cards_played":["Armorsmith","Loot Hoarder","Cruel Taskmaster","Armor Up!"],"current_player":"opponent","my_health":26,"opponent_health":5,"my_armor":0,"opponent_armor":3,"my_hand":3,"opponent_hand":1,"my_board":[],"opponent_board":[{"card_name":"Loot Hoarder","card_health":1,"card_attack":2},{"card_name":"Armorsmith","card_health":3,"card_attack":3},{"card_name":"Cruel Taskmaster","card_health":2,"card_attack":2}]},{"turn":16,"cards_played":["Mana Wyrm","Arcane Intellect","Arcane Intellect"],"current_player":"me","my_health":26,"opponent_health":5,"my_armor":0,"opponent_armor":3,"my_hand":5,"opponent_hand":1,"my_board":[{"card_name":"Mana Wyrm","card_health":3,"card_attack":3}],"opponent_board":[{"card_name":"Loot Hoarder","card_health":1,"card_attack":2},{"card_name":"Armorsmith","card_health":3,"card_attack":3},{"card_name":"Cruel Taskmaster","card_health":2,"card_attack":2}]},{"turn":17,"cards_played":["Frothing Berserker","Whirlwind","Armor Up!"],"current_player":"opponent","my_health":21,"opponent_health":5,"my_armor":0,"opponent_armor":9,"my_hand":5,"opponent_hand":1,"my_board":[],"opponent_board":[{"card_name":"Armorsmith","card_health":2,"card_attack":3},{"card_name":"Cruel Taskmaster","card_health":1,"card_attack":2},{"card_name":"Frothing Berserker","card_health":3,"card_attack":8}]},{"turn":18,"cards_played":["Flamewaker","Flamewaker","Arcane Missiles","Fireblast","Fireblast"],"current_player":"me","my_health":21,"opponent_health":5,"my_armor":0,"opponent_armor":7,"my_hand":3,"opponent_hand":1,"my_board":[{"card_name":"Flamewaker","card_health":4,"card_attack":2},{"card_name":"Flamewaker","card_health":4,"card_attack":2}],"opponent_board":[{"card_name":"Cruel Taskmaster","card_health":1,"card_attack":2},{"card_name":"Frothing Berserker","card_health":2,"card_attack":11}]},{"turn":19,"cards_played":["Grim Patron","Inner Rage","Armor Up!"],"current_player":"opponent","my_health":7,"opponent_health":5,"my_armor":0,"opponent_armor":9,"my_hand":3,"opponent_hand":0,"my_board":[{"card_name":"Flamewaker","card_health":4,"card_attack":2},{"card_name":"Flamewaker","card_health":4,"card_attack":2}],"opponent_board":[{"card_name":"Cruel Taskmaster","card_health":1,"card_attack":2},{"card_name":"Frothing Berserker","card_health":2,"card_attack":12},{"card_name":"Grim Patron","card_health":2,"card_attack":5},{"card_name":"Grim Patron","card_health":3,"card_attack":3}]},{"turn":20,"cards_played":["Pyroblast"],"current_player":"me","my_health":7,"opponent_health":0,"my_armor":0,"opponent_armor":0,"my_hand":3,"opponent_hand":0,"my_board":[{"card_name":"Flamewaker","card_health":4,"card_attack":2},{"card_name":"Flamewaker","card_health":4,"card_attack":2}],"opponent_board":[{"card_name":"Frothing Berserker","card_health":2,"card_attack":16},{"card_name":"Grim Patron","card_health":1,"card_attack":5},{"card_name":"Grim Patron","card_health":2,"card_attack":3},{"card_name":"Grim Patron","card_health":2,"card_attack":3},{"card_name":"Grim Patron","card_health":3,"card_attack":3},{"card_name":"Grim Patron","card_health":3,"card_attack":3}]}],"result":"victory"}