{"plays":[{"turn":1,"cards_played":[],"current_player":"me","my_health":0,"opponent_health":30,"my_armor":0,"opponent_armor":0,"my_hand":0,"opponent_hand":1,"my_board":[],"opponent_board":[]},{"turn":2,"cards_played":["The Coin","Haunted Creeper"],"current_player":"opponent","my_health":30,"opponent_health":30,"my_armor":0,"opponent_armor":0,"my_hand":4,"opponent_hand":4,"my_board":[],"opponent_board":[{"card_name":"Haunted Creeper","card_health":2,"card_attack":1}]},{"turn":3,"cards_played":["Unstable Portal"],"current_player":"me","my_health":30,"opponent_health":30,"my_armor":0,"opponent_armor":0,"my_hand":5,"opponent_hand":4,"my_board":[],"opponent_board":[{"card_name":"Haunted Creeper","card_health":2,"card_attack":1}]},{"turn":4,"cards_played":["Totem Golem"],"current_player":"opponent","my_health":29,"opponent_health":30,"my_armor":0,"opponent_armor":0,"my_hand":5,"opponent_hand":4,"my_board":[],"opponent_board":[{"card_name":"Haunted Creeper","card_health":2,"card_attack":1},{"card_name":"Totem Golem","card_health":4,"card_attack":3}]},{"turn":5,"cards_played":["Sorcerer's Apprentice","Arcane Missiles","Frostbolt"],"current_player":"me","my_health":29,"opponent_health":28,"my_armor":0,"opponent_armor":0,"my_hand":3,"opponent_hand":4,"my_board":[{"card_name":"Sorcerer's Apprentice","card_health":2,"card_attack":3}],"opponent_board":[{"card_name":"Haunted Creeper","card_health":2,"card_attack":1}]},{"turn":6,"cards_played":["Haunted Creeper"],"current_player":"opponent","my_health":28,"opponent_health":28,"my_armor":0,"opponent_armor":0,"my_hand":3,"opponent_hand":4,"my_board":[{"card_name":"Sorcerer's Apprentice","card_health":2,"card_attack":3}],"opponent_board":[{"card_name":"Haunted Creeper","card_health":2,"card_attack":1},{"card_name":"Haunted Creeper","card_health":2,"card_attack":1}]},{"turn":7,"cards_played":["Arcane Intellect","Mad Scientist"],"current_player":"me","my_health":28,"opponent_health":25,"my_armor":0,"opponent_armor":0,"my_hand":4,"opponent_hand":4,"my_board":[{"card_name":"Mad Scientist","card_health":2,"card_attack":2},{"card_name":"Sorcerer's Apprentice","card_health":2,"card_attack":3}],"opponent_board":[{"card_name":"Haunted Creeper","card_health":2,"card_attack":1},{"card_name":"Haunted Creeper","card_health":2,"card_attack":1}]},{"turn":8,"cards_played":["Totem Golem","Earth Shock","Rockbiter Weapon"],"current_player":"opponent","my_health":27,"opponent_health":22,"my_armor":0,"opponent_armor":0,"my_hand":4,"opponent_hand":2,"my_board":[],"opponent_board":[{"card_name":"Haunted Creeper","card_health":2,"card_attack":1},{"card_name":"Totem Golem","card_health":4,"card_attack":3},{"card_name":"Spectral Spider","card_health":1,"card_attack":1},{"card_name":"Spectral Spider","card_health":1,"card_attack":1}]},{"turn":9,"cards_played":["Arcane Intellect","Fireblast","Fireblast","Doomsayer"],"current_player":"me","my_health":27,"opponent_health":22,"my_armor":0,"opponent_armor":0,"my_hand":5,"opponent_hand":2,"my_board":[{"card_name":"Doomsayer","card_health":7,"card_attack":0}],"opponent_board":[{"card_name":"Haunted Creeper","card_health":2,"card_attack":1},{"card_name":"Totem Golem","card_health":4,"card_attack":3},{"card_name":"Spectral Spider","card_health":1,"card_attack":1}]},{"turn":10,"cards_played":["Flametongue Totem","Totemic Call"],"current_player":"opponent","my_health":26,"opponent_health":22,"my_armor":0,"opponent_armor":0,"my_hand":5,"opponent_hand":2,"my_board":[],"opponent_board":[{"card_name":"Haunted Creeper","card_health":2,"card_attack":1},{"card_name":"Totem Golem","card_health":4,"card_attack":5},{"card_name":"Flametongue Totem","card_health":3,"card_attack":0},{"card_name":"Spectral Spider","card_health":1,"card_attack":3},{"card_name":"Wrath of Air Totem","card_health":2,"card_attack":0}]},{"turn":11,"cards_played":["Sorcerer's Apprentice","Unstable Portal","Buccaneer","Fireball"],"current_player":"me","my_health":26,"opponent_health":22,"my_armor":0,"opponent_armor":0,"my_hand":3,"opponent_hand":2,"my_board":[{"card_name":"Sorcerer's Apprentice","card_health":2,"card_attack":3},{"card_name":"Buccaneer","card_health":1,"card_attack":2}],"opponent_board":[{"card_name":"Haunted Creeper","card_health":2,"card_attack":1},{"card_name":"Totem Golem","card_health":4,"card_attack":5},{"card_name":"Flametongue Totem","card_health":3,"card_attack":0},{"card_name":"Spectral Spider","card_health":1,"card_attack":3},{"card_name":"Wrath of Air Totem","card_health":2,"card_attack":0}]},{"turn":12,"cards_played":["Totemic Call","Rockbiter Weapon"],"current_player":"opponent","my_health":18,"opponent_health":16,"my_armor":0,"opponent_armor":0,"my_hand":3,"opponent_hand":2,"my_board":[],"opponent_board":[{"card_name":"Haunted Creeper","card_health":2,"card_attack":3},{"card_name":"Totem Golem","card_health":4,"card_attack":5},{"card_name":"Flametongue Totem","card_health":3,"card_attack":0},{"card_name":"Stoneclaw Totem","card_health":2,"card_attack":0}]},{"turn":13,"cards_played":["Fireball"],"current_player":"me","my_health":18,"opponent_health":16,"my_armor":0,"opponent_armor":0,"my_hand":2,"opponent_hand":2,"my_board":[],"opponent_board":[{"card_name":"Haunted Creeper","card_health":2,"card_attack":3},{"card_name":"Totem Golem","card_health":4,"card_attack":5},{"card_name":"Flametongue Totem","card_health":3,"card_attack":0},{"card_name":"Stoneclaw Totem","card_health":2,"card_attack":0}]},{"turn":14,"cards_played":["Totemic Call"],"current_player":"opponent","my_health":10,"opponent_health":10,"my_armor":0,"opponent_armor":0,"my_hand":2,"opponent_hand":3,"my_board":[],"opponent_board":[{"card_name":"Haunted Creeper","card_health":2,"card_attack":3},{"card_name":"Totem Golem","card_health":4,"card_attack":5},{"card_name":"Flametongue Totem","card_health":3,"card_attack":0},{"card_name":"Stoneclaw Totem","card_health":2,"card_attack":0},{"card_name":"Searing Totem","card_health":1,"card_attack":1}]},{"turn":15,"cards_played":["Fireblast","Fireblast"],"current_player":"me","my_health":10,"opponent_health":10,"my_armor":0,"opponent_armor":0,"my_hand":2,"opponent_hand":3,"my_board":[],"opponent_board":[{"card_name":"Haunted Creeper","card_health":2,"card_attack":3},{"card_name":"Totem Golem","card_health":4,"card_attack":5},{"card_name":"Flametongue Totem","card_health":3,"card_attack":0},{"card_name":"Stoneclaw Totem","card_health":2,"card_attack":0}]},{"turn":16,"cards_played":["Zombie Chow","Totemic Call"],"current_player":"opponent","my_health":7,"opponent_health":15,"my_armor":0,"opponent_armor":0,"my_hand":2,"opponent_hand":3,"my_board":[],"opponent_board":[{"card_name":"Haunted Creeper","card_health":2,"card_attack":3},{"card_name":"Totem Golem","card_health":2,"card_attack":5},{"card_name":"Flametongue Totem","card_health":3,"card_attack":0},{"card_name":"Zombie Chow","card_health":3,"card_attack":2},{"card_name":"Stoneclaw Totem","card_health":2,"card_attack":0},{"card_name":"Searing Totem","card_health":1,"card_attack":1}]},{"turn":17,"cards_played":["Flamewaker","Echo of Medivh","Fireblast","Fireblast"],"current_player":"me","my_health":7,"opponent_health":15,"my_armor":0,"opponent_armor":0,"my_hand":2,"opponent_hand":3,"my_board":[{"card_name":"Flamewaker","card_health":4,"card_attack":2}],"opponent_board":[{"card_name":"Haunted Creeper","card_health":2,"card_attack":3},{"card_name":"Totem Golem","card_health":2,"card_attack":5},{"card_name":"Flametongue Totem","card_health":3,"card_attack":0},{"card_name":"Zombie Chow","card_health":3,"card_attack":2}]},{"turn":18,"cards_played":[],"current_player":"opponent","my_health":-3,"opponent_health":15,"my_armor":0,"opponent_armor":0,"my_hand":2,"opponent_hand":4,"my_board":[{"card_name":"Flamewaker","card_health":4,"card_attack":2}],"opponent_board":[{"card_name":"Haunted Creeper","card_health":2,"card_attack":3},{"card_name":"Totem Golem","card_health":2,"card_attack":5},{"card_name":"Flametongue Totem","card_health":3,"card_attack":0},{"card_name":"Zombie Chow","card_health":3,"card_attack":2}]}],"result":"defeat"}