{"plays":[{"turn":1,"cards_played":[],"current_player":"opponent","my_health":0,"opponent_health":0,"my_armor":0,"opponent_armor":0,"my_hand":1,"opponent_hand":0,"my_board":[],"opponent_board":[]},{"turn":2,"cards_played":[],"current_player":"opponent","my_health":30,"opponent_health":30,"my_armor":0,"opponent_armor":0,"my_hand":4,"opponent_hand":6,"my_board":[],"opponent_board":[]},{"turn":3,"cards_played":["Steady Shot"],"current_player":"me","my_health":30,"opponent_health":28,"my_armor":0,"opponent_armor":0,"my_hand":5,"opponent_hand":6,"my_board":[],"opponent_board":[]},{"turn":4,"cards_played":["Bluegill Warrior"],"current_player":"opponent","my_health":28,"opponent_health":28,"my_armor":0,"opponent_armor":0,"my_hand":5,"opponent_hand":6,"my_board":[],"opponent_board":[{"card_name":"Bluegill Warrior","card_health":1,"card_attack":2}]},{"turn":5,"cards_played":["Blackwing Technician"],"current_player":"me","my_health":28,"opponent_health":28,"my_armor":0,"opponent_armor":0,"my_hand":5,"opponent_hand":6,"my_board":[{"card_name":"Blackwing Technician","card_health":4,"card_attack":2}],"opponent_board":[{"card_name":"Bluegill Warrior","card_health":1,"card_attack":2}]},{"turn":6,"cards_played":["Murloc Warleader"],"current_player":"opponent","my_health":24,"opponent_health":28,"my_armor":0,"opponent_armor":0,"my_hand":5,"opponent_hand":6,"my_board":[{"card_name":"Blackwing Technician","card_health":5,"card_attack":3}],"opponent_board":[{"card_name":"Murloc Warleader","card_health":3,"card_attack":3},{"card_name":"Bluegill Warrior","card_health":2,"card_attack":4}]},{"turn":7,"cards_played":["Acolyte of Pain"],"current_player":"me","my_health":24,"opponent_health":28,"my_armor":0,"opponent_armor":0,"my_hand":5,"opponent_hand":6,"my_board":[{"card_name":"Blackwing Technician","card_health":2,"card_attack":3},{"card_name":"Acolyte of Pain","card_health":3,"card_attack":1}],"opponent_board":[{"card_name":"Bluegill Warrior","card_health":2,"card_attack":4}]},{"turn":8,"cards_played":["Old Murk-Eye"],"current_player":"opponent","my_health":24,"opponent_health":28,"my_armor":0,"opponent_armor":0,"my_hand":6,"opponent_hand":6,"my_board":[],"opponent_board":[{"card_name":"Old Murk-Eye","card_health":3,"card_attack":3}]},{"turn":9,"cards_played":["Azure Drake"],"current_player":"me","my_health":24,"opponent_health":28,"my_armor":0,"opponent_armor":0,"my_hand":7,"opponent_hand":6,"my_board":[{"card_name":"Azure Drake","card_health":4,"card_attack":4}],"opponent_board":[{"card_name":"Old Murk-Eye","card_health":3,"card_attack":2}]},{"turn":10,"cards_played":["Truesilver Champion"],"current_player":"opponent","my_health":22,"opponent_health":26,"my_armor":0,"opponent_armor":0,"my_hand":7,"opponent_hand":6,"my_board":[],"opponent_board":[{"card_name":"Old Murk-Eye","card_health":3,"card_attack":2}]},{"turn":11,"cards_played":["Quick Shot","Twilight Guardian"],"current_player":"me","my_health":22,"opponent_health":26,"my_armor":0,"opponent_armor":0,"my_hand":6,"opponent_hand":6,"my_board":[{"card_name":"Twilight Guardian","card_health":6,"card_attack":2}],"opponent_board":[]},{"turn":12,"cards_played":["Doomsayer","Reinforce"],"current_player":"opponent","my_health":22,"opponent_health":26,"my_armor":0,"opponent_armor":0,"my_hand":6,"opponent_hand":6,"my_board":[{"card_name":"Twilight Guardian","card_health":6,"card_attack":3}],"opponent_board":[{"card_name":"Doomsayer","card_health":7,"card_attack":0},{"card_name":"Silver Hand Recruit","card_health":1,"card_attack":1}]},{"turn":13,"cards_played":["Hunter's Mark","King's Elekk","Azure Drake"],"current_player":"me","my_health":22,"opponent_health":26,"my_armor":0,"opponent_armor":0,"my_hand":5,"opponent_hand":6,"my_board":[{"card_name":"King's Elekk","card_health":2,"card_attack":3},{"card_name":"Azure Drake","card_health":4,"card_attack":4},{"card_name":"Twilight Guardian","card_health":6,"card_attack":3}],"opponent_board":[{"card_name":"Silver Hand Recruit","card_health":1,"card_attack":1}]},{"turn":14,"cards_played":["Aldor Peacekeeper","Consecration"],"current_player":"opponent","my_health":19,"opponent_health":25,"my_armor":0,"opponent_armor":0,"my_hand":5,"opponent_hand":5,"my_board":[{"card_name":"Azure Drake","card_health":2,"card_attack":1}],"opponent_board":[{"card_name":"Aldor Peacekeeper","card_health":3,"card_attack":3},{"card_name":"Silver Hand Recruit","card_health":1,"card_attack":1}]},{"turn":15,"cards_played":["Chromaggus"],"current_player":"me","my_health":19,"opponent_health":25,"my_armor":0,"opponent_armor":0,"my_hand":5,"opponent_hand":5,"my_board":[{"card_name":"Chromaggus","card_health":8,"card_attack":6},{"card_name":"Azure Drake","card_health":1,"card_attack":1}],"opponent_board":[{"card_name":"Aldor Peacekeeper","card_health":3,"card_attack":3}]},{"turn":16,"cards_played":["Sludge Belcher","Acolyte of Pain"],"current_player":"opponent","my_health":19,"opponent_health":25,"my_armor":0,"opponent_armor":0,"my_hand":5,"opponent_hand":4,"my_board":[{"card_name":"Chromaggus","card_health":8,"card_attack":6}],"opponent_board":[{"card_name":"Acolyte of Pain","card_health":3,"card_attack":1},{"card_name":"Aldor Peacekeeper","card_health":2,"card_attack":3},{"card_name":"Sludge Belcher","card_health":5,"card_attack":3}]},{"turn":17,"cards_played":["Blackwing Corruptor","Blackwing Technician"],"current_player":"me","my_health":19,"opponent_health":25,"my_armor":0,"opponent_armor":0,"my_hand":5,"opponent_hand":5,"my_board":[{"card_name":"Blackwing Technician","card_health":4,"card_attack":2},{"card_name":"Blackwing Corruptor","card_health":4,"card_attack":5},{"card_name":"Chromaggus","card_health":5,"card_attack":6}],"opponent_board":[{"card_name":"Aldor Peacekeeper","card_health":2,"card_attack":3},{"card_name":"Slime","card_health":2,"card_attack":1}]},{"turn":18,"cards_played":["Equality","Dr. Boom"],"current_player":"opponent","my_health":19,"opponent_health":25,"my_armor":0,"opponent_armor":0,"my_hand":5,"opponent_hand":4,"my_board":[{"card_name":"Blackwing Technician","card_health":1,"card_attack":3}],"opponent_board":[{"card_name":"Dr. Boom","card_health":7,"card_attack":7},{"card_name":"Boom Bot","card_health":1,"card_attack":1},{"card_name":"Boom Bot","card_health":1,"card_attack":1}]},{"turn":19,"cards_played":["Arcane Shot","Blackwing Corruptor","Twilight Guardian"],"current_player":"me","my_health":19,"opponent_health":25,"my_armor":0,"opponent_armor":0,"my_hand":3,"opponent_hand":4,"my_board":[{"card_name":"Twilight Guardian","card_health":6,"card_attack":2},{"card_name":"Blackwing Corruptor","card_health":4,"card_attack":5}],"opponent_board":[{"card_name":"Boom Bot","card_health":1,"card_attack":1},{"card_name":"Boom Bot","card_health":1,"card_attack":1}]},{"turn":20,"cards_played":["Sludge Belcher","Murloc Warleader","Reinforce"],"current_player":"opponent","my_health":19,"opponent_health":25,"my_armor":0,"opponent_armor":0,"my_hand":3,"opponent_hand":3,"my_board":[{"card_name":"Twilight Guardian","card_health":3,"card_attack":3}],"opponent_board":[{"card_name":"Murloc Warleader","card_health":3,"card_attack":3},{"card_name":"Sludge Belcher","card_health":5,"card_attack":3},{"card_name":"Silver Hand Recruit","card_health":1,"card_attack":1}]},{"turn":21,"cards_played":["Ysera"],"current_player":"me","my_health":19,"opponent_health":25,"my_armor":0,"opponent_armor":0,"my_hand":4,"opponent_hand":3,"my_board":[{"card_name":"Twilight Guardian","card_health":3,"card_attack":3},{"card_name":"Ysera","card_health":12,"card_attack":4}],"opponent_board":[{"card_name":"Murloc Warleader","card_health":3,"card_attack":3},{"card_name":"Sludge Belcher","card_health":5,"card_attack":3},{"card_name":"Silver Hand Recruit","card_health":1,"card_attack":1}]},{"turn":22,"cards_played":["Murloc Knight","Reinforce"],"current_player":"opponent","my_health":9,"opponent_health":25,"my_armor":0,"opponent_armor":0,"my_hand":4,"opponent_hand":3,"my_board":[{"card_name":"Ysera","card_health":12,"card_attack":4}],"opponent_board":[{"card_name":"Murloc Warleader","card_health":3,"card_attack":3},{"card_name":"Sludge Belcher","card_health":2,"card_attack":3},{"card_name":"Murloc Knight","card_health":5,"card_attack":5},{"card_name":"Silver Hand Recruit","card_health":1,"card_attack":1},{"card_name":"Silver Hand Recruit","card_health":1,"card_attack":1},{"card_name":"Old Murk-Eye","card_health":5,"card_attack":6}]},{"turn":23,"cards_played":["King's Elekk"],"current_player":"me","my_health":9,"opponent_health":25,"my_armor":0,"opponent_armor":0,"my_hand":5,"opponent_hand":3,"my_board":[{"card_name":"Ysera","card_health":12,"card_attack":4},{"card_name":"King's Elekk","card_health":2,"card_attack":3}],"opponent_board":[{"card_name":"Murloc Warleader","card_health":3,"card_attack":3},{"card_name":"Sludge Belcher","card_health":2,"card_attack":3},{"card_name":"Murloc Knight","card_health":5,"card_attack":5},{"card_name":"Silver Hand Recruit","card_health":1,"card_attack":1},{"card_name":"Silver Hand Recruit","card_health":1,"card_attack":1},{"card_name":"Old Murk-Eye","card_health":5,"card_attack":6}]}],"result":"defeat"}