{"plays":[{"turn":1,"cards_played":[],"current_player":"me","my_health":0,"opponent_health":30,"my_armor":0,"opponent_armor":0,"my_hand":0,"opponent_hand":1,"my_board":[],"opponent_board":[]},{"turn":2,"cards_played":[],"current_player":"opponent","my_health":30,"opponent_health":30,"my_armor":0,"opponent_armor":0,"my_hand":4,"opponent_hand":6,"my_board":[],"opponent_board":[]},{"turn":3,"cards_played":["Mad Scientist"],"current_player":"me","my_health":30,"opponent_health":30,"my_armor":0,"opponent_armor":0,"my_hand":4,"opponent_hand":6,"my_board":[{"card_name":"Mad Scientist","card_health":2,"card_attack":2}],"opponent_board":[]},{"turn":4,"cards_played":["Fiery War Axe","The Coin","Dread Corsair"],"current_player":"opponent","my_health":30,"opponent_health":28,"my_armor":0,"opponent_armor":0,"my_hand":4,"opponent_hand":4,"my_board":[],"opponent_board":[{"card_name":"Dread Corsair","card_health":3,"card_attack":3}]},{"turn":5,"cards_played":["Sorcerer's Apprentice","Mana Wyrm","Arcane Missiles","Mirror Image"],"current_player":"me","my_health":30,"opponent_health":28,"my_armor":0,"opponent_armor":0,"my_hand":1,"opponent_hand":4,"my_board":[{"card_name":"Mana Wyrm","card_health":3,"card_attack":3},{"card_name":"Sorcerer's Apprentice","card_health":2,"card_attack":3},{"card_name":"Mirror Image","card_health":2,"card_attack":0},{"card_name":"Mirror Image","card_health":2,"card_attack":0}],"opponent_board":[]},{"turn":6,"cards_played":["Unstable Ghoul"],"current_player":"opponent","my_health":30,"opponent_health":28,"my_armor":0,"opponent_armor":0,"my_hand":1,"opponent_hand":4,"my_board":[{"card_name":"Mana Wyrm","card_health":3,"card_attack":3},{"card_name":"Sorcerer's Apprentice","card_health":2,"card_attack":3},{"card_name":"Mirror Image","card_health":2,"card_attack":0},{"card_name":"Mirror Image","card_health":2,"card_attack":0},{"card_name":"Unstable Ghoul","card_health":3,"card_attack":1}],"opponent_board":[{"card_name":"Unstable Ghoul","card_health":3,"card_attack":1}]},{"turn":7,"cards_played":["Unstable Portal","Fireblast","Fireblast"],"current_player":"me","my_health":30,"opponent_health":22,"my_armor":0,"opponent_armor":0,"my_hand":2,"opponent_hand":4,"my_board":[{"card_name":"Mana Wyrm","card_health":2,"card_attack":4},{"card_name":"Mirror Image","card_health":1,"card_attack":0},{"card_name":"Mirror Image","card_health":1,"card_attack":0},{"card_name":"Unstable Ghoul","card_health":2,"card_attack":1}],"opponent_board":[]},{"turn":8,"cards_played":["Frothing Berserker","Whirlwind"],"current_player":"opponent","my_health":30,"opponent_health":21,"my_armor":0,"opponent_armor":0,"my_hand":2,"opponent_hand":3,"my_board":[],"opponent_board":[{"card_name":"Frothing Berserker","card_health":2,"card_attack":9}]},{"turn":9,"cards_played":["Madder Bomber","Fireblast"],"current_player":"me","my_health":29,"opponent_health":17,"my_armor":0,"opponent_armor":0,"my_hand":2,"opponent_hand":3,"my_board":[{"card_name":"Madder Bomber","card_health":4,"card_attack":5}],"opponent_board":[]},{"turn":10,"cards_played":["Death's Bite"],"current_player":"opponent","my_health":29,"opponent_health":12,"my_armor":0,"opponent_armor":0,"my_hand":2,"opponent_hand":3,"my_board":[],"opponent_board":[]},{"turn":11,"cards_played":["Arcane Intellect","Fireblast"],"current_player":"me","my_health":29,"opponent_health":11,"my_armor":0,"opponent_armor":0,"my_hand":4,"opponent_hand":3,"my_board":[],"opponent_board":[]},{"turn":12,"cards_played":["Emperor Thaurissan"],"current_player":"opponent","my_health":29,"opponent_health":11,"my_armor":0,"opponent_armor":0,"my_hand":4,"opponent_hand":3,"my_board":[],"opponent_board":[{"card_name":"Emperor Thaurissan","card_health":5,"card_attack":5}]},{"turn":13,"cards_played":["Azure Drake","Flamecannon"],"current_player":"me","my_health":29,"opponent_health":11,"my_armor":0,"opponent_armor":0,"my_hand":4,"opponent_hand":3,"my_board":[{"card_name":"Azure Drake","card_health":4,"card_attack":4}],"opponent_board":[]},{"turn":14,"cards_played":["Gnomish Inventor","Frothing Berserker","Armorsmith"],"current_player":"opponent","my_health":29,"opponent_health":7,"my_armor":0,"opponent_armor":0,"my_hand":4,"opponent_hand":2,"my_board":[],"opponent_board":[{"card_name":"Armorsmith","card_health":4,"card_attack":1},{"card_name":"Frothing Berserker","card_health":4,"card_attack":3},{"card_name":"Gnomish Inventor","card_health":4,"card_attack":2}]},{"turn":15,"cards_played":["Flamewaker","Frostbolt","Frostbolt"],"current_player":"me","my_health":29,"opponent_health":7,"my_armor":0,"opponent_armor":3,"my_hand":2,"opponent_hand":2,"my_board":[{"card_name":"Flamewaker","card_health":4,"card_attack":2}],"opponent_board":[]},{"turn":16,"cards_played":["Warsong Commander","Gnomish Inventor","Battle Rage"],"current_player":"opponent","my_health":29,"opponent_health":7,"my_armor":0,"opponent_armor":3,"my_hand":2,"opponent_hand":3,"my_board":[{"card_name":"Flamewaker","card_health":2,"card_attack":2}],"opponent_board":[{"card_name":"Warsong Commander","card_health":3,"card_attack":2},{"card_name":"Gnomish Inventor","card_health":2,"card_attack":2}]},{"turn":17,"cards_played":["Unstable Portal","Fireblast"],"current_player":"me","my_health":29,"opponent_health":5,"my_armor":0,"opponent_armor":0,"my_hand":2,"opponent_hand":3,"my_board":[{"card_name":"Flamewaker","card_health":2,"card_attack":2}],"opponent_board":[{"card_name":"Warsong Commander","card_health":3,"card_attack":2}]},{"turn":18,"cards_played":["Acolyte of Pain","Fiery War Axe","Inner Rage","Armor Up!"],"current_player":"opponent","my_health":26,"opponent_health":4,"my_armor":0,"opponent_armor":2,"my_hand":3,"opponent_hand":2,"my_board":[],"opponent_board":[{"card_name":"Warsong Commander","card_health":1,"card_attack":2},{"card_name":"Acolyte of Pain","card_health":2,"card_attack":3}]},{"turn":19,"cards_played":["Arcane Intellect","Azure Drake","Fireblast","Fireblast"],"current_player":"me","my_health":26,"opponent_health":4,"my_armor":0,"opponent_armor":2,"my_hand":5,"opponent_hand":2,"my_board":[{"card_name":"Azure Drake","card_health":4,"card_attack":4}],"opponent_board":[{"card_name":"Acolyte of Pain","card_health":2,"card_attack":3}]},{"turn":20,"cards_played":["Slam","Grim Patron","Cruel Taskmaster","Whirlwind"],"current_player":"opponent","my_health":23,"opponent_health":4,"my_armor":0,"opponent_armor":2,"my_hand":5,"opponent_hand":1,"my_board":[],"opponent_board":[{"card_name":"Cruel Taskmaster","card_health":1,"card_attack":2},{"card_name":"Grim Patron","card_health":1,"card_attack":5},{"card_name":"Grim Patron","card_health":2,"card_attack":3},{"card_name":"Grim Patron","card_health":3,"card_attack":3},{"card_name":"Grim Patron","card_health":3,"card_attack":3}]},{"turn":21,"cards_played":["Fireblast","Fireblast","Dr. Boom","Mirror Image"],"current_player":"me","my_health":23,"opponent_health":4,"my_armor":0,"opponent_armor":2,"my_hand":4,"opponent_hand":1,"my_board":[{"card_name":"Dr. Boom","card_health":7,"card_attack":7},{"card_name":"Boom Bot","card_health":1,"card_attack":1},{"card_name":"Boom Bot","card_health":1,"card_attack":1},{"card_name":"Mirror Image","card_health":2,"card_attack":0},{"card_name":"Mirror Image","card_health":2,"card_attack":0}],"opponent_board":[{"card_name":"Cruel Taskmaster","card_health":1,"card_attack":2},{"card_name":"Grim Patron","card_health":2,"card_attack":3},{"card_name":"Grim Patron","card_health":3,"card_attack":3},{"card_name":"Grim Patron","card_health":3,"card_attack":3}]},{"turn":22,"cards_played":["Battle Rage","Death's Bite","Armor Up!","Execute"],"current_player":"opponent","my_health":19,"opponent_health":4,"my_armor":0,"opponent_armor":4,"my_hand":4,"opponent_hand":2,"my_board":[{"card_name":"Boom Bot","card_health":1,"card_attack":1}],"opponent_board":[{"card_name":"Grim Patron","card_health":3,"card_attack":3},{"card_name":"Grim Patron","card_health":2,"card_attack":3},{"card_name":"Grim Patron","card_health":3,"card_attack":3}]},{"turn":23,"cards_played":["Fireblast","Fireblast","Fireball"],"current_player":"me","my_health":19,"opponent_health":0,"my_armor":0,"opponent_armor":0,"my_hand":4,"opponent_hand":2,"my_board":[{"card_name":"Boom Bot","card_health":1,"card_attack":1}],"opponent_board":[{"card_name":"Grim Patron","card_health":3,"card_attack":3},{"card_name":"Grim Patron","card_health":2,"card_attack":3},{"card_name":"Grim Patron","card_health":3,"card_attack":3}]}],"result":"victory"}