{"plays":[{"turn":1,"cards_played":[],"current_player":"me","my_health":0,"opponent_health":30,"my_armor":0,"opponent_armor":0,"my_hand":0,"opponent_hand":1,"my_board":[],"opponent_board":[]},{"turn":2,"cards_played":["The Coin","Amani Berserker"],"current_player":"me","my_health":30,"opponent_health":30,"my_armor":0,"opponent_armor":0,"my_hand":4,"opponent_hand":4,"my_board":[{"card_name":"Amani Berserker","card_health":3,"card_attack":2}],"opponent_board":[]},{"turn":3,"cards_played":["Faerie Dragon"],"current_player":"opponent","my_health":30,"opponent_health":30,"my_armor":0,"opponent_armor":0,"my_hand":4,"opponent_hand":4,"my_board":[{"card_name":"Amani Berserker","card_health":3,"card_attack":2}],"opponent_board":[{"card_name":"Faerie Dragon","card_health":2,"card_attack":3}]},{"turn":4,"cards_played":["Snowchugger"],"current_player":"me","my_health":30,"opponent_health":28,"my_armor":0,"opponent_armor":0,"my_hand":4,"opponent_hand":4,"my_board":[{"card_name":"Amani Berserker","card_health":3,"card_attack":2},{"card_name":"Snowchugger","card_health":3,"card_attack":2}],"opponent_board":[{"card_name":"Faerie Dragon","card_health":2,"card_attack":3}]},{"turn":5,"cards_played":["Flesheating Ghoul"],"current_player":"opponent","my_health":30,"opponent_health":28,"my_armor":0,"opponent_armor":0,"my_hand":4,"opponent_hand":4,"my_board":[{"card_name":"Amani Berserker","card_health":3,"card_attack":2}],"opponent_board":[{"card_name":"Flesheating Ghoul","card_health":3,"card_attack":2}]},{"turn":6,"cards_played":["Lowly Squire","Fireblast","Fireblast"],"current_player":"me","my_health":30,"opponent_health":23,"my_armor":0,"opponent_armor":0,"my_hand":4,"opponent_hand":4,"my_board":[{"card_name":"Amani Berserker","card_health":2,"card_attack":5},{"card_name":"Lowly Squire","card_health":2,"card_attack":2}],"opponent_board":[{"card_name":"Flesheating Ghoul","card_health":3,"card_attack":4}]},{"turn":7,"cards_played":["Piloted Shredder"],"current_player":"opponent","my_health":30,"opponent_health":23,"my_armor":0,"opponent_armor":0,"my_hand":4,"opponent_hand":4,"my_board":[{"card_name":"Lowly Squire","card_health":2,"card_attack":2}],"opponent_board":[{"card_name":"Piloted Shredder","card_health":3,"card_attack":4}]},{"turn":8,"cards_played":["Snowchugger","Fireblast","Fireblast"],"current_player":"me","my_health":30,"opponent_health":20,"my_armor":0,"opponent_armor":0,"my_hand":4,"opponent_hand":4,"my_board":[{"card_name":"Lowly Squire","card_health":2,"card_attack":3},{"card_name":"Snowchugger","card_health":3,"card_attack":2}],"opponent_board":[{"card_name":"Piloted Shredder","card_health":2,"card_attack":4}]},{"turn":9,"cards_played":["Argent Protector","Raging Worgen"],"current_player":"opponent","my_health":30,"opponent_health":20,"my_armor":0,"opponent_armor":0,"my_hand":4,"opponent_hand":3,"my_board":[{"card_name":"Lowly Squire","card_health":2,"card_attack":3}],"opponent_board":[{"card_name":"Piloted Shredder","card_health":2,"card_attack":4},{"card_name":"Raging Worgen","card_health":3,"card_attack":3},{"card_name":"Argent Protector","card_health":2,"card_attack":2}]},{"turn":10,"cards_played":["Acolyte of Pain","Fireblast","Fireblast"],"current_player":"me","my_health":30,"opponent_health":20,"my_armor":0,"opponent_armor":0,"my_hand":5,"opponent_hand":3,"my_board":[{"card_name":"Acolyte of Pain","card_health":2,"card_attack":1}],"opponent_board":[{"card_name":"Piloted Shredder","card_health":2,"card_attack":4},{"card_name":"Argent Protector","card_health":2,"card_attack":2}]},{"turn":11,"cards_played":["Murloc Knight","Reinforce"],"current_player":"opponent","my_health":26,"opponent_health":20,"my_armor":0,"opponent_armor":0,"my_hand":6,"opponent_hand":3,"my_board":[],"opponent_board":[{"card_name":"Piloted Shredder","card_health":2,"card_attack":4},{"card_name":"Murloc Knight","card_health":5,"card_attack":5},{"card_name":"Argent Protector","card_health":1,"card_attack":2},{"card_name":"Silver Hand Recruit","card_health":1,"card_attack":1},{"card_name":"Murloc Warleader","card_health":3,"card_attack":3}]},{"turn":12,"cards_played":["Zombie Chow","Frost Nova","Fireblast","Fireblast"],"current_player":"me","my_health":26,"opponent_health":20,"my_armor":0,"opponent_armor":0,"my_hand":5,"opponent_hand":3,"my_board":[{"card_name":"Zombie Chow","card_health":3,"card_attack":2}],"opponent_board":[{"card_name":"Piloted Shredder","card_health":2,"card_attack":4},{"card_name":"Murloc Knight","card_health":4,"card_attack":5},{"card_name":"Argent Protector","card_health":1,"card_attack":2},{"card_name":"Silver Hand Recruit","card_health":1,"card_attack":1},{"card_name":"Murloc Warleader","card_health":3,"card_attack":3}]},{"turn":13,"cards_played":["Reinforce"],"current_player":"opponent","my_health":26,"opponent_health":20,"my_armor":0,"opponent_armor":0,"my_hand":5,"opponent_hand":4,"my_board":[{"card_name":"Zombie Chow","card_health":3,"card_attack":2}],"opponent_board":[{"card_name":"Piloted Shredder","card_health":2,"card_attack":4},{"card_name":"Murloc Knight","card_health":4,"card_attack":5},{"card_name":"Argent Protector","card_health":1,"card_attack":2},{"card_name":"Silver Hand Recruit","card_health":1,"card_attack":1},{"card_name":"Murloc Warleader","card_health":3,"card_attack":3},{"card_name":"Silver Hand Recruit","card_health":1,"card_attack":1},{"card_name":"Murloc Raider","card_health":1,"card_attack":2}]},{"turn":14,"cards_played":["Flamestrike"],"current_player":"me","my_health":26,"opponent_health":25,"my_armor":0,"opponent_armor":0,"my_hand":5,"opponent_hand":4,"my_board":[],"opponent_board":[]},{"turn":15,"cards_played":["Piloted Sky Golem","Zombie Chow"],"current_player":"opponent","my_health":26,"opponent_health":25,"my_armor":0,"opponent_armor":0,"my_hand":5,"opponent_hand":3,"my_board":[],"opponent_board":[{"card_name":"Zombie Chow","card_health":3,"card_attack":2},{"card_name":"Piloted Sky Golem","card_health":4,"card_attack":6}]},{"turn":16,"cards_played":["Frost Elemental","Mana Wyrm"],"current_player":"me","my_health":26,"opponent_health":25,"my_armor":0,"opponent_armor":0,"my_hand":4,"opponent_hand":3,"my_board":[{"card_name":"Frost Elemental","card_health":5,"card_attack":5},{"card_name":"Mana Wyrm","card_health":3,"card_attack":1}],"opponent_board":[{"card_name":"Zombie Chow","card_health":3,"card_attack":2},{"card_name":"Piloted Sky Golem","card_health":4,"card_attack":6}]},{"turn":17,"cards_played":["Truesilver Champion","Chillwind Yeti"],"current_player":"opponent","my_health":30,"opponent_health":22,"my_armor":0,"opponent_armor":0,"my_hand":4,"opponent_hand":2,"my_board":[{"card_name":"Mana Wyrm","card_health":3,"card_attack":1}],"opponent_board":[{"card_name":"Chillwind Yeti","card_health":5,"card_attack":4},{"card_name":"Piloted Sky Golem","card_health":4,"card_attack":6}]},{"turn":18,"cards_played":["Dragon's Breath","Piloted Shredder"],"current_player":"me","my_health":30,"opponent_health":20,"my_armor":0,"opponent_armor":0,"my_hand":3,"opponent_hand":2,"my_board":[{"card_name":"Piloted Shredder","card_health":3,"card_attack":4},{"card_name":"Mana Wyrm","card_health":3,"card_attack":2}],"opponent_board":[{"card_name":"Chillwind Yeti","card_health":5,"card_attack":4},{"card_name":"Defender of Argus","card_health":3,"card_attack":2}]},{"turn":19,"cards_played":["Flame Juggler","Reinforce"],"current_player":"opponent","my_health":30,"opponent_health":18,"my_armor":0,"opponent_armor":0,"my_hand":3,"opponent_hand":2,"my_board":[],"opponent_board":[{"card_name":"Chillwind Yeti","card_health":3,"card_attack":4},{"card_name":"Flame Juggler","card_health":3,"card_attack":2},{"card_name":"Defender of Argus","card_health":1,"card_attack":2},{"card_name":"Silver Hand Recruit","card_health":1,"card_attack":1}]},{"turn":20,"cards_played":["Fireblast","Fireblast","Bomb Lobber"],"current_player":"me","my_health":30,"opponent_health":18,"my_armor":0,"opponent_armor":0,"my_hand":2,"opponent_hand":2,"my_board":[{"card_name":"Bomb Lobber","card_health":3,"card_attack":3}],"opponent_board":[{"card_name":"Chillwind Yeti","card_health":3,"card_attack":4},{"card_name":"Silver Hand Recruit","card_health":1,"card_attack":1}]},{"turn":21,"cards_played":["Flesheating Ghoul","Scarlet Crusader","Reinforce"],"current_player":"opponent","my_health":26,"opponent_health":18,"my_armor":0,"opponent_armor":0,"my_hand":2,"opponent_hand":1,"my_board":[{"card_name":"Bomb Lobber","card_health":2,"card_attack":3}],"opponent_board":[{"card_name":"Scarlet Crusader","card_health":1,"card_attack":3},{"card_name":"Chillwind Yeti","card_health":3,"card_attack":4},{"card_name":"Flesheating Ghoul","card_health":3,"card_attack":3},{"card_name":"Silver Hand Recruit","card_health":1,"card_attack":1}]},{"turn":22,"cards_played":["Mana Wyrm","Fireblast","Fireblast","Flamestrike"],"current_player":"me","my_health":26,"opponent_health":15,"my_armor":0,"opponent_armor":0,"my_hand":1,"opponent_hand":1,"my_board":[{"card_name":"Mana Wyrm","card_health":3,"card_attack":2},{"card_name":"Bomb Lobber","card_health":2,"card_attack":3}],"opponent_board":[]},{"turn":23,"cards_played":["Volcanic Drake","Silent Knight"],"current_player":"opponent","my_health":26,"opponent_health":15,"my_armor":0,"opponent_armor":0,"my_hand":1,"opponent_hand":0,"my_board":[{"card_name":"Mana Wyrm","card_health":3,"card_attack":2},{"card_name":"Bomb Lobber","card_health":2,"card_attack":3}],"opponent_board":[{"card_name":"Silent Knight","card_health":2,"card_attack":2},{"card_name":"Volcanic Drake","card_health":4,"card_attack":6}]},{"turn":24,"cards_played":["Dalaran Aspirant","Fireblast","Fireblast"],"current_player":"me","my_health":26,"opponent_health":13,"my_armor":0,"opponent_armor":0,"my_hand":1,"opponent_hand":0,"my_board":[{"card_name":"Mana Wyrm","card_health":3,"card_attack":2},{"card_name":"Dalaran Aspirant","card_health":5,"card_attack":3}],"opponent_board":[{"card_name":"Silent Knight","card_health":2,"card_attack":2}]},{"turn":25,"cards_played":["Hammer of Wrath","Mechwarper","Reinforce"],"current_player":"opponent","my_health":26,"opponent_health":13,"my_armor":0,"opponent_armor":0,"my_hand":1,"opponent_hand":0,"my_board":[{"card_name":"Dalaran Aspirant","card_health":5,"card_attack":3}],"opponent_board":[{"card_name":"Silent Knight","card_health":2,"card_attack":2},{"card_name":"Mechwarper","card_health":3,"card_attack":2},{"card_name":"Silver Hand Recruit","card_health":1,"card_attack":1}]},{"turn":26,"cards_played":["Mechanical Yeti","Fireblast","Fireblast","Mirror Image"],"current_player":"me","my_health":26,"opponent_health":13,"my_armor":0,"opponent_armor":0,"my_hand":0,"opponent_hand":0,"my_board":[{"card_name":"Mechanical Yeti","card_health":5,"card_attack":4},{"card_name":"Dalaran Aspirant","card_health":3,"card_attack":3},{"card_name":"Mirror Image","card_health":2,"card_attack":0},{"card_name":"Mirror Image","card_health":2,"card_attack":0}],"opponent_board":[{"card_name":"Silent Knight","card_health":2,"card_attack":2}]},{"turn":27,"cards_played":["Avenging Wrath","Reinforce"],"current_player":"opponent","my_health":24,"opponent_health":13,"my_armor":0,"opponent_armor":0,"my_hand":1,"opponent_hand":1,"my_board":[{"card_name":"Dalaran Aspirant","card_health":3,"card_attack":3},{"card_name":"Mirror Image","card_health":1,"card_attack":0}],"opponent_board":[{"card_name":"Silent Knight","card_health":2,"card_attack":2},{"card_name":"Silver Hand Recruit","card_health":1,"card_attack":1}]},{"turn":28,"cards_played":["Fireblast","Fireblast"],"current_player":"me","my_health":24,"opponent_health":13,"my_armor":0,"opponent_armor":0,"my_hand":1,"opponent_hand":1,"my_board":[{"card_name":"Dalaran Aspirant","card_health":1,"card_attack":3},{"card_name":"Mirror Image","card_health":1,"card_attack":0}],"opponent_board":[]},{"turn":29,"cards_played":["Darkscale Healer","Reinforce"],"current_player":"opponent","my_health":24,"opponent_health":15,"my_armor":0,"opponent_armor":0,"my_hand":1,"opponent_hand":1,"my_board":[{"card_name":"Dalaran Aspirant","card_health":1,"card_attack":3},{"card_name":"Mirror Image","card_health":1,"card_attack":0}],"opponent_board":[{"card_name":"Darkscale Healer","card_health":5,"card_attack":4},{"card_name":"Silver Hand Recruit","card_health":1,"card_attack":1}]},{"turn":30,"cards_played":["Fireblast","Fireblast"],"current_player":"me","my_health":24,"opponent_health":12,"my_armor":0,"opponent_armor":0,"my_hand":1,"opponent_hand":1,"my_board":[{"card_name":"Dalaran Aspirant","card_health":1,"card_attack":3},{"card_name":"Mirror Image","card_health":1,"card_attack":0}],"opponent_board":[{"card_name":"Darkscale Healer","card_health":5,"card_attack":4}]},{"turn":31,"cards_played":["Reinforce"],"current_player":"opponent","my_health":24,"opponent_health":12,"my_armor":0,"opponent_armor":0,"my_hand":3,"opponent_hand":2,"my_board":[{"card_name":"Dalaran Aspirant","card_health":1,"card_attack":3}],"opponent_board":[{"card_name":"Darkscale Healer","card_health":5,"card_attack":4},{"card_name":"Silver Hand Recruit","card_health":1,"card_attack":1}]},{"turn":32,"cards_played":["Mirror Image","Mirror Image","Fireblast","Fireblast","Frostbolt"],"current_player":"me","my_health":24,"opponent_health":0,"my_armor":0,"opponent_armor":0,"my_hand":1,"opponent_hand":2,"my_board":[{"card_name":"Dalaran Aspirant","card_health":1,"card_attack":3},{"card_name":"Mirror Image","card_health":2,"card_attack":0},{"card_name":"Mirror Image","card_health":2,"card_attack":0}],"opponent_board":[{"card_name":"Darkscale Healer","card_health":5,"card_attack":4},{"card_name":"Silver Hand Recruit","card_health":1,"card_attack":1}]}],"result":"victory"}