{"plays":[{"turn":1,"cards_played":[],"current_player":"opponent","my_health":30,"opponent_health":0,"my_armor":0,"opponent_armor":0,"my_hand":1,"opponent_hand":0,"my_board":[],"opponent_board":[]},{"turn":2,"cards_played":["Zombie Chow"],"current_player":"me","my_health":30,"opponent_health":30,"my_armor":0,"opponent_armor":0,"my_hand":6,"opponent_hand":3,"my_board":[],"opponent_board":[{"card_name":"Zombie Chow","card_health":3,"card_attack":2}]},{"turn":3,"cards_played":["Totem Golem"],"current_player":"opponent","my_health":28,"opponent_health":30,"my_armor":0,"opponent_armor":0,"my_hand":6,"opponent_hand":3,"my_board":[],"opponent_board":[{"card_name":"Zombie Chow","card_health":3,"card_attack":2},{"card_name":"Totem Golem","card_health":4,"card_attack":3}]},{"turn":4,"cards_played":["Fireblast","Fireblast"],"current_player":"me","my_health":28,"opponent_health":30,"my_armor":0,"opponent_armor":0,"my_hand":7,"opponent_hand":3,"my_board":[],"opponent_board":[{"card_name":"Zombie Chow","card_health":3,"card_attack":2},{"card_name":"Totem Golem","card_health":3,"card_attack":3}]},{"turn":5,"cards_played":["Haunted Creeper"],"current_player":"opponent","my_health":23,"opponent_health":30,"my_armor":0,"opponent_armor":0,"my_hand":7,"opponent_hand":3,"my_board":[],"opponent_board":[{"card_name":"Haunted Creeper","card_health":2,"card_attack":1},{"card_name":"Zombie Chow","card_health":3,"card_attack":2},{"card_name":"Totem Golem","card_health":3,"card_attack":3}]},{"turn":6,"cards_played":["Flamewaker","The Coin","Mirror Image"],"current_player":"me","my_health":23,"opponent_health":29,"my_armor":0,"opponent_armor":0,"my_hand":5,"opponent_hand":3,"my_board":[{"card_name":"Flamewaker","card_health":4,"card_attack":2},{"card_name":"Mirror Image","card_health":2,"card_attack":0},{"card_name":"Mirror Image","card_health":2,"card_attack":0}],"opponent_board":[{"card_name":"Haunted Creeper","card_health":2,"card_attack":1},{"card_name":"Zombie Chow","card_health":3,"card_attack":2},{"card_name":"Totem Golem","card_health":2,"card_attack":3}]},{"turn":7,"cards_played":["Totemic Call","Flametongue Totem"],"current_player":"opponent","my_health":23,"opponent_health":28,"my_armor":0,"opponent_armor":0,"my_hand":5,"opponent_hand":3,"my_board":[],"opponent_board":[{"card_name":"Haunted Creeper","card_health":2,"card_attack":3},{"card_name":"Zombie Chow","card_health":1,"card_attack":4},{"card_name":"Totem Golem","card_health":1,"card_attack":3},{"card_name":"Flametongue Totem","card_health":3,"card_attack":0},{"card_name":"Healing Totem","card_health":2,"card_attack":0}]},{"turn":8,"cards_played":[],"current_player":"me","my_health":23,"opponent_health":28,"my_armor":0,"opponent_armor":0,"my_hand":6,"opponent_hand":3,"my_board":[],"opponent_board":[{"card_name":"Haunted Creeper","card_health":2,"card_attack":3},{"card_name":"Zombie Chow","card_health":2,"card_attack":4},{"card_name":"Totem Golem","card_health":2,"card_attack":3},{"card_name":"Flametongue Totem","card_health":3,"card_attack":0},{"card_name":"Healing Totem","card_health":2,"card_attack":0}]}],"result":"defeat"}