{"plays":[{"turn":1,"cards_played":[],"current_player":"opponent","my_health":30,"opponent_health":0,"my_armor":0,"opponent_armor":0,"my_hand":1,"opponent_hand":0,"my_board":[],"opponent_board":[]},{"turn":2,"cards_played":["The Coin","Mad Scientist"],"current_player":"me","my_health":30,"opponent_health":30,"my_armor":0,"opponent_armor":0,"my_hand":4,"opponent_hand":4,"my_board":[{"card_name":"Mad Scientist","card_health":2,"card_attack":2}],"opponent_board":[]},{"turn":3,"cards_played":["Fiery War Axe"],"current_player":"opponent","my_health":30,"opponent_health":28,"my_armor":0,"opponent_armor":0,"my_hand":4,"opponent_hand":4,"my_board":[],"opponent_board":[]},{"turn":4,"cards_played":["Unstable Portal"],"current_player":"me","my_health":30,"opponent_health":28,"my_armor":0,"opponent_armor":0,"my_hand":5,"opponent_hand":4,"my_board":[],"opponent_board":[]},{"turn":5,"cards_played":["Armorsmith"],"current_player":"opponent","my_health":30,"opponent_health":28,"my_armor":0,"opponent_armor":0,"my_hand":5,"opponent_hand":4,"my_board":[{"card_name":"Armorsmith","card_health":4,"card_attack":1}],"opponent_board":[{"card_name":"Armorsmith","card_health":4,"card_attack":1}]},{"turn":6,"cards_played":["Blackwing Corruptor","Arcane Missiles"],"current_player":"me","my_health":30,"opponent_health":27,"my_armor":0,"opponent_armor":0,"my_hand":4,"opponent_hand":4,"my_board":[{"card_name":"Blackwing Corruptor","card_health":4,"card_attack":5},{"card_name":"Armorsmith","card_health":4,"card_attack":1}],"opponent_board":[]},{"turn":7,"cards_played":["Death's Bite"],"current_player":"opponent","my_health":30,"opponent_health":22,"my_armor":1,"opponent_armor":0,"my_hand":4,"opponent_hand":4,"my_board":[{"card_name":"Armorsmith","card_health":4,"card_attack":1}],"opponent_board":[]},{"turn":8,"cards_played":["Water Elemental"],"current_player":"me","my_health":30,"opponent_health":21,"my_armor":1,"opponent_armor":0,"my_hand":4,"opponent_hand":4,"my_board":[{"card_name":"Water Elemental","card_health":6,"card_attack":3},{"card_name":"Armorsmith","card_health":4,"card_attack":1}],"opponent_board":[]},{"turn":9,"cards_played":["Armorsmith","Execute","Armor Up!"],"current_player":"opponent","my_health":30,"opponent_health":20,"my_armor":2,"opponent_armor":2,"my_hand":4,"opponent_hand":3,"my_board":[],"opponent_board":[{"card_name":"Armorsmith","card_health":4,"card_attack":1}]},{"turn":10,"cards_played":["Azure Drake"],"current_player":"me","my_health":30,"opponent_health":20,"my_armor":2,"opponent_armor":2,"my_hand":5,"opponent_hand":3,"my_board":[{"card_name":"Azure Drake","card_health":4,"card_attack":4}],"opponent_board":[{"card_name":"Armorsmith","card_health":4,"card_attack":1}]},{"turn":11,"cards_played":["Slam","Armor Up!"],"current_player":"opponent","my_health":30,"opponent_health":20,"my_armor":1,"opponent_armor":4,"my_hand":5,"opponent_hand":4,"my_board":[{"card_name":"Azure Drake","card_health":2,"card_attack":4}],"opponent_board":[{"card_name":"Armorsmith","card_health":4,"card_attack":1}]},{"turn":12,"cards_played":["Sorcerer's Apprentice","Mana Wyrm","Flamecannon"],"current_player":"me","my_health":30,"opponent_health":20,"my_armor":1,"opponent_armor":1,"my_hand":2,"opponent_hand":4,"my_board":[{"card_name":"Azure Drake","card_health":2,"card_attack":4},{"card_name":"Mana Wyrm","card_health":3,"card_attack":3},{"card_name":"Sorcerer's Apprentice","card_health":2,"card_attack":3}],"opponent_board":[]},{"turn":13,"cards_played":["Armor Up!"],"current_player":"opponent","my_health":30,"opponent_health":20,"my_armor":1,"opponent_armor":3,"my_hand":2,"opponent_hand":5,"my_board":[{"card_name":"Azure Drake","card_health":2,"card_attack":4},{"card_name":"Mana Wyrm","card_health":3,"card_attack":3},{"card_name":"Sorcerer's Apprentice","card_health":2,"card_attack":3}],"opponent_board":[]},{"turn":14,"cards_played":["Arcane Intellect","Fireball","Frostbolt"],"current_player":"me","my_health":30,"opponent_health":-1,"my_armor":1,"opponent_armor":0,"my_hand":2,"opponent_hand":5,"my_board":[{"card_name":"Azure Drake","card_health":2,"card_attack":4},{"card_name":"Mana Wyrm","card_health":3,"card_attack":6},{"card_name":"Sorcerer's Apprentice","card_health":2,"card_attack":3}],"opponent_board":[]}],"result":"victory"}