{"plays":[{"turn":1,"cards_played":[],"current_player":"me","my_health":0,"opponent_health":30,"my_armor":0,"opponent_armor":0,"my_hand":0,"opponent_hand":1,"my_board":[],"opponent_board":[]},{"turn":2,"cards_played":["Abusive Sergeant","Mana Wyrm"],"current_player":"me","my_health":30,"opponent_health":30,"my_armor":0,"opponent_armor":0,"my_hand":5,"opponent_hand":3,"my_board":[{"card_name":"Mana Wyrm","card_health":3,"card_attack":1}],"opponent_board":[{"card_name":"Abusive Sergeant","card_health":1,"card_attack":2}]},{"turn":3,"cards_played":["Knife Juggler"],"current_player":"opponent","my_health":28,"opponent_health":30,"my_armor":0,"opponent_armor":0,"my_hand":5,"opponent_hand":3,"my_board":[{"card_name":"Mana Wyrm","card_health":3,"card_attack":1}],"opponent_board":[{"card_name":"Abusive Sergeant","card_health":1,"card_attack":2},{"card_name":"Knife Juggler","card_health":2,"card_attack":3}]},{"turn":4,"cards_played":["Mana Wyrm","The Coin","Frostbolt"],"current_player":"me","my_health":28,"opponent_health":30,"my_armor":0,"opponent_armor":0,"my_hand":3,"opponent_hand":3,"my_board":[{"card_name":"Mana Wyrm","card_health":3,"card_attack":3},{"card_name":"Mana Wyrm","card_health":1,"card_attack":3}],"opponent_board":[]},{"turn":5,"cards_played":["Mad Scientist","Worgen Infiltrator"],"current_player":"opponent","my_health":28,"opponent_health":30,"my_armor":0,"opponent_armor":0,"my_hand":3,"opponent_hand":2,"my_board":[{"card_name":"Mana Wyrm","card_health":3,"card_attack":3},{"card_name":"Mana Wyrm","card_health":1,"card_attack":3}],"opponent_board":[{"card_name":"Worgen Infiltrator","card_health":1,"card_attack":2},{"card_name":"Mad Scientist","card_health":2,"card_attack":2}]},{"turn":6,"cards_played":["Arcane Intellect"],"current_player":"me","my_health":28,"opponent_health":22,"my_armor":0,"opponent_armor":0,"my_hand":5,"opponent_hand":2,"my_board":[{"card_name":"Mana Wyrm","card_health":3,"card_attack":4},{"card_name":"Mana Wyrm","card_health":1,"card_attack":4}],"opponent_board":[{"card_name":"Worgen Infiltrator","card_health":1,"card_attack":2},{"card_name":"Mad Scientist","card_health":2,"card_attack":2}]},{"turn":7,"cards_played":["Unleash the Hounds","Abusive Sergeant"],"current_player":"opponent","my_health":22,"opponent_health":22,"my_armor":0,"opponent_armor":0,"my_hand":5,"opponent_hand":1,"my_board":[{"card_name":"Mana Wyrm","card_health":1,"card_attack":4},{"card_name":"Mana Wyrm","card_health":1,"card_attack":4}],"opponent_board":[{"card_name":"Worgen Infiltrator","card_health":1,"card_attack":4},{"card_name":"Abusive Sergeant","card_health":1,"card_attack":2},{"card_name":"Hound","card_health":1,"card_attack":1},{"card_name":"Hound","card_health":1,"card_attack":1}]},{"turn":8,"cards_played":["Unstable Portal","Fireblast","Fireblast"],"current_player":"me","my_health":22,"opponent_health":22,"my_armor":0,"opponent_armor":0,"my_hand":6,"opponent_hand":1,"my_board":[],"opponent_board":[{"card_name":"Hound","card_health":1,"card_attack":1}]},{"turn":9,"cards_played":["Animal Companion","Steady Shot"],"current_player":"opponent","my_health":18,"opponent_health":22,"my_armor":0,"opponent_armor":0,"my_hand":6,"opponent_hand":1,"my_board":[],"opponent_board":[{"card_name":"Hound","card_health":1,"card_attack":2},{"card_name":"Leokk","card_health":4,"card_attack":2}]},{"turn":10,"cards_played":["Sorcerer's Apprentice","Fireblast","Fireblast","Dunemaul Shaman"],"current_player":"me","my_health":18,"opponent_health":22,"my_armor":0,"opponent_armor":0,"my_hand":5,"opponent_hand":1,"my_board":[{"card_name":"Sorcerer's Apprentice","card_health":2,"card_attack":3},{"card_name":"Dunemaul Shaman","card_health":4,"card_attack":5}],"opponent_board":[{"card_name":"Leokk","card_health":4,"card_attack":2}]},{"turn":11,"cards_played":["Arcane Golem","Quick Shot"],"current_player":"opponent","my_health":8,"opponent_health":22,"my_armor":0,"opponent_armor":0,"my_hand":5,"opponent_hand":1,"my_board":[{"card_name":"Sorcerer's Apprentice","card_health":2,"card_attack":3},{"card_name":"Dunemaul Shaman","card_health":4,"card_attack":5}],"opponent_board":[{"card_name":"Arcane Golem","card_health":2,"card_attack":5},{"card_name":"Leokk","card_health":4,"card_attack":2}]},{"turn":12,"cards_played":["Fireball","Fireball"],"current_player":"me","my_health":8,"opponent_health":10,"my_armor":0,"opponent_armor":0,"my_hand":4,"opponent_hand":1,"my_board":[{"card_name":"Dunemaul Shaman","card_health":2,"card_attack":5}],"opponent_board":[]},{"turn":13,"cards_played":["Unleash the Hounds","Kill Command"],"current_player":"opponent","my_health":2,"opponent_health":10,"my_armor":0,"opponent_armor":0,"my_hand":4,"opponent_hand":0,"my_board":[{"card_name":"Dunemaul Shaman","card_health":2,"card_attack":5}],"opponent_board":[{"card_name":"Hound","card_health":1,"card_attack":1}]},{"turn":14,"cards_played":["Acolyte of Pain","Fireblast","Fireblast"],"current_player":"me","my_health":2,"opponent_health":10,"my_armor":0,"opponent_armor":0,"my_hand":5,"opponent_hand":0,"my_board":[{"card_name":"Acolyte of Pain","card_health":2,"card_attack":1},{"card_name":"Dunemaul Shaman","card_health":2,"card_attack":5}],"opponent_board":[{"card_name":"Hound","card_health":1,"card_attack":1}]}],"result":"defeat"}