{"plays":[{"turn":1,"cards_played":[],"current_player":"me","my_health":0,"opponent_health":30,"my_armor":0,"opponent_armor":0,"my_hand":0,"opponent_hand":1,"my_board":[],"opponent_board":[]},{"turn":2,"cards_played":["Zombie Chow"],"current_player":"me","my_health":30,"opponent_health":30,"my_armor":0,"opponent_armor":0,"my_hand":5,"opponent_hand":4,"my_board":[{"card_name":"Zombie Chow","card_health":3,"card_attack":2}],"opponent_board":[]},{"turn":3,"cards_played":[],"current_player":"opponent","my_health":30,"opponent_health":30,"my_armor":0,"opponent_armor":0,"my_hand":5,"opponent_hand":5,"my_board":[{"card_name":"Zombie Chow","card_health":3,"card_attack":2}],"opponent_board":[]},{"turn":4,"cards_played":["Mad Scientist"],"current_player":"me","my_health":30,"opponent_health":28,"my_armor":0,"opponent_armor":0,"my_hand":5,"opponent_hand":5,"my_board":[{"card_name":"Zombie Chow","card_health":3,"card_attack":2},{"card_name":"Mad Scientist","card_health":2,"card_attack":2}],"opponent_board":[]},{"turn":5,"cards_played":["Deathlord"],"current_player":"opponent","my_health":30,"opponent_health":28,"my_armor":0,"opponent_armor":0,"my_hand":5,"opponent_hand":5,"my_board":[{"card_name":"Zombie Chow","card_health":3,"card_attack":2},{"card_name":"Mad Scientist","card_health":2,"card_attack":2}],"opponent_board":[{"card_name":"Deathlord","card_health":8,"card_attack":2}]},{"turn":6,"cards_played":["Frostbolt","The Coin","Fireblast","Fireblast"],"current_player":"me","my_health":30,"opponent_health":28,"my_armor":0,"opponent_armor":0,"my_hand":4,"opponent_hand":5,"my_board":[{"card_name":"Water Elemental","card_health":6,"card_attack":3},{"card_name":"Zombie Chow","card_health":1,"card_attack":2}],"opponent_board":[]},{"turn":7,"cards_played":["Shadow Word: Pain","Lesser Heal","Lesser Heal"],"current_player":"opponent","my_health":30,"opponent_health":30,"my_armor":0,"opponent_armor":0,"my_hand":6,"opponent_hand":5,"my_board":[{"card_name":"Zombie Chow","card_health":1,"card_attack":2}],"opponent_board":[]},{"turn":8,"cards_played":["Water Elemental"],"current_player":"me","my_health":30,"opponent_health":28,"my_armor":0,"opponent_armor":0,"my_hand":6,"opponent_hand":5,"my_board":[{"card_name":"Zombie Chow","card_health":1,"card_attack":2},{"card_name":"Water Elemental","card_health":6,"card_attack":3}],"opponent_board":[]},{"turn":9,"cards_played":["Thoughtsteal","Lesser Heal"],"current_player":"opponent","my_health":30,"opponent_health":30,"my_armor":0,"opponent_armor":0,"my_hand":6,"opponent_hand":7,"my_board":[{"card_name":"Zombie Chow","card_health":1,"card_attack":2},{"card_name":"Water Elemental","card_health":6,"card_attack":3}],"opponent_board":[]},{"turn":10,"cards_played":["Fireblast","Fireblast"],"current_player":"me","my_health":30,"opponent_health":24,"my_armor":0,"opponent_armor":0,"my_hand":6,"opponent_hand":7,"my_board":[{"card_name":"Zombie Chow","card_health":1,"card_attack":2},{"card_name":"Water Elemental","card_health":6,"card_attack":3}],"opponent_board":[]},{"turn":11,"cards_played":["Sylvanas Windrunner"],"current_player":"opponent","my_health":30,"opponent_health":24,"my_armor":0,"opponent_armor":0,"my_hand":6,"opponent_hand":7,"my_board":[{"card_name":"Zombie Chow","card_health":1,"card_attack":2},{"card_name":"Water Elemental","card_health":6,"card_attack":3}],"opponent_board":[{"card_name":"Sylvanas Windrunner","card_health":5,"card_attack":5}]},{"turn":12,"cards_played":["Fireblast"],"current_player":"me","my_health":30,"opponent_health":18,"my_armor":0,"opponent_armor":0,"my_hand":7,"opponent_hand":7,"my_board":[{"card_name":"Zombie Chow","card_health":1,"card_attack":2},{"card_name":"Water Elemental","card_health":6,"card_attack":3}],"opponent_board":[{"card_name":"Sylvanas Windrunner","card_health":5,"card_attack":5}]},{"turn":13,"cards_played":["Arcane Intellect","Power Word: Shield"],"current_player":"opponent","my_health":30,"opponent_health":23,"my_armor":0,"opponent_armor":0,"my_hand":7,"opponent_hand":8,"my_board":[{"card_name":"Water Elemental","card_health":6,"card_attack":3}],"opponent_board":[{"card_name":"Sylvanas Windrunner","card_health":3,"card_attack":5}]},{"turn":14,"cards_played":["Polymorph","Fireblast","Fireblast"],"current_player":"me","my_health":30,"opponent_health":20,"my_armor":0,"opponent_armor":0,"my_hand":7,"opponent_hand":8,"my_board":[{"card_name":"Water Elemental","card_health":6,"card_attack":3}],"opponent_board":[]},{"turn":15,"cards_played":["Dr. Boom"],"current_player":"opponent","my_health":30,"opponent_health":20,"my_armor":0,"opponent_armor":0,"my_hand":7,"opponent_hand":8,"my_board":[{"card_name":"Water Elemental","card_health":6,"card_attack":3}],"opponent_board":[{"card_name":"Dr. Boom","card_health":7,"card_attack":7},{"card_name":"Boom Bot","card_health":1,"card_attack":1},{"card_name":"Boom Bot","card_health":1,"card_attack":1}]},{"turn":16,"cards_played":["Fireblast","Fireblast","Big Game Hunter","Frostbolt"],"current_player":"me","my_health":30,"opponent_health":17,"my_armor":0,"opponent_armor":0,"my_hand":6,"opponent_hand":8,"my_board":[{"card_name":"Big Game Hunter","card_health":2,"card_attack":4},{"card_name":"Water Elemental","card_health":2,"card_attack":3}],"opponent_board":[{"card_name":"Boom Bot","card_health":1,"card_attack":1}]},{"turn":17,"cards_played":["Velen's Chosen","Shadow Madness","Lesser Heal"],"current_player":"opponent","my_health":30,"opponent_health":19,"my_armor":5,"opponent_armor":0,"my_hand":6,"opponent_hand":7,"my_board":[],"opponent_board":[{"card_name":"Boom Bot","card_health":5,"card_attack":3}]},{"turn":18,"cards_played":["Water Elemental","Sludge Belcher"],"current_player":"me","my_health":30,"opponent_health":19,"my_armor":5,"opponent_armor":0,"my_hand":5,"opponent_hand":7,"my_board":[{"card_name":"Sludge Belcher","card_health":5,"card_attack":3},{"card_name":"Water Elemental","card_health":6,"card_attack":3}],"opponent_board":[{"card_name":"Boom Bot","card_health":5,"card_attack":3}]},{"turn":19,"cards_played":["Auchenai Soulpriest","Circle of Healing","Cabal Shadow Priest"],"current_player":"opponent","my_health":30,"opponent_health":19,"my_armor":5,"opponent_armor":0,"my_hand":5,"opponent_hand":5,"my_board":[{"card_name":"Slime","card_health":2,"card_attack":1}],"opponent_board":[{"card_name":"Cabal Shadow Priest","card_health":5,"card_attack":4}]},{"turn":20,"cards_played":["Fireblast","Fireblast","Arcane Intellect","Unstable Portal","Goblin Auto-Barber","Zombie Chow"],"current_player":"me","my_health":30,"opponent_health":19,"my_armor":5,"opponent_armor":0,"my_hand":5,"opponent_hand":5,"my_board":[{"card_name":"Zombie Chow","card_health":3,"card_attack":2},{"card_name":"Goblin Auto-Barber","card_health":2,"card_attack":3}],"opponent_board":[{"card_name":"Cabal Shadow Priest","card_health":4,"card_attack":4},{"card_name":"Slime","card_health":2,"card_attack":1}]},{"turn":21,"cards_played":["Northshire Cleric","Lesser Heal","Lesser Heal"],"current_player":"opponent","my_health":30,"opponent_health":19,"my_armor":4,"opponent_armor":0,"my_hand":5,"opponent_hand":6,"my_board":[{"card_name":"Zombie Chow","card_health":3,"card_attack":2}],"opponent_board":[{"card_name":"Northshire Cleric","card_health":3,"card_attack":1},{"card_name":"Cabal Shadow Priest","card_health":3,"card_attack":4},{"card_name":"Slime","card_health":2,"card_attack":1}]},{"turn":22,"cards_played":["Acolyte of Pain","Flamestrike"],"current_player":"me","my_health":30,"opponent_health":17,"my_armor":4,"opponent_armor":0,"my_hand":4,"opponent_hand":6,"my_board":[{"card_name":"Acolyte of Pain","card_health":3,"card_attack":1},{"card_name":"Zombie Chow","card_health":3,"card_attack":2}],"opponent_board":[]},{"turn":23,"cards_played":["Sludge Belcher","Harrison Jones"],"current_player":"opponent","my_health":30,"opponent_health":17,"my_armor":4,"opponent_armor":0,"my_hand":4,"opponent_hand":5,"my_board":[{"card_name":"Acolyte of Pain","card_health":3,"card_attack":1},{"card_name":"Zombie Chow","card_health":3,"card_attack":2}],"opponent_board":[{"card_name":"Harrison Jones","card_health":4,"card_attack":5},{"card_name":"Sludge Belcher","card_health":5,"card_attack":3}]},{"turn":24,"cards_played":["Fireblast","Fireblast","Mana Wyrm","Flamecannon"],"current_player":"me","my_health":30,"opponent_health":17,"my_armor":4,"opponent_armor":0,"my_hand":5,"opponent_hand":5,"my_board":[{"card_name":"Mana Wyrm","card_health":3,"card_attack":2},{"card_name":"Zombie Chow","card_health":2,"card_attack":2}],"opponent_board":[{"card_name":"Harrison Jones","card_health":4,"card_attack":5}]},{"turn":25,"cards_played":["Ysera"],"current_player":"opponent","my_health":30,"opponent_health":17,"my_armor":4,"opponent_armor":0,"my_hand":5,"opponent_hand":6,"my_board":[{"card_name":"Zombie Chow","card_health":2,"card_attack":2}],"opponent_board":[{"card_name":"Harrison Jones","card_health":2,"card_attack":5},{"card_name":"Ysera","card_health":12,"card_attack":4}]},{"turn":26,"cards_played":["Dr. Boom","Fireblast","Fireblast"],"current_player":"me","my_health":30,"opponent_health":22,"my_armor":4,"opponent_armor":0,"my_hand":5,"opponent_hand":6,"my_board":[{"card_name":"Dr. Boom","card_health":7,"card_attack":7},{"card_name":"Boom Bot","card_health":1,"card_attack":1},{"card_name":"Boom Bot","card_health":1,"card_attack":1}],"opponent_board":[{"card_name":"Ysera","card_health":11,"card_attack":4}]},{"turn":27,"cards_played":["Shadow Word: Death","Holy Nova","Lesser Heal","Lesser Heal"],"current_player":"opponent","my_health":30,"opponent_health":23,"my_armor":2,"opponent_armor":0,"my_hand":5,"opponent_hand":6,"my_board":[],"opponent_board":[{"card_name":"Ysera","card_health":12,"card_attack":4}]},{"turn":28,"cards_played":["Emperor Thaurissan","Polymorph"],"current_player":"me","my_health":30,"opponent_health":23,"my_armor":2,"opponent_armor":0,"my_hand":4,"opponent_hand":6,"my_board":[{"card_name":"Emperor Thaurissan","card_health":5,"card_attack":5}],"opponent_board":[{"card_name":"Sheep","card_health":1,"card_attack":1}]},{"turn":29,"cards_played":["Ysera Awakens","Ragnaros the Firelord"],"current_player":"opponent","my_health":26,"opponent_health":18,"my_armor":0,"opponent_armor":0,"my_hand":4,"opponent_hand":5,"my_board":[],"opponent_board":[{"card_name":"Ragnaros the Firelord","card_health":8,"card_attack":8}]},{"turn":30,"cards_played":["Water Elemental","Ragnaros the Firelord"],"current_player":"me","my_health":18,"opponent_health":18,"my_armor":0,"opponent_armor":0,"my_hand":3,"opponent_hand":5,"my_board":[{"card_name":"Ragnaros the Firelord","card_health":8,"card_attack":8},{"card_name":"Water Elemental","card_health":6,"card_attack":3}],"opponent_board":[]},{"turn":31,"cards_played":["Lightbomb","Emerald Drake"],"current_player":"opponent","my_health":18,"opponent_health":18,"my_armor":0,"opponent_armor":0,"my_hand":3,"opponent_hand":4,"my_board":[{"card_name":"Water Elemental","card_health":3,"card_attack":3}],"opponent_board":[{"card_name":"Emerald Drake","card_health":6,"card_attack":7}]},{"turn":32,"cards_played":["Mana Wyrm","Fireblast","Fireblast"],"current_player":"me","my_health":18,"opponent_health":14,"my_armor":0,"opponent_armor":0,"my_hand":2,"opponent_hand":4,"my_board":[{"card_name":"Water Elemental","card_health":3,"card_attack":3},{"card_name":"Mana Wyrm","card_health":3,"card_attack":2}],"opponent_board":[{"card_name":"Emerald Drake","card_health":6,"card_attack":7}]},{"turn":33,"cards_played":["Lesser Heal","Lesser Heal","Recombobulator"],"current_player":"opponent","my_health":18,"opponent_health":16,"my_armor":0,"opponent_armor":0,"my_hand":2,"opponent_hand":4,"my_board":[{"card_name":"Mana Wyrm","card_health":3,"card_attack":2}],"opponent_board":[{"card_name":"Recombobulator","card_health":2,"card_attack":3},{"card_name":"Defender of Argus","card_health":3,"card_attack":2}]},{"turn":34,"cards_played":["Mad Scientist","Fireblast","Fireblast"],"current_player":"me","my_health":18,"opponent_health":16,"my_armor":0,"opponent_armor":0,"my_hand":2,"opponent_hand":4,"my_board":[{"card_name":"Mad Scientist","card_health":2,"card_attack":2},{"card_name":"Mana Wyrm","card_health":1,"card_attack":2}],"opponent_board":[{"card_name":"Recombobulator","card_health":2,"card_attack":3}]},{"turn":35,"cards_played":["Auchenai Soulpriest","Lesser Heal","Lesser Heal","Injured Blademaster"],"current_player":"opponent","my_health":18,"opponent_health":16,"my_armor":5,"opponent_armor":0,"my_hand":2,"opponent_hand":3,"my_board":[{"card_name":"Mad Scientist","card_health":2,"card_attack":2}],"opponent_board":[{"card_name":"Auchenai Soulpriest","card_health":5,"card_attack":3},{"card_name":"Recombobulator","card_health":2,"card_attack":3},{"card_name":"Injured Blademaster","card_health":7,"card_attack":4}]},{"turn":36,"cards_played":["Fireblast","Fireblast","Flamestrike"],"current_player":"me","my_health":18,"opponent_health":14,"my_armor":5,"opponent_armor":0,"my_hand":2,"opponent_hand":3,"my_board":[{"card_name":"Mad Scientist","card_health":2,"card_attack":2}],"opponent_board":[]},{"turn":37,"cards_played":["Northshire Cleric","Lesser Heal","Lesser Heal"],"current_player":"opponent","my_health":18,"opponent_health":16,"my_armor":5,"opponent_armor":0,"my_hand":2,"opponent_hand":3,"my_board":[{"card_name":"Mad Scientist","card_health":2,"card_attack":2}],"opponent_board":[{"card_name":"Northshire Cleric","card_health":3,"card_attack":1}]},{"turn":38,"cards_played":["Unstable Portal","Fireblast","Fireblast","Dread Corsair"],"current_player":"me","my_health":18,"opponent_health":16,"my_armor":5,"opponent_armor":0,"my_hand":2,"opponent_hand":3,"my_board":[{"card_name":"Mad Scientist","card_health":1,"card_attack":2},{"card_name":"Dread Corsair","card_health":3,"card_attack":3}],"opponent_board":[]},{"turn":39,"cards_played":["Holy Nova","Shrinkmeister","Lesser Heal"],"current_player":"opponent","my_health":18,"opponent_health":20,"my_armor":3,"opponent_armor":0,"my_hand":2,"opponent_hand":2,"my_board":[{"card_name":"Dread Corsair","card_health":1,"card_attack":1},{"card_name":"Shrinkmeister","card_health":2,"card_attack":3}],"opponent_board":[{"card_name":"Shrinkmeister","card_health":2,"card_attack":3}]},{"turn":40,"cards_played":["Sludge Belcher","Fireblast","Fireblast"],"current_player":"me","my_health":18,"opponent_health":16,"my_armor":2,"opponent_armor":0,"my_hand":1,"opponent_hand":2,"my_board":[{"card_name":"Sludge Belcher","card_health":5,"card_attack":3},{"card_name":"Shrinkmeister","card_health":2,"card_attack":3}],"opponent_board":[]},{"turn":41,"cards_played":["Holy Fire","Lesser Heal"],"current_player":"opponent","my_health":18,"opponent_health":23,"my_armor":2,"opponent_armor":0,"my_hand":1,"opponent_hand":2,"my_board":[{"card_name":"Shrinkmeister","card_health":2,"card_attack":3},{"card_name":"Slime","card_health":2,"card_attack":1}],"opponent_board":[]},{"turn":42,"cards_played":["Fireblast"],"current_player":"me","my_health":18,"opponent_health":18,"my_armor":0,"opponent_armor":0,"my_hand":1,"opponent_hand":2,"my_board":[{"card_name":"Shrinkmeister","card_health":2,"card_attack":3},{"card_name":"Slime","card_health":2,"card_attack":1}],"opponent_board":[]},{"turn":43,"cards_played":["Deathlord","Lesser Heal"],"current_player":"opponent","my_health":18,"opponent_health":20,"my_armor":0,"opponent_armor":0,"my_hand":1,"opponent_hand":2,"my_board":[{"card_name":"Shrinkmeister","card_health":2,"card_attack":3},{"card_name":"Slime","card_health":2,"card_attack":1}],"opponent_board":[{"card_name":"Deathlord","card_health":8,"card_attack":2}]},{"turn":44,"cards_played":["Alexstrasza","Fireblast"],"current_player":"me","my_health":15,"opponent_health":14,"my_armor":0,"opponent_armor":0,"my_hand":0,"opponent_hand":2,"my_board":[{"card_name":"Alexstrasza","card_health":8,"card_attack":8},{"card_name":"Shrinkmeister","card_health":2,"card_attack":3},{"card_name":"Slime","card_health":2,"card_attack":1}],"opponent_board":[{"card_name":"Deathlord","card_health":8,"card_attack":2}]},{"turn":45,"cards_played":["Wild Pyromancer","Circle of Healing","Light of the Naaru","Lesser Heal","Lesser Heal"],"current_player":"opponent","my_health":13,"opponent_health":17,"my_armor":0,"opponent_armor":0,"my_hand":0,"opponent_hand":0,"my_board":[{"card_name":"Alexstrasza","card_health":6,"card_attack":8}],"opponent_board":[{"card_name":"Deathlord","card_health":6,"card_attack":2},{"card_name":"Lightwarden","card_health":2,"card_attack":3}]},{"turn":46,"cards_played":["Fireblast","Fireblast"],"current_player":"me","my_health":9,"opponent_health":17,"my_armor":0,"opponent_armor":0,"my_hand":0,"opponent_hand":0,"my_board":[{"card_name":"Alexstrasza","card_health":4,"card_attack":8}],"opponent_board":[{"card_name":"Lightwarden","card_health":1,"card_attack":3}]},{"turn":47,"cards_played":["Lesser Heal","Lesser Heal"],"current_player":"opponent","my_health":4,"opponent_health":16,"my_armor":0,"opponent_armor":0,"my_hand":0,"opponent_hand":0,"my_board":[{"card_name":"Alexstrasza","card_health":6,"card_attack":8}],"opponent_board":[{"card_name":"Lightwarden","card_health":1,"card_attack":5}]},{"turn":48,"cards_played":[],"current_player":"me","my_health":-1,"opponent_health":16,"my_armor":0,"opponent_armor":0,"my_hand":0,"opponent_hand":0,"my_board":[{"card_name":"Alexstrasza","card_health":6,"card_attack":8}],"opponent_board":[{"card_name":"Lightwarden","card_health":1,"card_attack":5}]}],"result":"defeat"}