{"plays":[{"turn":1,"cards_played":[],"current_player":"opponent","my_health":30,"opponent_health":0,"my_armor":0,"opponent_armor":0,"my_hand":1,"opponent_hand":0,"my_board":[],"opponent_board":[]},{"turn":2,"cards_played":[],"current_player":"me","my_health":30,"opponent_health":30,"my_armor":0,"opponent_armor":0,"my_hand":6,"opponent_hand":4,"my_board":[],"opponent_board":[]},{"turn":3,"cards_played":["Life Tap"],"current_player":"opponent","my_health":30,"opponent_health":28,"my_armor":0,"opponent_armor":0,"my_hand":6,"opponent_hand":6,"my_board":[],"opponent_board":[]},{"turn":4,"cards_played":["Mad Scientist"],"current_player":"me","my_health":30,"opponent_health":28,"my_armor":0,"opponent_armor":0,"my_hand":6,"opponent_hand":6,"my_board":[{"card_name":"Mad Scientist","card_health":2,"card_attack":2}],"opponent_board":[]},{"turn":5,"cards_played":["Life Tap"],"current_player":"opponent","my_health":30,"opponent_health":26,"my_armor":0,"opponent_armor":0,"my_hand":6,"opponent_hand":8,"my_board":[{"card_name":"Mad Scientist","card_health":2,"card_attack":2}],"opponent_board":[]},{"turn":6,"cards_played":["Flamewaker"],"current_player":"me","my_health":30,"opponent_health":24,"my_armor":0,"opponent_armor":0,"my_hand":6,"opponent_hand":8,"my_board":[{"card_name":"Mad Scientist","card_health":2,"card_attack":2},{"card_name":"Flamewaker","card_health":4,"card_attack":2}],"opponent_board":[]},{"turn":7,"cards_played":["Mountain Giant"],"current_player":"opponent","my_health":30,"opponent_health":24,"my_armor":0,"opponent_armor":0,"my_hand":6,"opponent_hand":8,"my_board":[{"card_name":"Mad Scientist","card_health":2,"card_attack":2},{"card_name":"Flamewaker","card_health":4,"card_attack":2}],"opponent_board":[{"card_name":"Mountain Giant","card_health":8,"card_attack":8}]},{"turn":8,"cards_played":["Flamewaker","The Coin","Unstable Portal"],"current_player":"me","my_health":30,"opponent_health":21,"my_armor":0,"opponent_armor":0,"my_hand":5,"opponent_hand":8,"my_board":[{"card_name":"Flamewaker","card_health":4,"card_attack":2},{"card_name":"Flamewaker","card_health":4,"card_attack":2}],"opponent_board":[]},{"turn":9,"cards_played":["Sludge Belcher"],"current_player":"opponent","my_health":30,"opponent_health":21,"my_armor":0,"opponent_armor":0,"my_hand":5,"opponent_hand":8,"my_board":[{"card_name":"Flamewaker","card_health":4,"card_attack":2},{"card_name":"Flamewaker","card_health":4,"card_attack":2},{"card_name":"Sludge Belcher","card_health":5,"card_attack":3}],"opponent_board":[{"card_name":"Sludge Belcher","card_health":5,"card_attack":3}]},{"turn":10,"cards_played":["Fireblast","Fireblast"],"current_player":"me","my_health":30,"opponent_health":16,"my_armor":0,"opponent_armor":0,"my_hand":5,"opponent_hand":8,"my_board":[{"card_name":"Flamewaker","card_health":3,"card_attack":2},{"card_name":"Flamewaker","card_health":4,"card_attack":2},{"card_name":"Sludge Belcher","card_health":2,"card_attack":3}],"opponent_board":[]},{"turn":11,"cards_played":["Sludge Belcher"],"current_player":"opponent","my_health":30,"opponent_health":16,"my_armor":0,"opponent_armor":0,"my_hand":5,"opponent_hand":8,"my_board":[{"card_name":"Flamewaker","card_health":3,"card_attack":2},{"card_name":"Flamewaker","card_health":4,"card_attack":2},{"card_name":"Sludge Belcher","card_health":2,"card_attack":3},{"card_name":"Sludge Belcher","card_health":5,"card_attack":3}],"opponent_board":[{"card_name":"Sludge Belcher","card_health":5,"card_attack":3}]},{"turn":12,"cards_played":["Azure Drake"],"current_player":"me","my_health":30,"opponent_health":13,"my_armor":0,"opponent_armor":0,"my_hand":6,"opponent_hand":8,"my_board":[{"card_name":"Flamewaker","card_health":2,"card_attack":2},{"card_name":"Azure Drake","card_health":4,"card_attack":4},{"card_name":"Flamewaker","card_health":1,"card_attack":2},{"card_name":"Sludge Belcher","card_health":5,"card_attack":3},{"card_name":"Slime","card_health":2,"card_attack":1}],"opponent_board":[]},{"turn":13,"cards_played":["Ironbeak Owl","Hellfire","Mortal Coil","Molten Giant"],"current_player":"opponent","my_health":27,"opponent_health":10,"my_armor":0,"opponent_armor":0,"my_hand":6,"opponent_hand":6,"my_board":[{"card_name":"Sludge Belcher","card_health":2,"card_attack":3}],"opponent_board":[{"card_name":"Molten Giant","card_health":8,"card_attack":8}]},{"turn":14,"cards_played":["Mana Wyrm","Mana Wyrm","Unstable Portal","Unbound Elemental","Fireblast"],"current_player":"me","my_health":27,"opponent_health":6,"my_armor":0,"opponent_armor":0,"my_hand":4,"opponent_hand":6,"my_board":[{"card_name":"Mana Wyrm","card_health":3,"card_attack":2},{"card_name":"Mana Wyrm","card_health":3,"card_attack":2},{"card_name":"Sludge Belcher","card_health":2,"card_attack":3},{"card_name":"Unbound Elemental","card_health":4,"card_attack":2}],"opponent_board":[{"card_name":"Molten Giant","card_health":8,"card_attack":8}]},{"turn":15,"cards_played":["Twilight Drake","Shadowflame"],"current_player":"opponent","my_health":19,"opponent_health":6,"my_armor":0,"opponent_armor":0,"my_hand":4,"opponent_hand":5,"my_board":[],"opponent_board":[{"card_name":"Molten Giant","card_health":8,"card_attack":8}]},{"turn":16,"cards_played":["Arcane Intellect","Azure Drake"],"current_player":"me","my_health":19,"opponent_health":6,"my_armor":0,"opponent_armor":0,"my_hand":6,"opponent_hand":5,"my_board":[{"card_name":"Azure Drake","card_health":4,"card_attack":4}],"opponent_board":[{"card_name":"Molten Giant","card_health":8,"card_attack":8}]},{"turn":17,"cards_played":["Lord Jaraxxus"],"current_player":"opponent","my_health":16,"opponent_health":15,"my_armor":0,"opponent_armor":0,"my_hand":6,"opponent_hand":5,"my_board":[],"opponent_board":[{"card_name":"Molten Giant","card_health":4,"card_attack":8},{"card_name":"Lord Jaraxxus","card_health":15,"card_attack":3}]},{"turn":18,"cards_played":["Arcane Missiles","Arcane Missiles","Dr. Boom"],"current_player":"me","my_health":16,"opponent_health":11,"my_armor":0,"opponent_armor":0,"my_hand":4,"opponent_hand":5,"my_board":[{"card_name":"Dr. Boom","card_health":7,"card_attack":7},{"card_name":"Boom Bot","card_health":1,"card_attack":1},{"card_name":"Boom Bot","card_health":1,"card_attack":1}],"opponent_board":[{"card_name":"Molten Giant","card_health":2,"card_attack":8},{"card_name":"Lord Jaraxxus","card_health":11,"card_attack":0}]},{"turn":19,"cards_played":["Ironbeak Owl","Mortal Coil","Big Game Hunter","INFERNO!","Sunfury Protector"],"current_player":"opponent","my_health":5,"opponent_health":11,"my_armor":0,"opponent_armor":0,"my_hand":4,"opponent_hand":3,"my_board":[{"card_name":"Boom Bot","card_health":1,"card_attack":1}],"opponent_board":[{"card_name":"Sunfury Protector","card_health":3,"card_attack":2},{"card_name":"Big Game Hunter","card_health":2,"card_attack":4},{"card_name":"Ironbeak Owl","card_health":1,"card_attack":2},{"card_name":"Molten Giant","card_health":2,"card_attack":8},{"card_name":"Lord Jaraxxus","card_health":11,"card_attack":3},{"card_name":"Infernal","card_health":6,"card_attack":6}]},{"turn":20,"cards_played":["Pyroblast"],"current_player":"me","my_health":5,"opponent_health":11,"my_armor":0,"opponent_armor":0,"my_hand":4,"opponent_hand":3,"my_board":[],"opponent_board":[{"card_name":"Sunfury Protector","card_health":3,"card_attack":2},{"card_name":"Big Game Hunter","card_health":2,"card_attack":4},{"card_name":"Ironbeak Owl","card_health":1,"card_attack":2},{"card_name":"Lord Jaraxxus","card_health":11,"card_attack":0},{"card_name":"Infernal","card_health":6,"card_attack":6}]},{"turn":21,"cards_played":["Mountain Giant"],"current_player":"opponent","my_health":-5,"opponent_health":1,"my_armor":0,"opponent_armor":0,"my_hand":4,"opponent_hand":3,"my_board":[],"opponent_board":[{"card_name":"Sunfury Protector","card_health":3,"card_attack":2},{"card_name":"Big Game Hunter","card_health":2,"card_attack":4},{"card_name":"Ironbeak Owl","card_health":1,"card_attack":2},{"card_name":"Mountain Giant","card_health":8,"card_attack":8},{"card_name":"Lord Jaraxxus","card_health":1,"card_attack":3},{"card_name":"Infernal","card_health":6,"card_attack":6}]}],"result":"defeat"}