{"plays":[{"turn":1,"cards_played":[],"current_player":"me","my_health":0,"opponent_health":30,"my_armor":0,"opponent_armor":0,"my_hand":0,"opponent_hand":1,"my_board":[],"opponent_board":[]},{"turn":2,"cards_played":["Mana Wyrm"],"current_player":"me","my_health":30,"opponent_health":30,"my_armor":0,"opponent_armor":0,"my_hand":5,"opponent_hand":4,"my_board":[{"card_name":"Mana Wyrm","card_health":3,"card_attack":1}],"opponent_board":[]},{"turn":3,"cards_played":["Unstable Ghoul"],"current_player":"opponent","my_health":30,"opponent_health":30,"my_armor":0,"opponent_armor":0,"my_hand":5,"opponent_hand":4,"my_board":[{"card_name":"Mana Wyrm","card_health":3,"card_attack":1}],"opponent_board":[{"card_name":"Unstable Ghoul","card_health":3,"card_attack":1}]},{"turn":4,"cards_played":["Flamecannon"],"current_player":"me","my_health":30,"opponent_health":28,"my_armor":0,"opponent_armor":0,"my_hand":5,"opponent_hand":4,"my_board":[{"card_name":"Mana Wyrm","card_health":2,"card_attack":2}],"opponent_board":[]},{"turn":5,"cards_played":["Armor Up!"],"current_player":"opponent","my_health":30,"opponent_health":28,"my_armor":0,"opponent_armor":2,"my_hand":5,"opponent_hand":5,"my_board":[{"card_name":"Mana Wyrm","card_health":2,"card_attack":2}],"opponent_board":[]},{"turn":6,"cards_played":["Unstable Portal","The Coin","Mad Scientist"],"current_player":"me","my_health":30,"opponent_health":26,"my_armor":0,"opponent_armor":0,"my_hand":4,"opponent_hand":5,"my_board":[{"card_name":"Mad Scientist","card_health":2,"card_attack":2},{"card_name":"Mana Wyrm","card_health":2,"card_attack":4}],"opponent_board":[]},{"turn":7,"cards_played":["Death's Bite"],"current_player":"opponent","my_health":30,"opponent_health":22,"my_armor":0,"opponent_armor":0,"my_hand":4,"opponent_hand":5,"my_board":[{"card_name":"Mad Scientist","card_health":2,"card_attack":2}],"opponent_board":[]},{"turn":8,"cards_played":["Lowly Squire","Frostbolt","Fireblast","Fireblast"],"current_player":"me","my_health":30,"opponent_health":16,"my_armor":0,"opponent_armor":0,"my_hand":3,"opponent_hand":5,"my_board":[{"card_name":"Mad Scientist","card_health":2,"card_attack":2},{"card_name":"Lowly Squire","card_health":2,"card_attack":2}],"opponent_board":[]},{"turn":9,"cards_played":["Armor Up!","Battle Rage"],"current_player":"opponent","my_health":30,"opponent_health":16,"my_armor":0,"opponent_armor":2,"my_hand":3,"opponent_hand":6,"my_board":[{"card_name":"Mad Scientist","card_health":2,"card_attack":2},{"card_name":"Lowly Squire","card_health":2,"card_attack":2}],"opponent_board":[]},{"turn":10,"cards_played":["Sorcerer's Apprentice","Arcane Intellect"],"current_player":"me","my_health":30,"opponent_health":14,"my_armor":0,"opponent_armor":0,"my_hand":4,"opponent_hand":6,"my_board":[{"card_name":"Sorcerer's Apprentice","card_health":2,"card_attack":3},{"card_name":"Mad Scientist","card_health":2,"card_attack":2},{"card_name":"Lowly Squire","card_health":2,"card_attack":2}],"opponent_board":[]},{"turn":11,"cards_played":["Grim Patron","Inner Rage","Whirlwind"],"current_player":"opponent","my_health":30,"opponent_health":12,"my_armor":0,"opponent_armor":0,"my_hand":4,"opponent_hand":4,"my_board":[],"opponent_board":[{"card_name":"Grim Patron","card_health":1,"card_attack":3},{"card_name":"Grim Patron","card_health":2,"card_attack":3},{"card_name":"Grim Patron","card_health":2,"card_attack":3},{"card_name":"Grim Patron","card_health":3,"card_attack":3},{"card_name":"Grim Patron","card_health":3,"card_attack":3},{"card_name":"Grim Patron","card_health":3,"card_attack":3}]},{"turn":12,"cards_played":["Arcane Intellect","Fireblast"],"current_player":"me","my_health":30,"opponent_health":11,"my_armor":0,"opponent_armor":0,"my_hand":6,"opponent_hand":4,"my_board":[],"opponent_board":[{"card_name":"Grim Patron","card_health":1,"card_attack":3},{"card_name":"Grim Patron","card_health":2,"card_attack":3},{"card_name":"Grim Patron","card_health":2,"card_attack":3},{"card_name":"Grim Patron","card_health":3,"card_attack":3},{"card_name":"Grim Patron","card_health":3,"card_attack":3},{"card_name":"Grim Patron","card_health":3,"card_attack":3}]},{"turn":13,"cards_played":["Battle Rage","Shield Block","Armor Up!"],"current_player":"opponent","my_health":12,"opponent_health":11,"my_armor":0,"opponent_armor":7,"my_hand":6,"opponent_hand":8,"my_board":[],"opponent_board":[{"card_name":"Grim Patron","card_health":1,"card_attack":3},{"card_name":"Grim Patron","card_health":2,"card_attack":3},{"card_name":"Grim Patron","card_health":2,"card_attack":3},{"card_name":"Grim Patron","card_health":3,"card_attack":3},{"card_name":"Grim Patron","card_health":3,"card_attack":3},{"card_name":"Grim Patron","card_health":3,"card_attack":3}]},{"turn":14,"cards_played":["Flamestrike"],"current_player":"me","my_health":12,"opponent_health":11,"my_armor":0,"opponent_armor":7,"my_hand":6,"opponent_hand":8,"my_board":[],"opponent_board":[]},{"turn":15,"cards_played":["Death's Bite","Armorsmith","Armor Up!"],"current_player":"opponent","my_health":8,"opponent_health":11,"my_armor":0,"opponent_armor":9,"my_hand":6,"opponent_hand":7,"my_board":[{"card_name":"Armorsmith","card_health":4,"card_attack":1}],"opponent_board":[{"card_name":"Armorsmith","card_health":4,"card_attack":1}]},{"turn":16,"cards_played":["Sludge Belcher"],"current_player":"me","my_health":8,"opponent_health":11,"my_armor":0,"opponent_armor":8,"my_hand":5,"opponent_hand":7,"my_board":[{"card_name":"Sludge Belcher","card_health":5,"card_attack":3},{"card_name":"Armorsmith","card_health":4,"card_attack":1}],"opponent_board":[{"card_name":"Armorsmith","card_health":4,"card_attack":1}]},{"turn":17,"cards_played":["Warsong Commander","Frothing Berserker","Slam","Execute"],"current_player":"opponent","my_health":2,"opponent_health":11,"my_armor":0,"opponent_armor":9,"my_hand":5,"opponent_hand":5,"my_board":[{"card_name":"Armorsmith","card_health":1,"card_attack":1},{"card_name":"Dragon Consort","card_health":5,"card_attack":5}],"opponent_board":[{"card_name":"Armorsmith","card_health":2,"card_attack":1},{"card_name":"Frothing Berserker","card_health":3,"card_attack":11},{"card_name":"Warsong Commander","card_health":2,"card_attack":2}]},{"turn":18,"cards_played":["Alexstrasza"],"current_player":"me","my_health":2,"opponent_health":11,"my_armor":1,"opponent_armor":9,"my_hand":5,"opponent_hand":5,"my_board":[{"card_name":"Alexstrasza","card_health":8,"card_attack":8},{"card_name":"Armorsmith","card_health":1,"card_attack":1}],"opponent_board":[{"card_name":"Armorsmith","card_health":2,"card_attack":1},{"card_name":"Warsong Commander","card_health":2,"card_attack":2}]},{"turn":19,"cards_played":["Grim Patron","Armorsmith","Unstable Ghoul","Execute"],"current_player":"opponent","my_health":5,"opponent_health":11,"my_armor":0,"opponent_armor":17,"my_hand":5,"opponent_hand":2,"my_board":[],"opponent_board":[{"card_name":"Armorsmith","card_health":1,"card_attack":1},{"card_name":"Grim Patron","card_health":1,"card_attack":3},{"card_name":"Warsong Commander","card_health":1,"card_attack":2},{"card_name":"Grim Patron","card_health":2,"card_attack":3},{"card_name":"Grim Patron","card_health":3,"card_attack":3},{"card_name":"Grim Patron","card_health":3,"card_attack":3}]},{"turn":20,"cards_played":["Flamewaker","Frostbolt"],"current_player":"me","my_health":5,"opponent_health":11,"my_armor":0,"opponent_armor":18,"my_hand":4,"opponent_hand":2,"my_board":[{"card_name":"Flamewaker","card_health":4,"card_attack":2}],"opponent_board":[{"card_name":"Armorsmith","card_health":1,"card_attack":1},{"card_name":"Grim Patron","card_health":1,"card_attack":3},{"card_name":"Grim Patron","card_health":2,"card_attack":3},{"card_name":"Grim Patron","card_health":3,"card_attack":3}]}],"result":"defeat"}