{"plays":[{"turn":1,"cards_played":[],"current_player":"me","my_health":0,"opponent_health":30,"my_armor":0,"opponent_armor":0,"my_hand":0,"opponent_hand":1,"my_board":[],"opponent_board":[]},{"turn":2,"cards_played":["The Coin","Wild Growth"],"current_player":"opponent","my_health":30,"opponent_health":30,"my_armor":0,"opponent_armor":0,"my_hand":4,"opponent_hand":4,"my_board":[],"opponent_board":[]},{"turn":3,"cards_played":["Sorcerer's Apprentice","Mirror Image"],"current_player":"me","my_health":30,"opponent_health":30,"my_armor":0,"opponent_armor":0,"my_hand":3,"opponent_hand":4,"my_board":[{"card_name":"Sorcerer's Apprentice","card_health":2,"card_attack":3},{"card_name":"Mirror Image","card_health":2,"card_attack":0},{"card_name":"Mirror Image","card_health":2,"card_attack":0}],"opponent_board":[]},{"turn":4,"cards_played":["Shapeshift"],"current_player":"opponent","my_health":30,"opponent_health":30,"my_armor":0,"opponent_armor":1,"my_hand":3,"opponent_hand":5,"my_board":[{"card_name":"Sorcerer's Apprentice","card_health":2,"card_attack":3},{"card_name":"Mirror Image","card_health":1,"card_attack":0},{"card_name":"Mirror Image","card_health":2,"card_attack":0}],"opponent_board":[]},{"turn":5,"cards_played":["Sorcerer's Apprentice","Unstable Portal"],"current_player":"me","my_health":30,"opponent_health":28,"my_armor":0,"opponent_armor":0,"my_hand":3,"opponent_hand":5,"my_board":[{"card_name":"Sorcerer's Apprentice","card_health":2,"card_attack":3},{"card_name":"Sorcerer's Apprentice","card_health":2,"card_attack":3},{"card_name":"Mirror Image","card_health":1,"card_attack":0},{"card_name":"Mirror Image","card_health":2,"card_attack":0}],"opponent_board":[]},{"turn":6,"cards_played":["Shapeshift"],"current_player":"opponent","my_health":30,"opponent_health":28,"my_armor":0,"opponent_armor":1,"my_hand":3,"opponent_hand":6,"my_board":[{"card_name":"Sorcerer's Apprentice","card_health":2,"card_attack":3},{"card_name":"Sorcerer's Apprentice","card_health":2,"card_attack":3},{"card_name":"Mirror Image","card_health":1,"card_attack":0},{"card_name":"Mirror Image","card_health":1,"card_attack":0}],"opponent_board":[]},{"turn":7,"cards_played":["Fireblast","Fireblast","Fireball"],"current_player":"me","my_health":30,"opponent_health":22,"my_armor":0,"opponent_armor":0,"my_hand":3,"opponent_hand":6,"my_board":[{"card_name":"Sorcerer's Apprentice","card_health":2,"card_attack":3},{"card_name":"Sorcerer's Apprentice","card_health":2,"card_attack":3},{"card_name":"Mirror Image","card_health":1,"card_attack":0},{"card_name":"Mirror Image","card_health":1,"card_attack":0}],"opponent_board":[]},{"turn":8,"cards_played":["Sludge Belcher"],"current_player":"opponent","my_health":30,"opponent_health":16,"my_armor":0,"opponent_armor":0,"my_hand":3,"opponent_hand":6,"my_board":[{"card_name":"Sorcerer's Apprentice","card_health":2,"card_attack":3},{"card_name":"Sorcerer's Apprentice","card_health":2,"card_attack":3},{"card_name":"Mirror Image","card_health":1,"card_attack":0},{"card_name":"Mirror Image","card_health":1,"card_attack":0}],"opponent_board":[{"card_name":"Sludge Belcher","card_health":5,"card_attack":3}]},{"turn":9,"cards_played":["Arcane Intellect","Fireball","Arcane Missiles","Fireblast","Fireblast"],"current_player":"me","my_health":30,"opponent_health":8,"my_armor":0,"opponent_armor":0,"my_hand":3,"opponent_hand":6,"my_board":[{"card_name":"Sorcerer's Apprentice","card_health":2,"card_attack":3},{"card_name":"Sorcerer's Apprentice","card_health":2,"card_attack":3},{"card_name":"Mirror Image","card_health":1,"card_attack":0},{"card_name":"Mirror Image","card_health":1,"card_attack":0}],"opponent_board":[]},{"turn":10,"cards_played":["Druid of the Claw"],"current_player":"opponent","my_health":30,"opponent_health":8,"my_armor":0,"opponent_armor":0,"my_hand":3,"opponent_hand":6,"my_board":[{"card_name":"Sorcerer's Apprentice","card_health":2,"card_attack":3},{"card_name":"Sorcerer's Apprentice","card_health":2,"card_attack":3},{"card_name":"Mirror Image","card_health":1,"card_attack":0},{"card_name":"Mirror Image","card_health":1,"card_attack":0}],"opponent_board":[{"card_name":"Druid of the Claw","card_health":4,"card_attack":4},{"card_name":"Druid of the Claw","card_health":6,"card_attack":4}]},{"turn":11,"cards_played":["Fireblast","Fireblast"],"current_player":"me","my_health":30,"opponent_health":7,"my_armor":0,"opponent_armor":0,"my_hand":3,"opponent_hand":6,"my_board":[{"card_name":"Mirror Image","card_health":1,"card_attack":0},{"card_name":"Mirror Image","card_health":1,"card_attack":0}],"opponent_board":[]},{"turn":12,"cards_played":["Ancient of Lore"],"current_player":"opponent","my_health":30,"opponent_health":12,"my_armor":0,"opponent_armor":0,"my_hand":3,"opponent_hand":6,"my_board":[{"card_name":"Mirror Image","card_health":1,"card_attack":0},{"card_name":"Mirror Image","card_health":1,"card_attack":0},{"card_name":"Ancient of Lore","card_health":5,"card_attack":5}],"opponent_board":[{"card_name":"Ancient of Lore","card_health":5,"card_attack":5}]},{"turn":13,"cards_played":["Dr. Boom"],"current_player":"me","my_health":30,"opponent_health":7,"my_armor":0,"opponent_armor":0,"my_hand":3,"opponent_hand":6,"my_board":[{"card_name":"Dr. Boom","card_health":7,"card_attack":7},{"card_name":"Mirror Image","card_health":1,"card_attack":0},{"card_name":"Mirror Image","card_health":1,"card_attack":0},{"card_name":"Ancient of Lore","card_health":5,"card_attack":5},{"card_name":"Boom Bot","card_health":1,"card_attack":1},{"card_name":"Boom Bot","card_health":1,"card_attack":1}],"opponent_board":[{"card_name":"Ancient of Lore","card_health":5,"card_attack":5}]},{"turn":14,"cards_played":["Swipe","Swipe"],"current_player":"opponent","my_health":25,"opponent_health":4,"my_armor":0,"opponent_armor":0,"my_hand":3,"opponent_hand":5,"my_board":[],"opponent_board":[]},{"turn":15,"cards_played":["Fireblast"],"current_player":"me","my_health":25,"opponent_health":3,"my_armor":0,"opponent_armor":0,"my_hand":2,"opponent_hand":5,"my_board":[],"opponent_board":[]},{"turn":16,"cards_played":["Ancient of Lore","Shapeshift"],"current_player":"opponent","my_health":24,"opponent_health":8,"my_armor":0,"opponent_armor":1,"my_hand":2,"opponent_hand":5,"my_board":[{"card_name":"Ancient of Lore","card_health":5,"card_attack":5}],"opponent_board":[{"card_name":"Ancient of Lore","card_health":5,"card_attack":5}]},{"turn":17,"cards_played":["Mirror Image","Fireblast"],"current_player":"me","my_health":24,"opponent_health":3,"my_armor":0,"opponent_armor":0,"my_hand":2,"opponent_hand":5,"my_board":[{"card_name":"Ancient of Lore","card_health":5,"card_attack":5},{"card_name":"Mirror Image","card_health":2,"card_attack":0},{"card_name":"Mirror Image","card_health":2,"card_attack":0}],"opponent_board":[{"card_name":"Ancient of Lore","card_health":5,"card_attack":5}]},{"turn":18,"cards_played":["Starfall"],"current_player":"opponent","my_health":24,"opponent_health":3,"my_armor":0,"opponent_armor":0,"my_hand":2,"opponent_hand":5,"my_board":[{"card_name":"Ancient of Lore","card_health":5,"card_attack":5},{"card_name":"Mirror Image","card_health":2,"card_attack":0},{"card_name":"Mirror Image","card_health":2,"card_attack":0}],"opponent_board":[{"card_name":"Ancient of Lore","card_health":5,"card_attack":5}]}],"result":"victory"}