{"plays":[{"turn":1,"cards_played":[],"current_player":"opponent","my_health":30,"opponent_health":0,"my_armor":0,"opponent_armor":0,"my_hand":1,"opponent_hand":0,"my_board":[],"opponent_board":[]},{"turn":2,"cards_played":["Mana Wyrm"],"current_player":"me","my_health":30,"opponent_health":30,"my_armor":0,"opponent_armor":0,"my_hand":5,"opponent_hand":4,"my_board":[{"card_name":"Mana Wyrm","card_health":3,"card_attack":1}],"opponent_board":[]},{"turn":3,"cards_played":["Reinforce"],"current_player":"opponent","my_health":30,"opponent_health":30,"my_armor":0,"opponent_armor":0,"my_hand":5,"opponent_hand":5,"my_board":[{"card_name":"Mana Wyrm","card_health":3,"card_attack":1}],"opponent_board":[{"card_name":"Silver Hand Recruit","card_health":1,"card_attack":1}]},{"turn":4,"cards_played":["Mad Scientist"],"current_player":"me","my_health":30,"opponent_health":30,"my_armor":0,"opponent_armor":0,"my_hand":5,"opponent_hand":5,"my_board":[{"card_name":"Mana Wyrm","card_health":2,"card_attack":1},{"card_name":"Mad Scientist","card_health":2,"card_attack":2}],"opponent_board":[]},{"turn":5,"cards_played":["Reinforce"],"current_player":"opponent","my_health":30,"opponent_health":30,"my_armor":0,"opponent_armor":0,"my_hand":5,"opponent_hand":6,"my_board":[{"card_name":"Mana Wyrm","card_health":2,"card_attack":1},{"card_name":"Mad Scientist","card_health":2,"card_attack":2}],"opponent_board":[{"card_name":"Silver Hand Recruit","card_health":1,"card_attack":1}]},{"turn":6,"cards_played":["Sorcerer's Apprentice","The Coin","Arcane Intellect","Arcane Missiles"],"current_player":"me","my_health":30,"opponent_health":23,"my_armor":0,"opponent_armor":0,"my_hand":4,"opponent_hand":6,"my_board":[{"card_name":"Mana Wyrm","card_health":2,"card_attack":4},{"card_name":"Mad Scientist","card_health":1,"card_attack":2},{"card_name":"Sorcerer's Apprentice","card_health":2,"card_attack":3}],"opponent_board":[]},{"turn":7,"cards_played":["Piloted Shredder"],"current_player":"opponent","my_health":30,"opponent_health":23,"my_armor":0,"opponent_armor":0,"my_hand":4,"opponent_hand":6,"my_board":[{"card_name":"Mana Wyrm","card_health":2,"card_attack":4},{"card_name":"Mad Scientist","card_health":1,"card_attack":2},{"card_name":"Sorcerer's Apprentice","card_health":2,"card_attack":3}],"opponent_board":[{"card_name":"Piloted Shredder","card_health":3,"card_attack":4}]},{"turn":8,"cards_played":["Frostbolt"],"current_player":"me","my_health":30,"opponent_health":12,"my_armor":0,"opponent_armor":0,"my_hand":3,"opponent_hand":6,"my_board":[{"card_name":"Mana Wyrm","card_health":2,"card_attack":6},{"card_name":"Mad Scientist","card_health":1,"card_attack":2},{"card_name":"Sorcerer's Apprentice","card_health":2,"card_attack":3}],"opponent_board":[{"card_name":"Nerubian Egg","card_health":2,"card_attack":0}]},{"turn":9,"cards_played":["Aldor Peacekeeper","Shielded Minibot"],"current_player":"opponent","my_health":30,"opponent_health":12,"my_armor":0,"opponent_armor":0,"my_hand":3,"opponent_hand":5,"my_board":[{"card_name":"Mana Wyrm","card_health":2,"card_attack":1},{"card_name":"Mad Scientist","card_health":1,"card_attack":2},{"card_name":"Sorcerer's Apprentice","card_health":2,"card_attack":3},{"card_name":"Aldor Peacekeeper","card_health":3,"card_attack":3}],"opponent_board":[{"card_name":"Shielded Minibot","card_health":2,"card_attack":2},{"card_name":"Aldor Peacekeeper","card_health":3,"card_attack":3},{"card_name":"Nerubian Egg","card_health":2,"card_attack":0}]},{"turn":10,"cards_played":["Unstable Portal","Frostbolt","Fireball"],"current_player":"me","my_health":30,"opponent_health":3,"my_armor":0,"opponent_armor":0,"my_hand":2,"opponent_hand":5,"my_board":[{"card_name":"Mana Wyrm","card_health":2,"card_attack":4},{"card_name":"Mad Scientist","card_health":1,"card_attack":2},{"card_name":"Sorcerer's Apprentice","card_health":2,"card_attack":3},{"card_name":"Aldor Peacekeeper","card_health":3,"card_attack":3}],"opponent_board":[{"card_name":"Shielded Minibot","card_health":2,"card_attack":2},{"card_name":"Aldor Peacekeeper","card_health":3,"card_attack":3},{"card_name":"Nerubian Egg","card_health":2,"card_attack":0}]}],"result":"victory"}