{"plays":[{"turn":1,"cards_played":[],"current_player":"opponent","my_health":0,"opponent_health":0,"my_armor":0,"opponent_armor":0,"my_hand":1,"opponent_hand":0,"my_board":[],"opponent_board":[]},{"turn":2,"cards_played":["The Coin","Dagger Mastery"],"current_player":"opponent","my_health":30,"opponent_health":30,"my_armor":0,"opponent_armor":0,"my_hand":4,"opponent_hand":5,"my_board":[],"opponent_board":[]},{"turn":3,"cards_played":["Steady Shot"],"current_player":"me","my_health":30,"opponent_health":28,"my_armor":0,"opponent_armor":0,"my_hand":5,"opponent_hand":5,"my_board":[],"opponent_board":[]},{"turn":4,"cards_played":["Goblin Auto-Barber"],"current_player":"opponent","my_health":28,"opponent_health":28,"my_armor":0,"opponent_armor":0,"my_hand":5,"opponent_hand":5,"my_board":[],"opponent_board":[{"card_name":"Goblin Auto-Barber","card_health":2,"card_attack":3}]},{"turn":5,"cards_played":["Acolyte of Pain"],"current_player":"me","my_health":28,"opponent_health":28,"my_armor":0,"opponent_armor":0,"my_hand":5,"opponent_hand":5,"my_board":[{"card_name":"Acolyte of Pain","card_health":3,"card_attack":1}],"opponent_board":[{"card_name":"Goblin Auto-Barber","card_health":2,"card_attack":3}]},{"turn":6,"cards_played":["Ironbeak Owl","Southsea Deckhand"],"current_player":"opponent","my_health":21,"opponent_health":28,"my_armor":0,"opponent_armor":0,"my_hand":5,"opponent_hand":4,"my_board":[{"card_name":"Acolyte of Pain","card_health":3,"card_attack":1}],"opponent_board":[{"card_name":"Ironbeak Owl","card_health":1,"card_attack":2},{"card_name":"Goblin Auto-Barber","card_health":2,"card_attack":3},{"card_name":"Southsea Deckhand","card_health":1,"card_attack":2}]},{"turn":7,"cards_played":["Wild Pyromancer","Quick Shot"],"current_player":"me","my_health":21,"opponent_health":27,"my_armor":0,"opponent_armor":0,"my_hand":4,"opponent_hand":4,"my_board":[{"card_name":"Acolyte of Pain","card_health":2,"card_attack":1},{"card_name":"Wild Pyromancer","card_health":1,"card_attack":3}],"opponent_board":[]},{"turn":8,"cards_played":["Coldlight Oracle","Leper Gnome"],"current_player":"opponent","my_health":21,"opponent_health":27,"my_armor":0,"opponent_armor":0,"my_hand":6,"opponent_hand":5,"my_board":[{"card_name":"Acolyte of Pain","card_health":2,"card_attack":1},{"card_name":"Wild Pyromancer","card_health":1,"card_attack":3}],"opponent_board":[{"card_name":"Coldlight Oracle","card_health":2,"card_attack":2},{"card_name":"Leper Gnome","card_health":1,"card_attack":2}]},{"turn":9,"cards_played":["Blackwing Corruptor"],"current_player":"me","my_health":19,"opponent_health":24,"my_armor":0,"opponent_armor":0,"my_hand":6,"opponent_hand":5,"my_board":[{"card_name":"Wild Pyromancer","card_health":1,"card_attack":3},{"card_name":"Blackwing Corruptor","card_health":4,"card_attack":5}],"opponent_board":[]},{"turn":10,"cards_played":["Dagger Mastery","Goblin Auto-Barber"],"current_player":"opponent","my_health":19,"opponent_health":24,"my_armor":0,"opponent_armor":0,"my_hand":6,"opponent_hand":5,"my_board":[{"card_name":"Wild Pyromancer","card_health":1,"card_attack":3},{"card_name":"Blackwing Corruptor","card_health":4,"card_attack":5}],"opponent_board":[{"card_name":"Goblin Auto-Barber","card_health":2,"card_attack":3}]},{"turn":11,"cards_played":["Azure Drake"],"current_player":"me","my_health":19,"opponent_health":19,"my_armor":0,"opponent_armor":0,"my_hand":7,"opponent_hand":5,"my_board":[{"card_name":"Blackwing Corruptor","card_health":4,"card_attack":5},{"card_name":"Azure Drake","card_health":4,"card_attack":4}],"opponent_board":[]},{"turn":12,"cards_played":["Tinker's Sharpsword Oil","Blade Flurry"],"current_player":"opponent","my_health":9,"opponent_health":19,"my_armor":0,"opponent_armor":0,"my_hand":7,"opponent_hand":4,"my_board":[],"opponent_board":[]},{"turn":13,"cards_played":["Twilight Guardian","Blackwing Technician"],"current_player":"me","my_health":9,"opponent_health":19,"my_armor":0,"opponent_armor":0,"my_hand":6,"opponent_hand":4,"my_board":[{"card_name":"Twilight Guardian","card_health":6,"card_attack":3},{"card_name":"Blackwing Technician","card_health":4,"card_attack":2}],"opponent_board":[]},{"turn":14,"cards_played":["Dagger Mastery","Ironbeak Owl","Eviscerate"],"current_player":"opponent","my_health":8,"opponent_health":19,"my_armor":0,"opponent_armor":0,"my_hand":6,"opponent_hand":3,"my_board":[{"card_name":"Twilight Guardian","card_health":6,"card_attack":2},{"card_name":"Blackwing Technician","card_health":5,"card_attack":3}],"opponent_board":[{"card_name":"Ironbeak Owl","card_health":1,"card_attack":2}]},{"turn":15,"cards_played":["Azure Drake","King's Elekk","Arcane Shot"],"current_player":"me","my_health":4,"opponent_health":13,"my_armor":0,"opponent_armor":0,"my_hand":6,"opponent_hand":3,"my_board":[{"card_name":"Azure Drake","card_health":4,"card_attack":4},{"card_name":"King's Elekk","card_health":2,"card_attack":3},{"card_name":"Twilight Guardian","card_health":4,"card_attack":2},{"card_name":"Blackwing Technician","card_health":5,"card_attack":3}],"opponent_board":[]},{"turn":16,"cards_played":["Dagger Mastery","Tinker's Sharpsword Oil","Blade Flurry"],"current_player":"opponent","my_health":0,"opponent_health":13,"my_armor":0,"opponent_armor":0,"my_hand":6,"opponent_hand":2,"my_board":[{"card_name":"Blackwing Technician","card_health":1,"card_attack":3}],"opponent_board":[]}],"result":"defeat"}