{"plays":[{"turn":1,"cards_played":[],"current_player":"me","my_health":0,"opponent_health":30,"my_armor":0,"opponent_armor":0,"my_hand":0,"opponent_hand":1,"my_board":[],"opponent_board":[]},{"turn":2,"cards_played":["Zombie Chow"],"current_player":"me","my_health":30,"opponent_health":30,"my_armor":0,"opponent_armor":0,"my_hand":5,"opponent_hand":4,"my_board":[{"card_name":"Zombie Chow","card_health":3,"card_attack":2}],"opponent_board":[]},{"turn":3,"cards_played":["Life Tap"],"current_player":"opponent","my_health":30,"opponent_health":28,"my_armor":0,"opponent_armor":0,"my_hand":5,"opponent_hand":6,"my_board":[{"card_name":"Zombie Chow","card_health":3,"card_attack":2}],"opponent_board":[]},{"turn":4,"cards_played":["Mana Wyrm","The Coin","Mad Scientist"],"current_player":"me","my_health":30,"opponent_health":26,"my_armor":0,"opponent_armor":0,"my_hand":3,"opponent_hand":6,"my_board":[{"card_name":"Zombie Chow","card_health":3,"card_attack":2},{"card_name":"Mana Wyrm","card_health":3,"card_attack":2},{"card_name":"Mad Scientist","card_health":2,"card_attack":2}],"opponent_board":[]},{"turn":5,"cards_played":["Darkbomb"],"current_player":"opponent","my_health":30,"opponent_health":26,"my_armor":0,"opponent_armor":0,"my_hand":3,"opponent_hand":6,"my_board":[{"card_name":"Zombie Chow","card_health":3,"card_attack":2},{"card_name":"Mad Scientist","card_health":2,"card_attack":2}],"opponent_board":[]},{"turn":6,"cards_played":["Fireblast","Fireblast"],"current_player":"me","my_health":30,"opponent_health":21,"my_armor":0,"opponent_armor":0,"my_hand":4,"opponent_hand":6,"my_board":[{"card_name":"Zombie Chow","card_health":3,"card_attack":2},{"card_name":"Mad Scientist","card_health":2,"card_attack":2}],"opponent_board":[]},{"turn":7,"cards_played":["Twilight Drake"],"current_player":"opponent","my_health":30,"opponent_health":21,"my_armor":0,"opponent_armor":0,"my_hand":4,"opponent_hand":6,"my_board":[{"card_name":"Zombie Chow","card_health":3,"card_attack":2},{"card_name":"Mad Scientist","card_health":2,"card_attack":2}],"opponent_board":[{"card_name":"Twilight Drake","card_health":1,"card_attack":4}]},{"turn":8,"cards_played":["Fireblast"],"current_player":"me","my_health":30,"opponent_health":16,"my_armor":0,"opponent_armor":0,"my_hand":5,"opponent_hand":6,"my_board":[{"card_name":"Zombie Chow","card_health":3,"card_attack":2},{"card_name":"Mad Scientist","card_health":2,"card_attack":2}],"opponent_board":[{"card_name":"Twilight Drake","card_health":7,"card_attack":4}]},{"turn":9,"cards_played":["Hellfire"],"current_player":"opponent","my_health":23,"opponent_health":18,"my_armor":0,"opponent_armor":0,"my_hand":5,"opponent_hand":6,"my_board":[],"opponent_board":[{"card_name":"Twilight Drake","card_health":4,"card_attack":4}]},{"turn":10,"cards_played":["Acolyte of Pain","Fireblast","Fireblast"],"current_player":"me","my_health":23,"opponent_health":18,"my_armor":0,"opponent_armor":0,"my_hand":6,"opponent_hand":6,"my_board":[{"card_name":"Acolyte of Pain","card_health":2,"card_attack":1}],"opponent_board":[{"card_name":"Twilight Drake","card_health":4,"card_attack":4}]},{"turn":11,"cards_played":["Ancient Watcher","Twilight Drake"],"current_player":"opponent","my_health":23,"opponent_health":18,"my_armor":0,"opponent_armor":0,"my_hand":7,"opponent_hand":5,"my_board":[{"card_name":"Ancient Watcher","card_health":5,"card_attack":4}],"opponent_board":[{"card_name":"Twilight Drake","card_health":6,"card_attack":4},{"card_name":"Twilight Drake","card_health":3,"card_attack":4},{"card_name":"Ancient Watcher","card_health":5,"card_attack":4}]},{"turn":12,"cards_played":["Emperor Thaurissan"],"current_player":"me","my_health":23,"opponent_health":18,"my_armor":0,"opponent_armor":0,"my_hand":7,"opponent_hand":5,"my_board":[{"card_name":"Emperor Thaurissan","card_health":5,"card_attack":5},{"card_name":"Ancient Watcher","card_health":5,"card_attack":4}],"opponent_board":[{"card_name":"Twilight Drake","card_health":6,"card_attack":4},{"card_name":"Twilight Drake","card_health":3,"card_attack":4},{"card_name":"Ancient Watcher","card_health":5,"card_attack":4}]},{"turn":13,"cards_played":["Mortal Coil","Life Tap"],"current_player":"opponent","my_health":19,"opponent_health":16,"my_armor":0,"opponent_armor":0,"my_hand":7,"opponent_hand":7,"my_board":[{"card_name":"Ancient Watcher","card_health":5,"card_attack":4}],"opponent_board":[{"card_name":"Twilight Drake","card_health":6,"card_attack":4},{"card_name":"Ancient Watcher","card_health":5,"card_attack":4}]},{"turn":14,"cards_played":["Unstable Portal","Water Elemental","Water Elemental"],"current_player":"me","my_health":19,"opponent_health":16,"my_armor":0,"opponent_armor":0,"my_hand":6,"opponent_hand":7,"my_board":[{"card_name":"Water Elemental","card_health":6,"card_attack":3},{"card_name":"Water Elemental","card_health":6,"card_attack":3},{"card_name":"Ancient Watcher","card_health":5,"card_attack":4}],"opponent_board":[{"card_name":"Twilight Drake","card_health":6,"card_attack":4},{"card_name":"Ancient Watcher","card_health":5,"card_attack":4}]},{"turn":15,"cards_played":["Life Tap","Siphon Soul"],"current_player":"opponent","my_health":15,"opponent_health":17,"my_armor":0,"opponent_armor":0,"my_hand":6,"opponent_hand":8,"my_board":[{"card_name":"Water Elemental","card_health":6,"card_attack":3},{"card_name":"Ancient Watcher","card_health":5,"card_attack":4}],"opponent_board":[{"card_name":"Twilight Drake","card_health":6,"card_attack":4},{"card_name":"Ancient Watcher","card_health":5,"card_attack":4}]},{"turn":16,"cards_played":["Ragnaros the Firelord"],"current_player":"me","my_health":15,"opponent_health":14,"my_armor":0,"opponent_armor":0,"my_hand":6,"opponent_hand":8,"my_board":[{"card_name":"Ragnaros the Firelord","card_health":8,"card_attack":8},{"card_name":"Water Elemental","card_health":6,"card_attack":3},{"card_name":"Ancient Watcher","card_health":5,"card_attack":4}],"opponent_board":[{"card_name":"Ancient Watcher","card_health":5,"card_attack":4}]},{"turn":17,"cards_played":["Mountain Giant","Shadowflame"],"current_player":"opponent","my_health":15,"opponent_health":14,"my_armor":0,"opponent_armor":0,"my_hand":6,"opponent_hand":7,"my_board":[],"opponent_board":[{"card_name":"Ancient Watcher","card_health":5,"card_attack":4}]},{"turn":18,"cards_played":["Dr. Boom"],"current_player":"me","my_health":15,"opponent_health":14,"my_armor":0,"opponent_armor":0,"my_hand":5,"opponent_hand":7,"my_board":[{"card_name":"Dr. Boom","card_health":7,"card_attack":7},{"card_name":"Boom Bot","card_health":1,"card_attack":1},{"card_name":"Boom Bot","card_health":1,"card_attack":1}],"opponent_board":[{"card_name":"Ancient Watcher","card_health":5,"card_attack":4}]},{"turn":19,"cards_played":["Ancient Watcher","Mortal Coil","Big Game Hunter","Molten Giant","Defender of Argus"],"current_player":"opponent","my_health":15,"opponent_health":10,"my_armor":0,"opponent_armor":0,"my_hand":5,"opponent_hand":4,"my_board":[{"card_name":"Boom Bot","card_health":1,"card_attack":1}],"opponent_board":[{"card_name":"Ancient Watcher","card_health":5,"card_attack":4},{"card_name":"Molten Giant","card_health":8,"card_attack":8},{"card_name":"Defender of Argus","card_health":3,"card_attack":2},{"card_name":"Big Game Hunter","card_health":2,"card_attack":4},{"card_name":"Ancient Watcher","card_health":5,"card_attack":4}]},{"turn":20,"cards_played":["Flamestrike","Sludge Belcher"],"current_player":"me","my_health":15,"opponent_health":7,"my_armor":0,"opponent_armor":0,"my_hand":4,"opponent_hand":4,"my_board":[{"card_name":"Sludge Belcher","card_health":5,"card_attack":3}],"opponent_board":[{"card_name":"Ancient Watcher","card_health":1,"card_attack":4},{"card_name":"Molten Giant","card_health":4,"card_attack":9},{"card_name":"Ancient Watcher","card_health":2,"card_attack":5}]},{"turn":21,"cards_played":["Antique Healbot","Sludge Belcher"],"current_player":"opponent","my_health":15,"opponent_health":15,"my_armor":0,"opponent_armor":0,"my_hand":4,"opponent_hand":3,"my_board":[{"card_name":"Sludge Belcher","card_health":5,"card_attack":3}],"opponent_board":[{"card_name":"Ancient Watcher","card_health":1,"card_attack":4},{"card_name":"Antique Healbot","card_health":3,"card_attack":3},{"card_name":"Molten Giant","card_health":4,"card_attack":9},{"card_name":"Sludge Belcher","card_health":5,"card_attack":3},{"card_name":"Ancient Watcher","card_health":2,"card_attack":5}]},{"turn":22,"cards_played":["Unstable Portal","Frostbolt","Fireblast","Fireblast","Acolyte of Pain"],"current_player":"me","my_health":15,"opponent_health":15,"my_armor":0,"opponent_armor":0,"my_hand":2,"opponent_hand":3,"my_board":[{"card_name":"Sludge Belcher","card_health":2,"card_attack":3},{"card_name":"Acolyte of Pain","card_health":3,"card_attack":1}],"opponent_board":[{"card_name":"Ancient Watcher","card_health":1,"card_attack":4},{"card_name":"Antique Healbot","card_health":3,"card_attack":3},{"card_name":"Sludge Belcher","card_health":2,"card_attack":3},{"card_name":"Ancient Watcher","card_health":2,"card_attack":5}]},{"turn":23,"cards_played":["Life Tap","Sylvanas Windrunner"],"current_player":"opponent","my_health":15,"opponent_health":13,"my_armor":0,"opponent_armor":0,"my_hand":4,"opponent_hand":4,"my_board":[{"card_name":"Acolyte of Pain","card_health":3,"card_attack":1}],"opponent_board":[{"card_name":"Ancient Watcher","card_health":1,"card_attack":4},{"card_name":"Sylvanas Windrunner","card_health":5,"card_attack":5},{"card_name":"Sludge Belcher","card_health":1,"card_attack":3},{"card_name":"Ancient Watcher","card_health":2,"card_attack":5}]},{"turn":24,"cards_played":["Fireblast","Fireblast","Arcane Intellect","Sludge Belcher"],"current_player":"me","my_health":15,"opponent_health":13,"my_armor":0,"opponent_armor":0,"my_hand":6,"opponent_hand":4,"my_board":[{"card_name":"Acolyte of Pain","card_health":2,"card_attack":1},{"card_name":"Sludge Belcher","card_health":5,"card_attack":3}],"opponent_board":[{"card_name":"Ancient Watcher","card_health":1,"card_attack":4},{"card_name":"Sylvanas Windrunner","card_health":5,"card_attack":5},{"card_name":"Ancient Watcher","card_health":2,"card_attack":5},{"card_name":"Slime","card_health":1,"card_attack":1}]},{"turn":25,"cards_played":["Molten Giant","Sludge Belcher"],"current_player":"opponent","my_health":15,"opponent_health":13,"my_armor":0,"opponent_armor":0,"my_hand":6,"opponent_hand":3,"my_board":[{"card_name":"Acolyte of Pain","card_health":2,"card_attack":1},{"card_name":"Slime","card_health":2,"card_attack":1}],"opponent_board":[{"card_name":"Ancient Watcher","card_health":1,"card_attack":4},{"card_name":"Sylvanas Windrunner","card_health":2,"card_attack":5},{"card_name":"Molten Giant","card_health":8,"card_attack":8},{"card_name":"Sludge Belcher","card_health":5,"card_attack":3},{"card_name":"Ancient Watcher","card_health":2,"card_attack":5},{"card_name":"Slime","card_health":1,"card_attack":1}]},{"turn":26,"cards_played":["Fireblast","Fireblast","Frostbolt","Sludge Belcher","Mana Wyrm"],"current_player":"me","my_health":15,"opponent_health":13,"my_armor":0,"opponent_armor":0,"my_hand":5,"opponent_hand":3,"my_board":[{"card_name":"Mana Wyrm","card_health":3,"card_attack":1},{"card_name":"Acolyte of Pain","card_health":1,"card_attack":1},{"card_name":"Sludge Belcher","card_health":5,"card_attack":3}],"opponent_board":[{"card_name":"Molten Giant","card_health":8,"card_attack":8},{"card_name":"Sludge Belcher","card_health":5,"card_attack":3},{"card_name":"Ancient Watcher","card_health":2,"card_attack":5},{"card_name":"Slime","card_health":2,"card_attack":1}]},{"turn":27,"cards_played":["Lord Jaraxxus"],"current_player":"opponent","my_health":15,"opponent_health":14,"my_armor":0,"opponent_armor":0,"my_hand":6,"opponent_hand":3,"my_board":[],"opponent_board":[{"card_name":"Molten Giant","card_health":5,"card_attack":8},{"card_name":"Sludge Belcher","card_health":4,"card_attack":3},{"card_name":"Ancient Watcher","card_health":2,"card_attack":5},{"card_name":"Slime","card_health":1,"card_attack":1},{"card_name":"Lord Jaraxxus","card_health":14,"card_attack":3}]},{"turn":28,"cards_played":["Big Game Hunter","Fireblast","Fireblast","Flamecannon","Mad Scientist"],"current_player":"me","my_health":15,"opponent_health":14,"my_armor":0,"opponent_armor":0,"my_hand":4,"opponent_hand":3,"my_board":[{"card_name":"Big Game Hunter","card_health":2,"card_attack":4},{"card_name":"Mad Scientist","card_health":2,"card_attack":2}],"opponent_board":[{"card_name":"Sludge Belcher","card_health":4,"card_attack":3},{"card_name":"Lord Jaraxxus","card_health":14,"card_attack":0}]},{"turn":29,"cards_played":["Hellfire","INFERNO!","Sunfury Protector"],"current_player":"opponent","my_health":12,"opponent_health":11,"my_armor":2,"opponent_armor":0,"my_hand":4,"opponent_hand":2,"my_board":[],"opponent_board":[{"card_name":"Sunfury Protector","card_health":3,"card_attack":2},{"card_name":"Sludge Belcher","card_health":1,"card_attack":3},{"card_name":"Lord Jaraxxus","card_health":11,"card_attack":3},{"card_name":"Infernal","card_health":6,"card_attack":6}]},{"turn":30,"cards_played":["Polymorph","Fireblast","Fireblast"],"current_player":"me","my_health":12,"opponent_health":11,"my_armor":2,"opponent_armor":0,"my_hand":3,"opponent_hand":2,"my_board":[],"opponent_board":[{"card_name":"Sunfury Protector","card_health":3,"card_attack":2},{"card_name":"Lord Jaraxxus","card_health":11,"card_attack":0},{"card_name":"Sheep","card_health":1,"card_attack":1},{"card_name":"Slime","card_health":2,"card_attack":1}]},{"turn":31,"cards_played":["Kezan Mystic","INFERNO!"],"current_player":"opponent","my_health":7,"opponent_health":11,"my_armor":0,"opponent_armor":0,"my_hand":3,"opponent_hand":2,"my_board":[],"opponent_board":[{"card_name":"Sunfury Protector","card_health":3,"card_attack":2},{"card_name":"Kezan Mystic","card_health":3,"card_attack":4},{"card_name":"Lord Jaraxxus","card_health":11,"card_attack":3},{"card_name":"Sheep","card_health":1,"card_attack":1},{"card_name":"Slime","card_health":2,"card_attack":1},{"card_name":"Infernal","card_health":6,"card_attack":6}]},{"turn":32,"cards_played":[],"current_player":"me","my_health":7,"opponent_health":11,"my_armor":0,"opponent_armor":0,"my_hand":4,"opponent_hand":2,"my_board":[],"opponent_board":[{"card_name":"Sunfury Protector","card_health":3,"card_attack":2},{"card_name":"Kezan Mystic","card_health":3,"card_attack":4},{"card_name":"Lord Jaraxxus","card_health":11,"card_attack":0},{"card_name":"Sheep","card_health":1,"card_attack":1},{"card_name":"Slime","card_health":2,"card_attack":1},{"card_name":"Infernal","card_health":6,"card_attack":6}]}],"result":"defeat"}