{"plays":[{"turn":1,"cards_played":[],"current_player":"opponent","my_health":30,"opponent_health":0,"my_armor":0,"opponent_armor":0,"my_hand":1,"opponent_hand":0,"my_board":[],"opponent_board":[]},{"turn":2,"cards_played":["Mana Wyrm"],"current_player":"me","my_health":30,"opponent_health":30,"my_armor":0,"opponent_armor":0,"my_hand":5,"opponent_hand":4,"my_board":[{"card_name":"Mana Wyrm","card_health":3,"card_attack":1}],"opponent_board":[]},{"turn":3,"cards_played":["Dagger Mastery"],"current_player":"opponent","my_health":30,"opponent_health":30,"my_armor":0,"opponent_armor":0,"my_hand":5,"opponent_hand":5,"my_board":[{"card_name":"Mana Wyrm","card_health":3,"card_attack":1}],"opponent_board":[]},{"turn":4,"cards_played":["Unstable Portal"],"current_player":"me","my_health":30,"opponent_health":28,"my_armor":0,"opponent_armor":0,"my_hand":6,"opponent_hand":5,"my_board":[{"card_name":"Mana Wyrm","card_health":3,"card_attack":2}],"opponent_board":[]},{"turn":5,"cards_played":["Dagger Mastery","Deadly Poison"],"current_player":"opponent","my_health":30,"opponent_health":26,"my_armor":0,"opponent_armor":0,"my_hand":6,"opponent_hand":5,"my_board":[],"opponent_board":[]},{"turn":6,"cards_played":["Arcane Intellect"],"current_player":"me","my_health":30,"opponent_health":26,"my_armor":0,"opponent_armor":0,"my_hand":8,"opponent_hand":5,"my_board":[],"opponent_board":[]},{"turn":7,"cards_played":["Deathlord"],"current_player":"opponent","my_health":30,"opponent_health":26,"my_armor":0,"opponent_armor":0,"my_hand":8,"opponent_hand":5,"my_board":[],"opponent_board":[{"card_name":"Deathlord","card_health":8,"card_attack":2}]},{"turn":8,"cards_played":["Flamewaker","The Coin","Frostbolt"],"current_player":"me","my_health":30,"opponent_health":25,"my_armor":0,"opponent_armor":0,"my_hand":6,"opponent_hand":5,"my_board":[{"card_name":"Flamewaker","card_health":4,"card_attack":2}],"opponent_board":[{"card_name":"Deathlord","card_health":7,"card_attack":2}]},{"turn":9,"cards_played":["Coldlight Oracle","Shadowstep","Sap"],"current_player":"opponent","my_health":30,"opponent_health":25,"my_armor":0,"opponent_armor":0,"my_hand":9,"opponent_hand":6,"my_board":[],"opponent_board":[{"card_name":"Deathlord","card_health":2,"card_attack":2}]},{"turn":10,"cards_played":["Flamewaker","Sorcerer's Apprentice","Mirror Image","Arcane Missiles"],"current_player":"me","my_health":30,"opponent_health":22,"my_armor":0,"opponent_armor":0,"my_hand":6,"opponent_hand":6,"my_board":[{"card_name":"Sorcerer's Apprentice","card_health":2,"card_attack":3},{"card_name":"Flamewaker","card_health":4,"card_attack":2},{"card_name":"Flamewaker","card_health":4,"card_attack":2},{"card_name":"Mirror Image","card_health":2,"card_attack":0},{"card_name":"Mirror Image","card_health":2,"card_attack":0}],"opponent_board":[]},{"turn":11,"cards_played":["Vanish"],"current_player":"opponent","my_health":30,"opponent_health":18,"my_armor":0,"opponent_armor":0,"my_hand":10,"opponent_hand":6,"my_board":[],"opponent_board":[]},{"turn":12,"cards_played":["Mirror Image","Mirror Image","Flamewaker"],"current_player":"me","my_health":30,"opponent_health":18,"my_armor":0,"opponent_armor":0,"my_hand":6,"opponent_hand":6,"my_board":[{"card_name":"Flamewaker","card_health":4,"card_attack":2},{"card_name":"Mirror Image","card_health":2,"card_attack":0},{"card_name":"Mirror Image","card_health":2,"card_attack":0}],"opponent_board":[]},{"turn":13,"cards_played":["Fan of Knives","Blade Flurry","Dagger Mastery"],"current_player":"opponent","my_health":27,"opponent_health":16,"my_armor":0,"opponent_armor":0,"my_hand":6,"opponent_hand":6,"my_board":[],"opponent_board":[]},{"turn":14,"cards_played":["Sorcerer's Apprentice","Mirror Image","Fireball","Arcane Intellect"],"current_player":"me","my_health":27,"opponent_health":10,"my_armor":0,"opponent_armor":0,"my_hand":5,"opponent_hand":6,"my_board":[{"card_name":"Sorcerer's Apprentice","card_health":2,"card_attack":3},{"card_name":"Mirror Image","card_health":2,"card_attack":0},{"card_name":"Mirror Image","card_health":2,"card_attack":0}],"opponent_board":[]},{"turn":15,"cards_played":["Coldlight Oracle","Antique Healbot","Shadowstep"],"current_player":"opponent","my_health":27,"opponent_health":18,"my_armor":0,"opponent_armor":0,"my_hand":7,"opponent_hand":7,"my_board":[{"card_name":"Sorcerer's Apprentice","card_health":2,"card_attack":3},{"card_name":"Mirror Image","card_health":2,"card_attack":0},{"card_name":"Mirror Image","card_health":2,"card_attack":0},{"card_name":"Coldlight Oracle","card_health":2,"card_attack":2}],"opponent_board":[{"card_name":"Coldlight Oracle","card_health":2,"card_attack":2}]},{"turn":16,"cards_played":["Azure Drake","Mana Wyrm","Windspeaker","Frostbolt"],"current_player":"me","my_health":27,"opponent_health":12,"my_armor":0,"opponent_armor":0,"my_hand":5,"opponent_hand":7,"my_board":[{"card_name":"Azure Drake","card_health":4,"card_attack":4},{"card_name":"Sorcerer's Apprentice","card_health":2,"card_attack":3},{"card_name":"Mana Wyrm","card_health":3,"card_attack":2},{"card_name":"Windspeaker","card_health":3,"card_attack":3},{"card_name":"Mirror Image","card_health":2,"card_attack":0},{"card_name":"Mirror Image","card_health":2,"card_attack":0}],"opponent_board":[]},{"turn":17,"cards_played":["Vanish","Antique Healbot"],"current_player":"opponent","my_health":27,"opponent_health":8,"my_armor":0,"opponent_armor":0,"my_hand":10,"opponent_hand":6,"my_board":[],"opponent_board":[{"card_name":"Antique Healbot","card_health":3,"card_attack":3}]},{"turn":18,"cards_played":["Mirror Image","Mirror Image","Mana Wyrm","Sorcerer's Apprentice","Fireball"],"current_player":"me","my_health":27,"opponent_health":10,"my_armor":0,"opponent_armor":0,"my_hand":4,"opponent_hand":6,"my_board":[{"card_name":"Sorcerer's Apprentice","card_health":2,"card_attack":3},{"card_name":"Mana Wyrm","card_health":3,"card_attack":2},{"card_name":"Mirror Image","card_health":2,"card_attack":0},{"card_name":"Mirror Image","card_health":2,"card_attack":0}],"opponent_board":[{"card_name":"Antique Healbot","card_health":3,"card_attack":3}]},{"turn":19,"cards_played":["Gang Up","Eviscerate","Deathlord","Fan of Knives"],"current_player":"opponent","my_health":27,"opponent_health":10,"my_armor":0,"opponent_armor":0,"my_hand":4,"opponent_hand":4,"my_board":[{"card_name":"Sorcerer's Apprentice","card_health":1,"card_attack":3},{"card_name":"Mirror Image","card_health":1,"card_attack":0},{"card_name":"Deathlord","card_health":7,"card_attack":2}],"opponent_board":[{"card_name":"Deathlord","card_health":8,"card_attack":2},{"card_name":"Antique Healbot","card_health":3,"card_attack":3}]},{"turn":20,"cards_played":["Pyroblast"],"current_player":"me","my_health":27,"opponent_health":0,"my_armor":0,"opponent_armor":0,"my_hand":4,"opponent_hand":4,"my_board":[{"card_name":"Sorcerer's Apprentice","card_health":1,"card_attack":3},{"card_name":"Mirror Image","card_health":1,"card_attack":0},{"card_name":"Deathlord","card_health":7,"card_attack":2}],"opponent_board":[{"card_name":"Deathlord","card_health":8,"card_attack":2},{"card_name":"Antique Healbot","card_health":3,"card_attack":3}]}],"result":"victory"}