{"plays":[{"turn":1,"cards_played":[],"current_player":"opponent","my_health":30,"opponent_health":0,"my_armor":0,"opponent_armor":0,"my_hand":1,"opponent_hand":0,"my_board":[],"opponent_board":[]},{"turn":2,"cards_played":["Zombie Chow"],"current_player":"opponent","my_health":30,"opponent_health":30,"my_armor":0,"opponent_armor":0,"my_hand":3,"opponent_hand":6,"my_board":[{"card_name":"Zombie Chow","card_health":3,"card_attack":2}],"opponent_board":[]},{"turn":3,"cards_played":["Mad Scientist"],"current_player":"me","my_health":30,"opponent_health":28,"my_armor":0,"opponent_armor":0,"my_hand":3,"opponent_hand":6,"my_board":[{"card_name":"Zombie Chow","card_health":3,"card_attack":2},{"card_name":"Mad Scientist","card_health":2,"card_attack":2}],"opponent_board":[]},{"turn":4,"cards_played":["The Coin","Imp Gang Boss"],"current_player":"opponent","my_health":30,"opponent_health":28,"my_armor":0,"opponent_armor":0,"my_hand":3,"opponent_hand":5,"my_board":[{"card_name":"Zombie Chow","card_health":3,"card_attack":2},{"card_name":"Mad Scientist","card_health":2,"card_attack":2}],"opponent_board":[{"card_name":"Imp Gang Boss","card_health":4,"card_attack":2}]},{"turn":5,"cards_played":["Fireblast","Fireblast","Mana Wyrm"],"current_player":"me","my_health":30,"opponent_health":28,"my_armor":0,"opponent_armor":0,"my_hand":3,"opponent_hand":5,"my_board":[{"card_name":"Zombie Chow","card_health":1,"card_attack":2},{"card_name":"Mana Wyrm","card_health":3,"card_attack":1}],"opponent_board":[{"card_name":"Imp","card_health":1,"card_attack":1}]},{"turn":6,"cards_played":["Nerubian Egg","Voidwalker"],"current_player":"opponent","my_health":30,"opponent_health":30,"my_armor":0,"opponent_armor":0,"my_hand":5,"opponent_hand":4,"my_board":[{"card_name":"Mana Wyrm","card_health":3,"card_attack":1}],"opponent_board":[{"card_name":"Voidwalker","card_health":3,"card_attack":1},{"card_name":"Nerubian Egg","card_health":2,"card_attack":0}]},{"turn":7,"cards_played":["Zombie Chow","Acolyte of Pain"],"current_player":"me","my_health":30,"opponent_health":30,"my_armor":0,"opponent_armor":0,"my_hand":4,"opponent_hand":4,"my_board":[{"card_name":"Acolyte of Pain","card_health":3,"card_attack":1},{"card_name":"Mana Wyrm","card_health":3,"card_attack":1},{"card_name":"Zombie Chow","card_health":3,"card_attack":2}],"opponent_board":[{"card_name":"Voidwalker","card_health":3,"card_attack":1},{"card_name":"Nerubian Egg","card_health":2,"card_attack":0}]},{"turn":8,"cards_played":["Knife Juggler","Power Overwhelming"],"current_player":"opponent","my_health":29,"opponent_health":30,"my_armor":0,"opponent_armor":0,"my_hand":5,"opponent_hand":3,"my_board":[{"card_name":"Mana Wyrm","card_health":3,"card_attack":1},{"card_name":"Zombie Chow","card_health":3,"card_attack":2}],"opponent_board":[{"card_name":"Knife Juggler","card_health":2,"card_attack":3},{"card_name":"Voidwalker","card_health":3,"card_attack":1},{"card_name":"Nerubian","card_health":4,"card_attack":4}]},{"turn":9,"cards_played":["Flamecannon","Fireblast","Fireblast","Zombie Chow"],"current_player":"me","my_health":29,"opponent_health":30,"my_armor":0,"opponent_armor":0,"my_hand":4,"opponent_hand":3,"my_board":[{"card_name":"Mana Wyrm","card_health":1,"card_attack":2},{"card_name":"Zombie Chow","card_health":3,"card_attack":2}],"opponent_board":[]},{"turn":10,"cards_played":["Voidcaller","Flame Imp"],"current_player":"opponent","my_health":29,"opponent_health":30,"my_armor":0,"opponent_armor":0,"my_hand":4,"opponent_hand":2,"my_board":[{"card_name":"Mana Wyrm","card_health":1,"card_attack":2},{"card_name":"Zombie Chow","card_health":3,"card_attack":2}],"opponent_board":[{"card_name":"Voidcaller","card_health":4,"card_attack":3},{"card_name":"Flame Imp","card_health":2,"card_attack":3}]},{"turn":11,"cards_played":["Emperor Thaurissan"],"current_player":"me","my_health":29,"opponent_health":28,"my_armor":0,"opponent_armor":0,"my_hand":4,"opponent_hand":2,"my_board":[{"card_name":"Mana Wyrm","card_health":1,"card_attack":2},{"card_name":"Emperor Thaurissan","card_health":5,"card_attack":5}],"opponent_board":[{"card_name":"Voidcaller","card_health":4,"card_attack":3}]},{"turn":12,"cards_played":["Life Tap","Abusive Sergeant","Void Terror","Doomguard"],"current_player":"opponent","my_health":29,"opponent_health":26,"my_armor":0,"opponent_armor":0,"my_hand":4,"opponent_hand":1,"my_board":[{"card_name":"Mana Wyrm","card_health":1,"card_attack":2}],"opponent_board":[{"card_name":"Doomguard","card_health":7,"card_attack":5},{"card_name":"Void Terror","card_health":4,"card_attack":5}]},{"turn":13,"cards_played":["Mana Wyrm","Polymorph","Fireblast","Fireblast"],"current_player":"me","my_health":29,"opponent_health":26,"my_armor":0,"opponent_armor":0,"my_hand":2,"opponent_hand":1,"my_board":[{"card_name":"Mana Wyrm","card_health":3,"card_attack":3}],"opponent_board":[]},{"turn":14,"cards_played":["Life Tap","Nerubian Egg","Knife Juggler"],"current_player":"opponent","my_health":29,"opponent_health":24,"my_armor":0,"opponent_armor":0,"my_hand":2,"opponent_hand":1,"my_board":[{"card_name":"Mana Wyrm","card_health":3,"card_attack":3},{"card_name":"Nerubian Egg","card_health":2,"card_attack":0}],"opponent_board":[{"card_name":"Nerubian Egg","card_health":2,"card_attack":0},{"card_name":"Knife Juggler","card_health":2,"card_attack":3}]},{"turn":15,"cards_played":["Arcane Intellect","Unstable Portal","Unstable Portal"],"current_player":"me","my_health":29,"opponent_health":18,"my_armor":0,"opponent_armor":0,"my_hand":4,"opponent_hand":1,"my_board":[{"card_name":"Mana Wyrm","card_health":3,"card_attack":6},{"card_name":"Nerubian Egg","card_health":2,"card_attack":0}],"opponent_board":[{"card_name":"Nerubian Egg","card_health":2,"card_attack":0},{"card_name":"Knife Juggler","card_health":2,"card_attack":3}]},{"turn":16,"cards_played":["Life Tap","Power Overwhelming","Imp Gang Boss"],"current_player":"opponent","my_health":25,"opponent_health":16,"my_armor":0,"opponent_armor":0,"my_hand":4,"opponent_hand":1,"my_board":[{"card_name":"Nerubian Egg","card_health":1,"card_attack":0}],"opponent_board":[{"card_name":"Knife Juggler","card_health":2,"card_attack":3},{"card_name":"Imp Gang Boss","card_health":4,"card_attack":2},{"card_name":"Nerubian","card_health":4,"card_attack":4}]},{"turn":17,"cards_played":["Sludge Belcher","Water Elemental"],"current_player":"me","my_health":25,"opponent_health":16,"my_armor":0,"opponent_armor":0,"my_hand":3,"opponent_hand":1,"my_board":[{"card_name":"Water Elemental","card_health":6,"card_attack":3},{"card_name":"Sludge Belcher","card_health":5,"card_attack":3},{"card_name":"Nerubian Egg","card_health":1,"card_attack":0}],"opponent_board":[{"card_name":"Knife Juggler","card_health":2,"card_attack":3},{"card_name":"Imp Gang Boss","card_health":4,"card_attack":2},{"card_name":"Nerubian","card_health":4,"card_attack":4}]},{"turn":18,"cards_played":["Mal'Ganis"],"current_player":"opponent","my_health":21,"opponent_health":16,"my_armor":0,"opponent_armor":0,"my_hand":3,"opponent_hand":1,"my_board":[{"card_name":"Water Elemental","card_health":6,"card_attack":3},{"card_name":"Nerubian Egg","card_health":1,"card_attack":0}],"opponent_board":[{"card_name":"Knife Juggler","card_health":2,"card_attack":3},{"card_name":"Mal'Ganis","card_health":7,"card_attack":9},{"card_name":"Imp Gang Boss","card_health":3,"card_attack":4},{"card_name":"Nerubian","card_health":3,"card_attack":4},{"card_name":"Imp","card_health":3,"card_attack":3}]},{"turn":19,"cards_played":["Flamestrike","Fireblast","Fireblast"],"current_player":"me","my_health":20,"opponent_health":16,"my_armor":0,"opponent_armor":0,"my_hand":3,"opponent_hand":1,"my_board":[{"card_name":"Nerubian Egg","card_health":1,"card_attack":0}],"opponent_board":[]},{"turn":20,"cards_played":["Life Tap","Ironbeak Owl","Abusive Sergeant","Defender of Argus"],"current_player":"opponent","my_health":20,"opponent_health":14,"my_armor":0,"opponent_armor":0,"my_hand":3,"opponent_hand":0,"my_board":[{"card_name":"Nerubian Egg","card_health":1,"card_attack":0}],"opponent_board":[{"card_name":"Abusive Sergeant","card_health":1,"card_attack":2},{"card_name":"Defender of Argus","card_health":3,"card_attack":2},{"card_name":"Ironbeak Owl","card_health":1,"card_attack":4}]},{"turn":21,"cards_played":["Onyxia","Fireblast","Fireblast"],"current_player":"me","my_health":20,"opponent_health":14,"my_armor":0,"opponent_armor":0,"my_hand":3,"opponent_hand":0,"my_board":[{"card_name":"Nerubian Egg","card_health":1,"card_attack":0},{"card_name":"Onyxia","card_health":8,"card_attack":8},{"card_name":"Whelp","card_health":1,"card_attack":1},{"card_name":"Whelp","card_health":1,"card_attack":1},{"card_name":"Whelp","card_health":1,"card_attack":1},{"card_name":"Whelp","card_health":1,"card_attack":1},{"card_name":"Whelp","card_health":1,"card_attack":1}],"opponent_board":[{"card_name":"Abusive Sergeant","card_health":2,"card_attack":3},{"card_name":"Defender of Argus","card_health":3,"card_attack":2},{"card_name":"Ironbeak Owl","card_health":1,"card_attack":3}]},{"turn":22,"cards_played":["Doomguard","Life Tap","Haunted Creeper"],"current_player":"opponent","my_health":17,"opponent_health":12,"my_armor":0,"opponent_armor":0,"my_hand":3,"opponent_hand":0,"my_board":[{"card_name":"Nerubian Egg","card_health":1,"card_attack":0},{"card_name":"Whelp","card_health":1,"card_attack":1},{"card_name":"Whelp","card_health":1,"card_attack":1},{"card_name":"Whelp","card_health":1,"card_attack":1},{"card_name":"Whelp","card_health":1,"card_attack":1}],"opponent_board":[{"card_name":"Haunted Creeper","card_health":2,"card_attack":1},{"card_name":"Abusive Sergeant","card_health":2,"card_attack":3},{"card_name":"Defender of Argus","card_health":2,"card_attack":2}]},{"turn":23,"cards_played":["Fireblast","Fireblast","Nightblade"],"current_player":"me","my_health":17,"opponent_health":8,"my_armor":0,"opponent_armor":0,"my_hand":2,"opponent_hand":0,"my_board":[{"card_name":"Nerubian Egg","card_health":1,"card_attack":0},{"card_name":"Nightblade","card_health":4,"card_attack":4},{"card_name":"Whelp","card_health":1,"card_attack":1}],"opponent_board":[{"card_name":"Haunted Creeper","card_health":2,"card_attack":1}]},{"turn":24,"cards_played":["Life Tap","Void Terror"],"current_player":"opponent","my_health":17,"opponent_health":6,"my_armor":0,"opponent_armor":0,"my_hand":2,"opponent_hand":1,"my_board":[{"card_name":"Nerubian Egg","card_health":1,"card_attack":0},{"card_name":"Nightblade","card_health":4,"card_attack":4}],"opponent_board":[{"card_name":"Void Terror","card_health":4,"card_attack":4},{"card_name":"Spectral Spider","card_health":1,"card_attack":1},{"card_name":"Spectral Spider","card_health":1,"card_attack":1}]},{"turn":25,"cards_played":["Flamestrike","Fireblast","Fireblast"],"current_player":"me","my_health":17,"opponent_health":1,"my_armor":0,"opponent_armor":0,"my_hand":2,"opponent_hand":1,"my_board":[{"card_name":"Nerubian Egg","card_health":1,"card_attack":0},{"card_name":"Nightblade","card_health":4,"card_attack":4}],"opponent_board":[]},{"turn":26,"cards_played":["Imp-losion","Life Tap"],"current_player":"opponent","my_health":17,"opponent_health":-1,"my_armor":0,"opponent_armor":0,"my_hand":2,"opponent_hand":2,"my_board":[{"card_name":"Nerubian Egg","card_health":1,"card_attack":0}],"opponent_board":[{"card_name":"Imp","card_health":1,"card_attack":1},{"card_name":"Imp","card_health":1,"card_attack":1},{"card_name":"Imp","card_health":1,"card_attack":1},{"card_name":"Imp","card_health":1,"card_attack":1}]}],"result":"victory"}