{"plays":[{"turn":1,"cards_played":[],"current_player":"opponent","my_health":30,"opponent_health":0,"my_armor":0,"opponent_armor":0,"my_hand":1,"opponent_hand":0,"my_board":[],"opponent_board":[]},{"turn":2,"cards_played":["Zombie Chow"],"current_player":"me","my_health":30,"opponent_health":30,"my_armor":0,"opponent_armor":0,"my_hand":5,"opponent_hand":4,"my_board":[{"card_name":"Zombie Chow","card_health":3,"card_attack":2}],"opponent_board":[]},{"turn":3,"cards_played":[],"current_player":"opponent","my_health":30,"opponent_health":30,"my_armor":0,"opponent_armor":0,"my_hand":5,"opponent_hand":5,"my_board":[{"card_name":"Zombie Chow","card_health":3,"card_attack":2}],"opponent_board":[]},{"turn":4,"cards_played":["Mana Wyrm"],"current_player":"me","my_health":30,"opponent_health":28,"my_armor":0,"opponent_armor":0,"my_hand":5,"opponent_hand":5,"my_board":[{"card_name":"Mana Wyrm","card_health":3,"card_attack":1},{"card_name":"Zombie Chow","card_health":3,"card_attack":2}],"opponent_board":[]},{"turn":5,"cards_played":["Lesser Heal","Lesser Heal"],"current_player":"opponent","my_health":30,"opponent_health":30,"my_armor":0,"opponent_armor":0,"my_hand":5,"opponent_hand":6,"my_board":[{"card_name":"Mana Wyrm","card_health":3,"card_attack":1},{"card_name":"Zombie Chow","card_health":3,"card_attack":2}],"opponent_board":[]},{"turn":6,"cards_played":["Fireblast","Fireblast"],"current_player":"me","my_health":30,"opponent_health":26,"my_armor":0,"opponent_armor":0,"my_hand":6,"opponent_hand":6,"my_board":[{"card_name":"Mana Wyrm","card_health":3,"card_attack":1},{"card_name":"Zombie Chow","card_health":3,"card_attack":2}],"opponent_board":[]},{"turn":7,"cards_played":["Lesser Heal"],"current_player":"opponent","my_health":30,"opponent_health":28,"my_armor":0,"opponent_armor":0,"my_hand":6,"opponent_hand":7,"my_board":[{"card_name":"Mana Wyrm","card_health":3,"card_attack":1},{"card_name":"Zombie Chow","card_health":3,"card_attack":2}],"opponent_board":[]},{"turn":8,"cards_played":[],"current_player":"me","my_health":30,"opponent_health":24,"my_armor":0,"opponent_armor":0,"my_hand":6,"opponent_hand":7,"my_board":[{"card_name":"Mana Wyrm","card_health":3,"card_attack":2},{"card_name":"Zombie Chow","card_health":3,"card_attack":2}],"opponent_board":[]},{"turn":9,"cards_played":["Northshire Cleric","Lesser Heal"],"current_player":"opponent","my_health":30,"opponent_health":26,"my_armor":0,"opponent_armor":0,"my_hand":6,"opponent_hand":7,"my_board":[{"card_name":"Mana Wyrm","card_health":3,"card_attack":2},{"card_name":"Zombie Chow","card_health":3,"card_attack":2}],"opponent_board":[{"card_name":"Northshire Cleric","card_health":3,"card_attack":1}]},{"turn":10,"cards_played":["The Coin","Emperor Thaurissan"],"current_player":"me","my_health":30,"opponent_health":24,"my_armor":0,"opponent_armor":0,"my_hand":5,"opponent_hand":7,"my_board":[{"card_name":"Emperor Thaurissan","card_health":5,"card_attack":5},{"card_name":"Mana Wyrm","card_health":2,"card_attack":3},{"card_name":"Zombie Chow","card_health":3,"card_attack":2}],"opponent_board":[]},{"turn":11,"cards_played":["Injured Blademaster","Northshire Cleric","Circle of Healing","Power Word: Shield"],"current_player":"opponent","my_health":30,"opponent_health":24,"my_armor":0,"opponent_armor":0,"my_hand":5,"opponent_hand":7,"my_board":[{"card_name":"Emperor Thaurissan","card_health":5,"card_attack":5},{"card_name":"Mana Wyrm","card_health":3,"card_attack":3},{"card_name":"Zombie Chow","card_health":3,"card_attack":2}],"opponent_board":[{"card_name":"Northshire Cleric","card_health":3,"card_attack":1},{"card_name":"Injured Blademaster","card_health":7,"card_attack":4}]},{"turn":12,"cards_played":["Polymorph","Fireblast","Fireblast"],"current_player":"me","my_health":30,"opponent_health":17,"my_armor":0,"opponent_armor":0,"my_hand":5,"opponent_hand":7,"my_board":[{"card_name":"Emperor Thaurissan","card_health":5,"card_attack":5},{"card_name":"Mana Wyrm","card_health":2,"card_attack":4},{"card_name":"Zombie Chow","card_health":3,"card_attack":2}],"opponent_board":[]},{"turn":13,"cards_played":["Auchenai Soulpriest","Circle of Healing","Lesser Heal","Lesser Heal","Power Word: Shield"],"current_player":"opponent","my_health":30,"opponent_health":22,"my_armor":0,"opponent_armor":0,"my_hand":5,"opponent_hand":6,"my_board":[],"opponent_board":[{"card_name":"Auchenai Soulpriest","card_health":1,"card_attack":3}]},{"turn":14,"cards_played":["Alexstrasza"],"current_player":"me","my_health":30,"opponent_health":22,"my_armor":0,"opponent_armor":0,"my_hand":5,"opponent_hand":6,"my_board":[{"card_name":"Alexstrasza","card_health":8,"card_attack":8}],"opponent_board":[{"card_name":"Auchenai Soulpriest","card_health":3,"card_attack":3}]},{"turn":15,"cards_played":["Deathlord","Deathlord","Lesser Heal","Lesser Heal"],"current_player":"opponent","my_health":30,"opponent_health":15,"my_armor":3,"opponent_armor":0,"my_hand":5,"opponent_hand":5,"my_board":[{"card_name":"Alexstrasza","card_health":8,"card_attack":8}],"opponent_board":[{"card_name":"Deathlord","card_health":8,"card_attack":2},{"card_name":"Deathlord","card_health":8,"card_attack":2},{"card_name":"Auchenai Soulpriest","card_health":3,"card_attack":3}]},{"turn":16,"cards_played":["Sludge Belcher"],"current_player":"me","my_health":30,"opponent_health":15,"my_armor":3,"opponent_armor":0,"my_hand":4,"opponent_hand":5,"my_board":[{"card_name":"Alexstrasza","card_health":6,"card_attack":8},{"card_name":"Mad Scientist","card_health":2,"card_attack":2},{"card_name":"Sludge Belcher","card_health":5,"card_attack":3}],"opponent_board":[{"card_name":"Deathlord","card_health":8,"card_attack":2},{"card_name":"Auchenai Soulpriest","card_health":3,"card_attack":3}]},{"turn":17,"cards_played":["Lesser Heal","Lesser Heal","Cabal Shadow Priest"],"current_player":"opponent","my_health":30,"opponent_health":15,"my_armor":3,"opponent_armor":0,"my_hand":4,"opponent_hand":5,"my_board":[{"card_name":"Alexstrasza","card_health":6,"card_attack":8}],"opponent_board":[{"card_name":"Deathlord","card_health":6,"card_attack":2},{"card_name":"Cabal Shadow Priest","card_health":5,"card_attack":4},{"card_name":"Slime","card_health":2,"card_attack":1}]},{"turn":18,"cards_played":["Dr. Boom","Fireblast","Fireblast"],"current_player":"me","my_health":30,"opponent_health":15,"my_armor":3,"opponent_armor":0,"my_hand":4,"opponent_hand":5,"my_board":[{"card_name":"Mad Scientist","card_health":2,"card_attack":2},{"card_name":"Dr. Boom","card_health":7,"card_attack":7},{"card_name":"Alexstrasza","card_health":4,"card_attack":8},{"card_name":"Boom Bot","card_health":1,"card_attack":1},{"card_name":"Boom Bot","card_health":1,"card_attack":1}],"opponent_board":[{"card_name":"Cabal Shadow Priest","card_health":4,"card_attack":4},{"card_name":"Slime","card_health":2,"card_attack":1}]},{"turn":19,"cards_played":["Wild Pyromancer","Lightbomb","Lesser Heal","Lesser Heal"],"current_player":"opponent","my_health":30,"opponent_health":10,"my_armor":6,"opponent_armor":0,"my_hand":6,"opponent_hand":4,"my_board":[],"opponent_board":[{"card_name":"Slime","card_health":2,"card_attack":1}]},{"turn":20,"cards_played":["Mad Scientist","Mad Scientist","Sludge Belcher","Fireblast","Fireblast"],"current_player":"me","my_health":30,"opponent_health":9,"my_armor":6,"opponent_armor":0,"my_hand":4,"opponent_hand":4,"my_board":[{"card_name":"Sludge Belcher","card_health":5,"card_attack":3},{"card_name":"Mad Scientist","card_health":2,"card_attack":2},{"card_name":"Mad Scientist","card_health":2,"card_attack":2}],"opponent_board":[{"card_name":"Slime","card_health":2,"card_attack":1}]},{"turn":21,"cards_played":["Wild Pyromancer","Holy Nova","Lesser Heal","Lesser Heal"],"current_player":"opponent","my_health":30,"opponent_health":11,"my_armor":4,"opponent_armor":0,"my_hand":4,"opponent_hand":3,"my_board":[{"card_name":"Sludge Belcher","card_health":2,"card_attack":3}],"opponent_board":[{"card_name":"Wild Pyromancer","card_health":2,"card_attack":3},{"card_name":"Slime","card_health":1,"card_attack":1}]},{"turn":22,"cards_played":["Fireblast","Fireblast","Frostbolt","Water Elemental"],"current_player":"me","my_health":30,"opponent_health":8,"my_armor":4,"opponent_armor":0,"my_hand":3,"opponent_hand":3,"my_board":[{"card_name":"Sludge Belcher","card_health":2,"card_attack":3},{"card_name":"Water Elemental","card_health":6,"card_attack":3}],"opponent_board":[]},{"turn":23,"cards_played":["Thoughtsteal","Sylvanas Windrunner","Mana Wyrm"],"current_player":"opponent","my_health":30,"opponent_health":8,"my_armor":4,"opponent_armor":0,"my_hand":3,"opponent_hand":3,"my_board":[{"card_name":"Sludge Belcher","card_health":2,"card_attack":3},{"card_name":"Water Elemental","card_health":6,"card_attack":3}],"opponent_board":[{"card_name":"Sylvanas Windrunner","card_health":5,"card_attack":5},{"card_name":"Mana Wyrm","card_health":3,"card_attack":1}]},{"turn":24,"cards_played":["Unstable Portal","Polymorph","Frost Elemental"],"current_player":"me","my_health":30,"opponent_health":2,"my_armor":4,"opponent_armor":0,"my_hand":2,"opponent_hand":3,"my_board":[{"card_name":"Sludge Belcher","card_health":2,"card_attack":3},{"card_name":"Water Elemental","card_health":6,"card_attack":3},{"card_name":"Frost Elemental","card_health":5,"card_attack":5}],"opponent_board":[{"card_name":"Mana Wyrm","card_health":3,"card_attack":1},{"card_name":"Sheep","card_health":1,"card_attack":1}]},{"turn":25,"cards_played":["Holy Nova","Lesser Heal","Lesser Heal","Frostbolt"],"current_player":"opponent","my_health":30,"opponent_health":6,"my_armor":2,"opponent_armor":0,"my_hand":2,"opponent_hand":2,"my_board":[{"card_name":"Water Elemental","card_health":4,"card_attack":3},{"card_name":"Slime","card_health":2,"card_attack":1}],"opponent_board":[{"card_name":"Mana Wyrm","card_health":3,"card_attack":3},{"card_name":"Sheep","card_health":1,"card_attack":1}]},{"turn":26,"cards_played":["Acolyte of Pain","Fireblast","Fireblast","Unstable Portal","Nat Pagle"],"current_player":"me","my_health":30,"opponent_health":3,"my_armor":2,"opponent_armor":0,"my_hand":2,"opponent_hand":2,"my_board":[{"card_name":"Water Elemental","card_health":4,"card_attack":3},{"card_name":"Acolyte of Pain","card_health":2,"card_attack":1},{"card_name":"Slime","card_health":1,"card_attack":1},{"card_name":"Nat Pagle","card_health":4,"card_attack":0}],"opponent_board":[{"card_name":"Mana Wyrm","card_health":3,"card_attack":3}]},{"turn":27,"cards_played":[],"current_player":"opponent","my_health":30,"opponent_health":3,"my_armor":2,"opponent_armor":0,"my_hand":2,"opponent_hand":3,"my_board":[{"card_name":"Water Elemental","card_health":4,"card_attack":3},{"card_name":"Acolyte of Pain","card_health":2,"card_attack":1},{"card_name":"Slime","card_health":1,"card_attack":1},{"card_name":"Nat Pagle","card_health":4,"card_attack":0}],"opponent_board":[{"card_name":"Mana Wyrm","card_health":3,"card_attack":3}]}],"result":"victory"}