{"plays":[{"turn":1,"cards_played":[],"current_player":"me","my_health":0,"opponent_health":30,"my_armor":0,"opponent_armor":0,"my_hand":0,"opponent_hand":1,"my_board":[],"opponent_board":[]},{"turn":2,"cards_played":["Cogmaster"],"current_player":"opponent","my_health":30,"opponent_health":30,"my_armor":0,"opponent_armor":0,"my_hand":4,"opponent_hand":5,"my_board":[],"opponent_board":[{"card_name":"Cogmaster","card_health":2,"card_attack":1}]},{"turn":3,"cards_played":["Fireblast","Fireblast"],"current_player":"me","my_health":30,"opponent_health":30,"my_armor":0,"opponent_armor":0,"my_hand":5,"opponent_hand":5,"my_board":[],"opponent_board":[{"card_name":"Cogmaster","card_health":1,"card_attack":1}]},{"turn":4,"cards_played":["Battle Rage","Wisp"],"current_player":"opponent","my_health":29,"opponent_health":30,"my_armor":0,"opponent_armor":0,"my_hand":5,"opponent_hand":5,"my_board":[],"opponent_board":[{"card_name":"Cogmaster","card_health":1,"card_attack":1},{"card_name":"Wisp","card_health":1,"card_attack":1}]},{"turn":5,"cards_played":["Fencing Coach","Fireblast"],"current_player":"me","my_health":29,"opponent_health":30,"my_armor":0,"opponent_armor":0,"my_hand":5,"opponent_hand":5,"my_board":[{"card_name":"Fencing Coach","card_health":2,"card_attack":2}],"opponent_board":[{"card_name":"Wisp","card_health":1,"card_attack":1}]},{"turn":6,"cards_played":["Imp Master"],"current_player":"opponent","my_health":28,"opponent_health":30,"my_armor":0,"opponent_armor":0,"my_hand":5,"opponent_hand":5,"my_board":[{"card_name":"Fencing Coach","card_health":2,"card_attack":2}],"opponent_board":[{"card_name":"Imp Master","card_health":4,"card_attack":1},{"card_name":"Wisp","card_health":1,"card_attack":1},{"card_name":"Imp","card_health":1,"card_attack":1}]},{"turn":7,"cards_played":["Burly Rockjaw Trogg"],"current_player":"me","my_health":28,"opponent_health":30,"my_armor":0,"opponent_armor":0,"my_hand":5,"opponent_hand":5,"my_board":[{"card_name":"Burly Rockjaw Trogg","card_health":5,"card_attack":3},{"card_name":"Fencing Coach","card_health":1,"card_attack":2}],"opponent_board":[{"card_name":"Imp Master","card_health":4,"card_attack":1},{"card_name":"Wisp","card_health":1,"card_attack":1}]},{"turn":8,"cards_played":["Mechanical Yeti"],"current_player":"opponent","my_health":27,"opponent_health":30,"my_armor":0,"opponent_armor":0,"my_hand":5,"opponent_hand":5,"my_board":[{"card_name":"Burly Rockjaw Trogg","card_health":5,"card_attack":3}],"opponent_board":[{"card_name":"Imp Master","card_health":3,"card_attack":1},{"card_name":"Mechanical Yeti","card_health":5,"card_attack":4},{"card_name":"Imp","card_health":1,"card_attack":1}]},{"turn":9,"cards_played":["Fireblast","Fireblast"],"current_player":"me","my_health":27,"opponent_health":30,"my_armor":0,"opponent_armor":0,"my_hand":5,"opponent_hand":5,"my_board":[{"card_name":"Burly Rockjaw Trogg","card_health":4,"card_attack":3}],"opponent_board":[{"card_name":"Mechanical Yeti","card_health":5,"card_attack":4}]},{"turn":10,"cards_played":["Nerubian Egg","Armor Up!"],"current_player":"opponent","my_health":27,"opponent_health":30,"my_armor":0,"opponent_armor":2,"my_hand":7,"opponent_hand":5,"my_board":[],"opponent_board":[{"card_name":"Nerubian Egg","card_health":2,"card_attack":0},{"card_name":"Mechanical Yeti","card_health":2,"card_attack":4}]},{"turn":11,"cards_played":["Burly Rockjaw Trogg","Arcane Blast"],"current_player":"me","my_health":27,"opponent_health":30,"my_armor":0,"opponent_armor":2,"my_hand":7,"opponent_hand":6,"my_board":[{"card_name":"Burly Rockjaw Trogg","card_health":5,"card_attack":3}],"opponent_board":[{"card_name":"Nerubian Egg","card_health":2,"card_attack":0}]},{"turn":12,"cards_played":["Arcanite Reaper","The Coin","Armor Up!"],"current_player":"opponent","my_health":27,"opponent_health":29,"my_armor":0,"opponent_armor":0,"my_hand":7,"opponent_hand":5,"my_board":[],"opponent_board":[{"card_name":"Nerubian Egg","card_health":2,"card_attack":0}]},{"turn":13,"cards_played":["Sunwalker"],"current_player":"me","my_health":27,"opponent_health":29,"my_armor":0,"opponent_armor":0,"my_hand":7,"opponent_hand":5,"my_board":[{"card_name":"Sunwalker","card_health":5,"card_attack":4}],"opponent_board":[{"card_name":"Nerubian Egg","card_health":2,"card_attack":0}]},{"turn":14,"cards_played":["Brawl","Cruel Taskmaster"],"current_player":"opponent","my_health":25,"opponent_health":29,"my_armor":0,"opponent_armor":0,"my_hand":7,"opponent_hand":4,"my_board":[],"opponent_board":[{"card_name":"Nerubian Egg","card_health":1,"card_attack":2},{"card_name":"Cruel Taskmaster","card_health":2,"card_attack":2}]},{"turn":15,"cards_played":["Acolyte of Pain","Spider Tank","Frostbolt"],"current_player":"me","my_health":25,"opponent_health":29,"my_armor":0,"opponent_armor":0,"my_hand":5,"opponent_hand":4,"my_board":[{"card_name":"Spider Tank","card_health":4,"card_attack":3},{"card_name":"Acolyte of Pain","card_health":3,"card_attack":1}],"opponent_board":[{"card_name":"Nerubian Egg","card_health":1,"card_attack":2}]},{"turn":16,"cards_played":["Mortal Strike","Acolyte of Pain"],"current_player":"opponent","my_health":23,"opponent_health":29,"my_armor":0,"opponent_armor":0,"my_hand":5,"opponent_hand":3,"my_board":[{"card_name":"Acolyte of Pain","card_health":3,"card_attack":1}],"opponent_board":[{"card_name":"Nerubian Egg","card_health":1,"card_attack":2},{"card_name":"Acolyte of Pain","card_health":3,"card_attack":1}]},{"turn":17,"cards_played":["North Sea Kraken"],"current_player":"me","my_health":23,"opponent_health":28,"my_armor":0,"opponent_armor":0,"my_hand":5,"opponent_hand":4,"my_board":[{"card_name":"North Sea Kraken","card_health":7,"card_attack":9},{"card_name":"Acolyte of Pain","card_health":3,"card_attack":1}],"opponent_board":[{"card_name":"Nerubian Egg","card_health":1,"card_attack":2}]},{"turn":18,"cards_played":["Reckless Rocketeer","Shattered Sun Cleric"],"current_player":"opponent","my_health":23,"opponent_health":28,"my_armor":0,"opponent_armor":0,"my_hand":5,"opponent_hand":3,"my_board":[{"card_name":"Acolyte of Pain","card_health":3,"card_attack":1}],"opponent_board":[{"card_name":"Shattered Sun Cleric","card_health":2,"card_attack":3},{"card_name":"Nerubian","card_health":4,"card_attack":4}]},{"turn":19,"cards_played":["Cone of Cold","Lost Tallstrider","Fireblast","Fireblast"],"current_player":"me","my_health":23,"opponent_health":26,"my_armor":0,"opponent_armor":0,"my_hand":4,"opponent_hand":3,"my_board":[{"card_name":"Lost Tallstrider","card_health":4,"card_attack":5},{"card_name":"Acolyte of Pain","card_health":3,"card_attack":1}],"opponent_board":[{"card_name":"Shattered Sun Cleric","card_health":1,"card_attack":3},{"card_name":"Nerubian","card_health":3,"card_attack":4}]},{"turn":20,"cards_played":["Armor Up!","Frost Elemental","Loot Hoarder"],"current_player":"opponent","my_health":23,"opponent_health":26,"my_armor":0,"opponent_armor":2,"my_hand":4,"opponent_hand":2,"my_board":[{"card_name":"Lost Tallstrider","card_health":4,"card_attack":5},{"card_name":"Acolyte of Pain","card_health":3,"card_attack":1}],"opponent_board":[{"card_name":"Frost Elemental","card_health":5,"card_attack":5},{"card_name":"Loot Hoarder","card_health":1,"card_attack":2},{"card_name":"Shattered Sun Cleric","card_health":1,"card_attack":3},{"card_name":"Nerubian","card_health":3,"card_attack":4}]},{"turn":21,"cards_played":["Flamestrike","Fireblast","Fireblast"],"current_player":"me","my_health":23,"opponent_health":26,"my_armor":0,"opponent_armor":1,"my_hand":4,"opponent_hand":3,"my_board":[{"card_name":"Lost Tallstrider","card_health":4,"card_attack":5},{"card_name":"Acolyte of Pain","card_health":3,"card_attack":1}],"opponent_board":[]},{"turn":22,"cards_played":["Maiden of the Lake","Armor Up!","Emergency Coolant","Dire Wolf Alpha"],"current_player":"opponent","my_health":23,"opponent_health":26,"my_armor":0,"opponent_armor":3,"my_hand":4,"opponent_hand":1,"my_board":[{"card_name":"Lost Tallstrider","card_health":4,"card_attack":5},{"card_name":"Acolyte of Pain","card_health":3,"card_attack":1}],"opponent_board":[{"card_name":"Maiden of the Lake","card_health":6,"card_attack":2},{"card_name":"Dire Wolf Alpha","card_health":2,"card_attack":2}]},{"turn":23,"cards_played":["Fireblast","Fireblast","Flame Lance"],"current_player":"me","my_health":23,"opponent_health":26,"my_armor":0,"opponent_armor":3,"my_hand":5,"opponent_hand":1,"my_board":[{"card_name":"Lost Tallstrider","card_health":4,"card_attack":5},{"card_name":"Acolyte of Pain","card_health":1,"card_attack":1}],"opponent_board":[]},{"turn":24,"cards_played":["Twilight Drake","Armor Up!"],"current_player":"opponent","my_health":23,"opponent_health":26,"my_armor":0,"opponent_armor":5,"my_hand":5,"opponent_hand":1,"my_board":[{"card_name":"Lost Tallstrider","card_health":4,"card_attack":5},{"card_name":"Acolyte of Pain","card_health":1,"card_attack":1}],"opponent_board":[{"card_name":"Twilight Drake","card_health":2,"card_attack":4}]},{"turn":25,"cards_played":["Fireblast","Fireblast","Force-Tank MAX"],"current_player":"me","my_health":23,"opponent_health":26,"my_armor":0,"opponent_armor":0,"my_hand":6,"opponent_hand":1,"my_board":[{"card_name":"Force-Tank MAX","card_health":7,"card_attack":7},{"card_name":"Lost Tallstrider","card_health":4,"card_attack":5}],"opponent_board":[]},{"turn":26,"cards_played":["Kor'kron Elite","Armor Up!"],"current_player":"opponent","my_health":23,"opponent_health":26,"my_armor":0,"opponent_armor":2,"my_hand":6,"opponent_hand":1,"my_board":[{"card_name":"Force-Tank MAX","card_health":7,"card_attack":7}],"opponent_board":[]},{"turn":27,"cards_played":["Toshley","Burly Rockjaw Trogg"],"current_player":"me","my_health":23,"opponent_health":21,"my_armor":0,"opponent_armor":0,"my_hand":6,"opponent_hand":1,"my_board":[{"card_name":"Force-Tank MAX","card_health":7,"card_attack":7},{"card_name":"Toshley","card_health":7,"card_attack":5},{"card_name":"Burly Rockjaw Trogg","card_health":5,"card_attack":3}],"opponent_board":[]},{"turn":28,"cards_played":["Axe Flinger","Antique Healbot"],"current_player":"opponent","my_health":23,"opponent_health":21,"my_armor":0,"opponent_armor":0,"my_hand":6,"opponent_hand":0,"my_board":[{"card_name":"Force-Tank MAX","card_health":7,"card_attack":7},{"card_name":"Toshley","card_health":7,"card_attack":5},{"card_name":"Burly Rockjaw Trogg","card_health":5,"card_attack":3}],"opponent_board":[{"card_name":"Antique Healbot","card_health":3,"card_attack":3},{"card_name":"Axe Flinger","card_health":5,"card_attack":2}]},{"turn":29,"cards_played":["Water Elemental","Fireblast","Fireblast"],"current_player":"me","my_health":21,"opponent_health":21,"my_armor":0,"opponent_armor":0,"my_hand":6,"opponent_hand":0,"my_board":[{"card_name":"Force-Tank MAX","card_health":7,"card_attack":7},{"card_name":"Toshley","card_health":5,"card_attack":5},{"card_name":"Water Elemental","card_health":6,"card_attack":3},{"card_name":"Burly Rockjaw Trogg","card_health":2,"card_attack":3}],"opponent_board":[]},{"turn":30,"cards_played":[],"current_player":"opponent","my_health":21,"opponent_health":21,"my_armor":0,"opponent_armor":0,"my_hand":6,"opponent_hand":1,"my_board":[{"card_name":"Force-Tank MAX","card_health":7,"card_attack":7},{"card_name":"Toshley","card_health":5,"card_attack":5},{"card_name":"Water Elemental","card_health":6,"card_attack":3},{"card_name":"Burly Rockjaw Trogg","card_health":2,"card_attack":3}],"opponent_board":[]}],"result":"victory"}