{"plays":[{"turn":1,"cards_played":[],"current_player":"opponent","my_health":30,"opponent_health":0,"my_armor":0,"opponent_armor":0,"my_hand":1,"opponent_hand":0,"my_board":[],"opponent_board":[]},{"turn":2,"cards_played":["Mana Wyrm"],"current_player":"me","my_health":30,"opponent_health":30,"my_armor":0,"opponent_armor":0,"my_hand":5,"opponent_hand":4,"my_board":[{"card_name":"Mana Wyrm","card_health":3,"card_attack":1}],"opponent_board":[]},{"turn":3,"cards_played":["Armor Up!"],"current_player":"opponent","my_health":30,"opponent_health":30,"my_armor":0,"opponent_armor":2,"my_hand":5,"opponent_hand":5,"my_board":[{"card_name":"Mana Wyrm","card_health":3,"card_attack":1}],"opponent_board":[]},{"turn":4,"cards_played":["Mad Scientist"],"current_player":"me","my_health":30,"opponent_health":30,"my_armor":0,"opponent_armor":1,"my_hand":5,"opponent_hand":5,"my_board":[{"card_name":"Mana Wyrm","card_health":3,"card_attack":1},{"card_name":"Mad Scientist","card_health":2,"card_attack":2}],"opponent_board":[]},{"turn":5,"cards_played":["Armor Up!","Shield Slam"],"current_player":"opponent","my_health":30,"opponent_health":30,"my_armor":0,"opponent_armor":3,"my_hand":5,"opponent_hand":5,"my_board":[{"card_name":"Mad Scientist","card_health":2,"card_attack":2}],"opponent_board":[]},{"turn":6,"cards_played":["Arcane Intellect"],"current_player":"me","my_health":30,"opponent_health":30,"my_armor":0,"opponent_armor":1,"my_hand":7,"opponent_hand":5,"my_board":[{"card_name":"Mad Scientist","card_health":2,"card_attack":2}],"opponent_board":[]},{"turn":7,"cards_played":["Death's Bite"],"current_player":"opponent","my_health":30,"opponent_health":29,"my_armor":0,"opponent_armor":0,"my_hand":7,"opponent_hand":5,"my_board":[],"opponent_board":[]},{"turn":8,"cards_played":["Sorcerer's Apprentice","Mana Wyrm","Mirror Image","Frostbolt"],"current_player":"me","my_health":30,"opponent_health":29,"my_armor":0,"opponent_armor":0,"my_hand":4,"opponent_hand":5,"my_board":[{"card_name":"Sorcerer's Apprentice","card_health":2,"card_attack":3},{"card_name":"Mana Wyrm","card_health":3,"card_attack":3},{"card_name":"Mirror Image","card_health":2,"card_attack":0},{"card_name":"Mirror Image","card_health":2,"card_attack":0}],"opponent_board":[]},{"turn":9,"cards_played":["Shield Block","Armor Up!"],"current_player":"opponent","my_health":30,"opponent_health":26,"my_armor":0,"opponent_armor":7,"my_hand":4,"opponent_hand":6,"my_board":[{"card_name":"Sorcerer's Apprentice","card_health":2,"card_attack":3},{"card_name":"Mana Wyrm","card_health":3,"card_attack":3},{"card_name":"Mirror Image","card_health":2,"card_attack":0},{"card_name":"Mirror Image","card_health":2,"card_attack":0}],"opponent_board":[]},{"turn":10,"cards_played":["Unstable Portal","Shieldmaiden","The Coin"],"current_player":"me","my_health":30,"opponent_health":24,"my_armor":5,"opponent_armor":0,"my_hand":2,"opponent_hand":6,"my_board":[{"card_name":"Sorcerer's Apprentice","card_health":2,"card_attack":3},{"card_name":"Mana Wyrm","card_health":3,"card_attack":6},{"card_name":"Mirror Image","card_health":2,"card_attack":0},{"card_name":"Mirror Image","card_health":2,"card_attack":0},{"card_name":"Shieldmaiden","card_health":5,"card_attack":5}],"opponent_board":[]},{"turn":11,"cards_played":["Execute","Brawl"],"current_player":"opponent","my_health":30,"opponent_health":24,"my_armor":5,"opponent_armor":0,"my_hand":2,"opponent_hand":5,"my_board":[{"card_name":"Sorcerer's Apprentice","card_health":1,"card_attack":3}],"opponent_board":[]},{"turn":12,"cards_played":["Frostbolt","Fireball","Fireblast","Fireblast"],"current_player":"me","my_health":30,"opponent_health":11,"my_armor":5,"opponent_armor":0,"my_hand":1,"opponent_hand":5,"my_board":[{"card_name":"Sorcerer's Apprentice","card_health":1,"card_attack":3}],"opponent_board":[]},{"turn":13,"cards_played":["Acolyte of Pain","Fiery War Axe","Armor Up!"],"current_player":"opponent","my_health":30,"opponent_health":11,"my_armor":5,"opponent_armor":2,"my_hand":1,"opponent_hand":4,"my_board":[{"card_name":"Sorcerer's Apprentice","card_health":1,"card_attack":3},{"card_name":"Acolyte of Pain","card_health":3,"card_attack":1}],"opponent_board":[{"card_name":"Acolyte of Pain","card_health":3,"card_attack":1}]},{"turn":14,"cards_played":["Dr. Boom"],"current_player":"me","my_health":30,"opponent_health":9,"my_armor":5,"opponent_armor":0,"my_hand":1,"opponent_hand":4,"my_board":[{"card_name":"Sorcerer's Apprentice","card_health":1,"card_attack":3},{"card_name":"Dr. Boom","card_health":7,"card_attack":7},{"card_name":"Acolyte of Pain","card_health":3,"card_attack":1},{"card_name":"Boom Bot","card_health":1,"card_attack":1},{"card_name":"Boom Bot","card_health":1,"card_attack":1}],"opponent_board":[{"card_name":"Acolyte of Pain","card_health":3,"card_attack":1}]},{"turn":15,"cards_played":["Armorsmith","Shield Block","Big Game Hunter"],"current_player":"opponent","my_health":30,"opponent_health":9,"my_armor":5,"opponent_armor":5,"my_hand":2,"opponent_hand":4,"my_board":[{"card_name":"Boom Bot","card_health":1,"card_attack":1},{"card_name":"Boom Bot","card_health":1,"card_attack":1}],"opponent_board":[{"card_name":"Armorsmith","card_health":4,"card_attack":1},{"card_name":"Big Game Hunter","card_health":2,"card_attack":4}]},{"turn":16,"cards_played":["Azure Drake","Mirror Image","Fireblast"],"current_player":"me","my_health":30,"opponent_health":9,"my_armor":5,"opponent_armor":2,"my_hand":2,"opponent_hand":4,"my_board":[{"card_name":"Azure Drake","card_health":4,"card_attack":4},{"card_name":"Boom Bot","card_health":1,"card_attack":1},{"card_name":"Boom Bot","card_health":1,"card_attack":1},{"card_name":"Mirror Image","card_health":2,"card_attack":0},{"card_name":"Mirror Image","card_health":2,"card_attack":0}],"opponent_board":[{"card_name":"Armorsmith","card_health":4,"card_attack":1},{"card_name":"Big Game Hunter","card_health":2,"card_attack":4}]},{"turn":17,"cards_played":["Armorsmith","Cruel Taskmaster","Armor Up!"],"current_player":"opponent","my_health":30,"opponent_health":9,"my_armor":5,"opponent_armor":7,"my_hand":2,"opponent_hand":3,"my_board":[{"card_name":"Azure Drake","card_health":4,"card_attack":4}],"opponent_board":[{"card_name":"Armorsmith","card_health":3,"card_attack":1},{"card_name":"Big Game Hunter","card_health":2,"card_attack":4},{"card_name":"Armorsmith","card_health":4,"card_attack":1}]},{"turn":18,"cards_played":["Fireball","Fireblast","Arcane Missiles"],"current_player":"me","my_health":30,"opponent_health":9,"my_armor":5,"opponent_armor":3,"my_hand":1,"opponent_hand":3,"my_board":[{"card_name":"Azure Drake","card_health":3,"card_attack":4}],"opponent_board":[{"card_name":"Armorsmith","card_health":2,"card_attack":1}]},{"turn":19,"cards_played":["Shield Slam","Sneed's Old Shredder"],"current_player":"opponent","my_health":30,"opponent_health":9,"my_armor":4,"opponent_armor":3,"my_hand":1,"opponent_hand":2,"my_board":[],"opponent_board":[{"card_name":"Armorsmith","card_health":2,"card_attack":1},{"card_name":"Sneed's Old Shredder","card_health":7,"card_attack":5}]},{"turn":20,"cards_played":["Unstable Portal","Flame Leviathan","Fireblast"],"current_player":"me","my_health":30,"opponent_health":9,"my_armor":4,"opponent_armor":2,"my_hand":1,"opponent_hand":2,"my_board":[{"card_name":"Flame Leviathan","card_health":7,"card_attack":7}],"opponent_board":[{"card_name":"Armorsmith","card_health":2,"card_attack":1},{"card_name":"Sneed's Old Shredder","card_health":7,"card_attack":5}]},{"turn":21,"cards_played":["Grommash Hellscream","Armor Up!"],"current_player":"opponent","my_health":30,"opponent_health":9,"my_armor":3,"opponent_armor":6,"my_hand":1,"opponent_hand":2,"my_board":[],"opponent_board":[{"card_name":"Armorsmith","card_health":2,"card_attack":1},{"card_name":"Grommash Hellscream","card_health":2,"card_attack":10},{"card_name":"The Mistcaller","card_health":4,"card_attack":4}]},{"turn":22,"cards_played":["Fireblast"],"current_player":"me","my_health":30,"opponent_health":9,"my_armor":3,"opponent_armor":5,"my_hand":2,"opponent_hand":2,"my_board":[],"opponent_board":[{"card_name":"Armorsmith","card_health":2,"card_attack":1},{"card_name":"Grommash Hellscream","card_health":2,"card_attack":10},{"card_name":"The Mistcaller","card_health":4,"card_attack":4}]},{"turn":23,"cards_played":["Varian Wrynn"],"current_player":"opponent","my_health":18,"opponent_health":9,"my_armor":0,"opponent_armor":5,"my_hand":2,"opponent_hand":2,"my_board":[],"opponent_board":[{"card_name":"Varian Wrynn","card_health":7,"card_attack":7},{"card_name":"Sludge Belcher","card_health":5,"card_attack":3},{"card_name":"Armorsmith","card_health":2,"card_attack":1},{"card_name":"Grommash Hellscream","card_health":2,"card_attack":10},{"card_name":"Shieldmaiden","card_health":5,"card_attack":5},{"card_name":"Cruel Taskmaster","card_health":2,"card_attack":2},{"card_name":"The Mistcaller","card_health":4,"card_attack":4}]},{"turn":24,"cards_played":["Arcane Intellect","Flamestrike"],"current_player":"me","my_health":18,"opponent_health":9,"my_armor":0,"opponent_armor":12,"my_hand":3,"opponent_hand":2,"my_board":[],"opponent_board":[{"card_name":"Varian Wrynn","card_health":3,"card_attack":7},{"card_name":"Sludge Belcher","card_health":1,"card_attack":3},{"card_name":"Shieldmaiden","card_health":1,"card_attack":5}]},{"turn":25,"cards_played":["Shieldmaiden","Armor Up!"],"current_player":"opponent","my_health":3,"opponent_health":9,"my_armor":0,"opponent_armor":19,"my_hand":3,"opponent_hand":2,"my_board":[],"opponent_board":[{"card_name":"Varian Wrynn","card_health":3,"card_attack":7},{"card_name":"Sludge Belcher","card_health":1,"card_attack":3},{"card_name":"Shieldmaiden","card_health":5,"card_attack":5},{"card_name":"Shieldmaiden","card_health":1,"card_attack":5}]},{"turn":26,"cards_played":["Azure Drake","Fireblast","Fireblast","Arcane Missiles","Flamecannon"],"current_player":"me","my_health":3,"opponent_health":9,"my_armor":0,"opponent_armor":18,"my_hand":2,"opponent_hand":2,"my_board":[{"card_name":"Azure Drake","card_health":4,"card_attack":4}],"opponent_board":[{"card_name":"Varian Wrynn","card_health":2,"card_attack":7},{"card_name":"Slime","card_health":2,"card_attack":1}]},{"turn":27,"cards_played":["Sludge Belcher","Harrison Jones"],"current_player":"opponent","my_health":-4,"opponent_health":9,"my_armor":0,"opponent_armor":18,"my_hand":2,"opponent_hand":1,"my_board":[{"card_name":"Azure Drake","card_health":4,"card_attack":4}],"opponent_board":[{"card_name":"Varian Wrynn","card_health":2,"card_attack":7},{"card_name":"Sludge Belcher","card_health":5,"card_attack":3},{"card_name":"Harrison Jones","card_health":4,"card_attack":5},{"card_name":"Slime","card_health":2,"card_attack":1}]}],"result":"defeat"}