{"plays":[{"turn":1,"cards_played":[],"current_player":"me","my_health":0,"opponent_health":30,"my_armor":0,"opponent_armor":0,"my_hand":0,"opponent_hand":1,"my_board":[],"opponent_board":[]},{"turn":2,"cards_played":["Mana Wyrm"],"current_player":"opponent","my_health":30,"opponent_health":30,"my_armor":0,"opponent_armor":0,"my_hand":3,"opponent_hand":6,"my_board":[{"card_name":"Mana Wyrm","card_health":3,"card_attack":1}],"opponent_board":[]},{"turn":3,"cards_played":["Mad Scientist"],"current_player":"me","my_health":30,"opponent_health":29,"my_armor":0,"opponent_armor":0,"my_hand":3,"opponent_hand":6,"my_board":[{"card_name":"Mana Wyrm","card_health":3,"card_attack":1},{"card_name":"Mad Scientist","card_health":2,"card_attack":2}],"opponent_board":[]},{"turn":4,"cards_played":["Armorsmith"],"current_player":"opponent","my_health":30,"opponent_health":29,"my_armor":0,"opponent_armor":0,"my_hand":3,"opponent_hand":6,"my_board":[{"card_name":"Mana Wyrm","card_health":3,"card_attack":1},{"card_name":"Mad Scientist","card_health":2,"card_attack":2}],"opponent_board":[{"card_name":"Armorsmith","card_health":4,"card_attack":1}]},{"turn":5,"cards_played":["Flamecannon"],"current_player":"me","my_health":30,"opponent_health":26,"my_armor":0,"opponent_armor":0,"my_hand":3,"opponent_hand":6,"my_board":[{"card_name":"Mana Wyrm","card_health":3,"card_attack":2},{"card_name":"Mad Scientist","card_health":2,"card_attack":2}],"opponent_board":[]},{"turn":6,"cards_played":["Shield Block"],"current_player":"opponent","my_health":30,"opponent_health":26,"my_armor":0,"opponent_armor":5,"my_hand":3,"opponent_hand":7,"my_board":[{"card_name":"Mana Wyrm","card_health":3,"card_attack":2},{"card_name":"Mad Scientist","card_health":2,"card_attack":2}],"opponent_board":[]},{"turn":7,"cards_played":["Unstable Portal","Fireblast","Fireblast"],"current_player":"me","my_health":30,"opponent_health":25,"my_armor":0,"opponent_armor":0,"my_hand":4,"opponent_hand":7,"my_board":[{"card_name":"Mana Wyrm","card_health":3,"card_attack":3},{"card_name":"Mad Scientist","card_health":2,"card_attack":2}],"opponent_board":[]},{"turn":8,"cards_played":["Death's Bite"],"current_player":"opponent","my_health":30,"opponent_health":22,"my_armor":0,"opponent_armor":0,"my_hand":4,"opponent_hand":7,"my_board":[{"card_name":"Mad Scientist","card_health":2,"card_attack":2}],"opponent_board":[]},{"turn":9,"cards_played":["Arcane Intellect","Fireblast"],"current_player":"me","my_health":30,"opponent_health":19,"my_armor":0,"opponent_armor":0,"my_hand":6,"opponent_hand":7,"my_board":[{"card_name":"Mad Scientist","card_health":2,"card_attack":2}],"opponent_board":[]},{"turn":10,"cards_played":["Grim Patron","Inner Rage","Inner Rage"],"current_player":"opponent","my_health":30,"opponent_health":17,"my_armor":0,"opponent_armor":0,"my_hand":6,"opponent_hand":5,"my_board":[],"opponent_board":[{"card_name":"Grim Patron","card_health":1,"card_attack":5},{"card_name":"Grim Patron","card_health":1,"card_attack":5},{"card_name":"Grim Patron","card_health":2,"card_attack":3},{"card_name":"Grim Patron","card_health":3,"card_attack":3},{"card_name":"Grim Patron","card_health":3,"card_attack":3},{"card_name":"Grim Patron","card_health":3,"card_attack":3}]},{"turn":11,"cards_played":["Fireblast","Fireblast","Frostbolt"],"current_player":"me","my_health":30,"opponent_health":17,"my_armor":0,"opponent_armor":0,"my_hand":6,"opponent_hand":5,"my_board":[],"opponent_board":[{"card_name":"Grim Patron","card_health":1,"card_attack":5},{"card_name":"Grim Patron","card_health":2,"card_attack":3},{"card_name":"Grim Patron","card_health":3,"card_attack":3},{"card_name":"Grim Patron","card_health":3,"card_attack":3}]},{"turn":12,"cards_played":["Armorsmith","Frothing Berserker","The Coin","Battle Rage"],"current_player":"opponent","my_health":22,"opponent_health":17,"my_armor":0,"opponent_armor":1,"my_hand":6,"opponent_hand":4,"my_board":[],"opponent_board":[{"card_name":"Frothing Berserker","card_health":4,"card_attack":4},{"card_name":"Armorsmith","card_health":4,"card_attack":1},{"card_name":"Grim Patron","card_health":2,"card_attack":3},{"card_name":"Grim Patron","card_health":3,"card_attack":3},{"card_name":"Grim Patron","card_health":3,"card_attack":3}]},{"turn":13,"cards_played":["Polymorph"],"current_player":"me","my_health":22,"opponent_health":17,"my_armor":0,"opponent_armor":1,"my_hand":5,"opponent_hand":4,"my_board":[],"opponent_board":[{"card_name":"Armorsmith","card_health":4,"card_attack":1},{"card_name":"Grim Patron","card_health":2,"card_attack":3},{"card_name":"Grim Patron","card_health":3,"card_attack":3},{"card_name":"Grim Patron","card_health":3,"card_attack":3},{"card_name":"Sheep","card_health":1,"card_attack":1}]},{"turn":14,"cards_played":["Warsong Commander","Frothing Berserker","Whirlwind"],"current_player":"opponent","my_health":10,"opponent_health":17,"my_armor":0,"opponent_armor":8,"my_hand":5,"opponent_hand":2,"my_board":[],"opponent_board":[{"card_name":"Frothing Berserker","card_health":3,"card_attack":9},{"card_name":"Warsong Commander","card_health":2,"card_attack":2},{"card_name":"Armorsmith","card_health":3,"card_attack":1},{"card_name":"Grim Patron","card_health":1,"card_attack":3},{"card_name":"Grim Patron","card_health":2,"card_attack":3},{"card_name":"Grim Patron","card_health":2,"card_attack":3}]},{"turn":15,"cards_played":["Big Game Hunter","Fireblast","Fireblast","Lil' Exorcist"],"current_player":"me","my_health":10,"opponent_health":17,"my_armor":0,"opponent_armor":9,"my_hand":4,"opponent_hand":2,"my_board":[{"card_name":"Big Game Hunter","card_health":2,"card_attack":4},{"card_name":"Lil' Exorcist","card_health":3,"card_attack":2}],"opponent_board":[{"card_name":"Warsong Commander","card_health":2,"card_attack":2},{"card_name":"Armorsmith","card_health":3,"card_attack":1},{"card_name":"Grim Patron","card_health":2,"card_attack":3},{"card_name":"Grim Patron","card_health":2,"card_attack":3}]},{"turn":16,"cards_played":["Unstable Ghoul","Battle Rage","Slam","Fiery War Axe"],"current_player":"opponent","my_health":0,"opponent_health":17,"my_armor":0,"opponent_armor":13,"my_hand":4,"opponent_hand":5,"my_board":[{"card_name":"Big Game Hunter","card_health":1,"card_attack":4}],"opponent_board":[{"card_name":"Warsong Commander","card_health":1,"card_attack":2},{"card_name":"Armorsmith","card_health":2,"card_attack":1},{"card_name":"Grim Patron","card_health":1,"card_attack":3},{"card_name":"Grim Patron","card_health":1,"card_attack":3},{"card_name":"Grim Patron","card_health":3,"card_attack":3},{"card_name":"Grim Patron","card_health":3,"card_attack":3}]}],"result":"defeat"}