{"plays":[{"turn":1,"cards_played":[],"current_player":"me","my_health":0,"opponent_health":30,"my_armor":0,"opponent_armor":0,"my_hand":0,"opponent_hand":1,"my_board":[],"opponent_board":[]},{"turn":2,"cards_played":["Zombie Chow"],"current_player":"me","my_health":30,"opponent_health":30,"my_armor":0,"opponent_armor":0,"my_hand":5,"opponent_hand":4,"my_board":[{"card_name":"Zombie Chow","card_health":3,"card_attack":2}],"opponent_board":[]},{"turn":3,"cards_played":["Loot Hoarder"],"current_player":"opponent","my_health":30,"opponent_health":30,"my_armor":0,"opponent_armor":0,"my_hand":5,"opponent_hand":4,"my_board":[{"card_name":"Zombie Chow","card_health":3,"card_attack":2}],"opponent_board":[{"card_name":"Loot Hoarder","card_health":1,"card_attack":2}]},{"turn":4,"cards_played":["Fireblast","Fireblast"],"current_player":"me","my_health":30,"opponent_health":28,"my_armor":0,"opponent_armor":0,"my_hand":6,"opponent_hand":5,"my_board":[{"card_name":"Zombie Chow","card_health":3,"card_attack":2}],"opponent_board":[]},{"turn":5,"cards_played":["Acolyte of Pain"],"current_player":"opponent","my_health":30,"opponent_health":28,"my_armor":0,"opponent_armor":0,"my_hand":6,"opponent_hand":5,"my_board":[{"card_name":"Zombie Chow","card_health":3,"card_attack":2}],"opponent_board":[{"card_name":"Acolyte of Pain","card_health":3,"card_attack":1}]},{"turn":6,"cards_played":["Frostbolt","The Coin","Mad Scientist"],"current_player":"me","my_health":30,"opponent_health":26,"my_armor":0,"opponent_armor":0,"my_hand":4,"opponent_hand":6,"my_board":[{"card_name":"Mad Scientist","card_health":2,"card_attack":2},{"card_name":"Zombie Chow","card_health":3,"card_attack":2}],"opponent_board":[]},{"turn":7,"cards_played":["Death's Bite"],"current_player":"opponent","my_health":30,"opponent_health":24,"my_armor":0,"opponent_armor":0,"my_hand":4,"opponent_hand":6,"my_board":[{"card_name":"Zombie Chow","card_health":3,"card_attack":2}],"opponent_board":[]},{"turn":8,"cards_played":["Fireblast","Fireblast"],"current_player":"me","my_health":30,"opponent_health":21,"my_armor":0,"opponent_armor":0,"my_hand":5,"opponent_hand":6,"my_board":[{"card_name":"Zombie Chow","card_health":3,"card_attack":2}],"opponent_board":[]},{"turn":9,"cards_played":["Loot Hoarder","Armor Up!"],"current_player":"opponent","my_health":30,"opponent_health":24,"my_armor":0,"opponent_armor":2,"my_hand":5,"opponent_hand":7,"my_board":[],"opponent_board":[]},{"turn":10,"cards_played":["Water Elemental"],"current_player":"me","my_health":30,"opponent_health":24,"my_armor":0,"opponent_armor":2,"my_hand":5,"opponent_hand":7,"my_board":[{"card_name":"Water Elemental","card_health":6,"card_attack":3}],"opponent_board":[]},{"turn":11,"cards_played":["Emperor Thaurissan"],"current_player":"opponent","my_health":30,"opponent_health":24,"my_armor":0,"opponent_armor":2,"my_hand":5,"opponent_hand":7,"my_board":[{"card_name":"Water Elemental","card_health":6,"card_attack":3}],"opponent_board":[{"card_name":"Emperor Thaurissan","card_health":5,"card_attack":5}]},{"turn":12,"cards_played":["Polymorph","Fireblast","Fireblast"],"current_player":"me","my_health":30,"opponent_health":23,"my_armor":0,"opponent_armor":0,"my_hand":5,"opponent_hand":7,"my_board":[{"card_name":"Water Elemental","card_health":6,"card_attack":3}],"opponent_board":[]},{"turn":13,"cards_played":["Cruel Taskmaster","Battle Rage","Execute","Acolyte of Pain","Armor Up!"],"current_player":"opponent","my_health":30,"opponent_health":23,"my_armor":0,"opponent_armor":2,"my_hand":5,"opponent_hand":5,"my_board":[],"opponent_board":[{"card_name":"Acolyte of Pain","card_health":3,"card_attack":1},{"card_name":"Cruel Taskmaster","card_health":2,"card_attack":2}]},{"turn":14,"cards_played":["Dr. Boom"],"current_player":"me","my_health":30,"opponent_health":23,"my_armor":0,"opponent_armor":2,"my_hand":5,"opponent_hand":5,"my_board":[{"card_name":"Dr. Boom","card_health":7,"card_attack":7},{"card_name":"Boom Bot","card_health":1,"card_attack":1},{"card_name":"Boom Bot","card_health":1,"card_attack":1}],"opponent_board":[{"card_name":"Acolyte of Pain","card_health":3,"card_attack":1},{"card_name":"Cruel Taskmaster","card_health":2,"card_attack":2}]},{"turn":15,"cards_played":["Death's Bite","Inner Rage","Battle Rage","Cruel Taskmaster","Dread Corsair","Armor Up!"],"current_player":"opponent","my_health":30,"opponent_health":23,"my_armor":4,"opponent_armor":4,"my_hand":5,"opponent_hand":6,"my_board":[{"card_name":"Boom Bot","card_health":1,"card_attack":1},{"card_name":"Boom Bot","card_health":1,"card_attack":1}],"opponent_board":[{"card_name":"Cruel Taskmaster","card_health":2,"card_attack":2},{"card_name":"Dread Corsair","card_health":3,"card_attack":3}]},{"turn":16,"cards_played":["Fireblast","Fireblast","Water Elemental"],"current_player":"me","my_health":30,"opponent_health":23,"my_armor":4,"opponent_armor":1,"my_hand":5,"opponent_hand":6,"my_board":[{"card_name":"Water Elemental","card_health":6,"card_attack":3}],"opponent_board":[]},{"turn":17,"cards_played":["Grim Patron","Execute","Armor Up!"],"current_player":"opponent","my_health":30,"opponent_health":23,"my_armor":0,"opponent_armor":3,"my_hand":5,"opponent_hand":5,"my_board":[],"opponent_board":[{"card_name":"Grim Patron","card_health":2,"card_attack":3},{"card_name":"Grim Patron","card_health":3,"card_attack":3}]},{"turn":18,"cards_played":["Ragnaros the Firelord"],"current_player":"me","my_health":30,"opponent_health":23,"my_armor":0,"opponent_armor":3,"my_hand":5,"opponent_hand":5,"my_board":[{"card_name":"Ragnaros the Firelord","card_health":8,"card_attack":8}],"opponent_board":[{"card_name":"Grim Patron","card_health":2,"card_attack":3},{"card_name":"Grim Patron","card_health":3,"card_attack":3}]},{"turn":19,"cards_played":["Gnomish Inventor","Frothing Berserker","Inner Rage","Whirlwind","Fiery War Axe"],"current_player":"opponent","my_health":27,"opponent_health":18,"my_armor":0,"opponent_armor":0,"my_hand":5,"opponent_hand":2,"my_board":[],"opponent_board":[{"card_name":"Frothing Berserker","card_health":3,"card_attack":12},{"card_name":"Gnomish Inventor","card_health":3,"card_attack":2},{"card_name":"Grim Patron","card_health":2,"card_attack":3},{"card_name":"Grim Patron","card_health":3,"card_attack":3},{"card_name":"Grim Patron","card_health":3,"card_attack":3}]},{"turn":20,"cards_played":["Mana Wyrm","Mana Wyrm","Flamestrike"],"current_player":"me","my_health":27,"opponent_health":18,"my_armor":0,"opponent_armor":0,"my_hand":3,"opponent_hand":2,"my_board":[{"card_name":"Mana Wyrm","card_health":3,"card_attack":2},{"card_name":"Mana Wyrm","card_health":3,"card_attack":2}],"opponent_board":[]},{"turn":21,"cards_played":["Gnomish Inventor","Armorsmith","Armorsmith","Armor Up!"],"current_player":"opponent","my_health":27,"opponent_health":16,"my_armor":0,"opponent_armor":2,"my_hand":3,"opponent_hand":1,"my_board":[{"card_name":"Mana Wyrm","card_health":3,"card_attack":2}],"opponent_board":[{"card_name":"Gnomish Inventor","card_health":4,"card_attack":2},{"card_name":"Armorsmith","card_health":4,"card_attack":1},{"card_name":"Armorsmith","card_health":4,"card_attack":1}]},{"turn":22,"cards_played":["Frostbolt","Fireblast","Fireblast"],"current_player":"me","my_health":27,"opponent_health":16,"my_armor":0,"opponent_armor":7,"my_hand":2,"opponent_hand":1,"my_board":[{"card_name":"Mana Wyrm","card_health":2,"card_attack":4}],"opponent_board":[{"card_name":"Gnomish Inventor","card_health":4,"card_attack":2}]},{"turn":23,"cards_played":["Fiery War Axe","Armor Up!"],"current_player":"opponent","my_health":25,"opponent_health":16,"my_armor":0,"opponent_armor":5,"my_hand":4,"opponent_hand":1,"my_board":[],"opponent_board":[{"card_name":"Gnomish Inventor","card_health":4,"card_attack":2}]},{"turn":24,"cards_played":["Mana Wyrm","Mana Wyrm","Arcane Intellect","Unstable Portal","Millhouse Manastorm","Fireblast","Fireblast"],"current_player":"me","my_health":25,"opponent_health":16,"my_armor":0,"opponent_armor":4,"my_hand":3,"opponent_hand":1,"my_board":[{"card_name":"Mana Wyrm","card_health":3,"card_attack":3},{"card_name":"Mana Wyrm","card_health":3,"card_attack":3},{"card_name":"Millhouse Manastorm","card_health":4,"card_attack":4}],"opponent_board":[{"card_name":"Gnomish Inventor","card_health":4,"card_attack":2}]},{"turn":25,"cards_played":["Warsong Commander","Whirlwind"],"current_player":"opponent","my_health":25,"opponent_health":16,"my_armor":0,"opponent_armor":0,"my_hand":3,"opponent_hand":0,"my_board":[{"card_name":"Mana Wyrm","card_health":2,"card_attack":3}],"opponent_board":[{"card_name":"Warsong Commander","card_health":2,"card_attack":2}]}],"result":"victory"}