{"plays":[{"turn":1,"cards_played":[],"current_player":"me","my_health":0,"opponent_health":0,"my_armor":0,"opponent_armor":0,"my_hand":0,"opponent_hand":1,"my_board":[],"opponent_board":[]},{"turn":2,"cards_played":["Flame Imp"],"current_player":"opponent","my_health":30,"opponent_health":30,"my_armor":0,"opponent_armor":0,"my_hand":4,"opponent_hand":5,"my_board":[],"opponent_board":[{"card_name":"Flame Imp","card_health":2,"card_attack":3}]},{"turn":3,"cards_played":["Quick Shot"],"current_player":"me","my_health":30,"opponent_health":27,"my_armor":0,"opponent_armor":0,"my_hand":4,"opponent_hand":5,"my_board":[],"opponent_board":[]},{"turn":4,"cards_played":["The Coin","Imp Gang Boss"],"current_player":"opponent","my_health":30,"opponent_health":27,"my_armor":0,"opponent_armor":0,"my_hand":4,"opponent_hand":4,"my_board":[],"opponent_board":[{"card_name":"Imp Gang Boss","card_health":4,"card_attack":2}]},{"turn":5,"cards_played":["Animal Companion"],"current_player":"me","my_health":30,"opponent_health":23,"my_armor":0,"opponent_armor":0,"my_hand":4,"opponent_hand":4,"my_board":[{"card_name":"Huffer","card_health":2,"card_attack":4}],"opponent_board":[{"card_name":"Imp Gang Boss","card_health":4,"card_attack":2}]},{"turn":6,"cards_played":["Knife Juggler","Voidwalker"],"current_player":"opponent","my_health":29,"opponent_health":23,"my_armor":0,"opponent_armor":0,"my_hand":4,"opponent_hand":3,"my_board":[],"opponent_board":[{"card_name":"Voidwalker","card_health":3,"card_attack":1},{"card_name":"Knife Juggler","card_health":2,"card_attack":2},{"card_name":"Imp","card_health":1,"card_attack":1}]},{"turn":7,"cards_played":["Kill Command"],"current_player":"me","my_health":28,"opponent_health":23,"my_armor":0,"opponent_armor":0,"my_hand":4,"opponent_hand":3,"my_board":[],"opponent_board":[{"card_name":"Voidwalker","card_health":3,"card_attack":1},{"card_name":"Imp","card_health":1,"card_attack":1}]},{"turn":8,"cards_played":["Life Tap","Bilefin Tidehunter"],"current_player":"opponent","my_health":26,"opponent_health":21,"my_armor":0,"opponent_armor":0,"my_hand":4,"opponent_hand":4,"my_board":[],"opponent_board":[{"card_name":"Voidwalker","card_health":3,"card_attack":1},{"card_name":"Bilefin Tidehunter","card_health":1,"card_attack":2},{"card_name":"Imp","card_health":1,"card_attack":1},{"card_name":"Ooze","card_health":1,"card_attack":1}]},{"turn":9,"cards_played":["Ram Wrangler"],"current_player":"me","my_health":26,"opponent_health":21,"my_armor":0,"opponent_armor":0,"my_hand":4,"opponent_hand":4,"my_board":[{"card_name":"Ram Wrangler","card_health":3,"card_attack":3}],"opponent_board":[{"card_name":"Voidwalker","card_health":3,"card_attack":1},{"card_name":"Bilefin Tidehunter","card_health":1,"card_attack":2},{"card_name":"Imp","card_health":1,"card_attack":1},{"card_name":"Ooze","card_health":1,"card_attack":1}]},{"turn":10,"cards_played":["Sea Giant"],"current_player":"opponent","my_health":24,"opponent_health":21,"my_armor":0,"opponent_armor":0,"my_hand":4,"opponent_hand":4,"my_board":[],"opponent_board":[{"card_name":"Voidwalker","card_health":3,"card_attack":1},{"card_name":"Sea Giant","card_health":8,"card_attack":8},{"card_name":"Ooze","card_health":1,"card_attack":1}]},{"turn":11,"cards_played":["Sylvanas Windrunner"],"current_player":"me","my_health":24,"opponent_health":21,"my_armor":0,"opponent_armor":0,"my_hand":4,"opponent_hand":4,"my_board":[{"card_name":"Sylvanas Windrunner","card_health":5,"card_attack":5}],"opponent_board":[{"card_name":"Voidwalker","card_health":3,"card_attack":1},{"card_name":"Sea Giant","card_health":8,"card_attack":8},{"card_name":"Ooze","card_health":1,"card_attack":1}]},{"turn":12,"cards_played":["Knife Juggler","Bilefin Tidehunter","Life Tap"],"current_player":"opponent","my_health":12,"opponent_health":19,"my_armor":0,"opponent_armor":0,"my_hand":4,"opponent_hand":4,"my_board":[{"card_name":"Sylvanas Windrunner","card_health":5,"card_attack":5}],"opponent_board":[{"card_name":"Bilefin Tidehunter","card_health":1,"card_attack":2},{"card_name":"Voidwalker","card_health":3,"card_attack":1},{"card_name":"Sea Giant","card_health":8,"card_attack":8},{"card_name":"Knife Juggler","card_health":2,"card_attack":2},{"card_name":"Ooze","card_health":1,"card_attack":1},{"card_name":"Ooze","card_health":1,"card_attack":1}]},{"turn":13,"cards_played":["Unleash the Hounds","Houndmaster"],"current_player":"me","my_health":12,"opponent_health":19,"my_armor":0,"opponent_armor":0,"my_hand":3,"opponent_hand":4,"my_board":[{"card_name":"Houndmaster","card_health":3,"card_attack":4},{"card_name":"Hound","card_health":2,"card_attack":3}],"opponent_board":[{"card_name":"Sea Giant","card_health":3,"card_attack":8}]},{"turn":14,"cards_played":["Forbidden Ritual"],"current_player":"opponent","my_health":12,"opponent_health":19,"my_armor":0,"opponent_armor":0,"my_hand":3,"opponent_hand":4,"my_board":[{"card_name":"Sea Giant","card_health":3,"card_attack":8},{"card_name":"Houndmaster","card_health":3,"card_attack":4},{"card_name":"Hound","card_health":2,"card_attack":3}],"opponent_board":[{"card_name":"Icky Tentacle","card_health":1,"card_attack":1},{"card_name":"Icky Tentacle","card_health":1,"card_attack":1},{"card_name":"Icky Tentacle","card_health":1,"card_attack":1},{"card_name":"Icky Tentacle","card_health":1,"card_attack":1},{"card_name":"Icky Tentacle","card_health":1,"card_attack":1},{"card_name":"Icky Tentacle","card_health":1,"card_attack":1},{"card_name":"Icky Tentacle","card_health":1,"card_attack":1}]},{"turn":15,"cards_played":["Animal Companion"],"current_player":"me","my_health":12,"opponent_health":10,"my_armor":0,"opponent_armor":0,"my_hand":3,"opponent_hand":4,"my_board":[{"card_name":"Sea Giant","card_health":3,"card_attack":9},{"card_name":"Houndmaster","card_health":3,"card_attack":5},{"card_name":"Hound","card_health":2,"card_attack":4},{"card_name":"Leokk","card_health":4,"card_attack":2}],"opponent_board":[{"card_name":"Icky Tentacle","card_health":1,"card_attack":1},{"card_name":"Icky Tentacle","card_health":1,"card_attack":1},{"card_name":"Icky Tentacle","card_health":1,"card_attack":1},{"card_name":"Icky Tentacle","card_health":1,"card_attack":1},{"card_name":"Icky Tentacle","card_health":1,"card_attack":1},{"card_name":"Icky Tentacle","card_health":1,"card_attack":1},{"card_name":"Icky Tentacle","card_health":1,"card_attack":1}]}],"result":"victory"}