{"plays":[{"turn":1,"cards_played":[],"current_player":"opponent","my_health":30,"opponent_health":0,"my_armor":0,"opponent_armor":0,"my_hand":1,"opponent_hand":0,"my_board":[],"opponent_board":[]},{"turn":2,"cards_played":["Cogmaster","Mana Wyrm"],"current_player":"me","my_health":30,"opponent_health":30,"my_armor":0,"opponent_armor":0,"my_hand":5,"opponent_hand":3,"my_board":[{"card_name":"Mana Wyrm","card_health":3,"card_attack":1}],"opponent_board":[{"card_name":"Cogmaster","card_health":2,"card_attack":1}]},{"turn":3,"cards_played":["Mechwarper"],"current_player":"opponent","my_health":30,"opponent_health":30,"my_armor":0,"opponent_armor":0,"my_hand":5,"opponent_hand":3,"my_board":[],"opponent_board":[{"card_name":"Mechwarper","card_health":3,"card_attack":2},{"card_name":"Cogmaster","card_health":1,"card_attack":3}]},{"turn":4,"cards_played":["Fireblast","Fireblast"],"current_player":"me","my_health":30,"opponent_health":30,"my_armor":0,"opponent_armor":0,"my_hand":6,"opponent_hand":3,"my_board":[],"opponent_board":[{"card_name":"Mechwarper","card_health":3,"card_attack":2}]},{"turn":5,"cards_played":["Harvest Golem","Whirling Zap-o-matic"],"current_player":"opponent","my_health":28,"opponent_health":30,"my_armor":0,"opponent_armor":0,"my_hand":6,"opponent_hand":2,"my_board":[],"opponent_board":[{"card_name":"Whirling Zap-o-matic","card_health":2,"card_attack":3},{"card_name":"Harvest Golem","card_health":3,"card_attack":2},{"card_name":"Mechwarper","card_health":3,"card_attack":2}]},{"turn":6,"cards_played":["Flamewaker","The Coin","Mirror Image"],"current_player":"me","my_health":28,"opponent_health":30,"my_armor":0,"opponent_armor":0,"my_hand":4,"opponent_hand":2,"my_board":[{"card_name":"Flamewaker","card_health":4,"card_attack":2},{"card_name":"Mirror Image","card_health":2,"card_attack":0},{"card_name":"Mirror Image","card_health":2,"card_attack":0}],"opponent_board":[{"card_name":"Harvest Golem","card_health":2,"card_attack":2},{"card_name":"Mechwarper","card_health":2,"card_attack":2}]},{"turn":7,"cards_played":["Totemic Call"],"current_player":"opponent","my_health":28,"opponent_health":30,"my_armor":0,"opponent_armor":0,"my_hand":4,"opponent_hand":3,"my_board":[{"card_name":"Flamewaker","card_health":4,"card_attack":2}],"opponent_board":[{"card_name":"Harvest Golem","card_health":2,"card_attack":2},{"card_name":"Mechwarper","card_health":2,"card_attack":2},{"card_name":"Healing Totem","card_health":2,"card_attack":0}]},{"turn":8,"cards_played":["Sorcerer's Apprentice","Unstable Portal","Unstable Portal","Felguard"],"current_player":"me","my_health":28,"opponent_health":30,"my_armor":0,"opponent_armor":0,"my_hand":3,"opponent_hand":3,"my_board":[{"card_name":"Sorcerer's Apprentice","card_health":2,"card_attack":3},{"card_name":"Flamewaker","card_health":2,"card_attack":2},{"card_name":"Felguard","card_health":5,"card_attack":3}],"opponent_board":[{"card_name":"Harvest Golem","card_health":2,"card_attack":2}]},{"turn":9,"cards_played":["Lava Burst","Totemic Call"],"current_player":"opponent","my_health":28,"opponent_health":30,"my_armor":0,"opponent_armor":0,"my_hand":3,"opponent_hand":3,"my_board":[{"card_name":"Sorcerer's Apprentice","card_health":2,"card_attack":3}],"opponent_board":[{"card_name":"Damaged Golem","card_health":1,"card_attack":2},{"card_name":"Stoneclaw Totem","card_health":2,"card_attack":0}]},{"turn":10,"cards_played":["Fireblast","Fireblast","Mad Scientist"],"current_player":"me","my_health":28,"opponent_health":30,"my_armor":0,"opponent_armor":0,"my_hand":3,"opponent_hand":3,"my_board":[{"card_name":"Mad Scientist","card_health":2,"card_attack":2},{"card_name":"Sorcerer's Apprentice","card_health":2,"card_attack":3}],"opponent_board":[]},{"turn":11,"cards_played":["Piloted Shredder"],"current_player":"opponent","my_health":28,"opponent_health":30,"my_armor":0,"opponent_armor":0,"my_hand":3,"opponent_hand":3,"my_board":[{"card_name":"Mad Scientist","card_health":2,"card_attack":2},{"card_name":"Sorcerer's Apprentice","card_health":2,"card_attack":3}],"opponent_board":[{"card_name":"Piloted Shredder","card_health":3,"card_attack":4}]},{"turn":12,"cards_played":["Fireblast","Fireblast","Water Elemental"],"current_player":"me","my_health":28,"opponent_health":27,"my_armor":0,"opponent_armor":0,"my_hand":3,"opponent_hand":3,"my_board":[{"card_name":"Sorcerer's Apprentice","card_health":2,"card_attack":3},{"card_name":"Water Elemental","card_health":6,"card_attack":3}],"opponent_board":[{"card_name":"Pint-Sized Summoner","card_health":2,"card_attack":2}]},{"turn":13,"cards_played":["Annoy-o-Tron","Fel Reaver"],"current_player":"opponent","my_health":28,"opponent_health":27,"my_armor":0,"opponent_armor":0,"my_hand":3,"opponent_hand":2,"my_board":[{"card_name":"Sorcerer's Apprentice","card_health":2,"card_attack":3},{"card_name":"Water Elemental","card_health":6,"card_attack":3},{"card_name":"Annoy-o-Tron","card_health":2,"card_attack":1}],"opponent_board":[{"card_name":"Fel Reaver","card_health":8,"card_attack":8},{"card_name":"Annoy-o-Tron","card_health":2,"card_attack":1},{"card_name":"Pint-Sized Summoner","card_health":1,"card_attack":2}]},{"turn":14,"cards_played":["Echo of Medivh","Fireblast","Fireblast"],"current_player":"me","my_health":28,"opponent_health":24,"my_armor":0,"opponent_armor":0,"my_hand":6,"opponent_hand":2,"my_board":[{"card_name":"Sorcerer's Apprentice","card_health":1,"card_attack":3},{"card_name":"Water Elemental","card_health":6,"card_attack":3},{"card_name":"Annoy-o-Tron","card_health":1,"card_attack":1}],"opponent_board":[{"card_name":"Fel Reaver","card_health":8,"card_attack":8}]},{"turn":15,"cards_played":["Dr. Boom"],"current_player":"opponent","my_health":28,"opponent_health":24,"my_armor":0,"opponent_armor":0,"my_hand":6,"opponent_hand":2,"my_board":[{"card_name":"Sorcerer's Apprentice","card_health":1,"card_attack":3},{"card_name":"Water Elemental","card_health":6,"card_attack":3}],"opponent_board":[{"card_name":"Dr. Boom","card_health":7,"card_attack":7},{"card_name":"Fel Reaver","card_health":7,"card_attack":8},{"card_name":"Boom Bot","card_health":1,"card_attack":1},{"card_name":"Boom Bot","card_health":1,"card_attack":1}]},{"turn":16,"cards_played":["Annoy-o-Tron","Sorcerer's Apprentice"],"current_player":"me","my_health":28,"opponent_health":18,"my_armor":0,"opponent_armor":0,"my_hand":3,"opponent_hand":2,"my_board":[{"card_name":"Sorcerer's Apprentice","card_health":1,"card_attack":3},{"card_name":"Water Elemental","card_health":6,"card_attack":3},{"card_name":"Sorcerer's Apprentice","card_health":2,"card_attack":3},{"card_name":"Annoy-o-Tron","card_health":2,"card_attack":1}],"opponent_board":[{"card_name":"Dr. Boom","card_health":7,"card_attack":7},{"card_name":"Fel Reaver","card_health":7,"card_attack":8},{"card_name":"Boom Bot","card_health":1,"card_attack":1},{"card_name":"Boom Bot","card_health":1,"card_attack":1}]},{"turn":17,"cards_played":["Bloodlust","Harvest Golem"],"current_player":"opponent","my_health":16,"opponent_health":18,"my_armor":0,"opponent_armor":0,"my_hand":3,"opponent_hand":1,"my_board":[{"card_name":"Water Elemental","card_health":6,"card_attack":3},{"card_name":"Sorcerer's Apprentice","card_health":2,"card_attack":3},{"card_name":"Harvest Golem","card_health":3,"card_attack":2}],"opponent_board":[{"card_name":"Harvest Golem","card_health":3,"card_attack":2},{"card_name":"Dr. Boom","card_health":6,"card_attack":7},{"card_name":"Fel Reaver","card_health":7,"card_attack":8}]},{"turn":18,"cards_played":["Azure Drake","Flamewaker","Arcane Missiles"],"current_player":"me","my_health":16,"opponent_health":12,"my_armor":0,"opponent_armor":0,"my_hand":2,"opponent_hand":1,"my_board":[{"card_name":"Flamewaker","card_health":4,"card_attack":2},{"card_name":"Azure Drake","card_health":4,"card_attack":4},{"card_name":"Sorcerer's Apprentice","card_health":2,"card_attack":3},{"card_name":"Harvest Golem","card_health":1,"card_attack":2}],"opponent_board":[{"card_name":"Dr. Boom","card_health":4,"card_attack":7},{"card_name":"Fel Reaver","card_health":4,"card_attack":8},{"card_name":"Damaged Golem","card_health":1,"card_attack":2}]},{"turn":19,"cards_played":["Spider Tank","Totemic Call"],"current_player":"opponent","my_health":9,"opponent_health":11,"my_armor":0,"opponent_armor":0,"my_hand":2,"opponent_hand":0,"my_board":[{"card_name":"Flamewaker","card_health":4,"card_attack":2},{"card_name":"Azure Drake","card_health":4,"card_attack":4},{"card_name":"Harvest Golem","card_health":1,"card_attack":2}],"opponent_board":[{"card_name":"Dr. Boom","card_health":4,"card_attack":7},{"card_name":"Fel Reaver","card_health":4,"card_attack":8},{"card_name":"Spider Tank","card_health":4,"card_attack":3},{"card_name":"Stoneclaw Totem","card_health":2,"card_attack":0}]},{"turn":20,"cards_played":["Dr. Boom","Fireblast","Fireblast"],"current_player":"me","my_health":9,"opponent_health":11,"my_armor":0,"opponent_armor":0,"my_hand":2,"opponent_hand":0,"my_board":[{"card_name":"Dr. Boom","card_health":7,"card_attack":7},{"card_name":"Flamewaker","card_health":1,"card_attack":2},{"card_name":"Harvest Golem","card_health":1,"card_attack":2},{"card_name":"Boom Bot","card_health":1,"card_attack":1}],"opponent_board":[{"card_name":"Dr. Boom","card_health":4,"card_attack":7}]},{"turn":21,"cards_played":["Totemic Call"],"current_player":"opponent","my_health":2,"opponent_health":9,"my_armor":0,"opponent_armor":0,"my_hand":2,"opponent_hand":0,"my_board":[{"card_name":"Dr. Boom","card_health":7,"card_attack":7},{"card_name":"Flamewaker","card_health":1,"card_attack":2},{"card_name":"Harvest Golem","card_health":1,"card_attack":2},{"card_name":"Boom Bot","card_health":1,"card_attack":1}],"opponent_board":[{"card_name":"Dr. Boom","card_health":4,"card_attack":7},{"card_name":"Stoneclaw Totem","card_health":2,"card_attack":0}]},{"turn":22,"cards_played":[],"current_player":"me","my_health":2,"opponent_health":9,"my_armor":0,"opponent_armor":0,"my_hand":3,"opponent_hand":0,"my_board":[{"card_name":"Dr. Boom","card_health":7,"card_attack":7},{"card_name":"Flamewaker","card_health":1,"card_attack":2},{"card_name":"Harvest Golem","card_health":1,"card_attack":2},{"card_name":"Boom Bot","card_health":1,"card_attack":1}],"opponent_board":[{"card_name":"Dr. Boom","card_health":4,"card_attack":7}]}],"result":"victory"}