{"plays":[{"turn":1,"cards_played":[],"current_player":"me","my_health":0,"opponent_health":30,"my_armor":0,"opponent_armor":0,"my_hand":0,"opponent_hand":1,"my_board":[],"opponent_board":[]},{"turn":2,"cards_played":[],"current_player":"me","my_health":30,"opponent_health":30,"my_armor":0,"opponent_armor":0,"my_hand":6,"opponent_hand":3,"my_board":[],"opponent_board":[]},{"turn":3,"cards_played":["Argent Protector"],"current_player":"opponent","my_health":30,"opponent_health":30,"my_armor":0,"opponent_armor":0,"my_hand":6,"opponent_hand":3,"my_board":[],"opponent_board":[{"card_name":"Argent Protector","card_health":2,"card_attack":2}]},{"turn":4,"cards_played":["Sorcerer's Apprentice","Mirror Image"],"current_player":"me","my_health":30,"opponent_health":30,"my_armor":0,"opponent_armor":0,"my_hand":5,"opponent_hand":3,"my_board":[{"card_name":"Sorcerer's Apprentice","card_health":2,"card_attack":3},{"card_name":"Mirror Image","card_health":2,"card_attack":0},{"card_name":"Mirror Image","card_health":2,"card_attack":0}],"opponent_board":[{"card_name":"Argent Protector","card_health":2,"card_attack":2}]},{"turn":5,"cards_played":["Coghammer"],"current_player":"opponent","my_health":30,"opponent_health":30,"my_armor":0,"opponent_armor":0,"my_hand":5,"opponent_hand":3,"my_board":[{"card_name":"Sorcerer's Apprentice","card_health":2,"card_attack":3}],"opponent_board":[{"card_name":"Argent Protector","card_health":2,"card_attack":2}]},{"turn":6,"cards_played":["Fireblast","Fireblast","Flamecannon","The Coin","Frostbolt"],"current_player":"me","my_health":30,"opponent_health":27,"my_armor":0,"opponent_armor":0,"my_hand":3,"opponent_hand":3,"my_board":[{"card_name":"Sorcerer's Apprentice","card_health":2,"card_attack":3}],"opponent_board":[]},{"turn":7,"cards_played":["Piloted Shredder"],"current_player":"opponent","my_health":30,"opponent_health":24,"my_armor":0,"opponent_armor":0,"my_hand":3,"opponent_hand":3,"my_board":[{"card_name":"Sorcerer's Apprentice","card_health":2,"card_attack":3}],"opponent_board":[{"card_name":"Piloted Shredder","card_health":3,"card_attack":4}]},{"turn":8,"cards_played":["Arcane Intellect","Mad Scientist"],"current_player":"me","my_health":30,"opponent_health":21,"my_armor":0,"opponent_armor":0,"my_hand":4,"opponent_hand":3,"my_board":[{"card_name":"Sorcerer's Apprentice","card_health":2,"card_attack":3},{"card_name":"Mad Scientist","card_health":2,"card_attack":2}],"opponent_board":[{"card_name":"Piloted Shredder","card_health":3,"card_attack":4}]},{"turn":9,"cards_played":["Consecration"],"current_player":"opponent","my_health":22,"opponent_health":21,"my_armor":0,"opponent_armor":0,"my_hand":4,"opponent_hand":3,"my_board":[],"opponent_board":[{"card_name":"Piloted Shredder","card_health":3,"card_attack":4}]},{"turn":10,"cards_played":["Azure Drake"],"current_player":"me","my_health":22,"opponent_health":21,"my_armor":0,"opponent_armor":0,"my_hand":5,"opponent_hand":3,"my_board":[{"card_name":"Azure Drake","card_health":4,"card_attack":4}],"opponent_board":[{"card_name":"Piloted Shredder","card_health":3,"card_attack":4}]},{"turn":11,"cards_played":["Argent Protector","Shielded Minibot","Shielded Minibot"],"current_player":"opponent","my_health":22,"opponent_health":19,"my_armor":0,"opponent_armor":0,"my_hand":5,"opponent_hand":1,"my_board":[],"opponent_board":[{"card_name":"Piloted Shredder","card_health":3,"card_attack":4},{"card_name":"Shielded Minibot","card_health":2,"card_attack":2},{"card_name":"Shielded Minibot","card_health":2,"card_attack":2},{"card_name":"Argent Protector","card_health":2,"card_attack":2}]},{"turn":12,"cards_played":["Sorcerer's Apprentice","Flamewaker","Unstable Portal","Northshire Cleric"],"current_player":"me","my_health":22,"opponent_health":18,"my_armor":0,"opponent_armor":0,"my_hand":3,"opponent_hand":1,"my_board":[{"card_name":"Sorcerer's Apprentice","card_health":2,"card_attack":3},{"card_name":"Flamewaker","card_health":4,"card_attack":2},{"card_name":"Northshire Cleric","card_health":3,"card_attack":1}],"opponent_board":[{"card_name":"Piloted Shredder","card_health":3,"card_attack":4},{"card_name":"Shielded Minibot","card_health":2,"card_attack":2},{"card_name":"Shielded Minibot","card_health":2,"card_attack":2},{"card_name":"Argent Protector","card_health":1,"card_attack":2}]},{"turn":13,"cards_played":["Reinforce","Defender of Argus"],"current_player":"opponent","my_health":16,"opponent_health":18,"my_armor":0,"opponent_armor":0,"my_hand":3,"opponent_hand":1,"my_board":[{"card_name":"Northshire Cleric","card_health":3,"card_attack":1}],"opponent_board":[{"card_name":"Piloted Shredder","card_health":1,"card_attack":4},{"card_name":"Shielded Minibot","card_health":3,"card_attack":3},{"card_name":"Shielded Minibot","card_health":3,"card_attack":3},{"card_name":"Defender of Argus","card_health":3,"card_attack":2},{"card_name":"Silver Hand Recruit","card_health":1,"card_attack":1}]},{"turn":14,"cards_played":["Dr. Boom"],"current_player":"me","my_health":16,"opponent_health":18,"my_armor":0,"opponent_armor":0,"my_hand":3,"opponent_hand":1,"my_board":[{"card_name":"Dr. Boom","card_health":7,"card_attack":7},{"card_name":"Boom Bot","card_health":1,"card_attack":1},{"card_name":"Boom Bot","card_health":1,"card_attack":1}],"opponent_board":[{"card_name":"Piloted Shredder","card_health":1,"card_attack":4},{"card_name":"Shielded Minibot","card_health":3,"card_attack":3},{"card_name":"Shielded Minibot","card_health":3,"card_attack":3},{"card_name":"Defender of Argus","card_health":3,"card_attack":2},{"card_name":"Silver Hand Recruit","card_health":1,"card_attack":1}]},{"turn":15,"cards_played":["Leeroy Jenkins"],"current_player":"opponent","my_health":0,"opponent_health":18,"my_armor":0,"opponent_armor":0,"my_hand":3,"opponent_hand":1,"my_board":[{"card_name":"Dr. Boom","card_health":7,"card_attack":7},{"card_name":"Boom Bot","card_health":1,"card_attack":1},{"card_name":"Boom Bot","card_health":1,"card_attack":1},{"card_name":"Whelp","card_health":1,"card_attack":1},{"card_name":"Whelp","card_health":1,"card_attack":1}],"opponent_board":[{"card_name":"Piloted Shredder","card_health":1,"card_attack":4},{"card_name":"Shielded Minibot","card_health":3,"card_attack":3},{"card_name":"Leeroy Jenkins","card_health":2,"card_attack":6},{"card_name":"Shielded Minibot","card_health":3,"card_attack":3},{"card_name":"Defender of Argus","card_health":3,"card_attack":2},{"card_name":"Silver Hand Recruit","card_health":1,"card_attack":1}]}],"result":"defeat"}