{"plays":[{"turn":1,"cards_played":[],"current_player":"me","my_health":0,"opponent_health":30,"my_armor":0,"opponent_armor":0,"my_hand":0,"opponent_hand":1,"my_board":[],"opponent_board":[]},{"turn":2,"cards_played":["Mana Wyrm","The Coin","Nerubian Egg"],"current_player":"opponent","my_health":30,"opponent_health":30,"my_armor":0,"opponent_armor":0,"my_hand":3,"opponent_hand":4,"my_board":[{"card_name":"Mana Wyrm","card_health":3,"card_attack":1}],"opponent_board":[{"card_name":"Nerubian Egg","card_health":2,"card_attack":0}]},{"turn":3,"cards_played":["Mad Scientist"],"current_player":"me","my_health":30,"opponent_health":29,"my_armor":0,"opponent_armor":0,"my_hand":3,"opponent_hand":4,"my_board":[{"card_name":"Mad Scientist","card_health":2,"card_attack":2},{"card_name":"Mana Wyrm","card_health":3,"card_attack":1}],"opponent_board":[{"card_name":"Nerubian Egg","card_health":2,"card_attack":0}]},{"turn":4,"cards_played":["Living Roots","Abusive Sergeant","Innervate","Innervate","Soul of the Forest"],"current_player":"opponent","my_health":30,"opponent_health":29,"my_armor":0,"opponent_armor":0,"my_hand":3,"opponent_hand":0,"my_board":[{"card_name":"Mana Wyrm","card_health":3,"card_attack":1}],"opponent_board":[{"card_name":"Abusive Sergeant","card_health":1,"card_attack":2},{"card_name":"Sapling","card_health":1,"card_attack":1},{"card_name":"Sapling","card_health":1,"card_attack":1},{"card_name":"Nerubian","card_health":4,"card_attack":4},{"card_name":"Treant","card_health":2,"card_attack":2}]},{"turn":5,"cards_played":["Mana Wyrm","Frostbolt"],"current_player":"me","my_health":30,"opponent_health":29,"my_armor":0,"opponent_armor":0,"my_hand":2,"opponent_hand":0,"my_board":[{"card_name":"Mana Wyrm","card_health":3,"card_attack":2},{"card_name":"Mana Wyrm","card_health":1,"card_attack":2}],"opponent_board":[{"card_name":"Abusive Sergeant","card_health":1,"card_attack":2},{"card_name":"Sapling","card_health":1,"card_attack":1},{"card_name":"Sapling","card_health":1,"card_attack":1},{"card_name":"Nerubian","card_health":1,"card_attack":4}]},{"turn":6,"cards_played":["Haunted Creeper"],"current_player":"opponent","my_health":30,"opponent_health":29,"my_armor":0,"opponent_armor":0,"my_hand":2,"opponent_hand":0,"my_board":[{"card_name":"Haunted Creeper","card_health":2,"card_attack":1}],"opponent_board":[{"card_name":"Haunted Creeper","card_health":2,"card_attack":1},{"card_name":"Nerubian","card_health":1,"card_attack":4},{"card_name":"Treant","card_health":2,"card_attack":2},{"card_name":"Treant","card_health":2,"card_attack":2},{"card_name":"Treant","card_health":2,"card_attack":2}]},{"turn":7,"cards_played":["Flamewaker","Arcane Missiles"],"current_player":"me","my_health":30,"opponent_health":28,"my_armor":0,"opponent_armor":0,"my_hand":1,"opponent_hand":0,"my_board":[{"card_name":"Flamewaker","card_health":4,"card_attack":2},{"card_name":"Spectral Spider","card_health":1,"card_attack":1},{"card_name":"Spectral Spider","card_health":1,"card_attack":1}],"opponent_board":[{"card_name":"Haunted Creeper","card_health":2,"card_attack":1},{"card_name":"Treant","card_health":1,"card_attack":2},{"card_name":"Treant","card_health":1,"card_attack":2}]},{"turn":8,"cards_played":["Violet Teacher"],"current_player":"opponent","my_health":30,"opponent_health":28,"my_armor":0,"opponent_armor":0,"my_hand":1,"opponent_hand":0,"my_board":[{"card_name":"Spectral Spider","card_health":1,"card_attack":1}],"opponent_board":[{"card_name":"Violet Teacher","card_health":5,"card_attack":3},{"card_name":"Haunted Creeper","card_health":1,"card_attack":1}]},{"turn":9,"cards_played":["Flamecannon"],"current_player":"me","my_health":30,"opponent_health":28,"my_armor":0,"opponent_armor":0,"my_hand":0,"opponent_hand":0,"my_board":[],"opponent_board":[{"card_name":"Violet Teacher","card_health":5,"card_attack":3},{"card_name":"Spectral Spider","card_health":1,"card_attack":1}]},{"turn":10,"cards_played":["Power of the Wild","Shapeshift"],"current_player":"opponent","my_health":25,"opponent_health":28,"my_armor":0,"opponent_armor":1,"my_hand":0,"opponent_hand":0,"my_board":[],"opponent_board":[{"card_name":"Violet Teacher","card_health":5,"card_attack":3},{"card_name":"Spectral Spider","card_health":1,"card_attack":1},{"card_name":"Violet Apprentice","card_health":1,"card_attack":1},{"card_name":"Panther","card_health":2,"card_attack":3}]},{"turn":11,"cards_played":["Mad Scientist","Fireblast","Fireblast"],"current_player":"me","my_health":25,"opponent_health":28,"my_armor":0,"opponent_armor":1,"my_hand":0,"opponent_hand":0,"my_board":[{"card_name":"Mad Scientist","card_health":2,"card_attack":2}],"opponent_board":[{"card_name":"Violet Teacher","card_health":5,"card_attack":3},{"card_name":"Spectral Spider","card_health":1,"card_attack":1},{"card_name":"Panther","card_health":2,"card_attack":3}]},{"turn":12,"cards_played":["Living Roots","Shapeshift"],"current_player":"opponent","my_health":20,"opponent_health":28,"my_armor":0,"opponent_armor":2,"my_hand":0,"opponent_hand":0,"my_board":[],"opponent_board":[{"card_name":"Violet Teacher","card_health":3,"card_attack":3},{"card_name":"Spectral Spider","card_health":1,"card_attack":1},{"card_name":"Panther","card_health":2,"card_attack":3},{"card_name":"Violet Apprentice","card_health":1,"card_attack":1},{"card_name":"Sapling","card_health":1,"card_attack":1},{"card_name":"Sapling","card_health":1,"card_attack":1}]},{"turn":13,"cards_played":["Frostbolt","Fireblast","Fireblast"],"current_player":"me","my_health":20,"opponent_health":28,"my_armor":0,"opponent_armor":2,"my_hand":0,"opponent_hand":0,"my_board":[],"opponent_board":[{"card_name":"Spectral Spider","card_health":1,"card_attack":1},{"card_name":"Panther","card_health":2,"card_attack":3},{"card_name":"Sapling","card_health":1,"card_attack":1},{"card_name":"Sapling","card_health":1,"card_attack":1}]},{"turn":14,"cards_played":["Defender of Argus","Shapeshift"],"current_player":"opponent","my_health":12,"opponent_health":28,"my_armor":0,"opponent_armor":1,"my_hand":0,"opponent_hand":0,"my_board":[{"card_name":"Defender of Argus","card_health":2,"card_attack":2}],"opponent_board":[{"card_name":"Defender of Argus","card_health":3,"card_attack":2},{"card_name":"Spectral Spider","card_health":1,"card_attack":1},{"card_name":"Panther","card_health":2,"card_attack":3},{"card_name":"Sapling","card_health":2,"card_attack":2},{"card_name":"Sapling","card_health":2,"card_attack":2}]},{"turn":15,"cards_played":["Flamewaker","Fireblast","Fireblast"],"current_player":"me","my_health":12,"opponent_health":28,"my_armor":0,"opponent_armor":1,"my_hand":0,"opponent_hand":0,"my_board":[{"card_name":"Flamewaker","card_health":4,"card_attack":2}],"opponent_board":[{"card_name":"Defender of Argus","card_health":3,"card_attack":2},{"card_name":"Panther","card_health":2,"card_attack":3},{"card_name":"Sapling","card_health":2,"card_attack":2}]},{"turn":16,"cards_played":["Power of the Wild","Shapeshift"],"current_player":"opponent","my_health":1,"opponent_health":28,"my_armor":0,"opponent_armor":2,"my_hand":0,"opponent_hand":0,"my_board":[{"card_name":"Flamewaker","card_health":4,"card_attack":2}],"opponent_board":[{"card_name":"Defender of Argus","card_health":4,"card_attack":3},{"card_name":"Panther","card_health":3,"card_attack":4},{"card_name":"Sapling","card_health":3,"card_attack":3}]},{"turn":17,"cards_played":["Azure Drake","Fireball"],"current_player":"me","my_health":1,"opponent_health":28,"my_armor":0,"opponent_armor":2,"my_hand":0,"opponent_hand":0,"my_board":[{"card_name":"Azure Drake","card_health":4,"card_attack":4},{"card_name":"Flamewaker","card_health":1,"card_attack":2}],"opponent_board":[{"card_name":"Panther","card_health":3,"card_attack":4},{"card_name":"Sapling","card_health":1,"card_attack":3}]},{"turn":18,"cards_played":[],"current_player":"opponent","my_health":-3,"opponent_health":28,"my_armor":0,"opponent_armor":2,"my_hand":0,"opponent_hand":1,"my_board":[{"card_name":"Azure Drake","card_health":4,"card_attack":4},{"card_name":"Flamewaker","card_health":1,"card_attack":2}],"opponent_board":[{"card_name":"Panther","card_health":1,"card_attack":4},{"card_name":"Sapling","card_health":1,"card_attack":3}]}],"result":"defeat"}