{"plays":[{"turn":1,"cards_played":[],"current_player":"opponent","my_health":30,"opponent_health":0,"my_armor":0,"opponent_armor":0,"my_hand":1,"opponent_hand":0,"my_board":[],"opponent_board":[]},{"turn":2,"cards_played":["Young Priestess","The Coin","Sorcerer's Apprentice","Arcane Blast"],"current_player":"me","my_health":30,"opponent_health":30,"my_armor":0,"opponent_armor":0,"my_hand":3,"opponent_hand":3,"my_board":[{"card_name":"Sorcerer's Apprentice","card_health":2,"card_attack":3}],"opponent_board":[]},{"turn":3,"cards_played":["Flame Juggler"],"current_player":"opponent","my_health":30,"opponent_health":30,"my_armor":0,"opponent_armor":0,"my_hand":3,"opponent_hand":3,"my_board":[{"card_name":"Sorcerer's Apprentice","card_health":2,"card_attack":3}],"opponent_board":[{"card_name":"Flame Juggler","card_health":3,"card_attack":2}]},{"turn":4,"cards_played":["Snowchugger"],"current_player":"me","my_health":29,"opponent_health":27,"my_armor":0,"opponent_armor":0,"my_hand":3,"opponent_hand":3,"my_board":[{"card_name":"Snowchugger","card_health":3,"card_attack":2},{"card_name":"Sorcerer's Apprentice","card_health":2,"card_attack":3}],"opponent_board":[{"card_name":"Flame Juggler","card_health":3,"card_attack":2}]},{"turn":5,"cards_played":["Bluegill Warrior"],"current_player":"opponent","my_health":27,"opponent_health":27,"my_armor":0,"opponent_armor":0,"my_hand":3,"opponent_hand":3,"my_board":[{"card_name":"Snowchugger","card_health":3,"card_attack":2}],"opponent_board":[{"card_name":"Flame Juggler","card_health":3,"card_attack":2}]},{"turn":6,"cards_played":["Spider Tank"],"current_player":"me","my_health":27,"opponent_health":27,"my_armor":0,"opponent_armor":0,"my_hand":3,"opponent_hand":3,"my_board":[{"card_name":"Snowchugger","card_health":1,"card_attack":2},{"card_name":"Spider Tank","card_health":4,"card_attack":3}],"opponent_board":[{"card_name":"Flame Juggler","card_health":1,"card_attack":2}]},{"turn":7,"cards_played":["Sen'jin Shieldmasta"],"current_player":"opponent","my_health":27,"opponent_health":27,"my_armor":0,"opponent_armor":0,"my_hand":3,"opponent_hand":3,"my_board":[{"card_name":"Snowchugger","card_health":1,"card_attack":2},{"card_name":"Spider Tank","card_health":4,"card_attack":3}],"opponent_board":[{"card_name":"Sen'jin Shieldmasta","card_health":5,"card_attack":3},{"card_name":"Flame Juggler","card_health":1,"card_attack":2}]},{"turn":8,"cards_played":["Fireblast","Fireblast"],"current_player":"me","my_health":27,"opponent_health":27,"my_armor":0,"opponent_armor":0,"my_hand":4,"opponent_hand":3,"my_board":[{"card_name":"Spider Tank","card_health":1,"card_attack":3}],"opponent_board":[]},{"turn":9,"cards_played":["Silver Hand Knight"],"current_player":"opponent","my_health":27,"opponent_health":27,"my_armor":0,"opponent_armor":0,"my_hand":4,"opponent_hand":3,"my_board":[{"card_name":"Spider Tank","card_health":1,"card_attack":3}],"opponent_board":[{"card_name":"Silver Hand Knight","card_health":4,"card_attack":4},{"card_name":"Squire","card_health":2,"card_attack":2}]},{"turn":10,"cards_played":["Water Elemental"],"current_player":"me","my_health":27,"opponent_health":24,"my_armor":0,"opponent_armor":0,"my_hand":4,"opponent_hand":3,"my_board":[{"card_name":"Spider Tank","card_health":1,"card_attack":3},{"card_name":"Water Elemental","card_health":6,"card_attack":3}],"opponent_board":[{"card_name":"Silver Hand Knight","card_health":4,"card_attack":4},{"card_name":"Squire","card_health":2,"card_attack":2}]},{"turn":11,"cards_played":["Abusive Sergeant","Warhorse Trainer","Reinforce"],"current_player":"opponent","my_health":27,"opponent_health":24,"my_armor":0,"opponent_armor":0,"my_hand":4,"opponent_hand":2,"my_board":[],"opponent_board":[{"card_name":"Warhorse Trainer","card_health":4,"card_attack":2},{"card_name":"Abusive Sergeant","card_health":1,"card_attack":2},{"card_name":"Silver Hand Knight","card_health":1,"card_attack":6},{"card_name":"Silver Hand Recruit","card_health":1,"card_attack":1}]},{"turn":12,"cards_played":["Dalaran Aspirant","Fireblast","Fireblast"],"current_player":"me","my_health":27,"opponent_health":24,"my_armor":0,"opponent_armor":0,"my_hand":4,"opponent_hand":2,"my_board":[{"card_name":"Dalaran Aspirant","card_health":5,"card_attack":3}],"opponent_board":[{"card_name":"Warhorse Trainer","card_health":4,"card_attack":2},{"card_name":"Silver Hand Knight","card_health":1,"card_attack":4},{"card_name":"Silver Hand Recruit","card_health":1,"card_attack":2}]},{"turn":13,"cards_played":["Mukla's Champion","Reinforce"],"current_player":"opponent","my_health":27,"opponent_health":24,"my_armor":0,"opponent_armor":0,"my_hand":4,"opponent_hand":2,"my_board":[],"opponent_board":[{"card_name":"Warhorse Trainer","card_health":2,"card_attack":3},{"card_name":"Mukla's Champion","card_health":3,"card_attack":4},{"card_name":"Silver Hand Knight","card_health":2,"card_attack":5},{"card_name":"Silver Hand Recruit","card_health":2,"card_attack":3}]},{"turn":14,"cards_played":["Flamestrike"],"current_player":"me","my_health":27,"opponent_health":24,"my_armor":0,"opponent_armor":0,"my_hand":4,"opponent_hand":2,"my_board":[],"opponent_board":[]},{"turn":15,"cards_played":["Drakonid Crusher","Reinforce"],"current_player":"opponent","my_health":27,"opponent_health":24,"my_armor":0,"opponent_armor":0,"my_hand":4,"opponent_hand":2,"my_board":[],"opponent_board":[{"card_name":"Drakonid Crusher","card_health":6,"card_attack":6},{"card_name":"Silver Hand Recruit","card_health":1,"card_attack":1}]},{"turn":16,"cards_played":["Burly Rockjaw Trogg","Fireball"],"current_player":"me","my_health":27,"opponent_health":24,"my_armor":0,"opponent_armor":0,"my_hand":3,"opponent_hand":2,"my_board":[{"card_name":"Burly Rockjaw Trogg","card_health":5,"card_attack":3}],"opponent_board":[{"card_name":"Silver Hand Recruit","card_health":1,"card_attack":1}]},{"turn":17,"cards_played":["Frost Elemental","Argent Horserider"],"current_player":"opponent","my_health":24,"opponent_health":24,"my_armor":0,"opponent_armor":0,"my_hand":3,"opponent_hand":1,"my_board":[{"card_name":"Burly Rockjaw Trogg","card_health":5,"card_attack":3}],"opponent_board":[{"card_name":"Argent Horserider","card_health":1,"card_attack":2},{"card_name":"Frost Elemental","card_health":5,"card_attack":5},{"card_name":"Silver Hand Recruit","card_health":1,"card_attack":1}]},{"turn":18,"cards_played":["Lost Tallstrider","Fireblast","Fireblast"],"current_player":"me","my_health":24,"opponent_health":24,"my_armor":0,"opponent_armor":0,"my_hand":3,"opponent_hand":1,"my_board":[{"card_name":"Lost Tallstrider","card_health":4,"card_attack":5},{"card_name":"Burly Rockjaw Trogg","card_health":5,"card_attack":3}],"opponent_board":[{"card_name":"Argent Horserider","card_health":1,"card_attack":2},{"card_name":"Frost Elemental","card_health":5,"card_attack":5}]},{"turn":19,"cards_played":["Lay on Hands","Humility"],"current_player":"opponent","my_health":22,"opponent_health":30,"my_armor":0,"opponent_armor":0,"my_hand":3,"opponent_hand":3,"my_board":[{"card_name":"Lost Tallstrider","card_health":4,"card_attack":1}],"opponent_board":[{"card_name":"Argent Horserider","card_health":1,"card_attack":2},{"card_name":"Frost Elemental","card_health":2,"card_attack":5}]},{"turn":20,"cards_played":["North Sea Kraken"],"current_player":"me","my_health":22,"opponent_health":30,"my_armor":0,"opponent_armor":0,"my_hand":3,"opponent_hand":3,"my_board":[{"card_name":"North Sea Kraken","card_health":7,"card_attack":9},{"card_name":"Lost Tallstrider","card_health":2,"card_attack":1}],"opponent_board":[{"card_name":"Argent Horserider","card_health":1,"card_attack":2}]},{"turn":21,"cards_played":["Murloc Knight","Reinforce"],"current_player":"opponent","my_health":22,"opponent_health":30,"my_armor":0,"opponent_armor":0,"my_hand":3,"opponent_hand":2,"my_board":[{"card_name":"North Sea Kraken","card_health":7,"card_attack":9}],"opponent_board":[{"card_name":"Murloc Knight","card_health":5,"card_attack":5},{"card_name":"Silver Hand Recruit","card_health":1,"card_attack":1},{"card_name":"Murloc Warleader","card_health":3,"card_attack":3}]},{"turn":22,"cards_played":["Fireblast","Fireblast","Flame Lance","Dragon's Breath"],"current_player":"me","my_health":22,"opponent_health":21,"my_armor":0,"opponent_armor":0,"my_hand":2,"opponent_hand":2,"my_board":[{"card_name":"North Sea Kraken","card_health":7,"card_attack":9}],"opponent_board":[]},{"turn":23,"cards_played":["Antique Healbot","Warhorse Trainer","Reinforce"],"current_player":"opponent","my_health":22,"opponent_health":29,"my_armor":0,"opponent_armor":0,"my_hand":2,"opponent_hand":1,"my_board":[{"card_name":"North Sea Kraken","card_health":7,"card_attack":9}],"opponent_board":[{"card_name":"Warhorse Trainer","card_health":4,"card_attack":2},{"card_name":"Antique Healbot","card_health":3,"card_attack":3},{"card_name":"Silver Hand Recruit","card_health":1,"card_attack":1}]},{"turn":24,"cards_played":["Fireblast","Fireblast"],"current_player":"me","my_health":22,"opponent_health":29,"my_armor":0,"opponent_armor":0,"my_hand":2,"opponent_hand":1,"my_board":[{"card_name":"North Sea Kraken","card_health":5,"card_attack":9}],"opponent_board":[{"card_name":"Antique Healbot","card_health":3,"card_attack":3}]},{"turn":25,"cards_played":["Truesilver Champion","Reinforce","Mind Control Tech"],"current_player":"opponent","my_health":22,"opponent_health":21,"my_armor":0,"opponent_armor":0,"my_hand":4,"opponent_hand":0,"my_board":[],"opponent_board":[{"card_name":"Mind Control Tech","card_health":3,"card_attack":3},{"card_name":"Silver Hand Recruit","card_health":1,"card_attack":1}]},{"turn":26,"cards_played":["North Sea Kraken"],"current_player":"me","my_health":22,"opponent_health":21,"my_armor":0,"opponent_armor":0,"my_hand":4,"opponent_hand":0,"my_board":[{"card_name":"North Sea Kraken","card_health":7,"card_attack":9}],"opponent_board":[{"card_name":"Silver Hand Recruit","card_health":1,"card_attack":1}]},{"turn":27,"cards_played":["Stonesplinter Trogg","Reinforce"],"current_player":"opponent","my_health":17,"opponent_health":23,"my_armor":0,"opponent_armor":0,"my_hand":4,"opponent_hand":0,"my_board":[{"card_name":"North Sea Kraken","card_health":7,"card_attack":9}],"opponent_board":[{"card_name":"Stonesplinter Trogg","card_health":3,"card_attack":2},{"card_name":"Silver Hand Recruit","card_health":1,"card_attack":1},{"card_name":"Silver Hand Recruit","card_health":1,"card_attack":1}]},{"turn":28,"cards_played":["North Sea Kraken"],"current_player":"me","my_health":17,"opponent_health":14,"my_armor":0,"opponent_armor":0,"my_hand":4,"opponent_hand":0,"my_board":[{"card_name":"North Sea Kraken","card_health":7,"card_attack":9},{"card_name":"North Sea Kraken","card_health":7,"card_attack":9}],"opponent_board":[{"card_name":"Silver Hand Recruit","card_health":1,"card_attack":1},{"card_name":"Silver Hand Recruit","card_health":1,"card_attack":1}]},{"turn":29,"cards_played":["Blessing of Kings","Reinforce"],"current_player":"opponent","my_health":11,"opponent_health":14,"my_armor":0,"opponent_armor":0,"my_hand":4,"opponent_hand":0,"my_board":[{"card_name":"North Sea Kraken","card_health":7,"card_attack":9},{"card_name":"North Sea Kraken","card_health":7,"card_attack":9}],"opponent_board":[{"card_name":"Silver Hand Recruit","card_health":1,"card_attack":1},{"card_name":"Silver Hand Recruit","card_health":5,"card_attack":5},{"card_name":"Silver Hand Recruit","card_health":1,"card_attack":1}]},{"turn":30,"cards_played":[],"current_player":"me","my_health":11,"opponent_health":-4,"my_armor":0,"opponent_armor":0,"my_hand":5,"opponent_hand":0,"my_board":[{"card_name":"North Sea Kraken","card_health":7,"card_attack":9},{"card_name":"North Sea Kraken","card_health":7,"card_attack":9}],"opponent_board":[{"card_name":"Silver Hand Recruit","card_health":1,"card_attack":1},{"card_name":"Silver Hand Recruit","card_health":5,"card_attack":5},{"card_name":"Silver Hand Recruit","card_health":1,"card_attack":1}]}],"result":"victory"}