{"plays":[{"turn":1,"cards_played":[],"current_player":"me","my_health":0,"opponent_health":30,"my_armor":0,"opponent_armor":0,"my_hand":0,"opponent_hand":1,"my_board":[],"opponent_board":[]},{"turn":2,"cards_played":["Mana Wyrm"],"current_player":"opponent","my_health":30,"opponent_health":30,"my_armor":0,"opponent_armor":0,"my_hand":3,"opponent_hand":6,"my_board":[{"card_name":"Mana Wyrm","card_health":3,"card_attack":1}],"opponent_board":[]},{"turn":3,"cards_played":["Unstable Portal","Deathlord"],"current_player":"me","my_health":30,"opponent_health":28,"my_armor":0,"opponent_armor":0,"my_hand":3,"opponent_hand":6,"my_board":[{"card_name":"Mana Wyrm","card_health":3,"card_attack":2},{"card_name":"Deathlord","card_health":8,"card_attack":2}],"opponent_board":[]},{"turn":4,"cards_played":["Dagger Mastery"],"current_player":"opponent","my_health":30,"opponent_health":28,"my_armor":0,"opponent_armor":0,"my_hand":3,"opponent_hand":7,"my_board":[{"card_name":"Mana Wyrm","card_health":3,"card_attack":2},{"card_name":"Deathlord","card_health":8,"card_attack":2}],"opponent_board":[]},{"turn":5,"cards_played":["Flamewaker"],"current_player":"me","my_health":30,"opponent_health":24,"my_armor":0,"opponent_armor":0,"my_hand":3,"opponent_hand":7,"my_board":[{"card_name":"Flamewaker","card_health":4,"card_attack":2},{"card_name":"Mana Wyrm","card_health":3,"card_attack":2},{"card_name":"Deathlord","card_health":8,"card_attack":2}],"opponent_board":[]},{"turn":6,"cards_played":["Deadly Poison","Goblin Auto-Barber"],"current_player":"opponent","my_health":30,"opponent_health":22,"my_armor":0,"opponent_armor":0,"my_hand":3,"opponent_hand":6,"my_board":[{"card_name":"Flamewaker","card_health":4,"card_attack":2},{"card_name":"Mana Wyrm","card_health":3,"card_attack":2},{"card_name":"Deathlord","card_health":4,"card_attack":2}],"opponent_board":[{"card_name":"Goblin Auto-Barber","card_health":2,"card_attack":3}]},{"turn":7,"cards_played":["Arcane Intellect"],"current_player":"me","my_health":30,"opponent_health":16,"my_armor":0,"opponent_armor":0,"my_hand":5,"opponent_hand":6,"my_board":[{"card_name":"Flamewaker","card_health":4,"card_attack":2},{"card_name":"Mana Wyrm","card_health":3,"card_attack":3},{"card_name":"Deathlord","card_health":1,"card_attack":2}],"opponent_board":[]},{"turn":8,"cards_played":["Blade Flurry","Dagger Mastery"],"current_player":"opponent","my_health":26,"opponent_health":16,"my_armor":0,"opponent_armor":0,"my_hand":5,"opponent_hand":6,"my_board":[],"opponent_board":[{"card_name":"Defias Ringleader","card_health":2,"card_attack":2}]},{"turn":9,"cards_played":["Arcane Intellect"],"current_player":"me","my_health":26,"opponent_health":16,"my_armor":0,"opponent_armor":0,"my_hand":7,"opponent_hand":6,"my_board":[],"opponent_board":[{"card_name":"Defias Ringleader","card_health":2,"card_attack":2}]},{"turn":10,"cards_played":["Piloted Shredder"],"current_player":"opponent","my_health":24,"opponent_health":16,"my_armor":0,"opponent_armor":0,"my_hand":7,"opponent_hand":6,"my_board":[],"opponent_board":[{"card_name":"Defias Ringleader","card_health":2,"card_attack":2},{"card_name":"Piloted Shredder","card_health":3,"card_attack":4}]},{"turn":11,"cards_played":["Flamewaker","Sorcerer's Apprentice","Mirror Image","Unstable Portal"],"current_player":"me","my_health":24,"opponent_health":15,"my_armor":0,"opponent_armor":0,"my_hand":5,"opponent_hand":6,"my_board":[{"card_name":"Sorcerer's Apprentice","card_health":2,"card_attack":3},{"card_name":"Flamewaker","card_health":4,"card_attack":2},{"card_name":"Mirror Image","card_health":2,"card_attack":0},{"card_name":"Mirror Image","card_health":2,"card_attack":0}],"opponent_board":[{"card_name":"Defias Ringleader","card_health":2,"card_attack":2},{"card_name":"Patient Assassin","card_health":1,"card_attack":1}]},{"turn":12,"cards_played":["The Coin","SI:7 Agent","Eviscerate","Dagger Mastery"],"current_player":"opponent","my_health":24,"opponent_health":15,"my_armor":0,"opponent_armor":0,"my_hand":5,"opponent_hand":4,"my_board":[{"card_name":"Mirror Image","card_health":1,"card_attack":0}],"opponent_board":[{"card_name":"Defias Ringleader","card_health":2,"card_attack":2},{"card_name":"SI:7 Agent","card_health":3,"card_attack":3},{"card_name":"Patient Assassin","card_health":1,"card_attack":1}]},{"turn":13,"cards_played":["Arcane Missiles","Fireblast","Fireblast","Flamecannon"],"current_player":"me","my_health":24,"opponent_health":14,"my_armor":0,"opponent_armor":0,"my_hand":4,"opponent_hand":4,"my_board":[{"card_name":"Mirror Image","card_health":1,"card_attack":0}],"opponent_board":[{"card_name":"Patient Assassin","card_health":1,"card_attack":1}]},{"turn":14,"cards_played":["Azure Drake","Dagger Mastery"],"current_player":"opponent","my_health":24,"opponent_health":14,"my_armor":0,"opponent_armor":0,"my_hand":4,"opponent_hand":5,"my_board":[],"opponent_board":[{"card_name":"Azure Drake","card_health":4,"card_attack":4},{"card_name":"Patient Assassin","card_health":1,"card_attack":1}]},{"turn":15,"cards_played":["Azure Drake","Mad Scientist","Crazed Alchemist"],"current_player":"me","my_health":24,"opponent_health":14,"my_armor":0,"opponent_armor":0,"my_hand":3,"opponent_hand":5,"my_board":[{"card_name":"Azure Drake","card_health":4,"card_attack":4},{"card_name":"Mad Scientist","card_health":2,"card_attack":2},{"card_name":"Crazed Alchemist","card_health":2,"card_attack":2}],"opponent_board":[{"card_name":"Azure Drake","card_health":4,"card_attack":4},{"card_name":"Patient Assassin","card_health":1,"card_attack":1}]},{"turn":16,"cards_played":["Fan of Knives","SI:7 Agent","Deadly Poison"],"current_player":"opponent","my_health":20,"opponent_health":11,"my_armor":0,"opponent_armor":0,"my_hand":3,"opponent_hand":4,"my_board":[],"opponent_board":[{"card_name":"SI:7 Agent","card_health":3,"card_attack":3},{"card_name":"Azure Drake","card_health":4,"card_attack":4},{"card_name":"Patient Assassin","card_health":1,"card_attack":1}]},{"turn":17,"cards_played":["Dr. Boom","Fireblast","Fireblast"],"current_player":"me","my_health":20,"opponent_health":10,"my_armor":0,"opponent_armor":0,"my_hand":3,"opponent_hand":4,"my_board":[{"card_name":"Dr. Boom","card_health":7,"card_attack":7},{"card_name":"Boom Bot","card_health":1,"card_attack":1},{"card_name":"Boom Bot","card_health":1,"card_attack":1}],"opponent_board":[{"card_name":"SI:7 Agent","card_health":3,"card_attack":3},{"card_name":"Azure Drake","card_health":4,"card_attack":4},{"card_name":"Patient Assassin","card_health":1,"card_attack":1}]},{"turn":18,"cards_played":["Antique Healbot","Piloted Shredder"],"current_player":"opponent","my_health":10,"opponent_health":18,"my_armor":0,"opponent_armor":0,"my_hand":3,"opponent_hand":3,"my_board":[{"card_name":"Boom Bot","card_health":1,"card_attack":1},{"card_name":"Boom Bot","card_health":1,"card_attack":1}],"opponent_board":[{"card_name":"Antique Healbot","card_health":3,"card_attack":3},{"card_name":"Piloted Shredder","card_health":3,"card_attack":4},{"card_name":"SI:7 Agent","card_health":3,"card_attack":3},{"card_name":"Azure Drake","card_health":4,"card_attack":4}]},{"turn":19,"cards_played":["Fireblast","Fireblast","Fireball"],"current_player":"me","my_health":10,"opponent_health":13,"my_armor":0,"opponent_armor":0,"my_hand":2,"opponent_hand":3,"my_board":[],"opponent_board":[{"card_name":"Piloted Shredder","card_health":3,"card_attack":4},{"card_name":"SI:7 Agent","card_health":3,"card_attack":3}]},{"turn":20,"cards_played":["Dagger Mastery","Preparation","Tinker's Sharpsword Oil"],"current_player":"opponent","my_health":-1,"opponent_health":13,"my_armor":0,"opponent_armor":0,"my_hand":2,"opponent_hand":2,"my_board":[],"opponent_board":[{"card_name":"Piloted Shredder","card_health":3,"card_attack":7},{"card_name":"SI:7 Agent","card_health":3,"card_attack":3}]}],"result":"defeat"}