{"plays":[{"turn":1,"cards_played":[],"current_player":"opponent","my_health":30,"opponent_health":0,"my_armor":0,"opponent_armor":0,"my_hand":1,"opponent_hand":0,"my_board":[],"opponent_board":[]},{"turn":2,"cards_played":["Zombie Chow"],"current_player":"me","my_health":30,"opponent_health":30,"my_armor":0,"opponent_armor":0,"my_hand":6,"opponent_hand":3,"my_board":[],"opponent_board":[{"card_name":"Zombie Chow","card_health":3,"card_attack":2}]},{"turn":3,"cards_played":["Unstable Ghoul"],"current_player":"opponent","my_health":28,"opponent_health":30,"my_armor":0,"opponent_armor":0,"my_hand":6,"opponent_hand":3,"my_board":[],"opponent_board":[{"card_name":"Unstable Ghoul","card_health":3,"card_attack":1},{"card_name":"Zombie Chow","card_health":3,"card_attack":2}]},{"turn":4,"cards_played":["The Coin","Spider Tank"],"current_player":"me","my_health":28,"opponent_health":30,"my_armor":0,"opponent_armor":0,"my_hand":5,"opponent_hand":3,"my_board":[{"card_name":"Spider Tank","card_health":4,"card_attack":3}],"opponent_board":[{"card_name":"Unstable Ghoul","card_health":3,"card_attack":1},{"card_name":"Zombie Chow","card_health":3,"card_attack":2}]},{"turn":5,"cards_played":["King's Defender"],"current_player":"opponent","my_health":22,"opponent_health":30,"my_armor":0,"opponent_armor":0,"my_hand":5,"opponent_hand":3,"my_board":[{"card_name":"Spider Tank","card_health":4,"card_attack":3}],"opponent_board":[{"card_name":"Unstable Ghoul","card_health":3,"card_attack":1},{"card_name":"Zombie Chow","card_health":3,"card_attack":2}]},{"turn":6,"cards_played":["Acolyte of Pain"],"current_player":"me","my_health":22,"opponent_health":30,"my_armor":0,"opponent_armor":0,"my_hand":6,"opponent_hand":3,"my_board":[{"card_name":"Acolyte of Pain","card_health":2,"card_attack":1},{"card_name":"Spider Tank","card_health":2,"card_attack":3}],"opponent_board":[{"card_name":"Zombie Chow","card_health":2,"card_attack":2}]},{"turn":7,"cards_played":["Burly Rockjaw Trogg"],"current_player":"opponent","my_health":27,"opponent_health":29,"my_armor":0,"opponent_armor":0,"my_hand":7,"opponent_hand":3,"my_board":[],"opponent_board":[{"card_name":"Burly Rockjaw Trogg","card_health":5,"card_attack":3}]},{"turn":8,"cards_played":["Water Elemental"],"current_player":"me","my_health":27,"opponent_health":29,"my_armor":0,"opponent_armor":0,"my_hand":7,"opponent_hand":3,"my_board":[{"card_name":"Water Elemental","card_health":6,"card_attack":3}],"opponent_board":[{"card_name":"Burly Rockjaw Trogg","card_health":5,"card_attack":3}]},{"turn":9,"cards_played":["Sludge Belcher"],"current_player":"opponent","my_health":24,"opponent_health":29,"my_armor":0,"opponent_armor":0,"my_hand":7,"opponent_hand":3,"my_board":[{"card_name":"Water Elemental","card_health":6,"card_attack":3}],"opponent_board":[{"card_name":"Sludge Belcher","card_health":5,"card_attack":3},{"card_name":"Burly Rockjaw Trogg","card_health":5,"card_attack":3}]},{"turn":10,"cards_played":["Sorcerer's Apprentice","Polymorph"],"current_player":"me","my_health":24,"opponent_health":26,"my_armor":0,"opponent_armor":0,"my_hand":6,"opponent_hand":3,"my_board":[{"card_name":"Water Elemental","card_health":6,"card_attack":3},{"card_name":"Sorcerer's Apprentice","card_health":2,"card_attack":3}],"opponent_board":[{"card_name":"Burly Rockjaw Trogg","card_health":5,"card_attack":5},{"card_name":"Sheep","card_health":1,"card_attack":1}]},{"turn":11,"cards_played":["Flame Juggler","Young Priestess","Armor Up!"],"current_player":"opponent","my_health":23,"opponent_health":26,"my_armor":0,"opponent_armor":2,"my_hand":6,"opponent_hand":2,"my_board":[{"card_name":"Sorcerer's Apprentice","card_health":2,"card_attack":3}],"opponent_board":[{"card_name":"Young Priestess","card_health":1,"card_attack":2},{"card_name":"Burly Rockjaw Trogg","card_health":2,"card_attack":5},{"card_name":"Flame Juggler","card_health":3,"card_attack":2},{"card_name":"Sheep","card_health":1,"card_attack":1}]},{"turn":12,"cards_played":["Snowchugger","Cone of Cold"],"current_player":"me","my_health":23,"opponent_health":26,"my_armor":0,"opponent_armor":2,"my_hand":5,"opponent_hand":2,"my_board":[{"card_name":"Snowchugger","card_health":3,"card_attack":2}],"opponent_board":[{"card_name":"Flame Juggler","card_health":2,"card_attack":2}]},{"turn":13,"cards_played":["Siege Engine","Armor Up!"],"current_player":"opponent","my_health":23,"opponent_health":26,"my_armor":0,"opponent_armor":2,"my_hand":5,"opponent_hand":2,"my_board":[],"opponent_board":[{"card_name":"Flame Juggler","card_health":2,"card_attack":2},{"card_name":"Siege Engine","card_health":5,"card_attack":6}]},{"turn":14,"cards_played":["Sunwalker","Arcane Blast"],"current_player":"me","my_health":23,"opponent_health":26,"my_armor":0,"opponent_armor":2,"my_hand":4,"opponent_hand":2,"my_board":[{"card_name":"Sunwalker","card_health":5,"card_attack":4}],"opponent_board":[{"card_name":"Siege Engine","card_health":5,"card_attack":6}]},{"turn":15,"cards_played":["Argent Commander","Armor Up!"],"current_player":"opponent","my_health":23,"opponent_health":26,"my_armor":0,"opponent_armor":4,"my_hand":4,"opponent_hand":2,"my_board":[],"opponent_board":[{"card_name":"Argent Commander","card_health":2,"card_attack":4},{"card_name":"Siege Engine","card_health":1,"card_attack":7}]},{"turn":16,"cards_played":["Hungry Dragon","Fencing Coach","Fireblast","Fireblast"],"current_player":"me","my_health":23,"opponent_health":26,"my_armor":0,"opponent_armor":4,"my_hand":3,"opponent_hand":2,"my_board":[{"card_name":"Fencing Coach","card_health":2,"card_attack":2},{"card_name":"Hungry Dragon","card_health":6,"card_attack":5}],"opponent_board":[{"card_name":"Argent Commander","card_health":2,"card_attack":4},{"card_name":"Timber Wolf","card_health":1,"card_attack":1}]},{"turn":17,"cards_played":["Acolyte of Pain","Death's Bite","Armor Up!"],"current_player":"opponent","my_health":14,"opponent_health":26,"my_armor":0,"opponent_armor":6,"my_hand":3,"opponent_hand":1,"my_board":[{"card_name":"Fencing Coach","card_health":2,"card_attack":2},{"card_name":"Hungry Dragon","card_health":6,"card_attack":5}],"opponent_board":[{"card_name":"Acolyte of Pain","card_health":3,"card_attack":1},{"card_name":"Argent Commander","card_health":2,"card_attack":4},{"card_name":"Timber Wolf","card_health":1,"card_attack":1}]},{"turn":18,"cards_played":["Blackwing Corruptor","Lost Tallstrider"],"current_player":"me","my_health":14,"opponent_health":26,"my_armor":0,"opponent_armor":6,"my_hand":2,"opponent_hand":2,"my_board":[{"card_name":"Blackwing Corruptor","card_health":4,"card_attack":5},{"card_name":"Lost Tallstrider","card_health":4,"card_attack":5},{"card_name":"Hungry Dragon","card_health":5,"card_attack":5}],"opponent_board":[{"card_name":"Timber Wolf","card_health":1,"card_attack":1}]},{"turn":19,"cards_played":["Dragonkin Sorcerer","Armor Up!","Arathi Weaponsmith"],"current_player":"opponent","my_health":14,"opponent_health":26,"my_armor":0,"opponent_armor":3,"my_hand":2,"opponent_hand":1,"my_board":[{"card_name":"Blackwing Corruptor","card_health":3,"card_attack":5},{"card_name":"Lost Tallstrider","card_health":3,"card_attack":5}],"opponent_board":[{"card_name":"Dragonkin Sorcerer","card_health":4,"card_attack":3},{"card_name":"Arathi Weaponsmith","card_health":3,"card_attack":3}]},{"turn":20,"cards_played":["Frostbolt","Fireball","Fireblast","Fireblast"],"current_player":"me","my_health":14,"opponent_health":18,"my_armor":0,"opponent_armor":0,"my_hand":1,"opponent_hand":1,"my_board":[{"card_name":"Blackwing Corruptor","card_health":3,"card_attack":5},{"card_name":"Lost Tallstrider","card_health":3,"card_attack":5}],"opponent_board":[]},{"turn":21,"cards_played":["Armor Up!","Ogre Warmaul"],"current_player":"opponent","my_health":14,"opponent_health":15,"my_armor":0,"opponent_armor":0,"my_hand":1,"opponent_hand":1,"my_board":[{"card_name":"Blackwing Corruptor","card_health":3,"card_attack":5}],"opponent_board":[]},{"turn":22,"cards_played":["Water Elemental","Fireblast"],"current_player":"me","my_health":14,"opponent_health":9,"my_armor":0,"opponent_armor":0,"my_hand":1,"opponent_hand":1,"my_board":[{"card_name":"Blackwing Corruptor","card_health":3,"card_attack":5},{"card_name":"Water Elemental","card_health":6,"card_attack":3}],"opponent_board":[]},{"turn":23,"cards_played":["Execute","Armor Up!"],"current_player":"opponent","my_health":10,"opponent_health":9,"my_armor":0,"opponent_armor":2,"my_hand":1,"opponent_hand":1,"my_board":[{"card_name":"Water Elemental","card_health":6,"card_attack":3}],"opponent_board":[]},{"turn":24,"cards_played":["Dalaran Aspirant","Fireblast"],"current_player":"me","my_health":10,"opponent_health":7,"my_armor":0,"opponent_armor":0,"my_hand":1,"opponent_hand":1,"my_board":[{"card_name":"Dalaran Aspirant","card_health":5,"card_attack":3},{"card_name":"Water Elemental","card_health":6,"card_attack":3}],"opponent_board":[]},{"turn":25,"cards_played":["Armor Up!","Southsea Deckhand"],"current_player":"opponent","my_health":10,"opponent_health":7,"my_armor":0,"opponent_armor":2,"my_hand":1,"opponent_hand":1,"my_board":[{"card_name":"Dalaran Aspirant","card_health":5,"card_attack":3},{"card_name":"Water Elemental","card_health":6,"card_attack":3}],"opponent_board":[{"card_name":"Southsea Deckhand","card_health":1,"card_attack":2}]},{"turn":26,"cards_played":["Fireblast","Fireblast","Dragon's Breath"],"current_player":"me","my_health":10,"opponent_health":-3,"my_armor":0,"opponent_armor":0,"my_hand":1,"opponent_hand":1,"my_board":[{"card_name":"Dalaran Aspirant","card_health":5,"card_attack":3},{"card_name":"Water Elemental","card_health":6,"card_attack":3}],"opponent_board":[]}],"result":"victory"}