{"plays":[{"turn":1,"cards_played":[],"current_player":"opponent","my_health":30,"opponent_health":0,"my_armor":0,"opponent_armor":0,"my_hand":1,"opponent_hand":0,"my_board":[],"opponent_board":[]},{"turn":2,"cards_played":["Gadgetzan Jouster"],"current_player":"me","my_health":30,"opponent_health":30,"my_armor":0,"opponent_armor":0,"my_hand":6,"opponent_hand":3,"my_board":[],"opponent_board":[{"card_name":"Gadgetzan Jouster","card_health":3,"card_attack":2}]},{"turn":3,"cards_played":["Mechwarper"],"current_player":"opponent","my_health":28,"opponent_health":30,"my_armor":0,"opponent_armor":0,"my_hand":6,"opponent_hand":3,"my_board":[],"opponent_board":[{"card_name":"Mechwarper","card_health":3,"card_attack":2},{"card_name":"Gadgetzan Jouster","card_health":3,"card_attack":2}]},{"turn":4,"cards_played":["The Coin","Raging Worgen"],"current_player":"me","my_health":28,"opponent_health":30,"my_armor":0,"opponent_armor":0,"my_hand":5,"opponent_hand":3,"my_board":[{"card_name":"Raging Worgen","card_health":3,"card_attack":3}],"opponent_board":[{"card_name":"Mechwarper","card_health":3,"card_attack":2},{"card_name":"Gadgetzan Jouster","card_health":3,"card_attack":2}]},{"turn":5,"cards_played":["Ogre Brute"],"current_player":"opponent","my_health":24,"opponent_health":30,"my_armor":0,"opponent_armor":0,"my_hand":5,"opponent_hand":3,"my_board":[{"card_name":"Raging Worgen","card_health":3,"card_attack":3}],"opponent_board":[{"card_name":"Ogre Brute","card_health":4,"card_attack":4},{"card_name":"Mechwarper","card_health":3,"card_attack":2},{"card_name":"Gadgetzan Jouster","card_health":3,"card_attack":2}]},{"turn":6,"cards_played":["Kirin Tor Mage"],"current_player":"me","my_health":24,"opponent_health":30,"my_armor":0,"opponent_armor":0,"my_hand":5,"opponent_hand":3,"my_board":[{"card_name":"Kirin Tor Mage","card_health":3,"card_attack":4}],"opponent_board":[{"card_name":"Gadgetzan Jouster","card_health":3,"card_attack":2}]},{"turn":7,"cards_played":["Raging Worgen","Clockwork Gnome"],"current_player":"opponent","my_health":22,"opponent_health":30,"my_armor":0,"opponent_armor":0,"my_hand":5,"opponent_hand":2,"my_board":[{"card_name":"Kirin Tor Mage","card_health":3,"card_attack":4}],"opponent_board":[{"card_name":"Clockwork Gnome","card_health":1,"card_attack":2},{"card_name":"Raging Worgen","card_health":3,"card_attack":3},{"card_name":"Gadgetzan Jouster","card_health":3,"card_attack":2}]},{"turn":8,"cards_played":["Mana Wyrm","Shattered Sun Cleric"],"current_player":"me","my_health":22,"opponent_health":30,"my_armor":0,"opponent_armor":0,"my_hand":4,"opponent_hand":2,"my_board":[{"card_name":"Kirin Tor Mage","card_health":1,"card_attack":5},{"card_name":"Mana Wyrm","card_health":3,"card_attack":1},{"card_name":"Shattered Sun Cleric","card_health":2,"card_attack":3}],"opponent_board":[{"card_name":"Clockwork Gnome","card_health":1,"card_attack":2},{"card_name":"Gadgetzan Jouster","card_health":3,"card_attack":2}]},{"turn":9,"cards_played":["Chillwind Yeti","Rusty Horn"],"current_player":"opponent","my_health":20,"opponent_health":30,"my_armor":0,"opponent_armor":0,"my_hand":4,"opponent_hand":2,"my_board":[{"card_name":"Mana Wyrm","card_health":3,"card_attack":1},{"card_name":"Shattered Sun Cleric","card_health":2,"card_attack":3}],"opponent_board":[{"card_name":"Chillwind Yeti","card_health":5,"card_attack":4},{"card_name":"Gadgetzan Jouster","card_health":3,"card_attack":2}]},{"turn":10,"cards_played":["Flamecannon","Fireblast","Fireblast"],"current_player":"me","my_health":20,"opponent_health":28,"my_armor":0,"opponent_armor":0,"my_hand":4,"opponent_hand":2,"my_board":[{"card_name":"Mana Wyrm","card_health":3,"card_attack":2}],"opponent_board":[]},{"turn":11,"cards_played":["Mech-Bear-Cat"],"current_player":"opponent","my_health":20,"opponent_health":28,"my_armor":0,"opponent_armor":0,"my_hand":4,"opponent_hand":2,"my_board":[{"card_name":"Mana Wyrm","card_health":3,"card_attack":2}],"opponent_board":[{"card_name":"Mech-Bear-Cat","card_health":6,"card_attack":7}]},{"turn":12,"cards_played":["Polymorph","Puddlestomper"],"current_player":"me","my_health":20,"opponent_health":28,"my_armor":0,"opponent_armor":0,"my_hand":3,"opponent_hand":2,"my_board":[{"card_name":"Puddlestomper","card_health":2,"card_attack":3},{"card_name":"Mana Wyrm","card_health":2,"card_attack":3}],"opponent_board":[]},{"turn":13,"cards_played":["Frost Elemental"],"current_player":"opponent","my_health":20,"opponent_health":28,"my_armor":0,"opponent_armor":0,"my_hand":3,"opponent_hand":2,"my_board":[{"card_name":"Puddlestomper","card_health":2,"card_attack":3},{"card_name":"Mana Wyrm","card_health":2,"card_attack":3}],"opponent_board":[{"card_name":"Frost Elemental","card_health":5,"card_attack":5}]},{"turn":14,"cards_played":["Sludge Belcher","Sorcerer's Apprentice"],"current_player":"me","my_health":20,"opponent_health":25,"my_armor":0,"opponent_armor":0,"my_hand":2,"opponent_hand":2,"my_board":[{"card_name":"Puddlestomper","card_health":2,"card_attack":3},{"card_name":"Mana Wyrm","card_health":2,"card_attack":3},{"card_name":"Sludge Belcher","card_health":5,"card_attack":3},{"card_name":"Sorcerer's Apprentice","card_health":2,"card_attack":3}],"opponent_board":[{"card_name":"Frost Elemental","card_health":5,"card_attack":5}]},{"turn":15,"cards_played":["Starfire","Shapeshift"],"current_player":"opponent","my_health":19,"opponent_health":25,"my_armor":0,"opponent_armor":1,"my_hand":2,"opponent_hand":3,"my_board":[{"card_name":"Puddlestomper","card_health":2,"card_attack":3},{"card_name":"Mana Wyrm","card_health":2,"card_attack":3},{"card_name":"Sorcerer's Apprentice","card_health":2,"card_attack":3}],"opponent_board":[{"card_name":"Frost Elemental","card_health":4,"card_attack":5}]},{"turn":16,"cards_played":["Stormwind Champion"],"current_player":"me","my_health":19,"opponent_health":18,"my_armor":0,"opponent_armor":0,"my_hand":2,"opponent_hand":3,"my_board":[{"card_name":"Stormwind Champion","card_health":6,"card_attack":6},{"card_name":"Mana Wyrm","card_health":3,"card_attack":4},{"card_name":"Sorcerer's Apprentice","card_health":3,"card_attack":4}],"opponent_board":[]},{"turn":17,"cards_played":["Armored Warhorse","Mark of the Wild","Shapeshift"],"current_player":"opponent","my_health":18,"opponent_health":18,"my_armor":0,"opponent_armor":1,"my_hand":2,"opponent_hand":2,"my_board":[{"card_name":"Mana Wyrm","card_health":3,"card_attack":3},{"card_name":"Sorcerer's Apprentice","card_health":2,"card_attack":3}],"opponent_board":[]},{"turn":18,"cards_played":["Drakonid Crusher"],"current_player":"me","my_health":18,"opponent_health":13,"my_armor":0,"opponent_armor":0,"my_hand":2,"opponent_hand":2,"my_board":[{"card_name":"Mana Wyrm","card_health":3,"card_attack":3},{"card_name":"Drakonid Crusher","card_health":6,"card_attack":6},{"card_name":"Sorcerer's Apprentice","card_health":2,"card_attack":3}],"opponent_board":[]},{"turn":19,"cards_played":["Refreshment Vendor","Clockwork Knight"],"current_player":"opponent","my_health":22,"opponent_health":17,"my_armor":0,"opponent_armor":0,"my_hand":2,"opponent_hand":1,"my_board":[{"card_name":"Mana Wyrm","card_health":3,"card_attack":3},{"card_name":"Drakonid Crusher","card_health":9,"card_attack":9},{"card_name":"Sorcerer's Apprentice","card_health":2,"card_attack":3}],"opponent_board":[{"card_name":"Clockwork Knight","card_health":5,"card_attack":5},{"card_name":"Refreshment Vendor","card_health":5,"card_attack":3}]},{"turn":20,"cards_played":["Fireblast","Fireblast","Justicar Trueheart","Fireblast Rank 2","Fireblast Rank 2"],"current_player":"me","my_health":22,"opponent_health":-1,"my_armor":0,"opponent_armor":0,"my_hand":2,"opponent_hand":1,"my_board":[{"card_name":"Mana Wyrm","card_health":3,"card_attack":3},{"card_name":"Drakonid Crusher","card_health":9,"card_attack":9},{"card_name":"Sorcerer's Apprentice","card_health":2,"card_attack":3},{"card_name":"Justicar Trueheart","card_health":3,"card_attack":6}],"opponent_board":[{"card_name":"Clockwork Knight","card_health":5,"card_attack":5},{"card_name":"Refreshment Vendor","card_health":5,"card_attack":3}]}],"result":"victory"}