{"plays":[{"turn":1,"cards_played":[],"current_player":"me","my_health":0,"opponent_health":30,"my_armor":0,"opponent_armor":0,"my_hand":0,"opponent_hand":1,"my_board":[],"opponent_board":[]},{"turn":2,"cards_played":["Zombie Chow"],"current_player":"me","my_health":30,"opponent_health":30,"my_armor":0,"opponent_armor":0,"my_hand":5,"opponent_hand":4,"my_board":[{"card_name":"Zombie Chow","card_health":3,"card_attack":2}],"opponent_board":[]},{"turn":3,"cards_played":["Reinforce"],"current_player":"opponent","my_health":30,"opponent_health":30,"my_armor":0,"opponent_armor":0,"my_hand":5,"opponent_hand":5,"my_board":[{"card_name":"Zombie Chow","card_health":3,"card_attack":2}],"opponent_board":[{"card_name":"Silver Hand Recruit","card_health":1,"card_attack":1}]},{"turn":4,"cards_played":["Snowchugger"],"current_player":"me","my_health":30,"opponent_health":30,"my_armor":0,"opponent_armor":0,"my_hand":5,"opponent_hand":5,"my_board":[{"card_name":"Snowchugger","card_health":3,"card_attack":2},{"card_name":"Zombie Chow","card_health":2,"card_attack":2}],"opponent_board":[]},{"turn":5,"cards_played":["Silver Hand Regent"],"current_player":"opponent","my_health":30,"opponent_health":30,"my_armor":0,"opponent_armor":0,"my_hand":5,"opponent_hand":5,"my_board":[{"card_name":"Snowchugger","card_health":3,"card_attack":2},{"card_name":"Zombie Chow","card_health":2,"card_attack":2}],"opponent_board":[{"card_name":"Silver Hand Regent","card_health":3,"card_attack":3}]},{"turn":6,"cards_played":["Fireblast","Fireblast"],"current_player":"me","my_health":30,"opponent_health":28,"my_armor":0,"opponent_armor":0,"my_hand":6,"opponent_hand":5,"my_board":[{"card_name":"Snowchugger","card_health":3,"card_attack":2}],"opponent_board":[]},{"turn":7,"cards_played":["Piloted Shredder"],"current_player":"opponent","my_health":30,"opponent_health":28,"my_armor":0,"opponent_armor":0,"my_hand":6,"opponent_hand":5,"my_board":[{"card_name":"Snowchugger","card_health":3,"card_attack":2}],"opponent_board":[{"card_name":"Piloted Shredder","card_health":3,"card_attack":4}]},{"turn":8,"cards_played":["The Coin","Bomb Lobber"],"current_player":"me","my_health":30,"opponent_health":28,"my_armor":0,"opponent_armor":0,"my_hand":5,"opponent_hand":5,"my_board":[{"card_name":"Bomb Lobber","card_health":3,"card_attack":3},{"card_name":"Snowchugger","card_health":1,"card_attack":2}],"opponent_board":[]},{"turn":9,"cards_played":["Annoy-o-Tron","Elven Archer","Dire Wolf Alpha"],"current_player":"opponent","my_health":30,"opponent_health":28,"my_armor":0,"opponent_armor":0,"my_hand":5,"opponent_hand":3,"my_board":[{"card_name":"Bomb Lobber","card_health":3,"card_attack":3}],"opponent_board":[{"card_name":"Annoy-o-Tron","card_health":2,"card_attack":1},{"card_name":"Dire Wolf Alpha","card_health":2,"card_attack":2},{"card_name":"Elven Archer","card_health":1,"card_attack":1}]},{"turn":10,"cards_played":["Acolyte of Pain","Fireblast","Fireblast"],"current_player":"me","my_health":30,"opponent_health":28,"my_armor":0,"opponent_armor":0,"my_hand":5,"opponent_hand":3,"my_board":[{"card_name":"Acolyte of Pain","card_health":3,"card_attack":1},{"card_name":"Bomb Lobber","card_health":1,"card_attack":3}],"opponent_board":[{"card_name":"Dire Wolf Alpha","card_health":2,"card_attack":2},{"card_name":"Elven Archer","card_health":1,"card_attack":2}]},{"turn":11,"cards_played":["Dark Iron Dwarf","Reinforce"],"current_player":"opponent","my_health":30,"opponent_health":28,"my_armor":0,"opponent_armor":0,"my_hand":6,"opponent_hand":3,"my_board":[],"opponent_board":[{"card_name":"Dire Wolf Alpha","card_health":1,"card_attack":4},{"card_name":"Dark Iron Dwarf","card_health":4,"card_attack":5},{"card_name":"Silver Hand Recruit","card_health":1,"card_attack":1}]},{"turn":12,"cards_played":["Flesheating Ghoul","Fireblast","Fireblast","Mirror Image"],"current_player":"me","my_health":30,"opponent_health":28,"my_armor":0,"opponent_armor":0,"my_hand":5,"opponent_hand":3,"my_board":[{"card_name":"Flesheating Ghoul","card_health":3,"card_attack":3},{"card_name":"Mirror Image","card_health":2,"card_attack":0},{"card_name":"Mirror Image","card_health":2,"card_attack":0}],"opponent_board":[{"card_name":"Dark Iron Dwarf","card_health":4,"card_attack":4},{"card_name":"Silver Hand Recruit","card_health":1,"card_attack":1}]},{"turn":13,"cards_played":["Spellbreaker","Reinforce"],"current_player":"opponent","my_health":30,"opponent_health":28,"my_armor":0,"opponent_armor":0,"my_hand":5,"opponent_hand":3,"my_board":[{"card_name":"Flesheating Ghoul","card_health":3,"card_attack":2},{"card_name":"Mirror Image","card_health":1,"card_attack":0}],"opponent_board":[{"card_name":"Spellbreaker","card_health":3,"card_attack":4},{"card_name":"Dark Iron Dwarf","card_health":4,"card_attack":4},{"card_name":"Silver Hand Recruit","card_health":1,"card_attack":1},{"card_name":"Silver Hand Recruit","card_health":1,"card_attack":1}]},{"turn":14,"cards_played":["Fireblast","Fireblast","Dragon's Breath"],"current_player":"me","my_health":30,"opponent_health":28,"my_armor":0,"opponent_armor":0,"my_hand":5,"opponent_hand":3,"my_board":[{"card_name":"Flesheating Ghoul","card_health":2,"card_attack":2},{"card_name":"Mirror Image","card_health":1,"card_attack":0}],"opponent_board":[{"card_name":"Spellbreaker","card_health":3,"card_attack":4}]},{"turn":15,"cards_played":["Darkscale Healer","Reinforce"],"current_player":"opponent","my_health":30,"opponent_health":30,"my_armor":0,"opponent_armor":0,"my_hand":5,"opponent_hand":3,"my_board":[{"card_name":"Flesheating Ghoul","card_health":2,"card_attack":2}],"opponent_board":[{"card_name":"Spellbreaker","card_health":3,"card_attack":4},{"card_name":"Darkscale Healer","card_health":5,"card_attack":4},{"card_name":"Silver Hand Recruit","card_health":1,"card_attack":1}]},{"turn":16,"cards_played":["Frost Elemental","Frostbolt"],"current_player":"me","my_health":30,"opponent_health":30,"my_armor":0,"opponent_armor":0,"my_hand":4,"opponent_hand":3,"my_board":[{"card_name":"Frost Elemental","card_health":5,"card_attack":5},{"card_name":"Flesheating Ghoul","card_health":1,"card_attack":2}],"opponent_board":[{"card_name":"Darkscale Healer","card_health":5,"card_attack":4}]},{"turn":17,"cards_played":["Boulderfist Ogre","Reinforce"],"current_player":"opponent","my_health":30,"opponent_health":30,"my_armor":0,"opponent_armor":0,"my_hand":4,"opponent_hand":3,"my_board":[{"card_name":"Frost Elemental","card_health":5,"card_attack":5},{"card_name":"Flesheating Ghoul","card_health":1,"card_attack":2}],"opponent_board":[{"card_name":"Boulderfist Ogre","card_health":7,"card_attack":6},{"card_name":"Darkscale Healer","card_health":5,"card_attack":4},{"card_name":"Silver Hand Recruit","card_health":1,"card_attack":1}]},{"turn":18,"cards_played":["Fireblast","Fireblast","Ethereal Arcanist"],"current_player":"me","my_health":30,"opponent_health":28,"my_armor":0,"opponent_armor":0,"my_hand":3,"opponent_hand":3,"my_board":[{"card_name":"Frost Elemental","card_health":1,"card_attack":5},{"card_name":"Ethereal Arcanist","card_health":3,"card_attack":3},{"card_name":"Flesheating Ghoul","card_health":1,"card_attack":2}],"opponent_board":[{"card_name":"Boulderfist Ogre","card_health":7,"card_attack":6}]},{"turn":19,"cards_played":["Refreshment Vendor","Silver Hand Regent","Reinforce"],"current_player":"opponent","my_health":30,"opponent_health":30,"my_armor":0,"opponent_armor":0,"my_hand":3,"opponent_hand":2,"my_board":[{"card_name":"Frost Elemental","card_health":1,"card_attack":5},{"card_name":"Flesheating Ghoul","card_health":1,"card_attack":2},{"card_name":"Axe Flinger","card_health":5,"card_attack":2}],"opponent_board":[{"card_name":"Boulderfist Ogre","card_health":2,"card_attack":6},{"card_name":"Silver Hand Regent","card_health":3,"card_attack":3},{"card_name":"Refreshment Vendor","card_health":5,"card_attack":3},{"card_name":"Silver Hand Recruit","card_health":1,"card_attack":1},{"card_name":"Silver Hand Recruit","card_health":1,"card_attack":1}]},{"turn":20,"cards_played":["Coldarra Drake","Fireblast","Fireblast","Fireblast","Fireblast"],"current_player":"me","my_health":30,"opponent_health":28,"my_armor":0,"opponent_armor":0,"my_hand":3,"opponent_hand":2,"my_board":[{"card_name":"Coldarra Drake","card_health":6,"card_attack":6},{"card_name":"Axe Flinger","card_health":2,"card_attack":2}],"opponent_board":[{"card_name":"Silver Hand Recruit","card_health":1,"card_attack":1}]},{"turn":21,"cards_played":["Murloc Knight","Reinforce","Wild Pyromancer"],"current_player":"opponent","my_health":30,"opponent_health":26,"my_armor":0,"opponent_armor":0,"my_hand":3,"opponent_hand":1,"my_board":[{"card_name":"Coldarra Drake","card_health":6,"card_attack":6},{"card_name":"Axe Flinger","card_health":1,"card_attack":2}],"opponent_board":[{"card_name":"Murloc Knight","card_health":4,"card_attack":3},{"card_name":"Wild Pyromancer","card_health":2,"card_attack":3},{"card_name":"Silver Hand Recruit","card_health":1,"card_attack":1},{"card_name":"Puddlestomper","card_health":2,"card_attack":3}]},{"turn":22,"cards_played":["Fireblast","Fireblast","Fireblast","Fireblast","Fireblast","Fireblast","Fireblast","Fireblast"],"current_player":"me","my_health":30,"opponent_health":24,"my_armor":0,"opponent_armor":0,"my_hand":4,"opponent_hand":1,"my_board":[{"card_name":"Coldarra Drake","card_health":3,"card_attack":6},{"card_name":"Axe Flinger","card_health":1,"card_attack":2}],"opponent_board":[]},{"turn":23,"cards_played":["Flame Juggler","Clockwork Knight","Reinforce"],"current_player":"opponent","my_health":29,"opponent_health":24,"my_armor":0,"opponent_armor":0,"my_hand":4,"opponent_hand":0,"my_board":[{"card_name":"Coldarra Drake","card_health":3,"card_attack":6},{"card_name":"Axe Flinger","card_health":1,"card_attack":2}],"opponent_board":[{"card_name":"Flame Juggler","card_health":3,"card_attack":2},{"card_name":"Clockwork Knight","card_health":5,"card_attack":5},{"card_name":"Silver Hand Recruit","card_health":1,"card_attack":1}]},{"turn":24,"cards_played":["Silver Hand Knight","Frost Nova","Fireblast","Fireblast"],"current_player":"me","my_health":29,"opponent_health":15,"my_armor":0,"opponent_armor":0,"my_hand":3,"opponent_hand":0,"my_board":[{"card_name":"Silver Hand Knight","card_health":4,"card_attack":4},{"card_name":"Coldarra Drake","card_health":3,"card_attack":6},{"card_name":"Axe Flinger","card_health":1,"card_attack":2},{"card_name":"Squire","card_health":2,"card_attack":2}],"opponent_board":[{"card_name":"Flame Juggler","card_health":3,"card_attack":2},{"card_name":"Clockwork Knight","card_health":5,"card_attack":5},{"card_name":"Silver Hand Recruit","card_health":1,"card_attack":1}]},{"turn":25,"cards_played":[],"current_player":"opponent","my_health":29,"opponent_health":15,"my_armor":0,"opponent_armor":0,"my_hand":3,"opponent_hand":1,"my_board":[{"card_name":"Silver Hand Knight","card_health":4,"card_attack":4},{"card_name":"Coldarra Drake","card_health":3,"card_attack":6},{"card_name":"Axe Flinger","card_health":1,"card_attack":2},{"card_name":"Squire","card_health":2,"card_attack":2}],"opponent_board":[{"card_name":"Flame Juggler","card_health":3,"card_attack":2},{"card_name":"Clockwork Knight","card_health":5,"card_attack":5},{"card_name":"Silver Hand Recruit","card_health":1,"card_attack":1}]}],"result":"victory"}