{"plays":[{"turn":1,"cards_played":[],"current_player":"opponent","my_health":30,"opponent_health":0,"my_armor":0,"opponent_armor":0,"my_hand":1,"opponent_hand":0,"my_board":[],"opponent_board":[]},{"turn":2,"cards_played":[],"current_player":"opponent","my_health":30,"opponent_health":30,"my_armor":0,"opponent_armor":0,"my_hand":4,"opponent_hand":6,"my_board":[],"opponent_board":[]},{"turn":3,"cards_played":["Sorcerer's Apprentice"],"current_player":"me","my_health":30,"opponent_health":30,"my_armor":0,"opponent_armor":0,"my_hand":4,"opponent_hand":6,"my_board":[{"card_name":"Sorcerer's Apprentice","card_health":2,"card_attack":3}],"opponent_board":[]},{"turn":4,"cards_played":["Wrath"],"current_player":"opponent","my_health":30,"opponent_health":30,"my_armor":0,"opponent_armor":0,"my_hand":4,"opponent_hand":6,"my_board":[],"opponent_board":[]},{"turn":5,"cards_played":["Mana Wyrm","Fireblast","Fireblast"],"current_player":"me","my_health":30,"opponent_health":29,"my_armor":0,"opponent_armor":0,"my_hand":4,"opponent_hand":6,"my_board":[{"card_name":"Mana Wyrm","card_health":3,"card_attack":1}],"opponent_board":[]},{"turn":6,"cards_played":["Wrath"],"current_player":"opponent","my_health":30,"opponent_health":29,"my_armor":0,"opponent_armor":0,"my_hand":4,"opponent_hand":6,"my_board":[],"opponent_board":[]},{"turn":7,"cards_played":["Arcane Intellect"],"current_player":"me","my_health":30,"opponent_health":29,"my_armor":0,"opponent_armor":0,"my_hand":6,"opponent_hand":6,"my_board":[],"opponent_board":[]},{"turn":8,"cards_played":["The Coin","Innervate","Ancient of Lore"],"current_player":"opponent","my_health":30,"opponent_health":29,"my_armor":0,"opponent_armor":0,"my_hand":6,"opponent_hand":6,"my_board":[],"opponent_board":[{"card_name":"Ancient of Lore","card_health":5,"card_attack":5}]},{"turn":9,"cards_played":["Arcane Intellect","Fireblast","Fireblast"],"current_player":"me","my_health":30,"opponent_health":29,"my_armor":0,"opponent_armor":0,"my_hand":8,"opponent_hand":6,"my_board":[],"opponent_board":[{"card_name":"Ancient of Lore","card_health":4,"card_attack":5}]},{"turn":10,"cards_played":["Wild Growth","Shapeshift"],"current_player":"opponent","my_health":24,"opponent_health":29,"my_armor":0,"opponent_armor":1,"my_hand":8,"opponent_hand":6,"my_board":[],"opponent_board":[{"card_name":"Ancient of Lore","card_health":4,"card_attack":5}]},{"turn":11,"cards_played":["Flamewaker","Frostbolt","Mirror Image"],"current_player":"me","my_health":24,"opponent_health":29,"my_armor":0,"opponent_armor":0,"my_hand":6,"opponent_hand":6,"my_board":[{"card_name":"Flamewaker","card_health":4,"card_attack":2},{"card_name":"Mirror Image","card_health":2,"card_attack":0},{"card_name":"Mirror Image","card_health":2,"card_attack":0}],"opponent_board":[]},{"turn":12,"cards_played":["Dr. Boom"],"current_player":"opponent","my_health":24,"opponent_health":27,"my_armor":0,"opponent_armor":0,"my_hand":6,"opponent_hand":6,"my_board":[{"card_name":"Flamewaker","card_health":4,"card_attack":2},{"card_name":"Mirror Image","card_health":2,"card_attack":0},{"card_name":"Mirror Image","card_health":2,"card_attack":0}],"opponent_board":[{"card_name":"Dr. Boom","card_health":7,"card_attack":7},{"card_name":"Boom Bot","card_health":1,"card_attack":1},{"card_name":"Boom Bot","card_health":1,"card_attack":1}]},{"turn":13,"cards_played":["Fireball","Arcane Missiles","Unstable Portal"],"current_player":"me","my_health":24,"opponent_health":21,"my_armor":0,"opponent_armor":0,"my_hand":5,"opponent_hand":6,"my_board":[{"card_name":"Flamewaker","card_health":4,"card_attack":2}],"opponent_board":[]},{"turn":14,"cards_played":["Ancient of War"],"current_player":"opponent","my_health":24,"opponent_health":19,"my_armor":0,"opponent_armor":0,"my_hand":5,"opponent_hand":6,"my_board":[{"card_name":"Flamewaker","card_health":4,"card_attack":2}],"opponent_board":[{"card_name":"Ancient of War","card_health":5,"card_attack":5}]},{"turn":15,"cards_played":["Azure Drake","Mana Wyrm","Frostbolt"],"current_player":"me","my_health":24,"opponent_health":19,"my_armor":0,"opponent_armor":0,"my_hand":4,"opponent_hand":6,"my_board":[{"card_name":"Mana Wyrm","card_health":3,"card_attack":2},{"card_name":"Flamewaker","card_health":4,"card_attack":2},{"card_name":"Azure Drake","card_health":4,"card_attack":4}],"opponent_board":[{"card_name":"Ancient of War","card_health":10,"card_attack":5}]},{"turn":16,"cards_played":["Force of Nature","Innervate","Keeper of the Grove"],"current_player":"opponent","my_health":24,"opponent_health":17,"my_armor":0,"opponent_armor":0,"my_hand":4,"opponent_hand":4,"my_board":[{"card_name":"Mana Wyrm","card_health":3,"card_attack":2}],"opponent_board":[{"card_name":"Ancient of War","card_health":6,"card_attack":5},{"card_name":"Keeper of the Grove","card_health":4,"card_attack":2}]},{"turn":17,"cards_played":["Azure Drake"],"current_player":"me","my_health":24,"opponent_health":17,"my_armor":0,"opponent_armor":0,"my_hand":4,"opponent_hand":4,"my_board":[{"card_name":"Mana Wyrm","card_health":3,"card_attack":2},{"card_name":"Azure Drake","card_health":4,"card_attack":4}],"opponent_board":[{"card_name":"Ancient of War","card_health":6,"card_attack":5},{"card_name":"Keeper of the Grove","card_health":4,"card_attack":2}]},{"turn":18,"cards_played":["Shapeshift","Mind Control Tech","Sen'jin Shieldmasta"],"current_player":"opponent","my_health":24,"opponent_health":15,"my_armor":0,"opponent_armor":0,"my_hand":4,"opponent_hand":3,"my_board":[{"card_name":"Mind Control Tech","card_health":3,"card_attack":3}],"opponent_board":[{"card_name":"Mind Control Tech","card_health":3,"card_attack":3},{"card_name":"Sen'jin Shieldmasta","card_health":5,"card_attack":3},{"card_name":"Ancient of War","card_health":2,"card_attack":5},{"card_name":"Keeper of the Grove","card_health":1,"card_attack":2}]},{"turn":19,"cards_played":["Mad Scientist","Echo of Medivh","Mind Control Tech"],"current_player":"me","my_health":24,"opponent_health":15,"my_armor":0,"opponent_armor":0,"my_hand":4,"opponent_hand":3,"my_board":[{"card_name":"Mad Scientist","card_health":2,"card_attack":2},{"card_name":"Mind Control Tech","card_health":3,"card_attack":3},{"card_name":"Mind Control Tech","card_health":3,"card_attack":3}],"opponent_board":[{"card_name":"Mind Control Tech","card_health":3,"card_attack":3},{"card_name":"Sen'jin Shieldmasta","card_health":5,"card_attack":3},{"card_name":"Ancient of War","card_health":2,"card_attack":5},{"card_name":"Keeper of the Grove","card_health":1,"card_attack":2}]},{"turn":20,"cards_played":["Wild Growth","Excess Mana","Sylvanas Windrunner","Shapeshift"],"current_player":"opponent","my_health":23,"opponent_health":15,"my_armor":0,"opponent_armor":1,"my_hand":4,"opponent_hand":3,"my_board":[{"card_name":"Mad Scientist","card_health":2,"card_attack":2}],"opponent_board":[{"card_name":"Sen'jin Shieldmasta","card_health":2,"card_attack":3},{"card_name":"Sylvanas Windrunner","card_health":5,"card_attack":5}]},{"turn":21,"cards_played":["Emperor Thaurissan"],"current_player":"me","my_health":23,"opponent_health":15,"my_armor":0,"opponent_armor":1,"my_hand":3,"opponent_hand":3,"my_board":[{"card_name":"Emperor Thaurissan","card_health":5,"card_attack":5}],"opponent_board":[{"card_name":"Sylvanas Windrunner","card_health":5,"card_attack":5}]},{"turn":22,"cards_played":["Harrison Jones","Druid of the Claw"],"current_player":"opponent","my_health":23,"opponent_health":15,"my_armor":0,"opponent_armor":1,"my_hand":3,"opponent_hand":2,"my_board":[],"opponent_board":[{"card_name":"Emperor Thaurissan","card_health":5,"card_attack":5},{"card_name":"Harrison Jones","card_health":4,"card_attack":5},{"card_name":"Druid of the Claw","card_health":6,"card_attack":4}]},{"turn":23,"cards_played":["Sorcerer's Apprentice","Pyroblast"],"current_player":"me","my_health":23,"opponent_health":15,"my_armor":0,"opponent_armor":1,"my_hand":2,"opponent_hand":2,"my_board":[{"card_name":"Sorcerer's Apprentice","card_health":2,"card_attack":3}],"opponent_board":[{"card_name":"Emperor Thaurissan","card_health":5,"card_attack":5},{"card_name":"Harrison Jones","card_health":4,"card_attack":5},{"card_name":"Druid of the Claw","card_health":6,"card_attack":4}]},{"turn":24,"cards_played":["Azure Drake","Swipe","Shapeshift"],"current_player":"opponent","my_health":13,"opponent_health":6,"my_armor":0,"opponent_armor":1,"my_hand":2,"opponent_hand":2,"my_board":[],"opponent_board":[{"card_name":"Emperor Thaurissan","card_health":2,"card_attack":5},{"card_name":"Harrison Jones","card_health":4,"card_attack":5},{"card_name":"Azure Drake","card_health":4,"card_attack":4},{"card_name":"Druid of the Claw","card_health":6,"card_attack":4}]},{"turn":25,"cards_played":["Lord Jaraxxus","INFERNO!","Flamewaker"],"current_player":"me","my_health":15,"opponent_health":6,"my_armor":0,"opponent_armor":1,"my_hand":1,"opponent_hand":2,"my_board":[{"card_name":"Flamewaker","card_health":4,"card_attack":2},{"card_name":"Lord Jaraxxus","card_health":15,"card_attack":3},{"card_name":"Infernal","card_health":6,"card_attack":6}],"opponent_board":[{"card_name":"Emperor Thaurissan","card_health":2,"card_attack":5},{"card_name":"Harrison Jones","card_health":4,"card_attack":5},{"card_name":"Azure Drake","card_health":4,"card_attack":4},{"card_name":"Druid of the Claw","card_health":6,"card_attack":4}]},{"turn":26,"cards_played":["Shapeshift"],"current_player":"opponent","my_health":0,"opponent_health":6,"my_armor":0,"opponent_armor":2,"my_hand":1,"opponent_hand":3,"my_board":[{"card_name":"Flamewaker","card_health":4,"card_attack":2},{"card_name":"Infernal","card_health":6,"card_attack":6}],"opponent_board":[{"card_name":"Emperor Thaurissan","card_health":2,"card_attack":5},{"card_name":"Harrison Jones","card_health":4,"card_attack":5},{"card_name":"Azure Drake","card_health":4,"card_attack":4},{"card_name":"Druid of the Claw","card_health":6,"card_attack":4}]}],"result":"defeat"}