{"plays":[{"turn":1,"cards_played":[],"current_player":"opponent","my_health":0,"opponent_health":0,"my_armor":0,"opponent_armor":0,"my_hand":1,"opponent_hand":0,"my_board":[],"opponent_board":[]},{"turn":2,"cards_played":[],"current_player":"opponent","my_health":30,"opponent_health":30,"my_armor":0,"opponent_armor":0,"my_hand":4,"opponent_hand":6,"my_board":[],"opponent_board":[]},{"turn":3,"cards_played":["Steady Shot"],"current_player":"me","my_health":30,"opponent_health":28,"my_armor":0,"opponent_armor":0,"my_hand":5,"opponent_hand":6,"my_board":[],"opponent_board":[]},{"turn":4,"cards_played":["Armor Up!"],"current_player":"opponent","my_health":30,"opponent_health":28,"my_armor":0,"opponent_armor":2,"my_hand":5,"opponent_hand":7,"my_board":[],"opponent_board":[]},{"turn":5,"cards_played":["Blackwing Technician"],"current_player":"me","my_health":30,"opponent_health":28,"my_armor":0,"opponent_armor":2,"my_hand":5,"opponent_hand":7,"my_board":[{"card_name":"Blackwing Technician","card_health":4,"card_attack":2}],"opponent_board":[]},{"turn":6,"cards_played":["Fiery War Axe","The Coin","Slam"],"current_player":"opponent","my_health":30,"opponent_health":27,"my_armor":0,"opponent_armor":0,"my_hand":5,"opponent_hand":6,"my_board":[],"opponent_board":[]},{"turn":7,"cards_played":["Steady Shot"],"current_player":"me","my_health":30,"opponent_health":25,"my_armor":0,"opponent_armor":0,"my_hand":6,"opponent_hand":6,"my_board":[],"opponent_board":[]},{"turn":8,"cards_played":["Armorsmith","Armor Up!"],"current_player":"opponent","my_health":30,"opponent_health":25,"my_armor":0,"opponent_armor":2,"my_hand":6,"opponent_hand":6,"my_board":[],"opponent_board":[{"card_name":"Armorsmith","card_health":4,"card_attack":1}]},{"turn":9,"cards_played":["Hunter's Mark","Blackwing Corruptor"],"current_player":"me","my_health":30,"opponent_health":25,"my_armor":0,"opponent_armor":3,"my_hand":5,"opponent_hand":6,"my_board":[{"card_name":"Blackwing Corruptor","card_health":4,"card_attack":5}],"opponent_board":[]},{"turn":10,"cards_played":["Armor Up!","Shield Slam","Armorsmith"],"current_player":"opponent","my_health":30,"opponent_health":25,"my_armor":0,"opponent_armor":5,"my_hand":5,"opponent_hand":5,"my_board":[],"opponent_board":[{"card_name":"Armorsmith","card_health":4,"card_attack":1}]},{"turn":11,"cards_played":["Azure Drake"],"current_player":"me","my_health":30,"opponent_health":25,"my_armor":0,"opponent_armor":5,"my_hand":6,"opponent_hand":5,"my_board":[{"card_name":"Azure Drake","card_health":4,"card_attack":4}],"opponent_board":[{"card_name":"Armorsmith","card_health":4,"card_attack":1}]},{"turn":12,"cards_played":["Shieldmaiden"],"current_player":"opponent","my_health":29,"opponent_health":25,"my_armor":0,"opponent_armor":10,"my_hand":6,"opponent_hand":5,"my_board":[{"card_name":"Azure Drake","card_health":4,"card_attack":4}],"opponent_board":[{"card_name":"Shieldmaiden","card_health":5,"card_attack":5},{"card_name":"Armorsmith","card_health":4,"card_attack":1}]},{"turn":13,"cards_played":["King's Elekk","Arcane Shot","Arcane Shot","Steady Shot"],"current_player":"me","my_health":29,"opponent_health":25,"my_armor":0,"opponent_armor":9,"my_hand":5,"opponent_hand":5,"my_board":[{"card_name":"King's Elekk","card_health":2,"card_attack":3},{"card_name":"Azure Drake","card_health":3,"card_attack":4}],"opponent_board":[]},{"turn":14,"cards_played":["Bash","Shield Block"],"current_player":"opponent","my_health":29,"opponent_health":25,"my_armor":0,"opponent_armor":14,"my_hand":5,"opponent_hand":5,"my_board":[],"opponent_board":[]},{"turn":15,"cards_played":["King's Elekk","Steady Shot"],"current_player":"me","my_health":29,"opponent_health":25,"my_armor":0,"opponent_armor":12,"my_hand":5,"opponent_hand":5,"my_board":[{"card_name":"King's Elekk","card_health":2,"card_attack":3}],"opponent_board":[]},{"turn":16,"cards_played":["Sludge Belcher","Armor Up!"],"current_player":"opponent","my_health":29,"opponent_health":25,"my_armor":0,"opponent_armor":14,"my_hand":5,"opponent_hand":5,"my_board":[{"card_name":"King's Elekk","card_health":2,"card_attack":3}],"opponent_board":[{"card_name":"Sludge Belcher","card_health":5,"card_attack":3}]},{"turn":17,"cards_played":["Alexstrasza"],"current_player":"me","my_health":29,"opponent_health":25,"my_armor":0,"opponent_armor":14,"my_hand":5,"opponent_hand":5,"my_board":[{"card_name":"King's Elekk","card_health":2,"card_attack":3},{"card_name":"Alexstrasza","card_health":8,"card_attack":8}],"opponent_board":[{"card_name":"Sludge Belcher","card_health":5,"card_attack":3}]},{"turn":18,"cards_played":["Shield Slam","Sylvanas Windrunner","Armor Up!"],"current_player":"opponent","my_health":29,"opponent_health":15,"my_armor":0,"opponent_armor":16,"my_hand":5,"opponent_hand":4,"my_board":[],"opponent_board":[{"card_name":"Sylvanas Windrunner","card_health":5,"card_attack":5},{"card_name":"Sludge Belcher","card_health":2,"card_attack":3}]},{"turn":19,"cards_played":["Hunter's Mark","Quick Shot","Twilight Guardian","Steady Shot"],"current_player":"me","my_health":29,"opponent_health":15,"my_armor":0,"opponent_armor":14,"my_hand":3,"opponent_hand":4,"my_board":[{"card_name":"Twilight Guardian","card_health":6,"card_attack":3}],"opponent_board":[{"card_name":"Sludge Belcher","card_health":2,"card_attack":3}]},{"turn":20,"cards_played":["Death's Bite","Armor Up!"],"current_player":"opponent","my_health":29,"opponent_health":15,"my_armor":0,"opponent_armor":13,"my_hand":3,"opponent_hand":4,"my_board":[],"opponent_board":[{"card_name":"Slime","card_health":2,"card_attack":1}]},{"turn":21,"cards_played":["Acolyte of Pain","Steady Shot"],"current_player":"me","my_health":29,"opponent_health":15,"my_armor":0,"opponent_armor":11,"my_hand":3,"opponent_hand":4,"my_board":[{"card_name":"Acolyte of Pain","card_health":3,"card_attack":1}],"opponent_board":[{"card_name":"Slime","card_health":2,"card_attack":1}]},{"turn":22,"cards_played":["Dr. Boom","Armor Up!"],"current_player":"opponent","my_health":28,"opponent_health":15,"my_armor":0,"opponent_armor":12,"my_hand":4,"opponent_hand":4,"my_board":[],"opponent_board":[{"card_name":"Dr. Boom","card_health":7,"card_attack":7},{"card_name":"Slime","card_health":1,"card_attack":1},{"card_name":"Boom Bot","card_health":1,"card_attack":1},{"card_name":"Boom Bot","card_health":1,"card_attack":1}]},{"turn":23,"cards_played":["Chillmaw","Steady Shot"],"current_player":"me","my_health":28,"opponent_health":15,"my_armor":0,"opponent_armor":10,"my_hand":4,"opponent_hand":4,"my_board":[{"card_name":"Chillmaw","card_health":6,"card_attack":6}],"opponent_board":[{"card_name":"Dr. Boom","card_health":7,"card_attack":7},{"card_name":"Slime","card_health":1,"card_attack":1},{"card_name":"Boom Bot","card_health":1,"card_attack":1},{"card_name":"Boom Bot","card_health":1,"card_attack":1}]},{"turn":24,"cards_played":["Fiery War Axe","Armor Up!"],"current_player":"opponent","my_health":20,"opponent_health":15,"my_armor":0,"opponent_armor":6,"my_hand":4,"opponent_hand":4,"my_board":[],"opponent_board":[{"card_name":"Dr. Boom","card_health":4,"card_attack":7}]},{"turn":25,"cards_played":["Rend Blackhand","Steady Shot"],"current_player":"me","my_health":20,"opponent_health":15,"my_armor":0,"opponent_armor":4,"my_hand":4,"opponent_hand":4,"my_board":[{"card_name":"Rend Blackhand","card_health":4,"card_attack":8}],"opponent_board":[]},{"turn":26,"cards_played":["Big Game Hunter","Armor Up!"],"current_player":"opponent","my_health":17,"opponent_health":15,"my_armor":0,"opponent_armor":6,"my_hand":4,"opponent_hand":4,"my_board":[],"opponent_board":[{"card_name":"Big Game Hunter","card_health":2,"card_attack":4}]},{"turn":27,"cards_played":["Savannah Highmane","Blackwing Technician"],"current_player":"me","my_health":17,"opponent_health":15,"my_armor":0,"opponent_armor":6,"my_hand":3,"opponent_hand":4,"my_board":[{"card_name":"Savannah Highmane","card_health":5,"card_attack":6},{"card_name":"Blackwing Technician","card_health":4,"card_attack":2}],"opponent_board":[{"card_name":"Big Game Hunter","card_health":2,"card_attack":4}]},{"turn":28,"cards_played":["Ysera"],"current_player":"opponent","my_health":13,"opponent_health":15,"my_armor":0,"opponent_armor":6,"my_hand":3,"opponent_hand":5,"my_board":[{"card_name":"Savannah Highmane","card_health":5,"card_attack":6},{"card_name":"Blackwing Technician","card_health":5,"card_attack":3}],"opponent_board":[{"card_name":"Big Game Hunter","card_health":2,"card_attack":4},{"card_name":"Ysera","card_health":12,"card_attack":4}]},{"turn":29,"cards_played":["Drakonid Crusher","Steady Shot"],"current_player":"me","my_health":13,"opponent_health":13,"my_armor":0,"opponent_armor":0,"my_hand":3,"opponent_hand":5,"my_board":[{"card_name":"Savannah Highmane","card_health":5,"card_attack":6},{"card_name":"Blackwing Technician","card_health":1,"card_attack":3},{"card_name":"Drakonid Crusher","card_health":9,"card_attack":9}],"opponent_board":[{"card_name":"Ysera","card_health":12,"card_attack":4}]},{"turn":30,"cards_played":["Grommash Hellscream","Ysera Awakens"],"current_player":"opponent","my_health":8,"opponent_health":8,"my_armor":0,"opponent_armor":0,"my_hand":3,"opponent_hand":4,"my_board":[{"card_name":"Drakonid Crusher","card_health":4,"card_attack":9},{"card_name":"Hyena","card_health":2,"card_attack":2},{"card_name":"Hyena","card_health":2,"card_attack":2}],"opponent_board":[{"card_name":"Grommash Hellscream","card_health":4,"card_attack":10},{"card_name":"Ysera","card_health":12,"card_attack":4}]}],"result":"defeat"}