{"plays":[{"turn":1,"cards_played":[],"current_player":"me","my_health":0,"opponent_health":30,"my_armor":0,"opponent_armor":0,"my_hand":0,"opponent_hand":1,"my_board":[],"opponent_board":[]},{"turn":2,"cards_played":["Zombie Chow"],"current_player":"me","my_health":30,"opponent_health":30,"my_armor":0,"opponent_armor":0,"my_hand":5,"opponent_hand":4,"my_board":[{"card_name":"Zombie Chow","card_health":3,"card_attack":2}],"opponent_board":[]},{"turn":3,"cards_played":["Life Tap"],"current_player":"opponent","my_health":30,"opponent_health":28,"my_armor":0,"opponent_armor":0,"my_hand":5,"opponent_hand":6,"my_board":[{"card_name":"Zombie Chow","card_health":3,"card_attack":2}],"opponent_board":[]},{"turn":4,"cards_played":["Unstable Portal"],"current_player":"me","my_health":30,"opponent_health":26,"my_armor":0,"opponent_armor":0,"my_hand":6,"opponent_hand":6,"my_board":[{"card_name":"Zombie Chow","card_health":3,"card_attack":2}],"opponent_board":[]},{"turn":5,"cards_played":["Life Tap"],"current_player":"opponent","my_health":30,"opponent_health":24,"my_armor":0,"opponent_armor":0,"my_hand":6,"opponent_hand":8,"my_board":[{"card_name":"Zombie Chow","card_health":3,"card_attack":2}],"opponent_board":[]},{"turn":6,"cards_played":["Acolyte of Pain"],"current_player":"me","my_health":30,"opponent_health":22,"my_armor":0,"opponent_armor":0,"my_hand":6,"opponent_hand":8,"my_board":[{"card_name":"Acolyte of Pain","card_health":3,"card_attack":1},{"card_name":"Zombie Chow","card_health":3,"card_attack":2}],"opponent_board":[]},{"turn":7,"cards_played":["Mountain Giant"],"current_player":"opponent","my_health":30,"opponent_health":22,"my_armor":0,"opponent_armor":0,"my_hand":6,"opponent_hand":8,"my_board":[{"card_name":"Acolyte of Pain","card_health":3,"card_attack":1},{"card_name":"Zombie Chow","card_health":3,"card_attack":2}],"opponent_board":[{"card_name":"Mountain Giant","card_health":8,"card_attack":8}]},{"turn":8,"cards_played":["Water Elemental"],"current_player":"me","my_health":30,"opponent_health":19,"my_armor":0,"opponent_armor":0,"my_hand":6,"opponent_hand":8,"my_board":[{"card_name":"Acolyte of Pain","card_health":3,"card_attack":1},{"card_name":"Zombie Chow","card_health":3,"card_attack":2},{"card_name":"Water Elemental","card_health":6,"card_attack":3}],"opponent_board":[{"card_name":"Mountain Giant","card_health":8,"card_attack":8}]},{"turn":9,"cards_played":["Ironbeak Owl","Ancient Watcher","Zombie Chow"],"current_player":"opponent","my_health":30,"opponent_health":19,"my_armor":0,"opponent_armor":0,"my_hand":6,"opponent_hand":6,"my_board":[{"card_name":"Acolyte of Pain","card_health":3,"card_attack":1},{"card_name":"Zombie Chow","card_health":3,"card_attack":2}],"opponent_board":[{"card_name":"Zombie Chow","card_health":3,"card_attack":2},{"card_name":"Ironbeak Owl","card_health":1,"card_attack":2},{"card_name":"Mountain Giant","card_health":5,"card_attack":8},{"card_name":"Ancient Watcher","card_health":5,"card_attack":4}]},{"turn":10,"cards_played":["Fireblast","Fireblast"],"current_player":"me","my_health":30,"opponent_health":16,"my_armor":0,"opponent_armor":0,"my_hand":6,"opponent_hand":6,"my_board":[{"card_name":"Acolyte of Pain","card_health":3,"card_attack":1},{"card_name":"Zombie Chow","card_health":3,"card_attack":2}],"opponent_board":[{"card_name":"Zombie Chow","card_health":3,"card_attack":2},{"card_name":"Mountain Giant","card_health":5,"card_attack":8},{"card_name":"Ancient Watcher","card_health":5,"card_attack":4}]},{"turn":11,"cards_played":["Life Tap","Defender of Argus"],"current_player":"opponent","my_health":30,"opponent_health":14,"my_armor":6,"opponent_armor":0,"my_hand":6,"opponent_hand":7,"my_board":[{"card_name":"Acolyte of Pain","card_health":3,"card_attack":1},{"card_name":"Zombie Chow","card_health":3,"card_attack":2}],"opponent_board":[{"card_name":"Zombie Chow","card_health":3,"card_attack":2},{"card_name":"Mountain Giant","card_health":6,"card_attack":9},{"card_name":"Defender of Argus","card_health":3,"card_attack":2},{"card_name":"Ancient Watcher","card_health":6,"card_attack":5}]},{"turn":12,"cards_played":["Mana Wyrm","Polymorph","The Coin","Fireblast","Fireblast"],"current_player":"me","my_health":30,"opponent_health":14,"my_armor":6,"opponent_armor":0,"my_hand":4,"opponent_hand":7,"my_board":[{"card_name":"Acolyte of Pain","card_health":3,"card_attack":1},{"card_name":"Mana Wyrm","card_health":3,"card_attack":3},{"card_name":"Zombie Chow","card_health":3,"card_attack":2}],"opponent_board":[{"card_name":"Zombie Chow","card_health":3,"card_attack":2},{"card_name":"Defender of Argus","card_health":3,"card_attack":2},{"card_name":"Ancient Watcher","card_health":6,"card_attack":5}]},{"turn":13,"cards_played":["Twilight Drake","Life Tap"],"current_player":"opponent","my_health":30,"opponent_health":12,"my_armor":6,"opponent_armor":0,"my_hand":4,"opponent_hand":8,"my_board":[{"card_name":"Acolyte of Pain","card_health":3,"card_attack":1},{"card_name":"Zombie Chow","card_health":3,"card_attack":2}],"opponent_board":[{"card_name":"Twilight Drake","card_health":8,"card_attack":4},{"card_name":"Ancient Watcher","card_health":6,"card_attack":5}]},{"turn":14,"cards_played":["Water Elemental","Mad Scientist"],"current_player":"me","my_health":30,"opponent_health":12,"my_armor":6,"opponent_armor":0,"my_hand":3,"opponent_hand":8,"my_board":[{"card_name":"Acolyte of Pain","card_health":3,"card_attack":1},{"card_name":"Water Elemental","card_health":6,"card_attack":3},{"card_name":"Zombie Chow","card_health":3,"card_attack":2},{"card_name":"Mad Scientist","card_health":2,"card_attack":2}],"opponent_board":[{"card_name":"Twilight Drake","card_health":8,"card_attack":4},{"card_name":"Ancient Watcher","card_health":6,"card_attack":5}]},{"turn":15,"cards_played":["Life Tap","Molten Giant","Mountain Giant"],"current_player":"opponent","my_health":30,"opponent_health":10,"my_armor":6,"opponent_armor":0,"my_hand":3,"opponent_hand":8,"my_board":[{"card_name":"Acolyte of Pain","card_health":3,"card_attack":1},{"card_name":"Water Elemental","card_health":6,"card_attack":3},{"card_name":"Mad Scientist","card_health":2,"card_attack":2}],"opponent_board":[{"card_name":"Twilight Drake","card_health":6,"card_attack":4},{"card_name":"Molten Giant","card_health":8,"card_attack":8},{"card_name":"Ancient Watcher","card_health":6,"card_attack":5},{"card_name":"Mountain Giant","card_health":8,"card_attack":8}]},{"turn":16,"cards_played":["Flamestrike"],"current_player":"me","my_health":30,"opponent_health":11,"my_armor":6,"opponent_armor":0,"my_hand":3,"opponent_hand":8,"my_board":[{"card_name":"Acolyte of Pain","card_health":3,"card_attack":1},{"card_name":"Water Elemental","card_health":6,"card_attack":3}],"opponent_board":[{"card_name":"Twilight Drake","card_health":2,"card_attack":4},{"card_name":"Molten Giant","card_health":4,"card_attack":8},{"card_name":"Mountain Giant","card_health":4,"card_attack":8}]},{"turn":17,"cards_played":["Molten Giant","Antique Healbot"],"current_player":"opponent","my_health":28,"opponent_health":19,"my_armor":0,"opponent_armor":0,"my_hand":5,"opponent_hand":7,"my_board":[],"opponent_board":[{"card_name":"Twilight Drake","card_health":1,"card_attack":4},{"card_name":"Antique Healbot","card_health":3,"card_attack":3},{"card_name":"Molten Giant","card_health":4,"card_attack":8},{"card_name":"Molten Giant","card_health":8,"card_attack":8},{"card_name":"Mountain Giant","card_health":1,"card_attack":8}]},{"turn":18,"cards_played":["Acolyte of Pain","Acolyte of Pain","Fireblast","Fireblast"],"current_player":"me","my_health":28,"opponent_health":19,"my_armor":0,"opponent_armor":0,"my_hand":4,"opponent_hand":7,"my_board":[{"card_name":"Acolyte of Pain","card_health":3,"card_attack":1},{"card_name":"Acolyte of Pain","card_health":3,"card_attack":1}],"opponent_board":[{"card_name":"Antique Healbot","card_health":3,"card_attack":3},{"card_name":"Molten Giant","card_health":4,"card_attack":8},{"card_name":"Molten Giant","card_health":8,"card_attack":8},{"card_name":"Mountain Giant","card_health":1,"card_attack":8}]},{"turn":19,"cards_played":["Life Tap","Shadowflame","Defender of Argus"],"current_player":"opponent","my_health":8,"opponent_health":17,"my_armor":0,"opponent_armor":0,"my_hand":6,"opponent_hand":7,"my_board":[],"opponent_board":[{"card_name":"Defender of Argus","card_health":3,"card_attack":2},{"card_name":"Molten Giant","card_health":4,"card_attack":8},{"card_name":"Molten Giant","card_health":9,"card_attack":9},{"card_name":"Mountain Giant","card_health":2,"card_attack":9}]},{"turn":20,"cards_played":["Sludge Belcher","Fireblast","Fireblast"],"current_player":"me","my_health":8,"opponent_health":17,"my_armor":0,"opponent_armor":0,"my_hand":5,"opponent_hand":7,"my_board":[{"card_name":"Sludge Belcher","card_health":5,"card_attack":3}],"opponent_board":[{"card_name":"Defender of Argus","card_health":3,"card_attack":2},{"card_name":"Molten Giant","card_health":4,"card_attack":8},{"card_name":"Molten Giant","card_health":8,"card_attack":9},{"card_name":"Mountain Giant","card_health":2,"card_attack":9}]},{"turn":21,"cards_played":["Dr. Boom"],"current_player":"opponent","my_health":5,"opponent_health":17,"my_armor":0,"opponent_armor":0,"my_hand":5,"opponent_hand":7,"my_board":[],"opponent_board":[{"card_name":"Dr. Boom","card_health":7,"card_attack":7},{"card_name":"Defender of Argus","card_health":3,"card_attack":2},{"card_name":"Molten Giant","card_health":1,"card_attack":8},{"card_name":"Molten Giant","card_health":7,"card_attack":9},{"card_name":"Mountain Giant","card_health":2,"card_attack":9},{"card_name":"Boom Bot","card_health":1,"card_attack":1},{"card_name":"Boom Bot","card_health":1,"card_attack":1}]},{"turn":22,"cards_played":[],"current_player":"me","my_health":5,"opponent_health":17,"my_armor":0,"opponent_armor":0,"my_hand":6,"opponent_hand":7,"my_board":[],"opponent_board":[{"card_name":"Dr. Boom","card_health":7,"card_attack":7},{"card_name":"Defender of Argus","card_health":3,"card_attack":2},{"card_name":"Molten Giant","card_health":1,"card_attack":8},{"card_name":"Molten Giant","card_health":7,"card_attack":9},{"card_name":"Mountain Giant","card_health":2,"card_attack":9},{"card_name":"Boom Bot","card_health":1,"card_attack":1},{"card_name":"Boom Bot","card_health":1,"card_attack":1}]}],"result":"defeat"}