{"plays":[{"turn":1,"cards_played":[],"current_player":"me","my_health":0,"opponent_health":30,"my_armor":0,"opponent_armor":0,"my_hand":0,"opponent_hand":1,"my_board":[],"opponent_board":[]},{"turn":2,"cards_played":[],"current_player":"me","my_health":30,"opponent_health":30,"my_armor":0,"opponent_armor":0,"my_hand":6,"opponent_hand":4,"my_board":[],"opponent_board":[]},{"turn":3,"cards_played":["Wyrmrest Agent"],"current_player":"opponent","my_health":30,"opponent_health":30,"my_armor":0,"opponent_armor":0,"my_hand":6,"opponent_hand":4,"my_board":[],"opponent_board":[{"card_name":"Wyrmrest Agent","card_health":4,"card_attack":1}]},{"turn":4,"cards_played":["Sorcerer's Apprentice","Mirror Image"],"current_player":"me","my_health":30,"opponent_health":30,"my_armor":0,"opponent_armor":0,"my_hand":5,"opponent_hand":4,"my_board":[{"card_name":"Sorcerer's Apprentice","card_health":2,"card_attack":3},{"card_name":"Mirror Image","card_health":2,"card_attack":0},{"card_name":"Mirror Image","card_health":2,"card_attack":0}],"opponent_board":[{"card_name":"Wyrmrest Agent","card_health":4,"card_attack":2}]},{"turn":5,"cards_played":["Holy Smite","Lesser Heal","Lesser Heal"],"current_player":"opponent","my_health":30,"opponent_health":30,"my_armor":0,"opponent_armor":0,"my_hand":5,"opponent_hand":4,"my_board":[{"card_name":"Mirror Image","card_health":2,"card_attack":0}],"opponent_board":[{"card_name":"Wyrmrest Agent","card_health":4,"card_attack":2}]},{"turn":6,"cards_played":["Flamewaker","The Coin","Arcane Missiles"],"current_player":"me","my_health":30,"opponent_health":28,"my_armor":0,"opponent_armor":0,"my_hand":3,"opponent_hand":4,"my_board":[{"card_name":"Flamewaker","card_health":4,"card_attack":2},{"card_name":"Mirror Image","card_health":2,"card_attack":0}],"opponent_board":[{"card_name":"Wyrmrest Agent","card_health":4,"card_attack":2}]},{"turn":7,"cards_played":["Northshire Cleric","Lesser Heal","Lesser Heal","Power Word: Shield"],"current_player":"opponent","my_health":30,"opponent_health":24,"my_armor":0,"opponent_armor":0,"my_hand":3,"opponent_hand":5,"my_board":[{"card_name":"Flamewaker","card_health":4,"card_attack":2}],"opponent_board":[{"card_name":"Wyrmrest Agent","card_health":6,"card_attack":2},{"card_name":"Northshire Cleric","card_health":3,"card_attack":1}]},{"turn":8,"cards_played":["Fireball"],"current_player":"me","my_health":30,"opponent_health":23,"my_armor":0,"opponent_armor":0,"my_hand":3,"opponent_hand":5,"my_board":[{"card_name":"Flamewaker","card_health":3,"card_attack":2}],"opponent_board":[]},{"turn":9,"cards_played":["Azure Drake"],"current_player":"opponent","my_health":30,"opponent_health":23,"my_armor":0,"opponent_armor":0,"my_hand":3,"opponent_hand":6,"my_board":[{"card_name":"Flamewaker","card_health":3,"card_attack":2}],"opponent_board":[{"card_name":"Azure Drake","card_health":4,"card_attack":4}]},{"turn":10,"cards_played":["Frostbolt","Arcane Intellect"],"current_player":"me","my_health":30,"opponent_health":18,"my_armor":0,"opponent_armor":0,"my_hand":4,"opponent_hand":6,"my_board":[{"card_name":"Flamewaker","card_health":3,"card_attack":2}],"opponent_board":[]},{"turn":11,"cards_played":["Blackwing Technician","Northshire Cleric","Lesser Heal","Lesser Heal"],"current_player":"opponent","my_health":30,"opponent_health":20,"my_armor":0,"opponent_armor":0,"my_hand":4,"opponent_hand":5,"my_board":[{"card_name":"Flamewaker","card_health":3,"card_attack":2}],"opponent_board":[{"card_name":"Northshire Cleric","card_health":3,"card_attack":1},{"card_name":"Blackwing Technician","card_health":5,"card_attack":3}]},{"turn":12,"cards_played":["Fireball","Unstable Portal","Hobgoblin"],"current_player":"me","my_health":30,"opponent_health":17,"my_armor":0,"opponent_armor":0,"my_hand":3,"opponent_hand":5,"my_board":[{"card_name":"Flamewaker","card_health":3,"card_attack":2},{"card_name":"Hobgoblin","card_health":3,"card_attack":2}],"opponent_board":[]},{"turn":13,"cards_played":["Twilight Guardian","Lesser Heal"],"current_player":"opponent","my_health":30,"opponent_health":19,"my_armor":0,"opponent_armor":0,"my_hand":3,"opponent_hand":5,"my_board":[{"card_name":"Flamewaker","card_health":3,"card_attack":2},{"card_name":"Hobgoblin","card_health":3,"card_attack":2}],"opponent_board":[{"card_name":"Twilight Guardian","card_health":6,"card_attack":3}]},{"turn":14,"cards_played":["Azure Drake","Flamecannon"],"current_player":"me","my_health":30,"opponent_health":15,"my_armor":0,"opponent_armor":0,"my_hand":3,"opponent_hand":5,"my_board":[{"card_name":"Flamewaker","card_health":3,"card_attack":2},{"card_name":"Azure Drake","card_health":4,"card_attack":4}],"opponent_board":[]},{"turn":15,"cards_played":["Vol'jin","Dark Cultist"],"current_player":"opponent","my_health":30,"opponent_health":15,"my_armor":0,"opponent_armor":0,"my_hand":3,"opponent_hand":4,"my_board":[{"card_name":"Flamewaker","card_health":3,"card_attack":2},{"card_name":"Azure Drake","card_health":2,"card_attack":4}],"opponent_board":[{"card_name":"Dark Cultist","card_health":4,"card_attack":3},{"card_name":"Vol'jin","card_health":4,"card_attack":6}]},{"turn":16,"cards_played":["Sorcerer's Apprentice","Flamestrike","Mirror Image"],"current_player":"me","my_health":30,"opponent_health":5,"my_armor":0,"opponent_armor":0,"my_hand":1,"opponent_hand":4,"my_board":[{"card_name":"Sorcerer's Apprentice","card_health":2,"card_attack":3},{"card_name":"Flamewaker","card_health":3,"card_attack":2},{"card_name":"Azure Drake","card_health":2,"card_attack":4},{"card_name":"Mirror Image","card_health":2,"card_attack":0},{"card_name":"Mirror Image","card_health":2,"card_attack":0}],"opponent_board":[]},{"turn":17,"cards_played":["Holy Nova","Lesser Heal"],"current_player":"opponent","my_health":28,"opponent_health":9,"my_armor":0,"opponent_armor":0,"my_hand":1,"opponent_hand":4,"my_board":[{"card_name":"Flamewaker","card_health":1,"card_attack":2}],"opponent_board":[]},{"turn":18,"cards_played":["Mana Wyrm","Fireblast","Fireblast"],"current_player":"me","my_health":28,"opponent_health":4,"my_armor":0,"opponent_armor":0,"my_hand":0,"opponent_hand":4,"my_board":[{"card_name":"Flamewaker","card_health":1,"card_attack":2},{"card_name":"Mana Wyrm","card_health":3,"card_attack":2}],"opponent_board":[]},{"turn":19,"cards_played":["Holy Nova","Twilight Whelp","Lesser Heal"],"current_player":"opponent","my_health":26,"opponent_health":8,"my_armor":0,"opponent_armor":0,"my_hand":0,"opponent_hand":3,"my_board":[{"card_name":"Mana Wyrm","card_health":1,"card_attack":2},{"card_name":"Twilight Whelp","card_health":3,"card_attack":2}],"opponent_board":[{"card_name":"Twilight Whelp","card_health":3,"card_attack":2}]},{"turn":20,"cards_played":["Fireblast"],"current_player":"me","my_health":26,"opponent_health":2,"my_armor":0,"opponent_armor":0,"my_hand":0,"opponent_hand":3,"my_board":[{"card_name":"Mana Wyrm","card_health":1,"card_attack":3},{"card_name":"Twilight Whelp","card_health":3,"card_attack":2}],"opponent_board":[{"card_name":"Twilight Whelp","card_health":3,"card_attack":2}]},{"turn":21,"cards_played":["Lightbomb","Lesser Heal"],"current_player":"opponent","my_health":26,"opponent_health":4,"my_armor":0,"opponent_armor":0,"my_hand":0,"opponent_hand":3,"my_board":[{"card_name":"Twilight Whelp","card_health":3,"card_attack":2}],"opponent_board":[]},{"turn":22,"cards_played":["Arcane Intellect","Mana Wyrm","Fireblast"],"current_player":"me","my_health":26,"opponent_health":1,"my_armor":0,"opponent_armor":0,"my_hand":0,"opponent_hand":3,"my_board":[{"card_name":"Mana Wyrm","card_health":3,"card_attack":2},{"card_name":"Twilight Whelp","card_health":3,"card_attack":2}],"opponent_board":[]},{"turn":23,"cards_played":["Blackwing Corruptor","Shadow Word: Death","Lesser Heal"],"current_player":"opponent","my_health":26,"opponent_health":3,"my_armor":0,"opponent_armor":0,"my_hand":0,"opponent_hand":2,"my_board":[{"card_name":"Twilight Whelp","card_health":3,"card_attack":2}],"opponent_board":[{"card_name":"Blackwing Corruptor","card_health":4,"card_attack":5}]}],"result":"victory"}