{"plays":[{"turn":1,"cards_played":[],"current_player":"me","my_health":0,"opponent_health":30,"my_armor":0,"opponent_armor":0,"my_hand":0,"opponent_hand":1,"my_board":[],"opponent_board":[]},{"turn":2,"cards_played":["Lowly Squire","Leper Gnome"],"current_player":"me","my_health":30,"opponent_health":30,"my_armor":0,"opponent_armor":0,"my_hand":5,"opponent_hand":3,"my_board":[{"card_name":"Leper Gnome","card_health":1,"card_attack":2}],"opponent_board":[{"card_name":"Lowly Squire","card_health":2,"card_attack":1}]},{"turn":3,"cards_played":["Fireblast","Fireblast"],"current_player":"opponent","my_health":28,"opponent_health":28,"my_armor":0,"opponent_armor":0,"my_hand":5,"opponent_hand":4,"my_board":[],"opponent_board":[{"card_name":"Lowly Squire","card_health":2,"card_attack":2}]},{"turn":4,"cards_played":["Mana Wyrm","The Coin","Frostbolt"],"current_player":"me","my_health":28,"opponent_health":28,"my_armor":0,"opponent_armor":0,"my_hand":3,"opponent_hand":4,"my_board":[{"card_name":"Mana Wyrm","card_health":3,"card_attack":3}],"opponent_board":[]},{"turn":5,"cards_played":["Ironfur Grizzly"],"current_player":"opponent","my_health":28,"opponent_health":28,"my_armor":0,"opponent_armor":0,"my_hand":3,"opponent_hand":4,"my_board":[{"card_name":"Mana Wyrm","card_health":3,"card_attack":3}],"opponent_board":[{"card_name":"Ironfur Grizzly","card_health":3,"card_attack":3}]},{"turn":6,"cards_played":["Lowly Squire","Fireblast","Fireblast"],"current_player":"me","my_health":28,"opponent_health":27,"my_armor":0,"opponent_armor":0,"my_hand":3,"opponent_hand":4,"my_board":[{"card_name":"Lowly Squire","card_health":2,"card_attack":1}],"opponent_board":[]},{"turn":7,"cards_played":["Dragonling Mechanic"],"current_player":"opponent","my_health":28,"opponent_health":27,"my_armor":0,"opponent_armor":0,"my_hand":3,"opponent_hand":4,"my_board":[{"card_name":"Lowly Squire","card_health":2,"card_attack":2}],"opponent_board":[{"card_name":"Dragonling Mechanic","card_health":4,"card_attack":2},{"card_name":"Mechanical Dragonling","card_health":1,"card_attack":2}]},{"turn":8,"cards_played":["Snowchugger","Fireblast","Fireblast"],"current_player":"me","my_health":28,"opponent_health":24,"my_armor":0,"opponent_armor":0,"my_hand":3,"opponent_hand":4,"my_board":[{"card_name":"Lowly Squire","card_health":2,"card_attack":3},{"card_name":"Snowchugger","card_health":3,"card_attack":2}],"opponent_board":[{"card_name":"Dragonling Mechanic","card_health":4,"card_attack":2}]},{"turn":9,"cards_played":["Fireblast","Fireblast"],"current_player":"opponent","my_health":28,"opponent_health":24,"my_armor":0,"opponent_armor":0,"my_hand":3,"opponent_hand":4,"my_board":[{"card_name":"Lowly Squire","card_health":2,"card_attack":3}],"opponent_board":[{"card_name":"Dragonling Mechanic","card_health":2,"card_attack":2}]},{"turn":10,"cards_played":["Fireblast","Fireblast"],"current_player":"me","my_health":28,"opponent_health":21,"my_armor":0,"opponent_armor":0,"my_hand":3,"opponent_hand":4,"my_board":[{"card_name":"Lowly Squire","card_health":2,"card_attack":3}],"opponent_board":[{"card_name":"Dragonling Mechanic","card_health":1,"card_attack":2}]},{"turn":11,"cards_played":["Spectral Knight"],"current_player":"opponent","my_health":28,"opponent_health":21,"my_armor":0,"opponent_armor":0,"my_hand":3,"opponent_hand":4,"my_board":[{"card_name":"Lowly Squire","card_health":2,"card_attack":4}],"opponent_board":[{"card_name":"Spectral Knight","card_health":6,"card_attack":4},{"card_name":"Dragonling Mechanic","card_health":1,"card_attack":2}]},{"turn":12,"cards_played":["Fireblast","Frost Nova"],"current_player":"me","my_health":28,"opponent_health":16,"my_armor":0,"opponent_armor":0,"my_hand":3,"opponent_hand":6,"my_board":[{"card_name":"Lowly Squire","card_health":2,"card_attack":5}],"opponent_board":[{"card_name":"Spectral Knight","card_health":6,"card_attack":4}]},{"turn":13,"cards_played":["Flying Machine","Goblin Blastmage"],"current_player":"opponent","my_health":26,"opponent_health":16,"my_armor":0,"opponent_armor":0,"my_hand":5,"opponent_hand":5,"my_board":[],"opponent_board":[{"card_name":"Spectral Knight","card_health":6,"card_attack":4},{"card_name":"Goblin Blastmage","card_health":4,"card_attack":5},{"card_name":"Flying Machine","card_health":4,"card_attack":1}]},{"turn":14,"cards_played":["Frost Elemental","Lowly Squire"],"current_player":"me","my_health":26,"opponent_health":16,"my_armor":0,"opponent_armor":0,"my_hand":4,"opponent_hand":5,"my_board":[{"card_name":"Frost Elemental","card_health":5,"card_attack":5},{"card_name":"Lowly Squire","card_health":2,"card_attack":1}],"opponent_board":[{"card_name":"Spectral Knight","card_health":6,"card_attack":4},{"card_name":"Goblin Blastmage","card_health":4,"card_attack":5},{"card_name":"Flying Machine","card_health":4,"card_attack":1}]},{"turn":15,"cards_played":["Dragonling Mechanic","Fireblast","Fireblast","Mechwarper"],"current_player":"opponent","my_health":26,"opponent_health":16,"my_armor":0,"opponent_armor":0,"my_hand":4,"opponent_hand":4,"my_board":[],"opponent_board":[{"card_name":"Mechwarper","card_health":3,"card_attack":2},{"card_name":"Spectral Knight","card_health":1,"card_attack":4},{"card_name":"Goblin Blastmage","card_health":4,"card_attack":5},{"card_name":"Flying Machine","card_health":2,"card_attack":1},{"card_name":"Dragonling Mechanic","card_health":4,"card_attack":2},{"card_name":"Mechanical Dragonling","card_health":1,"card_attack":2}]},{"turn":16,"cards_played":["Acolyte of Pain","Lowly Squire","Fireblast","Fireblast","Mirror Image"],"current_player":"me","my_health":26,"opponent_health":16,"my_armor":0,"opponent_armor":0,"my_hand":3,"opponent_hand":4,"my_board":[{"card_name":"Acolyte of Pain","card_health":2,"card_attack":1},{"card_name":"Lowly Squire","card_health":2,"card_attack":2},{"card_name":"Mirror Image","card_health":2,"card_attack":0},{"card_name":"Mirror Image","card_health":2,"card_attack":0}],"opponent_board":[{"card_name":"Mechwarper","card_health":3,"card_attack":2},{"card_name":"Spectral Knight","card_health":1,"card_attack":4},{"card_name":"Goblin Blastmage","card_health":4,"card_attack":5},{"card_name":"Flying Machine","card_health":2,"card_attack":1},{"card_name":"Dragonling Mechanic","card_health":4,"card_attack":2},{"card_name":"Mechanical Dragonling","card_health":1,"card_attack":2}]},{"turn":17,"cards_played":["Fireblast","Fireblast","Haunted Creeper"],"current_player":"opponent","my_health":14,"opponent_health":16,"my_armor":0,"opponent_armor":0,"my_hand":3,"opponent_hand":3,"my_board":[{"card_name":"Acolyte of Pain","card_health":2,"card_attack":1}],"opponent_board":[{"card_name":"Mechwarper","card_health":3,"card_attack":2},{"card_name":"Spectral Knight","card_health":1,"card_attack":4},{"card_name":"Goblin Blastmage","card_health":4,"card_attack":5},{"card_name":"Flying Machine","card_health":2,"card_attack":1},{"card_name":"Haunted Creeper","card_health":2,"card_attack":1},{"card_name":"Dragonling Mechanic","card_health":2,"card_attack":2},{"card_name":"Mechanical Dragonling","card_health":1,"card_attack":2}]},{"turn":18,"cards_played":["Fireblast","Fireblast","Dragon's Breath"],"current_player":"me","my_health":14,"opponent_health":16,"my_armor":0,"opponent_armor":0,"my_hand":3,"opponent_hand":3,"my_board":[],"opponent_board":[{"card_name":"Mechwarper","card_health":3,"card_attack":2},{"card_name":"Flying Machine","card_health":2,"card_attack":1},{"card_name":"Haunted Creeper","card_health":2,"card_attack":1},{"card_name":"Dragonling Mechanic","card_health":2,"card_attack":2}]},{"turn":19,"cards_played":["Clockwork Gnome","Ogre Magi","Fireblast"],"current_player":"opponent","my_health":14,"opponent_health":16,"my_armor":0,"opponent_armor":0,"my_hand":3,"opponent_hand":2,"my_board":[],"opponent_board":[{"card_name":"Mechwarper","card_health":3,"card_attack":2},{"card_name":"Ogre Magi","card_health":4,"card_attack":4},{"card_name":"Flying Machine","card_health":2,"card_attack":1},{"card_name":"Clockwork Gnome","card_health":1,"card_attack":2},{"card_name":"Haunted Creeper","card_health":2,"card_attack":1},{"card_name":"Dragonling Mechanic","card_health":2,"card_attack":2}]},{"turn":20,"cards_played":["Silver Hand Knight","Blackwing Corruptor"],"current_player":"me","my_health":14,"opponent_health":16,"my_armor":0,"opponent_armor":0,"my_hand":2,"opponent_hand":2,"my_board":[{"card_name":"Silver Hand Knight","card_health":4,"card_attack":4},{"card_name":"Blackwing Corruptor","card_health":4,"card_attack":5},{"card_name":"Squire","card_health":2,"card_attack":2}],"opponent_board":[{"card_name":"Ogre Magi","card_health":4,"card_attack":4},{"card_name":"Flying Machine","card_health":2,"card_attack":1},{"card_name":"Clockwork Gnome","card_health":1,"card_attack":2},{"card_name":"Haunted Creeper","card_health":2,"card_attack":1},{"card_name":"Dragonling Mechanic","card_health":2,"card_attack":2},{"card_name":"Silver Hand Knight","card_health":4,"card_attack":4}]}],"result":"defeat"}