{"plays":[{"turn":1,"cards_played":[],"current_player":"opponent","my_health":30,"opponent_health":0,"my_armor":0,"opponent_armor":0,"my_hand":1,"opponent_hand":0,"my_board":[],"opponent_board":[]},{"turn":2,"cards_played":["Argent Squire"],"current_player":"opponent","my_health":30,"opponent_health":30,"my_armor":0,"opponent_armor":0,"my_hand":4,"opponent_hand":5,"my_board":[],"opponent_board":[{"card_name":"Argent Squire","card_health":1,"card_attack":1}]},{"turn":3,"cards_played":["Unstable Portal"],"current_player":"me","my_health":30,"opponent_health":30,"my_armor":0,"opponent_armor":0,"my_hand":5,"opponent_hand":5,"my_board":[],"opponent_board":[{"card_name":"Argent Squire","card_health":1,"card_attack":1}]},{"turn":4,"cards_played":["The Coin","Arcane Golem"],"current_player":"opponent","my_health":25,"opponent_health":30,"my_armor":0,"opponent_armor":0,"my_hand":5,"opponent_hand":4,"my_board":[],"opponent_board":[{"card_name":"Argent Squire","card_health":1,"card_attack":1},{"card_name":"Arcane Golem","card_health":2,"card_attack":4}]},{"turn":5,"cards_played":["Fireblast","Fireblast","Zombie Chow"],"current_player":"me","my_health":25,"opponent_health":30,"my_armor":0,"opponent_armor":0,"my_hand":5,"opponent_hand":4,"my_board":[{"card_name":"Zombie Chow","card_health":3,"card_attack":2}],"opponent_board":[{"card_name":"Argent Squire","card_health":1,"card_attack":1},{"card_name":"Arcane Golem","card_health":2,"card_attack":4}]},{"turn":6,"cards_played":["Coghammer"],"current_player":"opponent","my_health":19,"opponent_health":30,"my_armor":0,"opponent_armor":0,"my_hand":5,"opponent_hand":4,"my_board":[{"card_name":"Zombie Chow","card_health":2,"card_attack":2}],"opponent_board":[{"card_name":"Arcane Golem","card_health":2,"card_attack":4}]},{"turn":7,"cards_played":["Fireblast","Fireblast","Flamecannon"],"current_player":"me","my_health":19,"opponent_health":28,"my_armor":0,"opponent_armor":0,"my_hand":5,"opponent_hand":4,"my_board":[{"card_name":"Zombie Chow","card_health":2,"card_attack":2}],"opponent_board":[]},{"turn":8,"cards_played":["Knife Juggler","Reinforce"],"current_player":"opponent","my_health":18,"opponent_health":30,"my_armor":0,"opponent_armor":0,"my_hand":5,"opponent_hand":4,"my_board":[],"opponent_board":[{"card_name":"Knife Juggler","card_health":2,"card_attack":3},{"card_name":"Silver Hand Recruit","card_health":1,"card_attack":1}]},{"turn":9,"cards_played":["Sludge Belcher"],"current_player":"me","my_health":18,"opponent_health":30,"my_armor":0,"opponent_armor":0,"my_hand":5,"opponent_hand":4,"my_board":[{"card_name":"Sludge Belcher","card_health":5,"card_attack":3}],"opponent_board":[{"card_name":"Knife Juggler","card_health":2,"card_attack":3},{"card_name":"Silver Hand Recruit","card_health":1,"card_attack":1}]},{"turn":10,"cards_played":["Ironbeak Owl","Divine Favor"],"current_player":"opponent","my_health":12,"opponent_health":30,"my_armor":0,"opponent_armor":0,"my_hand":5,"opponent_hand":5,"my_board":[{"card_name":"Sludge Belcher","card_health":4,"card_attack":3}],"opponent_board":[{"card_name":"Knife Juggler","card_health":2,"card_attack":3},{"card_name":"Ironbeak Owl","card_health":1,"card_attack":2},{"card_name":"Silver Hand Recruit","card_health":1,"card_attack":1}]},{"turn":11,"cards_played":["Flamestrike"],"current_player":"me","my_health":12,"opponent_health":27,"my_armor":0,"opponent_armor":0,"my_hand":5,"opponent_hand":5,"my_board":[{"card_name":"Sludge Belcher","card_health":4,"card_attack":3}],"opponent_board":[]},{"turn":12,"cards_played":["Muster for Battle","Reinforce","Leper Gnome"],"current_player":"opponent","my_health":11,"opponent_health":27,"my_armor":0,"opponent_armor":0,"my_hand":5,"opponent_hand":4,"my_board":[{"card_name":"Sludge Belcher","card_health":4,"card_attack":3}],"opponent_board":[{"card_name":"Leper Gnome","card_health":1,"card_attack":2},{"card_name":"Silver Hand Recruit","card_health":1,"card_attack":1},{"card_name":"Silver Hand Recruit","card_health":1,"card_attack":1},{"card_name":"Silver Hand Recruit","card_health":1,"card_attack":1},{"card_name":"Silver Hand Recruit","card_health":1,"card_attack":1}]},{"turn":13,"cards_played":["Fireblast","Fireblast","Mana Wyrm","Starving Buzzard"],"current_player":"me","my_health":9,"opponent_health":27,"my_armor":0,"opponent_armor":0,"my_hand":3,"opponent_hand":4,"my_board":[{"card_name":"Sludge Belcher","card_health":3,"card_attack":3},{"card_name":"Mana Wyrm","card_health":3,"card_attack":1},{"card_name":"Starving Buzzard","card_health":2,"card_attack":3}],"opponent_board":[{"card_name":"Silver Hand Recruit","card_health":1,"card_attack":1},{"card_name":"Silver Hand Recruit","card_health":1,"card_attack":1},{"card_name":"Silver Hand Recruit","card_health":1,"card_attack":1}]},{"turn":14,"cards_played":["Blessing of Kings","Blessing of Might","Reinforce"],"current_player":"opponent","my_health":6,"opponent_health":27,"my_armor":0,"opponent_armor":0,"my_hand":3,"opponent_hand":3,"my_board":[{"card_name":"Sludge Belcher","card_health":3,"card_attack":3},{"card_name":"Mana Wyrm","card_health":3,"card_attack":2},{"card_name":"Starving Buzzard","card_health":2,"card_attack":3}],"opponent_board":[{"card_name":"Silver Hand Recruit","card_health":1,"card_attack":1},{"card_name":"Silver Hand Recruit","card_health":5,"card_attack":8},{"card_name":"Silver Hand Recruit","card_health":1,"card_attack":1},{"card_name":"Silver Hand Recruit","card_health":1,"card_attack":1}]},{"turn":15,"cards_played":["Big Game Hunter","Sludge Belcher","Zombie Chow"],"current_player":"me","my_health":6,"opponent_health":27,"my_armor":0,"opponent_armor":0,"my_hand":1,"opponent_hand":3,"my_board":[{"card_name":"Sludge Belcher","card_health":2,"card_attack":3},{"card_name":"Sludge Belcher","card_health":5,"card_attack":3},{"card_name":"Mana Wyrm","card_health":2,"card_attack":2},{"card_name":"Zombie Chow","card_health":3,"card_attack":2},{"card_name":"Big Game Hunter","card_health":2,"card_attack":4},{"card_name":"Starving Buzzard","card_health":1,"card_attack":3}],"opponent_board":[]},{"turn":16,"cards_played":["Truesilver Champion","Hammer of Wrath"],"current_player":"opponent","my_health":3,"opponent_health":26,"my_armor":0,"opponent_armor":0,"my_hand":1,"opponent_hand":3,"my_board":[{"card_name":"Sludge Belcher","card_health":2,"card_attack":3},{"card_name":"Sludge Belcher","card_health":1,"card_attack":3},{"card_name":"Mana Wyrm","card_health":2,"card_attack":2},{"card_name":"Zombie Chow","card_health":3,"card_attack":2},{"card_name":"Big Game Hunter","card_health":2,"card_attack":4},{"card_name":"Starving Buzzard","card_health":1,"card_attack":3}],"opponent_board":[]},{"turn":17,"cards_played":["Ragnaros the Firelord","Fireblast","Fireblast"],"current_player":"me","my_health":3,"opponent_health":0,"my_armor":0,"opponent_armor":0,"my_hand":1,"opponent_hand":3,"my_board":[{"card_name":"Sludge Belcher","card_health":2,"card_attack":3},{"card_name":"Sludge Belcher","card_health":1,"card_attack":3},{"card_name":"Mana Wyrm","card_health":2,"card_attack":2},{"card_name":"Ragnaros the Firelord","card_health":8,"card_attack":8},{"card_name":"Zombie Chow","card_health":3,"card_attack":2},{"card_name":"Big Game Hunter","card_health":2,"card_attack":4},{"card_name":"Starving Buzzard","card_health":1,"card_attack":3}],"opponent_board":[]}],"result":"victory"}