{"plays":[{"turn":1,"cards_played":[],"current_player":"me","my_health":0,"opponent_health":30,"my_armor":0,"opponent_armor":0,"my_hand":0,"opponent_hand":1,"my_board":[],"opponent_board":[]},{"turn":2,"cards_played":["Mana Wyrm"],"current_player":"me","my_health":30,"opponent_health":30,"my_armor":0,"opponent_armor":0,"my_hand":5,"opponent_hand":4,"my_board":[{"card_name":"Mana Wyrm","card_health":3,"card_attack":1}],"opponent_board":[]},{"turn":3,"cards_played":["Anodized Robo Cub"],"current_player":"opponent","my_health":30,"opponent_health":30,"my_armor":0,"opponent_armor":0,"my_hand":5,"opponent_hand":4,"my_board":[{"card_name":"Mana Wyrm","card_health":3,"card_attack":1}],"opponent_board":[{"card_name":"Anodized Robo Cub","card_health":2,"card_attack":2}]},{"turn":4,"cards_played":["Lowly Squire","The Coin","Snowchugger"],"current_player":"me","my_health":30,"opponent_health":30,"my_armor":0,"opponent_armor":0,"my_hand":3,"opponent_hand":4,"my_board":[{"card_name":"Snowchugger","card_health":3,"card_attack":2},{"card_name":"Lowly Squire","card_health":2,"card_attack":1}],"opponent_board":[]},{"turn":5,"cards_played":["Harvest Golem"],"current_player":"opponent","my_health":30,"opponent_health":30,"my_armor":0,"opponent_armor":0,"my_hand":3,"opponent_hand":4,"my_board":[{"card_name":"Snowchugger","card_health":3,"card_attack":2},{"card_name":"Lowly Squire","card_health":2,"card_attack":1}],"opponent_board":[{"card_name":"Harvest Golem","card_health":3,"card_attack":2}]},{"turn":6,"cards_played":["Leper Gnome","Fireblast","Fireblast"],"current_player":"me","my_health":30,"opponent_health":26,"my_armor":0,"opponent_armor":0,"my_hand":3,"opponent_hand":4,"my_board":[{"card_name":"Snowchugger","card_health":3,"card_attack":2},{"card_name":"Lowly Squire","card_health":2,"card_attack":2},{"card_name":"Leper Gnome","card_health":1,"card_attack":2}],"opponent_board":[{"card_name":"Harvest Golem","card_health":2,"card_attack":2}]},{"turn":7,"cards_played":["Knife Juggler","Pint-Sized Summoner"],"current_player":"opponent","my_health":30,"opponent_health":26,"my_armor":0,"opponent_armor":0,"my_hand":3,"opponent_hand":3,"my_board":[{"card_name":"Lowly Squire","card_health":2,"card_attack":2},{"card_name":"Leper Gnome","card_health":1,"card_attack":2}],"opponent_board":[{"card_name":"Knife Juggler","card_health":2,"card_attack":3},{"card_name":"Pint-Sized Summoner","card_health":2,"card_attack":2},{"card_name":"Damaged Golem","card_health":1,"card_attack":2}]},{"turn":8,"cards_played":["Fireblast","Fireblast","Dragon's Breath"],"current_player":"me","my_health":30,"opponent_health":21,"my_armor":0,"opponent_armor":0,"my_hand":3,"opponent_hand":3,"my_board":[{"card_name":"Lowly Squire","card_health":1,"card_attack":3}],"opponent_board":[]},{"turn":9,"cards_played":["Silver Hand Regent","Shapeshift"],"current_player":"opponent","my_health":30,"opponent_health":19,"my_armor":0,"opponent_armor":0,"my_hand":3,"opponent_hand":3,"my_board":[],"opponent_board":[{"card_name":"Silver Hand Regent","card_health":3,"card_attack":3},{"card_name":"Silver Hand Recruit","card_health":1,"card_attack":1}]},{"turn":10,"cards_played":["Silver Hand Knight"],"current_player":"me","my_health":30,"opponent_health":19,"my_armor":0,"opponent_armor":0,"my_hand":3,"opponent_hand":3,"my_board":[{"card_name":"Silver Hand Knight","card_health":4,"card_attack":4},{"card_name":"Squire","card_health":2,"card_attack":2}],"opponent_board":[{"card_name":"Silver Hand Regent","card_health":3,"card_attack":3},{"card_name":"Silver Hand Recruit","card_health":1,"card_attack":1}]},{"turn":11,"cards_played":["Silver Hand Regent","Shapeshift"],"current_player":"opponent","my_health":27,"opponent_health":18,"my_armor":0,"opponent_armor":0,"my_hand":3,"opponent_hand":3,"my_board":[{"card_name":"Silver Hand Knight","card_health":4,"card_attack":4}],"opponent_board":[{"card_name":"Silver Hand Regent","card_health":3,"card_attack":3},{"card_name":"Silver Hand Regent","card_health":3,"card_attack":3},{"card_name":"Silver Hand Recruit","card_health":1,"card_attack":1},{"card_name":"Silver Hand Recruit","card_health":1,"card_attack":1}]},{"turn":12,"cards_played":["Mana Wyrm","Fireblast","Fireblast","Mirror Image"],"current_player":"me","my_health":27,"opponent_health":18,"my_armor":0,"opponent_armor":0,"my_hand":2,"opponent_hand":3,"my_board":[{"card_name":"Silver Hand Knight","card_health":1,"card_attack":4},{"card_name":"Mana Wyrm","card_health":3,"card_attack":2},{"card_name":"Mirror Image","card_health":2,"card_attack":0},{"card_name":"Mirror Image","card_health":2,"card_attack":0}],"opponent_board":[{"card_name":"Silver Hand Regent","card_health":3,"card_attack":3},{"card_name":"Silver Hand Recruit","card_health":1,"card_attack":1}]},{"turn":13,"cards_played":["Ironbeak Owl","Piloted Shredder"],"current_player":"opponent","my_health":27,"opponent_health":18,"my_armor":0,"opponent_armor":0,"my_hand":2,"opponent_hand":2,"my_board":[{"card_name":"Mana Wyrm","card_health":3,"card_attack":2},{"card_name":"Mirror Image","card_health":2,"card_attack":0}],"opponent_board":[{"card_name":"Ironbeak Owl","card_health":1,"card_attack":2},{"card_name":"Piloted Shredder","card_health":3,"card_attack":4},{"card_name":"Silver Hand Regent","card_health":3,"card_attack":3}]},{"turn":14,"cards_played":["Kvaldir Raider","Fireblast","Fireblast"],"current_player":"me","my_health":27,"opponent_health":16,"my_armor":0,"opponent_armor":0,"my_hand":2,"opponent_hand":2,"my_board":[{"card_name":"Kvaldir Raider","card_health":6,"card_attack":6},{"card_name":"Mana Wyrm","card_health":3,"card_attack":2},{"card_name":"Mirror Image","card_health":2,"card_attack":0}],"opponent_board":[{"card_name":"Piloted Shredder","card_health":3,"card_attack":4},{"card_name":"Silver Hand Regent","card_health":3,"card_attack":3}]},{"turn":15,"cards_played":["War Golem"],"current_player":"opponent","my_health":27,"opponent_health":16,"my_armor":0,"opponent_armor":0,"my_hand":2,"opponent_hand":2,"my_board":[{"card_name":"Mana Wyrm","card_health":3,"card_attack":2},{"card_name":"Mirror Image","card_health":2,"card_attack":0}],"opponent_board":[{"card_name":"War Golem","card_health":7,"card_attack":7},{"card_name":"Puddlestomper","card_health":2,"card_attack":3}]},{"turn":16,"cards_played":["Dalaran Aspirant","Frost Nova"],"current_player":"me","my_health":27,"opponent_health":13,"my_armor":0,"opponent_armor":0,"my_hand":1,"opponent_hand":2,"my_board":[{"card_name":"Dalaran Aspirant","card_health":5,"card_attack":3},{"card_name":"Mana Wyrm","card_health":3,"card_attack":3},{"card_name":"Mirror Image","card_health":2,"card_attack":0}],"opponent_board":[{"card_name":"War Golem","card_health":7,"card_attack":7},{"card_name":"Puddlestomper","card_health":2,"card_attack":3}]},{"turn":17,"cards_played":["Core Hound","Shapeshift"],"current_player":"opponent","my_health":26,"opponent_health":13,"my_armor":0,"opponent_armor":1,"my_hand":1,"opponent_hand":2,"my_board":[{"card_name":"Dalaran Aspirant","card_health":5,"card_attack":3},{"card_name":"Mana Wyrm","card_health":3,"card_attack":3},{"card_name":"Mirror Image","card_health":2,"card_attack":0}],"opponent_board":[{"card_name":"War Golem","card_health":7,"card_attack":7},{"card_name":"Core Hound","card_health":5,"card_attack":9},{"card_name":"Puddlestomper","card_health":2,"card_attack":3}]},{"turn":18,"cards_played":["Piloted Shredder","Fireblast","Fireblast"],"current_player":"me","my_health":26,"opponent_health":10,"my_armor":0,"opponent_armor":0,"my_hand":1,"opponent_hand":2,"my_board":[{"card_name":"Piloted Shredder","card_health":3,"card_attack":4},{"card_name":"Dalaran Aspirant","card_health":2,"card_attack":3},{"card_name":"Mana Wyrm","card_health":3,"card_attack":3},{"card_name":"Mirror Image","card_health":2,"card_attack":0}],"opponent_board":[{"card_name":"War Golem","card_health":7,"card_attack":7},{"card_name":"Core Hound","card_health":5,"card_attack":9}]},{"turn":19,"cards_played":["Healing Touch","Stranglethorn Tiger","Shapeshift"],"current_player":"opponent","my_health":9,"opponent_health":18,"my_armor":0,"opponent_armor":1,"my_hand":1,"opponent_hand":1,"my_board":[{"card_name":"Piloted Shredder","card_health":3,"card_attack":4},{"card_name":"Dalaran Aspirant","card_health":2,"card_attack":3},{"card_name":"Mana Wyrm","card_health":3,"card_attack":3},{"card_name":"Mirror Image","card_health":2,"card_attack":0}],"opponent_board":[{"card_name":"War Golem","card_health":7,"card_attack":7},{"card_name":"Stranglethorn Tiger","card_health":5,"card_attack":5},{"card_name":"Core Hound","card_health":5,"card_attack":9}]},{"turn":20,"cards_played":["Fireblast","Fireblast","Flamestrike"],"current_player":"me","my_health":9,"opponent_health":8,"my_armor":0,"opponent_armor":0,"my_hand":1,"opponent_hand":1,"my_board":[{"card_name":"Piloted Shredder","card_health":3,"card_attack":4},{"card_name":"Dalaran Aspirant","card_health":2,"card_attack":3},{"card_name":"Mana Wyrm","card_health":3,"card_attack":4},{"card_name":"Mirror Image","card_health":2,"card_attack":0}],"opponent_board":[]},{"turn":21,"cards_played":["Starfire","Wrath","Shapeshift"],"current_player":"opponent","my_health":3,"opponent_health":8,"my_armor":0,"opponent_armor":1,"my_hand":1,"opponent_hand":1,"my_board":[{"card_name":"Dalaran Aspirant","card_health":2,"card_attack":3},{"card_name":"Mana Wyrm","card_health":3,"card_attack":4},{"card_name":"Mirror Image","card_health":2,"card_attack":0},{"card_name":"Lightwell","card_health":5,"card_attack":0}],"opponent_board":[]},{"turn":22,"cards_played":["Fireblast","Fireblast"],"current_player":"me","my_health":3,"opponent_health":1,"my_armor":0,"opponent_armor":0,"my_hand":2,"opponent_hand":1,"my_board":[{"card_name":"Dalaran Aspirant","card_health":5,"card_attack":3},{"card_name":"Mana Wyrm","card_health":3,"card_attack":4},{"card_name":"Mirror Image","card_health":2,"card_attack":0},{"card_name":"Lightwell","card_health":5,"card_attack":0}],"opponent_board":[]},{"turn":23,"cards_played":["Acolyte of Pain","Shapeshift","Druid of the Flame"],"current_player":"opponent","my_health":2,"opponent_health":1,"my_armor":0,"opponent_armor":1,"my_hand":2,"opponent_hand":0,"my_board":[{"card_name":"Dalaran Aspirant","card_health":5,"card_attack":3},{"card_name":"Mana Wyrm","card_health":3,"card_attack":4},{"card_name":"Mirror Image","card_health":2,"card_attack":0},{"card_name":"Lightwell","card_health":5,"card_attack":0}],"opponent_board":[{"card_name":"Acolyte of Pain","card_health":3,"card_attack":1},{"card_name":"Druid of the Flame","card_health":2,"card_attack":5}]}],"result":"victory"}