{"plays":[{"turn":1,"cards_played":[],"current_player":"opponent","my_health":30,"opponent_health":0,"my_armor":0,"opponent_armor":0,"my_hand":1,"opponent_hand":0,"my_board":[],"opponent_board":[]},{"turn":2,"cards_played":["Zombie Chow"],"current_player":"opponent","my_health":30,"opponent_health":30,"my_armor":0,"opponent_armor":0,"my_hand":3,"opponent_hand":6,"my_board":[{"card_name":"Zombie Chow","card_health":3,"card_attack":2}],"opponent_board":[]},{"turn":3,"cards_played":["Mad Scientist"],"current_player":"me","my_health":30,"opponent_health":28,"my_armor":0,"opponent_armor":0,"my_hand":3,"opponent_hand":6,"my_board":[{"card_name":"Mad Scientist","card_health":2,"card_attack":2},{"card_name":"Zombie Chow","card_health":3,"card_attack":2}],"opponent_board":[]},{"turn":4,"cards_played":["The Coin","Spider Tank"],"current_player":"opponent","my_health":30,"opponent_health":28,"my_armor":0,"opponent_armor":0,"my_hand":3,"opponent_hand":5,"my_board":[{"card_name":"Mad Scientist","card_health":2,"card_attack":2},{"card_name":"Zombie Chow","card_health":3,"card_attack":2}],"opponent_board":[{"card_name":"Spider Tank","card_health":4,"card_attack":3}]},{"turn":5,"cards_played":["Fireblast","Fireblast"],"current_player":"me","my_health":30,"opponent_health":24,"my_armor":0,"opponent_armor":0,"my_hand":4,"opponent_hand":5,"my_board":[{"card_name":"Mad Scientist","card_health":2,"card_attack":2},{"card_name":"Zombie Chow","card_health":3,"card_attack":2}],"opponent_board":[{"card_name":"Spider Tank","card_health":3,"card_attack":3}]},{"turn":6,"cards_played":["Mechwarper","Clockwork Gnome"],"current_player":"opponent","my_health":30,"opponent_health":29,"my_armor":0,"opponent_armor":0,"my_hand":4,"opponent_hand":4,"my_board":[{"card_name":"Mad Scientist","card_health":2,"card_attack":2}],"opponent_board":[{"card_name":"Clockwork Gnome","card_health":1,"card_attack":2},{"card_name":"Mechwarper","card_health":3,"card_attack":2},{"card_name":"Spider Tank","card_health":1,"card_attack":3}]},{"turn":7,"cards_played":["Fireblast","Unstable Portal"],"current_player":"me","my_health":30,"opponent_health":27,"my_armor":0,"opponent_armor":0,"my_hand":5,"opponent_hand":4,"my_board":[{"card_name":"Mad Scientist","card_health":2,"card_attack":2}],"opponent_board":[{"card_name":"Clockwork Gnome","card_health":1,"card_attack":2},{"card_name":"Mechwarper","card_health":3,"card_attack":2}]},{"turn":8,"cards_played":["Piloted Shredder"],"current_player":"opponent","my_health":26,"opponent_health":27,"my_armor":0,"opponent_armor":0,"my_hand":5,"opponent_hand":4,"my_board":[{"card_name":"Mad Scientist","card_health":2,"card_attack":2}],"opponent_board":[{"card_name":"Clockwork Gnome","card_health":1,"card_attack":2},{"card_name":"Mechwarper","card_health":3,"card_attack":2},{"card_name":"Piloted Shredder","card_health":3,"card_attack":4}]},{"turn":9,"cards_played":["Fireblast","Fireblast"],"current_player":"me","my_health":26,"opponent_health":25,"my_armor":0,"opponent_armor":0,"my_hand":5,"opponent_hand":5,"my_board":[{"card_name":"Mad Scientist","card_health":2,"card_attack":2}],"opponent_board":[{"card_name":"Mechwarper","card_health":3,"card_attack":2},{"card_name":"Piloted Shredder","card_health":3,"card_attack":4}]},{"turn":10,"cards_played":["Emergency Coolant","Reinforce"],"current_player":"opponent","my_health":26,"opponent_health":25,"my_armor":2,"opponent_armor":0,"my_hand":5,"opponent_hand":5,"my_board":[{"card_name":"Mad Scientist","card_health":2,"card_attack":2}],"opponent_board":[{"card_name":"Mechwarper","card_health":3,"card_attack":2},{"card_name":"Piloted Shredder","card_health":3,"card_attack":4},{"card_name":"Silver Hand Recruit","card_health":1,"card_attack":1}]},{"turn":11,"cards_played":["Spiteful Smith","Fireblast","Fireblast"],"current_player":"me","my_health":26,"opponent_health":25,"my_armor":2,"opponent_armor":0,"my_hand":5,"opponent_hand":5,"my_board":[{"card_name":"Mad Scientist","card_health":2,"card_attack":2},{"card_name":"Spiteful Smith","card_health":6,"card_attack":4}],"opponent_board":[{"card_name":"Mechwarper","card_health":3,"card_attack":2},{"card_name":"Piloted Shredder","card_health":3,"card_attack":4}]},{"turn":12,"cards_played":["Aldor Peacekeeper","Reinforce"],"current_player":"opponent","my_health":22,"opponent_health":25,"my_armor":0,"opponent_armor":0,"my_hand":5,"opponent_hand":5,"my_board":[{"card_name":"Mad Scientist","card_health":2,"card_attack":2},{"card_name":"Spiteful Smith","card_health":6,"card_attack":1}],"opponent_board":[{"card_name":"Mechwarper","card_health":3,"card_attack":2},{"card_name":"Aldor Peacekeeper","card_health":3,"card_attack":3},{"card_name":"Piloted Shredder","card_health":3,"card_attack":4},{"card_name":"Silver Hand Recruit","card_health":1,"card_attack":1}]},{"turn":13,"cards_played":["Flamestrike"],"current_player":"me","my_health":22,"opponent_health":22,"my_armor":0,"opponent_armor":0,"my_hand":5,"opponent_hand":5,"my_board":[{"card_name":"Mad Scientist","card_health":2,"card_attack":2},{"card_name":"Spiteful Smith","card_health":6,"card_attack":1}],"opponent_board":[{"card_name":"Nat Pagle","card_health":4,"card_attack":0}]},{"turn":14,"cards_played":["Consecration","Cogmaster","Shielded Minibot"],"current_player":"opponent","my_health":20,"opponent_health":22,"my_armor":0,"opponent_armor":0,"my_hand":5,"opponent_hand":4,"my_board":[{"card_name":"Spiteful Smith","card_health":4,"card_attack":1},{"card_name":"Cogmaster","card_health":2,"card_attack":1}],"opponent_board":[{"card_name":"Cogmaster","card_health":2,"card_attack":1},{"card_name":"Shielded Minibot","card_health":2,"card_attack":2},{"card_name":"Nat Pagle","card_health":4,"card_attack":0}]},{"turn":15,"cards_played":["Mana Wyrm","Frostbolt","Fireblast","Fireblast"],"current_player":"me","my_health":20,"opponent_health":22,"my_armor":0,"opponent_armor":0,"my_hand":4,"opponent_hand":4,"my_board":[{"card_name":"Mana Wyrm","card_health":3,"card_attack":2},{"card_name":"Spiteful Smith","card_health":2,"card_attack":1}],"opponent_board":[{"card_name":"Nat Pagle","card_health":4,"card_attack":0}]},{"turn":16,"cards_played":["Tirion Fordring"],"current_player":"opponent","my_health":20,"opponent_health":22,"my_armor":0,"opponent_armor":0,"my_hand":4,"opponent_hand":4,"my_board":[{"card_name":"Mana Wyrm","card_health":3,"card_attack":2},{"card_name":"Spiteful Smith","card_health":2,"card_attack":1}],"opponent_board":[{"card_name":"Tirion Fordring","card_health":6,"card_attack":6},{"card_name":"Nat Pagle","card_health":4,"card_attack":0}]},{"turn":17,"cards_played":["Polymorph","Fireblast","Fireblast"],"current_player":"me","my_health":20,"opponent_health":22,"my_armor":0,"opponent_armor":0,"my_hand":4,"opponent_hand":4,"my_board":[{"card_name":"Mana Wyrm","card_health":3,"card_attack":3},{"card_name":"Spiteful Smith","card_health":2,"card_attack":1}],"opponent_board":[]},{"turn":18,"cards_played":["Aldor Peacekeeper","Coghammer","Reinforce"],"current_player":"opponent","my_health":20,"opponent_health":21,"my_armor":0,"opponent_armor":0,"my_hand":4,"opponent_hand":3,"my_board":[{"card_name":"Mana Wyrm","card_health":3,"card_attack":1}],"opponent_board":[{"card_name":"Aldor Peacekeeper","card_health":3,"card_attack":3},{"card_name":"Silver Hand Recruit","card_health":1,"card_attack":1}]},{"turn":19,"cards_played":["Acolyte of Pain","Fireblast","Fireblast"],"current_player":"me","my_health":20,"opponent_health":21,"my_armor":0,"opponent_armor":0,"my_hand":3,"opponent_hand":3,"my_board":[{"card_name":"Acolyte of Pain","card_health":3,"card_attack":1},{"card_name":"Mana Wyrm","card_health":3,"card_attack":1}],"opponent_board":[{"card_name":"Aldor Peacekeeper","card_health":3,"card_attack":3},{"card_name":"Silver Hand Recruit","card_health":1,"card_attack":1}]},{"turn":20,"cards_played":["Equality","Avenging Wrath","Shielded Minibot"],"current_player":"opponent","my_health":8,"opponent_health":21,"my_armor":0,"opponent_armor":0,"my_hand":6,"opponent_hand":1,"my_board":[],"opponent_board":[{"card_name":"Shielded Minibot","card_health":2,"card_attack":2},{"card_name":"Aldor Peacekeeper","card_health":1,"card_attack":3},{"card_name":"Silver Hand Recruit","card_health":1,"card_attack":1}]},{"turn":21,"cards_played":["Fireblast","Dr. Boom","Mana Wyrm"],"current_player":"me","my_health":8,"opponent_health":21,"my_armor":0,"opponent_armor":0,"my_hand":5,"opponent_hand":1,"my_board":[{"card_name":"Dr. Boom","card_health":7,"card_attack":7},{"card_name":"Mana Wyrm","card_health":3,"card_attack":1},{"card_name":"Boom Bot","card_health":1,"card_attack":1},{"card_name":"Boom Bot","card_health":1,"card_attack":1}],"opponent_board":[{"card_name":"Shielded Minibot","card_health":2,"card_attack":2},{"card_name":"Silver Hand Recruit","card_health":1,"card_attack":1}]},{"turn":22,"cards_played":["Truesilver Champion","Reinforce","Consecration"],"current_player":"opponent","my_health":-1,"opponent_health":21,"my_armor":0,"opponent_armor":0,"my_hand":5,"opponent_hand":0,"my_board":[{"card_name":"Dr. Boom","card_health":5,"card_attack":7},{"card_name":"Mana Wyrm","card_health":1,"card_attack":1}],"opponent_board":[{"card_name":"Shielded Minibot","card_health":2,"card_attack":2},{"card_name":"Silver Hand Recruit","card_health":1,"card_attack":1}]}],"result":"defeat"}