{"plays":[{"turn":1,"cards_played":[],"current_player":"opponent","my_health":30,"opponent_health":0,"my_armor":0,"opponent_armor":0,"my_hand":1,"opponent_hand":0,"my_board":[],"opponent_board":[]},{"turn":2,"cards_played":["The Coin","Mad Scientist"],"current_player":"me","my_health":30,"opponent_health":30,"my_armor":0,"opponent_armor":0,"my_hand":4,"opponent_hand":4,"my_board":[{"card_name":"Mad Scientist","card_health":2,"card_attack":2}],"opponent_board":[]},{"turn":3,"cards_played":["Ancient Watcher"],"current_player":"opponent","my_health":30,"opponent_health":30,"my_armor":0,"opponent_armor":0,"my_hand":4,"opponent_hand":4,"my_board":[{"card_name":"Mad Scientist","card_health":2,"card_attack":2}],"opponent_board":[{"card_name":"Ancient Watcher","card_health":5,"card_attack":4}]},{"turn":4,"cards_played":["Fireblast","Fireblast"],"current_player":"me","my_health":30,"opponent_health":27,"my_armor":0,"opponent_armor":0,"my_hand":5,"opponent_hand":4,"my_board":[{"card_name":"Mad Scientist","card_health":2,"card_attack":2}],"opponent_board":[{"card_name":"Ancient Watcher","card_health":5,"card_attack":4}]},{"turn":5,"cards_played":["Life Tap"],"current_player":"opponent","my_health":30,"opponent_health":25,"my_armor":0,"opponent_armor":0,"my_hand":5,"opponent_hand":6,"my_board":[{"card_name":"Mad Scientist","card_health":2,"card_attack":2}],"opponent_board":[{"card_name":"Ancient Watcher","card_health":5,"card_attack":4}]},{"turn":6,"cards_played":["Acolyte of Pain"],"current_player":"me","my_health":30,"opponent_health":23,"my_armor":0,"opponent_armor":0,"my_hand":5,"opponent_hand":6,"my_board":[{"card_name":"Acolyte of Pain","card_health":3,"card_attack":1},{"card_name":"Mad Scientist","card_health":2,"card_attack":2}],"opponent_board":[{"card_name":"Ancient Watcher","card_health":5,"card_attack":4}]},{"turn":7,"cards_played":["Life Tap","Ancient Watcher"],"current_player":"opponent","my_health":30,"opponent_health":21,"my_armor":0,"opponent_armor":0,"my_hand":5,"opponent_hand":7,"my_board":[{"card_name":"Acolyte of Pain","card_health":3,"card_attack":1},{"card_name":"Mad Scientist","card_health":2,"card_attack":2}],"opponent_board":[{"card_name":"Ancient Watcher","card_health":5,"card_attack":4},{"card_name":"Ancient Watcher","card_health":5,"card_attack":4}]},{"turn":8,"cards_played":["Fireblast","Fireblast"],"current_player":"me","my_health":30,"opponent_health":18,"my_armor":0,"opponent_armor":0,"my_hand":7,"opponent_hand":7,"my_board":[{"card_name":"Acolyte of Pain","card_health":2,"card_attack":1},{"card_name":"Mad Scientist","card_health":2,"card_attack":2}],"opponent_board":[{"card_name":"Ancient Watcher","card_health":5,"card_attack":4},{"card_name":"Ancient Watcher","card_health":5,"card_attack":4}]},{"turn":9,"cards_played":["Life Tap","Sunfury Protector"],"current_player":"opponent","my_health":30,"opponent_health":16,"my_armor":0,"opponent_armor":0,"my_hand":7,"opponent_hand":8,"my_board":[{"card_name":"Acolyte of Pain","card_health":2,"card_attack":1},{"card_name":"Mad Scientist","card_health":2,"card_attack":2}],"opponent_board":[{"card_name":"Ancient Watcher","card_health":5,"card_attack":4},{"card_name":"Ancient Watcher","card_health":5,"card_attack":4},{"card_name":"Sunfury Protector","card_health":3,"card_attack":2}]},{"turn":10,"cards_played":["Fireblast","Fireblast"],"current_player":"me","my_health":30,"opponent_health":16,"my_armor":0,"opponent_armor":0,"my_hand":8,"opponent_hand":8,"my_board":[],"opponent_board":[{"card_name":"Ancient Watcher","card_health":1,"card_attack":4},{"card_name":"Ancient Watcher","card_health":5,"card_attack":4},{"card_name":"Sunfury Protector","card_health":3,"card_attack":2}]},{"turn":11,"cards_played":["Sludge Belcher"],"current_player":"opponent","my_health":30,"opponent_health":16,"my_armor":6,"opponent_armor":0,"my_hand":8,"opponent_hand":8,"my_board":[{"card_name":"Sludge Belcher","card_health":5,"card_attack":3}],"opponent_board":[{"card_name":"Sludge Belcher","card_health":5,"card_attack":3},{"card_name":"Ancient Watcher","card_health":1,"card_attack":4},{"card_name":"Ancient Watcher","card_health":5,"card_attack":4},{"card_name":"Sunfury Protector","card_health":3,"card_attack":2}]},{"turn":12,"cards_played":["Water Elemental","Fireblast"],"current_player":"me","my_health":30,"opponent_health":16,"my_armor":6,"opponent_armor":0,"my_hand":8,"opponent_hand":8,"my_board":[{"card_name":"Water Elemental","card_health":6,"card_attack":3},{"card_name":"Sludge Belcher","card_health":5,"card_attack":3}],"opponent_board":[{"card_name":"Sludge Belcher","card_health":5,"card_attack":3},{"card_name":"Ancient Watcher","card_health":5,"card_attack":4},{"card_name":"Sunfury Protector","card_health":3,"card_attack":2}]},{"turn":13,"cards_played":["Life Tap","Mountain Giant"],"current_player":"opponent","my_health":30,"opponent_health":14,"my_armor":6,"opponent_armor":0,"my_hand":8,"opponent_hand":9,"my_board":[{"card_name":"Water Elemental","card_health":6,"card_attack":3},{"card_name":"Slime","card_health":2,"card_attack":1}],"opponent_board":[{"card_name":"Sludge Belcher","card_health":2,"card_attack":3},{"card_name":"Mountain Giant","card_health":8,"card_attack":8},{"card_name":"Ancient Watcher","card_health":5,"card_attack":4}]},{"turn":14,"cards_played":["Unstable Portal","Fireblast","Fireblast","Big Game Hunter"],"current_player":"me","my_health":30,"opponent_health":14,"my_armor":6,"opponent_armor":0,"my_hand":8,"opponent_hand":9,"my_board":[{"card_name":"Water Elemental","card_health":3,"card_attack":3},{"card_name":"Big Game Hunter","card_health":2,"card_attack":4},{"card_name":"Slime","card_health":1,"card_attack":1}],"opponent_board":[{"card_name":"Ancient Watcher","card_health":5,"card_attack":4}]},{"turn":15,"cards_played":["Hellfire","Molten Giant","Acidic Swamp Ooze"],"current_player":"opponent","my_health":30,"opponent_health":11,"my_armor":3,"opponent_armor":0,"my_hand":8,"opponent_hand":7,"my_board":[],"opponent_board":[{"card_name":"Molten Giant","card_health":8,"card_attack":8},{"card_name":"Ancient Watcher","card_health":2,"card_attack":4},{"card_name":"Acidic Swamp Ooze","card_health":2,"card_attack":3}]},{"turn":16,"cards_played":["Mana Wyrm","Polymorph","Booty Bay Bodyguard"],"current_player":"me","my_health":30,"opponent_health":11,"my_armor":3,"opponent_armor":0,"my_hand":6,"opponent_hand":7,"my_board":[{"card_name":"Mana Wyrm","card_health":3,"card_attack":2},{"card_name":"Booty Bay Bodyguard","card_health":4,"card_attack":5}],"opponent_board":[{"card_name":"Ancient Watcher","card_health":2,"card_attack":4},{"card_name":"Acidic Swamp Ooze","card_health":2,"card_attack":3},{"card_name":"Sheep","card_health":1,"card_attack":1}]},{"turn":17,"cards_played":["Molten Giant","Dr. Boom"],"current_player":"opponent","my_health":30,"opponent_health":11,"my_armor":3,"opponent_armor":0,"my_hand":6,"opponent_hand":6,"my_board":[{"card_name":"Mana Wyrm","card_health":3,"card_attack":2}],"opponent_board":[{"card_name":"Dr. Boom","card_health":7,"card_attack":7},{"card_name":"Molten Giant","card_health":8,"card_attack":8},{"card_name":"Ancient Watcher","card_health":2,"card_attack":4},{"card_name":"Boom Bot","card_health":1,"card_attack":1},{"card_name":"Boom Bot","card_health":1,"card_attack":1}]},{"turn":18,"cards_played":["Frostbolt","Mad Scientist","Frostbolt","Fireblast","Fireblast"],"current_player":"me","my_health":30,"opponent_health":7,"my_armor":3,"opponent_armor":0,"my_hand":4,"opponent_hand":6,"my_board":[{"card_name":"Mad Scientist","card_health":2,"card_attack":2},{"card_name":"Mana Wyrm","card_health":3,"card_attack":4}],"opponent_board":[{"card_name":"Dr. Boom","card_health":4,"card_attack":7},{"card_name":"Molten Giant","card_health":8,"card_attack":8},{"card_name":"Boom Bot","card_health":1,"card_attack":1}]},{"turn":19,"cards_played":["Antique Healbot","Sludge Belcher"],"current_player":"opponent","my_health":30,"opponent_health":15,"my_armor":1,"opponent_armor":0,"my_hand":4,"opponent_hand":5,"my_board":[{"card_name":"Mad Scientist","card_health":2,"card_attack":2}],"opponent_board":[{"card_name":"Dr. Boom","card_health":4,"card_attack":7},{"card_name":"Molten Giant","card_health":4,"card_attack":8},{"card_name":"Antique Healbot","card_health":3,"card_attack":3},{"card_name":"Sludge Belcher","card_health":5,"card_attack":3},{"card_name":"Boom Bot","card_health":1,"card_attack":1}]},{"turn":20,"cards_played":["Water Elemental","Fireblast","Fireblast"],"current_player":"me","my_health":30,"opponent_health":15,"my_armor":1,"opponent_armor":0,"my_hand":4,"opponent_hand":5,"my_board":[{"card_name":"Water Elemental","card_health":6,"card_attack":3}],"opponent_board":[{"card_name":"Dr. Boom","card_health":4,"card_attack":7},{"card_name":"Molten Giant","card_health":4,"card_attack":8},{"card_name":"Antique Healbot","card_health":3,"card_attack":3},{"card_name":"Sludge Belcher","card_health":5,"card_attack":3}]},{"turn":21,"cards_played":["Mountain Giant","Life Tap"],"current_player":"opponent","my_health":25,"opponent_health":13,"my_armor":0,"opponent_armor":0,"my_hand":4,"opponent_hand":6,"my_board":[],"opponent_board":[{"card_name":"Dr. Boom","card_health":1,"card_attack":7},{"card_name":"Molten Giant","card_health":4,"card_attack":8},{"card_name":"Antique Healbot","card_health":3,"card_attack":3},{"card_name":"Sludge Belcher","card_health":5,"card_attack":3},{"card_name":"Mountain Giant","card_health":8,"card_attack":8}]},{"turn":22,"cards_played":["Unstable Portal","Fireblast","Fireblast"],"current_player":"me","my_health":25,"opponent_health":13,"my_armor":0,"opponent_armor":0,"my_hand":4,"opponent_hand":6,"my_board":[],"opponent_board":[{"card_name":"Molten Giant","card_health":4,"card_attack":8},{"card_name":"Antique Healbot","card_health":3,"card_attack":3},{"card_name":"Sludge Belcher","card_health":5,"card_attack":3},{"card_name":"Mountain Giant","card_health":8,"card_attack":8}]},{"turn":23,"cards_played":["Darkbomb"],"current_player":"opponent","my_health":0,"opponent_health":13,"my_armor":0,"opponent_armor":0,"my_hand":4,"opponent_hand":6,"my_board":[],"opponent_board":[{"card_name":"Molten Giant","card_health":4,"card_attack":8},{"card_name":"Antique Healbot","card_health":3,"card_attack":3},{"card_name":"Sludge Belcher","card_health":5,"card_attack":3},{"card_name":"Mountain Giant","card_health":8,"card_attack":8}]}],"result":"defeat"}