{"plays":[{"turn":1,"cards_played":[],"current_player":"me","my_health":0,"opponent_health":30,"my_armor":0,"opponent_armor":0,"my_hand":0,"opponent_hand":1,"my_board":[],"opponent_board":[]},{"turn":2,"cards_played":[],"current_player":"me","my_health":30,"opponent_health":30,"my_armor":0,"opponent_armor":0,"my_hand":6,"opponent_hand":4,"my_board":[],"opponent_board":[]},{"turn":3,"cards_played":["Innervate","Savage Combatant"],"current_player":"opponent","my_health":30,"opponent_health":30,"my_armor":0,"opponent_armor":0,"my_hand":6,"opponent_hand":3,"my_board":[],"opponent_board":[{"card_name":"Savage Combatant","card_health":4,"card_attack":5}]},{"turn":4,"cards_played":["Mad Scientist"],"current_player":"me","my_health":30,"opponent_health":30,"my_armor":0,"opponent_armor":0,"my_hand":6,"opponent_hand":3,"my_board":[{"card_name":"Mad Scientist","card_health":2,"card_attack":2}],"opponent_board":[{"card_name":"Savage Combatant","card_health":4,"card_attack":5}]},{"turn":5,"cards_played":["Shapeshift"],"current_player":"opponent","my_health":22,"opponent_health":30,"my_armor":0,"opponent_armor":1,"my_hand":6,"opponent_hand":4,"my_board":[{"card_name":"Mad Scientist","card_health":2,"card_attack":2}],"opponent_board":[{"card_name":"Savage Combatant","card_health":4,"card_attack":5}]},{"turn":6,"cards_played":["Flamewaker","The Coin","Arcane Missiles"],"current_player":"me","my_health":22,"opponent_health":23,"my_armor":0,"opponent_armor":0,"my_hand":4,"opponent_hand":4,"my_board":[{"card_name":"Mad Scientist","card_health":2,"card_attack":2},{"card_name":"Flamewaker","card_health":4,"card_attack":2}],"opponent_board":[{"card_name":"Savage Combatant","card_health":3,"card_attack":5}]},{"turn":7,"cards_played":["Keeper of the Grove"],"current_player":"opponent","my_health":22,"opponent_health":23,"my_armor":0,"opponent_armor":0,"my_hand":4,"opponent_hand":4,"my_board":[{"card_name":"Mad Scientist","card_health":2,"card_attack":2}],"opponent_board":[{"card_name":"Keeper of the Grove","card_health":4,"card_attack":2},{"card_name":"Savage Combatant","card_health":1,"card_attack":5}]},{"turn":8,"cards_played":["Fireblast","Fireblast","Mana Wyrm","Mana Wyrm"],"current_player":"me","my_health":22,"opponent_health":21,"my_armor":0,"opponent_armor":0,"my_hand":3,"opponent_hand":4,"my_board":[{"card_name":"Mad Scientist","card_health":2,"card_attack":2},{"card_name":"Mana Wyrm","card_health":3,"card_attack":1},{"card_name":"Mana Wyrm","card_health":3,"card_attack":1}],"opponent_board":[{"card_name":"Keeper of the Grove","card_health":4,"card_attack":2}]},{"turn":9,"cards_played":["Druid of the Claw"],"current_player":"opponent","my_health":22,"opponent_health":21,"my_armor":0,"opponent_armor":0,"my_hand":3,"opponent_hand":4,"my_board":[{"card_name":"Mana Wyrm","card_health":3,"card_attack":1}],"opponent_board":[{"card_name":"Keeper of the Grove","card_health":2,"card_attack":2},{"card_name":"Druid of the Claw","card_health":3,"card_attack":4}]},{"turn":10,"cards_played":["Sorcerer's Apprentice","Fireball"],"current_player":"me","my_health":22,"opponent_health":15,"my_armor":0,"opponent_armor":0,"my_hand":2,"opponent_hand":4,"my_board":[{"card_name":"Sorcerer's Apprentice","card_health":2,"card_attack":3},{"card_name":"Mana Wyrm","card_health":1,"card_attack":2}],"opponent_board":[{"card_name":"Druid of the Claw","card_health":3,"card_attack":4}]},{"turn":11,"cards_played":["Shapeshift","Darnassus Aspirant","Haunted Creeper"],"current_player":"opponent","my_health":18,"opponent_health":14,"my_armor":0,"opponent_armor":0,"my_hand":2,"opponent_hand":3,"my_board":[{"card_name":"Sorcerer's Apprentice","card_health":2,"card_attack":3}],"opponent_board":[{"card_name":"Darnassus Aspirant","card_health":3,"card_attack":2},{"card_name":"Haunted Creeper","card_health":2,"card_attack":1},{"card_name":"Druid of the Claw","card_health":3,"card_attack":4}]},{"turn":12,"cards_played":["Flamestrike"],"current_player":"me","my_health":18,"opponent_health":14,"my_armor":0,"opponent_armor":0,"my_hand":2,"opponent_hand":3,"my_board":[{"card_name":"Sorcerer's Apprentice","card_health":1,"card_attack":3}],"opponent_board":[]},{"turn":13,"cards_played":["Shapeshift","Azure Drake"],"current_player":"opponent","my_health":18,"opponent_health":12,"my_armor":0,"opponent_armor":0,"my_hand":2,"opponent_hand":4,"my_board":[],"opponent_board":[{"card_name":"Azure Drake","card_health":4,"card_attack":4}]},{"turn":14,"cards_played":["Azure Drake","Fireblast","Fireblast"],"current_player":"me","my_health":18,"opponent_health":11,"my_armor":0,"opponent_armor":0,"my_hand":3,"opponent_hand":4,"my_board":[{"card_name":"Azure Drake","card_health":4,"card_attack":4}],"opponent_board":[{"card_name":"Azure Drake","card_health":4,"card_attack":4}]},{"turn":15,"cards_played":["Druid of the Claw","Darnassus Aspirant"],"current_player":"opponent","my_health":14,"opponent_health":11,"my_armor":0,"opponent_armor":0,"my_hand":3,"opponent_hand":3,"my_board":[],"opponent_board":[{"card_name":"Darnassus Aspirant","card_health":3,"card_attack":2},{"card_name":"Azure Drake","card_health":4,"card_attack":4}]},{"turn":16,"cards_played":["Dr. Boom"],"current_player":"me","my_health":14,"opponent_health":11,"my_armor":0,"opponent_armor":0,"my_hand":3,"opponent_hand":3,"my_board":[{"card_name":"Dr. Boom","card_health":7,"card_attack":7},{"card_name":"Boom Bot","card_health":1,"card_attack":1},{"card_name":"Boom Bot","card_health":1,"card_attack":1}],"opponent_board":[{"card_name":"Darnassus Aspirant","card_health":3,"card_attack":2},{"card_name":"Azure Drake","card_health":4,"card_attack":4}]},{"turn":17,"cards_played":["Force of Nature","Savage Roar"],"current_player":"opponent","my_health":0,"opponent_health":11,"my_armor":0,"opponent_armor":0,"my_hand":3,"opponent_hand":2,"my_board":[{"card_name":"Dr. Boom","card_health":7,"card_attack":7},{"card_name":"Boom Bot","card_health":1,"card_attack":1},{"card_name":"Boom Bot","card_health":1,"card_attack":1}],"opponent_board":[{"card_name":"Darnassus Aspirant","card_health":3,"card_attack":4},{"card_name":"Azure Drake","card_health":4,"card_attack":6},{"card_name":"Treant","card_health":2,"card_attack":4},{"card_name":"Treant","card_health":2,"card_attack":4},{"card_name":"Treant","card_health":2,"card_attack":4}]}],"result":"defeat"}