{"plays":[{"turn":1,"cards_played":[],"current_player":"opponent","my_health":30,"opponent_health":0,"my_armor":0,"opponent_armor":0,"my_hand":1,"opponent_hand":0,"my_board":[],"opponent_board":[]},{"turn":2,"cards_played":["Mana Wyrm"],"current_player":"me","my_health":30,"opponent_health":30,"my_armor":0,"opponent_armor":0,"my_hand":5,"opponent_hand":4,"my_board":[{"card_name":"Mana Wyrm","card_health":3,"card_attack":1}],"opponent_board":[]},{"turn":3,"cards_played":["Totem Golem"],"current_player":"opponent","my_health":30,"opponent_health":30,"my_armor":0,"opponent_armor":0,"my_hand":5,"opponent_hand":4,"my_board":[{"card_name":"Mana Wyrm","card_health":3,"card_attack":1}],"opponent_board":[{"card_name":"Totem Golem","card_health":4,"card_attack":3}]},{"turn":4,"cards_played":["Sorcerer's Apprentice","The Coin","Unstable Portal"],"current_player":"me","my_health":30,"opponent_health":27,"my_armor":0,"opponent_armor":0,"my_hand":4,"opponent_hand":4,"my_board":[{"card_name":"Sorcerer's Apprentice","card_health":2,"card_attack":3},{"card_name":"Mana Wyrm","card_health":3,"card_attack":3}],"opponent_board":[{"card_name":"Totem Golem","card_health":4,"card_attack":3}]},{"turn":5,"cards_played":["Haunted Creeper"],"current_player":"opponent","my_health":30,"opponent_health":27,"my_armor":0,"opponent_armor":0,"my_hand":4,"opponent_hand":4,"my_board":[{"card_name":"Sorcerer's Apprentice","card_health":2,"card_attack":3}],"opponent_board":[{"card_name":"Totem Golem","card_health":1,"card_attack":3},{"card_name":"Haunted Creeper","card_health":2,"card_attack":1}]},{"turn":6,"cards_played":["Arcane Missiles","Unstable Portal","Fireblast","Fireblast"],"current_player":"me","my_health":30,"opponent_health":27,"my_armor":0,"opponent_armor":0,"my_hand":4,"opponent_hand":4,"my_board":[{"card_name":"Sorcerer's Apprentice","card_health":1,"card_attack":3}],"opponent_board":[]},{"turn":7,"cards_played":["Earth Shock","Totemic Call"],"current_player":"opponent","my_health":30,"opponent_health":27,"my_armor":0,"opponent_armor":0,"my_hand":4,"opponent_hand":4,"my_board":[],"opponent_board":[{"card_name":"Healing Totem","card_health":2,"card_attack":0}]},{"turn":8,"cards_played":["Argent Commander"],"current_player":"me","my_health":30,"opponent_health":23,"my_armor":0,"opponent_armor":0,"my_hand":4,"opponent_hand":4,"my_board":[{"card_name":"Argent Commander","card_health":2,"card_attack":4}],"opponent_board":[{"card_name":"Healing Totem","card_health":2,"card_attack":0}]},{"turn":9,"cards_played":["Totemic Call","Flametongue Totem"],"current_player":"opponent","my_health":30,"opponent_health":23,"my_armor":0,"opponent_armor":0,"my_hand":4,"opponent_hand":4,"my_board":[{"card_name":"Argent Commander","card_health":2,"card_attack":4}],"opponent_board":[{"card_name":"Flametongue Totem","card_health":3,"card_attack":0},{"card_name":"Stoneclaw Totem","card_health":2,"card_attack":2}]},{"turn":10,"cards_played":["Knife Juggler","Argent Horserider"],"current_player":"me","my_health":30,"opponent_health":23,"my_armor":0,"opponent_armor":0,"my_hand":3,"opponent_hand":4,"my_board":[{"card_name":"Argent Horserider","card_health":1,"card_attack":2},{"card_name":"Knife Juggler","card_health":2,"card_attack":3},{"card_name":"Argent Commander","card_health":2,"card_attack":4}],"opponent_board":[]},{"turn":11,"cards_played":["Lightning Storm","Totemic Call"],"current_player":"opponent","my_health":30,"opponent_health":23,"my_armor":0,"opponent_armor":0,"my_hand":3,"opponent_hand":4,"my_board":[],"opponent_board":[{"card_name":"Healing Totem","card_health":2,"card_attack":0}]},{"turn":12,"cards_played":["Haunted Creeper","Fireball"],"current_player":"me","my_health":30,"opponent_health":23,"my_armor":0,"opponent_armor":0,"my_hand":2,"opponent_hand":4,"my_board":[{"card_name":"Haunted Creeper","card_health":2,"card_attack":1}],"opponent_board":[{"card_name":"Healing Totem","card_health":2,"card_attack":0}]},{"turn":13,"cards_played":["Healing Wave","Totemic Call"],"current_player":"opponent","my_health":30,"opponent_health":30,"my_armor":0,"opponent_armor":0,"my_hand":2,"opponent_hand":4,"my_board":[{"card_name":"Haunted Creeper","card_health":2,"card_attack":1}],"opponent_board":[{"card_name":"Healing Totem","card_health":2,"card_attack":0},{"card_name":"Searing Totem","card_health":1,"card_attack":1}]},{"turn":14,"cards_played":["Mana Wyrm","Fireblast","Fireblast","Youthful Brewmaster","Mana Wyrm"],"current_player":"me","my_health":30,"opponent_health":29,"my_armor":0,"opponent_armor":0,"my_hand":1,"opponent_hand":4,"my_board":[{"card_name":"Mana Wyrm","card_health":3,"card_attack":1},{"card_name":"Haunted Creeper","card_health":2,"card_attack":1},{"card_name":"Youthful Brewmaster","card_health":2,"card_attack":3}],"opponent_board":[{"card_name":"Healing Totem","card_health":2,"card_attack":0}]},{"turn":15,"cards_played":["Fire Elemental","Zombie Chow"],"current_player":"opponent","my_health":30,"opponent_health":29,"my_armor":0,"opponent_armor":0,"my_hand":1,"opponent_hand":3,"my_board":[{"card_name":"Mana Wyrm","card_health":3,"card_attack":1},{"card_name":"Haunted Creeper","card_health":2,"card_attack":1}],"opponent_board":[{"card_name":"Fire Elemental","card_health":5,"card_attack":6},{"card_name":"Zombie Chow","card_health":3,"card_attack":2},{"card_name":"Healing Totem","card_health":2,"card_attack":0}]},{"turn":16,"cards_played":["Polymorph: Boar","Jeeves"],"current_player":"me","my_health":30,"opponent_health":28,"my_armor":0,"opponent_armor":0,"my_hand":3,"opponent_hand":3,"my_board":[{"card_name":"Jeeves","card_health":4,"card_attack":1},{"card_name":"Haunted Creeper","card_health":2,"card_attack":1}],"opponent_board":[{"card_name":"Zombie Chow","card_health":3,"card_attack":2},{"card_name":"Healing Totem","card_health":2,"card_attack":0}]},{"turn":17,"cards_played":["Defender of Argus","Totemic Call"],"current_player":"opponent","my_health":30,"opponent_health":28,"my_armor":0,"opponent_armor":0,"my_hand":3,"opponent_hand":3,"my_board":[{"card_name":"Haunted Creeper","card_health":2,"card_attack":1}],"opponent_board":[{"card_name":"Defender of Argus","card_health":3,"card_attack":2},{"card_name":"Zombie Chow","card_health":3,"card_attack":3},{"card_name":"Healing Totem","card_health":2,"card_attack":1},{"card_name":"Wrath of Air Totem","card_health":2,"card_attack":0}]},{"turn":18,"cards_played":[],"current_player":"me","my_health":30,"opponent_health":28,"my_armor":0,"opponent_armor":0,"my_hand":4,"opponent_hand":3,"my_board":[{"card_name":"Haunted Creeper","card_health":2,"card_attack":1}],"opponent_board":[{"card_name":"Defender of Argus","card_health":3,"card_attack":2},{"card_name":"Zombie Chow","card_health":4,"card_attack":3},{"card_name":"Healing Totem","card_health":3,"card_attack":1},{"card_name":"Wrath of Air Totem","card_health":2,"card_attack":0}]}],"result":"defeat"}