{"plays":[{"turn":1,"cards_played":[],"current_player":"opponent","my_health":0,"opponent_health":0,"my_armor":0,"opponent_armor":0,"my_hand":1,"opponent_hand":0,"my_board":[],"opponent_board":[]},{"turn":2,"cards_played":["Mirror Image","The Coin","King's Elekk"],"current_player":"me","my_health":30,"opponent_health":30,"my_armor":0,"opponent_armor":0,"my_hand":5,"opponent_hand":3,"my_board":[{"card_name":"King's Elekk","card_health":2,"card_attack":3}],"opponent_board":[{"card_name":"Mirror Image","card_health":2,"card_attack":0},{"card_name":"Mirror Image","card_health":2,"card_attack":0}]},{"turn":3,"cards_played":["Unstable Portal","Fjola Lightbane"],"current_player":"opponent","my_health":30,"opponent_health":30,"my_armor":0,"opponent_armor":0,"my_hand":5,"opponent_hand":3,"my_board":[{"card_name":"King's Elekk","card_health":2,"card_attack":3}],"opponent_board":[{"card_name":"Mirror Image","card_health":2,"card_attack":0},{"card_name":"Mirror Image","card_health":2,"card_attack":0},{"card_name":"Fjola Lightbane","card_health":4,"card_attack":3}]},{"turn":4,"cards_played":["Ironbeak Owl"],"current_player":"me","my_health":30,"opponent_health":30,"my_armor":0,"opponent_armor":0,"my_hand":5,"opponent_hand":3,"my_board":[{"card_name":"Ironbeak Owl","card_health":1,"card_attack":2},{"card_name":"King's Elekk","card_health":2,"card_attack":3}],"opponent_board":[{"card_name":"Mirror Image","card_health":2,"card_attack":0},{"card_name":"Fjola Lightbane","card_health":4,"card_attack":3}]},{"turn":5,"cards_played":["Flamewaker"],"current_player":"opponent","my_health":30,"opponent_health":30,"my_armor":0,"opponent_armor":0,"my_hand":5,"opponent_hand":3,"my_board":[{"card_name":"Ironbeak Owl","card_health":1,"card_attack":2}],"opponent_board":[{"card_name":"Flamewaker","card_health":4,"card_attack":2},{"card_name":"Mirror Image","card_health":2,"card_attack":0},{"card_name":"Fjola Lightbane","card_health":1,"card_attack":3}]},{"turn":6,"cards_played":["Eaglehorn Bow"],"current_player":"me","my_health":27,"opponent_health":30,"my_armor":0,"opponent_armor":0,"my_hand":5,"opponent_hand":3,"my_board":[{"card_name":"Ironbeak Owl","card_health":1,"card_attack":2}],"opponent_board":[{"card_name":"Flamewaker","card_health":4,"card_attack":2}]},{"turn":7,"cards_played":[],"current_player":"opponent","my_health":24,"opponent_health":30,"my_armor":0,"opponent_armor":0,"my_hand":5,"opponent_hand":3,"my_board":[],"opponent_board":[{"card_name":"Flamewaker","card_health":4,"card_attack":2}]},{"turn":8,"cards_played":["Hunter's Mark","Piloted Shredder"],"current_player":"me","my_health":24,"opponent_health":30,"my_armor":0,"opponent_armor":0,"my_hand":4,"opponent_hand":3,"my_board":[{"card_name":"Piloted Shredder","card_health":3,"card_attack":4}],"opponent_board":[{"card_name":"Flamewaker","card_health":4,"card_attack":2}]},{"turn":9,"cards_played":["Flamecannon","Arcane Intellect"],"current_player":"opponent","my_health":23,"opponent_health":30,"my_armor":0,"opponent_armor":0,"my_hand":4,"opponent_hand":4,"my_board":[],"opponent_board":[{"card_name":"Flamewaker","card_health":3,"card_attack":2}]},{"turn":10,"cards_played":["Piloted Shredder"],"current_player":"me","my_health":21,"opponent_health":30,"my_armor":0,"opponent_armor":0,"my_hand":4,"opponent_hand":4,"my_board":[{"card_name":"Piloted Shredder","card_health":3,"card_attack":4}],"opponent_board":[]},{"turn":11,"cards_played":["Mana Wyrm","Fireblast","Fireblast"],"current_player":"opponent","my_health":21,"opponent_health":30,"my_armor":0,"opponent_armor":0,"my_hand":4,"opponent_hand":3,"my_board":[{"card_name":"Piloted Shredder","card_health":2,"card_attack":4}],"opponent_board":[{"card_name":"Mana Wyrm","card_health":3,"card_attack":2}]},{"turn":12,"cards_played":["King's Elekk","Mad Scientist","Steady Shot"],"current_player":"me","my_health":21,"opponent_health":28,"my_armor":0,"opponent_armor":0,"my_hand":3,"opponent_hand":3,"my_board":[{"card_name":"Mad Scientist","card_health":2,"card_attack":2},{"card_name":"King's Elekk","card_health":2,"card_attack":3},{"card_name":"Stonesplinter Trogg","card_health":3,"card_attack":2}],"opponent_board":[{"card_name":"King's Elekk","card_health":2,"card_attack":3}]},{"turn":13,"cards_played":["Kezan Mystic","Arcane Intellect"],"current_player":"opponent","my_health":21,"opponent_health":28,"my_armor":0,"opponent_armor":0,"my_hand":3,"opponent_hand":4,"my_board":[{"card_name":"King's Elekk","card_health":2,"card_attack":3},{"card_name":"Stonesplinter Trogg","card_health":3,"card_attack":3}],"opponent_board":[{"card_name":"Kezan Mystic","card_health":3,"card_attack":4}]},{"turn":14,"cards_played":["Dr. Boom"],"current_player":"me","my_health":21,"opponent_health":25,"my_armor":0,"opponent_armor":0,"my_hand":3,"opponent_hand":4,"my_board":[{"card_name":"Dr. Boom","card_health":7,"card_attack":7},{"card_name":"Stonesplinter Trogg","card_health":3,"card_attack":3},{"card_name":"Boom Bot","card_health":1,"card_attack":1},{"card_name":"Boom Bot","card_health":1,"card_attack":1}],"opponent_board":[{"card_name":"Ironfur Grizzly","card_health":3,"card_attack":3}]},{"turn":15,"cards_played":["Mana Wyrm","Sorcerer's Apprentice","Fireball","Fireblast","Fireblast"],"current_player":"opponent","my_health":21,"opponent_health":25,"my_armor":0,"opponent_armor":0,"my_hand":3,"opponent_hand":2,"my_board":[{"card_name":"Boom Bot","card_health":1,"card_attack":1},{"card_name":"Boom Bot","card_health":1,"card_attack":1}],"opponent_board":[{"card_name":"Mana Wyrm","card_health":3,"card_attack":2},{"card_name":"Sorcerer's Apprentice","card_health":2,"card_attack":3}]},{"turn":16,"cards_played":["Savannah Highmane","Steady Shot"],"current_player":"me","my_health":21,"opponent_health":19,"my_armor":0,"opponent_armor":0,"my_hand":3,"opponent_hand":2,"my_board":[{"card_name":"Savannah Highmane","card_health":5,"card_attack":6}],"opponent_board":[{"card_name":"Mana Wyrm","card_health":3,"card_attack":2}]},{"turn":17,"cards_played":["Spellslinger","Fireball","Slam"],"current_player":"opponent","my_health":21,"opponent_health":19,"my_armor":0,"opponent_armor":0,"my_hand":4,"opponent_hand":1,"my_board":[],"opponent_board":[{"card_name":"Mana Wyrm","card_health":1,"card_attack":4},{"card_name":"Spellslinger","card_health":4,"card_attack":3}]},{"turn":18,"cards_played":["Fan of Knives","Savannah Highmane"],"current_player":"me","my_health":21,"opponent_health":19,"my_armor":0,"opponent_armor":0,"my_hand":4,"opponent_hand":1,"my_board":[{"card_name":"Savannah Highmane","card_health":5,"card_attack":6}],"opponent_board":[{"card_name":"Spellslinger","card_health":3,"card_attack":3}]},{"turn":19,"cards_played":["Ragnaros the Firelord","Fireblast","Fireblast"],"current_player":"opponent","my_health":17,"opponent_health":19,"my_armor":0,"opponent_armor":0,"my_hand":4,"opponent_hand":1,"my_board":[{"card_name":"Hyena","card_health":2,"card_attack":2},{"card_name":"Hyena","card_health":2,"card_attack":2}],"opponent_board":[{"card_name":"Spellslinger","card_health":3,"card_attack":3},{"card_name":"Ragnaros the Firelord","card_health":8,"card_attack":8}]},{"turn":20,"cards_played":["Houndmaster","Steady Shot","Kill Command"],"current_player":"me","my_health":17,"opponent_health":11,"my_armor":0,"opponent_armor":0,"my_hand":3,"opponent_hand":1,"my_board":[{"card_name":"Houndmaster","card_health":3,"card_attack":4},{"card_name":"Hyena","card_health":4,"card_attack":4},{"card_name":"Hyena","card_health":2,"card_attack":2}],"opponent_board":[{"card_name":"Spellslinger","card_health":3,"card_attack":3},{"card_name":"Ragnaros the Firelord","card_health":8,"card_attack":8}]},{"turn":21,"cards_played":["Archmage Antonidas","Arcane Missiles","Fireblast","Fireblast"],"current_player":"opponent","my_health":16,"opponent_health":6,"my_armor":0,"opponent_armor":0,"my_hand":3,"opponent_hand":1,"my_board":[],"opponent_board":[{"card_name":"Ragnaros the Firelord","card_health":8,"card_attack":8},{"card_name":"Archmage Antonidas","card_health":7,"card_attack":5}]},{"turn":22,"cards_played":["Webspinner"],"current_player":"me","my_health":16,"opponent_health":6,"my_armor":0,"opponent_armor":0,"my_hand":3,"opponent_hand":1,"my_board":[{"card_name":"Webspinner","card_health":1,"card_attack":1}],"opponent_board":[{"card_name":"Ragnaros the Firelord","card_health":8,"card_attack":8},{"card_name":"Archmage Antonidas","card_health":7,"card_attack":5}]}],"result":"victory"}