{"plays":[{"turn":1,"cards_played":[],"current_player":"me","my_health":0,"opponent_health":30,"my_armor":0,"opponent_armor":0,"my_hand":0,"opponent_hand":1,"my_board":[],"opponent_board":[]},{"turn":2,"cards_played":[],"current_player":"me","my_health":30,"opponent_health":30,"my_armor":0,"opponent_armor":0,"my_hand":6,"opponent_hand":4,"my_board":[],"opponent_board":[]},{"turn":3,"cards_played":["Totem Golem"],"current_player":"opponent","my_health":30,"opponent_health":30,"my_armor":0,"opponent_armor":0,"my_hand":6,"opponent_hand":4,"my_board":[],"opponent_board":[{"card_name":"Totem Golem","card_health":4,"card_attack":3}]},{"turn":4,"cards_played":["Mad Scientist"],"current_player":"me","my_health":30,"opponent_health":30,"my_armor":0,"opponent_armor":0,"my_hand":6,"opponent_hand":4,"my_board":[{"card_name":"Mad Scientist","card_health":2,"card_attack":2}],"opponent_board":[{"card_name":"Totem Golem","card_health":4,"card_attack":3}]},{"turn":5,"cards_played":["Earth Shock"],"current_player":"opponent","my_health":27,"opponent_health":30,"my_armor":0,"opponent_armor":0,"my_hand":6,"opponent_hand":4,"my_board":[{"card_name":"Mad Scientist","card_health":1,"card_attack":2}],"opponent_board":[{"card_name":"Totem Golem","card_health":4,"card_attack":3}]},{"turn":6,"cards_played":["Arcane Intellect"],"current_player":"me","my_health":27,"opponent_health":28,"my_armor":0,"opponent_armor":0,"my_hand":8,"opponent_hand":4,"my_board":[{"card_name":"Mad Scientist","card_health":1,"card_attack":2}],"opponent_board":[{"card_name":"Totem Golem","card_health":4,"card_attack":3}]},{"turn":7,"cards_played":["Mana Tide Totem","Zombie Chow"],"current_player":"opponent","my_health":27,"opponent_health":28,"my_armor":0,"opponent_armor":0,"my_hand":8,"opponent_hand":4,"my_board":[],"opponent_board":[{"card_name":"Totem Golem","card_health":2,"card_attack":3},{"card_name":"Zombie Chow","card_health":3,"card_attack":2},{"card_name":"Mana Tide Totem","card_health":3,"card_attack":0}]},{"turn":8,"cards_played":["Sorcerer's Apprentice","Mana Wyrm","Mirror Image","The Coin"],"current_player":"me","my_health":27,"opponent_health":28,"my_armor":0,"opponent_armor":0,"my_hand":4,"opponent_hand":4,"my_board":[{"card_name":"Mana Wyrm","card_health":3,"card_attack":3},{"card_name":"Sorcerer's Apprentice","card_health":2,"card_attack":3},{"card_name":"Mirror Image","card_health":2,"card_attack":0},{"card_name":"Mirror Image","card_health":2,"card_attack":0}],"opponent_board":[{"card_name":"Totem Golem","card_health":2,"card_attack":3},{"card_name":"Zombie Chow","card_health":3,"card_attack":2},{"card_name":"Mana Tide Totem","card_health":3,"card_attack":0}]},{"turn":9,"cards_played":["Rockbiter Weapon","Lightning Storm"],"current_player":"opponent","my_health":22,"opponent_health":28,"my_armor":0,"opponent_armor":0,"my_hand":4,"opponent_hand":4,"my_board":[],"opponent_board":[{"card_name":"Totem Golem","card_health":2,"card_attack":3},{"card_name":"Zombie Chow","card_health":3,"card_attack":2},{"card_name":"Mana Tide Totem","card_health":3,"card_attack":0}]},{"turn":10,"cards_played":["Arcane Intellect","Frostbolt"],"current_player":"me","my_health":22,"opponent_health":28,"my_armor":0,"opponent_armor":0,"my_hand":5,"opponent_hand":4,"my_board":[],"opponent_board":[{"card_name":"Zombie Chow","card_health":3,"card_attack":2},{"card_name":"Mana Tide Totem","card_health":3,"card_attack":0}]},{"turn":11,"cards_played":["Totemic Call"],"current_player":"opponent","my_health":20,"opponent_health":28,"my_armor":0,"opponent_armor":0,"my_hand":5,"opponent_hand":6,"my_board":[],"opponent_board":[{"card_name":"Zombie Chow","card_health":3,"card_attack":2},{"card_name":"Mana Tide Totem","card_health":3,"card_attack":0},{"card_name":"Stoneclaw Totem","card_health":2,"card_attack":0}]},{"turn":12,"cards_played":["Sorcerer's Apprentice","Arcane Missiles","Fireblast","Fireblast","Mirror Image"],"current_player":"me","my_health":20,"opponent_health":28,"my_armor":0,"opponent_armor":0,"my_hand":3,"opponent_hand":6,"my_board":[{"card_name":"Sorcerer's Apprentice","card_health":2,"card_attack":3},{"card_name":"Mirror Image","card_health":2,"card_attack":0},{"card_name":"Mirror Image","card_health":2,"card_attack":0}],"opponent_board":[{"card_name":"Zombie Chow","card_health":2,"card_attack":2},{"card_name":"Mana Tide Totem","card_health":2,"card_attack":0}]},{"turn":13,"cards_played":["Azure Drake","Totemic Call"],"current_player":"opponent","my_health":20,"opponent_health":28,"my_armor":0,"opponent_armor":0,"my_hand":3,"opponent_hand":8,"my_board":[{"card_name":"Sorcerer's Apprentice","card_health":2,"card_attack":3},{"card_name":"Mirror Image","card_health":2,"card_attack":0}],"opponent_board":[{"card_name":"Azure Drake","card_health":4,"card_attack":4},{"card_name":"Zombie Chow","card_health":2,"card_attack":2},{"card_name":"Mana Tide Totem","card_health":2,"card_attack":0},{"card_name":"Stoneclaw Totem","card_health":2,"card_attack":0}]},{"turn":14,"cards_played":["Dr. Boom"],"current_player":"me","my_health":20,"opponent_health":28,"my_armor":0,"opponent_armor":0,"my_hand":3,"opponent_hand":8,"my_board":[{"card_name":"Sorcerer's Apprentice","card_health":2,"card_attack":3},{"card_name":"Dr. Boom","card_health":7,"card_attack":7},{"card_name":"Mirror Image","card_health":2,"card_attack":0},{"card_name":"Boom Bot","card_health":1,"card_attack":1},{"card_name":"Boom Bot","card_health":1,"card_attack":1}],"opponent_board":[{"card_name":"Azure Drake","card_health":4,"card_attack":4},{"card_name":"Zombie Chow","card_health":2,"card_attack":2},{"card_name":"Mana Tide Totem","card_health":2,"card_attack":0}]},{"turn":15,"cards_played":["Hex","Lightning Storm","Totemic Call"],"current_player":"opponent","my_health":21,"opponent_health":24,"my_armor":0,"opponent_armor":0,"my_hand":3,"opponent_hand":8,"my_board":[],"opponent_board":[{"card_name":"Azure Drake","card_health":4,"card_attack":4},{"card_name":"Mana Tide Totem","card_health":2,"card_attack":0},{"card_name":"Wrath of Air Totem","card_health":2,"card_attack":0}]},{"turn":16,"cards_played":["Fireball","Fireball"],"current_player":"me","my_health":21,"opponent_health":18,"my_armor":0,"opponent_armor":0,"my_hand":2,"opponent_hand":8,"my_board":[],"opponent_board":[{"card_name":"Azure Drake","card_health":4,"card_attack":4},{"card_name":"Mana Tide Totem","card_health":2,"card_attack":0},{"card_name":"Wrath of Air Totem","card_health":2,"card_attack":0}]},{"turn":17,"cards_played":["Tuskarr Totemic","Healing Wave"],"current_player":"opponent","my_health":17,"opponent_health":26,"my_armor":0,"opponent_armor":0,"my_hand":2,"opponent_hand":8,"my_board":[],"opponent_board":[{"card_name":"Azure Drake","card_health":4,"card_attack":4},{"card_name":"Tuskarr Totemic","card_health":2,"card_attack":3},{"card_name":"Mana Tide Totem","card_health":2,"card_attack":0},{"card_name":"Wrath of Air Totem","card_health":2,"card_attack":0},{"card_name":"Vitality Totem","card_health":3,"card_attack":0}]},{"turn":18,"cards_played":["Mana Wyrm","Flamestrike"],"current_player":"me","my_health":17,"opponent_health":30,"my_armor":0,"opponent_armor":0,"my_hand":1,"opponent_hand":8,"my_board":[{"card_name":"Mana Wyrm","card_health":3,"card_attack":2}],"opponent_board":[]},{"turn":19,"cards_played":["Fire Elemental","Totemic Call"],"current_player":"opponent","my_health":17,"opponent_health":30,"my_armor":0,"opponent_armor":0,"my_hand":1,"opponent_hand":8,"my_board":[],"opponent_board":[{"card_name":"Fire Elemental","card_health":5,"card_attack":6},{"card_name":"Stoneclaw Totem","card_health":2,"card_attack":0}]},{"turn":20,"cards_played":["Unstable Portal","Warhorse Trainer","Fireblast","Fireblast"],"current_player":"me","my_health":17,"opponent_health":29,"my_armor":0,"opponent_armor":0,"my_hand":1,"opponent_hand":8,"my_board":[{"card_name":"Warhorse Trainer","card_health":4,"card_attack":2}],"opponent_board":[{"card_name":"Fire Elemental","card_health":5,"card_attack":6},{"card_name":"Stoneclaw Totem","card_health":2,"card_attack":0}]},{"turn":21,"cards_played":[],"current_player":"opponent","my_health":17,"opponent_health":29,"my_armor":0,"opponent_armor":0,"my_hand":1,"opponent_hand":9,"my_board":[{"card_name":"Warhorse Trainer","card_health":4,"card_attack":2}],"opponent_board":[{"card_name":"Fire Elemental","card_health":5,"card_attack":6},{"card_name":"Stoneclaw Totem","card_health":2,"card_attack":0}]}],"result":"defeat"}