{"plays":[{"turn":1,"cards_played":[],"current_player":"opponent","my_health":30,"opponent_health":0,"my_armor":0,"opponent_armor":0,"my_hand":1,"opponent_hand":0,"my_board":[],"opponent_board":[]},{"turn":2,"cards_played":["Mana Wyrm"],"current_player":"me","my_health":30,"opponent_health":30,"my_armor":0,"opponent_armor":0,"my_hand":5,"opponent_hand":4,"my_board":[{"card_name":"Mana Wyrm","card_health":3,"card_attack":1}],"opponent_board":[]},{"turn":3,"cards_played":[],"current_player":"opponent","my_health":30,"opponent_health":30,"my_armor":0,"opponent_armor":0,"my_hand":5,"opponent_hand":5,"my_board":[{"card_name":"Mana Wyrm","card_health":3,"card_attack":1}],"opponent_board":[]},{"turn":4,"cards_played":["Mad Scientist"],"current_player":"me","my_health":30,"opponent_health":29,"my_armor":0,"opponent_armor":0,"my_hand":5,"opponent_hand":5,"my_board":[{"card_name":"Mad Scientist","card_health":2,"card_attack":2},{"card_name":"Mana Wyrm","card_health":3,"card_attack":1}],"opponent_board":[]},{"turn":5,"cards_played":["Thoughtsteal"],"current_player":"opponent","my_health":30,"opponent_health":29,"my_armor":0,"opponent_armor":0,"my_hand":5,"opponent_hand":7,"my_board":[{"card_name":"Mad Scientist","card_health":2,"card_attack":2},{"card_name":"Mana Wyrm","card_health":3,"card_attack":1}],"opponent_board":[]},{"turn":6,"cards_played":["Arcane Intellect"],"current_player":"me","my_health":30,"opponent_health":25,"my_armor":0,"opponent_armor":0,"my_hand":7,"opponent_hand":7,"my_board":[{"card_name":"Mad Scientist","card_health":2,"card_attack":2},{"card_name":"Mana Wyrm","card_health":3,"card_attack":2}],"opponent_board":[]},{"turn":7,"cards_played":["Mana Wyrm","Frostbolt"],"current_player":"opponent","my_health":30,"opponent_health":25,"my_armor":0,"opponent_armor":0,"my_hand":7,"opponent_hand":6,"my_board":[{"card_name":"Mad Scientist","card_health":2,"card_attack":2}],"opponent_board":[{"card_name":"Mana Wyrm","card_health":3,"card_attack":2}]},{"turn":8,"cards_played":["Sorcerer's Apprentice","Frostbolt","Mirror Image"],"current_player":"me","my_health":30,"opponent_health":23,"my_armor":0,"opponent_armor":0,"my_hand":5,"opponent_hand":6,"my_board":[{"card_name":"Mad Scientist","card_health":2,"card_attack":2},{"card_name":"Sorcerer's Apprentice","card_health":2,"card_attack":3},{"card_name":"Mirror Image","card_health":2,"card_attack":0},{"card_name":"Mirror Image","card_health":2,"card_attack":0}],"opponent_board":[]},{"turn":9,"cards_played":["Holy Nova"],"current_player":"opponent","my_health":28,"opponent_health":25,"my_armor":0,"opponent_armor":0,"my_hand":5,"opponent_hand":6,"my_board":[],"opponent_board":[]},{"turn":10,"cards_played":["Azure Drake"],"current_player":"me","my_health":28,"opponent_health":25,"my_armor":0,"opponent_armor":0,"my_hand":6,"opponent_hand":6,"my_board":[{"card_name":"Azure Drake","card_health":4,"card_attack":4}],"opponent_board":[]},{"turn":11,"cards_played":["Sludge Belcher"],"current_player":"opponent","my_health":28,"opponent_health":25,"my_armor":0,"opponent_armor":0,"my_hand":6,"opponent_hand":6,"my_board":[{"card_name":"Azure Drake","card_health":4,"card_attack":4},{"card_name":"Sludge Belcher","card_health":5,"card_attack":3}],"opponent_board":[{"card_name":"Sludge Belcher","card_health":5,"card_attack":3}]},{"turn":12,"cards_played":["Flamewaker","Flamecannon","Arcane Missiles"],"current_player":"me","my_health":28,"opponent_health":18,"my_armor":0,"opponent_armor":0,"my_hand":4,"opponent_hand":6,"my_board":[{"card_name":"Azure Drake","card_health":4,"card_attack":4},{"card_name":"Flamewaker","card_health":4,"card_attack":2},{"card_name":"Sludge Belcher","card_health":5,"card_attack":3}],"opponent_board":[]},{"turn":13,"cards_played":["Auchenai Soulpriest","Wild Pyromancer","Light of the Naaru"],"current_player":"opponent","my_health":28,"opponent_health":12,"my_armor":0,"opponent_armor":0,"my_hand":4,"opponent_hand":4,"my_board":[{"card_name":"Azure Drake","card_health":3,"card_attack":4},{"card_name":"Sludge Belcher","card_health":4,"card_attack":3}],"opponent_board":[{"card_name":"Auchenai Soulpriest","card_health":4,"card_attack":3},{"card_name":"Wild Pyromancer","card_health":1,"card_attack":3},{"card_name":"Lightwarden","card_health":1,"card_attack":1}]},{"turn":14,"cards_played":["Azure Drake","Fireblast","Fireblast"],"current_player":"me","my_health":28,"opponent_health":12,"my_armor":0,"opponent_armor":0,"my_hand":5,"opponent_hand":4,"my_board":[{"card_name":"Azure Drake","card_health":4,"card_attack":4},{"card_name":"Sludge Belcher","card_health":3,"card_attack":3}],"opponent_board":[]},{"turn":15,"cards_played":["Holy Champion","Flash Heal","Lesser Heal","Lesser Heal"],"current_player":"opponent","my_health":28,"opponent_health":19,"my_armor":0,"opponent_armor":0,"my_hand":5,"opponent_hand":3,"my_board":[{"card_name":"Azure Drake","card_health":4,"card_attack":4},{"card_name":"Sludge Belcher","card_health":3,"card_attack":3}],"opponent_board":[{"card_name":"Holy Champion","card_health":5,"card_attack":5}]},{"turn":16,"cards_played":["Flamewaker","Frostbolt","The Coin","Echo of Medivh"],"current_player":"me","my_health":28,"opponent_health":7,"my_armor":0,"opponent_armor":0,"my_hand":5,"opponent_hand":3,"my_board":[{"card_name":"Flamewaker","card_health":4,"card_attack":2},{"card_name":"Azure Drake","card_health":4,"card_attack":4},{"card_name":"Sludge Belcher","card_health":3,"card_attack":3}],"opponent_board":[]},{"turn":17,"cards_played":["Sludge Belcher","Lesser Heal","Wild Pyromancer"],"current_player":"opponent","my_health":28,"opponent_health":9,"my_armor":0,"opponent_armor":0,"my_hand":5,"opponent_hand":2,"my_board":[{"card_name":"Flamewaker","card_health":4,"card_attack":2},{"card_name":"Azure Drake","card_health":4,"card_attack":4},{"card_name":"Sludge Belcher","card_health":3,"card_attack":3}],"opponent_board":[{"card_name":"Sludge Belcher","card_health":5,"card_attack":3},{"card_name":"Wild Pyromancer","card_health":2,"card_attack":3}]},{"turn":18,"cards_played":["Flamewaker"],"current_player":"me","my_health":28,"opponent_health":9,"my_armor":0,"opponent_armor":0,"my_hand":5,"opponent_hand":2,"my_board":[{"card_name":"Flamewaker","card_health":4,"card_attack":2},{"card_name":"Azure Drake","card_health":4,"card_attack":4},{"card_name":"Sludge Belcher","card_health":3,"card_attack":3},{"card_name":"Flamewaker","card_health":4,"card_attack":2}],"opponent_board":[{"card_name":"Sludge Belcher","card_health":5,"card_attack":3},{"card_name":"Wild Pyromancer","card_health":2,"card_attack":3}]}],"result":"victory"}