{"plays":[{"turn":1,"cards_played":[],"current_player":"me","my_health":0,"opponent_health":30,"my_armor":0,"opponent_armor":0,"my_hand":0,"opponent_hand":1,"my_board":[],"opponent_board":[]},{"turn":2,"cards_played":[],"current_player":"opponent","my_health":30,"opponent_health":30,"my_armor":0,"opponent_armor":0,"my_hand":4,"opponent_hand":6,"my_board":[],"opponent_board":[]},{"turn":3,"cards_played":["Sorcerer's Apprentice"],"current_player":"me","my_health":30,"opponent_health":30,"my_armor":0,"opponent_armor":0,"my_hand":4,"opponent_hand":6,"my_board":[{"card_name":"Sorcerer's Apprentice","card_health":2,"card_attack":3}],"opponent_board":[]},{"turn":4,"cards_played":["The Coin","Shield Block"],"current_player":"opponent","my_health":30,"opponent_health":30,"my_armor":0,"opponent_armor":5,"my_hand":4,"opponent_hand":6,"my_board":[{"card_name":"Sorcerer's Apprentice","card_health":2,"card_attack":3}],"opponent_board":[]},{"turn":5,"cards_played":[],"current_player":"me","my_health":30,"opponent_health":30,"my_armor":0,"opponent_armor":2,"my_hand":4,"opponent_hand":6,"my_board":[{"card_name":"Sorcerer's Apprentice","card_health":2,"card_attack":3}],"opponent_board":[]},{"turn":6,"cards_played":["Fiery War Axe"],"current_player":"opponent","my_health":30,"opponent_health":29,"my_armor":0,"opponent_armor":0,"my_hand":4,"opponent_hand":6,"my_board":[],"opponent_board":[]},{"turn":7,"cards_played":["Water Elemental"],"current_player":"me","my_health":30,"opponent_health":29,"my_armor":0,"opponent_armor":0,"my_hand":4,"opponent_hand":6,"my_board":[{"card_name":"Water Elemental","card_health":6,"card_attack":3}],"opponent_board":[]},{"turn":8,"cards_played":["Cruel Taskmaster","Execute","Execute"],"current_player":"opponent","my_health":30,"opponent_health":29,"my_armor":0,"opponent_armor":0,"my_hand":4,"opponent_hand":4,"my_board":[],"opponent_board":[{"card_name":"Cruel Taskmaster","card_health":2,"card_attack":2}]},{"turn":9,"cards_played":["Mad Scientist","Mad Scientist"],"current_player":"me","my_health":30,"opponent_health":29,"my_armor":0,"opponent_armor":0,"my_hand":3,"opponent_hand":4,"my_board":[{"card_name":"Mad Scientist","card_health":2,"card_attack":2},{"card_name":"Mad Scientist","card_health":2,"card_attack":2}],"opponent_board":[{"card_name":"Cruel Taskmaster","card_health":2,"card_attack":2}]},{"turn":10,"cards_played":["Shield Block","Ironbeak Owl"],"current_player":"opponent","my_health":30,"opponent_health":29,"my_armor":0,"opponent_armor":3,"my_hand":3,"opponent_hand":4,"my_board":[],"opponent_board":[{"card_name":"Ironbeak Owl","card_health":1,"card_attack":2}]},{"turn":11,"cards_played":["Mana Wyrm","Fireblast","Fireblast"],"current_player":"me","my_health":30,"opponent_health":29,"my_armor":0,"opponent_armor":3,"my_hand":3,"opponent_hand":4,"my_board":[{"card_name":"Mana Wyrm","card_health":3,"card_attack":1}],"opponent_board":[]},{"turn":12,"cards_played":["Shieldmaiden"],"current_player":"opponent","my_health":30,"opponent_health":29,"my_armor":0,"opponent_armor":8,"my_hand":3,"opponent_hand":4,"my_board":[{"card_name":"Mana Wyrm","card_health":3,"card_attack":1},{"card_name":"Shieldmaiden","card_health":5,"card_attack":5}],"opponent_board":[{"card_name":"Shieldmaiden","card_health":5,"card_attack":5}]},{"turn":13,"cards_played":["Water Elemental","Frostbolt"],"current_player":"me","my_health":30,"opponent_health":29,"my_armor":0,"opponent_armor":3,"my_hand":2,"opponent_hand":4,"my_board":[{"card_name":"Water Elemental","card_health":6,"card_attack":3},{"card_name":"Shieldmaiden","card_health":5,"card_attack":5}],"opponent_board":[]},{"turn":14,"cards_played":["Dr. Boom"],"current_player":"opponent","my_health":30,"opponent_health":29,"my_armor":0,"opponent_armor":3,"my_hand":2,"opponent_hand":4,"my_board":[{"card_name":"Water Elemental","card_health":6,"card_attack":3},{"card_name":"Shieldmaiden","card_health":5,"card_attack":5}],"opponent_board":[{"card_name":"Dr. Boom","card_health":7,"card_attack":7},{"card_name":"Boom Bot","card_health":1,"card_attack":1},{"card_name":"Boom Bot","card_health":1,"card_attack":1}]},{"turn":15,"cards_played":["Fireblast","Fireblast","Sludge Belcher"],"current_player":"me","my_health":27,"opponent_health":24,"my_armor":0,"opponent_armor":0,"my_hand":2,"opponent_hand":4,"my_board":[{"card_name":"Water Elemental","card_health":6,"card_attack":3},{"card_name":"Sludge Belcher","card_health":5,"card_attack":3},{"card_name":"Shieldmaiden","card_health":5,"card_attack":5}],"opponent_board":[{"card_name":"Dr. Boom","card_health":7,"card_attack":7},{"card_name":"Boom Bot","card_health":1,"card_attack":1}]},{"turn":16,"cards_played":["Sludge Belcher","Armorsmith"],"current_player":"opponent","my_health":27,"opponent_health":24,"my_armor":0,"opponent_armor":2,"my_hand":2,"opponent_hand":3,"my_board":[{"card_name":"Water Elemental","card_health":6,"card_attack":3},{"card_name":"Shieldmaiden","card_health":5,"card_attack":5}],"opponent_board":[{"card_name":"Sludge Belcher","card_health":5,"card_attack":3},{"card_name":"Dr. Boom","card_health":4,"card_attack":7},{"card_name":"Armorsmith","card_health":4,"card_attack":1}]},{"turn":17,"cards_played":["Unstable Portal","Fireblast","Fireblast"],"current_player":"me","my_health":27,"opponent_health":24,"my_armor":0,"opponent_armor":3,"my_hand":3,"opponent_hand":3,"my_board":[{"card_name":"Water Elemental","card_health":5,"card_attack":3},{"card_name":"Shieldmaiden","card_health":2,"card_attack":5}],"opponent_board":[{"card_name":"Dr. Boom","card_health":4,"card_attack":7},{"card_name":"Armorsmith","card_health":4,"card_attack":1}]},{"turn":18,"cards_played":["Death's Bite","Armor Up!"],"current_player":"opponent","my_health":26,"opponent_health":22,"my_armor":0,"opponent_armor":3,"my_hand":3,"opponent_hand":3,"my_board":[],"opponent_board":[{"card_name":"Dr. Boom","card_health":1,"card_attack":7},{"card_name":"Armorsmith","card_health":4,"card_attack":1}]},{"turn":19,"cards_played":["Fireblast","Fireblast"],"current_player":"me","my_health":26,"opponent_health":22,"my_armor":0,"opponent_armor":4,"my_hand":4,"opponent_hand":3,"my_board":[],"opponent_board":[{"card_name":"Armorsmith","card_health":4,"card_attack":1}]},{"turn":20,"cards_played":["Alexstrasza"],"current_player":"opponent","my_health":14,"opponent_health":22,"my_armor":0,"opponent_armor":4,"my_hand":4,"opponent_hand":3,"my_board":[],"opponent_board":[{"card_name":"Alexstrasza","card_health":8,"card_attack":8},{"card_name":"Armorsmith","card_health":4,"card_attack":1}]},{"turn":21,"cards_played":["Antique Healbot","Kezan Mystic"],"current_player":"me","my_health":22,"opponent_health":22,"my_armor":0,"opponent_armor":4,"my_hand":3,"opponent_hand":3,"my_board":[{"card_name":"Kezan Mystic","card_health":3,"card_attack":4},{"card_name":"Antique Healbot","card_health":3,"card_attack":3}],"opponent_board":[{"card_name":"Alexstrasza","card_health":8,"card_attack":8},{"card_name":"Armorsmith","card_health":4,"card_attack":1}]},{"turn":22,"cards_played":["Grommash Hellscream"],"current_player":"opponent","my_health":0,"opponent_health":22,"my_armor":0,"opponent_armor":7,"my_hand":3,"opponent_hand":3,"my_board":[{"card_name":"Kezan Mystic","card_health":2,"card_attack":4},{"card_name":"Antique Healbot","card_health":2,"card_attack":3}],"opponent_board":[{"card_name":"Grommash Hellscream","card_health":8,"card_attack":10},{"card_name":"Alexstrasza","card_health":7,"card_attack":8},{"card_name":"Armorsmith","card_health":3,"card_attack":1}]}],"result":"defeat"}