{"plays":[{"turn":1,"cards_played":[],"current_player":"me","my_health":0,"opponent_health":30,"my_armor":0,"opponent_armor":0,"my_hand":0,"opponent_hand":1,"my_board":[],"opponent_board":[]},{"turn":2,"cards_played":["The Coin","Knife Juggler"],"current_player":"opponent","my_health":30,"opponent_health":30,"my_armor":0,"opponent_armor":0,"my_hand":4,"opponent_hand":4,"my_board":[],"opponent_board":[{"card_name":"Knife Juggler","card_health":2,"card_attack":3}]},{"turn":3,"cards_played":["Frostbolt"],"current_player":"me","my_health":30,"opponent_health":30,"my_armor":0,"opponent_armor":0,"my_hand":4,"opponent_hand":4,"my_board":[],"opponent_board":[]},{"turn":4,"cards_played":["Reinforce"],"current_player":"opponent","my_health":30,"opponent_health":30,"my_armor":0,"opponent_armor":0,"my_hand":4,"opponent_hand":5,"my_board":[],"opponent_board":[{"card_name":"Silver Hand Recruit","card_health":1,"card_attack":1}]},{"turn":5,"cards_played":["Sorcerer's Apprentice"],"current_player":"me","my_health":30,"opponent_health":30,"my_armor":0,"opponent_armor":0,"my_hand":4,"opponent_hand":5,"my_board":[{"card_name":"Sorcerer's Apprentice","card_health":2,"card_attack":3}],"opponent_board":[{"card_name":"Silver Hand Recruit","card_health":1,"card_attack":1}]},{"turn":6,"cards_played":["Muster for Battle"],"current_player":"opponent","my_health":30,"opponent_health":27,"my_armor":0,"opponent_armor":0,"my_hand":4,"opponent_hand":5,"my_board":[],"opponent_board":[{"card_name":"Silver Hand Recruit","card_health":1,"card_attack":1},{"card_name":"Silver Hand Recruit","card_health":1,"card_attack":1},{"card_name":"Silver Hand Recruit","card_health":1,"card_attack":1}]},{"turn":7,"cards_played":["Sorcerer's Apprentice"],"current_player":"me","my_health":30,"opponent_health":27,"my_armor":0,"opponent_armor":0,"my_hand":3,"opponent_hand":5,"my_board":[{"card_name":"Sorcerer's Apprentice","card_health":2,"card_attack":3}],"opponent_board":[{"card_name":"Silver Hand Recruit","card_health":1,"card_attack":1},{"card_name":"Silver Hand Recruit","card_health":1,"card_attack":1},{"card_name":"Silver Hand Recruit","card_health":1,"card_attack":1}]},{"turn":8,"cards_played":["Knife Juggler","Reinforce"],"current_player":"opponent","my_health":29,"opponent_health":24,"my_armor":0,"opponent_armor":0,"my_hand":3,"opponent_hand":5,"my_board":[],"opponent_board":[{"card_name":"Knife Juggler","card_health":2,"card_attack":3},{"card_name":"Silver Hand Recruit","card_health":1,"card_attack":1}]},{"turn":9,"cards_played":["Sludge Belcher"],"current_player":"me","my_health":29,"opponent_health":24,"my_armor":0,"opponent_armor":0,"my_hand":3,"opponent_hand":5,"my_board":[{"card_name":"Sludge Belcher","card_health":5,"card_attack":3}],"opponent_board":[{"card_name":"Knife Juggler","card_health":2,"card_attack":3},{"card_name":"Silver Hand Recruit","card_health":1,"card_attack":1}]},{"turn":10,"cards_played":["Murloc Knight"],"current_player":"opponent","my_health":28,"opponent_health":21,"my_armor":0,"opponent_armor":0,"my_hand":3,"opponent_hand":5,"my_board":[{"card_name":"Slime","card_health":2,"card_attack":1}],"opponent_board":[{"card_name":"Murloc Knight","card_health":4,"card_attack":3}]},{"turn":11,"cards_played":["Unstable Portal","Fireball"],"current_player":"me","my_health":28,"opponent_health":20,"my_armor":0,"opponent_armor":0,"my_hand":3,"opponent_hand":5,"my_board":[{"card_name":"Slime","card_health":2,"card_attack":1}],"opponent_board":[]},{"turn":12,"cards_played":["Murloc Knight","Reinforce"],"current_player":"opponent","my_health":28,"opponent_health":20,"my_armor":0,"opponent_armor":0,"my_hand":3,"opponent_hand":5,"my_board":[{"card_name":"Slime","card_health":2,"card_attack":1}],"opponent_board":[{"card_name":"Murloc Knight","card_health":4,"card_attack":3},{"card_name":"Silver Hand Recruit","card_health":1,"card_attack":1},{"card_name":"Grimscale Oracle","card_health":1,"card_attack":1}]},{"turn":13,"cards_played":["Mukla's Champion","Fireblast","Fireblast","Frostbolt"],"current_player":"me","my_health":28,"opponent_health":20,"my_armor":0,"opponent_armor":0,"my_hand":2,"opponent_hand":5,"my_board":[{"card_name":"Slime","card_health":2,"card_attack":2},{"card_name":"Mukla's Champion","card_health":3,"card_attack":4}],"opponent_board":[{"card_name":"Silver Hand Recruit","card_health":1,"card_attack":1}]},{"turn":14,"cards_played":["Consecration","Reinforce"],"current_player":"opponent","my_health":25,"opponent_health":20,"my_armor":0,"opponent_armor":0,"my_hand":2,"opponent_hand":4,"my_board":[],"opponent_board":[{"card_name":"Silver Hand Recruit","card_health":1,"card_attack":1}]},{"turn":15,"cards_played":["Arcane Intellect","Fireblast","Fireblast"],"current_player":"me","my_health":25,"opponent_health":20,"my_armor":0,"opponent_armor":0,"my_hand":3,"opponent_hand":4,"my_board":[],"opponent_board":[]},{"turn":16,"cards_played":["Mysterious Challenger","Reinforce"],"current_player":"opponent","my_health":25,"opponent_health":20,"my_armor":0,"opponent_armor":0,"my_hand":3,"opponent_hand":4,"my_board":[],"opponent_board":[{"card_name":"Mysterious Challenger","card_health":6,"card_attack":6},{"card_name":"Silver Hand Recruit","card_health":1,"card_attack":1}]},{"turn":17,"cards_played":["Arcane Intellect","Emperor Thaurissan"],"current_player":"me","my_health":25,"opponent_health":20,"my_armor":0,"opponent_armor":0,"my_hand":4,"opponent_hand":4,"my_board":[{"card_name":"Emperor Thaurissan","card_health":1,"card_attack":5}],"opponent_board":[{"card_name":"Mysterious Challenger","card_health":6,"card_attack":6},{"card_name":"Silver Hand Recruit","card_health":1,"card_attack":1}]},{"turn":18,"cards_played":["Dr. Boom","Reinforce"],"current_player":"opponent","my_health":18,"opponent_health":20,"my_armor":0,"opponent_armor":0,"my_hand":4,"opponent_hand":4,"my_board":[{"card_name":"The Skeleton Knight","card_health":4,"card_attack":7}],"opponent_board":[{"card_name":"Dr. Boom","card_health":7,"card_attack":7},{"card_name":"Mysterious Challenger","card_health":7,"card_attack":7},{"card_name":"Boom Bot","card_health":1,"card_attack":1},{"card_name":"Boom Bot","card_health":1,"card_attack":1},{"card_name":"Silver Hand Recruit","card_health":1,"card_attack":1}]},{"turn":19,"cards_played":["Mana Wyrm","Mana Wyrm","Flamewaker","Fireball","Fireblast","Fireblast"],"current_player":"me","my_health":18,"opponent_health":19,"my_armor":0,"opponent_armor":0,"my_hand":1,"opponent_hand":4,"my_board":[{"card_name":"Mana Wyrm","card_health":3,"card_attack":2},{"card_name":"Mana Wyrm","card_health":3,"card_attack":2},{"card_name":"Flamewaker","card_health":4,"card_attack":2},{"card_name":"The Skeleton Knight","card_health":2,"card_attack":7}],"opponent_board":[{"card_name":"Dr. Boom","card_health":9,"card_attack":10},{"card_name":"Boom Bot","card_health":1,"card_attack":1},{"card_name":"Boom Bot","card_health":1,"card_attack":1},{"card_name":"Silver Hand Recruit","card_health":1,"card_attack":1}]},{"turn":20,"cards_played":["Mysterious Challenger","Reinforce"],"current_player":"opponent","my_health":8,"opponent_health":19,"my_armor":0,"opponent_armor":0,"my_hand":1,"opponent_hand":2,"my_board":[{"card_name":"Mana Wyrm","card_health":3,"card_attack":2},{"card_name":"The Skeleton Knight","card_health":2,"card_attack":7}],"opponent_board":[{"card_name":"Dr. Boom","card_health":9,"card_attack":10},{"card_name":"Mysterious Challenger","card_health":6,"card_attack":6},{"card_name":"Silver Hand Recruit","card_health":1,"card_attack":1}]},{"turn":21,"cards_played":["Fireblast","Fireblast","Antique Healbot","Piloted Shredder"],"current_player":"me","my_health":16,"opponent_health":19,"my_armor":0,"opponent_armor":0,"my_hand":1,"opponent_hand":2,"my_board":[{"card_name":"Mana Wyrm","card_health":1,"card_attack":2},{"card_name":"Antique Healbot","card_health":1,"card_attack":3},{"card_name":"Piloted Shredder","card_health":3,"card_attack":4}],"opponent_board":[{"card_name":"Dr. Boom","card_health":11,"card_attack":13},{"card_name":"Silver Hand Recruit","card_health":1,"card_attack":1}]},{"turn":22,"cards_played":[],"current_player":"opponent","my_health":0,"opponent_health":19,"my_armor":0,"opponent_armor":0,"my_hand":1,"opponent_hand":3,"my_board":[{"card_name":"Mana Wyrm","card_health":1,"card_attack":2},{"card_name":"Antique Healbot","card_health":1,"card_attack":3},{"card_name":"Piloted Shredder","card_health":3,"card_attack":4}],"opponent_board":[{"card_name":"Dr. Boom","card_health":12,"card_attack":14},{"card_name":"Silver Hand Recruit","card_health":2,"card_attack":2}]}],"result":"defeat"}