{"plays":[{"turn":1,"cards_played":[],"current_player":"opponent","my_health":30,"opponent_health":0,"my_armor":0,"opponent_armor":0,"my_hand":1,"opponent_hand":0,"my_board":[],"opponent_board":[]},{"turn":2,"cards_played":["Zombie Chow"],"current_player":"opponent","my_health":30,"opponent_health":30,"my_armor":0,"opponent_armor":0,"my_hand":3,"opponent_hand":6,"my_board":[{"card_name":"Zombie Chow","card_health":3,"card_attack":2}],"opponent_board":[]},{"turn":3,"cards_played":["Fireblast","Fireblast"],"current_player":"me","my_health":30,"opponent_health":27,"my_armor":0,"opponent_armor":0,"my_hand":4,"opponent_hand":6,"my_board":[{"card_name":"Zombie Chow","card_health":3,"card_attack":2}],"opponent_board":[]},{"turn":4,"cards_played":["Life Tap"],"current_player":"opponent","my_health":30,"opponent_health":25,"my_armor":0,"opponent_armor":0,"my_hand":4,"opponent_hand":8,"my_board":[{"card_name":"Zombie Chow","card_health":3,"card_attack":2}],"opponent_board":[]},{"turn":5,"cards_played":["Fireblast"],"current_player":"me","my_health":30,"opponent_health":22,"my_armor":0,"opponent_armor":0,"my_hand":5,"opponent_hand":8,"my_board":[{"card_name":"Zombie Chow","card_health":3,"card_attack":2}],"opponent_board":[]},{"turn":6,"cards_played":["The Coin","Ancient Watcher","Sunfury Protector"],"current_player":"opponent","my_health":30,"opponent_health":22,"my_armor":0,"opponent_armor":0,"my_hand":5,"opponent_hand":6,"my_board":[{"card_name":"Zombie Chow","card_health":3,"card_attack":2}],"opponent_board":[{"card_name":"Sunfury Protector","card_health":3,"card_attack":2},{"card_name":"Ancient Watcher","card_health":5,"card_attack":4}]},{"turn":7,"cards_played":["Frostbolt","Fireblast","Fireblast"],"current_player":"me","my_health":30,"opponent_health":27,"my_armor":0,"opponent_armor":0,"my_hand":5,"opponent_hand":6,"my_board":[],"opponent_board":[{"card_name":"Sunfury Protector","card_health":2,"card_attack":2}]},{"turn":8,"cards_played":["Life Tap"],"current_player":"opponent","my_health":28,"opponent_health":25,"my_armor":0,"opponent_armor":0,"my_hand":5,"opponent_hand":8,"my_board":[],"opponent_board":[{"card_name":"Sunfury Protector","card_health":2,"card_attack":2}]},{"turn":9,"cards_played":["Fireblast"],"current_player":"me","my_health":28,"opponent_health":25,"my_armor":0,"opponent_armor":0,"my_hand":5,"opponent_hand":8,"my_board":[],"opponent_board":[{"card_name":"Sunfury Protector","card_health":1,"card_attack":2}]},{"turn":10,"cards_played":["Mountain Giant"],"current_player":"opponent","my_health":26,"opponent_health":25,"my_armor":0,"opponent_armor":0,"my_hand":5,"opponent_hand":8,"my_board":[{"card_name":"Mountain Giant","card_health":8,"card_attack":8}],"opponent_board":[{"card_name":"Sunfury Protector","card_health":1,"card_attack":2},{"card_name":"Mountain Giant","card_health":8,"card_attack":8}]},{"turn":11,"cards_played":["Fireblast","Big Game Hunter"],"current_player":"me","my_health":26,"opponent_health":17,"my_armor":0,"opponent_armor":0,"my_hand":5,"opponent_hand":8,"my_board":[{"card_name":"Big Game Hunter","card_health":2,"card_attack":4},{"card_name":"Mountain Giant","card_health":8,"card_attack":8}],"opponent_board":[]},{"turn":12,"cards_played":["Emperor Thaurissan"],"current_player":"opponent","my_health":26,"opponent_health":17,"my_armor":0,"opponent_armor":0,"my_hand":5,"opponent_hand":8,"my_board":[{"card_name":"Big Game Hunter","card_health":2,"card_attack":4},{"card_name":"Mountain Giant","card_health":8,"card_attack":8}],"opponent_board":[{"card_name":"Emperor Thaurissan","card_health":5,"card_attack":5}]},{"turn":13,"cards_played":["Unstable Portal","Sludge Belcher"],"current_player":"me","my_health":26,"opponent_health":5,"my_armor":0,"opponent_armor":0,"my_hand":5,"opponent_hand":8,"my_board":[{"card_name":"Big Game Hunter","card_health":2,"card_attack":4},{"card_name":"Sludge Belcher","card_health":5,"card_attack":3},{"card_name":"Mountain Giant","card_health":8,"card_attack":8}],"opponent_board":[{"card_name":"Emperor Thaurissan","card_health":5,"card_attack":5}]},{"turn":14,"cards_played":["Molten Giant","Shadowflame","Ironbeak Owl","Acidic Swamp Ooze"],"current_player":"opponent","my_health":26,"opponent_health":5,"my_armor":0,"opponent_armor":0,"my_hand":5,"opponent_hand":5,"my_board":[],"opponent_board":[{"card_name":"Emperor Thaurissan","card_health":4,"card_attack":5},{"card_name":"Ironbeak Owl","card_health":1,"card_attack":2},{"card_name":"Acidic Swamp Ooze","card_health":2,"card_attack":3}]},{"turn":15,"cards_played":["Flamestrike","Earthen Ring Farseer"],"current_player":"me","my_health":26,"opponent_health":5,"my_armor":0,"opponent_armor":0,"my_hand":4,"opponent_hand":5,"my_board":[{"card_name":"Earthen Ring Farseer","card_health":3,"card_attack":3}],"opponent_board":[]},{"turn":16,"cards_played":["Antique Healbot","Life Tap"],"current_player":"opponent","my_health":29,"opponent_health":11,"my_armor":0,"opponent_armor":0,"my_hand":4,"opponent_hand":6,"my_board":[{"card_name":"Earthen Ring Farseer","card_health":3,"card_attack":3}],"opponent_board":[{"card_name":"Antique Healbot","card_health":3,"card_attack":3}]},{"turn":17,"cards_played":["Ragnaros the Firelord"],"current_player":"me","my_health":29,"opponent_health":8,"my_armor":0,"opponent_armor":0,"my_hand":4,"opponent_hand":6,"my_board":[{"card_name":"Ragnaros the Firelord","card_health":8,"card_attack":8},{"card_name":"Earthen Ring Farseer","card_health":3,"card_attack":3}],"opponent_board":[]},{"turn":18,"cards_played":["Hellfire","Lord Jaraxxus"],"current_player":"opponent","my_health":23,"opponent_health":15,"my_armor":0,"opponent_armor":0,"my_hand":4,"opponent_hand":5,"my_board":[{"card_name":"Ragnaros the Firelord","card_health":5,"card_attack":8}],"opponent_board":[{"card_name":"Lord Jaraxxus","card_health":15,"card_attack":3}]},{"turn":19,"cards_played":["Unstable Portal","Sludge Belcher","Armorsmith","Fireblast","Fireblast"],"current_player":"me","my_health":23,"opponent_health":14,"my_armor":0,"opponent_armor":0,"my_hand":3,"opponent_hand":5,"my_board":[{"card_name":"Ragnaros the Firelord","card_health":5,"card_attack":8},{"card_name":"Sludge Belcher","card_health":5,"card_attack":3},{"card_name":"Armorsmith","card_health":4,"card_attack":1}],"opponent_board":[{"card_name":"Lord Jaraxxus","card_health":14,"card_attack":0}]},{"turn":20,"cards_played":["Dr. Boom","Ancient Watcher","Defender of Argus","Mortal Coil"],"current_player":"opponent","my_health":23,"opponent_health":6,"my_armor":0,"opponent_armor":0,"my_hand":3,"opponent_hand":3,"my_board":[{"card_name":"Ragnaros the Firelord","card_health":5,"card_attack":8},{"card_name":"Sludge Belcher","card_health":5,"card_attack":3},{"card_name":"Armorsmith","card_health":4,"card_attack":1}],"opponent_board":[{"card_name":"Dr. Boom","card_health":8,"card_attack":8},{"card_name":"Ancient Watcher","card_health":5,"card_attack":4},{"card_name":"Defender of Argus","card_health":3,"card_attack":2},{"card_name":"Lord Jaraxxus","card_health":6,"card_attack":3},{"card_name":"Boom Bot","card_health":2,"card_attack":2}]},{"turn":21,"cards_played":["Flamecannon","Fireblast","Fireblast","Mad Scientist"],"current_player":"me","my_health":23,"opponent_health":6,"my_armor":2,"opponent_armor":0,"my_hand":2,"opponent_hand":3,"my_board":[{"card_name":"Mad Scientist","card_health":2,"card_attack":2},{"card_name":"Ragnaros the Firelord","card_health":3,"card_attack":8},{"card_name":"Sludge Belcher","card_health":5,"card_attack":3}],"opponent_board":[{"card_name":"Ancient Watcher","card_health":5,"card_attack":4},{"card_name":"Lord Jaraxxus","card_health":6,"card_attack":0}]},{"turn":22,"cards_played":["Big Game Hunter","Sludge Belcher","INFERNO!"],"current_player":"opponent","my_health":23,"opponent_health":6,"my_armor":2,"opponent_armor":0,"my_hand":2,"opponent_hand":2,"my_board":[{"card_name":"Mad Scientist","card_health":2,"card_attack":2},{"card_name":"Sludge Belcher","card_health":5,"card_attack":3}],"opponent_board":[{"card_name":"Ancient Watcher","card_health":5,"card_attack":4},{"card_name":"Big Game Hunter","card_health":2,"card_attack":4},{"card_name":"Sludge Belcher","card_health":5,"card_attack":3},{"card_name":"Lord Jaraxxus","card_health":6,"card_attack":3},{"card_name":"Infernal","card_health":6,"card_attack":6}]},{"turn":23,"cards_played":["Water Elemental","Fireblast","Fireblast"],"current_player":"me","my_health":23,"opponent_health":5,"my_armor":2,"opponent_armor":0,"my_hand":1,"opponent_hand":2,"my_board":[{"card_name":"Water Elemental","card_health":6,"card_attack":3},{"card_name":"Sludge Belcher","card_health":2,"card_attack":3}],"opponent_board":[{"card_name":"Ancient Watcher","card_health":5,"card_attack":4},{"card_name":"Big Game Hunter","card_health":2,"card_attack":4},{"card_name":"Lord Jaraxxus","card_health":5,"card_attack":0},{"card_name":"Infernal","card_health":6,"card_attack":6},{"card_name":"Slime","card_health":2,"card_attack":1}]},{"turn":24,"cards_played":["Antique Healbot","Darkbomb","INFERNO!"],"current_player":"opponent","my_health":23,"opponent_health":13,"my_armor":0,"opponent_armor":0,"my_hand":3,"opponent_hand":1,"my_board":[{"card_name":"Water Elemental","card_health":6,"card_attack":3}],"opponent_board":[{"card_name":"Ancient Watcher","card_health":5,"card_attack":4},{"card_name":"Big Game Hunter","card_health":1,"card_attack":4},{"card_name":"Antique Healbot","card_health":3,"card_attack":3},{"card_name":"Lord Jaraxxus","card_health":13,"card_attack":3},{"card_name":"Infernal","card_health":6,"card_attack":6},{"card_name":"Slime","card_health":2,"card_attack":1},{"card_name":"Infernal","card_health":6,"card_attack":6}]},{"turn":25,"cards_played":["Fireblast","Fireblast","Sludge Belcher"],"current_player":"me","my_health":23,"opponent_health":13,"my_armor":0,"opponent_armor":0,"my_hand":3,"opponent_hand":1,"my_board":[{"card_name":"Water Elemental","card_health":5,"card_attack":3},{"card_name":"Sludge Belcher","card_health":5,"card_attack":3}],"opponent_board":[{"card_name":"Ancient Watcher","card_health":5,"card_attack":4},{"card_name":"Antique Healbot","card_health":3,"card_attack":3},{"card_name":"Lord Jaraxxus","card_health":13,"card_attack":0},{"card_name":"Infernal","card_health":6,"card_attack":6},{"card_name":"Infernal","card_health":6,"card_attack":6}]},{"turn":26,"cards_played":["Sludge Belcher","INFERNO!"],"current_player":"opponent","my_health":14,"opponent_health":13,"my_armor":0,"opponent_armor":0,"my_hand":3,"opponent_hand":1,"my_board":[{"card_name":"Water Elemental","card_health":5,"card_attack":3}],"opponent_board":[{"card_name":"Ancient Watcher","card_health":5,"card_attack":4},{"card_name":"Antique Healbot","card_health":2,"card_attack":3},{"card_name":"Sludge Belcher","card_health":5,"card_attack":3},{"card_name":"Lord Jaraxxus","card_health":13,"card_attack":3},{"card_name":"Infernal","card_health":6,"card_attack":6},{"card_name":"Infernal","card_health":3,"card_attack":6},{"card_name":"Infernal","card_health":6,"card_attack":6}]},{"turn":27,"cards_played":[],"current_player":"me","my_health":14,"opponent_health":13,"my_armor":0,"opponent_armor":0,"my_hand":4,"opponent_hand":1,"my_board":[{"card_name":"Water Elemental","card_health":5,"card_attack":3}],"opponent_board":[{"card_name":"Ancient Watcher","card_health":5,"card_attack":4},{"card_name":"Antique Healbot","card_health":2,"card_attack":3},{"card_name":"Sludge Belcher","card_health":5,"card_attack":3},{"card_name":"Lord Jaraxxus","card_health":13,"card_attack":0},{"card_name":"Infernal","card_health":6,"card_attack":6},{"card_name":"Infernal","card_health":3,"card_attack":6},{"card_name":"Infernal","card_health":6,"card_attack":6}]}],"result":"defeat"}