{"plays":[{"turn":1,"cards_played":[],"current_player":"opponent","my_health":30,"opponent_health":0,"my_armor":0,"opponent_armor":0,"my_hand":1,"opponent_hand":0,"my_board":[],"opponent_board":[]},{"turn":2,"cards_played":["Mana Wyrm"],"current_player":"opponent","my_health":30,"opponent_health":30,"my_armor":0,"opponent_armor":0,"my_hand":3,"opponent_hand":6,"my_board":[{"card_name":"Mana Wyrm","card_health":3,"card_attack":1}],"opponent_board":[]},{"turn":3,"cards_played":["Fireblast","Fireblast"],"current_player":"me","my_health":30,"opponent_health":28,"my_armor":0,"opponent_armor":0,"my_hand":4,"opponent_hand":6,"my_board":[{"card_name":"Mana Wyrm","card_health":3,"card_attack":1}],"opponent_board":[]},{"turn":4,"cards_played":["Knife Juggler"],"current_player":"opponent","my_health":30,"opponent_health":28,"my_armor":0,"opponent_armor":0,"my_hand":4,"opponent_hand":6,"my_board":[{"card_name":"Mana Wyrm","card_health":3,"card_attack":1}],"opponent_board":[{"card_name":"Knife Juggler","card_health":2,"card_attack":3}]},{"turn":5,"cards_played":["Frostbolt"],"current_player":"me","my_health":30,"opponent_health":26,"my_armor":0,"opponent_armor":0,"my_hand":4,"opponent_hand":6,"my_board":[{"card_name":"Mana Wyrm","card_health":3,"card_attack":2}],"opponent_board":[]},{"turn":6,"cards_played":["The Coin","Piloted Shredder"],"current_player":"opponent","my_health":30,"opponent_health":26,"my_armor":0,"opponent_armor":0,"my_hand":4,"opponent_hand":5,"my_board":[{"card_name":"Mana Wyrm","card_health":3,"card_attack":2}],"opponent_board":[{"card_name":"Piloted Shredder","card_health":3,"card_attack":4}]},{"turn":7,"cards_played":["Unstable Portal","Fireblast","Fireblast"],"current_player":"me","my_health":30,"opponent_health":26,"my_armor":0,"opponent_armor":0,"my_hand":5,"opponent_hand":5,"my_board":[],"opponent_board":[{"card_name":"Cutpurse","card_health":1,"card_attack":2}]},{"turn":8,"cards_played":["Silver Hand Regent","The Coin","Reinforce"],"current_player":"opponent","my_health":28,"opponent_health":26,"my_armor":0,"opponent_armor":0,"my_hand":5,"opponent_hand":5,"my_board":[],"opponent_board":[{"card_name":"Silver Hand Regent","card_health":3,"card_attack":3},{"card_name":"Cutpurse","card_health":1,"card_attack":2},{"card_name":"Silver Hand Recruit","card_health":1,"card_attack":1},{"card_name":"Silver Hand Recruit","card_health":1,"card_attack":1}]},{"turn":9,"cards_played":["Dr. Boom"],"current_player":"me","my_health":28,"opponent_health":26,"my_armor":0,"opponent_armor":0,"my_hand":5,"opponent_hand":5,"my_board":[{"card_name":"Dr. Boom","card_health":7,"card_attack":7},{"card_name":"Boom Bot","card_health":1,"card_attack":1},{"card_name":"Boom Bot","card_health":1,"card_attack":1}],"opponent_board":[{"card_name":"Silver Hand Regent","card_health":3,"card_attack":3},{"card_name":"Cutpurse","card_health":1,"card_attack":2},{"card_name":"Silver Hand Recruit","card_health":1,"card_attack":1},{"card_name":"Silver Hand Recruit","card_health":1,"card_attack":1}]},{"turn":10,"cards_played":["Reinforce","Aldor Peacekeeper"],"current_player":"opponent","my_health":23,"opponent_health":23,"my_armor":0,"opponent_armor":0,"my_hand":5,"opponent_hand":6,"my_board":[{"card_name":"Dr. Boom","card_health":7,"card_attack":7}],"opponent_board":[{"card_name":"Aldor Peacekeeper","card_health":3,"card_attack":3},{"card_name":"Cutpurse","card_health":1,"card_attack":2},{"card_name":"Silver Hand Recruit","card_health":1,"card_attack":1},{"card_name":"Silver Hand Recruit","card_health":1,"card_attack":1}]},{"turn":11,"cards_played":["Acolyte of Pain","Fireblast"],"current_player":"me","my_health":23,"opponent_health":23,"my_armor":0,"opponent_armor":0,"my_hand":5,"opponent_hand":6,"my_board":[{"card_name":"Acolyte of Pain","card_health":3,"card_attack":1},{"card_name":"Dr. Boom","card_health":6,"card_attack":1}],"opponent_board":[{"card_name":"Aldor Peacekeeper","card_health":3,"card_attack":3},{"card_name":"Silver Hand Recruit","card_health":1,"card_attack":1}]},{"turn":12,"cards_played":["Truesilver Champion","Reinforce"],"current_player":"opponent","my_health":19,"opponent_health":24,"my_armor":0,"opponent_armor":0,"my_hand":6,"opponent_hand":6,"my_board":[{"card_name":"Dr. Boom","card_health":6,"card_attack":1}],"opponent_board":[{"card_name":"Aldor Peacekeeper","card_health":3,"card_attack":3},{"card_name":"Silver Hand Recruit","card_health":1,"card_attack":1},{"card_name":"Silver Hand Recruit","card_health":1,"card_attack":1}]},{"turn":13,"cards_played":["Dr. Boom"],"current_player":"me","my_health":19,"opponent_health":24,"my_armor":0,"opponent_armor":0,"my_hand":6,"opponent_hand":6,"my_board":[{"card_name":"Dr. Boom","card_health":7,"card_attack":7},{"card_name":"Dr. Boom","card_health":5,"card_attack":1},{"card_name":"Boom Bot","card_health":1,"card_attack":1},{"card_name":"Boom Bot","card_health":1,"card_attack":1}],"opponent_board":[{"card_name":"Aldor Peacekeeper","card_health":3,"card_attack":3},{"card_name":"Silver Hand Recruit","card_health":1,"card_attack":1}]},{"turn":14,"cards_played":["Aldor Peacekeeper","Shielded Minibot","Reinforce"],"current_player":"opponent","my_health":19,"opponent_health":24,"my_armor":0,"opponent_armor":0,"my_hand":6,"opponent_hand":5,"my_board":[{"card_name":"Dr. Boom","card_health":7,"card_attack":1},{"card_name":"Dr. Boom","card_health":5,"card_attack":1}],"opponent_board":[{"card_name":"Shielded Minibot","card_health":2,"card_attack":2},{"card_name":"Aldor Peacekeeper","card_health":3,"card_attack":3},{"card_name":"Silver Hand Recruit","card_health":1,"card_attack":1}]},{"turn":15,"cards_played":["Sludge Belcher"],"current_player":"me","my_health":19,"opponent_health":24,"my_armor":0,"opponent_armor":0,"my_hand":5,"opponent_hand":5,"my_board":[{"card_name":"Sludge Belcher","card_health":5,"card_attack":3},{"card_name":"Dr. Boom","card_health":5,"card_attack":1},{"card_name":"Dr. Boom","card_health":4,"card_attack":1}],"opponent_board":[{"card_name":"Shielded Minibot","card_health":2,"card_attack":2},{"card_name":"Aldor Peacekeeper","card_health":3,"card_attack":3}]},{"turn":16,"cards_played":["Muster for Battle","Quartermaster"],"current_player":"opponent","my_health":19,"opponent_health":24,"my_armor":0,"opponent_armor":0,"my_hand":5,"opponent_hand":4,"my_board":[{"card_name":"Dr. Boom","card_health":5,"card_attack":1},{"card_name":"Dr. Boom","card_health":4,"card_attack":1},{"card_name":"Slime","card_health":2,"card_attack":1}],"opponent_board":[{"card_name":"Quartermaster","card_health":5,"card_attack":2},{"card_name":"Silver Hand Recruit","card_health":3,"card_attack":3},{"card_name":"Silver Hand Recruit","card_health":3,"card_attack":3},{"card_name":"Silver Hand Recruit","card_health":3,"card_attack":3}]},{"turn":17,"cards_played":["Flamestrike","Mad Scientist"],"current_player":"me","my_health":19,"opponent_health":22,"my_armor":0,"opponent_armor":0,"my_hand":4,"opponent_hand":4,"my_board":[{"card_name":"Dr. Boom","card_health":5,"card_attack":1},{"card_name":"Mad Scientist","card_health":2,"card_attack":2},{"card_name":"Dr. Boom","card_health":2,"card_attack":1},{"card_name":"Slime","card_health":2,"card_attack":1}],"opponent_board":[]},{"turn":18,"cards_played":["Knife Juggler","Ironbeak Owl","Consecration"],"current_player":"opponent","my_health":17,"opponent_health":22,"my_armor":7,"opponent_armor":0,"my_hand":4,"opponent_hand":2,"my_board":[{"card_name":"Dr. Boom","card_health":3,"card_attack":1}],"opponent_board":[{"card_name":"Ironbeak Owl","card_health":1,"card_attack":2},{"card_name":"Knife Juggler","card_health":2,"card_attack":3}]},{"turn":19,"cards_played":["Unstable Portal","Fireblast","Fireblast","Bomb Lobber"],"current_player":"me","my_health":17,"opponent_health":21,"my_armor":7,"opponent_armor":0,"my_hand":4,"opponent_hand":2,"my_board":[{"card_name":"Dr. Boom","card_health":3,"card_attack":1},{"card_name":"Bomb Lobber","card_health":3,"card_attack":3}],"opponent_board":[]},{"turn":20,"cards_played":["Tirion Fordring","Reinforce"],"current_player":"opponent","my_health":17,"opponent_health":21,"my_armor":6,"opponent_armor":0,"my_hand":4,"opponent_hand":2,"my_board":[{"card_name":"Dr. Boom","card_health":3,"card_attack":1},{"card_name":"Bomb Lobber","card_health":3,"card_attack":3}],"opponent_board":[{"card_name":"Tirion Fordring","card_health":6,"card_attack":6},{"card_name":"Silver Hand Recruit","card_health":1,"card_attack":1}]},{"turn":21,"cards_played":["Polymorph","Fireblast","Fireblast"],"current_player":"me","my_health":17,"opponent_health":18,"my_armor":6,"opponent_armor":0,"my_hand":4,"opponent_hand":2,"my_board":[{"card_name":"Dr. Boom","card_health":2,"card_attack":1},{"card_name":"Bomb Lobber","card_health":3,"card_attack":3}],"opponent_board":[]},{"turn":22,"cards_played":["Sylvanas Windrunner","Reinforce"],"current_player":"opponent","my_health":17,"opponent_health":18,"my_armor":5,"opponent_armor":0,"my_hand":4,"opponent_hand":2,"my_board":[{"card_name":"Dr. Boom","card_health":2,"card_attack":1},{"card_name":"Bomb Lobber","card_health":3,"card_attack":3}],"opponent_board":[{"card_name":"Sylvanas Windrunner","card_health":5,"card_attack":5},{"card_name":"Silver Hand Recruit","card_health":1,"card_attack":1}]},{"turn":23,"cards_played":["Fireblast","Fireblast","Ragnaros the Firelord"],"current_player":"me","my_health":17,"opponent_health":18,"my_armor":5,"opponent_armor":0,"my_hand":4,"opponent_hand":2,"my_board":[{"card_name":"Ragnaros the Firelord","card_health":8,"card_attack":8}],"opponent_board":[]},{"turn":24,"cards_played":["Piloted Shredder","Reinforce"],"current_player":"opponent","my_health":17,"opponent_health":18,"my_armor":4,"opponent_armor":0,"my_hand":4,"opponent_hand":2,"my_board":[{"card_name":"Ragnaros the Firelord","card_health":8,"card_attack":8}],"opponent_board":[{"card_name":"Piloted Shredder","card_health":3,"card_attack":4},{"card_name":"Silver Hand Recruit","card_health":1,"card_attack":1}]},{"turn":25,"cards_played":["Fireblast","Fireblast","Flamecannon"],"current_player":"me","my_health":17,"opponent_health":18,"my_armor":4,"opponent_armor":0,"my_hand":4,"opponent_hand":2,"my_board":[{"card_name":"Ragnaros the Firelord","card_health":8,"card_attack":8}],"opponent_board":[{"card_name":"Sunfury Protector","card_health":3,"card_attack":2}]},{"turn":26,"cards_played":["Lay on Hands","The Coin","Muster for Battle"],"current_player":"opponent","my_health":17,"opponent_health":18,"my_armor":1,"opponent_armor":0,"my_hand":4,"opponent_hand":3,"my_board":[{"card_name":"Ragnaros the Firelord","card_health":8,"card_attack":8}],"opponent_board":[{"card_name":"Sunfury Protector","card_health":3,"card_attack":2},{"card_name":"Silver Hand Recruit","card_health":1,"card_attack":1},{"card_name":"Silver Hand Recruit","card_health":1,"card_attack":1},{"card_name":"Silver Hand Recruit","card_health":1,"card_attack":1}]},{"turn":27,"cards_played":["Flamestrike","Fireblast","Fireblast"],"current_player":"me","my_health":17,"opponent_health":17,"my_armor":1,"opponent_armor":0,"my_hand":4,"opponent_hand":3,"my_board":[{"card_name":"Ragnaros the Firelord","card_health":8,"card_attack":8}],"opponent_board":[]},{"turn":28,"cards_played":["Silver Hand Regent","Murloc Knight","Reinforce"],"current_player":"opponent","my_health":17,"opponent_health":9,"my_armor":0,"opponent_armor":0,"my_hand":4,"opponent_hand":2,"my_board":[{"card_name":"Ragnaros the Firelord","card_health":8,"card_attack":8}],"opponent_board":[{"card_name":"Silver Hand Regent","card_health":3,"card_attack":3},{"card_name":"Murloc Knight","card_health":4,"card_attack":3},{"card_name":"Silver Hand Recruit","card_health":1,"card_attack":1},{"card_name":"Silver Hand Recruit","card_health":1,"card_attack":1},{"card_name":"Siltfin Spiritwalker","card_health":5,"card_attack":2}]},{"turn":29,"cards_played":["Sludge Belcher","Water Elemental"],"current_player":"me","my_health":17,"opponent_health":9,"my_armor":0,"opponent_armor":0,"my_hand":3,"opponent_hand":2,"my_board":[{"card_name":"Water Elemental","card_health":6,"card_attack":3},{"card_name":"Sludge Belcher","card_health":5,"card_attack":3},{"card_name":"Ragnaros the Firelord","card_health":8,"card_attack":8}],"opponent_board":[{"card_name":"Silver Hand Regent","card_health":3,"card_attack":3},{"card_name":"Murloc Knight","card_health":4,"card_attack":3},{"card_name":"Silver Hand Recruit","card_health":1,"card_attack":1},{"card_name":"Siltfin Spiritwalker","card_health":5,"card_attack":2}]},{"turn":30,"cards_played":["Reinforce","Truesilver Champion"],"current_player":"opponent","my_health":8,"opponent_health":11,"my_armor":0,"opponent_armor":0,"my_hand":3,"opponent_hand":2,"my_board":[{"card_name":"Water Elemental","card_health":6,"card_attack":3},{"card_name":"Ragnaros the Firelord","card_health":8,"card_attack":8}],"opponent_board":[{"card_name":"Silver Hand Regent","card_health":2,"card_attack":3},{"card_name":"Murloc Knight","card_health":2,"card_attack":5},{"card_name":"Silver Hand Recruit","card_health":1,"card_attack":1},{"card_name":"Siltfin Spiritwalker","card_health":6,"card_attack":4},{"card_name":"Silver Hand Recruit","card_health":1,"card_attack":1},{"card_name":"Silver Hand Recruit","card_health":1,"card_attack":1},{"card_name":"Murloc Warleader","card_health":3,"card_attack":3}]},{"turn":31,"cards_played":["Fireblast","Fireblast"],"current_player":"me","my_health":8,"opponent_health":8,"my_armor":0,"opponent_armor":0,"my_hand":4,"opponent_hand":2,"my_board":[{"card_name":"Water Elemental","card_health":6,"card_attack":3},{"card_name":"Ragnaros the Firelord","card_health":8,"card_attack":8}],"opponent_board":[{"card_name":"Silver Hand Regent","card_health":2,"card_attack":3},{"card_name":"Murloc Knight","card_health":2,"card_attack":5},{"card_name":"Silver Hand Recruit","card_health":1,"card_attack":1},{"card_name":"Silver Hand Recruit","card_health":1,"card_attack":1},{"card_name":"Murloc Warleader","card_health":3,"card_attack":3}]},{"turn":32,"cards_played":["Quartermaster","Reinforce"],"current_player":"opponent","my_health":0,"opponent_health":8,"my_armor":0,"opponent_armor":0,"my_hand":4,"opponent_hand":2,"my_board":[{"card_name":"Water Elemental","card_health":6,"card_attack":3},{"card_name":"Ragnaros the Firelord","card_health":8,"card_attack":8}],"opponent_board":[{"card_name":"Silver Hand Regent","card_health":2,"card_attack":3},{"card_name":"Quartermaster","card_health":5,"card_attack":2},{"card_name":"Murloc Knight","card_health":2,"card_attack":5},{"card_name":"Silver Hand Recruit","card_health":3,"card_attack":3},{"card_name":"Silver Hand Recruit","card_health":3,"card_attack":3},{"card_name":"Murloc Warleader","card_health":3,"card_attack":3},{"card_name":"Silver Hand Recruit","card_health":1,"card_attack":1}]}],"result":"defeat"}