{"plays":[{"turn":1,"cards_played":[],"current_player":"opponent","my_health":0,"opponent_health":0,"my_armor":0,"opponent_armor":0,"my_hand":3,"opponent_hand":1,"my_board":[],"opponent_board":[]},{"turn":2,"cards_played":["Fiery Bat"],"current_player":"opponent","my_health":30,"opponent_health":30,"my_armor":0,"opponent_armor":0,"my_hand":3,"opponent_hand":6,"my_board":[{"card_name":"Fiery Bat","card_health":1,"card_attack":2}],"opponent_board":[]},{"turn":3,"cards_played":["King's Elekk"],"current_player":"me","my_health":30,"opponent_health":28,"my_armor":0,"opponent_armor":0,"my_hand":4,"opponent_hand":6,"my_board":[{"card_name":"King's Elekk","card_health":2,"card_attack":3},{"card_name":"Fiery Bat","card_health":1,"card_attack":2}],"opponent_board":[]},{"turn":4,"cards_played":["The Coin","Imp Gang Boss"],"current_player":"opponent","my_health":30,"opponent_health":28,"my_armor":0,"opponent_armor":0,"my_hand":4,"opponent_hand":5,"my_board":[{"card_name":"King's Elekk","card_health":2,"card_attack":3},{"card_name":"Fiery Bat","card_health":1,"card_attack":2}],"opponent_board":[{"card_name":"Imp Gang Boss","card_health":4,"card_attack":2}]},{"turn":5,"cards_played":[],"current_player":"me","my_health":30,"opponent_health":23,"my_armor":0,"opponent_armor":0,"my_hand":4,"opponent_hand":5,"my_board":[{"card_name":"King's Elekk","card_health":2,"card_attack":3},{"card_name":"Fiery Bat","card_health":1,"card_attack":2}],"opponent_board":[{"card_name":"Imp Gang Boss","card_health":4,"card_attack":2}]},{"turn":6,"cards_played":["Demonwrath"],"current_player":"opponent","my_health":30,"opponent_health":23,"my_armor":0,"opponent_armor":0,"my_hand":4,"opponent_hand":6,"my_board":[],"opponent_board":[]},{"turn":7,"cards_played":["Huge Toad","Steady Shot"],"current_player":"me","my_health":30,"opponent_health":20,"my_armor":0,"opponent_armor":0,"my_hand":4,"opponent_hand":6,"my_board":[{"card_name":"Huge Toad","card_health":2,"card_attack":3}],"opponent_board":[]},{"turn":8,"cards_played":["Twilight Drake"],"current_player":"opponent","my_health":30,"opponent_health":20,"my_armor":0,"opponent_armor":0,"my_hand":4,"opponent_hand":6,"my_board":[{"card_name":"Huge Toad","card_health":2,"card_attack":3}],"opponent_board":[{"card_name":"Twilight Drake","card_health":1,"card_attack":4}]},{"turn":9,"cards_played":["Ram Wrangler"],"current_player":"me","my_health":30,"opponent_health":17,"my_armor":0,"opponent_armor":0,"my_hand":4,"opponent_hand":6,"my_board":[{"card_name":"Ram Wrangler","card_health":3,"card_attack":3},{"card_name":"Huge Toad","card_health":2,"card_attack":3},{"card_name":"Giant Sand Worm","card_health":8,"card_attack":8}],"opponent_board":[{"card_name":"Twilight Drake","card_health":7,"card_attack":4}]},{"turn":10,"cards_played":["Hellfire"],"current_player":"opponent","my_health":23,"opponent_health":13,"my_armor":0,"opponent_armor":0,"my_hand":4,"opponent_hand":6,"my_board":[{"card_name":"Giant Sand Worm","card_health":5,"card_attack":8}],"opponent_board":[{"card_name":"Twilight Drake","card_health":4,"card_attack":4}]},{"turn":11,"cards_played":["Hunter's Mark","Steady Shot","Kill Command"],"current_player":"me","my_health":23,"opponent_health":-2,"my_armor":0,"opponent_armor":0,"my_hand":3,"opponent_hand":6,"my_board":[{"card_name":"Giant Sand Worm","card_health":1,"card_attack":8}],"opponent_board":[]}],"result":"victory"}