{"plays":[{"turn":1,"cards_played":[],"current_player":"opponent","my_health":30,"opponent_health":0,"my_armor":0,"opponent_armor":0,"my_hand":1,"opponent_hand":0,"my_board":[],"opponent_board":[]},{"turn":2,"cards_played":["The Coin","Mechwarper"],"current_player":"opponent","my_health":30,"opponent_health":30,"my_armor":0,"opponent_armor":0,"my_hand":4,"opponent_hand":4,"my_board":[],"opponent_board":[{"card_name":"Mechwarper","card_health":3,"card_attack":2}]},{"turn":3,"cards_played":["Mad Scientist"],"current_player":"me","my_health":30,"opponent_health":30,"my_armor":0,"opponent_armor":0,"my_hand":4,"opponent_hand":4,"my_board":[{"card_name":"Mad Scientist","card_health":2,"card_attack":2}],"opponent_board":[{"card_name":"Mechwarper","card_health":3,"card_attack":2}]},{"turn":4,"cards_played":["Harvest Golem"],"current_player":"opponent","my_health":28,"opponent_health":30,"my_armor":0,"opponent_armor":0,"my_hand":4,"opponent_hand":4,"my_board":[{"card_name":"Mad Scientist","card_health":2,"card_attack":2}],"opponent_board":[{"card_name":"Mechwarper","card_health":3,"card_attack":2},{"card_name":"Harvest Golem","card_health":3,"card_attack":2}]},{"turn":5,"cards_played":["Arcane Intellect"],"current_player":"me","my_health":28,"opponent_health":28,"my_armor":0,"opponent_armor":0,"my_hand":6,"opponent_hand":4,"my_board":[{"card_name":"Mad Scientist","card_health":2,"card_attack":2}],"opponent_board":[{"card_name":"Mechwarper","card_health":3,"card_attack":2},{"card_name":"Harvest Golem","card_health":3,"card_attack":2}]},{"turn":6,"cards_played":["Clockwork Gnome","Frostbolt"],"current_player":"opponent","my_health":24,"opponent_health":28,"my_armor":0,"opponent_armor":0,"my_hand":6,"opponent_hand":3,"my_board":[],"opponent_board":[{"card_name":"Clockwork Gnome","card_health":1,"card_attack":2},{"card_name":"Mechwarper","card_health":3,"card_attack":2},{"card_name":"Harvest Golem","card_health":3,"card_attack":2}]},{"turn":7,"cards_played":["Flamewaker","Arcane Missiles"],"current_player":"me","my_health":24,"opponent_health":28,"my_armor":0,"opponent_armor":0,"my_hand":5,"opponent_hand":4,"my_board":[{"card_name":"Flamewaker","card_health":4,"card_attack":2}],"opponent_board":[{"card_name":"Mechwarper","card_health":2,"card_attack":2},{"card_name":"Harvest Golem","card_health":2,"card_attack":2}]},{"turn":8,"cards_played":["Annoy-o-Tron","Fireblast","Fireblast"],"current_player":"opponent","my_health":24,"opponent_health":27,"my_armor":0,"opponent_armor":0,"my_hand":5,"opponent_hand":4,"my_board":[{"card_name":"Annoy-o-Tron","card_health":2,"card_attack":1}],"opponent_board":[{"card_name":"Annoy-o-Tron","card_health":2,"card_attack":1},{"card_name":"Damaged Golem","card_health":1,"card_attack":2}]},{"turn":9,"cards_played":["Sorcerer's Apprentice","Mana Wyrm","Fireblast","Fireblast"],"current_player":"me","my_health":24,"opponent_health":27,"my_armor":0,"opponent_armor":0,"my_hand":4,"opponent_hand":4,"my_board":[{"card_name":"Sorcerer's Apprentice","card_health":2,"card_attack":3},{"card_name":"Mana Wyrm","card_health":3,"card_attack":1},{"card_name":"Annoy-o-Tron","card_health":2,"card_attack":1}],"opponent_board":[{"card_name":"Annoy-o-Tron","card_health":2,"card_attack":1}]},{"turn":10,"cards_played":["Goblin Blastmage","Whirling Blades"],"current_player":"opponent","my_health":23,"opponent_health":27,"my_armor":0,"opponent_armor":0,"my_hand":4,"opponent_hand":3,"my_board":[{"card_name":"Mana Wyrm","card_health":2,"card_attack":1}],"opponent_board":[{"card_name":"Annoy-o-Tron","card_health":2,"card_attack":2},{"card_name":"Goblin Blastmage","card_health":4,"card_attack":5}]},{"turn":11,"cards_played":["Acolyte of Pain","Frostbolt"],"current_player":"me","my_health":23,"opponent_health":27,"my_armor":0,"opponent_armor":0,"my_hand":3,"opponent_hand":3,"my_board":[{"card_name":"Acolyte of Pain","card_health":3,"card_attack":1}],"opponent_board":[{"card_name":"Goblin Blastmage","card_health":1,"card_attack":5}]},{"turn":12,"cards_played":["Sylvanas Windrunner"],"current_player":"opponent","my_health":23,"opponent_health":27,"my_armor":0,"opponent_armor":0,"my_hand":3,"opponent_hand":3,"my_board":[{"card_name":"Acolyte of Pain","card_health":3,"card_attack":1}],"opponent_board":[{"card_name":"Sylvanas Windrunner","card_health":5,"card_attack":5},{"card_name":"Goblin Blastmage","card_health":1,"card_attack":5}]},{"turn":13,"cards_played":["Fireblast","Fireblast","Arcane Intellect","Flamecannon"],"current_player":"me","my_health":23,"opponent_health":27,"my_armor":0,"opponent_armor":0,"my_hand":6,"opponent_hand":3,"my_board":[],"opponent_board":[{"card_name":"Sylvanas Windrunner","card_health":5,"card_attack":5}]},{"turn":14,"cards_played":["Azure Drake","Fireblast","Fireblast"],"current_player":"opponent","my_health":17,"opponent_health":27,"my_armor":0,"opponent_armor":0,"my_hand":6,"opponent_hand":4,"my_board":[],"opponent_board":[{"card_name":"Azure Drake","card_health":4,"card_attack":4},{"card_name":"Sylvanas Windrunner","card_health":1,"card_attack":5}]},{"turn":15,"cards_played":["Fireblast","Fireblast","Emperor Thaurissan"],"current_player":"me","my_health":17,"opponent_health":27,"my_armor":0,"opponent_armor":0,"my_hand":6,"opponent_hand":4,"my_board":[{"card_name":"Emperor Thaurissan","card_health":5,"card_attack":5}],"opponent_board":[{"card_name":"Azure Drake","card_health":4,"card_attack":4}]},{"turn":16,"cards_played":["Mechwarper","Annoy-o-Tron","Loatheb"],"current_player":"opponent","my_health":13,"opponent_health":27,"my_armor":0,"opponent_armor":0,"my_hand":6,"opponent_hand":2,"my_board":[{"card_name":"Emperor Thaurissan","card_health":5,"card_attack":5}],"opponent_board":[{"card_name":"Annoy-o-Tron","card_health":2,"card_attack":1},{"card_name":"Azure Drake","card_health":4,"card_attack":4},{"card_name":"Loatheb","card_health":5,"card_attack":5},{"card_name":"Mechwarper","card_health":3,"card_attack":2}]},{"turn":17,"cards_played":["Frostbolt","Fireblast","Fireblast"],"current_player":"me","my_health":13,"opponent_health":27,"my_armor":0,"opponent_armor":0,"my_hand":6,"opponent_hand":2,"my_board":[{"card_name":"Emperor Thaurissan","card_health":4,"card_attack":5}],"opponent_board":[{"card_name":"Azure Drake","card_health":4,"card_attack":4},{"card_name":"Loatheb","card_health":2,"card_attack":5},{"card_name":"Mechwarper","card_health":3,"card_attack":2}]},{"turn":18,"cards_played":["Fireball","Fireblast"],"current_player":"opponent","my_health":-1,"opponent_health":27,"my_armor":0,"opponent_armor":0,"my_hand":6,"opponent_hand":2,"my_board":[{"card_name":"Emperor Thaurissan","card_health":4,"card_attack":5}],"opponent_board":[{"card_name":"Azure Drake","card_health":4,"card_attack":4},{"card_name":"Loatheb","card_health":2,"card_attack":5},{"card_name":"Mechwarper","card_health":3,"card_attack":2}]}],"result":"defeat"}