{"plays":[{"turn":1,"cards_played":[],"current_player":"me","my_health":0,"opponent_health":30,"my_armor":0,"opponent_armor":0,"my_hand":0,"opponent_hand":1,"my_board":[],"opponent_board":[]},{"turn":2,"cards_played":["Twilight Whelp","The Coin","Flamecannon"],"current_player":"me","my_health":30,"opponent_health":30,"my_armor":0,"opponent_armor":0,"my_hand":4,"opponent_hand":3,"my_board":[],"opponent_board":[]},{"turn":3,"cards_played":[],"current_player":"opponent","my_health":30,"opponent_health":30,"my_armor":0,"opponent_armor":0,"my_hand":4,"opponent_hand":4,"my_board":[],"opponent_board":[]},{"turn":4,"cards_played":["Unstable Portal"],"current_player":"me","my_health":30,"opponent_health":30,"my_armor":0,"opponent_armor":0,"my_hand":5,"opponent_hand":4,"my_board":[],"opponent_board":[]},{"turn":5,"cards_played":["Blackwing Technician"],"current_player":"opponent","my_health":30,"opponent_health":30,"my_armor":0,"opponent_armor":0,"my_hand":5,"opponent_hand":4,"my_board":[],"opponent_board":[{"card_name":"Blackwing Technician","card_health":4,"card_attack":2}]},{"turn":6,"cards_played":["Argent Commander"],"current_player":"me","my_health":30,"opponent_health":26,"my_armor":0,"opponent_armor":0,"my_hand":5,"opponent_hand":4,"my_board":[{"card_name":"Argent Commander","card_health":2,"card_attack":4}],"opponent_board":[{"card_name":"Blackwing Technician","card_health":5,"card_attack":3}]},{"turn":7,"cards_played":["Lesser Heal","Lesser Heal"],"current_player":"opponent","my_health":30,"opponent_health":26,"my_armor":0,"opponent_armor":0,"my_hand":5,"opponent_hand":5,"my_board":[{"card_name":"Argent Commander","card_health":2,"card_attack":4}],"opponent_board":[{"card_name":"Blackwing Technician","card_health":3,"card_attack":3}]},{"turn":8,"cards_played":[],"current_player":"me","my_health":30,"opponent_health":22,"my_armor":0,"opponent_armor":0,"my_hand":5,"opponent_hand":5,"my_board":[{"card_name":"Argent Commander","card_health":2,"card_attack":4}],"opponent_board":[{"card_name":"Blackwing Technician","card_health":3,"card_attack":3}]},{"turn":9,"cards_played":["Holy Nova"],"current_player":"opponent","my_health":25,"opponent_health":24,"my_armor":0,"opponent_armor":0,"my_hand":5,"opponent_hand":5,"my_board":[{"card_name":"Illidan Stormrage","card_health":5,"card_attack":7}],"opponent_board":[{"card_name":"Blackwing Technician","card_health":5,"card_attack":3}]},{"turn":10,"cards_played":["Sorcerer's Apprentice","Fireball","Arcane Missiles"],"current_player":"me","my_health":25,"opponent_health":14,"my_armor":0,"opponent_armor":0,"my_hand":3,"opponent_hand":5,"my_board":[{"card_name":"Sorcerer's Apprentice","card_health":2,"card_attack":3},{"card_name":"Illidan Stormrage","card_health":5,"card_attack":7},{"card_name":"Flame of Azzinoth","card_health":1,"card_attack":2},{"card_name":"Flame of Azzinoth","card_health":1,"card_attack":2},{"card_name":"Flame of Azzinoth","card_health":1,"card_attack":2}],"opponent_board":[]},{"turn":11,"cards_played":["Lightbomb"],"current_player":"opponent","my_health":25,"opponent_health":14,"my_armor":0,"opponent_armor":0,"my_hand":3,"opponent_hand":5,"my_board":[],"opponent_board":[]},{"turn":12,"cards_played":["Emperor Thaurissan"],"current_player":"me","my_health":25,"opponent_health":14,"my_armor":0,"opponent_armor":0,"my_hand":3,"opponent_hand":5,"my_board":[{"card_name":"Emperor Thaurissan","card_health":5,"card_attack":5}],"opponent_board":[]},{"turn":13,"cards_played":["Azure Drake","Wyrmrest Agent"],"current_player":"opponent","my_health":25,"opponent_health":14,"my_armor":0,"opponent_armor":0,"my_hand":3,"opponent_hand":5,"my_board":[{"card_name":"Emperor Thaurissan","card_health":5,"card_attack":5}],"opponent_board":[{"card_name":"Wyrmrest Agent","card_health":4,"card_attack":1},{"card_name":"Azure Drake","card_health":4,"card_attack":4}]},{"turn":14,"cards_played":["Sludge Belcher","Piloted Shredder"],"current_player":"me","my_health":25,"opponent_health":14,"my_armor":0,"opponent_armor":0,"my_hand":2,"opponent_hand":5,"my_board":[{"card_name":"Piloted Shredder","card_health":3,"card_attack":4},{"card_name":"Sludge Belcher","card_health":5,"card_attack":3},{"card_name":"Emperor Thaurissan","card_health":3,"card_attack":5}],"opponent_board":[{"card_name":"Azure Drake","card_health":4,"card_attack":4}]},{"turn":15,"cards_played":["Velen's Chosen","Lesser Heal","Lesser Heal"],"current_player":"opponent","my_health":25,"opponent_health":16,"my_armor":0,"opponent_armor":0,"my_hand":2,"opponent_hand":5,"my_board":[{"card_name":"Piloted Shredder","card_health":3,"card_attack":4},{"card_name":"Emperor Thaurissan","card_health":3,"card_attack":5},{"card_name":"Slime","card_health":2,"card_attack":1}],"opponent_board":[{"card_name":"Azure Drake","card_health":5,"card_attack":6}]},{"turn":16,"cards_played":["Fireblast","Fireblast","Fireblast","Fireblast"],"current_player":"me","my_health":25,"opponent_health":9,"my_armor":0,"opponent_armor":0,"my_hand":3,"opponent_hand":5,"my_board":[{"card_name":"Emperor Thaurissan","card_health":3,"card_attack":5},{"card_name":"Slime","card_health":2,"card_attack":1},{"card_name":"Garrison Commander","card_health":3,"card_attack":2}],"opponent_board":[]},{"turn":17,"cards_played":["Cabal Shadow Priest","Lesser Heal"],"current_player":"opponent","my_health":25,"opponent_health":11,"my_armor":0,"opponent_armor":0,"my_hand":3,"opponent_hand":5,"my_board":[{"card_name":"Emperor Thaurissan","card_health":3,"card_attack":5},{"card_name":"Slime","card_health":2,"card_attack":1}],"opponent_board":[{"card_name":"Cabal Shadow Priest","card_health":5,"card_attack":4},{"card_name":"Garrison Commander","card_health":3,"card_attack":2}]},{"turn":18,"cards_played":["Mana Wyrm","Flamewaker","Flamestrike","Fireblast","Fireblast"],"current_player":"me","my_health":25,"opponent_health":3,"my_armor":0,"opponent_armor":0,"my_hand":1,"opponent_hand":5,"my_board":[{"card_name":"Flamewaker","card_health":4,"card_attack":2},{"card_name":"Emperor Thaurissan","card_health":3,"card_attack":5},{"card_name":"Mana Wyrm","card_health":3,"card_attack":2},{"card_name":"Slime","card_health":2,"card_attack":1}],"opponent_board":[]},{"turn":19,"cards_played":[],"current_player":"opponent","my_health":25,"opponent_health":3,"my_armor":0,"opponent_armor":0,"my_hand":1,"opponent_hand":6,"my_board":[{"card_name":"Flamewaker","card_health":4,"card_attack":2},{"card_name":"Emperor Thaurissan","card_health":3,"card_attack":5},{"card_name":"Mana Wyrm","card_health":3,"card_attack":2},{"card_name":"Slime","card_health":2,"card_attack":1}],"opponent_board":[]}],"result":"victory"}