{"plays":[{"turn":1,"cards_played":[],"current_player":"me","my_health":0,"opponent_health":30,"my_armor":0,"opponent_armor":0,"my_hand":0,"opponent_hand":1,"my_board":[],"opponent_board":[]},{"turn":2,"cards_played":["Mana Wyrm"],"current_player":"opponent","my_health":30,"opponent_health":30,"my_armor":0,"opponent_armor":0,"my_hand":3,"opponent_hand":6,"my_board":[{"card_name":"Mana Wyrm","card_health":3,"card_attack":1}],"opponent_board":[]},{"turn":3,"cards_played":["Mana Wyrm"],"current_player":"me","my_health":30,"opponent_health":29,"my_armor":0,"opponent_armor":0,"my_hand":3,"opponent_hand":6,"my_board":[{"card_name":"Mana Wyrm","card_health":3,"card_attack":1},{"card_name":"Mana Wyrm","card_health":3,"card_attack":1}],"opponent_board":[]},{"turn":4,"cards_played":["Wyrmrest Agent"],"current_player":"opponent","my_health":30,"opponent_health":29,"my_armor":0,"opponent_armor":0,"my_hand":3,"opponent_hand":6,"my_board":[{"card_name":"Mana Wyrm","card_health":3,"card_attack":1},{"card_name":"Mana Wyrm","card_health":3,"card_attack":1}],"opponent_board":[{"card_name":"Wyrmrest Agent","card_health":4,"card_attack":1}]},{"turn":5,"cards_played":[],"current_player":"me","my_health":30,"opponent_health":29,"my_armor":0,"opponent_armor":0,"my_hand":3,"opponent_hand":6,"my_board":[{"card_name":"Mana Wyrm","card_health":1,"card_attack":2},{"card_name":"Mana Wyrm","card_health":1,"card_attack":2}],"opponent_board":[]},{"turn":6,"cards_played":["Northshire Cleric","The Coin","Dark Cultist"],"current_player":"opponent","my_health":30,"opponent_health":29,"my_armor":0,"opponent_armor":0,"my_hand":3,"opponent_hand":4,"my_board":[{"card_name":"Mana Wyrm","card_health":1,"card_attack":2},{"card_name":"Mana Wyrm","card_health":1,"card_attack":2},{"card_name":"Northshire Cleric","card_health":3,"card_attack":1}],"opponent_board":[{"card_name":"Dark Cultist","card_health":4,"card_attack":3},{"card_name":"Northshire Cleric","card_health":3,"card_attack":1}]},{"turn":7,"cards_played":[],"current_player":"me","my_health":30,"opponent_health":29,"my_armor":0,"opponent_armor":0,"my_hand":3,"opponent_hand":4,"my_board":[],"opponent_board":[]},{"turn":8,"cards_played":["Twilight Guardian"],"current_player":"opponent","my_health":30,"opponent_health":29,"my_armor":0,"opponent_armor":0,"my_hand":3,"opponent_hand":4,"my_board":[{"card_name":"Twilight Guardian","card_health":6,"card_attack":2}],"opponent_board":[{"card_name":"Twilight Guardian","card_health":6,"card_attack":2}]},{"turn":9,"cards_played":["Azure Drake"],"current_player":"me","my_health":30,"opponent_health":27,"my_armor":0,"opponent_armor":0,"my_hand":4,"opponent_hand":4,"my_board":[{"card_name":"Azure Drake","card_health":4,"card_attack":4},{"card_name":"Twilight Guardian","card_health":6,"card_attack":2}],"opponent_board":[{"card_name":"Twilight Guardian","card_health":6,"card_attack":2}]},{"turn":10,"cards_played":["Velen's Chosen","Power Word: Shield","Power Word: Shield"],"current_player":"opponent","my_health":30,"opponent_health":27,"my_armor":0,"opponent_armor":0,"my_hand":4,"opponent_hand":4,"my_board":[{"card_name":"Twilight Guardian","card_health":6,"card_attack":2}],"opponent_board":[{"card_name":"Twilight Guardian","card_health":8,"card_attack":4}]},{"turn":11,"cards_played":["Fireblast","Fireblast"],"current_player":"me","my_health":30,"opponent_health":24,"my_armor":0,"opponent_armor":0,"my_hand":4,"opponent_hand":4,"my_board":[{"card_name":"Twilight Guardian","card_health":6,"card_attack":2}],"opponent_board":[{"card_name":"Twilight Guardian","card_health":10,"card_attack":4}]},{"turn":12,"cards_played":["Sylvanas Windrunner"],"current_player":"opponent","my_health":26,"opponent_health":24,"my_armor":0,"opponent_armor":0,"my_hand":4,"opponent_hand":4,"my_board":[{"card_name":"Twilight Guardian","card_health":6,"card_attack":2}],"opponent_board":[{"card_name":"Sylvanas Windrunner","card_health":5,"card_attack":5},{"card_name":"Twilight Guardian","card_health":10,"card_attack":4}]},{"turn":13,"cards_played":["Flamewaker","Mirror Image","Fireblast","Fireblast"],"current_player":"me","my_health":26,"opponent_health":24,"my_armor":0,"opponent_armor":0,"my_hand":3,"opponent_hand":4,"my_board":[{"card_name":"Flamewaker","card_health":4,"card_attack":2},{"card_name":"Twilight Guardian","card_health":1,"card_attack":2},{"card_name":"Mirror Image","card_health":2,"card_attack":0},{"card_name":"Mirror Image","card_health":2,"card_attack":0}],"opponent_board":[{"card_name":"Twilight Guardian","card_health":10,"card_attack":4}]},{"turn":14,"cards_played":["Shadow Madness","Twilight Whelp","Twilight Whelp"],"current_player":"opponent","my_health":26,"opponent_health":24,"my_armor":0,"opponent_armor":0,"my_hand":3,"opponent_hand":2,"my_board":[{"card_name":"Flamewaker","card_health":4,"card_attack":2},{"card_name":"Twilight Guardian","card_health":1,"card_attack":2}],"opponent_board":[{"card_name":"Twilight Whelp","card_health":3,"card_attack":2},{"card_name":"Twilight Whelp","card_health":3,"card_attack":2},{"card_name":"Twilight Guardian","card_health":10,"card_attack":4},{"card_name":"Mirror Image","card_health":2,"card_attack":0}]},{"turn":15,"cards_played":["Dr. Boom"],"current_player":"me","my_health":26,"opponent_health":22,"my_armor":0,"opponent_armor":0,"my_hand":3,"opponent_hand":2,"my_board":[{"card_name":"Dr. Boom","card_health":7,"card_attack":7},{"card_name":"Flamewaker","card_health":4,"card_attack":2},{"card_name":"Twilight Guardian","card_health":1,"card_attack":2},{"card_name":"Boom Bot","card_health":1,"card_attack":1},{"card_name":"Boom Bot","card_health":1,"card_attack":1}],"opponent_board":[{"card_name":"Twilight Whelp","card_health":3,"card_attack":2},{"card_name":"Twilight Whelp","card_health":3,"card_attack":2},{"card_name":"Twilight Guardian","card_health":10,"card_attack":4}]},{"turn":16,"cards_played":["Sludge Belcher","Lesser Heal","Lesser Heal"],"current_player":"opponent","my_health":26,"opponent_health":22,"my_armor":0,"opponent_armor":0,"my_hand":3,"opponent_hand":2,"my_board":[{"card_name":"Dr. Boom","card_health":7,"card_attack":7},{"card_name":"Boom Bot","card_health":1,"card_attack":1}],"opponent_board":[{"card_name":"Sludge Belcher","card_health":5,"card_attack":3},{"card_name":"Twilight Whelp","card_health":2,"card_attack":2},{"card_name":"Twilight Guardian","card_health":10,"card_attack":4}]},{"turn":17,"cards_played":["Fireball","Fireblast","Fireblast","Mad Scientist","Mirror Image"],"current_player":"me","my_health":26,"opponent_health":13,"my_armor":0,"opponent_armor":0,"my_hand":1,"opponent_hand":2,"my_board":[{"card_name":"Mad Scientist","card_health":2,"card_attack":2},{"card_name":"Dr. Boom","card_health":7,"card_attack":7},{"card_name":"Mirror Image","card_health":2,"card_attack":0},{"card_name":"Mirror Image","card_health":2,"card_attack":0}],"opponent_board":[{"card_name":"Twilight Whelp","card_health":2,"card_attack":2},{"card_name":"Twilight Guardian","card_health":10,"card_attack":4}]},{"turn":18,"cards_played":["Azure Drake","Lesser Heal","Lesser Heal"],"current_player":"opponent","my_health":26,"opponent_health":15,"my_armor":0,"opponent_armor":0,"my_hand":1,"opponent_hand":3,"my_board":[{"card_name":"Mad Scientist","card_health":2,"card_attack":2},{"card_name":"Dr. Boom","card_health":7,"card_attack":7}],"opponent_board":[{"card_name":"Twilight Whelp","card_health":2,"card_attack":2},{"card_name":"Twilight Guardian","card_health":10,"card_attack":4},{"card_name":"Azure Drake","card_health":4,"card_attack":4}]},{"turn":19,"cards_played":["Pyroblast"],"current_player":"me","my_health":26,"opponent_health":-2,"my_armor":0,"opponent_armor":0,"my_hand":1,"opponent_hand":3,"my_board":[{"card_name":"Mad Scientist","card_health":2,"card_attack":2},{"card_name":"Dr. Boom","card_health":7,"card_attack":7}],"opponent_board":[{"card_name":"Twilight Whelp","card_health":2,"card_attack":2},{"card_name":"Twilight Guardian","card_health":10,"card_attack":4},{"card_name":"Azure Drake","card_health":4,"card_attack":4}]}],"result":"victory"}