{"plays":[{"turn":1,"cards_played":[],"current_player":"me","my_health":0,"opponent_health":30,"my_armor":0,"opponent_armor":0,"my_hand":0,"opponent_hand":1,"my_board":[],"opponent_board":[]},{"turn":2,"cards_played":["Zombie Chow"],"current_player":"me","my_health":30,"opponent_health":30,"my_armor":0,"opponent_armor":0,"my_hand":5,"opponent_hand":4,"my_board":[{"card_name":"Zombie Chow","card_health":3,"card_attack":2}],"opponent_board":[]},{"turn":3,"cards_played":["Knife Juggler"],"current_player":"opponent","my_health":30,"opponent_health":30,"my_armor":0,"opponent_armor":0,"my_hand":5,"opponent_hand":4,"my_board":[{"card_name":"Zombie Chow","card_health":3,"card_attack":2}],"opponent_board":[{"card_name":"Knife Juggler","card_health":2,"card_attack":3}]},{"turn":4,"cards_played":["Mad Scientist"],"current_player":"me","my_health":30,"opponent_health":30,"my_armor":0,"opponent_armor":0,"my_hand":5,"opponent_hand":4,"my_board":[{"card_name":"Mad Scientist","card_health":2,"card_attack":2}],"opponent_board":[]},{"turn":5,"cards_played":["Quick Shot"],"current_player":"opponent","my_health":30,"opponent_health":30,"my_armor":0,"opponent_armor":0,"my_hand":5,"opponent_hand":4,"my_board":[],"opponent_board":[]},{"turn":6,"cards_played":["Mad Scientist"],"current_player":"me","my_health":30,"opponent_health":30,"my_armor":0,"opponent_armor":0,"my_hand":5,"opponent_hand":4,"my_board":[{"card_name":"Mad Scientist","card_health":2,"card_attack":2}],"opponent_board":[]},{"turn":7,"cards_played":["Kill Command"],"current_player":"opponent","my_health":30,"opponent_health":30,"my_armor":0,"opponent_armor":0,"my_hand":7,"opponent_hand":4,"my_board":[],"opponent_board":[]},{"turn":8,"cards_played":["Mad Scientist","Mad Scientist"],"current_player":"me","my_health":30,"opponent_health":30,"my_armor":0,"opponent_armor":0,"my_hand":6,"opponent_hand":4,"my_board":[{"card_name":"Mad Scientist","card_health":2,"card_attack":2},{"card_name":"Mad Scientist","card_health":2,"card_attack":2}],"opponent_board":[]},{"turn":9,"cards_played":["Unleash the Hounds","Glaivezooka"],"current_player":"opponent","my_health":30,"opponent_health":28,"my_armor":0,"opponent_armor":0,"my_hand":6,"opponent_hand":3,"my_board":[],"opponent_board":[{"card_name":"Hound","card_health":1,"card_attack":1}]},{"turn":10,"cards_played":["Acolyte of Pain","Fireblast","Fireblast"],"current_player":"me","my_health":30,"opponent_health":28,"my_armor":0,"opponent_armor":0,"my_hand":6,"opponent_hand":3,"my_board":[{"card_name":"Acolyte of Pain","card_health":3,"card_attack":1}],"opponent_board":[]},{"turn":11,"cards_played":["Flare","Animal Companion"],"current_player":"opponent","my_health":26,"opponent_health":28,"my_armor":0,"opponent_armor":0,"my_hand":6,"opponent_hand":3,"my_board":[{"card_name":"Acolyte of Pain","card_health":3,"card_attack":1}],"opponent_board":[{"card_name":"Huffer","card_health":2,"card_attack":4}]},{"turn":12,"cards_played":["Sludge Belcher","The Coin","Frostbolt"],"current_player":"me","my_health":26,"opponent_health":27,"my_armor":0,"opponent_armor":0,"my_hand":4,"opponent_hand":3,"my_board":[{"card_name":"Acolyte of Pain","card_health":3,"card_attack":1},{"card_name":"Sludge Belcher","card_health":5,"card_attack":3}],"opponent_board":[]},{"turn":13,"cards_played":["Dr. Boom"],"current_player":"opponent","my_health":26,"opponent_health":27,"my_armor":0,"opponent_armor":0,"my_hand":4,"opponent_hand":3,"my_board":[{"card_name":"Acolyte of Pain","card_health":3,"card_attack":1},{"card_name":"Sludge Belcher","card_health":5,"card_attack":3}],"opponent_board":[{"card_name":"Dr. Boom","card_health":7,"card_attack":7},{"card_name":"Boom Bot","card_health":1,"card_attack":1},{"card_name":"Boom Bot","card_health":1,"card_attack":1}]},{"turn":14,"cards_played":["Unstable Portal","Fireblast","Fireblast","Big Game Hunter"],"current_player":"me","my_health":26,"opponent_health":24,"my_armor":0,"opponent_armor":0,"my_hand":6,"opponent_hand":3,"my_board":[{"card_name":"Big Game Hunter","card_health":2,"card_attack":4},{"card_name":"Sludge Belcher","card_health":1,"card_attack":3}],"opponent_board":[]},{"turn":15,"cards_played":["Savannah Highmane"],"current_player":"opponent","my_health":26,"opponent_health":21,"my_armor":0,"opponent_armor":0,"my_hand":6,"opponent_hand":2,"my_board":[{"card_name":"Big Game Hunter","card_health":2,"card_attack":4},{"card_name":"Slime","card_health":2,"card_attack":1}],"opponent_board":[{"card_name":"Savannah Highmane","card_health":5,"card_attack":6}]},{"turn":16,"cards_played":["Emperor Thaurissan","Frostbolt"],"current_player":"me","my_health":26,"opponent_health":16,"my_armor":0,"opponent_armor":0,"my_hand":5,"opponent_hand":2,"my_board":[{"card_name":"Big Game Hunter","card_health":2,"card_attack":4},{"card_name":"Emperor Thaurissan","card_health":5,"card_attack":5},{"card_name":"Slime","card_health":2,"card_attack":1}],"opponent_board":[{"card_name":"Savannah Highmane","card_health":2,"card_attack":6}]},{"turn":17,"cards_played":["Kill Command","Loatheb"],"current_player":"opponent","my_health":26,"opponent_health":16,"my_armor":0,"opponent_armor":0,"my_hand":5,"opponent_hand":1,"my_board":[{"card_name":"Big Game Hunter","card_health":2,"card_attack":4},{"card_name":"Slime","card_health":2,"card_attack":1}],"opponent_board":[{"card_name":"Savannah Highmane","card_health":2,"card_attack":6},{"card_name":"Loatheb","card_health":5,"card_attack":5}]},{"turn":18,"cards_played":["Water Elemental","Water Elemental","Bolf Ramshield"],"current_player":"me","my_health":26,"opponent_health":11,"my_armor":0,"opponent_armor":0,"my_hand":3,"opponent_hand":1,"my_board":[{"card_name":"Big Game Hunter","card_health":2,"card_attack":4},{"card_name":"Water Elemental","card_health":6,"card_attack":3},{"card_name":"Water Elemental","card_health":6,"card_attack":3},{"card_name":"Bolf Ramshield","card_health":9,"card_attack":3},{"card_name":"Slime","card_health":2,"card_attack":1}],"opponent_board":[{"card_name":"Savannah Highmane","card_health":2,"card_attack":6},{"card_name":"Loatheb","card_health":5,"card_attack":5}]},{"turn":19,"cards_played":["Knife Juggler","Eaglehorn Bow","Steady Shot"],"current_player":"opponent","my_health":26,"opponent_health":10,"my_armor":0,"opponent_armor":0,"my_hand":3,"opponent_hand":0,"my_board":[{"card_name":"Big Game Hunter","card_health":2,"card_attack":4},{"card_name":"Bolf Ramshield","card_health":6,"card_attack":3}],"opponent_board":[{"card_name":"Knife Juggler","card_health":2,"card_attack":3},{"card_name":"Loatheb","card_health":2,"card_attack":5},{"card_name":"Hyena","card_health":2,"card_attack":2},{"card_name":"Hyena","card_health":2,"card_attack":2}]},{"turn":20,"cards_played":["Mana Wyrm","Unstable Portal","Flamestrike","Fireblast","Fireblast"],"current_player":"me","my_health":26,"opponent_health":2,"my_armor":0,"opponent_armor":0,"my_hand":2,"opponent_hand":0,"my_board":[{"card_name":"Big Game Hunter","card_health":2,"card_attack":4},{"card_name":"Mana Wyrm","card_health":3,"card_attack":3},{"card_name":"Bolf Ramshield","card_health":6,"card_attack":3}],"opponent_board":[]},{"turn":21,"cards_played":[],"current_player":"opponent","my_health":26,"opponent_health":2,"my_armor":0,"opponent_armor":0,"my_hand":2,"opponent_hand":1,"my_board":[{"card_name":"Big Game Hunter","card_health":2,"card_attack":4},{"card_name":"Mana Wyrm","card_health":3,"card_attack":3},{"card_name":"Bolf Ramshield","card_health":6,"card_attack":3}],"opponent_board":[]}],"result":"victory"}