{"plays":[{"turn":1,"cards_played":[],"current_player":"opponent","my_health":30,"opponent_health":0,"my_armor":0,"opponent_armor":0,"my_hand":1,"opponent_hand":0,"my_board":[],"opponent_board":[]},{"turn":2,"cards_played":["Cogmaster","The Coin","Unstable Portal"],"current_player":"me","my_health":30,"opponent_health":30,"my_armor":0,"opponent_armor":0,"my_hand":5,"opponent_hand":3,"my_board":[],"opponent_board":[{"card_name":"Cogmaster","card_health":2,"card_attack":1}]},{"turn":3,"cards_played":["Micro Machine"],"current_player":"me","my_health":27,"opponent_health":30,"my_armor":0,"opponent_armor":0,"my_hand":5,"opponent_hand":3,"my_board":[],"opponent_board":[{"card_name":"Micro Machine","card_health":2,"card_attack":1},{"card_name":"Cogmaster","card_health":2,"card_attack":3}]},{"turn":4,"cards_played":["Fireblast","Fireblast"],"current_player":"me","my_health":27,"opponent_health":30,"my_armor":0,"opponent_armor":0,"my_hand":6,"opponent_hand":3,"my_board":[],"opponent_board":[{"card_name":"Micro Machine","card_health":1,"card_attack":2},{"card_name":"Cogmaster","card_health":2,"card_attack":3}]},{"turn":5,"cards_played":["Annoy-o-Tron"],"current_player":"opponent","my_health":21,"opponent_health":30,"my_armor":0,"opponent_armor":0,"my_hand":6,"opponent_hand":3,"my_board":[],"opponent_board":[{"card_name":"Micro Machine","card_health":1,"card_attack":3},{"card_name":"Cogmaster","card_health":2,"card_attack":3},{"card_name":"Annoy-o-Tron","card_health":2,"card_attack":1}]},{"turn":6,"cards_played":["Gazlowe"],"current_player":"me","my_health":21,"opponent_health":30,"my_armor":0,"opponent_armor":0,"my_hand":6,"opponent_hand":3,"my_board":[{"card_name":"Gazlowe","card_health":6,"card_attack":3}],"opponent_board":[{"card_name":"Micro Machine","card_health":1,"card_attack":4},{"card_name":"Cogmaster","card_health":2,"card_attack":3},{"card_name":"Annoy-o-Tron","card_health":2,"card_attack":1}]},{"turn":7,"cards_played":["Defender of Argus"],"current_player":"opponent","my_health":16,"opponent_health":30,"my_armor":0,"opponent_armor":0,"my_hand":6,"opponent_hand":3,"my_board":[],"opponent_board":[{"card_name":"Cogmaster","card_health":3,"card_attack":4},{"card_name":"Annoy-o-Tron","card_health":2,"card_attack":1},{"card_name":"Defender of Argus","card_health":3,"card_attack":2}]},{"turn":8,"cards_played":["Polymorph"],"current_player":"me","my_health":16,"opponent_health":30,"my_armor":0,"opponent_armor":0,"my_hand":6,"opponent_hand":3,"my_board":[],"opponent_board":[{"card_name":"Annoy-o-Tron","card_health":2,"card_attack":1},{"card_name":"Defender of Argus","card_health":3,"card_attack":2},{"card_name":"Sheep","card_health":1,"card_attack":1}]},{"turn":9,"cards_played":["Hobgoblin","Cogmaster"],"current_player":"opponent","my_health":12,"opponent_health":30,"my_armor":0,"opponent_armor":0,"my_hand":6,"opponent_hand":2,"my_board":[],"opponent_board":[{"card_name":"Cogmaster","card_health":4,"card_attack":5},{"card_name":"Annoy-o-Tron","card_health":2,"card_attack":1},{"card_name":"Hobgoblin","card_health":3,"card_attack":2},{"card_name":"Defender of Argus","card_health":3,"card_attack":2},{"card_name":"Sheep","card_health":1,"card_attack":1}]},{"turn":10,"cards_played":["Sludge Belcher"],"current_player":"me","my_health":12,"opponent_health":30,"my_armor":0,"opponent_armor":0,"my_hand":6,"opponent_hand":2,"my_board":[{"card_name":"Sludge Belcher","card_health":5,"card_attack":3}],"opponent_board":[{"card_name":"Cogmaster","card_health":4,"card_attack":5},{"card_name":"Annoy-o-Tron","card_health":2,"card_attack":1},{"card_name":"Hobgoblin","card_health":3,"card_attack":2},{"card_name":"Defender of Argus","card_health":3,"card_attack":2},{"card_name":"Sheep","card_health":1,"card_attack":1}]},{"turn":11,"cards_played":["Ironbeak Owl","Jeeves"],"current_player":"opponent","my_health":1,"opponent_health":30,"my_armor":0,"opponent_armor":0,"my_hand":6,"opponent_hand":3,"my_board":[{"card_name":"Sludge Belcher","card_health":5,"card_attack":3}],"opponent_board":[{"card_name":"Ironbeak Owl","card_health":1,"card_attack":2},{"card_name":"Cogmaster","card_health":4,"card_attack":5},{"card_name":"Jeeves","card_health":6,"card_attack":3},{"card_name":"Annoy-o-Tron","card_health":2,"card_attack":1},{"card_name":"Hobgoblin","card_health":3,"card_attack":2},{"card_name":"Defender of Argus","card_health":3,"card_attack":2},{"card_name":"Sheep","card_health":1,"card_attack":1}]},{"turn":12,"cards_played":[],"current_player":"me","my_health":1,"opponent_health":30,"my_armor":0,"opponent_armor":0,"my_hand":7,"opponent_hand":3,"my_board":[{"card_name":"Sludge Belcher","card_health":5,"card_attack":3}],"opponent_board":[{"card_name":"Ironbeak Owl","card_health":1,"card_attack":2},{"card_name":"Cogmaster","card_health":4,"card_attack":5},{"card_name":"Jeeves","card_health":6,"card_attack":3},{"card_name":"Annoy-o-Tron","card_health":2,"card_attack":1},{"card_name":"Hobgoblin","card_health":3,"card_attack":2},{"card_name":"Defender of Argus","card_health":3,"card_attack":2},{"card_name":"Sheep","card_health":1,"card_attack":1}]}],"result":"defeat"}