{"plays":[{"turn":1,"cards_played":[],"current_player":"me","my_health":0,"opponent_health":0,"my_armor":0,"opponent_armor":0,"my_hand":0,"opponent_hand":1,"my_board":[],"opponent_board":[]},{"turn":2,"cards_played":["The Coin","Undercity Huckster"],"current_player":"opponent","my_health":30,"opponent_health":30,"my_armor":0,"opponent_armor":0,"my_hand":4,"opponent_hand":4,"my_board":[],"opponent_board":[{"card_name":"Undercity Huckster","card_health":2,"card_attack":2}]},{"turn":3,"cards_played":["King's Elekk"],"current_player":"me","my_health":30,"opponent_health":30,"my_armor":0,"opponent_armor":0,"my_hand":5,"opponent_hand":4,"my_board":[{"card_name":"King's Elekk","card_health":2,"card_attack":3}],"opponent_board":[{"card_name":"Undercity Huckster","card_health":2,"card_attack":2}]},{"turn":4,"cards_played":["Backstab","Dagger Mastery"],"current_player":"opponent","my_health":27,"opponent_health":30,"my_armor":0,"opponent_armor":0,"my_hand":5,"opponent_hand":4,"my_board":[],"opponent_board":[{"card_name":"Undercity Huckster","card_health":2,"card_attack":2}]},{"turn":5,"cards_played":["Deadly Shot"],"current_player":"me","my_health":27,"opponent_health":30,"my_armor":0,"opponent_armor":0,"my_hand":5,"opponent_hand":5,"my_board":[],"opponent_board":[]},{"turn":6,"cards_played":["Dagger Mastery"],"current_player":"opponent","my_health":26,"opponent_health":30,"my_armor":0,"opponent_armor":0,"my_hand":5,"opponent_hand":6,"my_board":[],"opponent_board":[]},{"turn":7,"cards_played":["Huge Toad","Huge Toad"],"current_player":"me","my_health":26,"opponent_health":30,"my_armor":0,"opponent_armor":0,"my_hand":4,"opponent_hand":6,"my_board":[{"card_name":"Huge Toad","card_health":2,"card_attack":3},{"card_name":"Huge Toad","card_health":2,"card_attack":3}],"opponent_board":[]},{"turn":8,"cards_played":["Backstab","On the Hunt","Edwin VanCleef"],"current_player":"opponent","my_health":26,"opponent_health":26,"my_armor":0,"opponent_armor":0,"my_hand":4,"opponent_hand":4,"my_board":[],"opponent_board":[{"card_name":"Edwin VanCleef","card_health":2,"card_attack":2}]},{"turn":9,"cards_played":["Carrion Grub"],"current_player":"me","my_health":26,"opponent_health":26,"my_armor":0,"opponent_armor":0,"my_hand":3,"opponent_hand":4,"my_board":[{"card_name":"Carrion Grub","card_health":5,"card_attack":2}],"opponent_board":[{"card_name":"Edwin VanCleef","card_health":6,"card_attack":6}]},{"turn":10,"cards_played":["Shadow Strike","Dagger Mastery"],"current_player":"opponent","my_health":25,"opponent_health":26,"my_armor":0,"opponent_armor":0,"my_hand":3,"opponent_hand":5,"my_board":[],"opponent_board":[]},{"turn":11,"cards_played":["Sylvanas Windrunner"],"current_player":"me","my_health":25,"opponent_health":26,"my_armor":0,"opponent_armor":0,"my_hand":3,"opponent_hand":5,"my_board":[{"card_name":"Sylvanas Windrunner","card_health":5,"card_attack":5}],"opponent_board":[]},{"turn":12,"cards_played":["Fan of Knives","Eviscerate"],"current_player":"opponent","my_health":25,"opponent_health":26,"my_armor":0,"opponent_armor":0,"my_hand":3,"opponent_hand":5,"my_board":[],"opponent_board":[]},{"turn":13,"cards_played":["King's Elekk"],"current_player":"me","my_health":25,"opponent_health":26,"my_armor":0,"opponent_armor":0,"my_hand":4,"opponent_hand":5,"my_board":[{"card_name":"King's Elekk","card_health":2,"card_attack":3}],"opponent_board":[]}],"result":"victory"}