{"plays":[{"turn":1,"cards_played":[],"current_player":"me","my_health":0,"opponent_health":30,"my_armor":0,"opponent_armor":0,"my_hand":0,"opponent_hand":1,"my_board":[],"opponent_board":[]},{"turn":2,"cards_played":["Mana Wyrm","The Coin","Mad Scientist"],"current_player":"opponent","my_health":30,"opponent_health":30,"my_armor":0,"opponent_armor":0,"my_hand":3,"opponent_hand":4,"my_board":[{"card_name":"Mana Wyrm","card_health":3,"card_attack":1}],"opponent_board":[{"card_name":"Mad Scientist","card_health":2,"card_attack":2}]},{"turn":3,"cards_played":["Unstable Portal"],"current_player":"me","my_health":30,"opponent_health":30,"my_armor":0,"opponent_armor":0,"my_hand":4,"opponent_hand":4,"my_board":[{"card_name":"Mana Wyrm","card_health":1,"card_attack":2}],"opponent_board":[]},{"turn":4,"cards_played":["Leper Gnome","Brave Archer"],"current_player":"opponent","my_health":30,"opponent_health":30,"my_armor":0,"opponent_armor":0,"my_hand":4,"opponent_hand":3,"my_board":[{"card_name":"Mana Wyrm","card_health":1,"card_attack":2}],"opponent_board":[{"card_name":"Leper Gnome","card_health":1,"card_attack":2},{"card_name":"Brave Archer","card_health":1,"card_attack":2}]},{"turn":5,"cards_played":["Sea Reaver"],"current_player":"me","my_health":28,"opponent_health":30,"my_armor":0,"opponent_armor":0,"my_hand":4,"opponent_hand":3,"my_board":[{"card_name":"Sea Reaver","card_health":7,"card_attack":6}],"opponent_board":[{"card_name":"Leper Gnome","card_health":1,"card_attack":2},{"card_name":"Brave Archer","card_health":1,"card_attack":2}]},{"turn":6,"cards_played":["Animal Companion"],"current_player":"opponent","my_health":24,"opponent_health":30,"my_armor":0,"opponent_armor":0,"my_hand":4,"opponent_hand":3,"my_board":[{"card_name":"Sea Reaver","card_health":7,"card_attack":6}],"opponent_board":[{"card_name":"Leper Gnome","card_health":1,"card_attack":2},{"card_name":"Brave Archer","card_health":1,"card_attack":2},{"card_name":"Misha","card_health":4,"card_attack":4}]},{"turn":7,"cards_played":["Sorcerer's Apprentice","Mirror Image","Fireblast","Fireblast"],"current_player":"me","my_health":24,"opponent_health":30,"my_armor":0,"opponent_armor":0,"my_hand":3,"opponent_hand":3,"my_board":[{"card_name":"Sorcerer's Apprentice","card_health":2,"card_attack":3},{"card_name":"Sea Reaver","card_health":3,"card_attack":6},{"card_name":"Mirror Image","card_health":2,"card_attack":0},{"card_name":"Mirror Image","card_health":2,"card_attack":0}],"opponent_board":[{"card_name":"Leper Gnome","card_health":1,"card_attack":2}]},{"turn":8,"cards_played":["Steady Shot"],"current_player":"opponent","my_health":22,"opponent_health":30,"my_armor":0,"opponent_armor":0,"my_hand":3,"opponent_hand":3,"my_board":[{"card_name":"Sorcerer's Apprentice","card_health":2,"card_attack":3},{"card_name":"Sea Reaver","card_health":3,"card_attack":6},{"card_name":"Mirror Image","card_health":2,"card_attack":0}],"opponent_board":[{"card_name":"Leper Gnome","card_health":1,"card_attack":2}]},{"turn":9,"cards_played":["Mana Wyrm","Unstable Portal","Fireblast","Fireblast","Scarlet Crusader"],"current_player":"me","my_health":18,"opponent_health":24,"my_armor":0,"opponent_armor":0,"my_hand":2,"opponent_hand":3,"my_board":[{"card_name":"Mana Wyrm","card_health":3,"card_attack":2},{"card_name":"Sea Reaver","card_health":1,"card_attack":6},{"card_name":"Scarlet Crusader","card_health":1,"card_attack":3}],"opponent_board":[]},{"turn":10,"cards_played":["Eaglehorn Bow","Steady Shot"],"current_player":"opponent","my_health":13,"opponent_health":24,"my_armor":0,"opponent_armor":0,"my_hand":2,"opponent_hand":3,"my_board":[{"card_name":"Mana Wyrm","card_health":3,"card_attack":2},{"card_name":"Sea Reaver","card_health":1,"card_attack":6},{"card_name":"Scarlet Crusader","card_health":1,"card_attack":3}],"opponent_board":[]},{"turn":11,"cards_played":["Arcane Intellect","Sorcerer's Apprentice","Frostbolt"],"current_player":"me","my_health":13,"opponent_health":8,"my_armor":0,"opponent_armor":0,"my_hand":2,"opponent_hand":3,"my_board":[{"card_name":"Mana Wyrm","card_health":3,"card_attack":4},{"card_name":"Sorcerer's Apprentice","card_health":2,"card_attack":3},{"card_name":"Sea Reaver","card_health":1,"card_attack":6},{"card_name":"Scarlet Crusader","card_health":1,"card_attack":3}],"opponent_board":[]},{"turn":12,"cards_played":[],"current_player":"opponent","my_health":13,"opponent_health":8,"my_armor":0,"opponent_armor":0,"my_hand":2,"opponent_hand":4,"my_board":[{"card_name":"Mana Wyrm","card_health":3,"card_attack":4},{"card_name":"Sorcerer's Apprentice","card_health":2,"card_attack":3},{"card_name":"Sea Reaver","card_health":1,"card_attack":6},{"card_name":"Scarlet Crusader","card_health":1,"card_attack":3}],"opponent_board":[]}],"result":"victory"}