{"plays":[{"turn":1,"cards_played":[],"current_player":"me","my_health":0,"opponent_health":30,"my_armor":0,"opponent_armor":0,"my_hand":0,"opponent_hand":1,"my_board":[],"opponent_board":[]},{"turn":2,"cards_played":["The Coin","Wrathguard"],"current_player":"opponent","my_health":30,"opponent_health":30,"my_armor":0,"opponent_armor":0,"my_hand":4,"opponent_hand":4,"my_board":[],"opponent_board":[{"card_name":"Wrathguard","card_health":3,"card_attack":4}]},{"turn":3,"cards_played":["Unstable Portal","Grove Tender"],"current_player":"me","my_health":30,"opponent_health":30,"my_armor":0,"opponent_armor":0,"my_hand":5,"opponent_hand":5,"my_board":[{"card_name":"Grove Tender","card_health":4,"card_attack":2}],"opponent_board":[{"card_name":"Wrathguard","card_health":3,"card_attack":4}]},{"turn":4,"cards_played":["Life Tap"],"current_player":"opponent","my_health":26,"opponent_health":28,"my_armor":0,"opponent_armor":0,"my_hand":5,"opponent_hand":7,"my_board":[{"card_name":"Grove Tender","card_health":4,"card_attack":2}],"opponent_board":[{"card_name":"Wrathguard","card_health":3,"card_attack":4}]},{"turn":5,"cards_played":["Fireblast","Fireblast"],"current_player":"me","my_health":26,"opponent_health":25,"my_armor":0,"opponent_armor":0,"my_hand":6,"opponent_hand":7,"my_board":[],"opponent_board":[]},{"turn":6,"cards_played":["Imp Gang Boss"],"current_player":"opponent","my_health":26,"opponent_health":25,"my_armor":0,"opponent_armor":0,"my_hand":6,"opponent_hand":7,"my_board":[],"opponent_board":[{"card_name":"Imp Gang Boss","card_health":4,"card_attack":2}]},{"turn":7,"cards_played":["Sorcerer's Apprentice","Arcane Intellect"],"current_player":"me","my_health":26,"opponent_health":25,"my_armor":0,"opponent_armor":0,"my_hand":7,"opponent_hand":7,"my_board":[{"card_name":"Sorcerer's Apprentice","card_health":2,"card_attack":3}],"opponent_board":[{"card_name":"Imp Gang Boss","card_health":4,"card_attack":2}]},{"turn":8,"cards_played":["Knife Juggler","Haunted Creeper"],"current_player":"opponent","my_health":25,"opponent_health":25,"my_armor":0,"opponent_armor":0,"my_hand":7,"opponent_hand":6,"my_board":[],"opponent_board":[{"card_name":"Knife Juggler","card_health":2,"card_attack":3},{"card_name":"Haunted Creeper","card_health":2,"card_attack":1},{"card_name":"Imp Gang Boss","card_health":1,"card_attack":2},{"card_name":"Imp","card_health":1,"card_attack":1}]},{"turn":9,"cards_played":["Mana Wyrm","Flamewaker","Arcane Missiles"],"current_player":"me","my_health":24,"opponent_health":23,"my_armor":0,"opponent_armor":0,"my_hand":5,"opponent_hand":6,"my_board":[{"card_name":"Mana Wyrm","card_health":2,"card_attack":2},{"card_name":"Flamewaker","card_health":4,"card_attack":2}],"opponent_board":[{"card_name":"Knife Juggler","card_health":2,"card_attack":3},{"card_name":"Haunted Creeper","card_health":2,"card_attack":1}]},{"turn":10,"cards_played":["Imp-losion"],"current_player":"opponent","my_health":21,"opponent_health":23,"my_armor":0,"opponent_armor":0,"my_hand":5,"opponent_hand":6,"my_board":[],"opponent_board":[{"card_name":"Imp","card_health":1,"card_attack":1},{"card_name":"Imp","card_health":1,"card_attack":1},{"card_name":"Spectral Spider","card_health":1,"card_attack":1},{"card_name":"Spectral Spider","card_health":1,"card_attack":1}]},{"turn":11,"cards_played":["Arcane Intellect","Fireblast","Fireblast"],"current_player":"me","my_health":21,"opponent_health":23,"my_armor":0,"opponent_armor":0,"my_hand":7,"opponent_hand":6,"my_board":[],"opponent_board":[{"card_name":"Imp","card_health":1,"card_attack":1},{"card_name":"Spectral Spider","card_health":1,"card_attack":1},{"card_name":"Spectral Spider","card_health":1,"card_attack":1}]},{"turn":12,"cards_played":["Nerubian Egg","Life Tap","Voidwalker"],"current_player":"opponent","my_health":18,"opponent_health":21,"my_armor":0,"opponent_armor":0,"my_hand":7,"opponent_hand":6,"my_board":[],"opponent_board":[{"card_name":"Voidwalker","card_health":3,"card_attack":1},{"card_name":"Nerubian Egg","card_health":2,"card_attack":0},{"card_name":"Imp","card_health":1,"card_attack":1},{"card_name":"Spectral Spider","card_health":1,"card_attack":1},{"card_name":"Spectral Spider","card_health":1,"card_attack":1}]},{"turn":13,"cards_played":["Flamewaker","Arcane Missiles","Mirror Image","Frostbolt"],"current_player":"me","my_health":18,"opponent_health":20,"my_armor":0,"opponent_armor":0,"my_hand":4,"opponent_hand":6,"my_board":[{"card_name":"Flamewaker","card_health":4,"card_attack":2},{"card_name":"Mirror Image","card_health":2,"card_attack":0},{"card_name":"Mirror Image","card_health":2,"card_attack":0}],"opponent_board":[{"card_name":"Nerubian","card_health":1,"card_attack":4}]},{"turn":14,"cards_played":["Life Tap","Imp-losion"],"current_player":"opponent","my_health":18,"opponent_health":18,"my_armor":0,"opponent_armor":0,"my_hand":4,"opponent_hand":7,"my_board":[{"card_name":"Flamewaker","card_health":2,"card_attack":2},{"card_name":"Mirror Image","card_health":2,"card_attack":0},{"card_name":"Mirror Image","card_health":2,"card_attack":0}],"opponent_board":[{"card_name":"Nerubian","card_health":1,"card_attack":4},{"card_name":"Imp","card_health":1,"card_attack":1},{"card_name":"Imp","card_health":1,"card_attack":1}]},{"turn":15,"cards_played":["Fireblast","Fireblast"],"current_player":"me","my_health":18,"opponent_health":14,"my_armor":0,"opponent_armor":0,"my_hand":3,"opponent_hand":7,"my_board":[{"card_name":"Flamewaker","card_health":2,"card_attack":2},{"card_name":"Mirror Image","card_health":2,"card_attack":0},{"card_name":"Mirror Image","card_health":2,"card_attack":0}],"opponent_board":[]},{"turn":16,"cards_played":["Abusive Sergeant","Power Overwhelming","Bane of Doom"],"current_player":"opponent","my_health":18,"opponent_health":14,"my_armor":0,"opponent_armor":0,"my_hand":3,"opponent_hand":5,"my_board":[{"card_name":"Mirror Image","card_health":2,"card_attack":2},{"card_name":"Abusive Sergeant","card_health":1,"card_attack":2}],"opponent_board":[{"card_name":"Abusive Sergeant","card_health":1,"card_attack":2},{"card_name":"Doomguard","card_health":7,"card_attack":5}]},{"turn":17,"cards_played":["Azure Drake","Fireblast","Fireblast","Flamecannon"],"current_player":"me","my_health":18,"opponent_health":14,"my_armor":0,"opponent_armor":0,"my_hand":3,"opponent_hand":5,"my_board":[{"card_name":"Azure Drake","card_health":4,"card_attack":4},{"card_name":"Mirror Image","card_health":2,"card_attack":0}],"opponent_board":[]},{"turn":18,"cards_played":["Fearsome Doomguard","Voidwalker"],"current_player":"opponent","my_health":18,"opponent_health":14,"my_armor":0,"opponent_armor":0,"my_hand":3,"opponent_hand":4,"my_board":[{"card_name":"Azure Drake","card_health":4,"card_attack":4},{"card_name":"Mirror Image","card_health":2,"card_attack":0}],"opponent_board":[{"card_name":"Fearsome Doomguard","card_health":8,"card_attack":6},{"card_name":"Voidwalker","card_health":3,"card_attack":1}]},{"turn":19,"cards_played":["Mad Scientist","Mirror Image","Echo of Medivh"],"current_player":"me","my_health":18,"opponent_health":14,"my_armor":0,"opponent_armor":0,"my_hand":5,"opponent_hand":4,"my_board":[{"card_name":"Mad Scientist","card_health":2,"card_attack":2},{"card_name":"Azure Drake","card_health":3,"card_attack":4},{"card_name":"Mirror Image","card_health":2,"card_attack":0},{"card_name":"Mirror Image","card_health":2,"card_attack":0},{"card_name":"Mirror Image","card_health":2,"card_attack":0}],"opponent_board":[{"card_name":"Fearsome Doomguard","card_health":8,"card_attack":6}]},{"turn":20,"cards_played":["Defender of Argus","Knife Juggler","Dire Wolf Alpha"],"current_player":"opponent","my_health":18,"opponent_health":14,"my_armor":0,"opponent_armor":0,"my_hand":5,"opponent_hand":2,"my_board":[{"card_name":"Mad Scientist","card_health":1,"card_attack":2},{"card_name":"Azure Drake","card_health":3,"card_attack":4},{"card_name":"Mirror Image","card_health":2,"card_attack":0},{"card_name":"Mirror Image","card_health":2,"card_attack":0},{"card_name":"Defender of Argus","card_health":3,"card_attack":2}],"opponent_board":[{"card_name":"Knife Juggler","card_health":2,"card_attack":3},{"card_name":"Fearsome Doomguard","card_health":9,"card_attack":8},{"card_name":"Defender of Argus","card_health":3,"card_attack":3},{"card_name":"Dire Wolf Alpha","card_health":2,"card_attack":2}]},{"turn":21,"cards_played":["Azure Drake","Fireball","Mirror Image","Mirror Image"],"current_player":"me","my_health":18,"opponent_health":10,"my_armor":0,"opponent_armor":0,"my_hand":3,"opponent_hand":2,"my_board":[{"card_name":"Azure Drake","card_health":3,"card_attack":4},{"card_name":"Mirror Image","card_health":2,"card_attack":0},{"card_name":"Mirror Image","card_health":2,"card_attack":0},{"card_name":"Azure Drake","card_health":4,"card_attack":4},{"card_name":"Mirror Image","card_health":2,"card_attack":0},{"card_name":"Mirror Image","card_health":2,"card_attack":0},{"card_name":"Defender of Argus","card_health":1,"card_attack":2}],"opponent_board":[{"card_name":"Knife Juggler","card_health":2,"card_attack":3},{"card_name":"Defender of Argus","card_health":3,"card_attack":2}]},{"turn":22,"cards_played":["Mal'Ganis"],"current_player":"opponent","my_health":18,"opponent_health":10,"my_armor":0,"opponent_armor":0,"my_hand":3,"opponent_hand":2,"my_board":[{"card_name":"Azure Drake","card_health":3,"card_attack":4},{"card_name":"Mirror Image","card_health":2,"card_attack":0},{"card_name":"Azure Drake","card_health":4,"card_attack":4},{"card_name":"Mirror Image","card_health":2,"card_attack":0}],"opponent_board":[{"card_name":"Knife Juggler","card_health":2,"card_attack":3},{"card_name":"Defender of Argus","card_health":3,"card_attack":2},{"card_name":"Mal'Ganis","card_health":7,"card_attack":9}]},{"turn":23,"cards_played":["Pyroblast"],"current_player":"me","my_health":18,"opponent_health":0,"my_armor":0,"opponent_armor":0,"my_hand":3,"opponent_hand":2,"my_board":[{"card_name":"Mirror Image","card_health":2,"card_attack":0},{"card_name":"Mirror Image","card_health":2,"card_attack":0}],"opponent_board":[{"card_name":"Knife Juggler","card_health":2,"card_attack":3},{"card_name":"Defender of Argus","card_health":3,"card_attack":2}]}],"result":"victory"}