{"plays":[{"turn":1,"cards_played":[],"current_player":"me","my_health":0,"opponent_health":30,"my_armor":0,"opponent_armor":0,"my_hand":0,"opponent_hand":1,"my_board":[],"opponent_board":[]},{"turn":2,"cards_played":[],"current_player":"opponent","my_health":30,"opponent_health":30,"my_armor":0,"opponent_armor":0,"my_hand":4,"opponent_hand":6,"my_board":[],"opponent_board":[]},{"turn":3,"cards_played":["Mad Scientist"],"current_player":"me","my_health":30,"opponent_health":30,"my_armor":0,"opponent_armor":0,"my_hand":4,"opponent_hand":6,"my_board":[{"card_name":"Mad Scientist","card_health":2,"card_attack":2}],"opponent_board":[]},{"turn":4,"cards_played":["Mistress of Pain"],"current_player":"opponent","my_health":30,"opponent_health":30,"my_armor":0,"opponent_armor":0,"my_hand":4,"opponent_hand":6,"my_board":[{"card_name":"Mad Scientist","card_health":2,"card_attack":2}],"opponent_board":[{"card_name":"Mistress of Pain","card_health":4,"card_attack":1}]},{"turn":5,"cards_played":["Sorcerer's Apprentice","Frostbolt"],"current_player":"me","my_health":30,"opponent_health":30,"my_armor":0,"opponent_armor":0,"my_hand":3,"opponent_hand":6,"my_board":[{"card_name":"Sorcerer's Apprentice","card_health":2,"card_attack":3},{"card_name":"Mad Scientist","card_health":1,"card_attack":2}],"opponent_board":[]},{"turn":6,"cards_played":["Demonfire"],"current_player":"opponent","my_health":30,"opponent_health":30,"my_armor":0,"opponent_armor":0,"my_hand":3,"opponent_hand":6,"my_board":[{"card_name":"Mad Scientist","card_health":1,"card_attack":2}],"opponent_board":[]},{"turn":7,"cards_played":["Mana Wyrm"],"current_player":"me","my_health":30,"opponent_health":28,"my_armor":0,"opponent_armor":0,"my_hand":2,"opponent_hand":6,"my_board":[{"card_name":"Mana Wyrm","card_health":3,"card_attack":2},{"card_name":"Mad Scientist","card_health":1,"card_attack":2}],"opponent_board":[]},{"turn":8,"cards_played":["Darkbomb","Darkbomb"],"current_player":"opponent","my_health":30,"opponent_health":28,"my_armor":0,"opponent_armor":0,"my_hand":2,"opponent_hand":5,"my_board":[{"card_name":"Mad Scientist","card_health":1,"card_attack":2}],"opponent_board":[]},{"turn":9,"cards_played":["Fireblast","Fireblast"],"current_player":"me","my_health":30,"opponent_health":25,"my_armor":0,"opponent_armor":0,"my_hand":3,"opponent_hand":5,"my_board":[{"card_name":"Mad Scientist","card_health":1,"card_attack":2}],"opponent_board":[]},{"turn":10,"cards_played":["Loatheb"],"current_player":"opponent","my_health":30,"opponent_health":25,"my_armor":0,"opponent_armor":0,"my_hand":3,"opponent_hand":5,"my_board":[{"card_name":"Mad Scientist","card_health":1,"card_attack":2}],"opponent_board":[{"card_name":"Loatheb","card_health":5,"card_attack":5}]},{"turn":11,"cards_played":["Emperor Thaurissan"],"current_player":"me","my_health":30,"opponent_health":23,"my_armor":0,"opponent_armor":0,"my_hand":3,"opponent_hand":5,"my_board":[{"card_name":"Emperor Thaurissan","card_health":5,"card_attack":5},{"card_name":"Mad Scientist","card_health":1,"card_attack":2}],"opponent_board":[{"card_name":"Loatheb","card_health":5,"card_attack":5}]},{"turn":12,"cards_played":["Mortal Coil","Antique Healbot"],"current_player":"opponent","my_health":30,"opponent_health":30,"my_armor":0,"opponent_armor":0,"my_hand":3,"opponent_hand":5,"my_board":[{"card_name":"Antique Healbot","card_health":3,"card_attack":3}],"opponent_board":[{"card_name":"Antique Healbot","card_health":3,"card_attack":3}]},{"turn":13,"cards_played":["Arcane Intellect","Flamecannon","Fireblast"],"current_player":"me","my_health":30,"opponent_health":26,"my_armor":0,"opponent_armor":0,"my_hand":4,"opponent_hand":5,"my_board":[{"card_name":"Antique Healbot","card_health":3,"card_attack":3}],"opponent_board":[]},{"turn":14,"cards_played":["Life Tap","Piloted Shredder"],"current_player":"opponent","my_health":30,"opponent_health":24,"my_armor":0,"opponent_armor":0,"my_hand":4,"opponent_hand":6,"my_board":[{"card_name":"Antique Healbot","card_health":3,"card_attack":3}],"opponent_board":[{"card_name":"Piloted Shredder","card_health":3,"card_attack":4}]},{"turn":15,"cards_played":["Mirror Image","Fireblast","Fireball","Arcane Missiles","Arcane Missiles"],"current_player":"me","my_health":30,"opponent_health":11,"my_armor":0,"opponent_armor":0,"my_hand":1,"opponent_hand":6,"my_board":[{"card_name":"Antique Healbot","card_health":3,"card_attack":3},{"card_name":"Mirror Image","card_health":2,"card_attack":0},{"card_name":"Mirror Image","card_health":2,"card_attack":0}],"opponent_board":[{"card_name":"Acidic Swamp Ooze","card_health":2,"card_attack":3}]},{"turn":16,"cards_played":["Hellfire","The Coin","Sludge Belcher"],"current_player":"opponent","my_health":27,"opponent_health":8,"my_armor":0,"opponent_armor":0,"my_hand":1,"opponent_hand":4,"my_board":[],"opponent_board":[{"card_name":"Sludge Belcher","card_health":5,"card_attack":3}]},{"turn":17,"cards_played":["Pyroblast"],"current_player":"me","my_health":27,"opponent_health":-2,"my_armor":0,"opponent_armor":0,"my_hand":1,"opponent_hand":4,"my_board":[],"opponent_board":[{"card_name":"Sludge Belcher","card_health":5,"card_attack":3}]}],"result":"victory"}