{"plays":[{"turn":1,"cards_played":[],"current_player":"me","my_health":0,"opponent_health":30,"my_armor":0,"opponent_armor":0,"my_hand":0,"opponent_hand":1,"my_board":[],"opponent_board":[]},{"turn":2,"cards_played":["Flame Imp"],"current_player":"opponent","my_health":30,"opponent_health":30,"my_armor":0,"opponent_armor":0,"my_hand":4,"opponent_hand":5,"my_board":[],"opponent_board":[{"card_name":"Flame Imp","card_health":2,"card_attack":3}]},{"turn":3,"cards_played":["Frostbolt"],"current_player":"me","my_health":30,"opponent_health":27,"my_armor":0,"opponent_armor":0,"my_hand":4,"opponent_hand":5,"my_board":[],"opponent_board":[]},{"turn":4,"cards_played":["Wrathguard","The Coin","Flame Imp"],"current_player":"opponent","my_health":30,"opponent_health":27,"my_armor":0,"opponent_armor":0,"my_hand":4,"opponent_hand":3,"my_board":[],"opponent_board":[{"card_name":"Flame Imp","card_health":2,"card_attack":3},{"card_name":"Wrathguard","card_health":3,"card_attack":4}]},{"turn":5,"cards_played":["Unstable Portal"],"current_player":"me","my_health":30,"opponent_health":24,"my_armor":0,"opponent_armor":0,"my_hand":5,"opponent_hand":3,"my_board":[],"opponent_board":[{"card_name":"Flame Imp","card_health":2,"card_attack":3},{"card_name":"Wrathguard","card_health":3,"card_attack":4}]},{"turn":6,"cards_played":["Knife Juggler"],"current_player":"opponent","my_health":23,"opponent_health":24,"my_armor":0,"opponent_armor":0,"my_hand":5,"opponent_hand":3,"my_board":[],"opponent_board":[{"card_name":"Flame Imp","card_health":2,"card_attack":3},{"card_name":"Wrathguard","card_health":3,"card_attack":4},{"card_name":"Knife Juggler","card_health":2,"card_attack":3}]},{"turn":7,"cards_played":["Mad Scientist","Fireblast","Fireblast"],"current_player":"me","my_health":23,"opponent_health":23,"my_armor":0,"opponent_armor":0,"my_hand":5,"opponent_hand":3,"my_board":[{"card_name":"Mad Scientist","card_health":2,"card_attack":2}],"opponent_board":[{"card_name":"Flame Imp","card_health":2,"card_attack":3},{"card_name":"Wrathguard","card_health":2,"card_attack":4},{"card_name":"Knife Juggler","card_health":2,"card_attack":3}]},{"turn":8,"cards_played":["Dire Wolf Alpha","Leper Gnome"],"current_player":"opponent","my_health":11,"opponent_health":23,"my_armor":0,"opponent_armor":0,"my_hand":5,"opponent_hand":2,"my_board":[],"opponent_board":[{"card_name":"Flame Imp","card_health":2,"card_attack":4},{"card_name":"Dire Wolf Alpha","card_health":2,"card_attack":2},{"card_name":"Wrathguard","card_health":2,"card_attack":5},{"card_name":"Leper Gnome","card_health":1,"card_attack":2},{"card_name":"Knife Juggler","card_health":2,"card_attack":3}]},{"turn":9,"cards_played":["Flamewaker","Frostbolt"],"current_player":"me","my_health":11,"opponent_health":23,"my_armor":0,"opponent_armor":0,"my_hand":4,"opponent_hand":2,"my_board":[{"card_name":"Flamewaker","card_health":4,"card_attack":2}],"opponent_board":[{"card_name":"Flame Imp","card_health":1,"card_attack":4},{"card_name":"Dire Wolf Alpha","card_health":1,"card_attack":2},{"card_name":"Wrathguard","card_health":2,"card_attack":5},{"card_name":"Leper Gnome","card_health":1,"card_attack":2}]}],"result":"defeat"}