{"plays":[{"turn":1,"cards_played":[],"current_player":"me","my_health":0,"opponent_health":30,"my_armor":0,"opponent_armor":0,"my_hand":0,"opponent_hand":1,"my_board":[],"opponent_board":[]},{"turn":2,"cards_played":["The Coin","Haunted Creeper"],"current_player":"opponent","my_health":30,"opponent_health":30,"my_armor":0,"opponent_armor":0,"my_hand":4,"opponent_hand":4,"my_board":[],"opponent_board":[{"card_name":"Haunted Creeper","card_health":2,"card_attack":1}]},{"turn":3,"cards_played":["Mad Scientist"],"current_player":"me","my_health":30,"opponent_health":30,"my_armor":0,"opponent_armor":0,"my_hand":4,"opponent_hand":4,"my_board":[{"card_name":"Mad Scientist","card_health":2,"card_attack":2}],"opponent_board":[{"card_name":"Haunted Creeper","card_health":2,"card_attack":1}]},{"turn":4,"cards_played":["Haunted Creeper"],"current_player":"opponent","my_health":29,"opponent_health":30,"my_armor":0,"opponent_armor":0,"my_hand":4,"opponent_hand":4,"my_board":[{"card_name":"Mad Scientist","card_health":2,"card_attack":2}],"opponent_board":[{"card_name":"Haunted Creeper","card_health":2,"card_attack":1},{"card_name":"Haunted Creeper","card_health":2,"card_attack":1}]},{"turn":5,"cards_played":[],"current_player":"me","my_health":29,"opponent_health":28,"my_armor":0,"opponent_armor":0,"my_hand":4,"opponent_hand":4,"my_board":[{"card_name":"Mad Scientist","card_health":2,"card_attack":2}],"opponent_board":[{"card_name":"Haunted Creeper","card_health":2,"card_attack":1},{"card_name":"Haunted Creeper","card_health":2,"card_attack":1}]},{"turn":6,"cards_played":["Glaivezooka"],"current_player":"opponent","my_health":24,"opponent_health":28,"my_armor":0,"opponent_armor":0,"my_hand":4,"opponent_hand":4,"my_board":[{"card_name":"Mad Scientist","card_health":2,"card_attack":2}],"opponent_board":[{"card_name":"Haunted Creeper","card_health":2,"card_attack":2},{"card_name":"Haunted Creeper","card_health":2,"card_attack":1}]},{"turn":7,"cards_played":["Sorcerer's Apprentice","Frostbolt","Arcane Missiles"],"current_player":"me","my_health":24,"opponent_health":25,"my_armor":0,"opponent_armor":0,"my_hand":2,"opponent_hand":4,"my_board":[{"card_name":"Sorcerer's Apprentice","card_health":2,"card_attack":3}],"opponent_board":[{"card_name":"Spectral Spider","card_health":1,"card_attack":1},{"card_name":"Spectral Spider","card_health":1,"card_attack":1},{"card_name":"Spectral Spider","card_health":1,"card_attack":1}]},{"turn":8,"cards_played":["Leper Gnome","Animal Companion"],"current_player":"opponent","my_health":24,"opponent_health":23,"my_armor":0,"opponent_armor":0,"my_hand":2,"opponent_hand":3,"my_board":[],"opponent_board":[{"card_name":"Leper Gnome","card_health":1,"card_attack":2}]},{"turn":9,"cards_played":["Arcane Intellect","Fireblast","Fireblast"],"current_player":"me","my_health":24,"opponent_health":23,"my_armor":0,"opponent_armor":0,"my_hand":4,"opponent_hand":3,"my_board":[],"opponent_board":[]},{"turn":10,"cards_played":["Steady Shot","Eaglehorn Bow"],"current_player":"opponent","my_health":18,"opponent_health":23,"my_armor":0,"opponent_armor":0,"my_hand":4,"opponent_hand":3,"my_board":[],"opponent_board":[]},{"turn":11,"cards_played":["Flamewaker","Arcane Intellect"],"current_player":"me","my_health":18,"opponent_health":23,"my_armor":0,"opponent_armor":0,"my_hand":5,"opponent_hand":3,"my_board":[{"card_name":"Flamewaker","card_health":4,"card_attack":2}],"opponent_board":[]},{"turn":12,"cards_played":["Steady Shot","Wolfrider"],"current_player":"opponent","my_health":10,"opponent_health":21,"my_armor":0,"opponent_armor":0,"my_hand":5,"opponent_hand":3,"my_board":[{"card_name":"Flamewaker","card_health":4,"card_attack":2}],"opponent_board":[{"card_name":"Wolfrider","card_health":1,"card_attack":3}]},{"turn":13,"cards_played":["Azure Drake","Fireblast","Fireblast"],"current_player":"me","my_health":10,"opponent_health":19,"my_armor":0,"opponent_armor":0,"my_hand":6,"opponent_hand":3,"my_board":[{"card_name":"Flamewaker","card_health":4,"card_attack":2},{"card_name":"Azure Drake","card_health":4,"card_attack":4}],"opponent_board":[]},{"turn":14,"cards_played":["Arcane Golem","Abusive Sergeant","Steady Shot"],"current_player":"opponent","my_health":-1,"opponent_health":19,"my_armor":0,"opponent_armor":0,"my_hand":6,"opponent_hand":2,"my_board":[{"card_name":"Flamewaker","card_health":4,"card_attack":2},{"card_name":"Azure Drake","card_health":4,"card_attack":4}],"opponent_board":[{"card_name":"Abusive Sergeant","card_health":1,"card_attack":2},{"card_name":"Arcane Golem","card_health":2,"card_attack":6}]}],"result":"defeat"}