{"plays":[{"turn":1,"cards_played":[],"current_player":"me","my_health":0,"opponent_health":30,"my_armor":0,"opponent_armor":0,"my_hand":0,"opponent_hand":1,"my_board":[],"opponent_board":[]},{"turn":2,"cards_played":["Abusive Sergeant","Zombie Chow"],"current_player":"me","my_health":30,"opponent_health":30,"my_armor":0,"opponent_armor":0,"my_hand":5,"opponent_hand":3,"my_board":[{"card_name":"Zombie Chow","card_health":3,"card_attack":2}],"opponent_board":[{"card_name":"Abusive Sergeant","card_health":1,"card_attack":2}]},{"turn":3,"cards_played":["Secretkeeper"],"current_player":"opponent","my_health":28,"opponent_health":30,"my_armor":0,"opponent_armor":0,"my_hand":5,"opponent_hand":2,"my_board":[{"card_name":"Zombie Chow","card_health":3,"card_attack":2}],"opponent_board":[{"card_name":"Secretkeeper","card_health":3,"card_attack":2},{"card_name":"Abusive Sergeant","card_health":1,"card_attack":2}]},{"turn":4,"cards_played":["Frostbolt"],"current_player":"me","my_health":28,"opponent_health":28,"my_armor":0,"opponent_armor":0,"my_hand":5,"opponent_hand":2,"my_board":[{"card_name":"Zombie Chow","card_health":3,"card_attack":2}],"opponent_board":[{"card_name":"Abusive Sergeant","card_health":3,"card_attack":5}]},{"turn":5,"cards_played":["Knife Juggler"],"current_player":"opponent","my_health":28,"opponent_health":28,"my_armor":0,"opponent_armor":0,"my_hand":5,"opponent_hand":1,"my_board":[],"opponent_board":[{"card_name":"Abusive Sergeant","card_health":1,"card_attack":5},{"card_name":"Knife Juggler","card_health":2,"card_attack":3}]},{"turn":6,"cards_played":["Fireblast","Fireblast","Mana Wyrm"],"current_player":"me","my_health":27,"opponent_health":30,"my_armor":0,"opponent_armor":0,"my_hand":5,"opponent_hand":1,"my_board":[{"card_name":"Mana Wyrm","card_health":3,"card_attack":1}],"opponent_board":[{"card_name":"Knife Juggler","card_health":2,"card_attack":3},{"card_name":"Abusive Sergeant","card_health":1,"card_attack":2}]},{"turn":7,"cards_played":["Reinforce"],"current_player":"opponent","my_health":24,"opponent_health":30,"my_armor":0,"opponent_armor":0,"my_hand":5,"opponent_hand":1,"my_board":[],"opponent_board":[{"card_name":"Knife Juggler","card_health":1,"card_attack":3},{"card_name":"Abusive Sergeant","card_health":1,"card_attack":2},{"card_name":"Silver Hand Recruit","card_health":1,"card_attack":1}]},{"turn":8,"cards_played":["Fireblast","Fireblast","Mad Scientist","The Coin","Zombie Chow"],"current_player":"me","my_health":24,"opponent_health":30,"my_armor":0,"opponent_armor":0,"my_hand":3,"opponent_hand":1,"my_board":[{"card_name":"Mad Scientist","card_health":1,"card_attack":2},{"card_name":"Zombie Chow","card_health":3,"card_attack":2}],"opponent_board":[{"card_name":"Abusive Sergeant","card_health":1,"card_attack":2},{"card_name":"Silver Hand Recruit","card_health":1,"card_attack":1}]},{"turn":9,"cards_played":["Reinforce","Leper Gnome"],"current_player":"opponent","my_health":22,"opponent_health":30,"my_armor":0,"opponent_armor":0,"my_hand":3,"opponent_hand":1,"my_board":[{"card_name":"Zombie Chow","card_health":3,"card_attack":2}],"opponent_board":[{"card_name":"Leper Gnome","card_health":1,"card_attack":2},{"card_name":"Abusive Sergeant","card_health":1,"card_attack":2},{"card_name":"Silver Hand Recruit","card_health":1,"card_attack":1}]},{"turn":10,"cards_played":["Fireblast","Fireblast"],"current_player":"me","my_health":20,"opponent_health":30,"my_armor":0,"opponent_armor":0,"my_hand":3,"opponent_hand":1,"my_board":[{"card_name":"Zombie Chow","card_health":1,"card_attack":2}],"opponent_board":[{"card_name":"Silver Hand Recruit","card_health":1,"card_attack":1}]},{"turn":11,"cards_played":["Mysterious Challenger"],"current_player":"opponent","my_health":20,"opponent_health":30,"my_armor":0,"opponent_armor":0,"my_hand":5,"opponent_hand":1,"my_board":[{"card_name":"Mysterious Challenger","card_health":6,"card_attack":6}],"opponent_board":[{"card_name":"Mysterious Challenger","card_health":6,"card_attack":6}]},{"turn":12,"cards_played":["Mad Scientist","Fireblast","Fireblast","Unstable Portal","Stonetusk Boar"],"current_player":"me","my_health":20,"opponent_health":29,"my_armor":0,"opponent_armor":0,"my_hand":4,"opponent_hand":1,"my_board":[{"card_name":"Mad Scientist","card_health":1,"card_attack":2},{"card_name":"Mysterious Challenger","card_health":4,"card_attack":6}],"opponent_board":[{"card_name":"Mysterious Challenger","card_health":8,"card_attack":9}]},{"turn":13,"cards_played":["Haunted Creeper","Reinforce"],"current_player":"opponent","my_health":10,"opponent_health":29,"my_armor":0,"opponent_armor":0,"my_hand":4,"opponent_hand":0,"my_board":[{"card_name":"Mad Scientist","card_health":1,"card_attack":2},{"card_name":"Mysterious Challenger","card_health":4,"card_attack":6}],"opponent_board":[{"card_name":"Haunted Creeper","card_health":2,"card_attack":1},{"card_name":"Mysterious Challenger","card_health":9,"card_attack":10},{"card_name":"Silver Hand Recruit","card_health":1,"card_attack":1}]},{"turn":14,"cards_played":["Unstable Portal","Secretkeeper","Zombie Chow","Zombie Chow","Fireblast","Fireblast"],"current_player":"me","my_health":10,"opponent_health":23,"my_armor":0,"opponent_armor":0,"my_hand":2,"opponent_hand":0,"my_board":[{"card_name":"Mysterious Challenger","card_health":4,"card_attack":6},{"card_name":"Zombie Chow","card_health":3,"card_attack":2},{"card_name":"Zombie Chow","card_health":3,"card_attack":2},{"card_name":"Secretkeeper","card_health":2,"card_attack":1}],"opponent_board":[{"card_name":"Haunted Creeper","card_health":2,"card_attack":1},{"card_name":"Mysterious Challenger","card_health":9,"card_attack":10}]},{"turn":15,"cards_played":["Mysterious Challenger","Reinforce"],"current_player":"opponent","my_health":7,"opponent_health":23,"my_armor":0,"opponent_armor":0,"my_hand":2,"opponent_hand":0,"my_board":[{"card_name":"Mysterious Challenger","card_health":4,"card_attack":6},{"card_name":"Zombie Chow","card_health":3,"card_attack":2},{"card_name":"Zombie Chow","card_health":3,"card_attack":2},{"card_name":"Secretkeeper","card_health":2,"card_attack":1}],"opponent_board":[{"card_name":"Haunted Creeper","card_health":2,"card_attack":1},{"card_name":"Mysterious Challenger","card_health":6,"card_attack":6},{"card_name":"Mysterious Challenger","card_health":9,"card_attack":10},{"card_name":"Silver Hand Recruit","card_health":1,"card_attack":1}]},{"turn":16,"cards_played":["Flamestrike"],"current_player":"me","my_health":7,"opponent_health":27,"my_armor":0,"opponent_armor":0,"my_hand":2,"opponent_hand":0,"my_board":[{"card_name":"Zombie Chow","card_health":2,"card_attack":2},{"card_name":"Secretkeeper","card_health":2,"card_attack":1}],"opponent_board":[]},{"turn":17,"cards_played":["Reinforce","Shielded Minibot"],"current_player":"opponent","my_health":7,"opponent_health":27,"my_armor":0,"opponent_armor":0,"my_hand":2,"opponent_hand":0,"my_board":[{"card_name":"Zombie Chow","card_health":2,"card_attack":2},{"card_name":"Secretkeeper","card_health":2,"card_attack":1}],"opponent_board":[{"card_name":"Shielded Minibot","card_health":2,"card_attack":2},{"card_name":"Silver Hand Recruit","card_health":1,"card_attack":1}]},{"turn":18,"cards_played":["Sludge Belcher","Fireblast","Fireblast"],"current_player":"me","my_health":7,"opponent_health":29,"my_armor":0,"opponent_armor":0,"my_hand":2,"opponent_hand":0,"my_board":[{"card_name":"Sludge Belcher","card_health":5,"card_attack":3},{"card_name":"Secretkeeper","card_health":2,"card_attack":1}],"opponent_board":[{"card_name":"Silver Hand Recruit","card_health":1,"card_attack":1}]},{"turn":19,"cards_played":["Divine Favor","Leper Gnome","Reinforce"],"current_player":"opponent","my_health":7,"opponent_health":29,"my_armor":0,"opponent_armor":0,"my_hand":2,"opponent_hand":1,"my_board":[{"card_name":"Sludge Belcher","card_health":5,"card_attack":3},{"card_name":"Secretkeeper","card_health":2,"card_attack":1}],"opponent_board":[{"card_name":"Leper Gnome","card_health":1,"card_attack":2},{"card_name":"Silver Hand Recruit","card_health":2,"card_attack":2},{"card_name":"Silver Hand Recruit","card_health":1,"card_attack":1}]},{"turn":20,"cards_played":["Fireblast","Fireblast"],"current_player":"me","my_health":5,"opponent_health":29,"my_armor":0,"opponent_armor":0,"my_hand":2,"opponent_hand":1,"my_board":[{"card_name":"Sludge Belcher","card_health":4,"card_attack":3},{"card_name":"Secretkeeper","card_health":1,"card_attack":2}],"opponent_board":[]},{"turn":21,"cards_played":["Reinforce","Abusive Sergeant","Argent Squire"],"current_player":"opponent","my_health":5,"opponent_health":29,"my_armor":0,"opponent_armor":0,"my_hand":2,"opponent_hand":0,"my_board":[{"card_name":"Sludge Belcher","card_health":4,"card_attack":5},{"card_name":"Secretkeeper","card_health":1,"card_attack":2}],"opponent_board":[{"card_name":"Abusive Sergeant","card_health":1,"card_attack":2},{"card_name":"Argent Squire","card_health":1,"card_attack":1},{"card_name":"Silver Hand Recruit","card_health":1,"card_attack":1}]},{"turn":22,"cards_played":["Emperor Thaurissan","Fireblast","Fireblast"],"current_player":"me","my_health":5,"opponent_health":24,"my_armor":0,"opponent_armor":0,"my_hand":2,"opponent_hand":0,"my_board":[{"card_name":"Emperor Thaurissan","card_health":5,"card_attack":5},{"card_name":"Sludge Belcher","card_health":4,"card_attack":3},{"card_name":"Secretkeeper","card_health":1,"card_attack":2}],"opponent_board":[{"card_name":"Argent Squire","card_health":1,"card_attack":1},{"card_name":"Silver Hand Recruit","card_health":1,"card_attack":1}]},{"turn":23,"cards_played":["Reinforce","Haunted Creeper"],"current_player":"opponent","my_health":5,"opponent_health":24,"my_armor":0,"opponent_armor":0,"my_hand":2,"opponent_hand":0,"my_board":[{"card_name":"Emperor Thaurissan","card_health":5,"card_attack":5},{"card_name":"Sludge Belcher","card_health":4,"card_attack":3},{"card_name":"Secretkeeper","card_health":1,"card_attack":2}],"opponent_board":[{"card_name":"Haunted Creeper","card_health":2,"card_attack":1},{"card_name":"Argent Squire","card_health":1,"card_attack":1},{"card_name":"Silver Hand Recruit","card_health":1,"card_attack":1},{"card_name":"Silver Hand Recruit","card_health":1,"card_attack":1}]},{"turn":24,"cards_played":["Fireblast","Fireblast","Flamestrike"],"current_player":"me","my_health":5,"opponent_health":17,"my_armor":0,"opponent_armor":0,"my_hand":2,"opponent_hand":0,"my_board":[{"card_name":"Emperor Thaurissan","card_health":5,"card_attack":5},{"card_name":"Sludge Belcher","card_health":3,"card_attack":3},{"card_name":"Secretkeeper","card_health":1,"card_attack":2}],"opponent_board":[]},{"turn":25,"cards_played":["Reinforce","Ironbeak Owl"],"current_player":"opponent","my_health":5,"opponent_health":17,"my_armor":0,"opponent_armor":0,"my_hand":2,"opponent_hand":0,"my_board":[{"card_name":"Emperor Thaurissan","card_health":5,"card_attack":5},{"card_name":"Sludge Belcher","card_health":3,"card_attack":3},{"card_name":"Secretkeeper","card_health":1,"card_attack":2}],"opponent_board":[{"card_name":"Ironbeak Owl","card_health":1,"card_attack":2},{"card_name":"Silver Hand Recruit","card_health":1,"card_attack":1}]}],"result":"victory"}