{"plays":[{"turn":1,"cards_played":[],"current_player":"me","my_health":0,"opponent_health":30,"my_armor":0,"opponent_armor":0,"my_hand":0,"opponent_hand":1,"my_board":[],"opponent_board":[]},{"turn":2,"cards_played":[],"current_player":"opponent","my_health":30,"opponent_health":30,"my_armor":0,"opponent_armor":0,"my_hand":4,"opponent_hand":6,"my_board":[],"opponent_board":[]},{"turn":3,"cards_played":["Mad Scientist"],"current_player":"me","my_health":30,"opponent_health":30,"my_armor":0,"opponent_armor":0,"my_hand":4,"opponent_hand":6,"my_board":[{"card_name":"Mad Scientist","card_health":2,"card_attack":2}],"opponent_board":[]},{"turn":4,"cards_played":["Mad Scientist"],"current_player":"opponent","my_health":30,"opponent_health":30,"my_armor":0,"opponent_armor":0,"my_hand":4,"opponent_hand":6,"my_board":[{"card_name":"Mad Scientist","card_health":2,"card_attack":2}],"opponent_board":[{"card_name":"Mad Scientist","card_health":2,"card_attack":2}]},{"turn":5,"cards_played":["Frostbolt"],"current_player":"me","my_health":30,"opponent_health":28,"my_armor":0,"opponent_armor":0,"my_hand":4,"opponent_hand":6,"my_board":[{"card_name":"Mad Scientist","card_health":2,"card_attack":2}],"opponent_board":[]},{"turn":6,"cards_played":["Arcane Missiles","Fireblast","Fireblast"],"current_player":"opponent","my_health":28,"opponent_health":28,"my_armor":0,"opponent_armor":0,"my_hand":4,"opponent_hand":6,"my_board":[],"opponent_board":[]},{"turn":7,"cards_played":["Water Elemental"],"current_player":"me","my_health":28,"opponent_health":28,"my_armor":0,"opponent_armor":0,"my_hand":4,"opponent_hand":6,"my_board":[{"card_name":"Water Elemental","card_health":6,"card_attack":3}],"opponent_board":[]},{"turn":8,"cards_played":["Mana Wyrm","Sorcerer's Apprentice"],"current_player":"opponent","my_health":28,"opponent_health":28,"my_armor":0,"opponent_armor":0,"my_hand":4,"opponent_hand":5,"my_board":[{"card_name":"Water Elemental","card_health":6,"card_attack":3}],"opponent_board":[{"card_name":"Sorcerer's Apprentice","card_health":2,"card_attack":3},{"card_name":"Mana Wyrm","card_health":3,"card_attack":1}]},{"turn":9,"cards_played":["Mana Wyrm","Frostbolt","Fireblast","Fireblast"],"current_player":"me","my_health":28,"opponent_health":27,"my_armor":0,"opponent_armor":0,"my_hand":3,"opponent_hand":5,"my_board":[{"card_name":"Mana Wyrm","card_health":3,"card_attack":2},{"card_name":"Water Elemental","card_health":5,"card_attack":3}],"opponent_board":[]},{"turn":10,"cards_played":["Mirror Image","Fireball"],"current_player":"opponent","my_health":28,"opponent_health":27,"my_armor":0,"opponent_armor":0,"my_hand":3,"opponent_hand":4,"my_board":[{"card_name":"Mana Wyrm","card_health":3,"card_attack":2}],"opponent_board":[{"card_name":"Mirror Image","card_health":2,"card_attack":0},{"card_name":"Mirror Image","card_health":2,"card_attack":0}]},{"turn":11,"cards_played":["Arcane Intellect","Mana Wyrm","Fireblast","Fireblast"],"current_player":"me","my_health":28,"opponent_health":27,"my_armor":0,"opponent_armor":0,"my_hand":4,"opponent_hand":4,"my_board":[{"card_name":"Mana Wyrm","card_health":3,"card_attack":3},{"card_name":"Mana Wyrm","card_health":3,"card_attack":1}],"opponent_board":[{"card_name":"Mirror Image","card_health":1,"card_attack":0}]},{"turn":12,"cards_played":["Azure Drake","The Coin","Frostbolt"],"current_player":"opponent","my_health":28,"opponent_health":27,"my_armor":0,"opponent_armor":0,"my_hand":4,"opponent_hand":3,"my_board":[{"card_name":"Mana Wyrm","card_health":3,"card_attack":1}],"opponent_board":[{"card_name":"Azure Drake","card_health":4,"card_attack":4},{"card_name":"Mirror Image","card_health":1,"card_attack":0}]},{"turn":13,"cards_played":["Emperor Thaurissan"],"current_player":"me","my_health":28,"opponent_health":27,"my_armor":0,"opponent_armor":0,"my_hand":4,"opponent_hand":3,"my_board":[{"card_name":"Emperor Thaurissan","card_health":5,"card_attack":5},{"card_name":"Mana Wyrm","card_health":3,"card_attack":1}],"opponent_board":[{"card_name":"Azure Drake","card_health":4,"card_attack":4}]},{"turn":14,"cards_played":["Flamecannon","Flamecannon"],"current_player":"opponent","my_health":28,"opponent_health":27,"my_armor":4,"opponent_armor":0,"my_hand":4,"opponent_hand":1,"my_board":[],"opponent_board":[{"card_name":"Azure Drake","card_health":4,"card_attack":4}]},{"turn":15,"cards_played":["Big Game Hunter","Fireblast","Fireblast"],"current_player":"me","my_health":28,"opponent_health":26,"my_armor":4,"opponent_armor":0,"my_hand":3,"opponent_hand":1,"my_board":[{"card_name":"Big Game Hunter","card_health":2,"card_attack":4}],"opponent_board":[{"card_name":"Azure Drake","card_health":4,"card_attack":4},{"card_name":"Big Game Hunter","card_health":2,"card_attack":4}]},{"turn":16,"cards_played":["Flamewaker","Fireblast","Fireblast"],"current_player":"opponent","my_health":28,"opponent_health":26,"my_armor":0,"opponent_armor":0,"my_hand":3,"opponent_hand":0,"my_board":[],"opponent_board":[{"card_name":"Flamewaker","card_health":4,"card_attack":2},{"card_name":"Azure Drake","card_health":4,"card_attack":4}]},{"turn":17,"cards_played":["Sludge Belcher","Fireblast","Fireblast"],"current_player":"me","my_health":28,"opponent_health":26,"my_armor":0,"opponent_armor":0,"my_hand":3,"opponent_hand":0,"my_board":[{"card_name":"Sludge Belcher","card_health":5,"card_attack":3}],"opponent_board":[{"card_name":"Flamewaker","card_health":3,"card_attack":2},{"card_name":"Azure Drake","card_health":4,"card_attack":4}]},{"turn":18,"cards_played":["Fireball","Fireblast","Fireblast"],"current_player":"opponent","my_health":21,"opponent_health":26,"my_armor":0,"opponent_armor":0,"my_hand":3,"opponent_hand":0,"my_board":[],"opponent_board":[{"card_name":"Flamewaker","card_health":3,"card_attack":2},{"card_name":"Azure Drake","card_health":4,"card_attack":4}]},{"turn":19,"cards_played":["Mad Scientist","Alexstrasza"],"current_player":"me","my_health":21,"opponent_health":26,"my_armor":0,"opponent_armor":0,"my_hand":2,"opponent_hand":0,"my_board":[{"card_name":"Alexstrasza","card_health":8,"card_attack":8},{"card_name":"Mad Scientist","card_health":2,"card_attack":2}],"opponent_board":[{"card_name":"Flamewaker","card_health":3,"card_attack":2},{"card_name":"Azure Drake","card_health":4,"card_attack":4}]},{"turn":20,"cards_played":["Water Elemental","Fireblast","Fireblast"],"current_player":"opponent","my_health":15,"opponent_health":15,"my_armor":0,"opponent_armor":0,"my_hand":2,"opponent_hand":0,"my_board":[{"card_name":"Alexstrasza","card_health":7,"card_attack":8},{"card_name":"Mad Scientist","card_health":2,"card_attack":2}],"opponent_board":[{"card_name":"Flamewaker","card_health":3,"card_attack":2},{"card_name":"Water Elemental","card_health":6,"card_attack":3},{"card_name":"Azure Drake","card_health":4,"card_attack":4}]},{"turn":21,"cards_played":["Acolyte of Pain","Fireblast","Fireblast","Flamecannon"],"current_player":"me","my_health":15,"opponent_health":5,"my_armor":0,"opponent_armor":0,"my_hand":2,"opponent_hand":0,"my_board":[{"card_name":"Acolyte of Pain","card_health":2,"card_attack":1},{"card_name":"Alexstrasza","card_health":7,"card_attack":8},{"card_name":"Mad Scientist","card_health":2,"card_attack":2}],"opponent_board":[{"card_name":"Flamewaker","card_health":3,"card_attack":2},{"card_name":"Water Elemental","card_health":6,"card_attack":3},{"card_name":"Azure Drake","card_health":4,"card_attack":4}]},{"turn":22,"cards_played":["Ragnaros the Firelord","Fireblast","Fireblast"],"current_player":"opponent","my_health":14,"opponent_health":5,"my_armor":0,"opponent_armor":0,"my_hand":3,"opponent_hand":0,"my_board":[],"opponent_board":[{"card_name":"Ragnaros the Firelord","card_health":8,"card_attack":8},{"card_name":"Flamewaker","card_health":1,"card_attack":2}]},{"turn":23,"cards_played":["Polymorph","Fireblast","Fireblast"],"current_player":"me","my_health":14,"opponent_health":5,"my_armor":0,"opponent_armor":0,"my_hand":3,"opponent_hand":0,"my_board":[],"opponent_board":[{"card_name":"Sheep","card_health":1,"card_attack":1}]},{"turn":24,"cards_played":["Sorcerer's Apprentice","Fireblast"],"current_player":"opponent","my_health":14,"opponent_health":5,"my_armor":6,"opponent_armor":0,"my_hand":3,"opponent_hand":0,"my_board":[],"opponent_board":[{"card_name":"Sorcerer's Apprentice","card_health":2,"card_attack":3},{"card_name":"Sheep","card_health":1,"card_attack":1}]},{"turn":25,"cards_played":["Fireblast","Fireblast","Ragnaros the Firelord"],"current_player":"me","my_health":14,"opponent_health":5,"my_armor":6,"opponent_armor":0,"my_hand":3,"opponent_hand":0,"my_board":[{"card_name":"Ragnaros the Firelord","card_health":8,"card_attack":8}],"opponent_board":[]},{"turn":26,"cards_played":["Unstable Portal","Gruul","Fireblast"],"current_player":"opponent","my_health":14,"opponent_health":5,"my_armor":5,"opponent_armor":0,"my_hand":3,"opponent_hand":0,"my_board":[{"card_name":"Ragnaros the Firelord","card_health":8,"card_attack":8}],"opponent_board":[{"card_name":"Gruul","card_health":7,"card_attack":7}]},{"turn":27,"cards_played":["Dr. Boom","Fireblast","Fireblast"],"current_player":"me","my_health":14,"opponent_health":-4,"my_armor":5,"opponent_armor":0,"my_hand":3,"opponent_hand":0,"my_board":[{"card_name":"Dr. Boom","card_health":7,"card_attack":7},{"card_name":"Ragnaros the Firelord","card_health":8,"card_attack":8},{"card_name":"Boom Bot","card_health":1,"card_attack":1},{"card_name":"Boom Bot","card_health":1,"card_attack":1}],"opponent_board":[{"card_name":"Gruul","card_health":9,"card_attack":9}]}],"result":"victory"}