{"plays":[{"turn":1,"cards_played":[],"current_player":"me","my_health":0,"opponent_health":30,"my_armor":0,"opponent_armor":0,"my_hand":0,"opponent_hand":1,"my_board":[],"opponent_board":[]},{"turn":2,"cards_played":[],"current_player":"me","my_health":30,"opponent_health":30,"my_armor":0,"opponent_armor":0,"my_hand":6,"opponent_hand":4,"my_board":[],"opponent_board":[]},{"turn":3,"cards_played":["Acidic Swamp Ooze"],"current_player":"opponent","my_health":30,"opponent_health":30,"my_armor":0,"opponent_armor":0,"my_hand":6,"opponent_hand":4,"my_board":[],"opponent_board":[{"card_name":"Acidic Swamp Ooze","card_health":2,"card_attack":3}]},{"turn":4,"cards_played":["Frostbolt"],"current_player":"me","my_health":30,"opponent_health":30,"my_armor":0,"opponent_armor":0,"my_hand":6,"opponent_hand":4,"my_board":[],"opponent_board":[]},{"turn":5,"cards_played":["Life Tap"],"current_player":"opponent","my_health":30,"opponent_health":28,"my_armor":0,"opponent_armor":0,"my_hand":6,"opponent_hand":6,"my_board":[],"opponent_board":[]},{"turn":6,"cards_played":[],"current_player":"me","my_health":30,"opponent_health":28,"my_armor":0,"opponent_armor":0,"my_hand":6,"opponent_hand":6,"my_board":[],"opponent_board":[]},{"turn":7,"cards_played":["Ancient Watcher","Life Tap"],"current_player":"opponent","my_health":30,"opponent_health":26,"my_armor":0,"opponent_armor":0,"my_hand":6,"opponent_hand":7,"my_board":[],"opponent_board":[{"card_name":"Ancient Watcher","card_health":5,"card_attack":4}]},{"turn":8,"cards_played":["Mana Wyrm"],"current_player":"me","my_health":30,"opponent_health":26,"my_armor":0,"opponent_armor":0,"my_hand":5,"opponent_hand":7,"my_board":[{"card_name":"Mana Wyrm","card_health":3,"card_attack":1}],"opponent_board":[{"card_name":"Ancient Watcher","card_health":5,"card_attack":4}]},{"turn":9,"cards_played":["Life Tap","Sunfury Protector"],"current_player":"opponent","my_health":30,"opponent_health":24,"my_armor":0,"opponent_armor":0,"my_hand":5,"opponent_hand":8,"my_board":[{"card_name":"Mana Wyrm","card_health":3,"card_attack":2},{"card_name":"Sunfury Protector","card_health":3,"card_attack":2}],"opponent_board":[{"card_name":"Sunfury Protector","card_health":3,"card_attack":2},{"card_name":"Ancient Watcher","card_health":5,"card_attack":4}]},{"turn":10,"cards_played":["Flamecannon","The Coin","Polymorph"],"current_player":"me","my_health":30,"opponent_health":19,"my_armor":0,"opponent_armor":0,"my_hand":3,"opponent_hand":8,"my_board":[{"card_name":"Mana Wyrm","card_health":3,"card_attack":5},{"card_name":"Sunfury Protector","card_health":2,"card_attack":2}],"opponent_board":[]},{"turn":11,"cards_played":["Sludge Belcher"],"current_player":"opponent","my_health":30,"opponent_health":19,"my_armor":0,"opponent_armor":0,"my_hand":3,"opponent_hand":8,"my_board":[{"card_name":"Mana Wyrm","card_health":3,"card_attack":5},{"card_name":"Sunfury Protector","card_health":2,"card_attack":2}],"opponent_board":[{"card_name":"Sludge Belcher","card_health":5,"card_attack":3}]},{"turn":12,"cards_played":["Water Elemental","Fireblast","Fireblast"],"current_player":"me","my_health":30,"opponent_health":18,"my_armor":0,"opponent_armor":0,"my_hand":3,"opponent_hand":8,"my_board":[{"card_name":"Water Elemental","card_health":6,"card_attack":3},{"card_name":"Sunfury Protector","card_health":1,"card_attack":2}],"opponent_board":[]},{"turn":13,"cards_played":["Mortal Coil","Sylvanas Windrunner"],"current_player":"opponent","my_health":30,"opponent_health":18,"my_armor":0,"opponent_armor":0,"my_hand":3,"opponent_hand":8,"my_board":[{"card_name":"Water Elemental","card_health":6,"card_attack":3}],"opponent_board":[{"card_name":"Sylvanas Windrunner","card_health":5,"card_attack":5}]},{"turn":14,"cards_played":["Arcane Intellect","Mad Scientist","Fireblast"],"current_player":"me","my_health":30,"opponent_health":14,"my_armor":0,"opponent_armor":0,"my_hand":4,"opponent_hand":8,"my_board":[{"card_name":"Mad Scientist","card_health":2,"card_attack":2},{"card_name":"Water Elemental","card_health":6,"card_attack":3}],"opponent_board":[{"card_name":"Sylvanas Windrunner","card_health":5,"card_attack":5}]},{"turn":15,"cards_played":["Twilight Drake","Defender of Argus"],"current_player":"opponent","my_health":30,"opponent_health":14,"my_armor":0,"opponent_armor":0,"my_hand":4,"opponent_hand":7,"my_board":[{"card_name":"Mad Scientist","card_health":2,"card_attack":2}],"opponent_board":[{"card_name":"Sylvanas Windrunner","card_health":3,"card_attack":6},{"card_name":"Defender of Argus","card_health":3,"card_attack":2},{"card_name":"Twilight Drake","card_health":10,"card_attack":5}]},{"turn":16,"cards_played":["Fireblast","Fireblast","Sludge Belcher","Mana Wyrm"],"current_player":"me","my_health":30,"opponent_health":14,"my_armor":0,"opponent_armor":0,"my_hand":3,"opponent_hand":7,"my_board":[{"card_name":"Sludge Belcher","card_health":5,"card_attack":3},{"card_name":"Mana Wyrm","card_health":3,"card_attack":1}],"opponent_board":[{"card_name":"Defender of Argus","card_health":3,"card_attack":2},{"card_name":"Twilight Drake","card_health":10,"card_attack":5}]},{"turn":17,"cards_played":["Emperor Thaurissan","Earthen Ring Farseer"],"current_player":"opponent","my_health":30,"opponent_health":17,"my_armor":0,"opponent_armor":0,"my_hand":5,"opponent_hand":6,"my_board":[{"card_name":"Mana Wyrm","card_health":3,"card_attack":1}],"opponent_board":[{"card_name":"Earthen Ring Farseer","card_health":3,"card_attack":3},{"card_name":"Emperor Thaurissan","card_health":5,"card_attack":5},{"card_name":"Defender of Argus","card_health":2,"card_attack":2},{"card_name":"Twilight Drake","card_health":7,"card_attack":5}]},{"turn":18,"cards_played":["Fireblast","Fireblast","Flamestrike"],"current_player":"me","my_health":30,"opponent_health":17,"my_armor":0,"opponent_armor":0,"my_hand":5,"opponent_hand":6,"my_board":[{"card_name":"Mana Wyrm","card_health":3,"card_attack":2}],"opponent_board":[{"card_name":"Twilight Drake","card_health":3,"card_attack":5}]},{"turn":19,"cards_played":["Loatheb","Life Tap","Twilight Drake"],"current_player":"opponent","my_health":30,"opponent_health":15,"my_armor":0,"opponent_armor":0,"my_hand":5,"opponent_hand":6,"my_board":[],"opponent_board":[{"card_name":"Twilight Drake","card_health":1,"card_attack":4},{"card_name":"Loatheb","card_health":5,"card_attack":5},{"card_name":"Twilight Drake","card_health":1,"card_attack":5}]},{"turn":20,"cards_played":["Fireblast","Fireblast","Ragnaros the Firelord"],"current_player":"me","my_health":30,"opponent_health":15,"my_armor":0,"opponent_armor":0,"my_hand":5,"opponent_hand":6,"my_board":[{"card_name":"Ragnaros the Firelord","card_health":8,"card_attack":8}],"opponent_board":[{"card_name":"Twilight Drake","card_health":7,"card_attack":4},{"card_name":"Loatheb","card_health":5,"card_attack":5}]},{"turn":21,"cards_played":["Mountain Giant","Molten Giant","Antique Healbot","Zombie Chow"],"current_player":"opponent","my_health":29,"opponent_health":15,"my_armor":0,"opponent_armor":0,"my_hand":5,"opponent_hand":3,"my_board":[{"card_name":"Ragnaros the Firelord","card_health":8,"card_attack":8}],"opponent_board":[{"card_name":"Molten Giant","card_health":8,"card_attack":8},{"card_name":"Zombie Chow","card_health":3,"card_attack":2},{"card_name":"Mountain Giant","card_health":8,"card_attack":8},{"card_name":"Twilight Drake","card_health":7,"card_attack":4},{"card_name":"Loatheb","card_health":5,"card_attack":5},{"card_name":"Antique Healbot","card_health":3,"card_attack":3}]},{"turn":22,"cards_played":["Sludge Belcher","Sludge Belcher"],"current_player":"me","my_health":29,"opponent_health":15,"my_armor":0,"opponent_armor":0,"my_hand":4,"opponent_hand":3,"my_board":[{"card_name":"Ragnaros the Firelord","card_health":8,"card_attack":8},{"card_name":"Sludge Belcher","card_health":5,"card_attack":3},{"card_name":"Sludge Belcher","card_health":5,"card_attack":3}],"opponent_board":[{"card_name":"Molten Giant","card_health":8,"card_attack":8},{"card_name":"Zombie Chow","card_health":3,"card_attack":2},{"card_name":"Mountain Giant","card_health":8,"card_attack":8},{"card_name":"Twilight Drake","card_health":7,"card_attack":4},{"card_name":"Loatheb","card_health":5,"card_attack":5}]},{"turn":23,"cards_played":["Big Game Hunter"],"current_player":"opponent","my_health":21,"opponent_health":15,"my_armor":0,"opponent_armor":0,"my_hand":4,"opponent_hand":3,"my_board":[],"opponent_board":[{"card_name":"Molten Giant","card_health":8,"card_attack":8},{"card_name":"Zombie Chow","card_health":2,"card_attack":2},{"card_name":"Mountain Giant","card_health":5,"card_attack":8},{"card_name":"Big Game Hunter","card_health":2,"card_attack":4},{"card_name":"Twilight Drake","card_health":6,"card_attack":4},{"card_name":"Loatheb","card_health":2,"card_attack":5}]},{"turn":24,"cards_played":["Unstable Portal","Emperor Thaurissan","Venture Co. Mercenary"],"current_player":"me","my_health":21,"opponent_health":15,"my_armor":0,"opponent_armor":0,"my_hand":3,"opponent_hand":3,"my_board":[{"card_name":"Emperor Thaurissan","card_health":5,"card_attack":5},{"card_name":"Venture Co. Mercenary","card_health":6,"card_attack":7}],"opponent_board":[{"card_name":"Molten Giant","card_health":8,"card_attack":8},{"card_name":"Zombie Chow","card_health":2,"card_attack":2},{"card_name":"Mountain Giant","card_health":5,"card_attack":8},{"card_name":"Big Game Hunter","card_health":2,"card_attack":4},{"card_name":"Twilight Drake","card_health":6,"card_attack":4},{"card_name":"Loatheb","card_health":2,"card_attack":5}]},{"turn":25,"cards_played":["Lord Jaraxxus"],"current_player":"opponent","my_health":-2,"opponent_health":15,"my_armor":0,"opponent_armor":0,"my_hand":3,"opponent_hand":3,"my_board":[{"card_name":"Emperor Thaurissan","card_health":5,"card_attack":5},{"card_name":"Venture Co. Mercenary","card_health":6,"card_attack":7}],"opponent_board":[{"card_name":"Molten Giant","card_health":8,"card_attack":8},{"card_name":"Zombie Chow","card_health":2,"card_attack":2},{"card_name":"Mountain Giant","card_health":5,"card_attack":8},{"card_name":"Big Game Hunter","card_health":2,"card_attack":4},{"card_name":"Twilight Drake","card_health":6,"card_attack":4},{"card_name":"Loatheb","card_health":2,"card_attack":5},{"card_name":"Lord Jaraxxus","card_health":15,"card_attack":3}]}],"result":"defeat"}