{"plays":[{"turn":1,"cards_played":[],"current_player":"me","my_health":0,"opponent_health":30,"my_armor":0,"opponent_armor":0,"my_hand":0,"opponent_hand":1,"my_board":[],"opponent_board":[]},{"turn":2,"cards_played":[],"current_player":"opponent","my_health":30,"opponent_health":30,"my_armor":0,"opponent_armor":0,"my_hand":4,"opponent_hand":6,"my_board":[],"opponent_board":[]},{"turn":3,"cards_played":["Fireblast","Fireblast"],"current_player":"me","my_health":30,"opponent_health":29,"my_armor":0,"opponent_armor":0,"my_hand":5,"opponent_hand":6,"my_board":[],"opponent_board":[]},{"turn":4,"cards_played":["Shielded Minibot"],"current_player":"opponent","my_health":30,"opponent_health":29,"my_armor":0,"opponent_armor":0,"my_hand":5,"opponent_hand":6,"my_board":[],"opponent_board":[{"card_name":"Shielded Minibot","card_health":2,"card_attack":2}]},{"turn":5,"cards_played":["Arcane Intellect"],"current_player":"me","my_health":30,"opponent_health":29,"my_armor":0,"opponent_armor":0,"my_hand":7,"opponent_hand":6,"my_board":[],"opponent_board":[{"card_name":"Shielded Minibot","card_health":2,"card_attack":2}]},{"turn":6,"cards_played":["The Coin","Piloted Shredder"],"current_player":"opponent","my_health":28,"opponent_health":29,"my_armor":0,"opponent_armor":0,"my_hand":7,"opponent_hand":5,"my_board":[],"opponent_board":[{"card_name":"Piloted Shredder","card_health":3,"card_attack":4},{"card_name":"Shielded Minibot","card_health":2,"card_attack":2}]},{"turn":7,"cards_played":["Flamewaker","Mirror Image"],"current_player":"me","my_health":28,"opponent_health":29,"my_armor":0,"opponent_armor":0,"my_hand":6,"opponent_hand":5,"my_board":[{"card_name":"Flamewaker","card_health":4,"card_attack":2},{"card_name":"Mirror Image","card_health":2,"card_attack":0},{"card_name":"Mirror Image","card_health":2,"card_attack":0}],"opponent_board":[{"card_name":"Piloted Shredder","card_health":3,"card_attack":4},{"card_name":"Shielded Minibot","card_health":2,"card_attack":2}]},{"turn":8,"cards_played":["Truesilver Champion"],"current_player":"opponent","my_health":28,"opponent_health":28,"my_armor":0,"opponent_armor":0,"my_hand":6,"opponent_hand":5,"my_board":[],"opponent_board":[{"card_name":"Piloted Shredder","card_health":1,"card_attack":4},{"card_name":"Shielded Minibot","card_health":2,"card_attack":2}]},{"turn":9,"cards_played":["Fireblast","Fireblast","Unstable Portal"],"current_player":"me","my_health":28,"opponent_health":28,"my_armor":0,"opponent_armor":0,"my_hand":7,"opponent_hand":5,"my_board":[],"opponent_board":[{"card_name":"Shielded Minibot","card_health":2,"card_attack":2},{"card_name":"Ship's Cannon","card_health":3,"card_attack":2}]},{"turn":10,"cards_played":["Reinforce"],"current_player":"opponent","my_health":24,"opponent_health":28,"my_armor":0,"opponent_armor":0,"my_hand":7,"opponent_hand":5,"my_board":[],"opponent_board":[{"card_name":"Shielded Minibot","card_health":2,"card_attack":2},{"card_name":"Ship's Cannon","card_health":3,"card_attack":2},{"card_name":"Silver Hand Recruit","card_health":1,"card_attack":1}]},{"turn":11,"cards_played":["Onyxia"],"current_player":"me","my_health":24,"opponent_health":28,"my_armor":0,"opponent_armor":0,"my_hand":7,"opponent_hand":5,"my_board":[{"card_name":"Onyxia","card_health":8,"card_attack":8},{"card_name":"Whelp","card_health":1,"card_attack":1},{"card_name":"Whelp","card_health":1,"card_attack":1},{"card_name":"Whelp","card_health":1,"card_attack":1},{"card_name":"Whelp","card_health":1,"card_attack":1},{"card_name":"Whelp","card_health":1,"card_attack":1},{"card_name":"Whelp","card_health":1,"card_attack":1}],"opponent_board":[{"card_name":"Shielded Minibot","card_health":2,"card_attack":2},{"card_name":"Ship's Cannon","card_health":3,"card_attack":2},{"card_name":"Silver Hand Recruit","card_health":1,"card_attack":1}]},{"turn":12,"cards_played":["Mysterious Challenger"],"current_player":"opponent","my_health":19,"opponent_health":28,"my_armor":0,"opponent_armor":0,"my_hand":7,"opponent_hand":5,"my_board":[{"card_name":"Onyxia","card_health":8,"card_attack":8},{"card_name":"Whelp","card_health":1,"card_attack":1},{"card_name":"Whelp","card_health":1,"card_attack":1},{"card_name":"Whelp","card_health":1,"card_attack":1},{"card_name":"Whelp","card_health":1,"card_attack":1},{"card_name":"Whelp","card_health":1,"card_attack":1},{"card_name":"Whelp","card_health":1,"card_attack":1}],"opponent_board":[{"card_name":"Mysterious Challenger","card_health":6,"card_attack":6},{"card_name":"Shielded Minibot","card_health":2,"card_attack":2},{"card_name":"Ship's Cannon","card_health":3,"card_attack":2},{"card_name":"Silver Hand Recruit","card_health":1,"card_attack":1}]},{"turn":13,"cards_played":["Flamestrike"],"current_player":"me","my_health":19,"opponent_health":20,"my_armor":0,"opponent_armor":0,"my_hand":7,"opponent_hand":5,"my_board":[{"card_name":"Onyxia","card_health":8,"card_attack":8}],"opponent_board":[]},{"turn":14,"cards_played":["Aldor Peacekeeper","Murloc Knight"],"current_player":"opponent","my_health":19,"opponent_health":20,"my_armor":0,"opponent_armor":0,"my_hand":7,"opponent_hand":4,"my_board":[{"card_name":"Onyxia","card_health":8,"card_attack":1}],"opponent_board":[{"card_name":"Aldor Peacekeeper","card_health":3,"card_attack":3},{"card_name":"Murloc Knight","card_health":4,"card_attack":3}]},{"turn":15,"cards_played":["Frostbolt","Flamecannon","Fireball"],"current_player":"me","my_health":19,"opponent_health":19,"my_armor":0,"opponent_armor":0,"my_hand":5,"opponent_hand":4,"my_board":[{"card_name":"Onyxia","card_health":8,"card_attack":1}],"opponent_board":[]},{"turn":16,"cards_played":["Tirion Fordring"],"current_player":"opponent","my_health":15,"opponent_health":15,"my_armor":0,"opponent_armor":0,"my_hand":5,"opponent_hand":4,"my_board":[{"card_name":"Onyxia","card_health":8,"card_attack":1}],"opponent_board":[{"card_name":"Tirion Fordring","card_health":6,"card_attack":6}]},{"turn":17,"cards_played":["Mirror Image","Frostbolt","Fireball","Fireblast","Fireblast"],"current_player":"me","my_health":15,"opponent_health":8,"my_armor":0,"opponent_armor":0,"my_hand":3,"opponent_hand":4,"my_board":[{"card_name":"Onyxia","card_health":2,"card_attack":1},{"card_name":"Mirror Image","card_health":2,"card_attack":0},{"card_name":"Mirror Image","card_health":2,"card_attack":0}],"opponent_board":[{"card_name":"Tirion Fordring","card_health":3,"card_attack":6}]},{"turn":18,"cards_played":["Muster for Battle","Gormok the Impaler","Reinforce"],"current_player":"opponent","my_health":15,"opponent_health":8,"my_armor":0,"opponent_armor":0,"my_hand":3,"opponent_hand":3,"my_board":[{"card_name":"Mirror Image","card_health":1,"card_attack":0},{"card_name":"Mirror Image","card_health":2,"card_attack":0}],"opponent_board":[{"card_name":"Tirion Fordring","card_health":4,"card_attack":7},{"card_name":"Gormok the Impaler","card_health":4,"card_attack":4},{"card_name":"Silver Hand Recruit","card_health":1,"card_attack":1},{"card_name":"Silver Hand Recruit","card_health":1,"card_attack":1},{"card_name":"Silver Hand Recruit","card_health":1,"card_attack":1},{"card_name":"Silver Hand Recruit","card_health":1,"card_attack":1}]},{"turn":19,"cards_played":["Pyroblast"],"current_player":"me","my_health":15,"opponent_health":-2,"my_armor":0,"opponent_armor":0,"my_hand":3,"opponent_hand":3,"my_board":[{"card_name":"Mirror Image","card_health":1,"card_attack":0},{"card_name":"Mirror Image","card_health":2,"card_attack":0}],"opponent_board":[{"card_name":"Tirion Fordring","card_health":4,"card_attack":7},{"card_name":"Gormok the Impaler","card_health":4,"card_attack":4},{"card_name":"Silver Hand Recruit","card_health":1,"card_attack":1},{"card_name":"Silver Hand Recruit","card_health":1,"card_attack":1},{"card_name":"Silver Hand Recruit","card_health":1,"card_attack":1},{"card_name":"Silver Hand Recruit","card_health":1,"card_attack":1}]}],"result":"victory"}