{"plays":[{"turn":1,"cards_played":[],"current_player":"me","my_health":0,"opponent_health":0,"my_armor":0,"opponent_armor":0,"my_hand":0,"opponent_hand":1,"my_board":[],"opponent_board":[]},{"turn":2,"cards_played":["The Coin","Mad Scientist"],"current_player":"opponent","my_health":30,"opponent_health":30,"my_armor":0,"opponent_armor":0,"my_hand":4,"opponent_hand":4,"my_board":[],"opponent_board":[{"card_name":"Mad Scientist","card_health":2,"card_attack":2}]},{"turn":3,"cards_played":["Quick Shot"],"current_player":"me","my_health":30,"opponent_health":30,"my_armor":0,"opponent_armor":0,"my_hand":4,"opponent_hand":4,"my_board":[],"opponent_board":[]},{"turn":4,"cards_played":["Explosive Sheep"],"current_player":"opponent","my_health":30,"opponent_health":30,"my_armor":0,"opponent_armor":0,"my_hand":4,"opponent_hand":4,"my_board":[],"opponent_board":[{"card_name":"Explosive Sheep","card_health":1,"card_attack":1}]},{"turn":5,"cards_played":["Acolyte of Pain"],"current_player":"me","my_health":30,"opponent_health":30,"my_armor":0,"opponent_armor":0,"my_hand":4,"opponent_hand":4,"my_board":[{"card_name":"Acolyte of Pain","card_health":3,"card_attack":1}],"opponent_board":[{"card_name":"Explosive Sheep","card_health":1,"card_attack":1}]},{"turn":6,"cards_played":["Frostbolt"],"current_player":"opponent","my_health":29,"opponent_health":30,"my_armor":0,"opponent_armor":0,"my_hand":5,"opponent_hand":4,"my_board":[],"opponent_board":[{"card_name":"Explosive Sheep","card_health":1,"card_attack":1}]},{"turn":7,"cards_played":["Blackwing Technician"],"current_player":"me","my_health":29,"opponent_health":30,"my_armor":0,"opponent_armor":0,"my_hand":5,"opponent_hand":4,"my_board":[{"card_name":"Blackwing Technician","card_health":4,"card_attack":2}],"opponent_board":[{"card_name":"Explosive Sheep","card_health":1,"card_attack":1}]},{"turn":8,"cards_played":["Fireblast","Fireblast"],"current_player":"opponent","my_health":29,"opponent_health":30,"my_armor":0,"opponent_armor":0,"my_hand":5,"opponent_hand":5,"my_board":[{"card_name":"Blackwing Technician","card_health":1,"card_attack":3}],"opponent_board":[]},{"turn":9,"cards_played":["Azure Drake"],"current_player":"me","my_health":29,"opponent_health":27,"my_armor":0,"opponent_armor":0,"my_hand":6,"opponent_hand":5,"my_board":[{"card_name":"Blackwing Technician","card_health":1,"card_attack":3},{"card_name":"Azure Drake","card_health":4,"card_attack":4}],"opponent_board":[]},{"turn":10,"cards_played":["Azure Drake"],"current_player":"opponent","my_health":29,"opponent_health":27,"my_armor":0,"opponent_armor":0,"my_hand":6,"opponent_hand":6,"my_board":[{"card_name":"Blackwing Technician","card_health":1,"card_attack":3},{"card_name":"Azure Drake","card_health":4,"card_attack":4}],"opponent_board":[{"card_name":"Azure Drake","card_health":4,"card_attack":4}]},{"turn":11,"cards_played":["Twilight Guardian","Steady Shot"],"current_player":"me","my_health":29,"opponent_health":22,"my_armor":0,"opponent_armor":0,"my_hand":6,"opponent_hand":8,"my_board":[{"card_name":"Blackwing Technician","card_health":1,"card_attack":3},{"card_name":"Twilight Guardian","card_health":6,"card_attack":3}],"opponent_board":[]},{"turn":12,"cards_played":["Elise Starseeker","Fireblast"],"current_player":"opponent","my_health":29,"opponent_health":22,"my_armor":0,"opponent_armor":0,"my_hand":6,"opponent_hand":8,"my_board":[{"card_name":"Twilight Guardian","card_health":6,"card_attack":3}],"opponent_board":[{"card_name":"Elise Starseeker","card_health":5,"card_attack":3}]},{"turn":13,"cards_played":["King's Elekk","Acolyte of Pain","Steady Shot"],"current_player":"me","my_health":29,"opponent_health":17,"my_armor":0,"opponent_armor":0,"my_hand":6,"opponent_hand":8,"my_board":[{"card_name":"Twilight Guardian","card_health":6,"card_attack":3},{"card_name":"Acolyte of Pain","card_health":3,"card_attack":1},{"card_name":"King's Elekk","card_health":2,"card_attack":3}],"opponent_board":[{"card_name":"Elise Starseeker","card_health":5,"card_attack":3}]},{"turn":14,"cards_played":["Flamestrike"],"current_player":"opponent","my_health":29,"opponent_health":17,"my_armor":0,"opponent_armor":0,"my_hand":7,"opponent_hand":8,"my_board":[],"opponent_board":[{"card_name":"Elise Starseeker","card_health":2,"card_attack":3}]},{"turn":15,"cards_played":["King's Elekk","Blackwing Corruptor"],"current_player":"me","my_health":29,"opponent_health":17,"my_armor":0,"opponent_armor":0,"my_hand":7,"opponent_hand":8,"my_board":[{"card_name":"King's Elekk","card_health":2,"card_attack":3},{"card_name":"Blackwing Corruptor","card_health":4,"card_attack":5}],"opponent_board":[]},{"turn":16,"cards_played":["Doomsayer","Frost Nova","Arcane Intellect"],"current_player":"opponent","my_health":29,"opponent_health":17,"my_armor":0,"opponent_armor":0,"my_hand":7,"opponent_hand":8,"my_board":[{"card_name":"King's Elekk","card_health":2,"card_attack":3},{"card_name":"Blackwing Corruptor","card_health":4,"card_attack":5}],"opponent_board":[{"card_name":"Doomsayer","card_health":7,"card_attack":0}]},{"turn":17,"cards_played":["Gahz'rilla","Wild Pyromancer","Hunter's Mark"],"current_player":"me","my_health":29,"opponent_health":17,"my_armor":0,"opponent_armor":0,"my_hand":5,"opponent_hand":8,"my_board":[{"card_name":"Wild Pyromancer","card_health":1,"card_attack":3},{"card_name":"Gahz'rilla","card_health":8,"card_attack":12},{"card_name":"King's Elekk","card_health":1,"card_attack":3},{"card_name":"Blackwing Corruptor","card_health":3,"card_attack":5}],"opponent_board":[]},{"turn":18,"cards_played":["Doomsayer","Frost Nova"],"current_player":"opponent","my_health":29,"opponent_health":17,"my_armor":0,"opponent_armor":0,"my_hand":5,"opponent_hand":6,"my_board":[{"card_name":"Wild Pyromancer","card_health":1,"card_attack":3},{"card_name":"Gahz'rilla","card_health":8,"card_attack":12},{"card_name":"King's Elekk","card_health":1,"card_attack":3},{"card_name":"Blackwing Corruptor","card_health":3,"card_attack":5}],"opponent_board":[{"card_name":"Doomsayer","card_health":7,"card_attack":0}]},{"turn":19,"cards_played":["Blackwing Corruptor","Steady Shot"],"current_player":"opponent","my_health":29,"opponent_health":15,"my_armor":0,"opponent_armor":0,"my_hand":5,"opponent_hand":6,"my_board":[{"card_name":"Wild Pyromancer","card_health":1,"card_attack":3},{"card_name":"Gahz'rilla","card_health":8,"card_attack":12},{"card_name":"King's Elekk","card_health":1,"card_attack":3},{"card_name":"Blackwing Corruptor","card_health":3,"card_attack":5},{"card_name":"Blackwing Corruptor","card_health":4,"card_attack":5}],"opponent_board":[{"card_name":"Doomsayer","card_health":4,"card_attack":0}]},{"turn":20,"cards_played":["Azure Drake","Sludge Belcher"],"current_player":"opponent","my_health":29,"opponent_health":15,"my_armor":0,"opponent_armor":0,"my_hand":5,"opponent_hand":6,"my_board":[],"opponent_board":[{"card_name":"Sludge Belcher","card_health":5,"card_attack":3},{"card_name":"Azure Drake","card_health":4,"card_attack":4}]},{"turn":21,"cards_played":["Chromaggus","Steady Shot"],"current_player":"me","my_health":29,"opponent_health":13,"my_armor":0,"opponent_armor":0,"my_hand":5,"opponent_hand":6,"my_board":[{"card_name":"Chromaggus","card_health":8,"card_attack":6}],"opponent_board":[{"card_name":"Sludge Belcher","card_health":5,"card_attack":3},{"card_name":"Azure Drake","card_health":4,"card_attack":4}]},{"turn":22,"cards_played":["Polymorph","Fireblast","Fireblast","Illuminator"],"current_player":"opponent","my_health":22,"opponent_health":13,"my_armor":0,"opponent_armor":0,"my_hand":5,"opponent_hand":5,"my_board":[],"opponent_board":[{"card_name":"Sludge Belcher","card_health":5,"card_attack":3},{"card_name":"Illuminator","card_health":4,"card_attack":2},{"card_name":"Azure Drake","card_health":4,"card_attack":4}]},{"turn":23,"cards_played":["Chillmaw","Steady Shot"],"current_player":"me","my_health":22,"opponent_health":15,"my_armor":0,"opponent_armor":0,"my_hand":5,"opponent_hand":5,"my_board":[{"card_name":"Chillmaw","card_health":6,"card_attack":6}],"opponent_board":[{"card_name":"Sludge Belcher","card_health":5,"card_attack":3},{"card_name":"Illuminator","card_health":4,"card_attack":2},{"card_name":"Azure Drake","card_health":4,"card_attack":4}]},{"turn":24,"cards_played":["Frostbolt","Illuminator","Fireblast","Fireblast"],"current_player":"opponent","my_health":14,"opponent_health":15,"my_armor":0,"opponent_armor":0,"my_hand":5,"opponent_hand":4,"my_board":[],"opponent_board":[{"card_name":"Illuminator","card_health":4,"card_attack":2},{"card_name":"Sludge Belcher","card_health":2,"card_attack":3},{"card_name":"Azure Drake","card_health":1,"card_attack":4}]},{"turn":25,"cards_played":["Wild Pyromancer","Arcane Shot","Powershot","Twilight Guardian"],"current_player":"me","my_health":14,"opponent_health":19,"my_armor":0,"opponent_armor":0,"my_hand":2,"opponent_hand":4,"my_board":[{"card_name":"Twilight Guardian","card_health":6,"card_attack":2}],"opponent_board":[{"card_name":"Slime","card_health":1,"card_attack":1}]},{"turn":26,"cards_played":["Azure Drake","Acolyte of Pain","Fireblast","Fireblast"],"current_player":"opponent","my_health":14,"opponent_health":19,"my_armor":0,"opponent_armor":0,"my_hand":2,"opponent_hand":4,"my_board":[{"card_name":"Twilight Guardian","card_health":5,"card_attack":3}],"opponent_board":[{"card_name":"Acolyte of Pain","card_health":3,"card_attack":1},{"card_name":"Azure Drake","card_health":4,"card_attack":4},{"card_name":"Slime","card_health":1,"card_attack":1}]},{"turn":27,"cards_played":["Ysera"],"current_player":"me","my_health":14,"opponent_health":19,"my_armor":0,"opponent_armor":0,"my_hand":3,"opponent_hand":4,"my_board":[{"card_name":"Twilight Guardian","card_health":4,"card_attack":3},{"card_name":"Ysera","card_health":12,"card_attack":4}],"opponent_board":[{"card_name":"Acolyte of Pain","card_health":3,"card_attack":1},{"card_name":"Azure Drake","card_health":4,"card_attack":4}]},{"turn":28,"cards_played":["Polymorph","Sludge Belcher"],"current_player":"opponent","my_health":14,"opponent_health":19,"my_armor":0,"opponent_armor":0,"my_hand":3,"opponent_hand":4,"my_board":[],"opponent_board":[{"card_name":"Acolyte of Pain","card_health":2,"card_attack":1},{"card_name":"Sludge Belcher","card_health":5,"card_attack":3},{"card_name":"Azure Drake","card_health":1,"card_attack":4}]},{"turn":29,"cards_played":["Gladiator's Longbow","Steady Shot"],"current_player":"me","my_health":14,"opponent_health":17,"my_armor":0,"opponent_armor":0,"my_hand":3,"opponent_hand":4,"my_board":[],"opponent_board":[{"card_name":"Acolyte of Pain","card_health":2,"card_attack":1},{"card_name":"Azure Drake","card_health":1,"card_attack":4},{"card_name":"Slime","card_health":2,"card_attack":1}]},{"turn":30,"cards_played":["Map to the Golden Monkey","Fireblast","Fireblast"],"current_player":"opponent","my_health":7,"opponent_health":17,"my_armor":0,"opponent_armor":0,"my_hand":3,"opponent_hand":5,"my_board":[],"opponent_board":[{"card_name":"Acolyte of Pain","card_health":2,"card_attack":1},{"card_name":"Azure Drake","card_health":1,"card_attack":4},{"card_name":"Slime","card_health":2,"card_attack":1}]},{"turn":31,"cards_played":["Arcane Shot","Antique Healbot","Steady Shot"],"current_player":"me","my_health":15,"opponent_health":15,"my_armor":0,"opponent_armor":0,"my_hand":2,"opponent_hand":5,"my_board":[{"card_name":"Antique Healbot","card_health":3,"card_attack":3}],"opponent_board":[{"card_name":"Acolyte of Pain","card_health":2,"card_attack":1}]},{"turn":32,"cards_played":["Refreshment Vendor","Fireblast","Fireblast","Mad Scientist"],"current_player":"opponent","my_health":18,"opponent_health":19,"my_armor":0,"opponent_armor":0,"my_hand":2,"opponent_hand":4,"my_board":[{"card_name":"Antique Healbot","card_health":2,"card_attack":3}],"opponent_board":[{"card_name":"Acolyte of Pain","card_health":2,"card_attack":1},{"card_name":"Mad Scientist","card_health":2,"card_attack":2},{"card_name":"Refreshment Vendor","card_health":5,"card_attack":3}]},{"turn":33,"cards_played":["Alexstrasza"],"current_player":"me","my_health":18,"opponent_health":12,"my_armor":0,"opponent_armor":0,"my_hand":2,"opponent_hand":4,"my_board":[{"card_name":"Alexstrasza","card_health":8,"card_attack":8},{"card_name":"Antique Healbot","card_health":2,"card_attack":3}],"opponent_board":[{"card_name":"Acolyte of Pain","card_health":2,"card_attack":1},{"card_name":"Mad Scientist","card_health":2,"card_attack":2},{"card_name":"Refreshment Vendor","card_health":5,"card_attack":3}]},{"turn":34,"cards_played":["Antique Healbot","Antique Healbot"],"current_player":"opponent","my_health":15,"opponent_health":28,"my_armor":0,"opponent_armor":0,"my_hand":2,"opponent_hand":4,"my_board":[{"card_name":"Alexstrasza","card_health":7,"card_attack":8}],"opponent_board":[{"card_name":"Antique Healbot","card_health":3,"card_attack":3},{"card_name":"Antique Healbot","card_health":3,"card_attack":3},{"card_name":"Refreshment Vendor","card_health":5,"card_attack":3}]},{"turn":35,"cards_played":["Dream"],"current_player":"me","my_health":15,"opponent_health":28,"my_armor":0,"opponent_armor":0,"my_hand":3,"opponent_hand":6,"my_board":[],"opponent_board":[{"card_name":"Antique Healbot","card_health":3,"card_attack":3},{"card_name":"Antique Healbot","card_health":3,"card_attack":3}]},{"turn":36,"cards_played":["Animated Armor","Golden Monkey","Fireblast","Fireblast"],"current_player":"opponent","my_health":9,"opponent_health":15,"my_armor":0,"opponent_armor":0,"my_hand":2,"opponent_hand":5,"my_board":[{"card_name":"Alexstrasza","card_health":7,"card_attack":8}],"opponent_board":[{"card_name":"Antique Healbot","card_health":3,"card_attack":3},{"card_name":"Animated Armor","card_health":4,"card_attack":4},{"card_name":"Antique Healbot","card_health":3,"card_attack":3},{"card_name":"Golden Monkey","card_health":6,"card_attack":6}]},{"turn":37,"cards_played":["Antique Healbot","Steady Shot"],"current_player":"me","my_health":17,"opponent_health":14,"my_armor":0,"opponent_armor":0,"my_hand":2,"opponent_hand":5,"my_board":[{"card_name":"Alexstrasza","card_health":1,"card_attack":8},{"card_name":"Antique Healbot","card_health":3,"card_attack":3}],"opponent_board":[{"card_name":"Antique Healbot","card_health":3,"card_attack":3},{"card_name":"Animated Armor","card_health":4,"card_attack":4},{"card_name":"Antique Healbot","card_health":3,"card_attack":3}]},{"turn":38,"cards_played":["Al'Akir the Windlord","Fireblast","Fireblast"],"current_player":"opponent","my_health":0,"opponent_health":13,"my_armor":0,"opponent_armor":0,"my_hand":2,"opponent_hand":4,"my_board":[{"card_name":"Alexstrasza","card_health":1,"card_attack":8},{"card_name":"Antique Healbot","card_health":3,"card_attack":3}],"opponent_board":[{"card_name":"Antique Healbot","card_health":3,"card_attack":3},{"card_name":"Animated Armor","card_health":4,"card_attack":4},{"card_name":"Antique Healbot","card_health":3,"card_attack":3},{"card_name":"Al'Akir the Windlord","card_health":5,"card_attack":3}]}],"result":"defeat"}