{"plays":[{"turn":1,"cards_played":[],"current_player":"me","my_health":0,"opponent_health":30,"my_armor":0,"opponent_armor":0,"my_hand":0,"opponent_hand":1,"my_board":[],"opponent_board":[]},{"turn":2,"cards_played":["Zombie Chow","The Coin","Armorsmith"],"current_player":"opponent","my_health":30,"opponent_health":30,"my_armor":0,"opponent_armor":0,"my_hand":3,"opponent_hand":4,"my_board":[{"card_name":"Zombie Chow","card_health":3,"card_attack":2}],"opponent_board":[{"card_name":"Armorsmith","card_health":4,"card_attack":1}]},{"turn":3,"cards_played":["Mad Scientist"],"current_player":"me","my_health":30,"opponent_health":30,"my_armor":0,"opponent_armor":1,"my_hand":3,"opponent_hand":4,"my_board":[{"card_name":"Mad Scientist","card_health":2,"card_attack":2},{"card_name":"Zombie Chow","card_health":2,"card_attack":2}],"opponent_board":[{"card_name":"Armorsmith","card_health":2,"card_attack":1}]},{"turn":4,"cards_played":["Fiery War Axe"],"current_player":"opponent","my_health":29,"opponent_health":29,"my_armor":0,"opponent_armor":0,"my_hand":3,"opponent_hand":4,"my_board":[{"card_name":"Zombie Chow","card_health":2,"card_attack":2}],"opponent_board":[{"card_name":"Armorsmith","card_health":2,"card_attack":1}]},{"turn":5,"cards_played":["Mad Scientist"],"current_player":"me","my_health":29,"opponent_health":29,"my_armor":0,"opponent_armor":1,"my_hand":3,"opponent_hand":4,"my_board":[{"card_name":"Mad Scientist","card_health":2,"card_attack":2},{"card_name":"Zombie Chow","card_health":1,"card_attack":2}],"opponent_board":[]},{"turn":6,"cards_played":["Acolyte of Pain"],"current_player":"opponent","my_health":29,"opponent_health":28,"my_armor":0,"opponent_armor":0,"my_hand":5,"opponent_hand":4,"my_board":[{"card_name":"Zombie Chow","card_health":1,"card_attack":2}],"opponent_board":[{"card_name":"Acolyte of Pain","card_health":3,"card_attack":1}]},{"turn":7,"cards_played":["Unstable Portal","Mad Scientist"],"current_player":"me","my_health":29,"opponent_health":26,"my_armor":0,"opponent_armor":0,"my_hand":5,"opponent_hand":4,"my_board":[{"card_name":"Zombie Chow","card_health":1,"card_attack":2},{"card_name":"Mad Scientist","card_health":2,"card_attack":2}],"opponent_board":[{"card_name":"Acolyte of Pain","card_health":3,"card_attack":1}]},{"turn":8,"cards_played":["Slam","Armor Up!"],"current_player":"opponent","my_health":29,"opponent_health":30,"my_armor":0,"opponent_armor":2,"my_hand":5,"opponent_hand":5,"my_board":[],"opponent_board":[{"card_name":"Acolyte of Pain","card_health":1,"card_attack":1}]},{"turn":9,"cards_played":["Gelbin Mekkatorque","Fireblast","Fireblast"],"current_player":"me","my_health":29,"opponent_health":30,"my_armor":0,"opponent_armor":2,"my_hand":5,"opponent_hand":6,"my_board":[{"card_name":"Gelbin Mekkatorque","card_health":6,"card_attack":6},{"card_name":"Emboldener 3000","card_health":4,"card_attack":0}],"opponent_board":[]},{"turn":10,"cards_played":["Shield Block","Shield Slam"],"current_player":"opponent","my_health":29,"opponent_health":30,"my_armor":0,"opponent_armor":7,"my_hand":5,"opponent_hand":6,"my_board":[{"card_name":"Emboldener 3000","card_health":5,"card_attack":1}],"opponent_board":[]},{"turn":11,"cards_played":["Emperor Thaurissan"],"current_player":"me","my_health":29,"opponent_health":30,"my_armor":0,"opponent_armor":6,"my_hand":5,"opponent_hand":6,"my_board":[{"card_name":"Emperor Thaurissan","card_health":5,"card_attack":5},{"card_name":"Emboldener 3000","card_health":5,"card_attack":1}],"opponent_board":[]},{"turn":12,"cards_played":["Armorsmith","Deathlord"],"current_player":"opponent","my_health":29,"opponent_health":30,"my_armor":0,"opponent_armor":6,"my_hand":5,"opponent_hand":5,"my_board":[{"card_name":"Emperor Thaurissan","card_health":6,"card_attack":6},{"card_name":"Emboldener 3000","card_health":5,"card_attack":1},{"card_name":"Armorsmith","card_health":4,"card_attack":1}],"opponent_board":[{"card_name":"Armorsmith","card_health":4,"card_attack":1},{"card_name":"Deathlord","card_health":8,"card_attack":2}]},{"turn":13,"cards_played":["Fireblast","Fireblast","Polymorph"],"current_player":"me","my_health":29,"opponent_health":30,"my_armor":3,"opponent_armor":9,"my_hand":5,"opponent_hand":5,"my_board":[{"card_name":"Emperor Thaurissan","card_health":4,"card_attack":6},{"card_name":"Ragnaros the Firelord","card_health":8,"card_attack":8},{"card_name":"Emboldener 3000","card_health":4,"card_attack":1},{"card_name":"Armorsmith","card_health":2,"card_attack":1}],"opponent_board":[]},{"turn":14,"cards_played":[],"current_player":"opponent","my_health":29,"opponent_health":30,"my_armor":3,"opponent_armor":1,"my_hand":5,"opponent_hand":6,"my_board":[{"card_name":"Emperor Thaurissan","card_health":5,"card_attack":7},{"card_name":"Ragnaros the Firelord","card_health":8,"card_attack":8},{"card_name":"Emboldener 3000","card_health":4,"card_attack":1},{"card_name":"Armorsmith","card_health":2,"card_attack":1}],"opponent_board":[]}],"result":"victory"}