{"plays":[{"turn":1,"cards_played":[],"current_player":"opponent","my_health":30,"opponent_health":0,"my_armor":0,"opponent_armor":0,"my_hand":1,"opponent_hand":0,"my_board":[],"opponent_board":[]},{"turn":2,"cards_played":[],"current_player":"me","my_health":30,"opponent_health":30,"my_armor":0,"opponent_armor":0,"my_hand":6,"opponent_hand":3,"my_board":[],"opponent_board":[]},{"turn":3,"cards_played":["Shielded Minibot"],"current_player":"opponent","my_health":30,"opponent_health":30,"my_armor":0,"opponent_armor":0,"my_hand":6,"opponent_hand":3,"my_board":[],"opponent_board":[{"card_name":"Shielded Minibot","card_health":2,"card_attack":2}]},{"turn":4,"cards_played":["Fireblast","Fireblast"],"current_player":"me","my_health":30,"opponent_health":30,"my_armor":0,"opponent_armor":0,"my_hand":7,"opponent_hand":3,"my_board":[],"opponent_board":[{"card_name":"Shielded Minibot","card_health":2,"card_attack":2}]},{"turn":5,"cards_played":["Reinforce"],"current_player":"opponent","my_health":28,"opponent_health":30,"my_armor":0,"opponent_armor":0,"my_hand":7,"opponent_hand":3,"my_board":[],"opponent_board":[{"card_name":"Shielded Minibot","card_health":2,"card_attack":2},{"card_name":"Silver Hand Recruit","card_health":1,"card_attack":1}]},{"turn":6,"cards_played":["Mana Wyrm","Frostbolt","The Coin","Arcane Missiles"],"current_player":"me","my_health":28,"opponent_health":30,"my_armor":0,"opponent_armor":0,"my_hand":4,"opponent_hand":3,"my_board":[{"card_name":"Mana Wyrm","card_health":3,"card_attack":3}],"opponent_board":[{"card_name":"Silver Hand Recruit","card_health":3,"card_attack":4},{"card_name":"Shielded Minibot","card_health":1,"card_attack":2}]},{"turn":7,"cards_played":["Truesilver Champion"],"current_player":"opponent","my_health":22,"opponent_health":26,"my_armor":0,"opponent_armor":0,"my_hand":4,"opponent_hand":3,"my_board":[],"opponent_board":[{"card_name":"Silver Hand Recruit","card_health":2,"card_attack":4},{"card_name":"Shielded Minibot","card_health":1,"card_attack":2}]},{"turn":8,"cards_played":["Mad Scientist","Fireblast","Fireblast"],"current_player":"me","my_health":22,"opponent_health":26,"my_armor":0,"opponent_armor":0,"my_hand":4,"opponent_hand":3,"my_board":[{"card_name":"Mad Scientist","card_health":2,"card_attack":2}],"opponent_board":[{"card_name":"Silver Hand Recruit","card_health":2,"card_attack":4}]},{"turn":9,"cards_played":["Ironbeak Owl","Divine Favor"],"current_player":"opponent","my_health":18,"opponent_health":26,"my_armor":0,"opponent_armor":0,"my_hand":4,"opponent_hand":4,"my_board":[],"opponent_board":[{"card_name":"Ironbeak Owl","card_health":1,"card_attack":2},{"card_name":"Silver Hand Recruit","card_health":2,"card_attack":4}]},{"turn":10,"cards_played":["Fireblast","Fireblast","Flamecannon"],"current_player":"me","my_health":18,"opponent_health":26,"my_armor":0,"opponent_armor":0,"my_hand":4,"opponent_hand":4,"my_board":[],"opponent_board":[]},{"turn":11,"cards_played":["Mysterious Challenger"],"current_player":"opponent","my_health":18,"opponent_health":26,"my_armor":0,"opponent_armor":0,"my_hand":4,"opponent_hand":4,"my_board":[],"opponent_board":[{"card_name":"Mysterious Challenger","card_health":6,"card_attack":6}]},{"turn":12,"cards_played":["Unstable Portal","Fireblast","Fireblast"],"current_player":"me","my_health":18,"opponent_health":25,"my_armor":0,"opponent_armor":0,"my_hand":5,"opponent_hand":4,"my_board":[],"opponent_board":[{"card_name":"Mysterious Challenger","card_health":6,"card_attack":6}]},{"turn":13,"cards_played":["Loatheb","Reinforce"],"current_player":"opponent","my_health":11,"opponent_health":25,"my_armor":0,"opponent_armor":0,"my_hand":5,"opponent_hand":4,"my_board":[],"opponent_board":[{"card_name":"Mysterious Challenger","card_health":7,"card_attack":7},{"card_name":"Loatheb","card_health":5,"card_attack":5},{"card_name":"Silver Hand Recruit","card_health":1,"card_attack":1}]},{"turn":14,"cards_played":["Azure Drake","Dragonhawk Rider","Fireblast","Fireblast"],"current_player":"me","my_health":11,"opponent_health":25,"my_armor":0,"opponent_armor":0,"my_hand":5,"opponent_hand":4,"my_board":[{"card_name":"Azure Drake","card_health":1,"card_attack":4},{"card_name":"Dragonhawk Rider","card_health":3,"card_attack":3}],"opponent_board":[{"card_name":"Mysterious Challenger","card_health":9,"card_attack":10},{"card_name":"Loatheb","card_health":5,"card_attack":5},{"card_name":"Silver Hand Recruit","card_health":1,"card_attack":1}]},{"turn":15,"cards_played":[],"current_player":"opponent","my_health":0,"opponent_health":25,"my_armor":0,"opponent_armor":0,"my_hand":5,"opponent_hand":5,"my_board":[{"card_name":"Azure Drake","card_health":1,"card_attack":4},{"card_name":"Dragonhawk Rider","card_health":3,"card_attack":3}],"opponent_board":[{"card_name":"Mysterious Challenger","card_health":9,"card_attack":10},{"card_name":"Loatheb","card_health":5,"card_attack":5},{"card_name":"Silver Hand Recruit","card_health":1,"card_attack":1}]}],"result":"defeat"}