{"plays":[{"turn":1,"cards_played":[],"current_player":"me","my_health":0,"opponent_health":30,"my_armor":0,"opponent_armor":0,"my_hand":0,"opponent_hand":1,"my_board":[],"opponent_board":[]},{"turn":2,"cards_played":[],"current_player":"opponent","my_health":30,"opponent_health":30,"my_armor":0,"opponent_armor":0,"my_hand":4,"opponent_hand":6,"my_board":[],"opponent_board":[]},{"turn":3,"cards_played":["Mad Scientist"],"current_player":"me","my_health":30,"opponent_health":30,"my_armor":0,"opponent_armor":0,"my_hand":4,"opponent_hand":6,"my_board":[{"card_name":"Mad Scientist","card_health":2,"card_attack":2}],"opponent_board":[]},{"turn":4,"cards_played":["Armor Up!"],"current_player":"opponent","my_health":30,"opponent_health":30,"my_armor":0,"opponent_armor":2,"my_hand":4,"opponent_hand":7,"my_board":[{"card_name":"Mad Scientist","card_health":2,"card_attack":2}],"opponent_board":[]},{"turn":5,"cards_played":[],"current_player":"me","my_health":30,"opponent_health":30,"my_armor":0,"opponent_armor":0,"my_hand":4,"opponent_hand":7,"my_board":[{"card_name":"Mad Scientist","card_health":2,"card_attack":2}],"opponent_board":[]},{"turn":6,"cards_played":["Acolyte of Pain"],"current_player":"opponent","my_health":30,"opponent_health":30,"my_armor":0,"opponent_armor":0,"my_hand":4,"opponent_hand":7,"my_board":[{"card_name":"Mad Scientist","card_health":2,"card_attack":2}],"opponent_board":[{"card_name":"Acolyte of Pain","card_health":3,"card_attack":1}]},{"turn":7,"cards_played":["Piloted Shredder"],"current_player":"me","my_health":30,"opponent_health":28,"my_armor":0,"opponent_armor":0,"my_hand":4,"opponent_hand":7,"my_board":[{"card_name":"Piloted Shredder","card_health":3,"card_attack":4},{"card_name":"Mad Scientist","card_health":2,"card_attack":2}],"opponent_board":[{"card_name":"Acolyte of Pain","card_health":3,"card_attack":1}]},{"turn":8,"cards_played":["Piloted Shredder"],"current_player":"opponent","my_health":30,"opponent_health":28,"my_armor":0,"opponent_armor":0,"my_hand":4,"opponent_hand":8,"my_board":[{"card_name":"Piloted Shredder","card_health":3,"card_attack":4},{"card_name":"Mad Scientist","card_health":1,"card_attack":2}],"opponent_board":[{"card_name":"Acolyte of Pain","card_health":1,"card_attack":1},{"card_name":"Piloted Shredder","card_health":3,"card_attack":4}]},{"turn":9,"cards_played":["Arcane Intellect","Fireblast","Fireblast"],"current_player":"me","my_health":30,"opponent_health":28,"my_armor":0,"opponent_armor":0,"my_hand":6,"opponent_hand":9,"my_board":[{"card_name":"Annoy-o-Tron","card_health":2,"card_attack":1}],"opponent_board":[]},{"turn":10,"cards_played":["Armorsmith","The Coin","Fiery War Axe"],"current_player":"opponent","my_health":30,"opponent_health":27,"my_armor":0,"opponent_armor":0,"my_hand":6,"opponent_hand":7,"my_board":[{"card_name":"Annoy-o-Tron","card_health":2,"card_attack":1},{"card_name":"Armorsmith","card_health":4,"card_attack":1}],"opponent_board":[{"card_name":"Armorsmith","card_health":4,"card_attack":1}]},{"turn":11,"cards_played":["Emperor Thaurissan"],"current_player":"me","my_health":30,"opponent_health":25,"my_armor":0,"opponent_armor":0,"my_hand":6,"opponent_hand":7,"my_board":[{"card_name":"Emperor Thaurissan","card_health":5,"card_attack":5},{"card_name":"Annoy-o-Tron","card_health":2,"card_attack":1},{"card_name":"Armorsmith","card_health":4,"card_attack":1}],"opponent_board":[{"card_name":"Armorsmith","card_health":4,"card_attack":1}]},{"turn":12,"cards_played":["Shield Block","Shield Slam","Armor Up!"],"current_player":"opponent","my_health":30,"opponent_health":25,"my_armor":1,"opponent_armor":6,"my_hand":6,"opponent_hand":7,"my_board":[{"card_name":"Armorsmith","card_health":4,"card_attack":1}],"opponent_board":[{"card_name":"Armorsmith","card_health":4,"card_attack":1}]},{"turn":13,"cards_played":["Mana Wyrm","Dr. Boom"],"current_player":"me","my_health":30,"opponent_health":25,"my_armor":1,"opponent_armor":5,"my_hand":5,"opponent_hand":7,"my_board":[{"card_name":"Dr. Boom","card_health":7,"card_attack":7},{"card_name":"Mana Wyrm","card_health":3,"card_attack":1},{"card_name":"Armorsmith","card_health":4,"card_attack":1},{"card_name":"Boom Bot","card_health":1,"card_attack":1},{"card_name":"Boom Bot","card_health":1,"card_attack":1}],"opponent_board":[{"card_name":"Armorsmith","card_health":4,"card_attack":1}]},{"turn":14,"cards_played":["Shieldmaiden","Shield Slam"],"current_player":"opponent","my_health":30,"opponent_health":25,"my_armor":3,"opponent_armor":12,"my_hand":5,"opponent_hand":6,"my_board":[{"card_name":"Mana Wyrm","card_health":3,"card_attack":1},{"card_name":"Armorsmith","card_health":4,"card_attack":1},{"card_name":"Boom Bot","card_health":1,"card_attack":1}],"opponent_board":[{"card_name":"Shieldmaiden","card_health":5,"card_attack":5}]},{"turn":15,"cards_played":["Fireball","Sludge Belcher"],"current_player":"me","my_health":30,"opponent_health":25,"my_armor":3,"opponent_armor":8,"my_hand":4,"opponent_hand":6,"my_board":[{"card_name":"Sludge Belcher","card_health":5,"card_attack":3},{"card_name":"Mana Wyrm","card_health":3,"card_attack":2},{"card_name":"Armorsmith","card_health":4,"card_attack":1},{"card_name":"Boom Bot","card_health":1,"card_attack":1}],"opponent_board":[]},{"turn":16,"cards_played":["Dr. Boom"],"current_player":"opponent","my_health":30,"opponent_health":25,"my_armor":3,"opponent_armor":8,"my_hand":4,"opponent_hand":6,"my_board":[{"card_name":"Sludge Belcher","card_health":5,"card_attack":3},{"card_name":"Mana Wyrm","card_health":3,"card_attack":2},{"card_name":"Armorsmith","card_health":4,"card_attack":1},{"card_name":"Boom Bot","card_health":1,"card_attack":1}],"opponent_board":[{"card_name":"Dr. Boom","card_health":7,"card_attack":7},{"card_name":"Boom Bot","card_health":1,"card_attack":1},{"card_name":"Boom Bot","card_health":1,"card_attack":1}]},{"turn":17,"cards_played":["Flamewaker","Flamestrike"],"current_player":"me","my_health":30,"opponent_health":25,"my_armor":6,"opponent_armor":0,"my_hand":3,"opponent_hand":6,"my_board":[{"card_name":"Flamewaker","card_health":4,"card_attack":2},{"card_name":"Sludge Belcher","card_health":5,"card_attack":3},{"card_name":"Mana Wyrm","card_health":3,"card_attack":3},{"card_name":"Armorsmith","card_health":1,"card_attack":1}],"opponent_board":[]},{"turn":18,"cards_played":["Ysera"],"current_player":"opponent","my_health":30,"opponent_health":25,"my_armor":6,"opponent_armor":0,"my_hand":3,"opponent_hand":7,"my_board":[{"card_name":"Flamewaker","card_health":4,"card_attack":2},{"card_name":"Sludge Belcher","card_health":5,"card_attack":3},{"card_name":"Mana Wyrm","card_health":3,"card_attack":3},{"card_name":"Armorsmith","card_health":1,"card_attack":1}],"opponent_board":[{"card_name":"Ysera","card_health":12,"card_attack":4}]},{"turn":19,"cards_played":["Unstable Portal","Alexstrasza"],"current_player":"me","my_health":30,"opponent_health":5,"my_armor":6,"opponent_armor":0,"my_hand":3,"opponent_hand":7,"my_board":[{"card_name":"Flamewaker","card_health":4,"card_attack":2},{"card_name":"Alexstrasza","card_health":8,"card_attack":8},{"card_name":"Sludge Belcher","card_health":5,"card_attack":3},{"card_name":"Mana Wyrm","card_health":3,"card_attack":4},{"card_name":"Armorsmith","card_health":1,"card_attack":1}],"opponent_board":[{"card_name":"Ysera","card_health":11,"card_attack":4}]},{"turn":20,"cards_played":["Slam","Bash"],"current_player":"opponent","my_health":30,"opponent_health":5,"my_armor":9,"opponent_armor":3,"my_hand":3,"opponent_hand":7,"my_board":[{"card_name":"Flamewaker","card_health":4,"card_attack":2},{"card_name":"Alexstrasza","card_health":8,"card_attack":8},{"card_name":"Mana Wyrm","card_health":3,"card_attack":4},{"card_name":"Armorsmith","card_health":1,"card_attack":1}],"opponent_board":[{"card_name":"Ysera","card_health":10,"card_attack":4}]}],"result":"victory"}