{"plays":[{"turn":1,"cards_played":[],"current_player":"me","my_health":0,"opponent_health":30,"my_armor":0,"opponent_armor":0,"my_hand":0,"opponent_hand":1,"my_board":[],"opponent_board":[]},{"turn":2,"cards_played":["The Coin","Mad Scientist"],"current_player":"me","my_health":30,"opponent_health":30,"my_armor":0,"opponent_armor":0,"my_hand":4,"opponent_hand":4,"my_board":[{"card_name":"Mad Scientist","card_health":2,"card_attack":2}],"opponent_board":[]},{"turn":3,"cards_played":["Darnassus Aspirant"],"current_player":"opponent","my_health":30,"opponent_health":30,"my_armor":0,"opponent_armor":0,"my_hand":4,"opponent_hand":4,"my_board":[{"card_name":"Mad Scientist","card_health":2,"card_attack":2}],"opponent_board":[{"card_name":"Darnassus Aspirant","card_health":3,"card_attack":2}]},{"turn":4,"cards_played":["Flamecannon"],"current_player":"me","my_health":30,"opponent_health":28,"my_armor":0,"opponent_armor":0,"my_hand":4,"opponent_hand":4,"my_board":[{"card_name":"Mad Scientist","card_health":2,"card_attack":2}],"opponent_board":[]},{"turn":5,"cards_played":["Acidic Swamp Ooze"],"current_player":"opponent","my_health":30,"opponent_health":28,"my_armor":0,"opponent_armor":0,"my_hand":4,"opponent_hand":4,"my_board":[{"card_name":"Mad Scientist","card_health":2,"card_attack":2}],"opponent_board":[{"card_name":"Acidic Swamp Ooze","card_health":2,"card_attack":3}]},{"turn":6,"cards_played":["Mad Scientist"],"current_player":"me","my_health":30,"opponent_health":28,"my_armor":0,"opponent_armor":0,"my_hand":4,"opponent_hand":4,"my_board":[{"card_name":"Mad Scientist","card_health":2,"card_attack":2}],"opponent_board":[]},{"turn":7,"cards_played":["Piloted Shredder"],"current_player":"opponent","my_health":30,"opponent_health":28,"my_armor":0,"opponent_armor":0,"my_hand":4,"opponent_hand":4,"my_board":[{"card_name":"Mad Scientist","card_health":2,"card_attack":2},{"card_name":"Piloted Shredder","card_health":3,"card_attack":4}],"opponent_board":[{"card_name":"Piloted Shredder","card_health":3,"card_attack":4}]},{"turn":8,"cards_played":["Water Elemental"],"current_player":"me","my_health":30,"opponent_health":22,"my_armor":0,"opponent_armor":0,"my_hand":4,"opponent_hand":4,"my_board":[{"card_name":"Water Elemental","card_health":6,"card_attack":3},{"card_name":"Mad Scientist","card_health":2,"card_attack":2},{"card_name":"Piloted Shredder","card_health":3,"card_attack":4}],"opponent_board":[{"card_name":"Piloted Shredder","card_health":3,"card_attack":4}]},{"turn":9,"cards_played":["Loatheb"],"current_player":"opponent","my_health":30,"opponent_health":22,"my_armor":0,"opponent_armor":0,"my_hand":4,"opponent_hand":4,"my_board":[{"card_name":"Water Elemental","card_health":6,"card_attack":3},{"card_name":"Mad Scientist","card_health":2,"card_attack":2},{"card_name":"Druid of the Saber","card_health":1,"card_attack":2}],"opponent_board":[{"card_name":"Loatheb","card_health":5,"card_attack":5},{"card_name":"Kobold Geomancer","card_health":2,"card_attack":2}]},{"turn":10,"cards_played":["Fireblast","Fireblast"],"current_player":"me","my_health":30,"opponent_health":21,"my_armor":0,"opponent_armor":0,"my_hand":5,"opponent_hand":4,"my_board":[{"card_name":"Water Elemental","card_health":1,"card_attack":3}],"opponent_board":[]},{"turn":11,"cards_played":["Big Game Hunter","Shapeshift"],"current_player":"opponent","my_health":30,"opponent_health":19,"my_armor":0,"opponent_armor":0,"my_hand":5,"opponent_hand":4,"my_board":[],"opponent_board":[{"card_name":"Big Game Hunter","card_health":2,"card_attack":4}]},{"turn":12,"cards_played":["Arcane Intellect","Fireblast","Fireblast"],"current_player":"me","my_health":30,"opponent_health":19,"my_armor":0,"opponent_armor":0,"my_hand":7,"opponent_hand":4,"my_board":[],"opponent_board":[{"card_name":"Big Game Hunter","card_health":1,"card_attack":4}]},{"turn":13,"cards_played":["Dr. Boom"],"current_player":"opponent","my_health":30,"opponent_health":19,"my_armor":4,"opponent_armor":0,"my_hand":7,"opponent_hand":4,"my_board":[],"opponent_board":[{"card_name":"Big Game Hunter","card_health":1,"card_attack":4},{"card_name":"Dr. Boom","card_health":7,"card_attack":7},{"card_name":"Boom Bot","card_health":1,"card_attack":1},{"card_name":"Boom Bot","card_health":1,"card_attack":1}]},{"turn":14,"cards_played":["Big Game Hunter","Fireblast"],"current_player":"me","my_health":30,"opponent_health":19,"my_armor":4,"opponent_armor":0,"my_hand":7,"opponent_hand":4,"my_board":[{"card_name":"Big Game Hunter","card_health":2,"card_attack":4}],"opponent_board":[{"card_name":"Boom Bot","card_health":1,"card_attack":1},{"card_name":"Boom Bot","card_health":1,"card_attack":1}]},{"turn":15,"cards_played":["Emperor Thaurissan","Shapeshift"],"current_player":"opponent","my_health":30,"opponent_health":16,"my_armor":0,"opponent_armor":0,"my_hand":7,"opponent_hand":4,"my_board":[],"opponent_board":[{"card_name":"Emperor Thaurissan","card_health":5,"card_attack":5},{"card_name":"Boom Bot","card_health":1,"card_attack":1}]},{"turn":16,"cards_played":["Polymorph","Fireblast","Fireblast","Zombie Chow"],"current_player":"me","my_health":29,"opponent_health":16,"my_armor":0,"opponent_armor":0,"my_hand":6,"opponent_hand":4,"my_board":[{"card_name":"Zombie Chow","card_health":3,"card_attack":2}],"opponent_board":[{"card_name":"Sheep","card_health":1,"card_attack":1}]},{"turn":17,"cards_played":["Keeper of the Grove","Shapeshift"],"current_player":"opponent","my_health":28,"opponent_health":20,"my_armor":0,"opponent_armor":0,"my_hand":6,"opponent_hand":4,"my_board":[],"opponent_board":[{"card_name":"Keeper of the Grove","card_health":4,"card_attack":2},{"card_name":"Sheep","card_health":1,"card_attack":1}]},{"turn":18,"cards_played":["Dr. Boom","Fireblast","Fireblast"],"current_player":"me","my_health":28,"opponent_health":20,"my_armor":0,"opponent_armor":0,"my_hand":6,"opponent_hand":4,"my_board":[{"card_name":"Dr. Boom","card_health":7,"card_attack":7},{"card_name":"Boom Bot","card_health":1,"card_attack":1},{"card_name":"Boom Bot","card_health":1,"card_attack":1}],"opponent_board":[{"card_name":"Keeper of the Grove","card_health":4,"card_attack":2}]},{"turn":19,"cards_played":["Wild Growth","Excess Mana","Wrath","Ancient of Lore"],"current_player":"opponent","my_health":26,"opponent_health":20,"my_armor":0,"opponent_armor":0,"my_hand":6,"opponent_hand":6,"my_board":[{"card_name":"Dr. Boom","card_health":7,"card_attack":7},{"card_name":"Boom Bot","card_health":1,"card_attack":1}],"opponent_board":[{"card_name":"Keeper of the Grove","card_health":2,"card_attack":2},{"card_name":"Ancient of Lore","card_health":5,"card_attack":5}]},{"turn":20,"cards_played":["Fireblast","Fireblast","Ragnaros the Firelord"],"current_player":"me","my_health":26,"opponent_health":18,"my_armor":0,"opponent_armor":0,"my_hand":6,"opponent_hand":6,"my_board":[{"card_name":"Dr. Boom","card_health":2,"card_attack":7},{"card_name":"Ragnaros the Firelord","card_health":8,"card_attack":8}],"opponent_board":[]},{"turn":21,"cards_played":["Azure Drake","Swipe","Living Roots","Innervate","Shapeshift"],"current_player":"opponent","my_health":23,"opponent_health":10,"my_armor":0,"opponent_armor":1,"my_hand":6,"opponent_hand":4,"my_board":[],"opponent_board":[{"card_name":"Azure Drake","card_health":4,"card_attack":4}]},{"turn":22,"cards_played":["Frostbolt","Fireblast","Fireblast"],"current_player":"me","my_health":23,"opponent_health":10,"my_armor":0,"opponent_armor":1,"my_hand":4,"opponent_hand":4,"my_board":[],"opponent_board":[]},{"turn":23,"cards_played":["Shapeshift","Keeper of the Grove"],"current_player":"opponent","my_health":23,"opponent_health":10,"my_armor":7,"opponent_armor":2,"my_hand":4,"opponent_hand":4,"my_board":[],"opponent_board":[{"card_name":"Keeper of the Grove","card_health":4,"card_attack":2}]},{"turn":24,"cards_played":["Frostbolt","Fireblast","Fireblast"],"current_player":"me","my_health":23,"opponent_health":10,"my_armor":5,"opponent_armor":2,"my_hand":4,"opponent_hand":4,"my_board":[],"opponent_board":[]},{"turn":25,"cards_played":["Piloted Shredder","Shapeshift"],"current_player":"opponent","my_health":23,"opponent_health":10,"my_armor":4,"opponent_armor":3,"my_hand":4,"opponent_hand":4,"my_board":[],"opponent_board":[{"card_name":"Piloted Shredder","card_health":3,"card_attack":4}]},{"turn":26,"cards_played":["Sludge Belcher","Polymorph","Zombie Chow"],"current_player":"me","my_health":23,"opponent_health":10,"my_armor":4,"opponent_armor":3,"my_hand":2,"opponent_hand":4,"my_board":[{"card_name":"Zombie Chow","card_health":3,"card_attack":2},{"card_name":"Sludge Belcher","card_health":5,"card_attack":3}],"opponent_board":[{"card_name":"Sheep","card_health":1,"card_attack":1}]},{"turn":27,"cards_played":["Force of Nature","Savage Roar","Shapeshift"],"current_player":"opponent","my_health":23,"opponent_health":15,"my_armor":1,"opponent_armor":3,"my_hand":4,"opponent_hand":3,"my_board":[],"opponent_board":[{"card_name":"Sheep","card_health":1,"card_attack":3}]},{"turn":28,"cards_played":["Unstable Portal","Dr. Boom","Fireblast","Fireblast"],"current_player":"me","my_health":23,"opponent_health":15,"my_armor":1,"opponent_armor":3,"my_hand":4,"opponent_hand":3,"my_board":[{"card_name":"Dr. Boom","card_health":7,"card_attack":7},{"card_name":"Boom Bot","card_health":1,"card_attack":1},{"card_name":"Boom Bot","card_health":1,"card_attack":1}],"opponent_board":[]},{"turn":29,"cards_played":["Swipe","Shapeshift","Living Roots"],"current_player":"opponent","my_health":23,"opponent_health":9,"my_armor":0,"opponent_armor":0,"my_hand":4,"opponent_hand":2,"my_board":[],"opponent_board":[]},{"turn":30,"cards_played":[],"current_player":"me","my_health":23,"opponent_health":9,"my_armor":0,"opponent_armor":0,"my_hand":5,"opponent_hand":2,"my_board":[],"opponent_board":[]}],"result":"victory"}