{"plays":[{"turn":1,"cards_played":[],"current_player":"me","my_health":0,"opponent_health":30,"my_armor":0,"opponent_armor":0,"my_hand":0,"opponent_hand":1,"my_board":[],"opponent_board":[]},{"turn":2,"cards_played":["Mana Wyrm","The Coin","Unstable Ghoul"],"current_player":"opponent","my_health":30,"opponent_health":30,"my_armor":0,"opponent_armor":0,"my_hand":3,"opponent_hand":4,"my_board":[{"card_name":"Mana Wyrm","card_health":3,"card_attack":1}],"opponent_board":[{"card_name":"Unstable Ghoul","card_health":3,"card_attack":1}]},{"turn":3,"cards_played":["Snowchugger"],"current_player":"me","my_health":30,"opponent_health":30,"my_armor":0,"opponent_armor":0,"my_hand":3,"opponent_hand":4,"my_board":[{"card_name":"Snowchugger","card_health":3,"card_attack":2},{"card_name":"Mana Wyrm","card_health":3,"card_attack":1}],"opponent_board":[{"card_name":"Unstable Ghoul","card_health":3,"card_attack":1}]},{"turn":4,"cards_played":["Lesser Heal","Lesser Heal"],"current_player":"opponent","my_health":30,"opponent_health":30,"my_armor":0,"opponent_armor":0,"my_hand":3,"opponent_hand":5,"my_board":[{"card_name":"Snowchugger","card_health":3,"card_attack":2},{"card_name":"Mana Wyrm","card_health":2,"card_attack":1}],"opponent_board":[{"card_name":"Unstable Ghoul","card_health":3,"card_attack":1}]},{"turn":5,"cards_played":["Fireblast","Fireblast","Leper Gnome"],"current_player":"me","my_health":30,"opponent_health":29,"my_armor":0,"opponent_armor":0,"my_hand":3,"opponent_hand":5,"my_board":[{"card_name":"Leper Gnome","card_health":1,"card_attack":2},{"card_name":"Snowchugger","card_health":1,"card_attack":2},{"card_name":"Mana Wyrm","card_health":1,"card_attack":1}],"opponent_board":[]},{"turn":6,"cards_played":["Razorfen Hunter"],"current_player":"opponent","my_health":30,"opponent_health":29,"my_armor":0,"opponent_armor":0,"my_hand":3,"opponent_hand":5,"my_board":[{"card_name":"Leper Gnome","card_health":1,"card_attack":2},{"card_name":"Snowchugger","card_health":1,"card_attack":2},{"card_name":"Mana Wyrm","card_health":1,"card_attack":1}],"opponent_board":[{"card_name":"Razorfen Hunter","card_health":3,"card_attack":2},{"card_name":"Boar","card_health":1,"card_attack":1}]},{"turn":7,"cards_played":["Frostbolt","Fireblast","Fireblast"],"current_player":"me","my_health":30,"opponent_health":23,"my_armor":0,"opponent_armor":0,"my_hand":3,"opponent_hand":5,"my_board":[{"card_name":"Leper Gnome","card_health":1,"card_attack":2},{"card_name":"Snowchugger","card_health":1,"card_attack":2},{"card_name":"Mana Wyrm","card_health":1,"card_attack":2}],"opponent_board":[]},{"turn":8,"cards_played":["Arcane Nullifier X-21"],"current_player":"opponent","my_health":30,"opponent_health":23,"my_armor":0,"opponent_armor":0,"my_hand":3,"opponent_hand":5,"my_board":[{"card_name":"Leper Gnome","card_health":1,"card_attack":2},{"card_name":"Snowchugger","card_health":1,"card_attack":2},{"card_name":"Mana Wyrm","card_health":1,"card_attack":2}],"opponent_board":[{"card_name":"Arcane Nullifier X-21","card_health":5,"card_attack":2}]},{"turn":9,"cards_played":["Fireblast","Fireblast"],"current_player":"me","my_health":30,"opponent_health":18,"my_armor":0,"opponent_armor":0,"my_hand":3,"opponent_hand":5,"my_board":[{"card_name":"Snowchugger","card_health":1,"card_attack":2}],"opponent_board":[]},{"turn":10,"cards_played":["Dancing Swords","Lesser Heal","Lesser Heal"],"current_player":"opponent","my_health":30,"opponent_health":20,"my_armor":0,"opponent_armor":0,"my_hand":3,"opponent_hand":5,"my_board":[{"card_name":"Snowchugger","card_health":1,"card_attack":2}],"opponent_board":[{"card_name":"Dancing Swords","card_health":4,"card_attack":4}]},{"turn":11,"cards_played":["Ethereal Arcanist","Fireblast","Fireblast"],"current_player":"me","my_health":30,"opponent_health":18,"my_armor":0,"opponent_armor":0,"my_hand":3,"opponent_hand":5,"my_board":[{"card_name":"Snowchugger","card_health":1,"card_attack":2},{"card_name":"Ethereal Arcanist","card_health":3,"card_attack":3}],"opponent_board":[{"card_name":"Dancing Swords","card_health":3,"card_attack":4}]},{"turn":12,"cards_played":["Holy Smite","Evil Heckler"],"current_player":"opponent","my_health":30,"opponent_health":18,"my_armor":0,"opponent_armor":0,"my_hand":4,"opponent_hand":4,"my_board":[{"card_name":"Snowchugger","card_health":1,"card_attack":2},{"card_name":"Ogre Magi","card_health":4,"card_attack":4}],"opponent_board":[{"card_name":"Evil Heckler","card_health":4,"card_attack":5}]},{"turn":13,"cards_played":["Kvaldir Raider","Fireblast","Fireblast"],"current_player":"me","my_health":30,"opponent_health":15,"my_armor":0,"opponent_armor":0,"my_hand":4,"opponent_hand":4,"my_board":[{"card_name":"Snowchugger","card_health":1,"card_attack":2},{"card_name":"Kvaldir Raider","card_health":6,"card_attack":6}],"opponent_board":[]},{"turn":14,"cards_played":["Lightspawn","Divine Spirit"],"current_player":"opponent","my_health":30,"opponent_health":15,"my_armor":0,"opponent_armor":0,"my_hand":4,"opponent_hand":3,"my_board":[{"card_name":"Snowchugger","card_health":1,"card_attack":2},{"card_name":"Kvaldir Raider","card_health":6,"card_attack":6}],"opponent_board":[{"card_name":"Lightspawn","card_health":5,"card_attack":5}]},{"turn":15,"cards_played":["Acolyte of Pain","Fireblast","Fireblast","Amani Berserker"],"current_player":"me","my_health":30,"opponent_health":5,"my_armor":0,"opponent_armor":0,"my_hand":4,"opponent_hand":3,"my_board":[{"card_name":"Amani Berserker","card_health":3,"card_attack":2},{"card_name":"Snowchugger","card_health":1,"card_attack":2},{"card_name":"Kvaldir Raider","card_health":8,"card_attack":8},{"card_name":"Acolyte of Pain","card_health":2,"card_attack":1}],"opponent_board":[{"card_name":"Lightspawn","card_health":10,"card_attack":10}]},{"turn":16,"cards_played":["Shadow Word: Pain","Lesser Heal","Lesser Heal","Flash Heal","Lance Carrier"],"current_player":"opponent","my_health":30,"opponent_health":10,"my_armor":0,"opponent_armor":0,"my_hand":4,"opponent_hand":1,"my_board":[{"card_name":"Snowchugger","card_health":1,"card_attack":2},{"card_name":"Acolyte of Pain","card_health":2,"card_attack":1}],"opponent_board":[{"card_name":"Lance Carrier","card_health":2,"card_attack":1},{"card_name":"Lightspawn","card_health":4,"card_attack":4}]},{"turn":17,"cards_played":["Mana Wyrm","Flamestrike"],"current_player":"me","my_health":30,"opponent_health":7,"my_armor":0,"opponent_armor":0,"my_hand":3,"opponent_hand":1,"my_board":[{"card_name":"Snowchugger","card_health":1,"card_attack":2},{"card_name":"Acolyte of Pain","card_health":2,"card_attack":1},{"card_name":"Mana Wyrm","card_health":3,"card_attack":2}],"opponent_board":[]},{"turn":18,"cards_played":["Jeeves","Shadow Word: Pain","Lesser Heal","Lesser Heal"],"current_player":"opponent","my_health":30,"opponent_health":9,"my_armor":0,"opponent_armor":0,"my_hand":3,"opponent_hand":3,"my_board":[{"card_name":"Snowchugger","card_health":1,"card_attack":2},{"card_name":"Acolyte of Pain","card_health":2,"card_attack":1}],"opponent_board":[{"card_name":"Jeeves","card_health":4,"card_attack":1}]},{"turn":19,"cards_played":["Flesheating Ghoul","Fireblast","Fireblast","Snowchugger"],"current_player":"me","my_health":30,"opponent_health":9,"my_armor":0,"opponent_armor":0,"my_hand":3,"opponent_hand":3,"my_board":[{"card_name":"Acolyte of Pain","card_health":1,"card_attack":1},{"card_name":"Snowchugger","card_health":3,"card_attack":2},{"card_name":"Flesheating Ghoul","card_health":3,"card_attack":4}],"opponent_board":[]},{"turn":20,"cards_played":["North Sea Kraken"],"current_player":"opponent","my_health":30,"opponent_health":9,"my_armor":0,"opponent_armor":0,"my_hand":3,"opponent_hand":3,"my_board":[{"card_name":"Acolyte of Pain","card_health":1,"card_attack":1},{"card_name":"Snowchugger","card_health":3,"card_attack":2}],"opponent_board":[{"card_name":"North Sea Kraken","card_health":7,"card_attack":9}]},{"turn":21,"cards_played":["Mechanical Yeti","Fireblast","Fireblast"],"current_player":"me","my_health":30,"opponent_health":5,"my_armor":0,"opponent_armor":0,"my_hand":3,"opponent_hand":3,"my_board":[{"card_name":"Mechanical Yeti","card_health":5,"card_attack":4},{"card_name":"Acolyte of Pain","card_health":1,"card_attack":1},{"card_name":"Snowchugger","card_health":3,"card_attack":2}],"opponent_board":[{"card_name":"North Sea Kraken","card_health":7,"card_attack":9}]},{"turn":22,"cards_played":["Madder Bomber","Nerub'ar Weblord","Lesser Heal","Lesser Heal","Circle of Healing","Whirling Blades"],"current_player":"opponent","my_health":30,"opponent_health":5,"my_armor":0,"opponent_armor":0,"my_hand":5,"opponent_hand":1,"my_board":[],"opponent_board":[{"card_name":"North Sea Kraken","card_health":7,"card_attack":9},{"card_name":"Nerub'ar Weblord","card_health":4,"card_attack":1},{"card_name":"Madder Bomber","card_health":4,"card_attack":5}]},{"turn":23,"cards_played":["Dragon's Breath","Fireblast"],"current_player":"me","my_health":30,"opponent_health":0,"my_armor":0,"opponent_armor":0,"my_hand":5,"opponent_hand":1,"my_board":[],"opponent_board":[{"card_name":"North Sea Kraken","card_health":7,"card_attack":9},{"card_name":"Nerub'ar Weblord","card_health":4,"card_attack":2},{"card_name":"Madder Bomber","card_health":4,"card_attack":5}]}],"result":"victory"}