{"plays":[{"turn":1,"cards_played":[],"current_player":"opponent","my_health":30,"opponent_health":0,"my_armor":0,"opponent_armor":0,"my_hand":1,"opponent_hand":0,"my_board":[],"opponent_board":[]},{"turn":2,"cards_played":["Mana Wyrm","The Coin","Fiery War Axe"],"current_player":"opponent","my_health":30,"opponent_health":29,"my_armor":0,"opponent_armor":0,"my_hand":3,"opponent_hand":4,"my_board":[],"opponent_board":[]},{"turn":3,"cards_played":["Unstable Portal","Nerub'ar Weblord"],"current_player":"me","my_health":30,"opponent_health":29,"my_armor":0,"opponent_armor":0,"my_hand":3,"opponent_hand":4,"my_board":[{"card_name":"Nerub'ar Weblord","card_health":4,"card_attack":1}],"opponent_board":[]},{"turn":4,"cards_played":["Armor Up!"],"current_player":"opponent","my_health":30,"opponent_health":28,"my_armor":0,"opponent_armor":2,"my_hand":3,"opponent_hand":5,"my_board":[{"card_name":"Nerub'ar Weblord","card_health":1,"card_attack":1}],"opponent_board":[]},{"turn":5,"cards_played":["Flamewaker"],"current_player":"me","my_health":30,"opponent_health":28,"my_armor":0,"opponent_armor":1,"my_hand":3,"opponent_hand":5,"my_board":[{"card_name":"Flamewaker","card_health":4,"card_attack":2},{"card_name":"Nerub'ar Weblord","card_health":1,"card_attack":1}],"opponent_board":[]},{"turn":6,"cards_played":["Shield Block"],"current_player":"opponent","my_health":30,"opponent_health":28,"my_armor":0,"opponent_armor":6,"my_hand":3,"opponent_hand":6,"my_board":[{"card_name":"Flamewaker","card_health":4,"card_attack":2},{"card_name":"Nerub'ar Weblord","card_health":1,"card_attack":1}],"opponent_board":[]},{"turn":7,"cards_played":[],"current_player":"me","my_health":30,"opponent_health":28,"my_armor":0,"opponent_armor":1,"my_hand":3,"opponent_hand":6,"my_board":[{"card_name":"Flamewaker","card_health":4,"card_attack":2},{"card_name":"Nerub'ar Weblord","card_health":1,"card_attack":1}],"opponent_board":[]},{"turn":8,"cards_played":["Death's Bite"],"current_player":"opponent","my_health":30,"opponent_health":27,"my_armor":0,"opponent_armor":0,"my_hand":3,"opponent_hand":6,"my_board":[{"card_name":"Nerub'ar Weblord","card_health":1,"card_attack":1}],"opponent_board":[]},{"turn":9,"cards_played":["Fireblast","Fireblast"],"current_player":"me","my_health":30,"opponent_health":25,"my_armor":0,"opponent_armor":0,"my_hand":3,"opponent_hand":6,"my_board":[{"card_name":"Nerub'ar Weblord","card_health":1,"card_attack":1}],"opponent_board":[]},{"turn":10,"cards_played":["Cruel Taskmaster"],"current_player":"opponent","my_health":30,"opponent_health":25,"my_armor":0,"opponent_armor":0,"my_hand":3,"opponent_hand":6,"my_board":[{"card_name":"Cruel Taskmaster","card_health":2,"card_attack":2}],"opponent_board":[{"card_name":"Cruel Taskmaster","card_health":2,"card_attack":2}]},{"turn":11,"cards_played":["Fireblast"],"current_player":"me","my_health":30,"opponent_health":24,"my_armor":0,"opponent_armor":0,"my_hand":3,"opponent_hand":6,"my_board":[],"opponent_board":[]},{"turn":12,"cards_played":["Armor Up!"],"current_player":"opponent","my_health":30,"opponent_health":24,"my_armor":0,"opponent_armor":2,"my_hand":3,"opponent_hand":7,"my_board":[],"opponent_board":[]},{"turn":13,"cards_played":["Fireball","Fireblast"],"current_player":"me","my_health":30,"opponent_health":19,"my_armor":0,"opponent_armor":0,"my_hand":3,"opponent_hand":7,"my_board":[],"opponent_board":[]},{"turn":14,"cards_played":["Shieldmaiden"],"current_player":"opponent","my_health":30,"opponent_health":19,"my_armor":0,"opponent_armor":0,"my_hand":3,"opponent_hand":7,"my_board":[],"opponent_board":[{"card_name":"Shieldmaiden","card_health":4,"card_attack":5}]},{"turn":15,"cards_played":["Flamewaker","Flamecannon","Fireblast"],"current_player":"me","my_health":30,"opponent_health":16,"my_armor":0,"opponent_armor":0,"my_hand":2,"opponent_hand":7,"my_board":[{"card_name":"Flamewaker","card_health":4,"card_attack":2}],"opponent_board":[]},{"turn":16,"cards_played":["Death's Bite","Armor Up!"],"current_player":"opponent","my_health":30,"opponent_health":14,"my_armor":0,"opponent_armor":2,"my_hand":2,"opponent_hand":7,"my_board":[],"opponent_board":[]},{"turn":17,"cards_played":["Arcane Intellect","Azure Drake","Mirror Image"],"current_player":"me","my_health":30,"opponent_health":14,"my_armor":0,"opponent_armor":2,"my_hand":3,"opponent_hand":7,"my_board":[{"card_name":"Azure Drake","card_health":4,"card_attack":4},{"card_name":"Mirror Image","card_health":2,"card_attack":0},{"card_name":"Mirror Image","card_health":2,"card_attack":0}],"opponent_board":[]},{"turn":18,"cards_played":["Cruel Taskmaster","Sludge Belcher","Armor Up!"],"current_player":"opponent","my_health":30,"opponent_health":14,"my_armor":0,"opponent_armor":4,"my_hand":3,"opponent_hand":6,"my_board":[{"card_name":"Azure Drake","card_health":3,"card_attack":4}],"opponent_board":[{"card_name":"Cruel Taskmaster","card_health":2,"card_attack":2},{"card_name":"Sludge Belcher","card_health":5,"card_attack":3}]},{"turn":19,"cards_played":["Flamestrike","Mirror Image","Fireblast"],"current_player":"me","my_health":30,"opponent_health":14,"my_armor":0,"opponent_armor":3,"my_hand":2,"opponent_hand":6,"my_board":[{"card_name":"Azure Drake","card_health":2,"card_attack":4},{"card_name":"Mirror Image","card_health":2,"card_attack":0},{"card_name":"Mirror Image","card_health":2,"card_attack":0}],"opponent_board":[]},{"turn":20,"cards_played":["Baron Geddon","Armor Up!"],"current_player":"opponent","my_health":28,"opponent_health":14,"my_armor":0,"opponent_armor":3,"my_hand":2,"opponent_hand":6,"my_board":[],"opponent_board":[{"card_name":"Baron Geddon","card_health":5,"card_attack":7}]},{"turn":21,"cards_played":["Azure Drake","Mad Scientist","Fireblast"],"current_player":"me","my_health":28,"opponent_health":14,"my_armor":0,"opponent_armor":2,"my_hand":2,"opponent_hand":6,"my_board":[{"card_name":"Mad Scientist","card_health":2,"card_attack":2},{"card_name":"Azure Drake","card_health":4,"card_attack":4}],"opponent_board":[{"card_name":"Baron Geddon","card_health":5,"card_attack":7}]},{"turn":22,"cards_played":["Fiery War Axe","Shieldmaiden","Armor Up!"],"current_player":"opponent","my_health":19,"opponent_health":12,"my_armor":0,"opponent_armor":5,"my_hand":2,"opponent_hand":5,"my_board":[],"opponent_board":[{"card_name":"Shieldmaiden","card_health":3,"card_attack":5},{"card_name":"Baron Geddon","card_health":5,"card_attack":7}]},{"turn":23,"cards_played":["Unstable Portal","Lord of the Arena","Fireblast"],"current_player":"me","my_health":19,"opponent_health":12,"my_armor":0,"opponent_armor":4,"my_hand":2,"opponent_hand":5,"my_board":[{"card_name":"Lord of the Arena","card_health":5,"card_attack":6}],"opponent_board":[{"card_name":"Shieldmaiden","card_health":3,"card_attack":5},{"card_name":"Baron Geddon","card_health":5,"card_attack":7}]},{"turn":24,"cards_played":["Armor Up!","Harrison Jones"],"current_player":"opponent","my_health":12,"opponent_health":12,"my_armor":0,"opponent_armor":6,"my_hand":2,"opponent_hand":5,"my_board":[],"opponent_board":[{"card_name":"Baron Geddon","card_health":5,"card_attack":7},{"card_name":"Harrison Jones","card_health":4,"card_attack":5}]},{"turn":25,"cards_played":["Arcane Intellect","Sorcerer's Apprentice","Fireball","Fireblast"],"current_player":"me","my_health":10,"opponent_health":12,"my_armor":0,"opponent_armor":3,"my_hand":2,"opponent_hand":5,"my_board":[{"card_name":"Sorcerer's Apprentice","card_health":2,"card_attack":3}],"opponent_board":[{"card_name":"Harrison Jones","card_health":2,"card_attack":5}]},{"turn":26,"cards_played":["Armorsmith","Armor Up!"],"current_player":"opponent","my_health":10,"opponent_health":12,"my_armor":0,"opponent_armor":6,"my_hand":2,"opponent_hand":5,"my_board":[],"opponent_board":[{"card_name":"Armorsmith","card_health":4,"card_attack":1}]},{"turn":27,"cards_played":["Pyroblast"],"current_player":"me","my_health":10,"opponent_health":12,"my_armor":0,"opponent_armor":6,"my_hand":2,"opponent_hand":5,"my_board":[],"opponent_board":[{"card_name":"Armorsmith","card_health":4,"card_attack":1}]},{"turn":28,"cards_played":["Alexstrasza"],"current_player":"opponent","my_health":9,"opponent_health":15,"my_armor":0,"opponent_armor":0,"my_hand":2,"opponent_hand":5,"my_board":[],"opponent_board":[{"card_name":"Alexstrasza","card_health":8,"card_attack":8},{"card_name":"Armorsmith","card_health":4,"card_attack":1}]},{"turn":29,"cards_played":[],"current_player":"me","my_health":9,"opponent_health":15,"my_armor":0,"opponent_armor":0,"my_hand":3,"opponent_hand":5,"my_board":[],"opponent_board":[{"card_name":"Alexstrasza","card_health":8,"card_attack":8},{"card_name":"Armorsmith","card_health":4,"card_attack":1}]}],"result":"defeat"}