{"plays":[{"turn":1,"cards_played":[],"current_player":"opponent","my_health":30,"opponent_health":0,"my_armor":0,"opponent_armor":0,"my_hand":1,"opponent_hand":0,"my_board":[],"opponent_board":[]},{"turn":2,"cards_played":["Mana Wyrm"],"current_player":"opponent","my_health":30,"opponent_health":30,"my_armor":0,"opponent_armor":0,"my_hand":3,"opponent_hand":6,"my_board":[{"card_name":"Mana Wyrm","card_health":3,"card_attack":1}],"opponent_board":[]},{"turn":3,"cards_played":["Sorcerer's Apprentice"],"current_player":"me","my_health":30,"opponent_health":29,"my_armor":0,"opponent_armor":0,"my_hand":3,"opponent_hand":6,"my_board":[{"card_name":"Sorcerer's Apprentice","card_health":2,"card_attack":3},{"card_name":"Mana Wyrm","card_health":3,"card_attack":1}],"opponent_board":[]},{"turn":4,"cards_played":["Armor Up!","The Coin","Shield Slam"],"current_player":"opponent","my_health":30,"opponent_health":29,"my_armor":0,"opponent_armor":2,"my_hand":3,"opponent_hand":5,"my_board":[{"card_name":"Mana Wyrm","card_health":3,"card_attack":1}],"opponent_board":[]},{"turn":5,"cards_played":["Flamewaker"],"current_player":"me","my_health":30,"opponent_health":29,"my_armor":0,"opponent_armor":1,"my_hand":3,"opponent_hand":5,"my_board":[{"card_name":"Mana Wyrm","card_health":3,"card_attack":1},{"card_name":"Flamewaker","card_health":4,"card_attack":2}],"opponent_board":[]},{"turn":6,"cards_played":["Acolyte of Pain"],"current_player":"opponent","my_health":30,"opponent_health":29,"my_armor":0,"opponent_armor":1,"my_hand":3,"opponent_hand":5,"my_board":[{"card_name":"Mana Wyrm","card_health":3,"card_attack":1},{"card_name":"Flamewaker","card_health":4,"card_attack":2}],"opponent_board":[{"card_name":"Acolyte of Pain","card_health":3,"card_attack":1}]},{"turn":7,"cards_played":[],"current_player":"me","my_health":30,"opponent_health":26,"my_armor":0,"opponent_armor":0,"my_hand":3,"opponent_hand":6,"my_board":[{"card_name":"Mana Wyrm","card_health":3,"card_attack":2},{"card_name":"Flamewaker","card_health":3,"card_attack":2}],"opponent_board":[{"card_name":"Acolyte of Pain","card_health":1,"card_attack":1}]},{"turn":8,"cards_played":["Death's Bite"],"current_player":"opponent","my_health":29,"opponent_health":24,"my_armor":0,"opponent_armor":0,"my_hand":3,"opponent_hand":6,"my_board":[{"card_name":"Flamewaker","card_health":3,"card_attack":2}],"opponent_board":[{"card_name":"Acolyte of Pain","card_health":1,"card_attack":1}]},{"turn":9,"cards_played":["Azure Drake"],"current_player":"me","my_health":29,"opponent_health":22,"my_armor":0,"opponent_armor":0,"my_hand":4,"opponent_hand":6,"my_board":[{"card_name":"Azure Drake","card_health":4,"card_attack":4},{"card_name":"Flamewaker","card_health":3,"card_attack":2}],"opponent_board":[{"card_name":"Acolyte of Pain","card_health":1,"card_attack":1}]},{"turn":10,"cards_played":["Armorsmith","Cruel Taskmaster"],"current_player":"opponent","my_health":29,"opponent_health":19,"my_armor":5,"opponent_armor":2,"my_hand":4,"opponent_hand":6,"my_board":[{"card_name":"Armorsmith","card_health":3,"card_attack":1}],"opponent_board":[{"card_name":"Cruel Taskmaster","card_health":1,"card_attack":2},{"card_name":"Armorsmith","card_health":3,"card_attack":1}]},{"turn":11,"cards_played":["Flamewaker","Mirror Image","Mad Scientist"],"current_player":"me","my_health":29,"opponent_health":19,"my_armor":5,"opponent_armor":1,"my_hand":2,"opponent_hand":6,"my_board":[{"card_name":"Mad Scientist","card_health":2,"card_attack":2},{"card_name":"Flamewaker","card_health":4,"card_attack":2},{"card_name":"Armorsmith","card_health":3,"card_attack":1},{"card_name":"Mirror Image","card_health":2,"card_attack":0},{"card_name":"Mirror Image","card_health":2,"card_attack":0}],"opponent_board":[{"card_name":"Armorsmith","card_health":3,"card_attack":1}]},{"turn":12,"cards_played":["Sylvanas Windrunner"],"current_player":"opponent","my_health":29,"opponent_health":19,"my_armor":6,"opponent_armor":1,"my_hand":2,"opponent_hand":6,"my_board":[{"card_name":"Mad Scientist","card_health":2,"card_attack":2},{"card_name":"Flamewaker","card_health":4,"card_attack":2},{"card_name":"Armorsmith","card_health":3,"card_attack":1},{"card_name":"Mirror Image","card_health":1,"card_attack":0},{"card_name":"Mirror Image","card_health":2,"card_attack":0}],"opponent_board":[{"card_name":"Armorsmith","card_health":3,"card_attack":1},{"card_name":"Sylvanas Windrunner","card_health":5,"card_attack":5}]},{"turn":13,"cards_played":["Azure Drake","Arcane Missiles"],"current_player":"me","my_health":29,"opponent_health":19,"my_armor":8,"opponent_armor":1,"my_hand":2,"opponent_hand":6,"my_board":[{"card_name":"Mad Scientist","card_health":1,"card_attack":2},{"card_name":"Flamewaker","card_health":4,"card_attack":2},{"card_name":"Azure Drake","card_health":4,"card_attack":4},{"card_name":"Armorsmith","card_health":2,"card_attack":1},{"card_name":"Mirror Image","card_health":1,"card_attack":0},{"card_name":"Mirror Image","card_health":2,"card_attack":0}],"opponent_board":[{"card_name":"Sylvanas Windrunner","card_health":5,"card_attack":5}]},{"turn":14,"cards_played":["Sludge Belcher","Armor Up!"],"current_player":"opponent","my_health":29,"opponent_health":15,"my_armor":9,"opponent_armor":2,"my_hand":2,"opponent_hand":6,"my_board":[{"card_name":"Mad Scientist","card_health":1,"card_attack":2},{"card_name":"Flamewaker","card_health":4,"card_attack":2},{"card_name":"Azure Drake","card_health":4,"card_attack":4},{"card_name":"Armorsmith","card_health":2,"card_attack":1},{"card_name":"Mirror Image","card_health":1,"card_attack":0}],"opponent_board":[{"card_name":"Sludge Belcher","card_health":5,"card_attack":3},{"card_name":"Sylvanas Windrunner","card_health":4,"card_attack":5}]},{"turn":15,"cards_played":["Flamestrike"],"current_player":"me","my_health":29,"opponent_health":15,"my_armor":9,"opponent_armor":0,"my_hand":2,"opponent_hand":6,"my_board":[{"card_name":"Flamewaker","card_health":3,"card_attack":2},{"card_name":"Azure Drake","card_health":4,"card_attack":4},{"card_name":"Mirror Image","card_health":1,"card_attack":0}],"opponent_board":[]},{"turn":16,"cards_played":["Execute","Dr. Boom"],"current_player":"opponent","my_health":29,"opponent_health":15,"my_armor":9,"opponent_armor":0,"my_hand":2,"opponent_hand":5,"my_board":[{"card_name":"Flamewaker","card_health":3,"card_attack":2},{"card_name":"Azure Drake","card_health":4,"card_attack":4},{"card_name":"Mirror Image","card_health":1,"card_attack":0}],"opponent_board":[{"card_name":"Dr. Boom","card_health":7,"card_attack":7},{"card_name":"Boom Bot","card_health":1,"card_attack":1},{"card_name":"Boom Bot","card_health":1,"card_attack":1}]},{"turn":17,"cards_played":["Fireball","Frostbolt"],"current_player":"me","my_health":29,"opponent_health":-2,"my_armor":9,"opponent_armor":0,"my_hand":1,"opponent_hand":5,"my_board":[{"card_name":"Azure Drake","card_health":4,"card_attack":4},{"card_name":"Mirror Image","card_health":1,"card_attack":0}],"opponent_board":[{"card_name":"Dr. Boom","card_health":6,"card_attack":7},{"card_name":"Boom Bot","card_health":1,"card_attack":1}]}],"result":"victory"}