{"plays":[{"turn":1,"cards_played":[],"current_player":"me","my_health":0,"opponent_health":30,"my_armor":0,"opponent_armor":0,"my_hand":0,"opponent_hand":1,"my_board":[],"opponent_board":[]},{"turn":2,"cards_played":["Mana Wyrm"],"current_player":"me","my_health":30,"opponent_health":30,"my_armor":0,"opponent_armor":0,"my_hand":5,"opponent_hand":4,"my_board":[{"card_name":"Mana Wyrm","card_health":3,"card_attack":1}],"opponent_board":[]},{"turn":3,"cards_played":["Sunfury Protector"],"current_player":"opponent","my_health":30,"opponent_health":30,"my_armor":0,"opponent_armor":0,"my_hand":5,"opponent_hand":4,"my_board":[{"card_name":"Mana Wyrm","card_health":3,"card_attack":1}],"opponent_board":[{"card_name":"Sunfury Protector","card_health":3,"card_attack":2}]},{"turn":4,"cards_played":["Mana Wyrm","The Coin","Fireblast","Fireblast"],"current_player":"me","my_health":30,"opponent_health":30,"my_armor":0,"opponent_armor":0,"my_hand":4,"opponent_hand":4,"my_board":[{"card_name":"Mana Wyrm","card_health":3,"card_attack":2},{"card_name":"Mana Wyrm","card_health":1,"card_attack":2}],"opponent_board":[]},{"turn":5,"cards_played":["Spider Tank"],"current_player":"opponent","my_health":30,"opponent_health":30,"my_armor":0,"opponent_armor":0,"my_hand":4,"opponent_hand":4,"my_board":[{"card_name":"Mana Wyrm","card_health":3,"card_attack":2},{"card_name":"Mana Wyrm","card_health":1,"card_attack":2}],"opponent_board":[{"card_name":"Spider Tank","card_health":4,"card_attack":3}]},{"turn":6,"cards_played":["Acolyte of Pain"],"current_player":"me","my_health":30,"opponent_health":26,"my_armor":0,"opponent_armor":0,"my_hand":4,"opponent_hand":4,"my_board":[{"card_name":"Acolyte of Pain","card_health":3,"card_attack":1},{"card_name":"Mana Wyrm","card_health":3,"card_attack":2},{"card_name":"Mana Wyrm","card_health":1,"card_attack":2}],"opponent_board":[{"card_name":"Spider Tank","card_health":4,"card_attack":3}]},{"turn":7,"cards_played":["Earthen Ring Farseer","Blood Imp"],"current_player":"opponent","my_health":30,"opponent_health":26,"my_armor":0,"opponent_armor":0,"my_hand":4,"opponent_hand":3,"my_board":[{"card_name":"Acolyte of Pain","card_health":3,"card_attack":1},{"card_name":"Mana Wyrm","card_health":1,"card_attack":2}],"opponent_board":[{"card_name":"Spider Tank","card_health":4,"card_attack":3},{"card_name":"Earthen Ring Farseer","card_health":3,"card_attack":3},{"card_name":"Blood Imp","card_health":1,"card_attack":0}]},{"turn":8,"cards_played":["Dragon's Breath"],"current_player":"me","my_health":30,"opponent_health":26,"my_armor":0,"opponent_armor":0,"my_hand":5,"opponent_hand":3,"my_board":[],"opponent_board":[{"card_name":"Blood Imp","card_health":1,"card_attack":0}]},{"turn":9,"cards_played":["Ancient Brewmaster","Blood Imp"],"current_player":"opponent","my_health":30,"opponent_health":26,"my_armor":0,"opponent_armor":0,"my_hand":5,"opponent_hand":3,"my_board":[],"opponent_board":[{"card_name":"Blood Imp","card_health":1,"card_attack":0},{"card_name":"Ancient Brewmaster","card_health":4,"card_attack":5}]},{"turn":10,"cards_played":["Silver Hand Knight"],"current_player":"me","my_health":30,"opponent_health":26,"my_armor":0,"opponent_armor":0,"my_hand":5,"opponent_hand":3,"my_board":[{"card_name":"Silver Hand Knight","card_health":4,"card_attack":4},{"card_name":"Squire","card_health":2,"card_attack":2}],"opponent_board":[{"card_name":"Blood Imp","card_health":1,"card_attack":0},{"card_name":"Ancient Brewmaster","card_health":5,"card_attack":5}]},{"turn":11,"cards_played":["Drain Life","Life Tap"],"current_player":"opponent","my_health":30,"opponent_health":26,"my_armor":0,"opponent_armor":0,"my_hand":5,"opponent_hand":4,"my_board":[],"opponent_board":[{"card_name":"Blood Imp","card_health":1,"card_attack":0},{"card_name":"Ancient Brewmaster","card_health":1,"card_attack":5}]},{"turn":12,"cards_played":["Frost Elemental"],"current_player":"me","my_health":30,"opponent_health":26,"my_armor":0,"opponent_armor":0,"my_hand":5,"opponent_hand":4,"my_board":[{"card_name":"Frost Elemental","card_health":5,"card_attack":5}],"opponent_board":[{"card_name":"Blood Imp","card_health":1,"card_attack":0},{"card_name":"Ancient Brewmaster","card_health":2,"card_attack":5}]},{"turn":13,"cards_played":["Life Tap","Wrathguard","Leper Gnome"],"current_player":"opponent","my_health":30,"opponent_health":24,"my_armor":0,"opponent_armor":0,"my_hand":5,"opponent_hand":4,"my_board":[{"card_name":"Frost Elemental","card_health":5,"card_attack":5}],"opponent_board":[{"card_name":"Wrathguard","card_health":3,"card_attack":4},{"card_name":"Blood Imp","card_health":1,"card_attack":0},{"card_name":"Ancient Brewmaster","card_health":2,"card_attack":5},{"card_name":"Leper Gnome","card_health":1,"card_attack":2}]},{"turn":14,"cards_played":["Flamestrike"],"current_player":"me","my_health":28,"opponent_health":15,"my_armor":0,"opponent_armor":0,"my_hand":5,"opponent_hand":4,"my_board":[{"card_name":"Frost Elemental","card_health":5,"card_attack":5}],"opponent_board":[]},{"turn":15,"cards_played":["Bloodfen Raptor","Kezan Mystic"],"current_player":"opponent","my_health":28,"opponent_health":15,"my_armor":0,"opponent_armor":0,"my_hand":5,"opponent_hand":3,"my_board":[{"card_name":"Frost Elemental","card_health":5,"card_attack":5}],"opponent_board":[{"card_name":"Kezan Mystic","card_health":3,"card_attack":4},{"card_name":"Bloodfen Raptor","card_health":2,"card_attack":3}]},{"turn":16,"cards_played":["Snowchugger","Goblin Blastmage","Fireblast","Fireblast"],"current_player":"me","my_health":28,"opponent_health":14,"my_armor":0,"opponent_armor":0,"my_hand":4,"opponent_hand":3,"my_board":[{"card_name":"Frost Elemental","card_health":2,"card_attack":5},{"card_name":"Goblin Blastmage","card_health":4,"card_attack":5},{"card_name":"Snowchugger","card_health":3,"card_attack":2}],"opponent_board":[]},{"turn":17,"cards_played":["Flesheating Ghoul","Darkbomb","Fel Cannon"],"current_player":"opponent","my_health":28,"opponent_health":14,"my_armor":0,"opponent_armor":0,"my_hand":4,"opponent_hand":1,"my_board":[{"card_name":"Goblin Blastmage","card_health":4,"card_attack":5},{"card_name":"Snowchugger","card_health":3,"card_attack":2}],"opponent_board":[{"card_name":"Fel Cannon","card_health":5,"card_attack":3},{"card_name":"Flesheating Ghoul","card_health":3,"card_attack":3}]},{"turn":18,"cards_played":["Ethereal Arcanist","Fireblast","Fireblast"],"current_player":"me","my_health":28,"opponent_health":6,"my_armor":0,"opponent_armor":0,"my_hand":3,"opponent_hand":1,"my_board":[{"card_name":"Goblin Blastmage","card_health":2,"card_attack":5},{"card_name":"Ethereal Arcanist","card_health":3,"card_attack":3},{"card_name":"Snowchugger","card_health":3,"card_attack":2}],"opponent_board":[{"card_name":"Fel Cannon","card_health":5,"card_attack":3},{"card_name":"Flesheating Ghoul","card_health":3,"card_attack":3}]},{"turn":19,"cards_played":["Life Tap","Doomguard"],"current_player":"opponent","my_health":28,"opponent_health":4,"my_armor":0,"opponent_armor":0,"my_hand":3,"opponent_hand":0,"my_board":[{"card_name":"Goblin Blastmage","card_health":2,"card_attack":5}],"opponent_board":[{"card_name":"Fel Cannon","card_health":3,"card_attack":3},{"card_name":"Doomguard","card_health":2,"card_attack":5},{"card_name":"Flesheating Ghoul","card_health":1,"card_attack":6}]}],"result":"victory"}