{"plays":[{"turn":1,"cards_played":[],"current_player":"me","my_health":0,"opponent_health":30,"my_armor":0,"opponent_armor":0,"my_hand":0,"opponent_hand":1,"my_board":[],"opponent_board":[]},{"turn":2,"cards_played":["Mana Wyrm","Flame Imp"],"current_player":"opponent","my_health":30,"opponent_health":30,"my_armor":0,"opponent_armor":0,"my_hand":3,"opponent_hand":5,"my_board":[{"card_name":"Mana Wyrm","card_health":3,"card_attack":1}],"opponent_board":[{"card_name":"Flame Imp","card_health":2,"card_attack":3}]},{"turn":3,"cards_played":["Frostbolt"],"current_player":"me","my_health":30,"opponent_health":25,"my_armor":0,"opponent_armor":0,"my_hand":3,"opponent_hand":5,"my_board":[{"card_name":"Mana Wyrm","card_health":3,"card_attack":2}],"opponent_board":[]},{"turn":4,"cards_played":["The Coin","Imp Gang Boss"],"current_player":"opponent","my_health":30,"opponent_health":25,"my_armor":0,"opponent_armor":0,"my_hand":3,"opponent_hand":4,"my_board":[{"card_name":"Mana Wyrm","card_health":3,"card_attack":2}],"opponent_board":[{"card_name":"Imp Gang Boss","card_health":4,"card_attack":2}]},{"turn":5,"cards_played":["Flamewaker"],"current_player":"me","my_health":30,"opponent_health":23,"my_armor":0,"opponent_armor":0,"my_hand":3,"opponent_hand":4,"my_board":[{"card_name":"Flamewaker","card_health":4,"card_attack":2},{"card_name":"Mana Wyrm","card_health":3,"card_attack":2}],"opponent_board":[{"card_name":"Imp Gang Boss","card_health":4,"card_attack":2}]},{"turn":6,"cards_played":["Abusive Sergeant","Life Tap"],"current_player":"opponent","my_health":30,"opponent_health":21,"my_armor":0,"opponent_armor":0,"my_hand":3,"opponent_hand":5,"my_board":[{"card_name":"Mana Wyrm","card_health":3,"card_attack":2}],"opponent_board":[{"card_name":"Abusive Sergeant","card_health":1,"card_attack":2},{"card_name":"Imp Gang Boss","card_health":2,"card_attack":4},{"card_name":"Imp","card_health":1,"card_attack":1}]},{"turn":7,"cards_played":["Unstable Portal","Loot Hoarder","Mana Wyrm"],"current_player":"me","my_health":30,"opponent_health":21,"my_armor":0,"opponent_armor":0,"my_hand":2,"opponent_hand":5,"my_board":[{"card_name":"Mana Wyrm","card_health":3,"card_attack":1},{"card_name":"Mana Wyrm","card_health":1,"card_attack":3},{"card_name":"Loot Hoarder","card_health":1,"card_attack":2}],"opponent_board":[{"card_name":"Abusive Sergeant","card_health":1,"card_attack":2},{"card_name":"Imp","card_health":1,"card_attack":1},{"card_name":"Imp","card_health":1,"card_attack":1}]},{"turn":8,"cards_played":["Knife Juggler","Dire Wolf Alpha"],"current_player":"opponent","my_health":28,"opponent_health":21,"my_armor":0,"opponent_armor":0,"my_hand":3,"opponent_hand":4,"my_board":[],"opponent_board":[{"card_name":"Knife Juggler","card_health":2,"card_attack":3},{"card_name":"Dire Wolf Alpha","card_health":2,"card_attack":2},{"card_name":"Imp","card_health":1,"card_attack":2}]},{"turn":9,"cards_played":["Arcane Intellect","Mad Scientist"],"current_player":"me","my_health":28,"opponent_health":21,"my_armor":0,"opponent_armor":0,"my_hand":4,"opponent_hand":4,"my_board":[{"card_name":"Mad Scientist","card_health":2,"card_attack":2}],"opponent_board":[{"card_name":"Knife Juggler","card_health":2,"card_attack":3},{"card_name":"Dire Wolf Alpha","card_health":2,"card_attack":2},{"card_name":"Imp","card_health":1,"card_attack":2}]},{"turn":10,"cards_played":["Knife Juggler","Imp Gang Boss"],"current_player":"opponent","my_health":26,"opponent_health":21,"my_armor":0,"opponent_armor":0,"my_hand":4,"opponent_hand":3,"my_board":[],"opponent_board":[{"card_name":"Knife Juggler","card_health":2,"card_attack":4},{"card_name":"Imp Gang Boss","card_health":4,"card_attack":2},{"card_name":"Knife Juggler","card_health":2,"card_attack":4},{"card_name":"Dire Wolf Alpha","card_health":2,"card_attack":2}]},{"turn":11,"cards_played":["Mad Scientist","Fireblast","Fireblast"],"current_player":"me","my_health":26,"opponent_health":20,"my_armor":0,"opponent_armor":0,"my_hand":4,"opponent_hand":3,"my_board":[{"card_name":"Mad Scientist","card_health":2,"card_attack":2}],"opponent_board":[{"card_name":"Knife Juggler","card_health":2,"card_attack":4},{"card_name":"Imp Gang Boss","card_health":4,"card_attack":2},{"card_name":"Knife Juggler","card_health":2,"card_attack":4},{"card_name":"Dire Wolf Alpha","card_health":2,"card_attack":2}]},{"turn":12,"cards_played":["Abusive Sergeant","Bane of Doom"],"current_player":"opponent","my_health":9,"opponent_health":20,"my_armor":0,"opponent_armor":0,"my_hand":4,"opponent_hand":2,"my_board":[],"opponent_board":[{"card_name":"Knife Juggler","card_health":2,"card_attack":4},{"card_name":"Abusive Sergeant","card_health":1,"card_attack":2},{"card_name":"Imp Gang Boss","card_health":2,"card_attack":2},{"card_name":"Knife Juggler","card_health":2,"card_attack":4},{"card_name":"Dire Wolf Alpha","card_health":2,"card_attack":4},{"card_name":"Mistress of Pain","card_health":4,"card_attack":1},{"card_name":"Imp","card_health":1,"card_attack":1}]},{"turn":13,"cards_played":["Flamestrike"],"current_player":"me","my_health":9,"opponent_health":20,"my_armor":0,"opponent_armor":0,"my_hand":4,"opponent_hand":2,"my_board":[],"opponent_board":[]},{"turn":14,"cards_played":["Life Tap","Voidwalker","Flame Imp"],"current_player":"opponent","my_health":9,"opponent_health":18,"my_armor":0,"opponent_armor":0,"my_hand":4,"opponent_hand":2,"my_board":[],"opponent_board":[{"card_name":"Flame Imp","card_health":2,"card_attack":3},{"card_name":"Voidwalker","card_health":3,"card_attack":1}]},{"turn":15,"cards_played":["Flamewaker","Sorcerer's Apprentice","Flamecannon","Mirror Image","Fireblast","Fireblast"],"current_player":"me","my_health":9,"opponent_health":13,"my_armor":0,"opponent_armor":0,"my_hand":1,"opponent_hand":2,"my_board":[{"card_name":"Flamewaker","card_health":4,"card_attack":2},{"card_name":"Sorcerer's Apprentice","card_health":2,"card_attack":3},{"card_name":"Mirror Image","card_health":2,"card_attack":0},{"card_name":"Mirror Image","card_health":2,"card_attack":0}],"opponent_board":[]},{"turn":16,"cards_played":["Life Tap","Void Terror","Power Overwhelming"],"current_player":"opponent","my_health":9,"opponent_health":11,"my_armor":0,"opponent_armor":0,"my_hand":1,"opponent_hand":2,"my_board":[{"card_name":"Flamewaker","card_health":4,"card_attack":2},{"card_name":"Sorcerer's Apprentice","card_health":2,"card_attack":3},{"card_name":"Mirror Image","card_health":2,"card_attack":0},{"card_name":"Mirror Image","card_health":2,"card_attack":0}],"opponent_board":[{"card_name":"Void Terror","card_health":3,"card_attack":3}]},{"turn":17,"cards_played":["Azure Drake"],"current_player":"me","my_health":9,"opponent_health":9,"my_armor":0,"opponent_armor":0,"my_hand":2,"opponent_hand":2,"my_board":[{"card_name":"Azure Drake","card_health":4,"card_attack":4},{"card_name":"Flamewaker","card_health":4,"card_attack":2},{"card_name":"Sorcerer's Apprentice","card_health":2,"card_attack":3},{"card_name":"Mirror Image","card_health":2,"card_attack":0},{"card_name":"Mirror Image","card_health":2,"card_attack":0}],"opponent_board":[{"card_name":"Void Terror","card_health":3,"card_attack":3}]}],"result":"victory"}