{"plays":[{"turn":1,"cards_played":[],"current_player":"opponent","my_health":30,"opponent_health":0,"my_armor":0,"opponent_armor":0,"my_hand":1,"opponent_hand":0,"my_board":[],"opponent_board":[]},{"turn":2,"cards_played":[],"current_player":"me","my_health":30,"opponent_health":30,"my_armor":0,"opponent_armor":0,"my_hand":6,"opponent_hand":4,"my_board":[],"opponent_board":[]},{"turn":3,"cards_played":["Shapeshift"],"current_player":"opponent","my_health":29,"opponent_health":30,"my_armor":0,"opponent_armor":1,"my_hand":6,"opponent_hand":5,"my_board":[],"opponent_board":[]},{"turn":4,"cards_played":["Knife Juggler"],"current_player":"me","my_health":29,"opponent_health":30,"my_armor":0,"opponent_armor":1,"my_hand":6,"opponent_hand":5,"my_board":[{"card_name":"Knife Juggler","card_health":2,"card_attack":3}],"opponent_board":[]},{"turn":5,"cards_played":["Wrath"],"current_player":"opponent","my_health":29,"opponent_health":30,"my_armor":0,"opponent_armor":1,"my_hand":6,"opponent_hand":5,"my_board":[],"opponent_board":[]},{"turn":6,"cards_played":["Animal Companion"],"current_player":"me","my_health":29,"opponent_health":27,"my_armor":0,"opponent_armor":0,"my_hand":6,"opponent_hand":5,"my_board":[{"card_name":"Huffer","card_health":2,"card_attack":4}],"opponent_board":[]},{"turn":7,"cards_played":["Shapeshift"],"current_player":"opponent","my_health":28,"opponent_health":27,"my_armor":0,"opponent_armor":1,"my_hand":6,"opponent_hand":6,"my_board":[{"card_name":"Huffer","card_health":2,"card_attack":4}],"opponent_board":[]},{"turn":8,"cards_played":["Eaglehorn Bow"],"current_player":"me","my_health":28,"opponent_health":21,"my_armor":0,"opponent_armor":0,"my_hand":6,"opponent_hand":6,"my_board":[{"card_name":"Huffer","card_health":2,"card_attack":4}],"opponent_board":[]},{"turn":9,"cards_played":["Druid of the Claw"],"current_player":"opponent","my_health":28,"opponent_health":21,"my_armor":0,"opponent_armor":0,"my_hand":6,"opponent_hand":6,"my_board":[{"card_name":"Huffer","card_health":2,"card_attack":4}],"opponent_board":[{"card_name":"Druid of the Claw","card_health":4,"card_attack":4},{"card_name":"Druid of the Claw","card_health":6,"card_attack":4}]},{"turn":10,"cards_played":["Ironbeak Owl"],"current_player":"me","my_health":28,"opponent_health":14,"my_armor":0,"opponent_armor":0,"my_hand":5,"opponent_hand":6,"my_board":[{"card_name":"Ironbeak Owl","card_health":1,"card_attack":2},{"card_name":"Huffer","card_health":2,"card_attack":4}],"opponent_board":[{"card_name":"Druid of the Claw","card_health":6,"card_attack":4}]},{"turn":11,"cards_played":["Swipe","Shapeshift"],"current_player":"opponent","my_health":26,"opponent_health":14,"my_armor":0,"opponent_armor":1,"my_hand":5,"opponent_hand":6,"my_board":[],"opponent_board":[{"card_name":"Druid of the Claw","card_health":3,"card_attack":4}]},{"turn":12,"cards_played":["The Coin","Dr. Boom"],"current_player":"me","my_health":26,"opponent_health":14,"my_armor":0,"opponent_armor":1,"my_hand":4,"opponent_hand":6,"my_board":[{"card_name":"Dr. Boom","card_health":7,"card_attack":7},{"card_name":"Boom Bot","card_health":1,"card_attack":1},{"card_name":"Boom Bot","card_health":1,"card_attack":1}],"opponent_board":[{"card_name":"Druid of the Claw","card_health":3,"card_attack":4}]},{"turn":13,"cards_played":["Swipe","Darnassus Aspirant"],"current_player":"opponent","my_health":25,"opponent_health":11,"my_armor":0,"opponent_armor":0,"my_hand":4,"opponent_hand":5,"my_board":[],"opponent_board":[{"card_name":"Darnassus Aspirant","card_health":3,"card_attack":2}]},{"turn":14,"cards_played":["Steady Shot","Eaglehorn Bow","Quick Shot"],"current_player":"me","my_health":25,"opponent_health":6,"my_armor":0,"opponent_armor":0,"my_hand":3,"opponent_hand":5,"my_board":[],"opponent_board":[{"card_name":"Darnassus Aspirant","card_health":3,"card_attack":2}]},{"turn":15,"cards_played":["Ancient of Lore","Shapeshift"],"current_player":"opponent","my_health":22,"opponent_health":8,"my_armor":0,"opponent_armor":1,"my_hand":3,"opponent_hand":5,"my_board":[],"opponent_board":[{"card_name":"Ancient of Lore","card_health":5,"card_attack":5},{"card_name":"Darnassus Aspirant","card_health":3,"card_attack":2}]},{"turn":16,"cards_played":["Unleash the Hounds","Kill Command","Steady Shot"],"current_player":"me","my_health":22,"opponent_health":1,"my_armor":0,"opponent_armor":0,"my_hand":2,"opponent_hand":5,"my_board":[{"card_name":"Hound","card_health":1,"card_attack":1},{"card_name":"Hound","card_health":1,"card_attack":1}],"opponent_board":[{"card_name":"Ancient of Lore","card_health":5,"card_attack":5},{"card_name":"Darnassus Aspirant","card_health":3,"card_attack":2}]}],"result":"victory"}