{"plays":[{"turn":1,"cards_played":[],"current_player":"opponent","my_health":30,"opponent_health":0,"my_armor":0,"opponent_armor":0,"my_hand":1,"opponent_hand":0,"my_board":[],"opponent_board":[]},{"turn":2,"cards_played":["Lowly Squire"],"current_player":"me","my_health":30,"opponent_health":30,"my_armor":0,"opponent_armor":0,"my_hand":5,"opponent_hand":4,"my_board":[{"card_name":"Lowly Squire","card_health":2,"card_attack":1}],"opponent_board":[]},{"turn":3,"cards_played":["Arcane Blast"],"current_player":"opponent","my_health":30,"opponent_health":30,"my_armor":0,"opponent_armor":0,"my_hand":5,"opponent_hand":4,"my_board":[],"opponent_board":[]},{"turn":4,"cards_played":["Amani Berserker"],"current_player":"me","my_health":30,"opponent_health":30,"my_armor":0,"opponent_armor":0,"my_hand":5,"opponent_hand":4,"my_board":[{"card_name":"Amani Berserker","card_health":3,"card_attack":2}],"opponent_board":[]},{"turn":5,"cards_played":["Injured Blademaster"],"current_player":"opponent","my_health":30,"opponent_health":30,"my_armor":0,"opponent_armor":0,"my_hand":5,"opponent_hand":4,"my_board":[{"card_name":"Amani Berserker","card_health":3,"card_attack":2}],"opponent_board":[{"card_name":"Injured Blademaster","card_health":7,"card_attack":4}]},{"turn":6,"cards_played":["Mana Wyrm","Fireblast","Fireblast"],"current_player":"me","my_health":30,"opponent_health":30,"my_armor":0,"opponent_armor":0,"my_hand":5,"opponent_hand":4,"my_board":[{"card_name":"Mana Wyrm","card_health":3,"card_attack":1}],"opponent_board":[]},{"turn":7,"cards_played":["Boneguard Lieutenant","Fireblast","Fireblast"],"current_player":"opponent","my_health":29,"opponent_health":30,"my_armor":0,"opponent_armor":0,"my_hand":5,"opponent_hand":4,"my_board":[{"card_name":"Mana Wyrm","card_health":3,"card_attack":1}],"opponent_board":[{"card_name":"Boneguard Lieutenant","card_health":2,"card_attack":3}]},{"turn":8,"cards_played":["The Coin","Bomb Lobber"],"current_player":"me","my_health":29,"opponent_health":28,"my_armor":0,"opponent_armor":0,"my_hand":4,"opponent_hand":4,"my_board":[{"card_name":"Bomb Lobber","card_health":3,"card_attack":3},{"card_name":"Mana Wyrm","card_health":3,"card_attack":2}],"opponent_board":[]},{"turn":9,"cards_played":["Argent Horserider","Fireblast","Fireblast"],"current_player":"opponent","my_health":29,"opponent_health":28,"my_armor":0,"opponent_armor":0,"my_hand":4,"opponent_hand":4,"my_board":[{"card_name":"Mana Wyrm","card_health":3,"card_attack":2}],"opponent_board":[{"card_name":"Argent Horserider","card_health":1,"card_attack":2}]},{"turn":10,"cards_played":["Flesheating Ghoul","Fireblast","Fireblast"],"current_player":"me","my_health":29,"opponent_health":26,"my_armor":0,"opponent_armor":0,"my_hand":4,"opponent_hand":4,"my_board":[{"card_name":"Mana Wyrm","card_health":3,"card_attack":2},{"card_name":"Flesheating Ghoul","card_health":3,"card_attack":3}],"opponent_board":[]},{"turn":11,"cards_played":["Flamewaker","Lowly Squire","Fireblast","Fireblast"],"current_player":"opponent","my_health":29,"opponent_health":26,"my_armor":0,"opponent_armor":0,"my_hand":4,"opponent_hand":3,"my_board":[{"card_name":"Mana Wyrm","card_health":2,"card_attack":2},{"card_name":"Flesheating Ghoul","card_health":3,"card_attack":3}],"opponent_board":[{"card_name":"Flamewaker","card_health":4,"card_attack":2},{"card_name":"Lowly Squire","card_health":2,"card_attack":1}]},{"turn":12,"cards_played":["Snowchugger","Mana Wyrm","Fireblast","Fireblast"],"current_player":"me","my_health":29,"opponent_health":25,"my_armor":0,"opponent_armor":0,"my_hand":3,"opponent_hand":3,"my_board":[{"card_name":"Snowchugger","card_health":3,"card_attack":2},{"card_name":"Flesheating Ghoul","card_health":1,"card_attack":6},{"card_name":"Mana Wyrm","card_health":3,"card_attack":1}],"opponent_board":[]},{"turn":13,"cards_played":["Fireblast","Fireblast","Explosive Sheep","Demolisher"],"current_player":"opponent","my_health":29,"opponent_health":25,"my_armor":0,"opponent_armor":0,"my_hand":3,"opponent_hand":2,"my_board":[{"card_name":"Snowchugger","card_health":3,"card_attack":2},{"card_name":"Mana Wyrm","card_health":3,"card_attack":1}],"opponent_board":[{"card_name":"Explosive Sheep","card_health":1,"card_attack":1},{"card_name":"Demolisher","card_health":4,"card_attack":1}]},{"turn":14,"cards_played":["Kvaldir Raider","Fireblast","Fireblast"],"current_player":"me","my_health":29,"opponent_health":24,"my_armor":0,"opponent_armor":0,"my_hand":3,"opponent_hand":2,"my_board":[{"card_name":"Kvaldir Raider","card_health":4,"card_attack":6},{"card_name":"Mana Wyrm","card_health":1,"card_attack":1}],"opponent_board":[]},{"turn":15,"cards_played":["Micro Machine","Goblin Blastmage","Fireblast","Fireblast"],"current_player":"me","my_health":27,"opponent_health":24,"my_armor":0,"opponent_armor":0,"my_hand":3,"opponent_hand":1,"my_board":[{"card_name":"Kvaldir Raider","card_health":2,"card_attack":6}],"opponent_board":[{"card_name":"Micro Machine","card_health":2,"card_attack":1},{"card_name":"Goblin Blastmage","card_health":4,"card_attack":5}]},{"turn":16,"cards_played":["Frost Elemental","Fireblast","Fireblast"],"current_player":"me","my_health":27,"opponent_health":23,"my_armor":0,"opponent_armor":0,"my_hand":3,"opponent_hand":1,"my_board":[{"card_name":"Frost Elemental","card_health":5,"card_attack":5},{"card_name":"Kvaldir Raider","card_health":2,"card_attack":8}],"opponent_board":[{"card_name":"Goblin Blastmage","card_health":4,"card_attack":5}]},{"turn":17,"cards_played":["Archmage","Sunfury Protector"],"current_player":"opponent","my_health":27,"opponent_health":23,"my_armor":0,"opponent_armor":0,"my_hand":3,"opponent_hand":0,"my_board":[{"card_name":"Frost Elemental","card_health":5,"card_attack":5},{"card_name":"Kvaldir Raider","card_health":2,"card_attack":8}],"opponent_board":[{"card_name":"Sunfury Protector","card_health":3,"card_attack":2},{"card_name":"Archmage","card_health":7,"card_attack":4},{"card_name":"Goblin Blastmage","card_health":4,"card_attack":5}]},{"turn":18,"cards_played":["Flamestrike","Fireblast"],"current_player":"me","my_health":27,"opponent_health":12,"my_armor":0,"opponent_armor":0,"my_hand":3,"opponent_hand":0,"my_board":[{"card_name":"Frost Elemental","card_health":1,"card_attack":5},{"card_name":"Kvaldir Raider","card_health":4,"card_attack":10}],"opponent_board":[]},{"turn":19,"cards_played":["Arcane Explosion","Fireblast"],"current_player":"opponent","my_health":27,"opponent_health":12,"my_armor":0,"opponent_armor":0,"my_hand":3,"opponent_hand":0,"my_board":[{"card_name":"Kvaldir Raider","card_health":2,"card_attack":10}],"opponent_board":[]},{"turn":20,"cards_played":["Fireblast","Fireblast"],"current_player":"me","my_health":26,"opponent_health":0,"my_armor":0,"opponent_armor":0,"my_hand":4,"opponent_hand":0,"my_board":[{"card_name":"Kvaldir Raider","card_health":4,"card_attack":12}],"opponent_board":[]}],"result":"victory"}