{"plays":[{"turn":1,"cards_played":[],"current_player":"opponent","my_health":30,"opponent_health":0,"my_armor":0,"opponent_armor":0,"my_hand":1,"opponent_hand":0,"my_board":[],"opponent_board":[]},{"turn":2,"cards_played":["The Coin","Haunted Creeper"],"current_player":"opponent","my_health":30,"opponent_health":30,"my_armor":0,"opponent_armor":0,"my_hand":4,"opponent_hand":4,"my_board":[],"opponent_board":[{"card_name":"Haunted Creeper","card_health":2,"card_attack":1}]},{"turn":3,"cards_played":["Sorcerer's Apprentice"],"current_player":"me","my_health":30,"opponent_health":30,"my_armor":0,"opponent_armor":0,"my_hand":4,"opponent_hand":4,"my_board":[{"card_name":"Sorcerer's Apprentice","card_health":2,"card_attack":3}],"opponent_board":[{"card_name":"Haunted Creeper","card_health":2,"card_attack":1}]},{"turn":4,"cards_played":["Glaivezooka"],"current_player":"opponent","my_health":28,"opponent_health":27,"my_armor":0,"opponent_armor":0,"my_hand":4,"opponent_hand":4,"my_board":[],"opponent_board":[{"card_name":"Haunted Creeper","card_health":2,"card_attack":2}]},{"turn":5,"cards_played":["Arcane Intellect"],"current_player":"me","my_health":28,"opponent_health":27,"my_armor":0,"opponent_armor":0,"my_hand":6,"opponent_hand":4,"my_board":[],"opponent_board":[{"card_name":"Haunted Creeper","card_health":2,"card_attack":2}]},{"turn":6,"cards_played":["Abusive Sergeant","Steady Shot"],"current_player":"opponent","my_health":20,"opponent_health":27,"my_armor":0,"opponent_armor":0,"my_hand":6,"opponent_hand":4,"my_board":[],"opponent_board":[{"card_name":"Abusive Sergeant","card_health":1,"card_attack":2},{"card_name":"Haunted Creeper","card_health":2,"card_attack":4}]},{"turn":7,"cards_played":["Flamewaker","Mirror Image"],"current_player":"me","my_health":20,"opponent_health":27,"my_armor":0,"opponent_armor":0,"my_hand":5,"opponent_hand":4,"my_board":[{"card_name":"Flamewaker","card_health":4,"card_attack":2},{"card_name":"Mirror Image","card_health":2,"card_attack":0},{"card_name":"Mirror Image","card_health":2,"card_attack":0}],"opponent_board":[{"card_name":"Abusive Sergeant","card_health":1,"card_attack":2},{"card_name":"Spectral Spider","card_health":1,"card_attack":1},{"card_name":"Spectral Spider","card_health":1,"card_attack":1}]},{"turn":8,"cards_played":["Eaglehorn Bow","Leper Gnome"],"current_player":"opponent","my_health":17,"opponent_health":27,"my_armor":0,"opponent_armor":0,"my_hand":5,"opponent_hand":3,"my_board":[{"card_name":"Flamewaker","card_health":4,"card_attack":2}],"opponent_board":[{"card_name":"Abusive Sergeant","card_health":1,"card_attack":2},{"card_name":"Leper Gnome","card_health":1,"card_attack":2},{"card_name":"Spectral Spider","card_health":1,"card_attack":1},{"card_name":"Spectral Spider","card_health":1,"card_attack":1}]},{"turn":9,"cards_played":["Arcane Missiles","Unstable Portal","Frostbolt"],"current_player":"me","my_health":15,"opponent_health":17,"my_armor":0,"opponent_armor":0,"my_hand":4,"opponent_hand":3,"my_board":[{"card_name":"Flamewaker","card_health":4,"card_attack":2}],"opponent_board":[]},{"turn":10,"cards_played":["Steady Shot"],"current_player":"opponent","my_health":13,"opponent_health":17,"my_armor":0,"opponent_armor":0,"my_hand":4,"opponent_hand":3,"my_board":[{"card_name":"Flamewaker","card_health":4,"card_attack":2}],"opponent_board":[]},{"turn":11,"cards_played":["Fireball","Mogu'shan Warden"],"current_player":"me","my_health":13,"opponent_health":9,"my_armor":0,"opponent_armor":0,"my_hand":4,"opponent_hand":3,"my_board":[{"card_name":"Mogu'shan Warden","card_health":7,"card_attack":1}],"opponent_board":[]},{"turn":12,"cards_played":["Savannah Highmane"],"current_player":"opponent","my_health":13,"opponent_health":8,"my_armor":0,"opponent_armor":0,"my_hand":4,"opponent_hand":3,"my_board":[{"card_name":"Mogu'shan Warden","card_health":4,"card_attack":1}],"opponent_board":[{"card_name":"Savannah Highmane","card_health":5,"card_attack":6}]},{"turn":13,"cards_played":["Flamewaker","Mirror Image"],"current_player":"me","my_health":13,"opponent_health":7,"my_armor":0,"opponent_armor":0,"my_hand":3,"opponent_hand":3,"my_board":[{"card_name":"Flamewaker","card_health":4,"card_attack":2},{"card_name":"Mogu'shan Warden","card_health":4,"card_attack":1},{"card_name":"Mirror Image","card_health":2,"card_attack":0},{"card_name":"Mirror Image","card_health":2,"card_attack":0}],"opponent_board":[{"card_name":"Savannah Highmane","card_health":3,"card_attack":6}]},{"turn":14,"cards_played":["Mad Scientist","Eaglehorn Bow","Steady Shot"],"current_player":"opponent","my_health":11,"opponent_health":7,"my_armor":0,"opponent_armor":0,"my_hand":3,"opponent_hand":2,"my_board":[{"card_name":"Flamewaker","card_health":4,"card_attack":2},{"card_name":"Mirror Image","card_health":2,"card_attack":0}],"opponent_board":[{"card_name":"Mad Scientist","card_health":2,"card_attack":2},{"card_name":"Savannah Highmane","card_health":2,"card_attack":6}]},{"turn":15,"cards_played":["Arcane Intellect","Flamewaker","Flamecannon"],"current_player":"me","my_health":11,"opponent_health":5,"my_armor":0,"opponent_armor":0,"my_hand":4,"opponent_hand":2,"my_board":[{"card_name":"Flamewaker","card_health":4,"card_attack":2},{"card_name":"Mirror Image","card_health":2,"card_attack":0}],"opponent_board":[{"card_name":"Hyena","card_health":2,"card_attack":2},{"card_name":"Hyena","card_health":1,"card_attack":2}]},{"turn":16,"cards_played":["Savannah Highmane","Steady Shot"],"current_player":"opponent","my_health":9,"opponent_health":5,"my_armor":0,"opponent_armor":0,"my_hand":4,"opponent_hand":2,"my_board":[],"opponent_board":[{"card_name":"Savannah Highmane","card_health":5,"card_attack":6}]},{"turn":17,"cards_played":["Azure Drake","Arcane Missiles","Fireblast","Fireblast"],"current_player":"me","my_health":9,"opponent_health":3,"my_armor":0,"opponent_armor":0,"my_hand":4,"opponent_hand":2,"my_board":[{"card_name":"Azure Drake","card_health":4,"card_attack":4}],"opponent_board":[{"card_name":"Savannah Highmane","card_health":2,"card_attack":6}]},{"turn":18,"cards_played":[],"current_player":"opponent","my_health":0,"opponent_health":3,"my_armor":0,"opponent_armor":0,"my_hand":4,"opponent_hand":3,"my_board":[{"card_name":"Azure Drake","card_health":4,"card_attack":4}],"opponent_board":[{"card_name":"Savannah Highmane","card_health":2,"card_attack":6}]}],"result":"defeat"}