{"plays":[{"turn":1,"cards_played":[],"current_player":"me","my_health":0,"opponent_health":30,"my_armor":0,"opponent_armor":0,"my_hand":0,"opponent_hand":1,"my_board":[],"opponent_board":[]},{"turn":2,"cards_played":["Lowly Squire","The Coin","Snowchugger"],"current_player":"me","my_health":30,"opponent_health":30,"my_armor":0,"opponent_armor":0,"my_hand":4,"opponent_hand":3,"my_board":[{"card_name":"Snowchugger","card_health":3,"card_attack":2}],"opponent_board":[{"card_name":"Lowly Squire","card_health":2,"card_attack":1}]},{"turn":3,"cards_played":["Fireblast","Fireblast"],"current_player":"opponent","my_health":30,"opponent_health":30,"my_armor":0,"opponent_armor":0,"my_hand":4,"opponent_hand":4,"my_board":[],"opponent_board":[]},{"turn":4,"cards_played":["Lowly Squire","Zombie Chow"],"current_player":"me","my_health":30,"opponent_health":30,"my_armor":0,"opponent_armor":0,"my_hand":3,"opponent_hand":4,"my_board":[{"card_name":"Zombie Chow","card_health":3,"card_attack":2},{"card_name":"Lowly Squire","card_health":2,"card_attack":1}],"opponent_board":[]},{"turn":5,"cards_played":["Bloodfen Raptor"],"current_player":"opponent","my_health":30,"opponent_health":30,"my_armor":0,"opponent_armor":0,"my_hand":3,"opponent_hand":4,"my_board":[{"card_name":"Zombie Chow","card_health":3,"card_attack":2},{"card_name":"Lowly Squire","card_health":2,"card_attack":1}],"opponent_board":[{"card_name":"Bloodfen Raptor","card_health":2,"card_attack":3}]},{"turn":6,"cards_played":["Fireblast","Fireblast"],"current_player":"me","my_health":30,"opponent_health":27,"my_armor":0,"opponent_armor":0,"my_hand":4,"opponent_hand":4,"my_board":[{"card_name":"Lowly Squire","card_health":2,"card_attack":2}],"opponent_board":[]},{"turn":7,"cards_played":["Fallen Hero","Fireblast","Fireblast"],"current_player":"opponent","my_health":30,"opponent_health":27,"my_armor":0,"opponent_armor":0,"my_hand":4,"opponent_hand":4,"my_board":[],"opponent_board":[{"card_name":"Fallen Hero","card_health":2,"card_attack":3}]},{"turn":8,"cards_played":["Amani Berserker","Fireblast"],"current_player":"me","my_health":30,"opponent_health":26,"my_armor":0,"opponent_armor":0,"my_hand":4,"opponent_hand":4,"my_board":[{"card_name":"Amani Berserker","card_health":3,"card_attack":2}],"opponent_board":[{"card_name":"Fallen Hero","card_health":2,"card_attack":3}]},{"turn":9,"cards_played":["Silver Hand Knight"],"current_player":"opponent","my_health":27,"opponent_health":26,"my_armor":0,"opponent_armor":0,"my_hand":4,"opponent_hand":4,"my_board":[{"card_name":"Amani Berserker","card_health":3,"card_attack":2}],"opponent_board":[{"card_name":"Fallen Hero","card_health":2,"card_attack":3},{"card_name":"Silver Hand Knight","card_health":4,"card_attack":4},{"card_name":"Squire","card_health":2,"card_attack":2}]},{"turn":10,"cards_played":["Bomb Lobber"],"current_player":"me","my_health":27,"opponent_health":26,"my_armor":0,"opponent_armor":0,"my_hand":4,"opponent_hand":4,"my_board":[{"card_name":"Bomb Lobber","card_health":3,"card_attack":3}],"opponent_board":[{"card_name":"Silver Hand Knight","card_health":4,"card_attack":4}]},{"turn":11,"cards_played":["Archmage"],"current_player":"opponent","my_health":27,"opponent_health":26,"my_armor":0,"opponent_armor":0,"my_hand":4,"opponent_hand":4,"my_board":[],"opponent_board":[{"card_name":"Archmage","card_health":7,"card_attack":4},{"card_name":"Silver Hand Knight","card_health":1,"card_attack":4}]},{"turn":12,"cards_played":["Mechanical Yeti","Fireblast","Fireblast"],"current_player":"me","my_health":27,"opponent_health":26,"my_armor":0,"opponent_armor":0,"my_hand":4,"opponent_hand":4,"my_board":[{"card_name":"Mechanical Yeti","card_health":5,"card_attack":4}],"opponent_board":[{"card_name":"Archmage","card_health":7,"card_attack":4}]},{"turn":13,"cards_played":["Dark Iron Dwarf","Reversing Switch","Sorcerer's Apprentice"],"current_player":"opponent","my_health":27,"opponent_health":26,"my_armor":0,"opponent_armor":0,"my_hand":5,"opponent_hand":3,"my_board":[],"opponent_board":[{"card_name":"Dark Iron Dwarf","card_health":4,"card_attack":4},{"card_name":"Sorcerer's Apprentice","card_health":2,"card_attack":3},{"card_name":"Archmage","card_health":6,"card_attack":3}]},{"turn":14,"cards_played":["Snowchugger","Goblin Blastmage"],"current_player":"me","my_health":27,"opponent_health":26,"my_armor":0,"opponent_armor":0,"my_hand":4,"opponent_hand":3,"my_board":[{"card_name":"Goblin Blastmage","card_health":4,"card_attack":5},{"card_name":"Snowchugger","card_health":3,"card_attack":2}],"opponent_board":[{"card_name":"Sorcerer's Apprentice","card_health":2,"card_attack":3},{"card_name":"Archmage","card_health":6,"card_attack":3}]},{"turn":15,"cards_played":["Flamewaker","Enhance-o Mechano"],"current_player":"opponent","my_health":21,"opponent_health":26,"my_armor":0,"opponent_armor":0,"my_hand":4,"opponent_hand":2,"my_board":[{"card_name":"Goblin Blastmage","card_health":4,"card_attack":5}],"opponent_board":[{"card_name":"Flamewaker","card_health":4,"card_attack":2},{"card_name":"Enhance-o Mechano","card_health":2,"card_attack":3},{"card_name":"Sorcerer's Apprentice","card_health":2,"card_attack":3},{"card_name":"Archmage","card_health":4,"card_attack":3}]},{"turn":16,"cards_played":["Silver Hand Knight","Leper Gnome","Fireblast","Fireblast"],"current_player":"me","my_health":21,"opponent_health":26,"my_armor":0,"opponent_armor":0,"my_hand":3,"opponent_hand":2,"my_board":[{"card_name":"Leper Gnome","card_health":1,"card_attack":2},{"card_name":"Silver Hand Knight","card_health":4,"card_attack":4},{"card_name":"Goblin Blastmage","card_health":1,"card_attack":5},{"card_name":"Squire","card_health":2,"card_attack":2}],"opponent_board":[{"card_name":"Flamewaker","card_health":4,"card_attack":2},{"card_name":"Enhance-o Mechano","card_health":2,"card_attack":3},{"card_name":"Sorcerer's Apprentice","card_health":2,"card_attack":3}]},{"turn":17,"cards_played":["Flamestrike","Fireblast","Fireblast"],"current_player":"opponent","my_health":7,"opponent_health":24,"my_armor":0,"opponent_armor":0,"my_hand":3,"opponent_hand":2,"my_board":[],"opponent_board":[{"card_name":"Flamewaker","card_health":4,"card_attack":2},{"card_name":"Enhance-o Mechano","card_health":2,"card_attack":3},{"card_name":"Sorcerer's Apprentice","card_health":2,"card_attack":3}]},{"turn":18,"cards_played":[],"current_player":"me","my_health":7,"opponent_health":24,"my_armor":0,"opponent_armor":0,"my_hand":4,"opponent_hand":2,"my_board":[],"opponent_board":[{"card_name":"Flamewaker","card_health":4,"card_attack":2},{"card_name":"Enhance-o Mechano","card_health":2,"card_attack":3},{"card_name":"Sorcerer's Apprentice","card_health":2,"card_attack":3}]}],"result":"defeat"}