{"plays":[{"turn":1,"cards_played":[],"current_player":"opponent","my_health":30,"opponent_health":0,"my_armor":0,"opponent_armor":0,"my_hand":1,"opponent_hand":0,"my_board":[],"opponent_board":[]},{"turn":2,"cards_played":[],"current_player":"opponent","my_health":30,"opponent_health":30,"my_armor":0,"opponent_armor":0,"my_hand":4,"opponent_hand":6,"my_board":[],"opponent_board":[]},{"turn":3,"cards_played":["Boneguard Lieutenant"],"current_player":"me","my_health":30,"opponent_health":30,"my_armor":0,"opponent_armor":0,"my_hand":4,"opponent_hand":6,"my_board":[{"card_name":"Boneguard Lieutenant","card_health":2,"card_attack":3}],"opponent_board":[]},{"turn":4,"cards_played":["Mad Bomber"],"current_player":"opponent","my_health":29,"opponent_health":30,"my_armor":0,"opponent_armor":0,"my_hand":4,"opponent_hand":6,"my_board":[],"opponent_board":[{"card_name":"Mad Bomber","card_health":2,"card_attack":3}]},{"turn":5,"cards_played":["Snowchugger","Arcane Blast"],"current_player":"me","my_health":29,"opponent_health":30,"my_armor":0,"opponent_armor":0,"my_hand":3,"opponent_hand":6,"my_board":[{"card_name":"Snowchugger","card_health":3,"card_attack":2}],"opponent_board":[]},{"turn":6,"cards_played":["The Coin","Burly Rockjaw Trogg"],"current_player":"opponent","my_health":29,"opponent_health":30,"my_armor":0,"opponent_armor":0,"my_hand":3,"opponent_hand":5,"my_board":[{"card_name":"Snowchugger","card_health":3,"card_attack":2}],"opponent_board":[{"card_name":"Burly Rockjaw Trogg","card_health":5,"card_attack":3}]},{"turn":7,"cards_played":["Acolyte of Pain"],"current_player":"me","my_health":29,"opponent_health":28,"my_armor":0,"opponent_armor":0,"my_hand":3,"opponent_hand":5,"my_board":[{"card_name":"Snowchugger","card_health":3,"card_attack":2},{"card_name":"Acolyte of Pain","card_health":3,"card_attack":1}],"opponent_board":[{"card_name":"Burly Rockjaw Trogg","card_health":5,"card_attack":3}]},{"turn":8,"cards_played":["Shielded Minibot","Reinforce"],"current_player":"opponent","my_health":29,"opponent_health":28,"my_armor":0,"opponent_armor":0,"my_hand":4,"opponent_hand":5,"my_board":[{"card_name":"Snowchugger","card_health":3,"card_attack":2}],"opponent_board":[{"card_name":"Burly Rockjaw Trogg","card_health":4,"card_attack":3},{"card_name":"Shielded Minibot","card_health":2,"card_attack":2},{"card_name":"Silver Hand Recruit","card_health":1,"card_attack":1}]},{"turn":9,"cards_played":["Soot Spewer","Frostbolt"],"current_player":"me","my_health":29,"opponent_health":26,"my_armor":0,"opponent_armor":0,"my_hand":3,"opponent_hand":5,"my_board":[{"card_name":"Snowchugger","card_health":3,"card_attack":2},{"card_name":"Soot Spewer","card_health":3,"card_attack":3}],"opponent_board":[{"card_name":"Shielded Minibot","card_health":2,"card_attack":2},{"card_name":"Silver Hand Recruit","card_health":1,"card_attack":1}]},{"turn":10,"cards_played":["Saboteur","Reinforce"],"current_player":"opponent","my_health":29,"opponent_health":26,"my_armor":0,"opponent_armor":0,"my_hand":3,"opponent_hand":5,"my_board":[{"card_name":"Snowchugger","card_health":3,"card_attack":2}],"opponent_board":[{"card_name":"Saboteur","card_health":3,"card_attack":4},{"card_name":"Shielded Minibot","card_health":2,"card_attack":2},{"card_name":"Silver Hand Recruit","card_health":1,"card_attack":1}]},{"turn":11,"cards_played":["Hungry Dragon"],"current_player":"me","my_health":29,"opponent_health":26,"my_armor":0,"opponent_armor":0,"my_hand":3,"opponent_hand":5,"my_board":[{"card_name":"Snowchugger","card_health":1,"card_attack":2},{"card_name":"Hungry Dragon","card_health":6,"card_attack":5}],"opponent_board":[{"card_name":"Saboteur","card_health":3,"card_attack":4},{"card_name":"Silver Hand Recruit","card_health":1,"card_attack":1},{"card_name":"Southsea Deckhand","card_health":1,"card_attack":2}]},{"turn":12,"cards_played":["Aldor Peacekeeper","Reinforce"],"current_player":"opponent","my_health":29,"opponent_health":26,"my_armor":0,"opponent_armor":0,"my_hand":3,"opponent_hand":5,"my_board":[],"opponent_board":[{"card_name":"Saboteur","card_health":2,"card_attack":4},{"card_name":"Aldor Peacekeeper","card_health":3,"card_attack":3},{"card_name":"Silver Hand Recruit","card_health":1,"card_attack":1}]},{"turn":13,"cards_played":["Spider Tank","Cone of Cold"],"current_player":"me","my_health":29,"opponent_health":26,"my_armor":0,"opponent_armor":0,"my_hand":2,"opponent_hand":5,"my_board":[{"card_name":"Spider Tank","card_health":4,"card_attack":3}],"opponent_board":[{"card_name":"Saboteur","card_health":1,"card_attack":4},{"card_name":"Aldor Peacekeeper","card_health":2,"card_attack":3}]},{"turn":14,"cards_played":["Ironbeak Owl","Venture Co. Mercenary"],"current_player":"opponent","my_health":29,"opponent_health":26,"my_armor":0,"opponent_armor":0,"my_hand":2,"opponent_hand":4,"my_board":[],"opponent_board":[{"card_name":"Ironbeak Owl","card_health":1,"card_attack":2},{"card_name":"Aldor Peacekeeper","card_health":2,"card_attack":3},{"card_name":"Venture Co. Mercenary","card_health":6,"card_attack":7}]},{"turn":15,"cards_played":["Fireblast","Fireblast","Fireball"],"current_player":"me","my_health":29,"opponent_health":26,"my_armor":0,"opponent_armor":0,"my_hand":2,"opponent_hand":4,"my_board":[],"opponent_board":[{"card_name":"Aldor Peacekeeper","card_health":2,"card_attack":3}]},{"turn":16,"cards_played":["Recruiter","Reinforce"],"current_player":"opponent","my_health":26,"opponent_health":26,"my_armor":0,"opponent_armor":0,"my_hand":2,"opponent_hand":4,"my_board":[],"opponent_board":[{"card_name":"Recruiter","card_health":4,"card_attack":5},{"card_name":"Aldor Peacekeeper","card_health":2,"card_attack":3},{"card_name":"Silver Hand Recruit","card_health":1,"card_attack":1}]},{"turn":17,"cards_played":["Flamestrike","Fireblast","Fireblast"],"current_player":"me","my_health":26,"opponent_health":25,"my_armor":0,"opponent_armor":0,"my_hand":2,"opponent_hand":4,"my_board":[],"opponent_board":[]},{"turn":18,"cards_played":["Squire","Venture Co. Mercenary","Reinforce"],"current_player":"opponent","my_health":26,"opponent_health":25,"my_armor":0,"opponent_armor":0,"my_hand":2,"opponent_hand":3,"my_board":[],"opponent_board":[{"card_name":"Venture Co. Mercenary","card_health":6,"card_attack":7},{"card_name":"Squire","card_health":2,"card_attack":2},{"card_name":"Silver Hand Recruit","card_health":1,"card_attack":1}]},{"turn":19,"cards_played":["Water Elemental","Fireball","Fireblast","Fireblast"],"current_player":"me","my_health":26,"opponent_health":25,"my_armor":0,"opponent_armor":0,"my_hand":1,"opponent_hand":3,"my_board":[{"card_name":"Water Elemental","card_health":1,"card_attack":3}],"opponent_board":[{"card_name":"Squire","card_health":2,"card_attack":2}]},{"turn":20,"cards_played":["Reinforce","Frostwolf Warlord"],"current_player":"opponent","my_health":26,"opponent_health":25,"my_armor":0,"opponent_armor":0,"my_hand":1,"opponent_hand":3,"my_board":[],"opponent_board":[{"card_name":"Frostwolf Warlord","card_health":6,"card_attack":6},{"card_name":"Silver Hand Recruit","card_health":1,"card_attack":1}]},{"turn":21,"cards_played":["Polymorph","Fireblast","Fireblast"],"current_player":"me","my_health":26,"opponent_health":25,"my_armor":0,"opponent_armor":0,"my_hand":1,"opponent_hand":3,"my_board":[],"opponent_board":[{"card_name":"Sheep","card_health":1,"card_attack":1}]},{"turn":22,"cards_played":["Reinforce","Cult Master"],"current_player":"opponent","my_health":25,"opponent_health":25,"my_armor":0,"opponent_armor":0,"my_hand":1,"opponent_hand":3,"my_board":[],"opponent_board":[{"card_name":"Cult Master","card_health":2,"card_attack":4},{"card_name":"Sheep","card_health":1,"card_attack":1},{"card_name":"Silver Hand Recruit","card_health":1,"card_attack":1}]},{"turn":23,"cards_played":["North Sea Kraken"],"current_player":"me","my_health":25,"opponent_health":25,"my_armor":0,"opponent_armor":0,"my_hand":1,"opponent_hand":3,"my_board":[{"card_name":"North Sea Kraken","card_health":7,"card_attack":9}],"opponent_board":[{"card_name":"Sheep","card_health":1,"card_attack":1},{"card_name":"Silver Hand Recruit","card_health":1,"card_attack":1}]},{"turn":24,"cards_played":["Equality","Reinforce","Truesilver Champion"],"current_player":"opponent","my_health":24,"opponent_health":25,"my_armor":0,"opponent_armor":0,"my_hand":1,"opponent_hand":2,"my_board":[],"opponent_board":[{"card_name":"Silver Hand Recruit","card_health":1,"card_attack":1},{"card_name":"Silver Hand Recruit","card_health":1,"card_attack":1}]},{"turn":25,"cards_played":["Sludge Belcher","Fencing Coach","Fireblast","Fireblast"],"current_player":"me","my_health":24,"opponent_health":25,"my_armor":0,"opponent_armor":0,"my_hand":0,"opponent_hand":2,"my_board":[{"card_name":"Fencing Coach","card_health":2,"card_attack":2},{"card_name":"Sludge Belcher","card_health":5,"card_attack":3}],"opponent_board":[{"card_name":"Silver Hand Recruit","card_health":1,"card_attack":1}]},{"turn":26,"cards_played":["North Sea Kraken"],"current_player":"opponent","my_health":24,"opponent_health":24,"my_armor":0,"opponent_armor":0,"my_hand":0,"opponent_hand":2,"my_board":[{"card_name":"Slime","card_health":2,"card_attack":1}],"opponent_board":[{"card_name":"North Sea Kraken","card_health":7,"card_attack":9}]},{"turn":27,"cards_played":["Fireblast","Fireblast"],"current_player":"me","my_health":24,"opponent_health":22,"my_armor":0,"opponent_armor":0,"my_hand":1,"opponent_hand":2,"my_board":[{"card_name":"Slime","card_health":2,"card_attack":1}],"opponent_board":[{"card_name":"North Sea Kraken","card_health":7,"card_attack":9}]},{"turn":28,"cards_played":["Annoy-o-Tron","Harvest Golem"],"current_player":"opponent","my_health":15,"opponent_health":23,"my_armor":0,"opponent_armor":0,"my_hand":1,"opponent_hand":1,"my_board":[],"opponent_board":[{"card_name":"Annoy-o-Tron","card_health":2,"card_attack":1},{"card_name":"North Sea Kraken","card_health":7,"card_attack":9},{"card_name":"Harvest Golem","card_health":3,"card_attack":2}]},{"turn":29,"cards_played":["Toshley","Fireblast","Fireblast"],"current_player":"me","my_health":15,"opponent_health":23,"my_armor":0,"opponent_armor":0,"my_hand":2,"opponent_hand":1,"my_board":[{"card_name":"Toshley","card_health":7,"card_attack":5}],"opponent_board":[{"card_name":"Annoy-o-Tron","card_health":2,"card_attack":1},{"card_name":"North Sea Kraken","card_health":7,"card_attack":9},{"card_name":"Harvest Golem","card_health":3,"card_attack":2}]},{"turn":30,"cards_played":["Seal of Champions"],"current_player":"opponent","my_health":0,"opponent_health":23,"my_armor":0,"opponent_armor":0,"my_hand":2,"opponent_hand":1,"my_board":[{"card_name":"Toshley","card_health":7,"card_attack":5}],"opponent_board":[{"card_name":"Annoy-o-Tron","card_health":2,"card_attack":1},{"card_name":"North Sea Kraken","card_health":7,"card_attack":12},{"card_name":"Harvest Golem","card_health":3,"card_attack":2}]}],"result":"defeat"}