{"plays":[{"turn":1,"cards_played":[],"current_player":"me","my_health":0,"opponent_health":30,"my_armor":0,"opponent_armor":0,"my_hand":0,"opponent_hand":1,"my_board":[],"opponent_board":[]},{"turn":2,"cards_played":["Zombie Chow"],"current_player":"opponent","my_health":30,"opponent_health":30,"my_armor":0,"opponent_armor":0,"my_hand":4,"opponent_hand":5,"my_board":[],"opponent_board":[{"card_name":"Zombie Chow","card_health":3,"card_attack":2}]},{"turn":3,"cards_played":["Mad Scientist"],"current_player":"me","my_health":30,"opponent_health":30,"my_armor":0,"opponent_armor":0,"my_hand":4,"opponent_hand":5,"my_board":[{"card_name":"Mad Scientist","card_health":2,"card_attack":2}],"opponent_board":[{"card_name":"Zombie Chow","card_health":3,"card_attack":2}]},{"turn":4,"cards_played":["The Coin","Feral Spirit"],"current_player":"opponent","my_health":30,"opponent_health":30,"my_armor":0,"opponent_armor":0,"my_hand":4,"opponent_hand":4,"my_board":[],"opponent_board":[{"card_name":"Zombie Chow","card_health":1,"card_attack":2},{"card_name":"Spirit Wolf","card_health":3,"card_attack":2},{"card_name":"Spirit Wolf","card_health":3,"card_attack":2}]},{"turn":5,"cards_played":["Fireblast","Fireblast"],"current_player":"me","my_health":30,"opponent_health":30,"my_armor":0,"opponent_armor":0,"my_hand":5,"opponent_hand":4,"my_board":[],"opponent_board":[{"card_name":"Spirit Wolf","card_health":3,"card_attack":2},{"card_name":"Spirit Wolf","card_health":3,"card_attack":2}]},{"turn":6,"cards_played":[],"current_player":"opponent","my_health":26,"opponent_health":30,"my_armor":0,"opponent_armor":0,"my_hand":5,"opponent_hand":5,"my_board":[],"opponent_board":[{"card_name":"Spirit Wolf","card_health":3,"card_attack":2},{"card_name":"Spirit Wolf","card_health":3,"card_attack":2}]},{"turn":7,"cards_played":["Mana Wyrm","Frostbolt"],"current_player":"me","my_health":26,"opponent_health":30,"my_armor":0,"opponent_armor":0,"my_hand":4,"opponent_hand":5,"my_board":[{"card_name":"Mana Wyrm","card_health":3,"card_attack":2}],"opponent_board":[{"card_name":"Spirit Wolf","card_health":3,"card_attack":2}]},{"turn":8,"cards_played":["Rockbiter Weapon","Feral Spirit"],"current_player":"opponent","my_health":24,"opponent_health":28,"my_armor":0,"opponent_armor":0,"my_hand":4,"opponent_hand":4,"my_board":[],"opponent_board":[{"card_name":"Spirit Wolf","card_health":3,"card_attack":2},{"card_name":"Spirit Wolf","card_health":3,"card_attack":2},{"card_name":"Spirit Wolf","card_health":3,"card_attack":2}]},{"turn":9,"cards_played":["Azure Drake"],"current_player":"me","my_health":24,"opponent_health":28,"my_armor":0,"opponent_armor":0,"my_hand":5,"opponent_hand":4,"my_board":[{"card_name":"Azure Drake","card_health":4,"card_attack":4}],"opponent_board":[{"card_name":"Spirit Wolf","card_health":3,"card_attack":2},{"card_name":"Spirit Wolf","card_health":3,"card_attack":2},{"card_name":"Spirit Wolf","card_health":3,"card_attack":2}]},{"turn":10,"cards_played":["Hex"],"current_player":"opponent","my_health":20,"opponent_health":28,"my_armor":0,"opponent_armor":0,"my_hand":5,"opponent_hand":4,"my_board":[],"opponent_board":[{"card_name":"Spirit Wolf","card_health":3,"card_attack":2},{"card_name":"Spirit Wolf","card_health":3,"card_attack":2},{"card_name":"Spirit Wolf","card_health":3,"card_attack":2}]},{"turn":11,"cards_played":["Arcane Intellect","Arcane Intellect"],"current_player":"me","my_health":20,"opponent_health":28,"my_armor":0,"opponent_armor":0,"my_hand":8,"opponent_hand":4,"my_board":[],"opponent_board":[{"card_name":"Spirit Wolf","card_health":3,"card_attack":2},{"card_name":"Spirit Wolf","card_health":3,"card_attack":2},{"card_name":"Spirit Wolf","card_health":3,"card_attack":2}]},{"turn":12,"cards_played":["Totemic Call"],"current_player":"opponent","my_health":14,"opponent_health":28,"my_armor":0,"opponent_armor":0,"my_hand":8,"opponent_hand":5,"my_board":[],"opponent_board":[{"card_name":"Spirit Wolf","card_health":3,"card_attack":2},{"card_name":"Spirit Wolf","card_health":3,"card_attack":2},{"card_name":"Spirit Wolf","card_health":3,"card_attack":2},{"card_name":"Searing Totem","card_health":1,"card_attack":1}]},{"turn":13,"cards_played":["Flamestrike"],"current_player":"me","my_health":14,"opponent_health":28,"my_armor":0,"opponent_armor":0,"my_hand":8,"opponent_hand":5,"my_board":[],"opponent_board":[]},{"turn":14,"cards_played":["Doomhammer","Totemic Call"],"current_player":"opponent","my_health":10,"opponent_health":28,"my_armor":0,"opponent_armor":0,"my_hand":8,"opponent_hand":5,"my_board":[],"opponent_board":[{"card_name":"Stoneclaw Totem","card_health":2,"card_attack":0}]},{"turn":15,"cards_played":["Azure Drake","Mana Wyrm","Arcane Missiles"],"current_player":"me","my_health":10,"opponent_health":28,"my_armor":0,"opponent_armor":0,"my_hand":7,"opponent_hand":5,"my_board":[{"card_name":"Azure Drake","card_health":4,"card_attack":4},{"card_name":"Mana Wyrm","card_health":3,"card_attack":1}],"opponent_board":[{"card_name":"Stoneclaw Totem","card_health":2,"card_attack":0}]},{"turn":16,"cards_played":["Totemic Call","Defender of Argus"],"current_player":"opponent","my_health":5,"opponent_health":25,"my_armor":0,"opponent_armor":0,"my_hand":7,"opponent_hand":5,"my_board":[{"card_name":"Azure Drake","card_health":4,"card_attack":4},{"card_name":"Mana Wyrm","card_health":3,"card_attack":2},{"card_name":"Defender of Argus","card_health":3,"card_attack":2}],"opponent_board":[{"card_name":"Defender of Argus","card_health":3,"card_attack":2},{"card_name":"Stoneclaw Totem","card_health":2,"card_attack":1},{"card_name":"Healing Totem","card_health":3,"card_attack":1}]},{"turn":17,"cards_played":["Fireblast","Fireblast","Sorcerer's Apprentice","Flamecannon","Mad Scientist"],"current_player":"me","my_health":5,"opponent_health":23,"my_armor":0,"opponent_armor":0,"my_hand":4,"opponent_hand":5,"my_board":[{"card_name":"Azure Drake","card_health":3,"card_attack":4},{"card_name":"Sorcerer's Apprentice","card_health":2,"card_attack":3},{"card_name":"Mana Wyrm","card_health":2,"card_attack":4},{"card_name":"Mad Scientist","card_health":2,"card_attack":2},{"card_name":"Defender of Argus","card_health":3,"card_attack":2}],"opponent_board":[]},{"turn":18,"cards_played":["Mana Tide Totem","Totem Golem","Hex"],"current_player":"opponent","my_health":3,"opponent_health":20,"my_armor":0,"opponent_armor":0,"my_hand":4,"opponent_hand":4,"my_board":[{"card_name":"Azure Drake","card_health":3,"card_attack":4},{"card_name":"Mana Wyrm","card_health":2,"card_attack":4},{"card_name":"Mad Scientist","card_health":2,"card_attack":2},{"card_name":"Defender of Argus","card_health":3,"card_attack":2}],"opponent_board":[{"card_name":"Totem Golem","card_health":4,"card_attack":3},{"card_name":"Mana Tide Totem","card_health":3,"card_attack":0}]},{"turn":19,"cards_played":["Pyroblast"],"current_player":"me","my_health":3,"opponent_health":-3,"my_armor":0,"opponent_armor":0,"my_hand":4,"opponent_hand":4,"my_board":[{"card_name":"Azure Drake","card_health":3,"card_attack":4},{"card_name":"Mana Wyrm","card_health":2,"card_attack":5},{"card_name":"Mad Scientist","card_health":2,"card_attack":2},{"card_name":"Defender of Argus","card_health":3,"card_attack":2}],"opponent_board":[{"card_name":"Totem Golem","card_health":4,"card_attack":3},{"card_name":"Mana Tide Totem","card_health":3,"card_attack":0}]}],"result":"victory"}