{"plays":[{"turn":1,"cards_played":[],"current_player":"opponent","my_health":30,"opponent_health":0,"my_armor":0,"opponent_armor":0,"my_hand":1,"opponent_hand":0,"my_board":[],"opponent_board":[]},{"turn":2,"cards_played":[],"current_player":"me","my_health":30,"opponent_health":30,"my_armor":0,"opponent_armor":0,"my_hand":6,"opponent_hand":4,"my_board":[],"opponent_board":[]},{"turn":3,"cards_played":["Shielded Minibot"],"current_player":"opponent","my_health":30,"opponent_health":30,"my_armor":0,"opponent_armor":0,"my_hand":6,"opponent_hand":4,"my_board":[],"opponent_board":[{"card_name":"Shielded Minibot","card_health":2,"card_attack":2}]},{"turn":4,"cards_played":["Fireblast","Fireblast"],"current_player":"me","my_health":30,"opponent_health":30,"my_armor":0,"opponent_armor":0,"my_hand":7,"opponent_hand":4,"my_board":[],"opponent_board":[{"card_name":"Shielded Minibot","card_health":2,"card_attack":2}]},{"turn":5,"cards_played":["Reinforce"],"current_player":"opponent","my_health":28,"opponent_health":30,"my_armor":0,"opponent_armor":0,"my_hand":7,"opponent_hand":5,"my_board":[],"opponent_board":[{"card_name":"Shielded Minibot","card_health":2,"card_attack":2},{"card_name":"Silver Hand Recruit","card_health":1,"card_attack":1}]},{"turn":6,"cards_played":["Flamewaker","The Coin","Mirror Image"],"current_player":"me","my_health":28,"opponent_health":29,"my_armor":0,"opponent_armor":0,"my_hand":5,"opponent_hand":5,"my_board":[{"card_name":"Flamewaker","card_health":4,"card_attack":2},{"card_name":"Mirror Image","card_health":2,"card_attack":0},{"card_name":"Mirror Image","card_health":2,"card_attack":0}],"opponent_board":[{"card_name":"Shielded Minibot","card_health":2,"card_attack":2}]},{"turn":7,"cards_played":["Muster for Battle"],"current_player":"opponent","my_health":28,"opponent_health":27,"my_armor":0,"opponent_armor":0,"my_hand":5,"opponent_hand":5,"my_board":[{"card_name":"Flamewaker","card_health":4,"card_attack":2},{"card_name":"Mirror Image","card_health":1,"card_attack":0}],"opponent_board":[{"card_name":"Shielded Minibot","card_health":2,"card_attack":2},{"card_name":"Silver Hand Recruit","card_health":1,"card_attack":1},{"card_name":"Silver Hand Recruit","card_health":1,"card_attack":1},{"card_name":"Silver Hand Recruit","card_health":1,"card_attack":1}]},{"turn":8,"cards_played":["Sorcerer's Apprentice","Arcane Intellect"],"current_player":"me","my_health":28,"opponent_health":27,"my_armor":0,"opponent_armor":0,"my_hand":6,"opponent_hand":5,"my_board":[{"card_name":"Sorcerer's Apprentice","card_health":2,"card_attack":3},{"card_name":"Flamewaker","card_health":2,"card_attack":2},{"card_name":"Mirror Image","card_health":1,"card_attack":0}],"opponent_board":[{"card_name":"Silver Hand Recruit","card_health":1,"card_attack":1}]},{"turn":9,"cards_played":["Truesilver Champion"],"current_player":"opponent","my_health":28,"opponent_health":27,"my_armor":0,"opponent_armor":0,"my_hand":6,"opponent_hand":5,"my_board":[{"card_name":"Sorcerer's Apprentice","card_health":2,"card_attack":3}],"opponent_board":[{"card_name":"Silver Hand Recruit","card_health":1,"card_attack":1}]},{"turn":10,"cards_played":["Unstable Portal","Bloodsail Raider","Fireblast","Fireblast","Frostbolt"],"current_player":"me","my_health":28,"opponent_health":24,"my_armor":0,"opponent_armor":0,"my_hand":5,"opponent_hand":5,"my_board":[{"card_name":"Sorcerer's Apprentice","card_health":2,"card_attack":3},{"card_name":"Bloodsail Raider","card_health":3,"card_attack":2}],"opponent_board":[]},{"turn":11,"cards_played":["Harrison Jones"],"current_player":"opponent","my_health":28,"opponent_health":21,"my_armor":0,"opponent_armor":0,"my_hand":5,"opponent_hand":5,"my_board":[{"card_name":"Sorcerer's Apprentice","card_health":2,"card_attack":3},{"card_name":"Bloodsail Raider","card_health":3,"card_attack":2}],"opponent_board":[{"card_name":"Harrison Jones","card_health":4,"card_attack":5}]},{"turn":12,"cards_played":["Flamecannon","Fireball"],"current_player":"me","my_health":28,"opponent_health":10,"my_armor":0,"opponent_armor":0,"my_hand":3,"opponent_hand":5,"my_board":[{"card_name":"Sorcerer's Apprentice","card_health":2,"card_attack":3},{"card_name":"Bloodsail Raider","card_health":3,"card_attack":2}],"opponent_board":[]},{"turn":13,"cards_played":["Knife Juggler","Reinforce","Aldor Peacekeeper"],"current_player":"opponent","my_health":28,"opponent_health":9,"my_armor":0,"opponent_armor":0,"my_hand":3,"opponent_hand":4,"my_board":[{"card_name":"Sorcerer's Apprentice","card_health":2,"card_attack":3},{"card_name":"Bloodsail Raider","card_health":2,"card_attack":2}],"opponent_board":[{"card_name":"Knife Juggler","card_health":2,"card_attack":3},{"card_name":"Aldor Peacekeeper","card_health":3,"card_attack":3},{"card_name":"Silver Hand Recruit","card_health":1,"card_attack":1}]},{"turn":14,"cards_played":["Mana Wyrm","Arcane Missiles","Fireblast","Fireblast"],"current_player":"me","my_health":28,"opponent_health":8,"my_armor":0,"opponent_armor":0,"my_hand":1,"opponent_hand":4,"my_board":[{"card_name":"Sorcerer's Apprentice","card_health":1,"card_attack":1},{"card_name":"Mana Wyrm","card_health":3,"card_attack":2}],"opponent_board":[]},{"turn":15,"cards_played":["Tirion Fordring"],"current_player":"opponent","my_health":28,"opponent_health":8,"my_armor":0,"opponent_armor":0,"my_hand":1,"opponent_hand":4,"my_board":[{"card_name":"Sorcerer's Apprentice","card_health":1,"card_attack":1},{"card_name":"Mana Wyrm","card_health":3,"card_attack":3}],"opponent_board":[{"card_name":"Tirion Fordring","card_health":6,"card_attack":6}]},{"turn":16,"cards_played":["Fireblast","Fireblast","Flamewaker"],"current_player":"me","my_health":28,"opponent_health":8,"my_armor":0,"opponent_armor":0,"my_hand":1,"opponent_hand":4,"my_board":[{"card_name":"Flamewaker","card_health":4,"card_attack":2},{"card_name":"Sorcerer's Apprentice","card_health":1,"card_attack":1},{"card_name":"Mana Wyrm","card_health":3,"card_attack":3}],"opponent_board":[{"card_name":"Tirion Fordring","card_health":6,"card_attack":6}]},{"turn":17,"cards_played":["Truesilver Champion","Reinforce"],"current_player":"opponent","my_health":28,"opponent_health":8,"my_armor":0,"opponent_armor":0,"my_hand":1,"opponent_hand":4,"my_board":[{"card_name":"Sorcerer's Apprentice","card_health":1,"card_attack":1}],"opponent_board":[{"card_name":"Tirion Fordring","card_health":3,"card_attack":6},{"card_name":"Silver Hand Recruit","card_health":1,"card_attack":1}]},{"turn":18,"cards_played":["Pyroblast"],"current_player":"me","my_health":28,"opponent_health":-2,"my_armor":0,"opponent_armor":0,"my_hand":1,"opponent_hand":4,"my_board":[{"card_name":"Sorcerer's Apprentice","card_health":1,"card_attack":1}],"opponent_board":[{"card_name":"Tirion Fordring","card_health":3,"card_attack":6},{"card_name":"Silver Hand Recruit","card_health":1,"card_attack":1}]}],"result":"victory"}