{"plays":[{"turn":1,"cards_played":[],"current_player":"me","my_health":0,"opponent_health":30,"my_armor":0,"opponent_armor":0,"my_hand":0,"opponent_hand":1,"my_board":[],"opponent_board":[]},{"turn":2,"cards_played":["Living Roots"],"current_player":"opponent","my_health":30,"opponent_health":30,"my_armor":0,"opponent_armor":0,"my_hand":4,"opponent_hand":5,"my_board":[],"opponent_board":[{"card_name":"Sapling","card_health":1,"card_attack":1},{"card_name":"Sapling","card_health":1,"card_attack":1}]},{"turn":3,"cards_played":["Mad Scientist"],"current_player":"me","my_health":30,"opponent_health":30,"my_armor":0,"opponent_armor":0,"my_hand":4,"opponent_hand":5,"my_board":[{"card_name":"Mad Scientist","card_health":2,"card_attack":2}],"opponent_board":[{"card_name":"Sapling","card_health":1,"card_attack":1},{"card_name":"Sapling","card_health":1,"card_attack":1}]},{"turn":4,"cards_played":["Haunted Creeper"],"current_player":"opponent","my_health":28,"opponent_health":30,"my_armor":0,"opponent_armor":0,"my_hand":4,"opponent_hand":5,"my_board":[{"card_name":"Mad Scientist","card_health":2,"card_attack":2}],"opponent_board":[{"card_name":"Haunted Creeper","card_health":2,"card_attack":1},{"card_name":"Sapling","card_health":1,"card_attack":1},{"card_name":"Sapling","card_health":1,"card_attack":1}]},{"turn":5,"cards_played":["Arcane Intellect"],"current_player":"me","my_health":28,"opponent_health":30,"my_armor":0,"opponent_armor":0,"my_hand":6,"opponent_hand":5,"my_board":[{"card_name":"Mad Scientist","card_health":1,"card_attack":2}],"opponent_board":[{"card_name":"Haunted Creeper","card_health":2,"card_attack":1},{"card_name":"Sapling","card_health":1,"card_attack":1}]},{"turn":6,"cards_played":["The Coin","Keeper of the Grove"],"current_player":"opponent","my_health":27,"opponent_health":30,"my_armor":0,"opponent_armor":0,"my_hand":6,"opponent_hand":4,"my_board":[],"opponent_board":[{"card_name":"Keeper of the Grove","card_health":4,"card_attack":2},{"card_name":"Haunted Creeper","card_health":2,"card_attack":1}]},{"turn":7,"cards_played":["Sorcerer's Apprentice","Mad Scientist","Arcane Missiles"],"current_player":"me","my_health":27,"opponent_health":30,"my_armor":0,"opponent_armor":0,"my_hand":4,"opponent_hand":4,"my_board":[{"card_name":"Mad Scientist","card_health":2,"card_attack":2},{"card_name":"Sorcerer's Apprentice","card_health":2,"card_attack":3}],"opponent_board":[{"card_name":"Keeper of the Grove","card_health":4,"card_attack":2},{"card_name":"Haunted Creeper","card_health":2,"card_attack":1}]},{"turn":8,"cards_played":["Violet Teacher","Innervate","Power of the Wild"],"current_player":"opponent","my_health":24,"opponent_health":29,"my_armor":0,"opponent_armor":0,"my_hand":4,"opponent_hand":2,"my_board":[{"card_name":"Mad Scientist","card_health":2,"card_attack":2}],"opponent_board":[{"card_name":"Keeper of the Grove","card_health":4,"card_attack":3},{"card_name":"Violet Teacher","card_health":6,"card_attack":4},{"card_name":"Violet Apprentice","card_health":2,"card_attack":2},{"card_name":"Violet Apprentice","card_health":2,"card_attack":2},{"card_name":"Spectral Spider","card_health":1,"card_attack":1},{"card_name":"Spectral Spider","card_health":1,"card_attack":1}]},{"turn":9,"cards_played":["Fireball"],"current_player":"me","my_health":24,"opponent_health":29,"my_armor":0,"opponent_armor":0,"my_hand":4,"opponent_hand":2,"my_board":[{"card_name":"Mad Scientist","card_health":1,"card_attack":2}],"opponent_board":[{"card_name":"Keeper of the Grove","card_health":4,"card_attack":3},{"card_name":"Violet Apprentice","card_health":2,"card_attack":2},{"card_name":"Violet Apprentice","card_health":2,"card_attack":2},{"card_name":"Spectral Spider","card_health":1,"card_attack":1}]},{"turn":10,"cards_played":["Power of the Wild","Savage Roar"],"current_player":"opponent","my_health":2,"opponent_health":29,"my_armor":0,"opponent_armor":0,"my_hand":4,"opponent_hand":1,"my_board":[{"card_name":"Mad Scientist","card_health":1,"card_attack":2}],"opponent_board":[{"card_name":"Keeper of the Grove","card_health":5,"card_attack":6},{"card_name":"Violet Apprentice","card_health":3,"card_attack":5},{"card_name":"Violet Apprentice","card_health":3,"card_attack":5},{"card_name":"Spectral Spider","card_health":2,"card_attack":4}]},{"turn":11,"cards_played":["Unstable Portal","Unstable Portal","Flametongue Totem","Clockwork Gnome"],"current_player":"me","my_health":2,"opponent_health":29,"my_armor":0,"opponent_armor":0,"my_hand":3,"opponent_hand":1,"my_board":[{"card_name":"Flametongue Totem","card_health":3,"card_attack":0},{"card_name":"Clockwork Gnome","card_health":1,"card_attack":4}],"opponent_board":[{"card_name":"Keeper of the Grove","card_health":1,"card_attack":4},{"card_name":"Violet Apprentice","card_health":3,"card_attack":3},{"card_name":"Violet Apprentice","card_health":3,"card_attack":3},{"card_name":"Spectral Spider","card_health":2,"card_attack":2}]},{"turn":12,"cards_played":[],"current_player":"opponent","my_health":0,"opponent_health":29,"my_armor":0,"opponent_armor":0,"my_hand":3,"opponent_hand":2,"my_board":[{"card_name":"Flametongue Totem","card_health":3,"card_attack":0},{"card_name":"Clockwork Gnome","card_health":1,"card_attack":4}],"opponent_board":[{"card_name":"Keeper of the Grove","card_health":1,"card_attack":4},{"card_name":"Violet Apprentice","card_health":3,"card_attack":3},{"card_name":"Violet Apprentice","card_health":3,"card_attack":3},{"card_name":"Spectral Spider","card_health":2,"card_attack":2}]}],"result":"defeat"}