{"plays":[{"turn":1,"cards_played":[],"current_player":"me","my_health":0,"opponent_health":30,"my_armor":0,"opponent_armor":0,"my_hand":0,"opponent_hand":1,"my_board":[],"opponent_board":[]},{"turn":2,"cards_played":["Webspinner","Secretkeeper","The Coin"],"current_player":"opponent","my_health":30,"opponent_health":30,"my_armor":0,"opponent_armor":0,"my_hand":3,"opponent_hand":3,"my_board":[{"card_name":"Webspinner","card_health":1,"card_attack":1}],"opponent_board":[{"card_name":"Secretkeeper","card_health":2,"card_attack":1}]},{"turn":3,"cards_played":["Haunted Creeper"],"current_player":"me","my_health":30,"opponent_health":30,"my_armor":0,"opponent_armor":0,"my_hand":4,"opponent_hand":3,"my_board":[{"card_name":"Haunted Creeper","card_health":2,"card_attack":1}],"opponent_board":[{"card_name":"Secretkeeper","card_health":3,"card_attack":2}]},{"turn":4,"cards_played":["Haunted Creeper"],"current_player":"opponent","my_health":28,"opponent_health":30,"my_armor":0,"opponent_armor":0,"my_hand":4,"opponent_hand":3,"my_board":[{"card_name":"Haunted Creeper","card_health":2,"card_attack":1}],"opponent_board":[{"card_name":"Haunted Creeper","card_health":2,"card_attack":1},{"card_name":"Secretkeeper","card_health":3,"card_attack":2}]},{"turn":5,"cards_played":["Animal Companion"],"current_player":"me","my_health":28,"opponent_health":29,"my_armor":0,"opponent_armor":0,"my_hand":4,"opponent_hand":3,"my_board":[{"card_name":"Haunted Creeper","card_health":2,"card_attack":1}],"opponent_board":[{"card_name":"Haunted Creeper","card_health":2,"card_attack":1}]},{"turn":6,"cards_played":["Muster for Battle"],"current_player":"opponent","my_health":26,"opponent_health":29,"my_armor":0,"opponent_armor":0,"my_hand":4,"opponent_hand":3,"my_board":[{"card_name":"Haunted Creeper","card_health":2,"card_attack":1}],"opponent_board":[{"card_name":"Haunted Creeper","card_health":2,"card_attack":1},{"card_name":"Silver Hand Recruit","card_health":1,"card_attack":1},{"card_name":"Silver Hand Recruit","card_health":1,"card_attack":1},{"card_name":"Silver Hand Recruit","card_health":1,"card_attack":1}]},{"turn":7,"cards_played":["Savage Combatant"],"current_player":"me","my_health":26,"opponent_health":29,"my_armor":0,"opponent_armor":0,"my_hand":4,"opponent_hand":3,"my_board":[{"card_name":"Haunted Creeper","card_health":1,"card_attack":1},{"card_name":"Savage Combatant","card_health":4,"card_attack":5}],"opponent_board":[{"card_name":"Haunted Creeper","card_health":2,"card_attack":1},{"card_name":"Silver Hand Recruit","card_health":1,"card_attack":1},{"card_name":"Silver Hand Recruit","card_health":1,"card_attack":1}]},{"turn":8,"cards_played":["Piloted Shredder"],"current_player":"opponent","my_health":22,"opponent_health":29,"my_armor":0,"opponent_armor":0,"my_hand":4,"opponent_hand":3,"my_board":[{"card_name":"Haunted Creeper","card_health":1,"card_attack":1},{"card_name":"Savage Combatant","card_health":4,"card_attack":5}],"opponent_board":[{"card_name":"Haunted Creeper","card_health":2,"card_attack":1},{"card_name":"Piloted Shredder","card_health":3,"card_attack":4},{"card_name":"Silver Hand Recruit","card_health":1,"card_attack":1},{"card_name":"Silver Hand Recruit","card_health":1,"card_attack":1}]},{"turn":9,"cards_played":["Knife Juggler","Unleash the Hounds"],"current_player":"me","my_health":22,"opponent_health":27,"my_armor":0,"opponent_armor":0,"my_hand":3,"opponent_hand":3,"my_board":[{"card_name":"Knife Juggler","card_health":2,"card_attack":3},{"card_name":"Savage Combatant","card_health":3,"card_attack":5},{"card_name":"Hound","card_health":1,"card_attack":1},{"card_name":"Spectral Spider","card_health":1,"card_attack":1},{"card_name":"Spectral Spider","card_health":1,"card_attack":1}],"opponent_board":[]},{"turn":10,"cards_played":["Ironbeak Owl","Reinforce"],"current_player":"opponent","my_health":22,"opponent_health":26,"my_armor":0,"opponent_armor":0,"my_hand":3,"opponent_hand":2,"my_board":[{"card_name":"Knife Juggler","card_health":2,"card_attack":3},{"card_name":"Savage Combatant","card_health":3,"card_attack":5},{"card_name":"Hound","card_health":1,"card_attack":1},{"card_name":"Spectral Spider","card_health":1,"card_attack":1}],"opponent_board":[{"card_name":"Ironbeak Owl","card_health":1,"card_attack":2},{"card_name":"Silver Hand Recruit","card_health":1,"card_attack":1}]},{"turn":11,"cards_played":["Savannah Highmane"],"current_player":"me","my_health":22,"opponent_health":21,"my_armor":0,"opponent_armor":0,"my_hand":3,"opponent_hand":2,"my_board":[{"card_name":"Savannah Highmane","card_health":5,"card_attack":6},{"card_name":"Knife Juggler","card_health":2,"card_attack":3},{"card_name":"Hound","card_health":1,"card_attack":1},{"card_name":"Spectral Spider","card_health":1,"card_attack":1}],"opponent_board":[]},{"turn":12,"cards_played":["Mysterious Challenger"],"current_player":"opponent","my_health":22,"opponent_health":20,"my_armor":0,"opponent_armor":0,"my_hand":3,"opponent_hand":2,"my_board":[{"card_name":"Savannah Highmane","card_health":5,"card_attack":6},{"card_name":"Knife Juggler","card_health":2,"card_attack":3},{"card_name":"Spectral Spider","card_health":1,"card_attack":1}],"opponent_board":[{"card_name":"Mysterious Challenger","card_health":6,"card_attack":6}]},{"turn":13,"cards_played":["Flare","Eaglehorn Bow","Quick Shot"],"current_player":"me","my_health":16,"opponent_health":10,"my_armor":0,"opponent_armor":0,"my_hand":2,"opponent_hand":2,"my_board":[{"card_name":"Savannah Highmane","card_health":5,"card_attack":6},{"card_name":"Knife Juggler","card_health":2,"card_attack":3},{"card_name":"Spectral Spider","card_health":1,"card_attack":1}],"opponent_board":[]},{"turn":14,"cards_played":[],"current_player":"opponent","my_health":16,"opponent_health":10,"my_armor":0,"opponent_armor":0,"my_hand":2,"opponent_hand":3,"my_board":[{"card_name":"Savannah Highmane","card_health":5,"card_attack":6},{"card_name":"Knife Juggler","card_health":2,"card_attack":3},{"card_name":"Spectral Spider","card_health":1,"card_attack":1}],"opponent_board":[]}],"result":"victory"}