{"plays":[{"turn":1,"cards_played":[],"current_player":"opponent","my_health":0,"opponent_health":0,"my_armor":0,"opponent_armor":0,"my_hand":1,"opponent_hand":0,"my_board":[],"opponent_board":[]},{"turn":2,"cards_played":[],"current_player":"me","my_health":30,"opponent_health":30,"my_armor":0,"opponent_armor":0,"my_hand":6,"opponent_hand":4,"my_board":[],"opponent_board":[]},{"turn":3,"cards_played":[],"current_player":"opponent","my_health":30,"opponent_health":30,"my_armor":0,"opponent_armor":0,"my_hand":6,"opponent_hand":4,"my_board":[],"opponent_board":[]},{"turn":4,"cards_played":["Darnassus Aspirant"],"current_player":"me","my_health":30,"opponent_health":30,"my_armor":0,"opponent_armor":0,"my_hand":6,"opponent_hand":4,"my_board":[{"card_name":"Darnassus Aspirant","card_health":3,"card_attack":2}],"opponent_board":[]},{"turn":5,"cards_played":["King's Elekk"],"current_player":"opponent","my_health":30,"opponent_health":30,"my_armor":0,"opponent_armor":0,"my_hand":6,"opponent_hand":5,"my_board":[{"card_name":"Darnassus Aspirant","card_health":3,"card_attack":2}],"opponent_board":[{"card_name":"King's Elekk","card_health":2,"card_attack":3}]},{"turn":6,"cards_played":["Piloted Shredder"],"current_player":"me","my_health":30,"opponent_health":30,"my_armor":0,"opponent_armor":0,"my_hand":7,"opponent_hand":5,"my_board":[{"card_name":"Piloted Shredder","card_health":3,"card_attack":4}],"opponent_board":[{"card_name":"King's Elekk","card_health":2,"card_attack":3}]},{"turn":7,"cards_played":["Piloted Shredder"],"current_player":"opponent","my_health":27,"opponent_health":30,"my_armor":0,"opponent_armor":0,"my_hand":7,"opponent_hand":5,"my_board":[{"card_name":"Piloted Shredder","card_health":3,"card_attack":4}],"opponent_board":[{"card_name":"King's Elekk","card_health":2,"card_attack":3},{"card_name":"Piloted Shredder","card_health":3,"card_attack":4}]},{"turn":8,"cards_played":["Keeper of the Grove","Moonfire","The Coin","Wrath","Wrath"],"current_player":"me","my_health":27,"opponent_health":30,"my_armor":0,"opponent_armor":0,"my_hand":5,"opponent_hand":5,"my_board":[{"card_name":"Keeper of the Grove","card_health":4,"card_attack":2},{"card_name":"Whirling Zap-o-matic","card_health":2,"card_attack":3}],"opponent_board":[]},{"turn":9,"cards_played":["Quick Shot","Webspinner"],"current_player":"opponent","my_health":27,"opponent_health":30,"my_armor":0,"opponent_armor":0,"my_hand":5,"opponent_hand":3,"my_board":[{"card_name":"Keeper of the Grove","card_health":4,"card_attack":2}],"opponent_board":[{"card_name":"Webspinner","card_health":1,"card_attack":1}]},{"turn":10,"cards_played":["Piloted Shredder","Shapeshift"],"current_player":"me","my_health":27,"opponent_health":30,"my_armor":0,"opponent_armor":0,"my_hand":5,"opponent_hand":4,"my_board":[{"card_name":"Piloted Shredder","card_health":3,"card_attack":4},{"card_name":"Keeper of the Grove","card_health":3,"card_attack":2}],"opponent_board":[{"card_name":"Snake","card_health":1,"card_attack":1},{"card_name":"Snake","card_health":1,"card_attack":1}]},{"turn":11,"cards_played":["Hunter's Mark","Steady Shot"],"current_player":"opponent","my_health":24,"opponent_health":30,"my_armor":0,"opponent_armor":0,"my_hand":5,"opponent_hand":3,"my_board":[{"card_name":"Piloted Shredder","card_health":3,"card_attack":4}],"opponent_board":[{"card_name":"Snake","card_health":1,"card_attack":1}]},{"turn":12,"cards_played":["Ancient of Lore"],"current_player":"me","my_health":24,"opponent_health":30,"my_armor":0,"opponent_armor":0,"my_hand":8,"opponent_hand":3,"my_board":[{"card_name":"Ancient of Lore","card_health":5,"card_attack":5}],"opponent_board":[{"card_name":"Snake","card_health":1,"card_attack":1}]},{"turn":13,"cards_played":["Gahz'rilla"],"current_player":"opponent","my_health":23,"opponent_health":30,"my_armor":0,"opponent_armor":0,"my_hand":8,"opponent_hand":3,"my_board":[{"card_name":"Ancient of Lore","card_health":5,"card_attack":5}],"opponent_board":[{"card_name":"Snake","card_health":1,"card_attack":1},{"card_name":"Gahz'rilla","card_health":9,"card_attack":6}]},{"turn":14,"cards_played":["Swipe","Big Game Hunter"],"current_player":"me","my_health":23,"opponent_health":21,"my_armor":0,"opponent_armor":0,"my_hand":7,"opponent_hand":3,"my_board":[{"card_name":"Ancient of Lore","card_health":5,"card_attack":5},{"card_name":"Big Game Hunter","card_health":2,"card_attack":4}],"opponent_board":[]},{"turn":15,"cards_played":["Piloted Shredder","Unleash the Hounds"],"current_player":"opponent","my_health":23,"opponent_health":21,"my_armor":0,"opponent_armor":0,"my_hand":7,"opponent_hand":2,"my_board":[{"card_name":"Ancient of Lore","card_health":5,"card_attack":5}],"opponent_board":[{"card_name":"Piloted Shredder","card_health":3,"card_attack":4}]},{"turn":16,"cards_played":["Druid of the Claw","Shade of Naxxramas"],"current_player":"me","my_health":23,"opponent_health":16,"my_armor":0,"opponent_armor":0,"my_hand":6,"opponent_hand":2,"my_board":[{"card_name":"Ancient of Lore","card_health":5,"card_attack":5},{"card_name":"Shade of Naxxramas","card_health":2,"card_attack":2},{"card_name":"Druid of the Claw","card_health":6,"card_attack":4}],"opponent_board":[{"card_name":"Piloted Shredder","card_health":3,"card_attack":4}]},{"turn":17,"cards_played":["Unleash the Hounds","Animal Companion","Webspinner","Steady Shot"],"current_player":"opponent","my_health":20,"opponent_health":16,"my_armor":0,"opponent_armor":0,"my_hand":6,"opponent_hand":0,"my_board":[{"card_name":"Shade of Naxxramas","card_health":2,"card_attack":2}],"opponent_board":[{"card_name":"Webspinner","card_health":1,"card_attack":1},{"card_name":"Knife Juggler","card_health":2,"card_attack":3}]},{"turn":18,"cards_played":["Wrath","Wrath","Ancient of Lore","Innervate","Mounted Raptor"],"current_player":"me","my_health":20,"opponent_health":13,"my_armor":0,"opponent_armor":0,"my_hand":5,"opponent_hand":0,"my_board":[{"card_name":"Shade of Naxxramas","card_health":3,"card_attack":3},{"card_name":"Ancient of Lore","card_health":5,"card_attack":5},{"card_name":"Mounted Raptor","card_health":2,"card_attack":3}],"opponent_board":[{"card_name":"Webspinner","card_health":1,"card_attack":1}]},{"turn":19,"cards_played":["Steady Shot","Kill Command","King of Beasts"],"current_player":"opponent","my_health":18,"opponent_health":13,"my_armor":0,"opponent_armor":0,"my_hand":5,"opponent_hand":0,"my_board":[{"card_name":"Shade of Naxxramas","card_health":2,"card_attack":3},{"card_name":"Mounted Raptor","card_health":2,"card_attack":3}],"opponent_board":[{"card_name":"King of Beasts","card_health":6,"card_attack":2}]},{"turn":20,"cards_played":["Wild Growth","Excess Mana","Ancient of War"],"current_player":"me","my_health":18,"opponent_health":13,"my_armor":0,"opponent_armor":0,"my_hand":5,"opponent_hand":0,"my_board":[{"card_name":"Shade of Naxxramas","card_health":3,"card_attack":4},{"card_name":"Ancient of War","card_health":5,"card_attack":5},{"card_name":"Mounted Raptor","card_health":2,"card_attack":3}],"opponent_board":[{"card_name":"King of Beasts","card_health":6,"card_attack":2}]},{"turn":21,"cards_played":["Steady Shot","Houndmaster"],"current_player":"opponent","my_health":16,"opponent_health":13,"my_armor":0,"opponent_armor":0,"my_hand":5,"opponent_hand":0,"my_board":[{"card_name":"Shade of Naxxramas","card_health":3,"card_attack":4},{"card_name":"Ancient of War","card_health":10,"card_attack":5},{"card_name":"Mounted Raptor","card_health":2,"card_attack":3}],"opponent_board":[{"card_name":"Houndmaster","card_health":3,"card_attack":4},{"card_name":"King of Beasts","card_health":6,"card_attack":2}]},{"turn":22,"cards_played":["Azure Drake","Savage Roar","Shapeshift"],"current_player":"me","my_health":13,"opponent_health":-1,"my_armor":0,"opponent_armor":0,"my_hand":5,"opponent_hand":0,"my_board":[{"card_name":"Azure Drake","card_health":4,"card_attack":6},{"card_name":"Shade of Naxxramas","card_health":4,"card_attack":7},{"card_name":"Ancient of War","card_health":10,"card_attack":7},{"card_name":"Timber Wolf","card_health":1,"card_attack":1}],"opponent_board":[{"card_name":"Houndmaster","card_health":3,"card_attack":4}]}],"result":"victory"}