{"plays":[{"turn":1,"cards_played":[],"current_player":"me","my_health":0,"opponent_health":30,"my_armor":0,"opponent_armor":0,"my_hand":0,"opponent_hand":1,"my_board":[],"opponent_board":[]},{"turn":2,"cards_played":["Mana Wyrm"],"current_player":"opponent","my_health":30,"opponent_health":30,"my_armor":0,"opponent_armor":0,"my_hand":3,"opponent_hand":6,"my_board":[{"card_name":"Mana Wyrm","card_health":3,"card_attack":1}],"opponent_board":[]},{"turn":3,"cards_played":["Fireblast","Fireblast"],"current_player":"me","my_health":30,"opponent_health":28,"my_armor":0,"opponent_armor":0,"my_hand":4,"opponent_hand":6,"my_board":[{"card_name":"Mana Wyrm","card_health":3,"card_attack":1}],"opponent_board":[]},{"turn":4,"cards_played":["Armor Up!"],"current_player":"opponent","my_health":30,"opponent_health":28,"my_armor":0,"opponent_armor":2,"my_hand":4,"opponent_hand":7,"my_board":[{"card_name":"Mana Wyrm","card_health":3,"card_attack":1}],"opponent_board":[]},{"turn":5,"cards_played":["Flamewaker"],"current_player":"me","my_health":30,"opponent_health":28,"my_armor":0,"opponent_armor":1,"my_hand":4,"opponent_hand":7,"my_board":[{"card_name":"Mana Wyrm","card_health":3,"card_attack":1},{"card_name":"Flamewaker","card_health":4,"card_attack":2}],"opponent_board":[]},{"turn":6,"cards_played":["Fiery War Axe"],"current_player":"opponent","my_health":30,"opponent_health":28,"my_armor":0,"opponent_armor":0,"my_hand":4,"opponent_hand":7,"my_board":[{"card_name":"Flamewaker","card_health":4,"card_attack":2}],"opponent_board":[]},{"turn":7,"cards_played":["Mirror Image","Fireblast"],"current_player":"me","my_health":30,"opponent_health":23,"my_armor":0,"opponent_armor":0,"my_hand":4,"opponent_hand":7,"my_board":[{"card_name":"Flamewaker","card_health":4,"card_attack":2},{"card_name":"Mirror Image","card_health":2,"card_attack":0},{"card_name":"Mirror Image","card_health":2,"card_attack":0}],"opponent_board":[]},{"turn":8,"cards_played":["Shield Block","Shield Slam"],"current_player":"opponent","my_health":30,"opponent_health":23,"my_armor":0,"opponent_armor":5,"my_hand":4,"opponent_hand":7,"my_board":[{"card_name":"Mirror Image","card_health":2,"card_attack":0},{"card_name":"Mirror Image","card_health":2,"card_attack":0}],"opponent_board":[]},{"turn":9,"cards_played":["Mana Wyrm","Fireblast"],"current_player":"me","my_health":30,"opponent_health":23,"my_armor":0,"opponent_armor":4,"my_hand":4,"opponent_hand":7,"my_board":[{"card_name":"Mana Wyrm","card_health":3,"card_attack":1},{"card_name":"Mirror Image","card_health":2,"card_attack":0},{"card_name":"Mirror Image","card_health":2,"card_attack":0}],"opponent_board":[]},{"turn":10,"cards_played":["The Coin","Emperor Thaurissan"],"current_player":"opponent","my_health":30,"opponent_health":23,"my_armor":0,"opponent_armor":4,"my_hand":4,"opponent_hand":6,"my_board":[{"card_name":"Mana Wyrm","card_health":3,"card_attack":1},{"card_name":"Mirror Image","card_health":2,"card_attack":0},{"card_name":"Mirror Image","card_health":2,"card_attack":0}],"opponent_board":[{"card_name":"Emperor Thaurissan","card_health":5,"card_attack":5}]},{"turn":11,"cards_played":["Unstable Portal","Arcane Missiles","Frostbolt"],"current_player":"me","my_health":30,"opponent_health":23,"my_armor":0,"opponent_armor":0,"my_hand":3,"opponent_hand":6,"my_board":[{"card_name":"Mana Wyrm","card_health":3,"card_attack":4},{"card_name":"Mirror Image","card_health":2,"card_attack":0},{"card_name":"Mirror Image","card_health":2,"card_attack":0}],"opponent_board":[]},{"turn":12,"cards_played":["Armorsmith","Acolyte of Pain","Armor Up!"],"current_player":"opponent","my_health":30,"opponent_health":23,"my_armor":0,"opponent_armor":2,"my_hand":3,"opponent_hand":5,"my_board":[{"card_name":"Mana Wyrm","card_health":3,"card_attack":4},{"card_name":"Mirror Image","card_health":2,"card_attack":0},{"card_name":"Mirror Image","card_health":2,"card_attack":0}],"opponent_board":[{"card_name":"Armorsmith","card_health":4,"card_attack":1},{"card_name":"Acolyte of Pain","card_health":3,"card_attack":1}]},{"turn":13,"cards_played":["Emperor Thaurissan"],"current_player":"me","my_health":30,"opponent_health":23,"my_armor":0,"opponent_armor":3,"my_hand":3,"opponent_hand":5,"my_board":[{"card_name":"Mana Wyrm","card_health":2,"card_attack":4},{"card_name":"Emperor Thaurissan","card_health":5,"card_attack":5},{"card_name":"Mirror Image","card_health":2,"card_attack":0},{"card_name":"Mirror Image","card_health":2,"card_attack":0}],"opponent_board":[{"card_name":"Acolyte of Pain","card_health":3,"card_attack":1}]},{"turn":14,"cards_played":["Armor Up!","Shield Slam","Execute"],"current_player":"opponent","my_health":30,"opponent_health":23,"my_armor":0,"opponent_armor":5,"my_hand":3,"opponent_hand":4,"my_board":[{"card_name":"Mirror Image","card_health":1,"card_attack":0},{"card_name":"Mirror Image","card_health":2,"card_attack":0}],"opponent_board":[{"card_name":"Acolyte of Pain","card_health":3,"card_attack":1}]},{"turn":15,"cards_played":["Sorcerer's Apprentice","Fireblast"],"current_player":"me","my_health":30,"opponent_health":23,"my_armor":0,"opponent_armor":4,"my_hand":2,"opponent_hand":4,"my_board":[{"card_name":"Sorcerer's Apprentice","card_health":2,"card_attack":3},{"card_name":"Mirror Image","card_health":1,"card_attack":0},{"card_name":"Mirror Image","card_health":2,"card_attack":0}],"opponent_board":[{"card_name":"Acolyte of Pain","card_health":3,"card_attack":1}]},{"turn":16,"cards_played":["Cruel Taskmaster","Execute","Armor Up!"],"current_player":"opponent","my_health":30,"opponent_health":23,"my_armor":0,"opponent_armor":3,"my_hand":2,"opponent_hand":4,"my_board":[{"card_name":"Cruel Taskmaster","card_health":2,"card_attack":2}],"opponent_board":[{"card_name":"Cruel Taskmaster","card_health":2,"card_attack":2},{"card_name":"Acolyte of Pain","card_health":2,"card_attack":3}]},{"turn":17,"cards_played":["Flamecannon","Fireblast"],"current_player":"me","my_health":30,"opponent_health":23,"my_armor":0,"opponent_armor":2,"my_hand":2,"opponent_hand":5,"my_board":[],"opponent_board":[]},{"turn":18,"cards_played":["Alexstrasza"],"current_player":"opponent","my_health":30,"opponent_health":23,"my_armor":0,"opponent_armor":2,"my_hand":2,"opponent_hand":5,"my_board":[],"opponent_board":[{"card_name":"Alexstrasza","card_health":8,"card_attack":8}]},{"turn":19,"cards_played":["Molten Giant","Pyroblast"],"current_player":"me","my_health":15,"opponent_health":23,"my_armor":0,"opponent_armor":2,"my_hand":1,"opponent_hand":5,"my_board":[{"card_name":"Molten Giant","card_health":8,"card_attack":8}],"opponent_board":[]},{"turn":20,"cards_played":["Ragnaros the Firelord","Armor Up!"],"current_player":"opponent","my_health":15,"opponent_health":23,"my_armor":0,"opponent_armor":4,"my_hand":1,"opponent_hand":5,"my_board":[{"card_name":"Molten Giant","card_health":8,"card_attack":8}],"opponent_board":[{"card_name":"Ragnaros the Firelord","card_health":8,"card_attack":8}]},{"turn":21,"cards_played":["Mad Scientist","Fireblast"],"current_player":"me","my_health":7,"opponent_health":23,"my_armor":0,"opponent_armor":3,"my_hand":1,"opponent_hand":5,"my_board":[{"card_name":"Mad Scientist","card_health":2,"card_attack":2}],"opponent_board":[]},{"turn":22,"cards_played":["Shieldmaiden","Death's Bite"],"current_player":"opponent","my_health":3,"opponent_health":23,"my_armor":0,"opponent_armor":8,"my_hand":1,"opponent_hand":4,"my_board":[{"card_name":"Mad Scientist","card_health":2,"card_attack":2}],"opponent_board":[{"card_name":"Shieldmaiden","card_health":5,"card_attack":5}]},{"turn":23,"cards_played":["Frostbolt"],"current_player":"me","my_health":0,"opponent_health":23,"my_armor":0,"opponent_armor":8,"my_hand":1,"opponent_hand":4,"my_board":[{"card_name":"Mad Scientist","card_health":2,"card_attack":2}],"opponent_board":[{"card_name":"Shieldmaiden","card_health":5,"card_attack":5}]}],"result":"defeat"}