{"plays":[{"turn":1,"cards_played":[],"current_player":"me","my_health":0,"opponent_health":30,"my_armor":0,"opponent_armor":0,"my_hand":0,"opponent_hand":1,"my_board":[],"opponent_board":[]},{"turn":2,"cards_played":["The Coin","Wild Growth"],"current_player":"opponent","my_health":30,"opponent_health":30,"my_armor":0,"opponent_armor":0,"my_hand":4,"opponent_hand":4,"my_board":[],"opponent_board":[]},{"turn":3,"cards_played":["Unstable Portal"],"current_player":"me","my_health":30,"opponent_health":30,"my_armor":0,"opponent_armor":0,"my_hand":5,"opponent_hand":4,"my_board":[],"opponent_board":[]},{"turn":4,"cards_played":["Shade of Naxxramas"],"current_player":"opponent","my_health":30,"opponent_health":30,"my_armor":0,"opponent_armor":0,"my_hand":5,"opponent_hand":4,"my_board":[],"opponent_board":[{"card_name":"Shade of Naxxramas","card_health":2,"card_attack":2}]},{"turn":5,"cards_played":["Stalagg","Mana Wyrm"],"current_player":"me","my_health":30,"opponent_health":30,"my_armor":0,"opponent_armor":0,"my_hand":4,"opponent_hand":4,"my_board":[{"card_name":"Mana Wyrm","card_health":3,"card_attack":1},{"card_name":"Stalagg","card_health":4,"card_attack":7}],"opponent_board":[{"card_name":"Shade of Naxxramas","card_health":2,"card_attack":2}]},{"turn":6,"cards_played":["Piloted Shredder"],"current_player":"opponent","my_health":30,"opponent_health":30,"my_armor":0,"opponent_armor":0,"my_hand":4,"opponent_hand":4,"my_board":[{"card_name":"Stalagg","card_health":4,"card_attack":7}],"opponent_board":[{"card_name":"Piloted Shredder","card_health":3,"card_attack":4},{"card_name":"Shade of Naxxramas","card_health":2,"card_attack":3}]},{"turn":7,"cards_played":["Flamewaker","Mirror Image"],"current_player":"me","my_health":30,"opponent_health":23,"my_armor":0,"opponent_armor":0,"my_hand":3,"opponent_hand":4,"my_board":[{"card_name":"Flamewaker","card_health":4,"card_attack":2},{"card_name":"Stalagg","card_health":4,"card_attack":7},{"card_name":"Mirror Image","card_health":2,"card_attack":0},{"card_name":"Mirror Image","card_health":2,"card_attack":0}],"opponent_board":[{"card_name":"Piloted Shredder","card_health":1,"card_attack":4},{"card_name":"Shade of Naxxramas","card_health":2,"card_attack":3}]},{"turn":8,"cards_played":["Sludge Belcher"],"current_player":"opponent","my_health":30,"opponent_health":23,"my_armor":0,"opponent_armor":0,"my_hand":3,"opponent_hand":4,"my_board":[{"card_name":"Flamewaker","card_health":4,"card_attack":2},{"card_name":"Stalagg","card_health":4,"card_attack":7}],"opponent_board":[{"card_name":"Sludge Belcher","card_health":5,"card_attack":3},{"card_name":"Piloted Shredder","card_health":1,"card_attack":4},{"card_name":"Shade of Naxxramas","card_health":3,"card_attack":4}]},{"turn":9,"cards_played":["Fireball","Arcane Missiles"],"current_player":"me","my_health":30,"opponent_health":11,"my_armor":0,"opponent_armor":0,"my_hand":2,"opponent_hand":4,"my_board":[{"card_name":"Flamewaker","card_health":4,"card_attack":2},{"card_name":"Stalagg","card_health":4,"card_attack":7}],"opponent_board":[{"card_name":"Shade of Naxxramas","card_health":3,"card_attack":4},{"card_name":"Wyrmrest Agent","card_health":3,"card_attack":1}]},{"turn":10,"cards_played":["Wrath","Swipe"],"current_player":"opponent","my_health":23,"opponent_health":11,"my_armor":0,"opponent_armor":0,"my_hand":2,"opponent_hand":3,"my_board":[],"opponent_board":[{"card_name":"Shade of Naxxramas","card_health":4,"card_attack":5},{"card_name":"Wyrmrest Agent","card_health":3,"card_attack":1}]},{"turn":11,"cards_played":["Arcane Intellect","Mad Scientist","Arcane Missiles"],"current_player":"me","my_health":23,"opponent_health":11,"my_armor":0,"opponent_armor":0,"my_hand":2,"opponent_hand":3,"my_board":[{"card_name":"Mad Scientist","card_health":2,"card_attack":2}],"opponent_board":[{"card_name":"Shade of Naxxramas","card_health":4,"card_attack":5},{"card_name":"Wyrmrest Agent","card_health":3,"card_attack":1}]},{"turn":12,"cards_played":["Loatheb","Shapeshift"],"current_player":"opponent","my_health":15,"opponent_health":9,"my_armor":0,"opponent_armor":1,"my_hand":2,"opponent_hand":3,"my_board":[{"card_name":"Mad Scientist","card_health":2,"card_attack":2}],"opponent_board":[{"card_name":"Loatheb","card_health":5,"card_attack":5},{"card_name":"Shade of Naxxramas","card_health":5,"card_attack":6},{"card_name":"Wyrmrest Agent","card_health":2,"card_attack":1}]},{"turn":13,"cards_played":["Dr. Boom"],"current_player":"me","my_health":15,"opponent_health":9,"my_armor":0,"opponent_armor":1,"my_hand":2,"opponent_hand":3,"my_board":[{"card_name":"Dr. Boom","card_health":7,"card_attack":7},{"card_name":"Mad Scientist","card_health":1,"card_attack":2},{"card_name":"Boom Bot","card_health":1,"card_attack":1},{"card_name":"Boom Bot","card_health":1,"card_attack":1}],"opponent_board":[{"card_name":"Loatheb","card_health":5,"card_attack":5},{"card_name":"Shade of Naxxramas","card_health":5,"card_attack":6}]},{"turn":14,"cards_played":["Azure Drake","Innervate","Swipe"],"current_player":"opponent","my_health":-2,"opponent_health":9,"my_armor":0,"opponent_armor":1,"my_hand":2,"opponent_hand":2,"my_board":[{"card_name":"Dr. Boom","card_health":5,"card_attack":7}],"opponent_board":[{"card_name":"Loatheb","card_health":5,"card_attack":5},{"card_name":"Azure Drake","card_health":1,"card_attack":4},{"card_name":"Shade of Naxxramas","card_health":2,"card_attack":7}]}],"result":"defeat"}