{"plays":[{"turn":1,"cards_played":[],"current_player":"me","my_health":0,"opponent_health":30,"my_armor":0,"opponent_armor":0,"my_hand":0,"opponent_hand":1,"my_board":[],"opponent_board":[]},{"turn":2,"cards_played":[],"current_player":"me","my_health":30,"opponent_health":30,"my_armor":0,"opponent_armor":0,"my_hand":6,"opponent_hand":4,"my_board":[],"opponent_board":[]},{"turn":3,"cards_played":["Haunted Creeper"],"current_player":"opponent","my_health":30,"opponent_health":30,"my_armor":0,"opponent_armor":0,"my_hand":6,"opponent_hand":4,"my_board":[],"opponent_board":[{"card_name":"Haunted Creeper","card_health":2,"card_attack":1}]},{"turn":4,"cards_played":["Unstable Portal"],"current_player":"me","my_health":30,"opponent_health":30,"my_armor":0,"opponent_armor":0,"my_hand":7,"opponent_hand":4,"my_board":[],"opponent_board":[{"card_name":"Haunted Creeper","card_health":2,"card_attack":1}]},{"turn":5,"cards_played":["Animal Companion"],"current_player":"opponent","my_health":29,"opponent_health":30,"my_armor":0,"opponent_armor":0,"my_hand":7,"opponent_hand":4,"my_board":[],"opponent_board":[{"card_name":"Haunted Creeper","card_health":2,"card_attack":1},{"card_name":"Misha","card_health":4,"card_attack":4}]},{"turn":6,"cards_played":["Gurubashi Berserker"],"current_player":"me","my_health":29,"opponent_health":30,"my_armor":0,"opponent_armor":0,"my_hand":7,"opponent_hand":4,"my_board":[{"card_name":"Gurubashi Berserker","card_health":7,"card_attack":2}],"opponent_board":[{"card_name":"Haunted Creeper","card_health":2,"card_attack":1},{"card_name":"Misha","card_health":4,"card_attack":4}]},{"turn":7,"cards_played":["Leper Gnome","Worgen Infiltrator","Steady Shot","Hunter's Mark"],"current_player":"opponent","my_health":23,"opponent_health":30,"my_armor":0,"opponent_armor":0,"my_hand":7,"opponent_hand":2,"my_board":[],"opponent_board":[{"card_name":"Leper Gnome","card_health":1,"card_attack":2},{"card_name":"Worgen Infiltrator","card_health":1,"card_attack":2},{"card_name":"Misha","card_health":4,"card_attack":4},{"card_name":"Spectral Spider","card_health":1,"card_attack":1},{"card_name":"Spectral Spider","card_health":1,"card_attack":1}]},{"turn":8,"cards_played":["Flamewaker","The Coin","Sorcerer's Apprentice","Arcane Missiles","Mirror Image"],"current_player":"me","my_health":21,"opponent_health":28,"my_armor":0,"opponent_armor":0,"my_hand":3,"opponent_hand":2,"my_board":[{"card_name":"Flamewaker","card_health":4,"card_attack":2},{"card_name":"Sorcerer's Apprentice","card_health":2,"card_attack":3},{"card_name":"Mirror Image","card_health":2,"card_attack":0},{"card_name":"Mirror Image","card_health":2,"card_attack":0}],"opponent_board":[{"card_name":"Misha","card_health":3,"card_attack":4}]},{"turn":9,"cards_played":["Steady Shot"],"current_player":"opponent","my_health":19,"opponent_health":28,"my_armor":0,"opponent_armor":0,"my_hand":3,"opponent_hand":2,"my_board":[{"card_name":"Flamewaker","card_health":4,"card_attack":2},{"card_name":"Sorcerer's Apprentice","card_health":2,"card_attack":3},{"card_name":"Mirror Image","card_health":2,"card_attack":0}],"opponent_board":[{"card_name":"Misha","card_health":1,"card_attack":4}]},{"turn":10,"cards_played":["Fireball"],"current_player":"me","my_health":19,"opponent_health":20,"my_armor":0,"opponent_armor":0,"my_hand":2,"opponent_hand":2,"my_board":[{"card_name":"Flamewaker","card_health":4,"card_attack":2},{"card_name":"Sorcerer's Apprentice","card_health":2,"card_attack":3},{"card_name":"Mirror Image","card_health":2,"card_attack":0}],"opponent_board":[{"card_name":"Misha","card_health":1,"card_attack":4}]},{"turn":11,"cards_played":["Arcane Golem","Steady Shot"],"current_player":"opponent","my_health":13,"opponent_health":18,"my_armor":0,"opponent_armor":0,"my_hand":2,"opponent_hand":2,"my_board":[{"card_name":"Flamewaker","card_health":4,"card_attack":2},{"card_name":"Sorcerer's Apprentice","card_health":2,"card_attack":3},{"card_name":"Arcane Golem","card_health":2,"card_attack":4}],"opponent_board":[{"card_name":"Arcane Golem","card_health":2,"card_attack":4},{"card_name":"Misha","card_health":1,"card_attack":4}]},{"turn":12,"cards_played":["Fireblast","Fireblast","Frostbolt","Mirror Image"],"current_player":"me","my_health":11,"opponent_health":9,"my_armor":0,"opponent_armor":0,"my_hand":1,"opponent_hand":2,"my_board":[{"card_name":"Flamewaker","card_health":2,"card_attack":2},{"card_name":"Mirror Image","card_health":2,"card_attack":0},{"card_name":"Mirror Image","card_health":2,"card_attack":0}],"opponent_board":[]},{"turn":13,"cards_played":["Arcane Golem","Quick Shot","Steady Shot"],"current_player":"opponent","my_health":9,"opponent_health":9,"my_armor":0,"opponent_armor":0,"my_hand":1,"opponent_hand":1,"my_board":[{"card_name":"Mirror Image","card_health":2,"card_attack":0}],"opponent_board":[{"card_name":"Arcane Golem","card_health":2,"card_attack":4}]},{"turn":14,"cards_played":["Azure Drake","Fireblast","Fireblast"],"current_player":"me","my_health":9,"opponent_health":8,"my_armor":0,"opponent_armor":0,"my_hand":2,"opponent_hand":1,"my_board":[{"card_name":"Azure Drake","card_health":4,"card_attack":4},{"card_name":"Mirror Image","card_health":2,"card_attack":0}],"opponent_board":[{"card_name":"Arcane Golem","card_health":2,"card_attack":4}]},{"turn":15,"cards_played":["Steady Shot","Mad Scientist"],"current_player":"opponent","my_health":7,"opponent_health":8,"my_armor":0,"opponent_armor":0,"my_hand":2,"opponent_hand":1,"my_board":[{"card_name":"Azure Drake","card_health":4,"card_attack":4}],"opponent_board":[{"card_name":"Mad Scientist","card_health":2,"card_attack":2},{"card_name":"Arcane Golem","card_health":2,"card_attack":4}]},{"turn":16,"cards_played":["Pyroblast"],"current_player":"me","my_health":7,"opponent_health":-3,"my_armor":0,"opponent_armor":0,"my_hand":2,"opponent_hand":1,"my_board":[{"card_name":"Azure Drake","card_health":4,"card_attack":4}],"opponent_board":[{"card_name":"Mad Scientist","card_health":2,"card_attack":2},{"card_name":"Arcane Golem","card_health":2,"card_attack":4}]}],"result":"victory"}