{"plays":[{"turn":1,"cards_played":[],"current_player":"opponent","my_health":30,"opponent_health":0,"my_armor":0,"opponent_armor":0,"my_hand":1,"opponent_hand":0,"my_board":[],"opponent_board":[]},{"turn":2,"cards_played":["Zombie Chow","Worgen Infiltrator"],"current_player":"opponent","my_health":30,"opponent_health":30,"my_armor":0,"opponent_armor":0,"my_hand":3,"opponent_hand":5,"my_board":[{"card_name":"Zombie Chow","card_health":3,"card_attack":2}],"opponent_board":[{"card_name":"Worgen Infiltrator","card_health":1,"card_attack":2}]},{"turn":3,"cards_played":["Unstable Portal"],"current_player":"me","my_health":30,"opponent_health":28,"my_armor":0,"opponent_armor":0,"my_hand":4,"opponent_hand":5,"my_board":[{"card_name":"Zombie Chow","card_health":3,"card_attack":2}],"opponent_board":[{"card_name":"Worgen Infiltrator","card_health":1,"card_attack":2}]},{"turn":4,"cards_played":["Glaivezooka"],"current_player":"opponent","my_health":28,"opponent_health":30,"my_armor":0,"opponent_armor":0,"my_hand":4,"opponent_hand":5,"my_board":[],"opponent_board":[]},{"turn":5,"cards_played":["Stormwind Knight","Fireblast","Fireblast"],"current_player":"me","my_health":28,"opponent_health":27,"my_armor":0,"opponent_armor":0,"my_hand":4,"opponent_hand":5,"my_board":[{"card_name":"Stormwind Knight","card_health":5,"card_attack":2}],"opponent_board":[]},{"turn":6,"cards_played":["Argent Horserider"],"current_player":"opponent","my_health":24,"opponent_health":27,"my_armor":0,"opponent_armor":0,"my_hand":4,"opponent_hand":5,"my_board":[{"card_name":"Stormwind Knight","card_health":5,"card_attack":2}],"opponent_board":[{"card_name":"Argent Horserider","card_health":1,"card_attack":2}]},{"turn":7,"cards_played":["Fireblast","Fireblast","Mana Wyrm"],"current_player":"me","my_health":24,"opponent_health":27,"my_armor":0,"opponent_armor":0,"my_hand":4,"opponent_hand":5,"my_board":[{"card_name":"Mana Wyrm","card_health":3,"card_attack":1},{"card_name":"Stormwind Knight","card_health":3,"card_attack":2}],"opponent_board":[]},{"turn":8,"cards_played":["Mad Scientist","Steady Shot"],"current_player":"opponent","my_health":22,"opponent_health":27,"my_armor":0,"opponent_armor":0,"my_hand":4,"opponent_hand":5,"my_board":[{"card_name":"Mana Wyrm","card_health":3,"card_attack":1},{"card_name":"Stormwind Knight","card_health":3,"card_attack":2}],"opponent_board":[{"card_name":"Mad Scientist","card_health":2,"card_attack":2}]},{"turn":9,"cards_played":["Frostbolt"],"current_player":"me","my_health":20,"opponent_health":22,"my_armor":0,"opponent_armor":0,"my_hand":3,"opponent_hand":5,"my_board":[{"card_name":"Mana Wyrm","card_health":1,"card_attack":3},{"card_name":"Stormwind Knight","card_health":1,"card_attack":2}],"opponent_board":[]},{"turn":10,"cards_played":["Mad Scientist","The Coin","Steady Shot"],"current_player":"opponent","my_health":18,"opponent_health":22,"my_armor":0,"opponent_armor":0,"my_hand":3,"opponent_hand":3,"my_board":[{"card_name":"Mana Wyrm","card_health":1,"card_attack":3},{"card_name":"Stormwind Knight","card_health":1,"card_attack":2}],"opponent_board":[{"card_name":"Mad Scientist","card_health":2,"card_attack":2}]},{"turn":11,"cards_played":["Acolyte of Pain","Fireblast","Fireblast"],"current_player":"me","my_health":18,"opponent_health":22,"my_armor":0,"opponent_armor":0,"my_hand":4,"opponent_hand":3,"my_board":[{"card_name":"Acolyte of Pain","card_health":2,"card_attack":1},{"card_name":"Mana Wyrm","card_health":1,"card_attack":3}],"opponent_board":[]},{"turn":12,"cards_played":["Ironbeak Owl","Steady Shot"],"current_player":"opponent","my_health":16,"opponent_health":22,"my_armor":0,"opponent_armor":0,"my_hand":4,"opponent_hand":3,"my_board":[{"card_name":"Acolyte of Pain","card_health":2,"card_attack":1},{"card_name":"Mana Wyrm","card_health":1,"card_attack":3}],"opponent_board":[{"card_name":"Ironbeak Owl","card_health":1,"card_attack":2}]},{"turn":13,"cards_played":["Fireblast","Fireblast","Water Elemental"],"current_player":"me","my_health":14,"opponent_health":22,"my_armor":0,"opponent_armor":0,"my_hand":4,"opponent_hand":3,"my_board":[{"card_name":"Water Elemental","card_health":6,"card_attack":3}],"opponent_board":[]},{"turn":14,"cards_played":["Haunted Creeper","Kill Command","Steady Shot"],"current_player":"opponent","my_health":7,"opponent_health":22,"my_armor":0,"opponent_armor":0,"my_hand":4,"opponent_hand":2,"my_board":[{"card_name":"Water Elemental","card_health":6,"card_attack":3}],"opponent_board":[{"card_name":"Haunted Creeper","card_health":2,"card_attack":1}]},{"turn":15,"cards_played":["Water Elemental","Fireblast","Fireblast"],"current_player":"me","my_health":7,"opponent_health":18,"my_armor":0,"opponent_armor":0,"my_hand":4,"opponent_hand":2,"my_board":[{"card_name":"Water Elemental","card_health":6,"card_attack":3},{"card_name":"Water Elemental","card_health":6,"card_attack":3}],"opponent_board":[{"card_name":"Haunted Creeper","card_health":2,"card_attack":1}]},{"turn":16,"cards_played":["Unleash the Hounds","Arcane Golem","Quick Shot"],"current_player":"opponent","my_health":5,"opponent_health":18,"my_armor":0,"opponent_armor":0,"my_hand":4,"opponent_hand":1,"my_board":[{"card_name":"Water Elemental","card_health":6,"card_attack":3},{"card_name":"Water Elemental","card_health":6,"card_attack":3}],"opponent_board":[{"card_name":"Arcane Golem","card_health":2,"card_attack":4},{"card_name":"Haunted Creeper","card_health":2,"card_attack":1},{"card_name":"Hound","card_health":1,"card_attack":1},{"card_name":"Hound","card_health":1,"card_attack":1}]},{"turn":17,"cards_played":["Frostbolt","Sludge Belcher","Mad Scientist"],"current_player":"me","my_health":5,"opponent_health":12,"my_armor":0,"opponent_armor":0,"my_hand":2,"opponent_hand":1,"my_board":[{"card_name":"Water Elemental","card_health":6,"card_attack":3},{"card_name":"Water Elemental","card_health":6,"card_attack":3},{"card_name":"Mad Scientist","card_health":2,"card_attack":2},{"card_name":"Sludge Belcher","card_health":5,"card_attack":3}],"opponent_board":[{"card_name":"Haunted Creeper","card_health":2,"card_attack":1},{"card_name":"Hound","card_health":1,"card_attack":1},{"card_name":"Hound","card_health":1,"card_attack":1}]},{"turn":18,"cards_played":["Steady Shot","Abusive Sergeant"],"current_player":"opponent","my_health":3,"opponent_health":12,"my_armor":0,"opponent_armor":0,"my_hand":2,"opponent_hand":1,"my_board":[{"card_name":"Water Elemental","card_health":6,"card_attack":3},{"card_name":"Water Elemental","card_health":6,"card_attack":3},{"card_name":"Mad Scientist","card_health":2,"card_attack":2},{"card_name":"Slime","card_health":2,"card_attack":1}],"opponent_board":[{"card_name":"Abusive Sergeant","card_health":1,"card_attack":2},{"card_name":"Spectral Spider","card_health":1,"card_attack":1},{"card_name":"Spectral Spider","card_health":1,"card_attack":1}]},{"turn":19,"cards_played":["Flamestrike","Fireblast"],"current_player":"me","my_health":3,"opponent_health":2,"my_armor":0,"opponent_armor":0,"my_hand":2,"opponent_hand":1,"my_board":[{"card_name":"Water Elemental","card_health":6,"card_attack":3},{"card_name":"Water Elemental","card_health":6,"card_attack":3},{"card_name":"Mad Scientist","card_health":2,"card_attack":2},{"card_name":"Slime","card_health":2,"card_attack":1}],"opponent_board":[]},{"turn":20,"cards_played":[],"current_player":"opponent","my_health":3,"opponent_health":2,"my_armor":0,"opponent_armor":0,"my_hand":2,"opponent_hand":2,"my_board":[{"card_name":"Water Elemental","card_health":6,"card_attack":3},{"card_name":"Water Elemental","card_health":6,"card_attack":3},{"card_name":"Mad Scientist","card_health":2,"card_attack":2},{"card_name":"Slime","card_health":2,"card_attack":1}],"opponent_board":[]}],"result":"victory"}