{"plays":[{"turn":1,"cards_played":[],"current_player":"opponent","my_health":30,"opponent_health":0,"my_armor":0,"opponent_armor":0,"my_hand":1,"opponent_hand":0,"my_board":[],"opponent_board":[]},{"turn":2,"cards_played":["Northshire Cleric"],"current_player":"me","my_health":30,"opponent_health":30,"my_armor":0,"opponent_armor":0,"my_hand":6,"opponent_hand":3,"my_board":[],"opponent_board":[{"card_name":"Northshire Cleric","card_health":3,"card_attack":1}]},{"turn":3,"cards_played":["Power Word: Shield"],"current_player":"opponent","my_health":29,"opponent_health":30,"my_armor":0,"opponent_armor":0,"my_hand":6,"opponent_hand":4,"my_board":[],"opponent_board":[{"card_name":"Northshire Cleric","card_health":5,"card_attack":1}]},{"turn":4,"cards_played":["Unstable Portal"],"current_player":"me","my_health":29,"opponent_health":30,"my_armor":0,"opponent_armor":0,"my_hand":7,"opponent_hand":4,"my_board":[],"opponent_board":[{"card_name":"Northshire Cleric","card_health":5,"card_attack":1}]},{"turn":5,"cards_played":["Eydis Darkbane"],"current_player":"opponent","my_health":28,"opponent_health":30,"my_armor":0,"opponent_armor":0,"my_hand":7,"opponent_hand":4,"my_board":[],"opponent_board":[{"card_name":"Northshire Cleric","card_health":5,"card_attack":1},{"card_name":"Eydis Darkbane","card_health":4,"card_attack":3}]},{"turn":6,"cards_played":["Sorcerer's Apprentice","Arcane Missiles","Frostbolt","The Coin","Frostbolt","Shieldbearer"],"current_player":"me","my_health":28,"opponent_health":28,"my_armor":0,"opponent_armor":0,"my_hand":2,"opponent_hand":4,"my_board":[{"card_name":"Sorcerer's Apprentice","card_health":2,"card_attack":3},{"card_name":"Shieldbearer","card_health":4,"card_attack":0}],"opponent_board":[{"card_name":"Northshire Cleric","card_health":4,"card_attack":1}]},{"turn":7,"cards_played":["Fjola Lightbane","Power Word: Glory"],"current_player":"opponent","my_health":28,"opponent_health":28,"my_armor":0,"opponent_armor":0,"my_hand":2,"opponent_hand":3,"my_board":[{"card_name":"Sorcerer's Apprentice","card_health":2,"card_attack":3},{"card_name":"Shieldbearer","card_health":3,"card_attack":0}],"opponent_board":[{"card_name":"Northshire Cleric","card_health":4,"card_attack":1},{"card_name":"Fjola Lightbane","card_health":4,"card_attack":3}]},{"turn":8,"cards_played":["Fireblast","Fireblast"],"current_player":"me","my_health":28,"opponent_health":28,"my_armor":0,"opponent_armor":0,"my_hand":2,"opponent_hand":3,"my_board":[{"card_name":"Sorcerer's Apprentice","card_health":1,"card_attack":3},{"card_name":"Shieldbearer","card_health":3,"card_attack":0}],"opponent_board":[{"card_name":"Fjola Lightbane","card_health":4,"card_attack":3}]},{"turn":9,"cards_played":["Defender of Argus"],"current_player":"opponent","my_health":28,"opponent_health":30,"my_armor":0,"opponent_armor":0,"my_hand":2,"opponent_hand":3,"my_board":[{"card_name":"Sorcerer's Apprentice","card_health":1,"card_attack":3},{"card_name":"Defender of Argus","card_health":3,"card_attack":2}],"opponent_board":[{"card_name":"Fjola Lightbane","card_health":5,"card_attack":4},{"card_name":"Defender of Argus","card_health":3,"card_attack":2}]},{"turn":10,"cards_played":["Mana Wyrm","Flamewaker","Unstable Portal"],"current_player":"me","my_health":28,"opponent_health":30,"my_armor":0,"opponent_armor":0,"my_hand":1,"opponent_hand":3,"my_board":[{"card_name":"Mana Wyrm","card_health":3,"card_attack":2},{"card_name":"Sorcerer's Apprentice","card_health":1,"card_attack":3},{"card_name":"Flamewaker","card_health":4,"card_attack":2},{"card_name":"Defender of Argus","card_health":3,"card_attack":2}],"opponent_board":[{"card_name":"Fjola Lightbane","card_health":5,"card_attack":4},{"card_name":"Defender of Argus","card_health":3,"card_attack":2}]},{"turn":11,"cards_played":["Cabal Shadow Priest"],"current_player":"opponent","my_health":28,"opponent_health":30,"my_armor":0,"opponent_armor":0,"my_hand":1,"opponent_hand":3,"my_board":[{"card_name":"Defender of Argus","card_health":3,"card_attack":2}],"opponent_board":[{"card_name":"Flamewaker","card_health":4,"card_attack":2},{"card_name":"Fjola Lightbane","card_health":5,"card_attack":4},{"card_name":"Cabal Shadow Priest","card_health":5,"card_attack":4}]},{"turn":12,"cards_played":["Arcane Intellect","Arcane Intellect"],"current_player":"me","my_health":28,"opponent_health":30,"my_armor":0,"opponent_armor":0,"my_hand":4,"opponent_hand":3,"my_board":[{"card_name":"Defender of Argus","card_health":3,"card_attack":2}],"opponent_board":[{"card_name":"Flamewaker","card_health":4,"card_attack":2},{"card_name":"Fjola Lightbane","card_health":5,"card_attack":4},{"card_name":"Cabal Shadow Priest","card_health":5,"card_attack":4}]},{"turn":13,"cards_played":["Nexus-Champion Saraad","Lesser Heal","Lesser Heal"],"current_player":"opponent","my_health":22,"opponent_health":30,"my_armor":0,"opponent_armor":0,"my_hand":4,"opponent_hand":4,"my_board":[],"opponent_board":[{"card_name":"Flamewaker","card_health":4,"card_attack":2},{"card_name":"Fjola Lightbane","card_health":5,"card_attack":4},{"card_name":"Cabal Shadow Priest","card_health":5,"card_attack":4},{"card_name":"Nexus-Champion Saraad","card_health":5,"card_attack":4}]},{"turn":14,"cards_played":["Mad Scientist","Doomsayer","Mirror Image","Fireblast","Fireblast"],"current_player":"me","my_health":22,"opponent_health":30,"my_armor":0,"opponent_armor":0,"my_hand":2,"opponent_hand":4,"my_board":[{"card_name":"Mad Scientist","card_health":2,"card_attack":2},{"card_name":"Doomsayer","card_health":7,"card_attack":0},{"card_name":"Mirror Image","card_health":2,"card_attack":0},{"card_name":"Mirror Image","card_health":2,"card_attack":0}],"opponent_board":[{"card_name":"Flamewaker","card_health":4,"card_attack":2},{"card_name":"Fjola Lightbane","card_health":5,"card_attack":4},{"card_name":"Cabal Shadow Priest","card_health":5,"card_attack":4},{"card_name":"Nexus-Champion Saraad","card_health":4,"card_attack":4}]},{"turn":15,"cards_played":["Holy Nova","Lesser Heal","Lesser Heal"],"current_player":"opponent","my_health":10,"opponent_health":30,"my_armor":0,"opponent_armor":0,"my_hand":2,"opponent_hand":5,"my_board":[],"opponent_board":[{"card_name":"Flamewaker","card_health":4,"card_attack":2},{"card_name":"Fjola Lightbane","card_health":5,"card_attack":4},{"card_name":"Cabal Shadow Priest","card_health":5,"card_attack":4},{"card_name":"Nexus-Champion Saraad","card_health":5,"card_attack":4}]},{"turn":16,"cards_played":[],"current_player":"me","my_health":10,"opponent_health":30,"my_armor":0,"opponent_armor":0,"my_hand":3,"opponent_hand":5,"my_board":[],"opponent_board":[{"card_name":"Flamewaker","card_health":4,"card_attack":2},{"card_name":"Fjola Lightbane","card_health":5,"card_attack":4},{"card_name":"Cabal Shadow Priest","card_health":5,"card_attack":4},{"card_name":"Nexus-Champion Saraad","card_health":5,"card_attack":4}]}],"result":"defeat"}