{"plays":[{"turn":1,"cards_played":[],"current_player":"me","my_health":0,"opponent_health":30,"my_armor":0,"opponent_armor":0,"my_hand":0,"opponent_hand":1,"my_board":[],"opponent_board":[]},{"turn":2,"cards_played":[],"current_player":"me","my_health":30,"opponent_health":30,"my_armor":0,"opponent_armor":0,"my_hand":6,"opponent_hand":4,"my_board":[],"opponent_board":[]},{"turn":3,"cards_played":["Mad Scientist"],"current_player":"opponent","my_health":30,"opponent_health":30,"my_armor":0,"opponent_armor":0,"my_hand":6,"opponent_hand":4,"my_board":[],"opponent_board":[{"card_name":"Mad Scientist","card_health":2,"card_attack":2}]},{"turn":4,"cards_played":["Mana Wyrm","The Coin","Frostbolt"],"current_player":"me","my_health":30,"opponent_health":30,"my_armor":0,"opponent_armor":0,"my_hand":4,"opponent_hand":4,"my_board":[{"card_name":"Mana Wyrm","card_health":3,"card_attack":3}],"opponent_board":[]},{"turn":5,"cards_played":["Arcane Intellect"],"current_player":"opponent","my_health":30,"opponent_health":30,"my_armor":0,"opponent_armor":0,"my_hand":4,"opponent_hand":6,"my_board":[{"card_name":"Mana Wyrm","card_health":3,"card_attack":3}],"opponent_board":[]},{"turn":6,"cards_played":["Mana Wyrm","Unstable Portal"],"current_player":"me","my_health":30,"opponent_health":30,"my_armor":0,"opponent_armor":4,"my_hand":4,"opponent_hand":6,"my_board":[{"card_name":"Mana Wyrm","card_health":3,"card_attack":2},{"card_name":"Mana Wyrm","card_health":3,"card_attack":4}],"opponent_board":[]},{"turn":7,"cards_played":[],"current_player":"opponent","my_health":30,"opponent_health":30,"my_armor":0,"opponent_armor":4,"my_hand":4,"opponent_hand":6,"my_board":[{"card_name":"Mana Wyrm","card_health":3,"card_attack":2},{"card_name":"Mana Wyrm","card_health":3,"card_attack":4}],"opponent_board":[]},{"turn":8,"cards_played":["Mad Scientist","Fireblast","Fireblast"],"current_player":"me","my_health":30,"opponent_health":27,"my_armor":0,"opponent_armor":0,"my_hand":4,"opponent_hand":6,"my_board":[{"card_name":"Mana Wyrm","card_health":3,"card_attack":2},{"card_name":"Mana Wyrm","card_health":3,"card_attack":4},{"card_name":"Mad Scientist","card_health":2,"card_attack":2}],"opponent_board":[]},{"turn":9,"cards_played":["Fireblast","Fireblast"],"current_player":"opponent","my_health":29,"opponent_health":27,"my_armor":0,"opponent_armor":0,"my_hand":4,"opponent_hand":7,"my_board":[{"card_name":"Mana Wyrm","card_health":3,"card_attack":2},{"card_name":"Mana Wyrm","card_health":3,"card_attack":4},{"card_name":"Mad Scientist","card_health":2,"card_attack":2}],"opponent_board":[]},{"turn":10,"cards_played":["Arcane Intellect","Fireblast"],"current_player":"me","my_health":29,"opponent_health":16,"my_armor":0,"opponent_armor":0,"my_hand":6,"opponent_hand":7,"my_board":[{"card_name":"Mana Wyrm","card_health":3,"card_attack":3},{"card_name":"Mana Wyrm","card_health":3,"card_attack":5},{"card_name":"Mad Scientist","card_health":2,"card_attack":2}],"opponent_board":[]},{"turn":11,"cards_played":["Blizzard"],"current_player":"opponent","my_health":29,"opponent_health":16,"my_armor":0,"opponent_armor":0,"my_hand":6,"opponent_hand":7,"my_board":[{"card_name":"Mana Wyrm","card_health":1,"card_attack":3},{"card_name":"Mana Wyrm","card_health":1,"card_attack":5}],"opponent_board":[]},{"turn":12,"cards_played":["Sludge Belcher"],"current_player":"me","my_health":29,"opponent_health":16,"my_armor":0,"opponent_armor":0,"my_hand":6,"opponent_hand":7,"my_board":[{"card_name":"Mana Wyrm","card_health":1,"card_attack":3},{"card_name":"Sludge Belcher","card_health":5,"card_attack":3},{"card_name":"Mana Wyrm","card_health":1,"card_attack":5}],"opponent_board":[]},{"turn":13,"cards_played":["Frost Nova","Fireblast","Fireblast"],"current_player":"opponent","my_health":29,"opponent_health":16,"my_armor":0,"opponent_armor":0,"my_hand":6,"opponent_hand":7,"my_board":[{"card_name":"Mana Wyrm","card_health":1,"card_attack":3},{"card_name":"Sludge Belcher","card_health":5,"card_attack":3}],"opponent_board":[]},{"turn":14,"cards_played":["Unstable Portal","Fireblast"],"current_player":"me","my_health":29,"opponent_health":15,"my_armor":0,"opponent_armor":0,"my_hand":7,"opponent_hand":7,"my_board":[{"card_name":"Mana Wyrm","card_health":1,"card_attack":4},{"card_name":"Sludge Belcher","card_health":5,"card_attack":3}],"opponent_board":[]},{"turn":15,"cards_played":["Fireblast","Fireblast"],"current_player":"opponent","my_health":29,"opponent_health":15,"my_armor":0,"opponent_armor":0,"my_hand":7,"opponent_hand":8,"my_board":[{"card_name":"Sludge Belcher","card_health":5,"card_attack":3}],"opponent_board":[]},{"turn":16,"cards_played":["Ragnaros the Firelord"],"current_player":"me","my_health":29,"opponent_health":12,"my_armor":0,"opponent_armor":0,"my_hand":7,"opponent_hand":8,"my_board":[{"card_name":"Ragnaros the Firelord","card_health":8,"card_attack":8},{"card_name":"Sludge Belcher","card_health":5,"card_attack":3}],"opponent_board":[]},{"turn":17,"cards_played":["Doomsayer","Emperor Thaurissan"],"current_player":"opponent","my_health":29,"opponent_health":4,"my_armor":0,"opponent_armor":0,"my_hand":7,"opponent_hand":7,"my_board":[{"card_name":"Ragnaros the Firelord","card_health":8,"card_attack":8},{"card_name":"Sludge Belcher","card_health":5,"card_attack":3}],"opponent_board":[{"card_name":"Doomsayer","card_health":7,"card_attack":0},{"card_name":"Emperor Thaurissan","card_health":5,"card_attack":5}]},{"turn":18,"cards_played":["Polymorph","Fireblast"],"current_player":"me","my_health":29,"opponent_health":1,"my_armor":0,"opponent_armor":0,"my_hand":7,"opponent_hand":7,"my_board":[{"card_name":"Ragnaros the Firelord","card_health":8,"card_attack":8},{"card_name":"Sludge Belcher","card_health":5,"card_attack":3}],"opponent_board":[{"card_name":"Emperor Thaurissan","card_health":5,"card_attack":5}]},{"turn":19,"cards_played":["Archmage Antonidas","Frostbolt","Ice Lance","Ice Lance"],"current_player":"opponent","my_health":18,"opponent_health":1,"my_armor":0,"opponent_armor":0,"my_hand":7,"opponent_hand":7,"my_board":[{"card_name":"Ragnaros the Firelord","card_health":8,"card_attack":8},{"card_name":"Slime","card_health":2,"card_attack":1}],"opponent_board":[{"card_name":"Archmage Antonidas","card_health":7,"card_attack":5},{"card_name":"Emperor Thaurissan","card_health":2,"card_attack":5}]},{"turn":20,"cards_played":["Fireblast","Polymorph","Flamecannon"],"current_player":"me","my_health":18,"opponent_health":1,"my_armor":0,"opponent_armor":0,"my_hand":6,"opponent_hand":7,"my_board":[{"card_name":"Ragnaros the Firelord","card_health":8,"card_attack":8}],"opponent_board":[]},{"turn":21,"cards_played":["Fireball","Fireball","Fireball"],"current_player":"opponent","my_health":0,"opponent_health":1,"my_armor":0,"opponent_armor":0,"my_hand":6,"opponent_hand":5,"my_board":[{"card_name":"Ragnaros the Firelord","card_health":8,"card_attack":8}],"opponent_board":[]}],"result":"defeat"}