{"plays":[{"turn":1,"cards_played":[],"current_player":"opponent","my_health":30,"opponent_health":0,"my_armor":0,"opponent_armor":0,"my_hand":1,"opponent_hand":0,"my_board":[],"opponent_board":[]},{"turn":2,"cards_played":[],"current_player":"opponent","my_health":30,"opponent_health":30,"my_armor":0,"opponent_armor":0,"my_hand":4,"opponent_hand":6,"my_board":[],"opponent_board":[]},{"turn":3,"cards_played":["Unstable Portal"],"current_player":"me","my_health":30,"opponent_health":30,"my_armor":0,"opponent_armor":0,"my_hand":5,"opponent_hand":6,"my_board":[],"opponent_board":[]},{"turn":4,"cards_played":["The Coin","Acolyte of Pain"],"current_player":"opponent","my_health":30,"opponent_health":30,"my_armor":0,"opponent_armor":0,"my_hand":5,"opponent_hand":5,"my_board":[],"opponent_board":[{"card_name":"Acolyte of Pain","card_health":3,"card_attack":1}]},{"turn":5,"cards_played":["Captain Greenskin"],"current_player":"me","my_health":30,"opponent_health":30,"my_armor":0,"opponent_armor":0,"my_hand":5,"opponent_hand":5,"my_board":[{"card_name":"Captain Greenskin","card_health":4,"card_attack":5}],"opponent_board":[{"card_name":"Acolyte of Pain","card_health":3,"card_attack":1}]},{"turn":6,"cards_played":["Armor Up!"],"current_player":"opponent","my_health":29,"opponent_health":30,"my_armor":0,"opponent_armor":2,"my_hand":5,"opponent_hand":6,"my_board":[{"card_name":"Captain Greenskin","card_health":4,"card_attack":5}],"opponent_board":[{"card_name":"Acolyte of Pain","card_health":3,"card_attack":1}]},{"turn":7,"cards_played":["Mana Wyrm","Arcane Intellect"],"current_player":"me","my_health":29,"opponent_health":27,"my_armor":0,"opponent_armor":0,"my_hand":6,"opponent_hand":6,"my_board":[{"card_name":"Mana Wyrm","card_health":3,"card_attack":2},{"card_name":"Captain Greenskin","card_health":4,"card_attack":5}],"opponent_board":[{"card_name":"Acolyte of Pain","card_health":3,"card_attack":1}]},{"turn":8,"cards_played":["Death's Bite"],"current_player":"opponent","my_health":29,"opponent_health":22,"my_armor":0,"opponent_armor":0,"my_hand":6,"opponent_hand":7,"my_board":[{"card_name":"Mana Wyrm","card_health":2,"card_attack":2}],"opponent_board":[{"card_name":"Acolyte of Pain","card_health":1,"card_attack":1}]},{"turn":9,"cards_played":["Arcane Intellect","Fireblast","Fireblast"],"current_player":"me","my_health":29,"opponent_health":19,"my_armor":0,"opponent_armor":0,"my_hand":8,"opponent_hand":8,"my_board":[{"card_name":"Mana Wyrm","card_health":2,"card_attack":3}],"opponent_board":[]},{"turn":10,"cards_played":["Cruel Taskmaster","Armor Up!"],"current_player":"opponent","my_health":25,"opponent_health":19,"my_armor":0,"opponent_armor":2,"my_hand":8,"opponent_hand":8,"my_board":[],"opponent_board":[{"card_name":"Cruel Taskmaster","card_health":2,"card_attack":2}]},{"turn":11,"cards_played":["Sorcerer's Apprentice","Frostbolt"],"current_player":"me","my_health":25,"opponent_health":19,"my_armor":0,"opponent_armor":2,"my_hand":6,"opponent_hand":8,"my_board":[{"card_name":"Sorcerer's Apprentice","card_health":2,"card_attack":3}],"opponent_board":[]},{"turn":12,"cards_played":["Kezan Mystic","Fiery War Axe"],"current_player":"opponent","my_health":25,"opponent_health":18,"my_armor":0,"opponent_armor":0,"my_hand":6,"opponent_hand":7,"my_board":[],"opponent_board":[{"card_name":"Kezan Mystic","card_health":3,"card_attack":4}]},{"turn":13,"cards_played":["Flamecannon","Mad Scientist","Mad Scientist"],"current_player":"me","my_health":25,"opponent_health":18,"my_armor":0,"opponent_armor":0,"my_hand":4,"opponent_hand":7,"my_board":[{"card_name":"Mad Scientist","card_health":2,"card_attack":2},{"card_name":"Mad Scientist","card_health":2,"card_attack":2}],"opponent_board":[{"card_name":"Mad Scientist","card_health":2,"card_attack":2}]},{"turn":14,"cards_played":["Emperor Thaurissan"],"current_player":"opponent","my_health":25,"opponent_health":16,"my_armor":0,"opponent_armor":0,"my_hand":4,"opponent_hand":7,"my_board":[],"opponent_board":[{"card_name":"Emperor Thaurissan","card_health":5,"card_attack":5}]},{"turn":15,"cards_played":["Azure Drake","Unstable Portal","Kirin Tor Mage","Mirror Image"],"current_player":"me","my_health":25,"opponent_health":16,"my_armor":0,"opponent_armor":0,"my_hand":2,"opponent_hand":7,"my_board":[{"card_name":"Azure Drake","card_health":4,"card_attack":4},{"card_name":"Kirin Tor Mage","card_health":3,"card_attack":4},{"card_name":"Mirror Image","card_health":2,"card_attack":0},{"card_name":"Mirror Image","card_health":2,"card_attack":0}],"opponent_board":[{"card_name":"Emperor Thaurissan","card_health":5,"card_attack":5}]},{"turn":16,"cards_played":["Shield Block","Brawl","Armor Up!"],"current_player":"opponent","my_health":25,"opponent_health":16,"my_armor":0,"opponent_armor":2,"my_hand":2,"opponent_hand":6,"my_board":[{"card_name":"Azure Drake","card_health":4,"card_attack":4}],"opponent_board":[]},{"turn":17,"cards_played":["Fireball","Fireball"],"current_player":"me","my_health":25,"opponent_health":0,"my_armor":0,"opponent_armor":0,"my_hand":1,"opponent_hand":6,"my_board":[{"card_name":"Azure Drake","card_health":4,"card_attack":4}],"opponent_board":[]}],"result":"victory"}