{"plays":[{"turn":1,"cards_played":[],"current_player":"me","my_health":0,"opponent_health":30,"my_armor":0,"opponent_armor":0,"my_hand":0,"opponent_hand":1,"my_board":[],"opponent_board":[]},{"turn":2,"cards_played":["Mana Wyrm"],"current_player":"me","my_health":30,"opponent_health":30,"my_armor":0,"opponent_armor":0,"my_hand":5,"opponent_hand":4,"my_board":[{"card_name":"Mana Wyrm","card_health":3,"card_attack":1}],"opponent_board":[]},{"turn":3,"cards_played":["Reinforce"],"current_player":"opponent","my_health":30,"opponent_health":30,"my_armor":0,"opponent_armor":0,"my_hand":5,"opponent_hand":5,"my_board":[{"card_name":"Mana Wyrm","card_health":3,"card_attack":1}],"opponent_board":[{"card_name":"Silver Hand Recruit","card_health":1,"card_attack":1}]},{"turn":4,"cards_played":["Mana Wyrm"],"current_player":"me","my_health":30,"opponent_health":30,"my_armor":0,"opponent_armor":0,"my_hand":5,"opponent_hand":5,"my_board":[{"card_name":"Mana Wyrm","card_health":3,"card_attack":1},{"card_name":"Mana Wyrm","card_health":2,"card_attack":1}],"opponent_board":[]},{"turn":5,"cards_played":["Muster for Battle"],"current_player":"opponent","my_health":30,"opponent_health":29,"my_armor":0,"opponent_armor":0,"my_hand":5,"opponent_hand":5,"my_board":[{"card_name":"Mana Wyrm","card_health":3,"card_attack":1},{"card_name":"Mana Wyrm","card_health":1,"card_attack":1}],"opponent_board":[{"card_name":"Silver Hand Recruit","card_health":1,"card_attack":1},{"card_name":"Silver Hand Recruit","card_health":1,"card_attack":1},{"card_name":"Silver Hand Recruit","card_health":1,"card_attack":1}]},{"turn":6,"cards_played":["Flamewaker","The Coin","Mirror Image"],"current_player":"me","my_health":30,"opponent_health":24,"my_armor":0,"opponent_armor":0,"my_hand":3,"opponent_hand":5,"my_board":[{"card_name":"Mana Wyrm","card_health":2,"card_attack":3},{"card_name":"Flamewaker","card_health":4,"card_attack":2},{"card_name":"Mana Wyrm","card_health":1,"card_attack":3},{"card_name":"Mirror Image","card_health":2,"card_attack":0},{"card_name":"Mirror Image","card_health":2,"card_attack":0}],"opponent_board":[]},{"turn":7,"cards_played":["Shielded Minibot","Shielded Minibot"],"current_player":"opponent","my_health":30,"opponent_health":24,"my_armor":0,"opponent_armor":0,"my_hand":3,"opponent_hand":4,"my_board":[{"card_name":"Mana Wyrm","card_health":2,"card_attack":3},{"card_name":"Flamewaker","card_health":4,"card_attack":2},{"card_name":"Mana Wyrm","card_health":1,"card_attack":3},{"card_name":"Mirror Image","card_health":2,"card_attack":0},{"card_name":"Mirror Image","card_health":1,"card_attack":0}],"opponent_board":[{"card_name":"Shielded Minibot","card_health":2,"card_attack":2},{"card_name":"Shielded Minibot","card_health":2,"card_attack":2}]},{"turn":8,"cards_played":["Arcane Intellect","Arcane Missiles"],"current_player":"me","my_health":30,"opponent_health":12,"my_armor":0,"opponent_armor":0,"my_hand":4,"opponent_hand":4,"my_board":[{"card_name":"Mana Wyrm","card_health":2,"card_attack":5},{"card_name":"Flamewaker","card_health":2,"card_attack":2},{"card_name":"Mana Wyrm","card_health":1,"card_attack":5},{"card_name":"Mirror Image","card_health":2,"card_attack":0},{"card_name":"Mirror Image","card_health":1,"card_attack":0}],"opponent_board":[]},{"turn":9,"cards_played":["Ironbeak Owl","Reinforce"],"current_player":"opponent","my_health":30,"opponent_health":12,"my_armor":0,"opponent_armor":0,"my_hand":4,"opponent_hand":4,"my_board":[{"card_name":"Mana Wyrm","card_health":2,"card_attack":1},{"card_name":"Flamewaker","card_health":2,"card_attack":2},{"card_name":"Mana Wyrm","card_health":1,"card_attack":5},{"card_name":"Mirror Image","card_health":2,"card_attack":0}],"opponent_board":[{"card_name":"Ironbeak Owl","card_health":1,"card_attack":2},{"card_name":"Silver Hand Recruit","card_health":1,"card_attack":1}]},{"turn":10,"cards_played":["Frostbolt"],"current_player":"me","my_health":30,"opponent_health":-1,"my_armor":0,"opponent_armor":0,"my_hand":4,"opponent_hand":4,"my_board":[{"card_name":"Mana Wyrm","card_health":2,"card_attack":1},{"card_name":"Flamewaker","card_health":2,"card_attack":2},{"card_name":"Mana Wyrm","card_health":1,"card_attack":6},{"card_name":"Mirror Image","card_health":2,"card_attack":0}],"opponent_board":[{"card_name":"Ironbeak Owl","card_health":1,"card_attack":2}]}],"result":"victory"}