{"plays":[{"turn":1,"cards_played":[],"current_player":"me","my_health":0,"opponent_health":0,"my_armor":0,"opponent_armor":0,"my_hand":0,"opponent_hand":1,"my_board":[],"opponent_board":[]},{"turn":2,"cards_played":["The Coin","King's Elekk"],"current_player":"me","my_health":30,"opponent_health":30,"my_armor":0,"opponent_armor":0,"my_hand":4,"opponent_hand":4,"my_board":[{"card_name":"King's Elekk","card_health":2,"card_attack":3}],"opponent_board":[]},{"turn":3,"cards_played":["Unstable Portal"],"current_player":"opponent","my_health":30,"opponent_health":30,"my_armor":0,"opponent_armor":0,"my_hand":4,"opponent_hand":5,"my_board":[{"card_name":"King's Elekk","card_health":2,"card_attack":3}],"opponent_board":[]},{"turn":4,"cards_played":["Mad Scientist"],"current_player":"me","my_health":30,"opponent_health":27,"my_armor":0,"opponent_armor":0,"my_hand":4,"opponent_hand":5,"my_board":[{"card_name":"Mad Scientist","card_health":2,"card_attack":2},{"card_name":"King's Elekk","card_health":2,"card_attack":3}],"opponent_board":[]},{"turn":5,"cards_played":["Spiteful Smith"],"current_player":"opponent","my_health":30,"opponent_health":27,"my_armor":0,"opponent_armor":0,"my_hand":4,"opponent_hand":5,"my_board":[{"card_name":"Mad Scientist","card_health":2,"card_attack":2},{"card_name":"King's Elekk","card_health":2,"card_attack":3}],"opponent_board":[{"card_name":"Spiteful Smith","card_health":6,"card_attack":4}]},{"turn":6,"cards_played":["Eaglehorn Bow"],"current_player":"me","my_health":26,"opponent_health":25,"my_armor":0,"opponent_armor":0,"my_hand":4,"opponent_hand":5,"my_board":[{"card_name":"Mad Scientist","card_health":2,"card_attack":2}],"opponent_board":[]},{"turn":7,"cards_played":["Water Elemental"],"current_player":"opponent","my_health":26,"opponent_health":25,"my_armor":0,"opponent_armor":0,"my_hand":4,"opponent_hand":5,"my_board":[{"card_name":"Mad Scientist","card_health":2,"card_attack":2}],"opponent_board":[{"card_name":"Water Elemental","card_health":6,"card_attack":3}]},{"turn":8,"cards_played":["Haunted Creeper","Haunted Creeper"],"current_player":"me","my_health":26,"opponent_health":23,"my_armor":0,"opponent_armor":0,"my_hand":3,"opponent_hand":5,"my_board":[{"card_name":"Mad Scientist","card_health":2,"card_attack":2},{"card_name":"Haunted Creeper","card_health":2,"card_attack":1},{"card_name":"Haunted Creeper","card_health":2,"card_attack":1}],"opponent_board":[{"card_name":"Water Elemental","card_health":6,"card_attack":3}]},{"turn":9,"cards_played":["Sludge Belcher"],"current_player":"opponent","my_health":23,"opponent_health":23,"my_armor":0,"opponent_armor":0,"my_hand":3,"opponent_hand":5,"my_board":[{"card_name":"Mad Scientist","card_health":2,"card_attack":2},{"card_name":"Haunted Creeper","card_health":2,"card_attack":1},{"card_name":"Haunted Creeper","card_health":2,"card_attack":1}],"opponent_board":[{"card_name":"Sludge Belcher","card_health":5,"card_attack":3},{"card_name":"Water Elemental","card_health":6,"card_attack":3}]},{"turn":10,"cards_played":["Kill Command","Webspinner"],"current_player":"me","my_health":23,"opponent_health":21,"my_armor":0,"opponent_armor":0,"my_hand":2,"opponent_hand":5,"my_board":[{"card_name":"Mad Scientist","card_health":1,"card_attack":2},{"card_name":"Webspinner","card_health":1,"card_attack":1},{"card_name":"Haunted Creeper","card_health":2,"card_attack":1},{"card_name":"Haunted Creeper","card_health":2,"card_attack":1}],"opponent_board":[{"card_name":"Water Elemental","card_health":6,"card_attack":3}]},{"turn":11,"cards_played":["Fireblast","Fireblast"],"current_player":"opponent","my_health":23,"opponent_health":21,"my_armor":0,"opponent_armor":0,"my_hand":3,"opponent_hand":5,"my_board":[{"card_name":"Mad Scientist","card_health":1,"card_attack":2},{"card_name":"Haunted Creeper","card_health":2,"card_attack":1},{"card_name":"Spectral Spider","card_health":1,"card_attack":1},{"card_name":"Spectral Spider","card_health":1,"card_attack":1}],"opponent_board":[{"card_name":"Water Elemental","card_health":5,"card_attack":3}]},{"turn":12,"cards_played":["Flare","Desert Camel"],"current_player":"me","my_health":26,"opponent_health":18,"my_armor":0,"opponent_armor":0,"my_hand":3,"opponent_hand":5,"my_board":[{"card_name":"Desert Camel","card_health":4,"card_attack":2},{"card_name":"Haunted Creeper","card_health":2,"card_attack":1},{"card_name":"Injured Kvaldir","card_health":4,"card_attack":2},{"card_name":"Spectral Spider","card_health":1,"card_attack":1},{"card_name":"Spectral Spider","card_health":1,"card_attack":1}],"opponent_board":[{"card_name":"Water Elemental","card_health":3,"card_attack":3}]},{"turn":13,"cards_played":["Flamestrike"],"current_player":"opponent","my_health":26,"opponent_health":18,"my_armor":0,"opponent_armor":0,"my_hand":3,"opponent_hand":6,"my_board":[{"card_name":"Spectral Spider","card_health":1,"card_attack":1},{"card_name":"Spectral Spider","card_health":1,"card_attack":1}],"opponent_board":[]},{"turn":14,"cards_played":["Gahz'rilla"],"current_player":"me","my_health":26,"opponent_health":16,"my_armor":0,"opponent_armor":0,"my_hand":3,"opponent_hand":6,"my_board":[{"card_name":"Gahz'rilla","card_health":9,"card_attack":6},{"card_name":"Spectral Spider","card_health":1,"card_attack":1},{"card_name":"Spectral Spider","card_health":1,"card_attack":1}],"opponent_board":[]},{"turn":15,"cards_played":["Jeweled Scarab","Fireblast","Fireblast","Big Game Hunter"],"current_player":"opponent","my_health":26,"opponent_health":16,"my_armor":0,"opponent_armor":0,"my_hand":3,"opponent_hand":6,"my_board":[{"card_name":"Spectral Spider","card_health":1,"card_attack":1},{"card_name":"Spectral Spider","card_health":1,"card_attack":1}],"opponent_board":[{"card_name":"Big Game Hunter","card_health":2,"card_attack":4},{"card_name":"Jeweled Scarab","card_health":1,"card_attack":1}]},{"turn":16,"cards_played":["Savannah Highmane","Steady Shot"],"current_player":"me","my_health":26,"opponent_health":14,"my_armor":0,"opponent_armor":0,"my_hand":3,"opponent_hand":6,"my_board":[{"card_name":"Savannah Highmane","card_health":5,"card_attack":6}],"opponent_board":[{"card_name":"Jeweled Scarab","card_health":1,"card_attack":1}]},{"turn":17,"cards_played":["Sylvanas Windrunner","Frost Nova"],"current_player":"opponent","my_health":25,"opponent_health":14,"my_armor":0,"opponent_armor":0,"my_hand":3,"opponent_hand":5,"my_board":[{"card_name":"Savannah Highmane","card_health":5,"card_attack":6}],"opponent_board":[{"card_name":"Sylvanas Windrunner","card_health":5,"card_attack":5},{"card_name":"Jeweled Scarab","card_health":1,"card_attack":1}]},{"turn":18,"cards_played":["Dr. Boom"],"current_player":"me","my_health":25,"opponent_health":14,"my_armor":0,"opponent_armor":0,"my_hand":2,"opponent_hand":5,"my_board":[{"card_name":"Savannah Highmane","card_health":5,"card_attack":6},{"card_name":"Dr. Boom","card_health":7,"card_attack":7},{"card_name":"Boom Bot","card_health":1,"card_attack":1},{"card_name":"Boom Bot","card_health":1,"card_attack":1}],"opponent_board":[{"card_name":"Sylvanas Windrunner","card_health":5,"card_attack":5},{"card_name":"Jeweled Scarab","card_health":1,"card_attack":1}]},{"turn":19,"cards_played":["Fireblast","Fireblast","Acidic Swamp Ooze","Reno Jackson"],"current_player":"opponent","my_health":25,"opponent_health":14,"my_armor":0,"opponent_armor":0,"my_hand":2,"opponent_hand":4,"my_board":[{"card_name":"Dr. Boom","card_health":7,"card_attack":7},{"card_name":"Snake","card_health":1,"card_attack":1},{"card_name":"Snake","card_health":1,"card_attack":1},{"card_name":"Hyena","card_health":2,"card_attack":2},{"card_name":"Hyena","card_health":2,"card_attack":2}],"opponent_board":[{"card_name":"Acidic Swamp Ooze","card_health":2,"card_attack":3},{"card_name":"Reno Jackson","card_health":6,"card_attack":4},{"card_name":"Boom Bot","card_health":1,"card_attack":1}]},{"turn":20,"cards_played":["Animal Companion","Savannah Highmane"],"current_player":"me","my_health":21,"opponent_health":23,"my_armor":0,"opponent_armor":0,"my_hand":1,"opponent_hand":4,"my_board":[{"card_name":"Savannah Highmane","card_health":5,"card_attack":6},{"card_name":"Dr. Boom","card_health":3,"card_attack":7},{"card_name":"Snake","card_health":1,"card_attack":1},{"card_name":"Hyena","card_health":2,"card_attack":2},{"card_name":"Huffer","card_health":2,"card_attack":4}],"opponent_board":[]},{"turn":21,"cards_played":["Fireblast","Fireblast","Dr. Boom"],"current_player":"opponent","my_health":21,"opponent_health":23,"my_armor":0,"opponent_armor":0,"my_hand":1,"opponent_hand":4,"my_board":[{"card_name":"Savannah Highmane","card_health":5,"card_attack":6},{"card_name":"Dr. Boom","card_health":3,"card_attack":7},{"card_name":"Hyena","card_health":2,"card_attack":2},{"card_name":"Huffer","card_health":2,"card_attack":4}],"opponent_board":[{"card_name":"Dr. Boom","card_health":7,"card_attack":7},{"card_name":"Boom Bot","card_health":1,"card_attack":1},{"card_name":"Boom Bot","card_health":1,"card_attack":1}]},{"turn":22,"cards_played":["Houndmaster","Unleash the Hounds","Steady Shot"],"current_player":"me","my_health":21,"opponent_health":0,"my_armor":0,"opponent_armor":0,"my_hand":0,"opponent_hand":4,"my_board":[{"card_name":"Savannah Highmane","card_health":5,"card_attack":6},{"card_name":"Houndmaster","card_health":3,"card_attack":4},{"card_name":"Dr. Boom","card_health":3,"card_attack":7},{"card_name":"Hyena","card_health":2,"card_attack":2},{"card_name":"Huffer","card_health":4,"card_attack":6},{"card_name":"Hound","card_health":1,"card_attack":1},{"card_name":"Hound","card_health":1,"card_attack":1}],"opponent_board":[{"card_name":"Dr. Boom","card_health":7,"card_attack":7},{"card_name":"Boom Bot","card_health":1,"card_attack":1},{"card_name":"Boom Bot","card_health":1,"card_attack":1}]}],"result":"victory"}