{"plays":[{"turn":1,"cards_played":[],"current_player":"opponent","my_health":30,"opponent_health":0,"my_armor":0,"opponent_armor":0,"my_hand":1,"opponent_hand":0,"my_board":[],"opponent_board":[]},{"turn":2,"cards_played":["Mana Wyrm","Living Roots"],"current_player":"opponent","my_health":30,"opponent_health":30,"my_armor":0,"opponent_armor":0,"my_hand":3,"opponent_hand":5,"my_board":[{"card_name":"Mana Wyrm","card_health":3,"card_attack":1}],"opponent_board":[{"card_name":"Sapling","card_health":1,"card_attack":1},{"card_name":"Sapling","card_health":1,"card_attack":1}]},{"turn":3,"cards_played":["Fireblast","Fireblast"],"current_player":"me","my_health":30,"opponent_health":30,"my_armor":0,"opponent_armor":0,"my_hand":4,"opponent_hand":5,"my_board":[{"card_name":"Mana Wyrm","card_health":2,"card_attack":1}],"opponent_board":[]},{"turn":4,"cards_played":["Innervate","The Coin","Azure Drake"],"current_player":"opponent","my_health":30,"opponent_health":30,"my_armor":0,"opponent_armor":0,"my_hand":4,"opponent_hand":4,"my_board":[{"card_name":"Mana Wyrm","card_health":2,"card_attack":1}],"opponent_board":[{"card_name":"Azure Drake","card_health":4,"card_attack":4}]},{"turn":5,"cards_played":["Unstable Portal"],"current_player":"me","my_health":30,"opponent_health":28,"my_armor":0,"opponent_armor":0,"my_hand":5,"opponent_hand":4,"my_board":[{"card_name":"Mana Wyrm","card_health":2,"card_attack":2}],"opponent_board":[{"card_name":"Azure Drake","card_health":4,"card_attack":4}]},{"turn":6,"cards_played":["Wrath"],"current_player":"opponent","my_health":26,"opponent_health":28,"my_armor":0,"opponent_armor":0,"my_hand":5,"opponent_hand":5,"my_board":[],"opponent_board":[{"card_name":"Azure Drake","card_health":4,"card_attack":4}]},{"turn":7,"cards_played":["Lord of the Arena"],"current_player":"me","my_health":26,"opponent_health":28,"my_armor":0,"opponent_armor":0,"my_hand":5,"opponent_hand":5,"my_board":[{"card_name":"Lord of the Arena","card_health":5,"card_attack":6}],"opponent_board":[{"card_name":"Azure Drake","card_health":4,"card_attack":4}]},{"turn":8,"cards_played":["Shapeshift"],"current_player":"opponent","my_health":26,"opponent_health":23,"my_armor":0,"opponent_armor":0,"my_hand":5,"opponent_hand":6,"my_board":[],"opponent_board":[]},{"turn":9,"cards_played":["Mad Scientist"],"current_player":"me","my_health":26,"opponent_health":23,"my_armor":0,"opponent_armor":0,"my_hand":4,"opponent_hand":6,"my_board":[{"card_name":"Mad Scientist","card_health":2,"card_attack":2}],"opponent_board":[]},{"turn":10,"cards_played":["Keeper of the Grove"],"current_player":"opponent","my_health":26,"opponent_health":23,"my_armor":0,"opponent_armor":0,"my_hand":4,"opponent_hand":6,"my_board":[{"card_name":"Mad Scientist","card_health":2,"card_attack":2},{"card_name":"Keeper of the Grove","card_health":4,"card_attack":2}],"opponent_board":[{"card_name":"Keeper of the Grove","card_health":4,"card_attack":2}]},{"turn":11,"cards_played":["Water Elemental","Fireblast","Fireblast"],"current_player":"me","my_health":26,"opponent_health":22,"my_armor":0,"opponent_armor":0,"my_hand":4,"opponent_hand":6,"my_board":[{"card_name":"Water Elemental","card_health":6,"card_attack":3},{"card_name":"Keeper of the Grove","card_health":2,"card_attack":2}],"opponent_board":[]},{"turn":12,"cards_played":["Druid of the Claw"],"current_player":"opponent","my_health":26,"opponent_health":22,"my_armor":0,"opponent_armor":0,"my_hand":4,"opponent_hand":6,"my_board":[{"card_name":"Water Elemental","card_health":6,"card_attack":3}],"opponent_board":[{"card_name":"Druid of the Claw","card_health":2,"card_attack":4}]},{"turn":13,"cards_played":["Dr. Boom"],"current_player":"me","my_health":26,"opponent_health":22,"my_armor":0,"opponent_armor":0,"my_hand":4,"opponent_hand":6,"my_board":[{"card_name":"Water Elemental","card_health":2,"card_attack":3},{"card_name":"Dr. Boom","card_health":7,"card_attack":7},{"card_name":"Boom Bot","card_health":1,"card_attack":1},{"card_name":"Boom Bot","card_health":1,"card_attack":1}],"opponent_board":[]},{"turn":14,"cards_played":[],"current_player":"opponent","my_health":26,"opponent_health":22,"my_armor":0,"opponent_armor":0,"my_hand":4,"opponent_hand":7,"my_board":[{"card_name":"Water Elemental","card_health":2,"card_attack":3},{"card_name":"Dr. Boom","card_health":7,"card_attack":7},{"card_name":"Boom Bot","card_health":1,"card_attack":1},{"card_name":"Boom Bot","card_health":1,"card_attack":1}],"opponent_board":[]}],"result":"victory"}