{"plays":[{"turn":1,"cards_played":[],"current_player":"opponent","my_health":30,"opponent_health":0,"my_armor":0,"opponent_armor":0,"my_hand":1,"opponent_hand":0,"my_board":[],"opponent_board":[]},{"turn":2,"cards_played":[],"current_player":"opponent","my_health":30,"opponent_health":30,"my_armor":0,"opponent_armor":0,"my_hand":4,"opponent_hand":6,"my_board":[],"opponent_board":[]},{"turn":3,"cards_played":["Mad Scientist"],"current_player":"me","my_health":30,"opponent_health":30,"my_armor":0,"opponent_armor":0,"my_hand":4,"opponent_hand":6,"my_board":[{"card_name":"Mad Scientist","card_health":2,"card_attack":2}],"opponent_board":[]},{"turn":4,"cards_played":["Armor Up!"],"current_player":"opponent","my_health":30,"opponent_health":30,"my_armor":0,"opponent_armor":2,"my_hand":4,"opponent_hand":7,"my_board":[{"card_name":"Mad Scientist","card_health":2,"card_attack":2}],"opponent_board":[]},{"turn":5,"cards_played":["Mana Wyrm","Frostbolt"],"current_player":"me","my_health":30,"opponent_health":30,"my_armor":0,"opponent_armor":0,"my_hand":3,"opponent_hand":7,"my_board":[{"card_name":"Mad Scientist","card_health":2,"card_attack":2},{"card_name":"Mana Wyrm","card_health":3,"card_attack":2}],"opponent_board":[]},{"turn":6,"cards_played":["The Coin","Gnomish Inventor"],"current_player":"opponent","my_health":30,"opponent_health":27,"my_armor":0,"opponent_armor":0,"my_hand":3,"opponent_hand":7,"my_board":[{"card_name":"Mad Scientist","card_health":2,"card_attack":2},{"card_name":"Mana Wyrm","card_health":3,"card_attack":2}],"opponent_board":[{"card_name":"Gnomish Inventor","card_health":4,"card_attack":2}]},{"turn":7,"cards_played":["Arcane Missiles"],"current_player":"me","my_health":30,"opponent_health":22,"my_armor":0,"opponent_armor":0,"my_hand":2,"opponent_hand":7,"my_board":[{"card_name":"Mana Wyrm","card_health":3,"card_attack":4}],"opponent_board":[]},{"turn":8,"cards_played":["Unstable Ghoul","Armor Up!"],"current_player":"opponent","my_health":30,"opponent_health":22,"my_armor":0,"opponent_armor":2,"my_hand":2,"opponent_hand":7,"my_board":[{"card_name":"Mana Wyrm","card_health":3,"card_attack":4},{"card_name":"Unstable Ghoul","card_health":3,"card_attack":1}],"opponent_board":[{"card_name":"Unstable Ghoul","card_health":3,"card_attack":1}]},{"turn":9,"cards_played":["Azure Drake"],"current_player":"me","my_health":30,"opponent_health":22,"my_armor":0,"opponent_armor":1,"my_hand":3,"opponent_hand":7,"my_board":[{"card_name":"Mana Wyrm","card_health":1,"card_attack":4},{"card_name":"Azure Drake","card_health":4,"card_attack":4},{"card_name":"Unstable Ghoul","card_health":2,"card_attack":1}],"opponent_board":[]},{"turn":10,"cards_played":["Whirlwind","Execute","Acolyte of Pain"],"current_player":"opponent","my_health":30,"opponent_health":22,"my_armor":0,"opponent_armor":1,"my_hand":3,"opponent_hand":5,"my_board":[{"card_name":"Azure Drake","card_health":4,"card_attack":4},{"card_name":"Unstable Ghoul","card_health":2,"card_attack":1}],"opponent_board":[{"card_name":"Acolyte of Pain","card_health":3,"card_attack":1}]},{"turn":11,"cards_played":["Fireball","Fireblast","Fireblast"],"current_player":"me","my_health":30,"opponent_health":10,"my_armor":0,"opponent_armor":0,"my_hand":3,"opponent_hand":5,"my_board":[{"card_name":"Azure Drake","card_health":4,"card_attack":4},{"card_name":"Unstable Ghoul","card_health":2,"card_attack":1}],"opponent_board":[{"card_name":"Acolyte of Pain","card_health":3,"card_attack":1}]},{"turn":12,"cards_played":["Emperor Thaurissan"],"current_player":"opponent","my_health":30,"opponent_health":10,"my_armor":0,"opponent_armor":0,"my_hand":3,"opponent_hand":6,"my_board":[{"card_name":"Azure Drake","card_health":4,"card_attack":4},{"card_name":"Unstable Ghoul","card_health":1,"card_attack":1}],"opponent_board":[{"card_name":"Acolyte of Pain","card_health":2,"card_attack":1},{"card_name":"Emperor Thaurissan","card_health":5,"card_attack":5}]},{"turn":13,"cards_played":["Dr. Boom"],"current_player":"me","my_health":30,"opponent_health":5,"my_armor":0,"opponent_armor":0,"my_hand":3,"opponent_hand":6,"my_board":[{"card_name":"Dr. Boom","card_health":7,"card_attack":7},{"card_name":"Azure Drake","card_health":4,"card_attack":4},{"card_name":"Unstable Ghoul","card_health":1,"card_attack":1},{"card_name":"Boom Bot","card_health":1,"card_attack":1},{"card_name":"Boom Bot","card_health":1,"card_attack":1}],"opponent_board":[{"card_name":"Acolyte of Pain","card_health":2,"card_attack":1},{"card_name":"Emperor Thaurissan","card_health":5,"card_attack":5}]},{"turn":14,"cards_played":["Warsong Commander","Armorsmith","Grim Patron"],"current_player":"opponent","my_health":29,"opponent_health":5,"my_armor":0,"opponent_armor":12,"my_hand":3,"opponent_hand":6,"my_board":[],"opponent_board":[{"card_name":"Armorsmith","card_health":3,"card_attack":1},{"card_name":"Grim Patron","card_health":1,"card_attack":3},{"card_name":"Warsong Commander","card_health":2,"card_attack":2}]},{"turn":15,"cards_played":["Flamewaker","Fireblast","Fireblast"],"current_player":"me","my_health":29,"opponent_health":5,"my_armor":0,"opponent_armor":15,"my_hand":2,"opponent_hand":6,"my_board":[{"card_name":"Flamewaker","card_health":4,"card_attack":2}],"opponent_board":[{"card_name":"Armorsmith","card_health":3,"card_attack":1}]},{"turn":16,"cards_played":["Death's Bite","Gnomish Inventor"],"current_player":"opponent","my_health":28,"opponent_health":5,"my_armor":0,"opponent_armor":13,"my_hand":2,"opponent_hand":6,"my_board":[{"card_name":"Gnomish Inventor","card_health":4,"card_attack":2}],"opponent_board":[{"card_name":"Armorsmith","card_health":3,"card_attack":1},{"card_name":"Gnomish Inventor","card_health":4,"card_attack":2}]},{"turn":17,"cards_played":["Fireblast","Fireblast"],"current_player":"me","my_health":28,"opponent_health":5,"my_armor":0,"opponent_armor":15,"my_hand":3,"opponent_hand":6,"my_board":[{"card_name":"Gnomish Inventor","card_health":3,"card_attack":2}],"opponent_board":[{"card_name":"Gnomish Inventor","card_health":4,"card_attack":2}]},{"turn":18,"cards_played":["Warsong Commander","Grim Patron","Battle Rage"],"current_player":"opponent","my_health":20,"opponent_health":5,"my_armor":0,"opponent_armor":13,"my_hand":3,"opponent_hand":8,"my_board":[],"opponent_board":[{"card_name":"Warsong Commander","card_health":2,"card_attack":2},{"card_name":"Grim Patron","card_health":2,"card_attack":3},{"card_name":"Gnomish Inventor","card_health":3,"card_attack":2},{"card_name":"Grim Patron","card_health":3,"card_attack":3}]},{"turn":19,"cards_played":["Sorcerer's Apprentice","Mirror Image","Fireblast","Fireblast"],"current_player":"me","my_health":20,"opponent_health":5,"my_armor":0,"opponent_armor":12,"my_hand":2,"opponent_hand":8,"my_board":[{"card_name":"Sorcerer's Apprentice","card_health":2,"card_attack":3},{"card_name":"Mirror Image","card_health":2,"card_attack":0},{"card_name":"Mirror Image","card_health":2,"card_attack":0}],"opponent_board":[{"card_name":"Warsong Commander","card_health":2,"card_attack":2},{"card_name":"Grim Patron","card_health":2,"card_attack":3},{"card_name":"Gnomish Inventor","card_health":3,"card_attack":2},{"card_name":"Grim Patron","card_health":3,"card_attack":3}]},{"turn":20,"cards_played":["Frothing Berserker","Unstable Ghoul"],"current_player":"opponent","my_health":0,"opponent_health":5,"my_armor":0,"opponent_armor":12,"my_hand":2,"opponent_hand":7,"my_board":[],"opponent_board":[{"card_name":"Warsong Commander","card_health":1,"card_attack":2},{"card_name":"Frothing Berserker","card_health":3,"card_attack":12},{"card_name":"Grim Patron","card_health":1,"card_attack":3},{"card_name":"Gnomish Inventor","card_health":2,"card_attack":2},{"card_name":"Grim Patron","card_health":2,"card_attack":3},{"card_name":"Grim Patron","card_health":3,"card_attack":3},{"card_name":"Grim Patron","card_health":3,"card_attack":3}]}],"result":"defeat"}