{"plays":[{"turn":1,"cards_played":[],"current_player":"me","my_health":0,"opponent_health":30,"my_armor":0,"opponent_armor":0,"my_hand":0,"opponent_hand":1,"my_board":[],"opponent_board":[]},{"turn":2,"cards_played":["Zombie Chow"],"current_player":"me","my_health":30,"opponent_health":30,"my_armor":0,"opponent_armor":0,"my_hand":5,"opponent_hand":4,"my_board":[{"card_name":"Zombie Chow","card_health":3,"card_attack":2}],"opponent_board":[]},{"turn":3,"cards_played":["Life Tap"],"current_player":"opponent","my_health":30,"opponent_health":28,"my_armor":0,"opponent_armor":0,"my_hand":5,"opponent_hand":6,"my_board":[{"card_name":"Zombie Chow","card_health":3,"card_attack":2}],"opponent_board":[]},{"turn":4,"cards_played":["Mana Wyrm","Mana Wyrm"],"current_player":"me","my_health":30,"opponent_health":26,"my_armor":0,"opponent_armor":0,"my_hand":4,"opponent_hand":6,"my_board":[{"card_name":"Mana Wyrm","card_health":3,"card_attack":1},{"card_name":"Mana Wyrm","card_health":3,"card_attack":1},{"card_name":"Zombie Chow","card_health":3,"card_attack":2}],"opponent_board":[]},{"turn":5,"cards_played":["Life Tap"],"current_player":"opponent","my_health":30,"opponent_health":24,"my_armor":0,"opponent_armor":0,"my_hand":4,"opponent_hand":8,"my_board":[{"card_name":"Mana Wyrm","card_health":3,"card_attack":1},{"card_name":"Mana Wyrm","card_health":3,"card_attack":1},{"card_name":"Zombie Chow","card_health":3,"card_attack":2}],"opponent_board":[]},{"turn":6,"cards_played":[],"current_player":"me","my_health":30,"opponent_health":18,"my_armor":0,"opponent_armor":0,"my_hand":4,"opponent_hand":8,"my_board":[{"card_name":"Mana Wyrm","card_health":3,"card_attack":2},{"card_name":"Mana Wyrm","card_health":3,"card_attack":2},{"card_name":"Zombie Chow","card_health":3,"card_attack":2}],"opponent_board":[]},{"turn":7,"cards_played":["Darkbomb","Life Tap"],"current_player":"opponent","my_health":30,"opponent_health":21,"my_armor":0,"opponent_armor":0,"my_hand":4,"opponent_hand":9,"my_board":[{"card_name":"Mana Wyrm","card_health":3,"card_attack":2},{"card_name":"Mana Wyrm","card_health":3,"card_attack":2}],"opponent_board":[]},{"turn":8,"cards_played":[],"current_player":"me","my_health":30,"opponent_health":15,"my_armor":0,"opponent_armor":0,"my_hand":4,"opponent_hand":9,"my_board":[{"card_name":"Mana Wyrm","card_health":3,"card_attack":3},{"card_name":"Mana Wyrm","card_health":3,"card_attack":3}],"opponent_board":[]},{"turn":9,"cards_played":["Ironbeak Owl","Mortal Coil","Darkbomb"],"current_player":"opponent","my_health":30,"opponent_health":15,"my_armor":0,"opponent_armor":0,"my_hand":4,"opponent_hand":8,"my_board":[{"card_name":"Mana Wyrm","card_health":3,"card_attack":1}],"opponent_board":[{"card_name":"Ironbeak Owl","card_health":1,"card_attack":2}]},{"turn":10,"cards_played":["Sludge Belcher"],"current_player":"me","my_health":30,"opponent_health":15,"my_armor":0,"opponent_armor":0,"my_hand":4,"opponent_hand":8,"my_board":[{"card_name":"Mana Wyrm","card_health":1,"card_attack":1},{"card_name":"Sludge Belcher","card_health":5,"card_attack":3}],"opponent_board":[]},{"turn":11,"cards_played":["Emperor Thaurissan"],"current_player":"opponent","my_health":30,"opponent_health":15,"my_armor":0,"opponent_armor":0,"my_hand":4,"opponent_hand":8,"my_board":[{"card_name":"Mana Wyrm","card_health":1,"card_attack":1},{"card_name":"Sludge Belcher","card_health":5,"card_attack":3}],"opponent_board":[{"card_name":"Emperor Thaurissan","card_health":5,"card_attack":5}]},{"turn":12,"cards_played":["Water Elemental","Fireblast","Fireblast"],"current_player":"me","my_health":30,"opponent_health":10,"my_armor":0,"opponent_armor":0,"my_hand":4,"opponent_hand":8,"my_board":[{"card_name":"Water Elemental","card_health":6,"card_attack":3},{"card_name":"Mana Wyrm","card_health":1,"card_attack":1},{"card_name":"Sludge Belcher","card_health":5,"card_attack":3}],"opponent_board":[{"card_name":"Emperor Thaurissan","card_health":5,"card_attack":5}]},{"turn":13,"cards_played":["Molten Giant","Shadowflame","Sludge Belcher"],"current_player":"opponent","my_health":30,"opponent_health":10,"my_armor":0,"opponent_armor":0,"my_hand":4,"opponent_hand":6,"my_board":[],"opponent_board":[{"card_name":"Sludge Belcher","card_health":5,"card_attack":3},{"card_name":"Emperor Thaurissan","card_health":4,"card_attack":5}]},{"turn":14,"cards_played":["The Coin","Ragnaros the Firelord"],"current_player":"me","my_health":30,"opponent_health":10,"my_armor":0,"opponent_armor":0,"my_hand":3,"opponent_hand":6,"my_board":[{"card_name":"Ragnaros the Firelord","card_health":8,"card_attack":8}],"opponent_board":[{"card_name":"Sludge Belcher","card_health":5,"card_attack":3},{"card_name":"Emperor Thaurissan","card_health":4,"card_attack":5}]},{"turn":15,"cards_played":["Siphon Soul","Twilight Drake"],"current_player":"opponent","my_health":30,"opponent_health":5,"my_armor":0,"opponent_armor":0,"my_hand":3,"opponent_hand":5,"my_board":[],"opponent_board":[{"card_name":"Sludge Belcher","card_health":5,"card_attack":3},{"card_name":"Twilight Drake","card_health":6,"card_attack":4},{"card_name":"Emperor Thaurissan","card_health":4,"card_attack":5}]},{"turn":16,"cards_played":["Fireblast"],"current_player":"me","my_health":30,"opponent_health":4,"my_armor":0,"opponent_armor":0,"my_hand":4,"opponent_hand":5,"my_board":[],"opponent_board":[{"card_name":"Sludge Belcher","card_health":5,"card_attack":3},{"card_name":"Twilight Drake","card_health":6,"card_attack":4},{"card_name":"Emperor Thaurissan","card_health":4,"card_attack":5}]},{"turn":17,"cards_played":["Mountain Giant","Sylvanas Windrunner"],"current_player":"opponent","my_health":18,"opponent_health":4,"my_armor":0,"opponent_armor":0,"my_hand":4,"opponent_hand":4,"my_board":[],"opponent_board":[{"card_name":"Sludge Belcher","card_health":5,"card_attack":3},{"card_name":"Mountain Giant","card_health":8,"card_attack":8},{"card_name":"Twilight Drake","card_health":6,"card_attack":4},{"card_name":"Emperor Thaurissan","card_health":4,"card_attack":5},{"card_name":"Sylvanas Windrunner","card_health":5,"card_attack":5}]},{"turn":18,"cards_played":["Zombie Chow","Mad Scientist","Fireblast","Frostbolt"],"current_player":"me","my_health":18,"opponent_health":0,"my_armor":0,"opponent_armor":0,"my_hand":2,"opponent_hand":4,"my_board":[{"card_name":"Zombie Chow","card_health":3,"card_attack":2},{"card_name":"Mad Scientist","card_health":2,"card_attack":2}],"opponent_board":[{"card_name":"Sludge Belcher","card_health":5,"card_attack":3},{"card_name":"Mountain Giant","card_health":8,"card_attack":8},{"card_name":"Twilight Drake","card_health":6,"card_attack":4},{"card_name":"Emperor Thaurissan","card_health":4,"card_attack":5},{"card_name":"Sylvanas Windrunner","card_health":5,"card_attack":5}]}],"result":"victory"}