{"plays":[{"turn":1,"cards_played":[],"current_player":"opponent","my_health":30,"opponent_health":0,"my_armor":0,"opponent_armor":0,"my_hand":1,"opponent_hand":0,"my_board":[],"opponent_board":[]},{"turn":2,"cards_played":["Mana Wyrm","The Coin","Darkbomb"],"current_player":"opponent","my_health":30,"opponent_health":30,"my_armor":0,"opponent_armor":0,"my_hand":3,"opponent_hand":4,"my_board":[],"opponent_board":[]},{"turn":3,"cards_played":["Mana Wyrm"],"current_player":"me","my_health":30,"opponent_health":30,"my_armor":0,"opponent_armor":0,"my_hand":3,"opponent_hand":4,"my_board":[{"card_name":"Mana Wyrm","card_health":3,"card_attack":1}],"opponent_board":[]},{"turn":4,"cards_played":["Life Tap"],"current_player":"opponent","my_health":30,"opponent_health":28,"my_armor":0,"opponent_armor":0,"my_hand":3,"opponent_hand":6,"my_board":[{"card_name":"Mana Wyrm","card_health":3,"card_attack":1}],"opponent_board":[]},{"turn":5,"cards_played":[],"current_player":"me","my_health":30,"opponent_health":26,"my_armor":0,"opponent_armor":0,"my_hand":3,"opponent_hand":6,"my_board":[{"card_name":"Mana Wyrm","card_health":3,"card_attack":2}],"opponent_board":[]},{"turn":6,"cards_played":["Life Tap"],"current_player":"opponent","my_health":30,"opponent_health":24,"my_armor":0,"opponent_armor":0,"my_hand":3,"opponent_hand":8,"my_board":[{"card_name":"Mana Wyrm","card_health":3,"card_attack":2}],"opponent_board":[]},{"turn":7,"cards_played":["Unstable Portal","Unstable Portal","Faerie Dragon"],"current_player":"me","my_health":30,"opponent_health":20,"my_armor":0,"opponent_armor":0,"my_hand":3,"opponent_hand":8,"my_board":[{"card_name":"Mana Wyrm","card_health":3,"card_attack":4},{"card_name":"Faerie Dragon","card_health":2,"card_attack":3}],"opponent_board":[]},{"turn":8,"cards_played":["Hellfire"],"current_player":"opponent","my_health":27,"opponent_health":17,"my_armor":0,"opponent_armor":0,"my_hand":3,"opponent_hand":8,"my_board":[],"opponent_board":[]},{"turn":9,"cards_played":["Fireblast","Fireblast"],"current_player":"me","my_health":27,"opponent_health":16,"my_armor":0,"opponent_armor":0,"my_hand":3,"opponent_hand":8,"my_board":[],"opponent_board":[]},{"turn":10,"cards_played":["Antique Healbot"],"current_player":"opponent","my_health":27,"opponent_health":24,"my_armor":0,"opponent_armor":0,"my_hand":3,"opponent_hand":8,"my_board":[{"card_name":"Antique Healbot","card_health":3,"card_attack":3}],"opponent_board":[{"card_name":"Antique Healbot","card_health":3,"card_attack":3}]},{"turn":11,"cards_played":["Prophet Velen","Fireblast"],"current_player":"me","my_health":27,"opponent_health":22,"my_armor":0,"opponent_armor":0,"my_hand":3,"opponent_hand":8,"my_board":[{"card_name":"Prophet Velen","card_health":7,"card_attack":7}],"opponent_board":[]},{"turn":12,"cards_played":["Life Tap","Big Game Hunter"],"current_player":"opponent","my_health":27,"opponent_health":20,"my_armor":0,"opponent_armor":0,"my_hand":3,"opponent_hand":9,"my_board":[],"opponent_board":[{"card_name":"Big Game Hunter","card_health":2,"card_attack":4}]},{"turn":13,"cards_played":["Frostbolt","Fireblast"],"current_player":"me","my_health":27,"opponent_health":19,"my_armor":0,"opponent_armor":0,"my_hand":3,"opponent_hand":9,"my_board":[],"opponent_board":[]},{"turn":14,"cards_played":["Twilight Drake"],"current_player":"opponent","my_health":27,"opponent_health":19,"my_armor":0,"opponent_armor":0,"my_hand":3,"opponent_hand":9,"my_board":[],"opponent_board":[{"card_name":"Twilight Drake","card_health":1,"card_attack":4}]},{"turn":15,"cards_played":["Water Elemental","Fireblast","Fireblast"],"current_player":"me","my_health":27,"opponent_health":19,"my_armor":0,"opponent_armor":0,"my_hand":3,"opponent_hand":9,"my_board":[{"card_name":"Water Elemental","card_health":6,"card_attack":3}],"opponent_board":[{"card_name":"Twilight Drake","card_health":9,"card_attack":4}]},{"turn":16,"cards_played":["Sludge Belcher","Life Tap"],"current_player":"opponent","my_health":27,"opponent_health":17,"my_armor":4,"opponent_armor":0,"my_hand":3,"opponent_hand":10,"my_board":[{"card_name":"Water Elemental","card_health":6,"card_attack":3}],"opponent_board":[{"card_name":"Sludge Belcher","card_health":5,"card_attack":3},{"card_name":"Twilight Drake","card_health":9,"card_attack":4}]},{"turn":17,"cards_played":["Polymorph","Fireblast","Fireblast"],"current_player":"me","my_health":27,"opponent_health":14,"my_armor":4,"opponent_armor":0,"my_hand":3,"opponent_hand":10,"my_board":[{"card_name":"Water Elemental","card_health":6,"card_attack":3}],"opponent_board":[{"card_name":"Twilight Drake","card_health":9,"card_attack":4}]},{"turn":18,"cards_played":["Twilight Drake","Defender of Argus","Mortal Coil"],"current_player":"opponent","my_health":27,"opponent_health":14,"my_armor":4,"opponent_armor":0,"my_hand":3,"opponent_hand":8,"my_board":[],"opponent_board":[{"card_name":"Twilight Drake","card_health":7,"card_attack":5},{"card_name":"Defender of Argus","card_health":3,"card_attack":2},{"card_name":"Twilight Drake","card_health":11,"card_attack":5}]},{"turn":19,"cards_played":["Flamestrike","Flamecannon"],"current_player":"me","my_health":27,"opponent_health":14,"my_armor":4,"opponent_armor":0,"my_hand":2,"opponent_hand":8,"my_board":[],"opponent_board":[{"card_name":"Twilight Drake","card_health":7,"card_attack":5}]},{"turn":20,"cards_played":["Dr. Boom"],"current_player":"opponent","my_health":26,"opponent_health":14,"my_armor":0,"opponent_armor":0,"my_hand":2,"opponent_hand":8,"my_board":[],"opponent_board":[{"card_name":"Twilight Drake","card_health":7,"card_attack":5},{"card_name":"Dr. Boom","card_health":7,"card_attack":7},{"card_name":"Boom Bot","card_health":1,"card_attack":1},{"card_name":"Boom Bot","card_health":1,"card_attack":1}]},{"turn":21,"cards_played":["Fireblast","Fireblast","Mad Scientist"],"current_player":"me","my_health":22,"opponent_health":14,"my_armor":0,"opponent_armor":0,"my_hand":1,"opponent_hand":8,"my_board":[{"card_name":"Mad Scientist","card_health":2,"card_attack":2}],"opponent_board":[{"card_name":"Twilight Drake","card_health":7,"card_attack":5},{"card_name":"Dr. Boom","card_health":7,"card_attack":7},{"card_name":"Boom Bot","card_health":1,"card_attack":1}]},{"turn":22,"cards_played":["Sunfury Protector","Mountain Giant"],"current_player":"opponent","my_health":18,"opponent_health":14,"my_armor":0,"opponent_armor":0,"my_hand":1,"opponent_hand":7,"my_board":[],"opponent_board":[{"card_name":"Mountain Giant","card_health":8,"card_attack":8},{"card_name":"Sunfury Protector","card_health":3,"card_attack":2},{"card_name":"Twilight Drake","card_health":7,"card_attack":5},{"card_name":"Dr. Boom","card_health":7,"card_attack":7}]},{"turn":23,"cards_played":[],"current_player":"me","my_health":18,"opponent_health":14,"my_armor":0,"opponent_armor":0,"my_hand":2,"opponent_hand":7,"my_board":[],"opponent_board":[{"card_name":"Mountain Giant","card_health":8,"card_attack":8},{"card_name":"Sunfury Protector","card_health":3,"card_attack":2},{"card_name":"Twilight Drake","card_health":7,"card_attack":5},{"card_name":"Dr. Boom","card_health":7,"card_attack":7}]}],"result":"defeat"}