{"plays":[{"turn":1,"cards_played":[],"current_player":"me","my_health":0,"opponent_health":30,"my_armor":0,"opponent_armor":0,"my_hand":0,"opponent_hand":1,"my_board":[],"opponent_board":[]},{"turn":2,"cards_played":["Webspinner"],"current_player":"opponent","my_health":30,"opponent_health":30,"my_armor":0,"opponent_armor":0,"my_hand":4,"opponent_hand":5,"my_board":[],"opponent_board":[{"card_name":"Webspinner","card_health":1,"card_attack":1}]},{"turn":3,"cards_played":["Fireblast","Fireblast"],"current_player":"me","my_health":30,"opponent_health":30,"my_armor":0,"opponent_armor":0,"my_hand":5,"opponent_hand":6,"my_board":[],"opponent_board":[]},{"turn":4,"cards_played":["Mad Scientist"],"current_player":"opponent","my_health":30,"opponent_health":30,"my_armor":0,"opponent_armor":0,"my_hand":5,"opponent_hand":6,"my_board":[],"opponent_board":[{"card_name":"Mad Scientist","card_health":2,"card_attack":2}]},{"turn":5,"cards_played":["Mana Wyrm","Frostbolt"],"current_player":"me","my_health":30,"opponent_health":30,"my_armor":0,"opponent_armor":0,"my_hand":4,"opponent_hand":6,"my_board":[{"card_name":"Mana Wyrm","card_health":3,"card_attack":2}],"opponent_board":[]},{"turn":6,"cards_played":["Eaglehorn Bow"],"current_player":"opponent","my_health":30,"opponent_health":28,"my_armor":0,"opponent_armor":0,"my_hand":4,"opponent_hand":6,"my_board":[],"opponent_board":[]},{"turn":7,"cards_played":["Arcane Intellect","Mana Wyrm"],"current_player":"me","my_health":30,"opponent_health":28,"my_armor":0,"opponent_armor":0,"my_hand":5,"opponent_hand":6,"my_board":[{"card_name":"Mana Wyrm","card_health":3,"card_attack":1}],"opponent_board":[]},{"turn":8,"cards_played":["The Coin","Stampeding Kodo"],"current_player":"opponent","my_health":30,"opponent_health":28,"my_armor":0,"opponent_armor":0,"my_hand":5,"opponent_hand":5,"my_board":[],"opponent_board":[{"card_name":"Stampeding Kodo","card_health":5,"card_attack":3}]},{"turn":9,"cards_played":["Sorcerer's Apprentice","Flamewaker","Arcane Missiles"],"current_player":"me","my_health":30,"opponent_health":28,"my_armor":0,"opponent_armor":0,"my_hand":3,"opponent_hand":5,"my_board":[{"card_name":"Sorcerer's Apprentice","card_health":2,"card_attack":3},{"card_name":"Flamewaker","card_health":4,"card_attack":2}],"opponent_board":[{"card_name":"Stampeding Kodo","card_health":5,"card_attack":3}]},{"turn":10,"cards_played":["Knife Juggler","Hunter's Mark","Unleash the Hounds"],"current_player":"opponent","my_health":26,"opponent_health":25,"my_armor":0,"opponent_armor":0,"my_hand":3,"opponent_hand":3,"my_board":[],"opponent_board":[{"card_name":"Knife Juggler","card_health":2,"card_attack":3},{"card_name":"Stampeding Kodo","card_health":3,"card_attack":3}]},{"turn":11,"cards_played":["Flamecannon","Mad Scientist","Fireblast","Fireblast"],"current_player":"me","my_health":26,"opponent_health":25,"my_armor":0,"opponent_armor":0,"my_hand":2,"opponent_hand":3,"my_board":[{"card_name":"Mad Scientist","card_health":2,"card_attack":2}],"opponent_board":[{"card_name":"Stampeding Kodo","card_health":2,"card_attack":3}]},{"turn":12,"cards_played":["Defender of Argus","Steady Shot"],"current_player":"opponent","my_health":21,"opponent_health":25,"my_armor":0,"opponent_armor":0,"my_hand":2,"opponent_hand":3,"my_board":[],"opponent_board":[{"card_name":"Defender of Argus","card_health":3,"card_attack":2},{"card_name":"Stampeding Kodo","card_health":1,"card_attack":4}]},{"turn":13,"cards_played":["Dr. Boom"],"current_player":"me","my_health":21,"opponent_health":25,"my_armor":0,"opponent_armor":0,"my_hand":2,"opponent_hand":3,"my_board":[{"card_name":"Dr. Boom","card_health":7,"card_attack":7},{"card_name":"Boom Bot","card_health":1,"card_attack":1},{"card_name":"Boom Bot","card_health":1,"card_attack":1}],"opponent_board":[{"card_name":"Defender of Argus","card_health":3,"card_attack":2},{"card_name":"Stampeding Kodo","card_health":1,"card_attack":4}]},{"turn":14,"cards_played":["Kezan Mystic","Kill Command"],"current_player":"opponent","my_health":17,"opponent_health":25,"my_armor":0,"opponent_armor":0,"my_hand":2,"opponent_hand":2,"my_board":[{"card_name":"Boom Bot","card_health":1,"card_attack":1},{"card_name":"Boom Bot","card_health":1,"card_attack":1}],"opponent_board":[{"card_name":"Kezan Mystic","card_health":3,"card_attack":4},{"card_name":"Stampeding Kodo","card_health":1,"card_attack":4}]},{"turn":15,"cards_played":["Fireblast","Emperor Thaurissan"],"current_player":"me","my_health":17,"opponent_health":25,"my_armor":0,"opponent_armor":0,"my_hand":2,"opponent_hand":2,"my_board":[{"card_name":"Emperor Thaurissan","card_health":5,"card_attack":5}],"opponent_board":[{"card_name":"Kezan Mystic","card_health":2,"card_attack":4}]},{"turn":16,"cards_played":["Animal Companion","Steady Shot"],"current_player":"opponent","my_health":7,"opponent_health":25,"my_armor":0,"opponent_armor":0,"my_hand":2,"opponent_hand":1,"my_board":[{"card_name":"Emperor Thaurissan","card_health":5,"card_attack":5}],"opponent_board":[{"card_name":"Kezan Mystic","card_health":2,"card_attack":4},{"card_name":"Huffer","card_health":2,"card_attack":4}]},{"turn":17,"cards_played":["Fireball","Fireball","Fireblast","Fireblast"],"current_player":"me","my_health":7,"opponent_health":24,"my_armor":0,"opponent_armor":0,"my_hand":1,"opponent_hand":1,"my_board":[{"card_name":"Emperor Thaurissan","card_health":1,"card_attack":5}],"opponent_board":[]},{"turn":18,"cards_played":["Haunted Creeper","Steady Shot"],"current_player":"opponent","my_health":5,"opponent_health":24,"my_armor":0,"opponent_armor":0,"my_hand":1,"opponent_hand":1,"my_board":[{"card_name":"Emperor Thaurissan","card_health":1,"card_attack":5}],"opponent_board":[{"card_name":"Haunted Creeper","card_health":2,"card_attack":1}]},{"turn":19,"cards_played":["Flamewaker","Fireblast","Fireblast"],"current_player":"me","my_health":5,"opponent_health":24,"my_armor":0,"opponent_armor":0,"my_hand":1,"opponent_hand":1,"my_board":[{"card_name":"Flamewaker","card_health":4,"card_attack":2}],"opponent_board":[{"card_name":"Spectral Spider","card_health":1,"card_attack":1}]},{"turn":20,"cards_played":["Dr. Boom","Steady Shot"],"current_player":"opponent","my_health":2,"opponent_health":24,"my_armor":0,"opponent_armor":0,"my_hand":1,"opponent_hand":1,"my_board":[{"card_name":"Flamewaker","card_health":4,"card_attack":2}],"opponent_board":[{"card_name":"Dr. Boom","card_health":7,"card_attack":7},{"card_name":"Spectral Spider","card_health":1,"card_attack":1},{"card_name":"Boom Bot","card_health":1,"card_attack":1},{"card_name":"Boom Bot","card_health":1,"card_attack":1}]},{"turn":21,"cards_played":["Pyroblast","Fireblast","Fireblast"],"current_player":"me","my_health":2,"opponent_health":13,"my_armor":0,"opponent_armor":0,"my_hand":1,"opponent_hand":1,"my_board":[],"opponent_board":[{"card_name":"Dr. Boom","card_health":7,"card_attack":7},{"card_name":"Spectral Spider","card_health":1,"card_attack":1}]},{"turn":22,"cards_played":[],"current_player":"opponent","my_health":-5,"opponent_health":13,"my_armor":0,"opponent_armor":0,"my_hand":1,"opponent_hand":2,"my_board":[],"opponent_board":[{"card_name":"Dr. Boom","card_health":7,"card_attack":7},{"card_name":"Spectral Spider","card_health":1,"card_attack":1}]}],"result":"defeat"}