{"plays":[{"turn":1,"cards_played":[],"current_player":"me","my_health":0,"opponent_health":30,"my_armor":0,"opponent_armor":0,"my_hand":0,"opponent_hand":1,"my_board":[],"opponent_board":[]},{"turn":2,"cards_played":["The Coin","Haunted Creeper"],"current_player":"opponent","my_health":30,"opponent_health":30,"my_armor":0,"opponent_armor":0,"my_hand":4,"opponent_hand":4,"my_board":[],"opponent_board":[{"card_name":"Haunted Creeper","card_health":2,"card_attack":1}]},{"turn":3,"cards_played":["Unstable Portal","Stonesplinter Trogg"],"current_player":"me","my_health":30,"opponent_health":30,"my_armor":0,"opponent_armor":0,"my_hand":4,"opponent_hand":4,"my_board":[{"card_name":"Stonesplinter Trogg","card_health":3,"card_attack":2}],"opponent_board":[{"card_name":"Haunted Creeper","card_health":2,"card_attack":1}]},{"turn":4,"cards_played":[],"current_player":"opponent","my_health":29,"opponent_health":30,"my_armor":0,"opponent_armor":0,"my_hand":4,"opponent_hand":4,"my_board":[{"card_name":"Stonesplinter Trogg","card_health":3,"card_attack":3}],"opponent_board":[{"card_name":"Haunted Creeper","card_health":2,"card_attack":1}]},{"turn":5,"cards_played":["Flamewaker"],"current_player":"me","my_health":29,"opponent_health":27,"my_armor":0,"opponent_armor":0,"my_hand":4,"opponent_hand":4,"my_board":[{"card_name":"Flamewaker","card_health":4,"card_attack":2},{"card_name":"Stonesplinter Trogg","card_health":3,"card_attack":3}],"opponent_board":[{"card_name":"Haunted Creeper","card_health":2,"card_attack":1}]},{"turn":6,"cards_played":["Animal Companion"],"current_player":"opponent","my_health":28,"opponent_health":27,"my_armor":0,"opponent_armor":0,"my_hand":4,"opponent_hand":4,"my_board":[{"card_name":"Flamewaker","card_health":4,"card_attack":2},{"card_name":"Stonesplinter Trogg","card_health":3,"card_attack":4}],"opponent_board":[{"card_name":"Haunted Creeper","card_health":2,"card_attack":1},{"card_name":"Misha","card_health":4,"card_attack":4}]},{"turn":7,"cards_played":["Frostbolt","Fireblast","Fireblast"],"current_player":"me","my_health":28,"opponent_health":20,"my_armor":0,"opponent_armor":0,"my_hand":4,"opponent_hand":4,"my_board":[{"card_name":"Flamewaker","card_health":4,"card_attack":2},{"card_name":"Stonesplinter Trogg","card_health":3,"card_attack":4}],"opponent_board":[{"card_name":"Haunted Creeper","card_health":1,"card_attack":1}]},{"turn":8,"cards_played":["Knife Juggler","Scavenging Hyena"],"current_player":"opponent","my_health":27,"opponent_health":20,"my_armor":0,"opponent_armor":0,"my_hand":4,"opponent_hand":3,"my_board":[{"card_name":"Flamewaker","card_health":3,"card_attack":2},{"card_name":"Stonesplinter Trogg","card_health":1,"card_attack":4}],"opponent_board":[{"card_name":"Scavenging Hyena","card_health":2,"card_attack":2},{"card_name":"Knife Juggler","card_health":2,"card_attack":3},{"card_name":"Spectral Spider","card_health":1,"card_attack":1},{"card_name":"Spectral Spider","card_health":1,"card_attack":1}]},{"turn":9,"cards_played":["Fireblast","Fireblast"],"current_player":"me","my_health":27,"opponent_health":13,"my_armor":0,"opponent_armor":0,"my_hand":4,"opponent_hand":3,"my_board":[{"card_name":"Flamewaker","card_health":3,"card_attack":2},{"card_name":"Stonesplinter Trogg","card_health":1,"card_attack":4}],"opponent_board":[{"card_name":"Scavenging Hyena","card_health":2,"card_attack":4},{"card_name":"Knife Juggler","card_health":2,"card_attack":3},{"card_name":"Spectral Spider","card_health":1,"card_attack":1}]},{"turn":10,"cards_played":["Ram Wrangler"],"current_player":"opponent","my_health":23,"opponent_health":13,"my_armor":0,"opponent_armor":0,"my_hand":4,"opponent_hand":3,"my_board":[{"card_name":"Flamewaker","card_health":2,"card_attack":2}],"opponent_board":[{"card_name":"Ram Wrangler","card_health":3,"card_attack":3},{"card_name":"Knife Juggler","card_health":2,"card_attack":3},{"card_name":"Spectral Spider","card_health":1,"card_attack":1},{"card_name":"Mukla's Champion","card_health":3,"card_attack":4}]},{"turn":11,"cards_played":["Azure Drake","Arcane Missiles"],"current_player":"me","my_health":23,"opponent_health":10,"my_armor":0,"opponent_armor":0,"my_hand":4,"opponent_hand":3,"my_board":[{"card_name":"Azure Drake","card_health":4,"card_attack":4},{"card_name":"Flamewaker","card_health":2,"card_attack":2}],"opponent_board":[{"card_name":"Ram Wrangler","card_health":2,"card_attack":3},{"card_name":"Knife Juggler","card_health":2,"card_attack":3}]},{"turn":12,"cards_played":["Webspinner","Webspinner","Leper Gnome","Ironbeak Owl"],"current_player":"opponent","my_health":20,"opponent_health":10,"my_armor":0,"opponent_armor":0,"my_hand":4,"opponent_hand":0,"my_board":[],"opponent_board":[{"card_name":"Webspinner","card_health":1,"card_attack":1},{"card_name":"Knife Juggler","card_health":2,"card_attack":3},{"card_name":"Webspinner","card_health":1,"card_attack":1},{"card_name":"Ironbeak Owl","card_health":1,"card_attack":2},{"card_name":"Leper Gnome","card_health":1,"card_attack":2}]},{"turn":13,"cards_played":["Flamestrike"],"current_player":"me","my_health":20,"opponent_health":10,"my_armor":0,"opponent_armor":0,"my_hand":4,"opponent_hand":2,"my_board":[],"opponent_board":[]},{"turn":14,"cards_played":["Ironfur Grizzly","Houndmaster"],"current_player":"opponent","my_health":18,"opponent_health":10,"my_armor":0,"opponent_armor":0,"my_hand":4,"opponent_hand":1,"my_board":[],"opponent_board":[{"card_name":"Houndmaster","card_health":3,"card_attack":4},{"card_name":"Ironfur Grizzly","card_health":3,"card_attack":3}]},{"turn":15,"cards_played":["Azure Drake","Sorcerer's Apprentice","Frostbolt"],"current_player":"me","my_health":18,"opponent_health":10,"my_armor":0,"opponent_armor":0,"my_hand":3,"opponent_hand":1,"my_board":[{"card_name":"Sorcerer's Apprentice","card_health":2,"card_attack":3},{"card_name":"Azure Drake","card_health":4,"card_attack":4}],"opponent_board":[{"card_name":"Houndmaster","card_health":3,"card_attack":4},{"card_name":"Ironfur Grizzly","card_health":5,"card_attack":5}]},{"turn":16,"cards_played":["Mad Scientist","Scavenging Hyena","Steady Shot"],"current_player":"opponent","my_health":16,"opponent_health":10,"my_armor":0,"opponent_armor":0,"my_hand":3,"opponent_hand":0,"my_board":[{"card_name":"Sorcerer's Apprentice","card_health":2,"card_attack":3}],"opponent_board":[{"card_name":"Mad Scientist","card_health":2,"card_attack":2},{"card_name":"Scavenging Hyena","card_health":2,"card_attack":2},{"card_name":"Ironfur Grizzly","card_health":1,"card_attack":5}]},{"turn":17,"cards_played":["Fireblast","Fireblast","Dr. Boom","Mirror Image"],"current_player":"me","my_health":16,"opponent_health":7,"my_armor":0,"opponent_armor":0,"my_hand":2,"opponent_hand":0,"my_board":[{"card_name":"Sorcerer's Apprentice","card_health":2,"card_attack":3},{"card_name":"Dr. Boom","card_health":7,"card_attack":7},{"card_name":"Boom Bot","card_health":1,"card_attack":1},{"card_name":"Boom Bot","card_health":1,"card_attack":1},{"card_name":"Mirror Image","card_health":2,"card_attack":0},{"card_name":"Mirror Image","card_health":2,"card_attack":0}],"opponent_board":[{"card_name":"Mad Scientist","card_health":2,"card_attack":2},{"card_name":"Scavenging Hyena","card_health":3,"card_attack":4}]},{"turn":18,"cards_played":["Houndmaster","Steady Shot"],"current_player":"opponent","my_health":14,"opponent_health":7,"my_armor":0,"opponent_armor":0,"my_hand":2,"opponent_hand":0,"my_board":[{"card_name":"Sorcerer's Apprentice","card_health":2,"card_attack":3},{"card_name":"Dr. Boom","card_health":7,"card_attack":7},{"card_name":"Boom Bot","card_health":1,"card_attack":1},{"card_name":"Boom Bot","card_health":1,"card_attack":1}],"opponent_board":[{"card_name":"Mad Scientist","card_health":2,"card_attack":2},{"card_name":"Houndmaster","card_health":3,"card_attack":4},{"card_name":"Scavenging Hyena","card_health":5,"card_attack":6}]},{"turn":19,"cards_played":[],"current_player":"me","my_health":14,"opponent_health":0,"my_armor":0,"opponent_armor":0,"my_hand":3,"opponent_hand":0,"my_board":[{"card_name":"Dr. Boom","card_health":7,"card_attack":7},{"card_name":"Boom Bot","card_health":1,"card_attack":1}],"opponent_board":[{"card_name":"Mad Scientist","card_health":2,"card_attack":2},{"card_name":"Houndmaster","card_health":3,"card_attack":4},{"card_name":"Snake","card_health":1,"card_attack":1},{"card_name":"Snake","card_health":1,"card_attack":1},{"card_name":"Snake","card_health":1,"card_attack":1}]}],"result":"victory"}