{"plays":[{"turn":1,"cards_played":[],"current_player":"opponent","my_health":30,"opponent_health":0,"my_armor":0,"opponent_armor":0,"my_hand":1,"opponent_hand":0,"my_board":[],"opponent_board":[]},{"turn":2,"cards_played":[],"current_player":"me","my_health":30,"opponent_health":30,"my_armor":0,"opponent_armor":0,"my_hand":6,"opponent_hand":4,"my_board":[],"opponent_board":[]},{"turn":3,"cards_played":["Armorsmith"],"current_player":"opponent","my_health":30,"opponent_health":30,"my_armor":0,"opponent_armor":0,"my_hand":6,"opponent_hand":4,"my_board":[],"opponent_board":[{"card_name":"Armorsmith","card_health":4,"card_attack":1}]},{"turn":4,"cards_played":["Sorcerer's Apprentice","Mirror Image"],"current_player":"me","my_health":30,"opponent_health":30,"my_armor":0,"opponent_armor":0,"my_hand":5,"opponent_hand":4,"my_board":[{"card_name":"Sorcerer's Apprentice","card_health":2,"card_attack":3},{"card_name":"Mirror Image","card_health":2,"card_attack":0},{"card_name":"Mirror Image","card_health":2,"card_attack":0}],"opponent_board":[{"card_name":"Armorsmith","card_health":4,"card_attack":1}]},{"turn":5,"cards_played":["Unstable Ghoul"],"current_player":"opponent","my_health":30,"opponent_health":30,"my_armor":0,"opponent_armor":0,"my_hand":5,"opponent_hand":4,"my_board":[{"card_name":"Sorcerer's Apprentice","card_health":2,"card_attack":3},{"card_name":"Mirror Image","card_health":1,"card_attack":0},{"card_name":"Mirror Image","card_health":2,"card_attack":0}],"opponent_board":[{"card_name":"Unstable Ghoul","card_health":3,"card_attack":1},{"card_name":"Armorsmith","card_health":4,"card_attack":1}]},{"turn":6,"cards_played":["Sorcerer's Apprentice"],"current_player":"me","my_health":30,"opponent_health":30,"my_armor":0,"opponent_armor":0,"my_hand":5,"opponent_hand":4,"my_board":[{"card_name":"Sorcerer's Apprentice","card_health":2,"card_attack":3},{"card_name":"Sorcerer's Apprentice","card_health":2,"card_attack":3},{"card_name":"Mirror Image","card_health":1,"card_attack":0},{"card_name":"Mirror Image","card_health":2,"card_attack":0}],"opponent_board":[{"card_name":"Unstable Ghoul","card_health":3,"card_attack":1},{"card_name":"Armorsmith","card_health":4,"card_attack":1}]},{"turn":7,"cards_played":["Whirlwind","Battle Rage"],"current_player":"opponent","my_health":30,"opponent_health":30,"my_armor":0,"opponent_armor":4,"my_hand":5,"opponent_hand":5,"my_board":[],"opponent_board":[{"card_name":"Armorsmith","card_health":2,"card_attack":1}]},{"turn":8,"cards_played":["Arcane Intellect"],"current_player":"me","my_health":30,"opponent_health":30,"my_armor":0,"opponent_armor":4,"my_hand":7,"opponent_hand":5,"my_board":[],"opponent_board":[{"card_name":"Armorsmith","card_health":2,"card_attack":1}]},{"turn":9,"cards_played":["Shield Block","Armor Up!"],"current_player":"opponent","my_health":29,"opponent_health":30,"my_armor":0,"opponent_armor":11,"my_hand":7,"opponent_hand":6,"my_board":[],"opponent_board":[{"card_name":"Armorsmith","card_health":2,"card_attack":1}]},{"turn":10,"cards_played":["Flamewaker","Arcane Missiles"],"current_player":"me","my_health":29,"opponent_health":30,"my_armor":0,"opponent_armor":12,"my_hand":6,"opponent_hand":6,"my_board":[{"card_name":"Flamewaker","card_health":4,"card_attack":2}],"opponent_board":[]},{"turn":11,"cards_played":["Shield Block","Armor Up!"],"current_player":"opponent","my_health":29,"opponent_health":30,"my_armor":0,"opponent_armor":17,"my_hand":6,"opponent_hand":7,"my_board":[{"card_name":"Flamewaker","card_health":4,"card_attack":2}],"opponent_board":[]},{"turn":12,"cards_played":["Flamewaker","The Coin","Echo of Medivh"],"current_player":"me","my_health":29,"opponent_health":30,"my_armor":0,"opponent_armor":7,"my_hand":6,"opponent_hand":7,"my_board":[{"card_name":"Flamewaker","card_health":4,"card_attack":2},{"card_name":"Flamewaker","card_health":4,"card_attack":2}],"opponent_board":[]},{"turn":13,"cards_played":["Emperor Thaurissan"],"current_player":"opponent","my_health":29,"opponent_health":30,"my_armor":0,"opponent_armor":7,"my_hand":6,"opponent_hand":7,"my_board":[{"card_name":"Flamewaker","card_health":4,"card_attack":2},{"card_name":"Flamewaker","card_health":4,"card_attack":2}],"opponent_board":[{"card_name":"Emperor Thaurissan","card_health":5,"card_attack":5}]},{"turn":14,"cards_played":["Flamewaker","Flamecannon","Fireblast","Fireblast"],"current_player":"me","my_health":29,"opponent_health":27,"my_armor":0,"opponent_armor":0,"my_hand":5,"opponent_hand":7,"my_board":[{"card_name":"Flamewaker","card_health":4,"card_attack":2},{"card_name":"Flamewaker","card_health":4,"card_attack":2},{"card_name":"Flamewaker","card_health":4,"card_attack":2}],"opponent_board":[]},{"turn":15,"cards_played":["Grim Patron","Inner Rage","Whirlwind","Fiery War Axe","Execute","Armor Up!"],"current_player":"opponent","my_health":29,"opponent_health":25,"my_armor":0,"opponent_armor":2,"my_hand":5,"opponent_hand":3,"my_board":[{"card_name":"Flamewaker","card_health":3,"card_attack":2}],"opponent_board":[{"card_name":"Grim Patron","card_health":1,"card_attack":5},{"card_name":"Grim Patron","card_health":2,"card_attack":3},{"card_name":"Grim Patron","card_health":3,"card_attack":3},{"card_name":"Grim Patron","card_health":3,"card_attack":3}]},{"turn":16,"cards_played":["Fireblast","Fireblast"],"current_player":"me","my_health":29,"opponent_health":25,"my_armor":0,"opponent_armor":2,"my_hand":5,"opponent_hand":3,"my_board":[],"opponent_board":[{"card_name":"Grim Patron","card_health":3,"card_attack":3},{"card_name":"Grim Patron","card_health":3,"card_attack":3}]},{"turn":17,"cards_played":["Frothing Berserker","Grim Patron","Armor Up!"],"current_player":"opponent","my_health":20,"opponent_health":25,"my_armor":0,"opponent_armor":4,"my_hand":5,"opponent_hand":2,"my_board":[],"opponent_board":[{"card_name":"Frothing Berserker","card_health":4,"card_attack":2},{"card_name":"Grim Patron","card_health":3,"card_attack":3},{"card_name":"Grim Patron","card_health":3,"card_attack":3},{"card_name":"Grim Patron","card_health":3,"card_attack":3}]},{"turn":18,"cards_played":["Unstable Portal","Tuskarr Totemic","Dr. Boom"],"current_player":"me","my_health":20,"opponent_health":25,"my_armor":0,"opponent_armor":4,"my_hand":4,"opponent_hand":2,"my_board":[{"card_name":"Dr. Boom","card_health":7,"card_attack":7},{"card_name":"Tuskarr Totemic","card_health":2,"card_attack":3},{"card_name":"Stoneclaw Totem","card_health":2,"card_attack":0},{"card_name":"Boom Bot","card_health":1,"card_attack":1},{"card_name":"Boom Bot","card_health":1,"card_attack":1}],"opponent_board":[{"card_name":"Frothing Berserker","card_health":4,"card_attack":2},{"card_name":"Grim Patron","card_health":3,"card_attack":3},{"card_name":"Grim Patron","card_health":3,"card_attack":3},{"card_name":"Grim Patron","card_health":3,"card_attack":3}]},{"turn":19,"cards_played":["Armorsmith","Battle Rage","Armor Up!"],"current_player":"opponent","my_health":12,"opponent_health":25,"my_armor":0,"opponent_armor":9,"my_hand":4,"opponent_hand":1,"my_board":[{"card_name":"Dr. Boom","card_health":7,"card_attack":7},{"card_name":"Boom Bot","card_health":1,"card_attack":1}],"opponent_board":[{"card_name":"Frothing Berserker","card_health":4,"card_attack":8},{"card_name":"Armorsmith","card_health":4,"card_attack":1},{"card_name":"Grim Patron","card_health":2,"card_attack":3},{"card_name":"Grim Patron","card_health":3,"card_attack":3},{"card_name":"Grim Patron","card_health":3,"card_attack":3},{"card_name":"Grim Patron","card_health":3,"card_attack":3}]},{"turn":20,"cards_played":["Flamewaker","Fireball"],"current_player":"me","my_health":12,"opponent_health":25,"my_armor":0,"opponent_armor":16,"my_hand":2,"opponent_hand":1,"my_board":[{"card_name":"Dr. Boom","card_health":7,"card_attack":7},{"card_name":"Flamewaker","card_health":4,"card_attack":2}],"opponent_board":[{"card_name":"Armorsmith","card_health":3,"card_attack":1},{"card_name":"Grim Patron","card_health":2,"card_attack":3},{"card_name":"Grim Patron","card_health":2,"card_attack":3},{"card_name":"Grim Patron","card_health":2,"card_attack":3},{"card_name":"Grim Patron","card_health":3,"card_attack":3},{"card_name":"Grim Patron","card_health":3,"card_attack":3}]}],"result":"defeat"}