{"plays":[{"turn":1,"cards_played":[],"current_player":"me","my_health":0,"opponent_health":30,"my_armor":0,"opponent_armor":0,"my_hand":0,"opponent_hand":1,"my_board":[],"opponent_board":[]},{"turn":2,"cards_played":["Mana Wyrm"],"current_player":"opponent","my_health":30,"opponent_health":30,"my_armor":0,"opponent_armor":0,"my_hand":4,"opponent_hand":5,"my_board":[],"opponent_board":[{"card_name":"Mana Wyrm","card_health":3,"card_attack":1}]},{"turn":3,"cards_played":["Frostbolt"],"current_player":"me","my_health":30,"opponent_health":30,"my_armor":0,"opponent_armor":0,"my_hand":4,"opponent_hand":5,"my_board":[],"opponent_board":[]},{"turn":4,"cards_played":["Mad Scientist"],"current_player":"opponent","my_health":30,"opponent_health":30,"my_armor":0,"opponent_armor":0,"my_hand":4,"opponent_hand":5,"my_board":[],"opponent_board":[{"card_name":"Mad Scientist","card_health":2,"card_attack":2}]},{"turn":5,"cards_played":["Mad Scientist"],"current_player":"me","my_health":30,"opponent_health":30,"my_armor":0,"opponent_armor":0,"my_hand":4,"opponent_hand":5,"my_board":[{"card_name":"Mad Scientist","card_health":2,"card_attack":2}],"opponent_board":[{"card_name":"Mad Scientist","card_health":2,"card_attack":2}]},{"turn":6,"cards_played":["The Coin","Piloted Shredder"],"current_player":"opponent","my_health":28,"opponent_health":30,"my_armor":0,"opponent_armor":0,"my_hand":4,"opponent_hand":4,"my_board":[{"card_name":"Mad Scientist","card_health":2,"card_attack":2}],"opponent_board":[{"card_name":"Piloted Shredder","card_health":3,"card_attack":4},{"card_name":"Mad Scientist","card_health":2,"card_attack":2}]},{"turn":7,"cards_played":["Flamewaker","Mirror Image"],"current_player":"me","my_health":28,"opponent_health":29,"my_armor":0,"opponent_armor":0,"my_hand":3,"opponent_hand":4,"my_board":[{"card_name":"Flamewaker","card_health":4,"card_attack":2},{"card_name":"Mirror Image","card_health":2,"card_attack":0},{"card_name":"Mirror Image","card_health":2,"card_attack":0}],"opponent_board":[{"card_name":"Piloted Shredder","card_health":3,"card_attack":4}]},{"turn":8,"cards_played":["Sorcerer's Apprentice","Flamecannon"],"current_player":"opponent","my_health":28,"opponent_health":29,"my_armor":0,"opponent_armor":0,"my_hand":3,"opponent_hand":3,"my_board":[{"card_name":"Flamewaker","card_health":4,"card_attack":2},{"card_name":"Mirror Image","card_health":2,"card_attack":0}],"opponent_board":[{"card_name":"Piloted Shredder","card_health":3,"card_attack":4},{"card_name":"Sorcerer's Apprentice","card_health":2,"card_attack":3}]},{"turn":9,"cards_played":["Arcane Missiles","Fireblast","Fireblast","Mad Scientist"],"current_player":"me","my_health":28,"opponent_health":28,"my_armor":0,"opponent_armor":0,"my_hand":2,"opponent_hand":3,"my_board":[{"card_name":"Mad Scientist","card_health":2,"card_attack":2},{"card_name":"Flamewaker","card_health":2,"card_attack":2},{"card_name":"Mirror Image","card_health":2,"card_attack":0}],"opponent_board":[{"card_name":"Mad Scientist","card_health":2,"card_attack":2}]},{"turn":10,"cards_played":["Azure Drake"],"current_player":"opponent","my_health":28,"opponent_health":28,"my_armor":0,"opponent_armor":0,"my_hand":2,"opponent_hand":4,"my_board":[{"card_name":"Mad Scientist","card_health":2,"card_attack":2},{"card_name":"Flamewaker","card_health":2,"card_attack":2}],"opponent_board":[{"card_name":"Azure Drake","card_health":4,"card_attack":4},{"card_name":"Mad Scientist","card_health":2,"card_attack":2}]},{"turn":11,"cards_played":["Mirror Image","Fireball"],"current_player":"me","my_health":28,"opponent_health":18,"my_armor":0,"opponent_armor":0,"my_hand":1,"opponent_hand":4,"my_board":[{"card_name":"Flamewaker","card_health":2,"card_attack":2},{"card_name":"Mirror Image","card_health":2,"card_attack":0},{"card_name":"Mirror Image","card_health":2,"card_attack":0}],"opponent_board":[{"card_name":"Mad Scientist","card_health":2,"card_attack":2}]},{"turn":12,"cards_played":["Loatheb"],"current_player":"opponent","my_health":28,"opponent_health":18,"my_armor":0,"opponent_armor":0,"my_hand":1,"opponent_hand":4,"my_board":[{"card_name":"Flamewaker","card_health":2,"card_attack":2},{"card_name":"Mirror Image","card_health":2,"card_attack":0},{"card_name":"Loatheb","card_health":5,"card_attack":5}],"opponent_board":[{"card_name":"Loatheb","card_health":5,"card_attack":5},{"card_name":"Mad Scientist","card_health":2,"card_attack":2}]},{"turn":13,"cards_played":["Azure Drake","Fireblast","Fireblast"],"current_player":"me","my_health":28,"opponent_health":10,"my_armor":0,"opponent_armor":0,"my_hand":2,"opponent_hand":4,"my_board":[{"card_name":"Azure Drake","card_health":4,"card_attack":4},{"card_name":"Flamewaker","card_health":2,"card_attack":2},{"card_name":"Mirror Image","card_health":2,"card_attack":0},{"card_name":"Loatheb","card_health":5,"card_attack":5}],"opponent_board":[{"card_name":"Loatheb","card_health":5,"card_attack":5},{"card_name":"Mad Scientist","card_health":2,"card_attack":2}]},{"turn":14,"cards_played":["Flamewaker","Frostbolt","Frostbolt"],"current_player":"opponent","my_health":26,"opponent_health":10,"my_armor":0,"opponent_armor":0,"my_hand":2,"opponent_hand":2,"my_board":[],"opponent_board":[{"card_name":"Loatheb","card_health":1,"card_attack":5},{"card_name":"Flamewaker","card_health":4,"card_attack":2},{"card_name":"Mad Scientist","card_health":2,"card_attack":2}]},{"turn":15,"cards_played":["Sorcerer's Apprentice","Arcane Intellect","Arcane Intellect","Fireblast","Fireblast"],"current_player":"me","my_health":26,"opponent_health":10,"my_armor":0,"opponent_armor":0,"my_hand":4,"opponent_hand":2,"my_board":[{"card_name":"Sorcerer's Apprentice","card_health":2,"card_attack":3}],"opponent_board":[{"card_name":"Flamewaker","card_health":4,"card_attack":2},{"card_name":"Mad Scientist","card_health":2,"card_attack":2}]},{"turn":16,"cards_played":["Azure Drake","Fireblast","Fireblast"],"current_player":"opponent","my_health":23,"opponent_health":10,"my_armor":0,"opponent_armor":0,"my_hand":4,"opponent_hand":3,"my_board":[],"opponent_board":[{"card_name":"Flamewaker","card_health":1,"card_attack":2},{"card_name":"Azure Drake","card_health":4,"card_attack":4},{"card_name":"Mad Scientist","card_health":2,"card_attack":2}]},{"turn":17,"cards_played":["Fireball","Frostbolt","Fireblast","Fireblast"],"current_player":"me","my_health":23,"opponent_health":0,"my_armor":0,"opponent_armor":0,"my_hand":3,"opponent_hand":3,"my_board":[],"opponent_board":[{"card_name":"Flamewaker","card_health":1,"card_attack":2},{"card_name":"Azure Drake","card_health":4,"card_attack":4},{"card_name":"Mad Scientist","card_health":2,"card_attack":2}]}],"result":"victory"}