{"plays":[{"turn":1,"cards_played":[],"current_player":"me","my_health":0,"opponent_health":30,"my_armor":0,"opponent_armor":0,"my_hand":0,"opponent_hand":1,"my_board":[],"opponent_board":[]},{"turn":2,"cards_played":["Leper Gnome","The Coin","Fireblast","Fireblast"],"current_player":"me","my_health":30,"opponent_health":30,"my_armor":0,"opponent_armor":0,"my_hand":5,"opponent_hand":3,"my_board":[],"opponent_board":[]},{"turn":3,"cards_played":["Haunted Creeper"],"current_player":"opponent","my_health":28,"opponent_health":30,"my_armor":0,"opponent_armor":0,"my_hand":5,"opponent_hand":3,"my_board":[],"opponent_board":[{"card_name":"Haunted Creeper","card_health":2,"card_attack":1}]},{"turn":4,"cards_played":["Unstable Portal"],"current_player":"me","my_health":28,"opponent_health":30,"my_armor":0,"opponent_armor":0,"my_hand":6,"opponent_hand":3,"my_board":[],"opponent_board":[{"card_name":"Haunted Creeper","card_health":2,"card_attack":1}]},{"turn":5,"cards_played":["Knife Juggler"],"current_player":"opponent","my_health":27,"opponent_health":30,"my_armor":0,"opponent_armor":0,"my_hand":6,"opponent_hand":3,"my_board":[],"opponent_board":[{"card_name":"Knife Juggler","card_health":2,"card_attack":3},{"card_name":"Haunted Creeper","card_health":2,"card_attack":1}]},{"turn":6,"cards_played":["Toshley"],"current_player":"me","my_health":27,"opponent_health":30,"my_armor":0,"opponent_armor":0,"my_hand":7,"opponent_hand":3,"my_board":[{"card_name":"Toshley","card_health":7,"card_attack":5}],"opponent_board":[{"card_name":"Knife Juggler","card_health":2,"card_attack":3},{"card_name":"Haunted Creeper","card_health":2,"card_attack":1}]},{"turn":7,"cards_played":["Piloted Shredder"],"current_player":"opponent","my_health":23,"opponent_health":30,"my_armor":0,"opponent_armor":0,"my_hand":7,"opponent_hand":3,"my_board":[{"card_name":"Toshley","card_health":6,"card_attack":5}],"opponent_board":[{"card_name":"Piloted Shredder","card_health":3,"card_attack":4},{"card_name":"Knife Juggler","card_health":2,"card_attack":3},{"card_name":"Haunted Creeper","card_health":2,"card_attack":1}]},{"turn":8,"cards_played":["Sorcerer's Apprentice","Arcane Intellect","Mirror Image","Emergency Coolant"],"current_player":"me","my_health":23,"opponent_health":30,"my_armor":0,"opponent_armor":0,"my_hand":6,"opponent_hand":3,"my_board":[{"card_name":"Sorcerer's Apprentice","card_health":2,"card_attack":3},{"card_name":"Toshley","card_health":3,"card_attack":5},{"card_name":"Mirror Image","card_health":2,"card_attack":0},{"card_name":"Mirror Image","card_health":2,"card_attack":0}],"opponent_board":[{"card_name":"Piloted Shredder","card_health":3,"card_attack":4},{"card_name":"Haunted Creeper","card_health":2,"card_attack":1}]},{"turn":9,"cards_played":["Eaglehorn Bow","Steady Shot"],"current_player":"opponent","my_health":21,"opponent_health":30,"my_armor":0,"opponent_armor":0,"my_hand":6,"opponent_hand":3,"my_board":[{"card_name":"Sorcerer's Apprentice","card_health":2,"card_attack":3},{"card_name":"Toshley","card_health":3,"card_attack":5},{"card_name":"Mirror Image","card_health":1,"card_attack":0}],"opponent_board":[{"card_name":"Piloted Shredder","card_health":3,"card_attack":4},{"card_name":"Haunted Creeper","card_health":2,"card_attack":1}]},{"turn":10,"cards_played":["Mana Wyrm","Frostbolt","Arcane Missiles"],"current_player":"me","my_health":21,"opponent_health":29,"my_armor":0,"opponent_armor":0,"my_hand":3,"opponent_hand":3,"my_board":[{"card_name":"Mana Wyrm","card_health":3,"card_attack":3},{"card_name":"Sorcerer's Apprentice","card_health":1,"card_attack":3},{"card_name":"Toshley","card_health":1,"card_attack":5},{"card_name":"Mirror Image","card_health":1,"card_attack":0}],"opponent_board":[]},{"turn":11,"cards_played":["Haunted Creeper","Steady Shot","Ironbeak Owl"],"current_player":"opponent","my_health":19,"opponent_health":29,"my_armor":0,"opponent_armor":0,"my_hand":3,"opponent_hand":2,"my_board":[{"card_name":"Mana Wyrm","card_health":3,"card_attack":4},{"card_name":"Sorcerer's Apprentice","card_health":1,"card_attack":3},{"card_name":"Toshley","card_health":1,"card_attack":5},{"card_name":"Mirror Image","card_health":1,"card_attack":0},{"card_name":"Haunted Creeper","card_health":2,"card_attack":1}],"opponent_board":[{"card_name":"Haunted Creeper","card_health":2,"card_attack":1},{"card_name":"Ironbeak Owl","card_health":1,"card_attack":2}]},{"turn":12,"cards_played":["Azure Drake"],"current_player":"me","my_health":19,"opponent_health":20,"my_armor":0,"opponent_armor":0,"my_hand":4,"opponent_hand":2,"my_board":[{"card_name":"Mana Wyrm","card_health":1,"card_attack":1},{"card_name":"Sorcerer's Apprentice","card_health":1,"card_attack":3},{"card_name":"Azure Drake","card_health":4,"card_attack":4},{"card_name":"Toshley","card_health":1,"card_attack":5},{"card_name":"Mirror Image","card_health":1,"card_attack":0},{"card_name":"Haunted Creeper","card_health":2,"card_attack":1}],"opponent_board":[{"card_name":"Haunted Creeper","card_health":2,"card_attack":1}]},{"turn":13,"cards_played":["Steady Shot"],"current_player":"opponent","my_health":17,"opponent_health":20,"my_armor":0,"opponent_armor":0,"my_hand":4,"opponent_hand":2,"my_board":[{"card_name":"Mana Wyrm","card_health":1,"card_attack":1},{"card_name":"Sorcerer's Apprentice","card_health":1,"card_attack":3},{"card_name":"Azure Drake","card_health":4,"card_attack":4},{"card_name":"Toshley","card_health":1,"card_attack":5},{"card_name":"Haunted Creeper","card_health":2,"card_attack":1}],"opponent_board":[{"card_name":"Haunted Creeper","card_health":2,"card_attack":1}]},{"turn":14,"cards_played":["Azure Drake"],"current_player":"me","my_health":17,"opponent_health":10,"my_armor":0,"opponent_armor":0,"my_hand":6,"opponent_hand":2,"my_board":[{"card_name":"Mana Wyrm","card_health":1,"card_attack":1},{"card_name":"Sorcerer's Apprentice","card_health":1,"card_attack":3},{"card_name":"Azure Drake","card_health":4,"card_attack":4},{"card_name":"Toshley","card_health":1,"card_attack":5},{"card_name":"Haunted Creeper","card_health":2,"card_attack":1}],"opponent_board":[{"card_name":"Haunted Creeper","card_health":2,"card_attack":1}]},{"turn":15,"cards_played":["Piloted Shredder","Kill Command"],"current_player":"opponent","my_health":14,"opponent_health":10,"my_armor":0,"opponent_armor":0,"my_hand":7,"opponent_hand":1,"my_board":[{"card_name":"Mana Wyrm","card_health":1,"card_attack":1},{"card_name":"Sorcerer's Apprentice","card_health":1,"card_attack":3},{"card_name":"Haunted Creeper","card_health":2,"card_attack":1}],"opponent_board":[{"card_name":"Piloted Shredder","card_health":3,"card_attack":4},{"card_name":"Spectral Spider","card_health":1,"card_attack":1},{"card_name":"Spectral Spider","card_health":1,"card_attack":1}]},{"turn":16,"cards_played":["Unstable Portal","Mirror Image","Flamecannon","Sylvanas Windrunner","Fireblast","Fireblast"],"current_player":"me","my_health":14,"opponent_health":5,"my_armor":0,"opponent_armor":0,"my_hand":5,"opponent_hand":1,"my_board":[{"card_name":"Mana Wyrm","card_health":1,"card_attack":1},{"card_name":"Sorcerer's Apprentice","card_health":1,"card_attack":3},{"card_name":"Haunted Creeper","card_health":1,"card_attack":1},{"card_name":"Sylvanas Windrunner","card_health":5,"card_attack":5},{"card_name":"Mirror Image","card_health":2,"card_attack":0},{"card_name":"Mirror Image","card_health":2,"card_attack":0}],"opponent_board":[{"card_name":"Piloted Shredder","card_health":3,"card_attack":4}]},{"turn":17,"cards_played":[],"current_player":"opponent","my_health":14,"opponent_health":5,"my_armor":0,"opponent_armor":0,"my_hand":5,"opponent_hand":2,"my_board":[{"card_name":"Mana Wyrm","card_health":1,"card_attack":1},{"card_name":"Sorcerer's Apprentice","card_health":1,"card_attack":3},{"card_name":"Haunted Creeper","card_health":1,"card_attack":1},{"card_name":"Sylvanas Windrunner","card_health":5,"card_attack":5},{"card_name":"Mirror Image","card_health":2,"card_attack":0},{"card_name":"Mirror Image","card_health":2,"card_attack":0}],"opponent_board":[{"card_name":"Piloted Shredder","card_health":3,"card_attack":4}]}],"result":"victory"}