{"plays":[{"turn":1,"cards_played":[],"current_player":"opponent","my_health":30,"opponent_health":0,"my_armor":0,"opponent_armor":0,"my_hand":1,"opponent_hand":0,"my_board":[],"opponent_board":[]},{"turn":2,"cards_played":[],"current_player":"opponent","my_health":30,"opponent_health":30,"my_armor":0,"opponent_armor":0,"my_hand":4,"opponent_hand":6,"my_board":[],"opponent_board":[]},{"turn":3,"cards_played":["Sorcerer's Apprentice"],"current_player":"me","my_health":30,"opponent_health":30,"my_armor":0,"opponent_armor":0,"my_hand":4,"opponent_hand":6,"my_board":[{"card_name":"Sorcerer's Apprentice","card_health":2,"card_attack":3}],"opponent_board":[]},{"turn":4,"cards_played":["Mad Bomber"],"current_player":"opponent","my_health":30,"opponent_health":30,"my_armor":0,"opponent_armor":0,"my_hand":4,"opponent_hand":6,"my_board":[{"card_name":"Sorcerer's Apprentice","card_health":2,"card_attack":3}],"opponent_board":[{"card_name":"Mad Bomber","card_health":2,"card_attack":3}]},{"turn":5,"cards_played":["Frostbolt","Fireblast","Fireblast"],"current_player":"me","my_health":28,"opponent_health":25,"my_armor":0,"opponent_armor":0,"my_hand":4,"opponent_hand":6,"my_board":[{"card_name":"Sorcerer's Apprentice","card_health":2,"card_attack":3}],"opponent_board":[]},{"turn":6,"cards_played":["Bloodsail Raider"],"current_player":"opponent","my_health":28,"opponent_health":25,"my_armor":0,"opponent_armor":0,"my_hand":4,"opponent_hand":6,"my_board":[{"card_name":"Sorcerer's Apprentice","card_health":2,"card_attack":3}],"opponent_board":[{"card_name":"Bloodsail Raider","card_health":3,"card_attack":2}]},{"turn":7,"cards_played":["Dragon's Breath"],"current_player":"me","my_health":28,"opponent_health":22,"my_armor":0,"opponent_armor":0,"my_hand":4,"opponent_hand":6,"my_board":[{"card_name":"Sorcerer's Apprentice","card_health":2,"card_attack":3}],"opponent_board":[]},{"turn":8,"cards_played":["Haunted Creeper","Reinforce"],"current_player":"opponent","my_health":28,"opponent_health":22,"my_armor":0,"opponent_armor":0,"my_hand":4,"opponent_hand":6,"my_board":[{"card_name":"Sorcerer's Apprentice","card_health":2,"card_attack":3}],"opponent_board":[{"card_name":"Haunted Creeper","card_health":2,"card_attack":1},{"card_name":"Silver Hand Recruit","card_health":1,"card_attack":1}]},{"turn":9,"cards_played":["Snowchugger","Fireblast","Fireblast"],"current_player":"me","my_health":28,"opponent_health":19,"my_armor":0,"opponent_armor":0,"my_hand":4,"opponent_hand":6,"my_board":[{"card_name":"Snowchugger","card_health":3,"card_attack":2},{"card_name":"Sorcerer's Apprentice","card_health":2,"card_attack":3}],"opponent_board":[{"card_name":"Haunted Creeper","card_health":2,"card_attack":1}]},{"turn":10,"cards_played":["Abusive Sergeant","Argent Protector","Reinforce"],"current_player":"opponent","my_health":28,"opponent_health":19,"my_armor":0,"opponent_armor":0,"my_hand":4,"opponent_hand":5,"my_board":[{"card_name":"Sorcerer's Apprentice","card_health":2,"card_attack":3}],"opponent_board":[{"card_name":"Argent Protector","card_health":2,"card_attack":2},{"card_name":"Abusive Sergeant","card_health":1,"card_attack":2},{"card_name":"Haunted Creeper","card_health":2,"card_attack":3},{"card_name":"Silver Hand Recruit","card_health":1,"card_attack":1}]},{"turn":11,"cards_played":["Cone of Cold","Fireblast","Fireblast"],"current_player":"me","my_health":28,"opponent_health":16,"my_armor":0,"opponent_armor":0,"my_hand":4,"opponent_hand":5,"my_board":[{"card_name":"Sorcerer's Apprentice","card_health":2,"card_attack":3}],"opponent_board":[{"card_name":"Argent Protector","card_health":1,"card_attack":2},{"card_name":"Haunted Creeper","card_health":1,"card_attack":1}]},{"turn":12,"cards_played":["Silver Hand Regent","Reinforce"],"current_player":"opponent","my_health":28,"opponent_health":16,"my_armor":0,"opponent_armor":0,"my_hand":4,"opponent_hand":5,"my_board":[{"card_name":"Sorcerer's Apprentice","card_health":2,"card_attack":3}],"opponent_board":[{"card_name":"Argent Protector","card_health":1,"card_attack":2},{"card_name":"Haunted Creeper","card_health":1,"card_attack":1},{"card_name":"Silver Hand Regent","card_health":3,"card_attack":3},{"card_name":"Silver Hand Recruit","card_health":1,"card_attack":1},{"card_name":"Silver Hand Recruit","card_health":1,"card_attack":1}]},{"turn":13,"cards_played":["Water Elemental","Fireblast","Fireblast"],"current_player":"me","my_health":28,"opponent_health":16,"my_armor":0,"opponent_armor":0,"my_hand":4,"opponent_hand":5,"my_board":[{"card_name":"Water Elemental","card_health":6,"card_attack":3}],"opponent_board":[{"card_name":"Haunted Creeper","card_health":1,"card_attack":1},{"card_name":"Silver Hand Recruit","card_health":1,"card_attack":1},{"card_name":"Silver Hand Recruit","card_health":1,"card_attack":1}]},{"turn":14,"cards_played":["The Coin","Tirion Fordring"],"current_player":"opponent","my_health":25,"opponent_health":16,"my_armor":0,"opponent_armor":0,"my_hand":4,"opponent_hand":4,"my_board":[{"card_name":"Water Elemental","card_health":6,"card_attack":3}],"opponent_board":[{"card_name":"Tirion Fordring","card_health":6,"card_attack":6},{"card_name":"Haunted Creeper","card_health":1,"card_attack":1},{"card_name":"Silver Hand Recruit","card_health":1,"card_attack":1},{"card_name":"Silver Hand Recruit","card_health":1,"card_attack":1}]},{"turn":15,"cards_played":["Polymorph","Dalaran Aspirant"],"current_player":"me","my_health":25,"opponent_health":13,"my_armor":0,"opponent_armor":0,"my_hand":3,"opponent_hand":4,"my_board":[{"card_name":"Water Elemental","card_health":6,"card_attack":3},{"card_name":"Dalaran Aspirant","card_health":5,"card_attack":3}],"opponent_board":[{"card_name":"Haunted Creeper","card_health":1,"card_attack":1},{"card_name":"Silver Hand Recruit","card_health":1,"card_attack":1},{"card_name":"Silver Hand Recruit","card_health":1,"card_attack":1},{"card_name":"Sheep","card_health":1,"card_attack":1}]},{"turn":16,"cards_played":["Guardian of Kings"],"current_player":"opponent","my_health":23,"opponent_health":19,"my_armor":0,"opponent_armor":0,"my_hand":3,"opponent_hand":4,"my_board":[{"card_name":"Water Elemental","card_health":5,"card_attack":3},{"card_name":"Dalaran Aspirant","card_health":4,"card_attack":3}],"opponent_board":[{"card_name":"Haunted Creeper","card_health":1,"card_attack":1},{"card_name":"Guardian of Kings","card_health":6,"card_attack":5},{"card_name":"Silver Hand Recruit","card_health":1,"card_attack":1}]},{"turn":17,"cards_played":["Blackwing Corruptor","Hungry Dragon"],"current_player":"me","my_health":23,"opponent_health":13,"my_armor":0,"opponent_armor":0,"my_hand":2,"opponent_hand":4,"my_board":[{"card_name":"Water Elemental","card_health":5,"card_attack":3},{"card_name":"Blackwing Corruptor","card_health":4,"card_attack":5},{"card_name":"Dalaran Aspirant","card_health":3,"card_attack":3},{"card_name":"Hungry Dragon","card_health":6,"card_attack":5}],"opponent_board":[{"card_name":"Haunted Creeper","card_health":1,"card_attack":1},{"card_name":"Guardian of Kings","card_health":6,"card_attack":5},{"card_name":"Silver Hand Recruit","card_health":1,"card_attack":1}]},{"turn":18,"cards_played":["Unstable Ghoul","Spectral Knight","Reinforce"],"current_player":"opponent","my_health":23,"opponent_health":13,"my_armor":0,"opponent_armor":0,"my_hand":2,"opponent_hand":3,"my_board":[{"card_name":"Water Elemental","card_health":5,"card_attack":3},{"card_name":"Dalaran Aspirant","card_health":1,"card_attack":3},{"card_name":"Hungry Dragon","card_health":6,"card_attack":5}],"opponent_board":[{"card_name":"Unstable Ghoul","card_health":3,"card_attack":1},{"card_name":"Spectral Knight","card_health":6,"card_attack":4},{"card_name":"Guardian of Kings","card_health":1,"card_attack":5},{"card_name":"Silver Hand Recruit","card_health":1,"card_attack":1},{"card_name":"Spectral Spider","card_health":1,"card_attack":1},{"card_name":"Spectral Spider","card_health":1,"card_attack":1}]},{"turn":19,"cards_played":["Force-Tank MAX","Fireblast","Fireblast"],"current_player":"me","my_health":23,"opponent_health":9,"my_armor":0,"opponent_armor":0,"my_hand":2,"opponent_hand":3,"my_board":[{"card_name":"Water Elemental","card_health":4,"card_attack":3},{"card_name":"Force-Tank MAX","card_health":7,"card_attack":7},{"card_name":"Hungry Dragon","card_health":1,"card_attack":5}],"opponent_board":[]},{"turn":20,"cards_played":[],"current_player":"opponent","my_health":23,"opponent_health":9,"my_armor":0,"opponent_armor":0,"my_hand":2,"opponent_hand":4,"my_board":[{"card_name":"Water Elemental","card_health":4,"card_attack":3},{"card_name":"Force-Tank MAX","card_health":7,"card_attack":7},{"card_name":"Hungry Dragon","card_health":1,"card_attack":5}],"opponent_board":[]}],"result":"victory"}