{"plays":[{"turn":1,"cards_played":[],"current_player":"opponent","my_health":30,"opponent_health":0,"my_armor":0,"opponent_armor":0,"my_hand":1,"opponent_hand":0,"my_board":[],"opponent_board":[]},{"turn":2,"cards_played":["Flame Imp","The Coin","Mad Scientist"],"current_player":"me","my_health":30,"opponent_health":27,"my_armor":0,"opponent_armor":0,"my_hand":4,"opponent_hand":3,"my_board":[{"card_name":"Mad Scientist","card_health":2,"card_attack":2}],"opponent_board":[{"card_name":"Flame Imp","card_health":2,"card_attack":3}]},{"turn":3,"cards_played":["Nerubian Egg"],"current_player":"opponent","my_health":27,"opponent_health":27,"my_armor":0,"opponent_armor":0,"my_hand":4,"opponent_hand":3,"my_board":[{"card_name":"Mad Scientist","card_health":2,"card_attack":2}],"opponent_board":[{"card_name":"Flame Imp","card_health":2,"card_attack":3},{"card_name":"Nerubian Egg","card_health":2,"card_attack":0}]},{"turn":4,"cards_played":["Mana Wyrm"],"current_player":"me","my_health":27,"opponent_health":27,"my_armor":0,"opponent_armor":0,"my_hand":4,"opponent_hand":3,"my_board":[{"card_name":"Mana Wyrm","card_health":3,"card_attack":1}],"opponent_board":[{"card_name":"Nerubian Egg","card_health":2,"card_attack":0}]},{"turn":5,"cards_played":["Knife Juggler","Power Overwhelming"],"current_player":"opponent","my_health":27,"opponent_health":27,"my_armor":0,"opponent_armor":0,"my_hand":4,"opponent_hand":2,"my_board":[{"card_name":"Mana Wyrm","card_health":3,"card_attack":1}],"opponent_board":[{"card_name":"Knife Juggler","card_health":2,"card_attack":3},{"card_name":"Nerubian","card_health":4,"card_attack":4}]},{"turn":6,"cards_played":["Mana Wyrm","Frostbolt"],"current_player":"me","my_health":27,"opponent_health":27,"my_armor":0,"opponent_armor":0,"my_hand":3,"opponent_hand":2,"my_board":[{"card_name":"Mana Wyrm","card_health":3,"card_attack":2}],"opponent_board":[{"card_name":"Nerubian","card_health":1,"card_attack":4}]},{"turn":7,"cards_played":["Life Tap","Haunted Creeper"],"current_player":"opponent","my_health":27,"opponent_health":25,"my_armor":0,"opponent_armor":0,"my_hand":3,"opponent_hand":3,"my_board":[{"card_name":"Mana Wyrm","card_health":3,"card_attack":2}],"opponent_board":[{"card_name":"Haunted Creeper","card_health":2,"card_attack":1},{"card_name":"Nerubian","card_health":1,"card_attack":4}]},{"turn":8,"cards_played":["Flamewaker","Arcane Missiles"],"current_player":"me","my_health":27,"opponent_health":24,"my_armor":0,"opponent_armor":0,"my_hand":2,"opponent_hand":3,"my_board":[{"card_name":"Mana Wyrm","card_health":2,"card_attack":3},{"card_name":"Flamewaker","card_health":4,"card_attack":2}],"opponent_board":[{"card_name":"Spectral Spider","card_health":1,"card_attack":1}]},{"turn":9,"cards_played":["Loatheb"],"current_player":"opponent","my_health":27,"opponent_health":22,"my_armor":0,"opponent_armor":0,"my_hand":2,"opponent_hand":3,"my_board":[{"card_name":"Mana Wyrm","card_health":2,"card_attack":3},{"card_name":"Flamewaker","card_health":4,"card_attack":2}],"opponent_board":[{"card_name":"Loatheb","card_health":5,"card_attack":5},{"card_name":"Spectral Spider","card_health":1,"card_attack":1}]},{"turn":10,"cards_played":["Azure Drake"],"current_player":"me","my_health":27,"opponent_health":19,"my_armor":0,"opponent_armor":0,"my_hand":3,"opponent_hand":3,"my_board":[{"card_name":"Azure Drake","card_health":4,"card_attack":4},{"card_name":"Mana Wyrm","card_health":2,"card_attack":3},{"card_name":"Flamewaker","card_health":3,"card_attack":2}],"opponent_board":[{"card_name":"Loatheb","card_health":5,"card_attack":5}]},{"turn":11,"cards_played":["Voidwalker","Voidwalker","Sea Giant"],"current_player":"opponent","my_health":27,"opponent_health":19,"my_armor":0,"opponent_armor":0,"my_hand":3,"opponent_hand":1,"my_board":[{"card_name":"Azure Drake","card_health":4,"card_attack":4},{"card_name":"Mana Wyrm","card_health":2,"card_attack":3}],"opponent_board":[{"card_name":"Sea Giant","card_health":8,"card_attack":8},{"card_name":"Voidwalker","card_health":3,"card_attack":1},{"card_name":"Voidwalker","card_health":3,"card_attack":1},{"card_name":"Loatheb","card_health":3,"card_attack":5}]},{"turn":12,"cards_played":["Azure Drake","Arcane Missiles"],"current_player":"me","my_health":27,"opponent_health":19,"my_armor":0,"opponent_armor":0,"my_hand":3,"opponent_hand":1,"my_board":[{"card_name":"Azure Drake","card_health":3,"card_attack":4},{"card_name":"Mana Wyrm","card_health":1,"card_attack":3},{"card_name":"Azure Drake","card_health":4,"card_attack":4}],"opponent_board":[{"card_name":"Sea Giant","card_health":8,"card_attack":8},{"card_name":"Loatheb","card_health":3,"card_attack":5}]},{"turn":13,"cards_played":["Life Tap","Voidcaller"],"current_player":"opponent","my_health":27,"opponent_health":14,"my_armor":0,"opponent_armor":0,"my_hand":3,"opponent_hand":2,"my_board":[{"card_name":"Mana Wyrm","card_health":1,"card_attack":4}],"opponent_board":[{"card_name":"Sea Giant","card_health":3,"card_attack":8},{"card_name":"Voidcaller","card_health":4,"card_attack":3}]},{"turn":14,"cards_played":["Unstable Portal","Flamecannon","Mal'Ganis"],"current_player":"me","my_health":27,"opponent_health":14,"my_armor":0,"opponent_armor":0,"my_hand":2,"opponent_hand":1,"my_board":[],"opponent_board":[{"card_name":"Sea Giant","card_health":3,"card_attack":8}]},{"turn":15,"cards_played":["Life Tap","Ironbeak Owl","Defender of Argus"],"current_player":"opponent","my_health":18,"opponent_health":12,"my_armor":0,"opponent_armor":0,"my_hand":2,"opponent_hand":1,"my_board":[{"card_name":"Ironbeak Owl","card_health":1,"card_attack":2}],"opponent_board":[{"card_name":"Sea Giant","card_health":4,"card_attack":9},{"card_name":"Ironbeak Owl","card_health":2,"card_attack":3},{"card_name":"Defender of Argus","card_health":3,"card_attack":2}]},{"turn":16,"cards_played":["Amani Berserker","Flamestrike"],"current_player":"me","my_health":18,"opponent_health":10,"my_armor":0,"opponent_armor":0,"my_hand":1,"opponent_hand":1,"my_board":[{"card_name":"Amani Berserker","card_health":3,"card_attack":2},{"card_name":"Ironbeak Owl","card_health":1,"card_attack":2}],"opponent_board":[]},{"turn":17,"cards_played":["Nerubian Egg","Doomguard"],"current_player":"opponent","my_health":18,"opponent_health":10,"my_armor":0,"opponent_armor":0,"my_hand":1,"opponent_hand":0,"my_board":[{"card_name":"Ironbeak Owl","card_health":1,"card_attack":2}],"opponent_board":[{"card_name":"Nerubian Egg","card_health":2,"card_attack":0},{"card_name":"Doomguard","card_health":5,"card_attack":5}]},{"turn":18,"cards_played":["Flamewaker","Fireball","Fireblast","Fireblast"],"current_player":"me","my_health":18,"opponent_health":0,"my_armor":0,"opponent_armor":0,"my_hand":0,"opponent_hand":0,"my_board":[{"card_name":"Flamewaker","card_health":4,"card_attack":2},{"card_name":"Ironbeak Owl","card_health":1,"card_attack":2}],"opponent_board":[{"card_name":"Nerubian Egg","card_health":2,"card_attack":0},{"card_name":"Doomguard","card_health":4,"card_attack":5}]}],"result":"victory"}