{"plays":[{"turn":1,"cards_played":[],"current_player":"opponent","my_health":30,"opponent_health":0,"my_armor":0,"opponent_armor":0,"my_hand":1,"opponent_hand":0,"my_board":[],"opponent_board":[]},{"turn":2,"cards_played":[],"current_player":"opponent","my_health":30,"opponent_health":30,"my_armor":0,"opponent_armor":0,"my_hand":4,"opponent_hand":6,"my_board":[],"opponent_board":[]},{"turn":3,"cards_played":["Unstable Portal"],"current_player":"me","my_health":30,"opponent_health":30,"my_armor":0,"opponent_armor":0,"my_hand":5,"opponent_hand":6,"my_board":[],"opponent_board":[]},{"turn":4,"cards_played":["Totem Golem"],"current_player":"opponent","my_health":30,"opponent_health":30,"my_armor":0,"opponent_armor":0,"my_hand":5,"opponent_hand":6,"my_board":[],"opponent_board":[{"card_name":"Totem Golem","card_health":4,"card_attack":3}]},{"turn":5,"cards_played":["Unstable Portal","Zombie Chow","Warhorse Trainer"],"current_player":"me","my_health":30,"opponent_health":30,"my_armor":0,"opponent_armor":0,"my_hand":4,"opponent_hand":6,"my_board":[{"card_name":"Zombie Chow","card_health":3,"card_attack":2},{"card_name":"Warhorse Trainer","card_health":4,"card_attack":2}],"opponent_board":[{"card_name":"Totem Golem","card_health":4,"card_attack":3}]},{"turn":6,"cards_played":["The Coin","Feral Spirit"],"current_player":"opponent","my_health":30,"opponent_health":30,"my_armor":0,"opponent_armor":0,"my_hand":4,"opponent_hand":5,"my_board":[{"card_name":"Warhorse Trainer","card_health":4,"card_attack":2}],"opponent_board":[{"card_name":"Totem Golem","card_health":2,"card_attack":3},{"card_name":"Spirit Wolf","card_health":3,"card_attack":2},{"card_name":"Spirit Wolf","card_health":3,"card_attack":2}]},{"turn":7,"cards_played":["Fireblast","Fireblast","Zombie Chow"],"current_player":"me","my_health":30,"opponent_health":30,"my_armor":0,"opponent_armor":0,"my_hand":4,"opponent_hand":5,"my_board":[{"card_name":"Zombie Chow","card_health":3,"card_attack":2},{"card_name":"Warhorse Trainer","card_health":2,"card_attack":2}],"opponent_board":[{"card_name":"Totem Golem","card_health":2,"card_attack":3},{"card_name":"Spirit Wolf","card_health":3,"card_attack":2}]},{"turn":8,"cards_played":["Totem Golem"],"current_player":"opponent","my_health":27,"opponent_health":30,"my_armor":0,"opponent_armor":0,"my_hand":4,"opponent_hand":5,"my_board":[{"card_name":"Zombie Chow","card_health":3,"card_attack":2}],"opponent_board":[{"card_name":"Totem Golem","card_health":2,"card_attack":3},{"card_name":"Totem Golem","card_health":4,"card_attack":3},{"card_name":"Spirit Wolf","card_health":1,"card_attack":2}]},{"turn":9,"cards_played":["Fireblast","Fireblast"],"current_player":"me","my_health":27,"opponent_health":30,"my_armor":0,"opponent_armor":0,"my_hand":4,"opponent_hand":5,"my_board":[],"opponent_board":[{"card_name":"Totem Golem","card_health":4,"card_attack":3}]},{"turn":10,"cards_played":["Piloted Shredder"],"current_player":"opponent","my_health":24,"opponent_health":30,"my_armor":0,"opponent_armor":0,"my_hand":4,"opponent_hand":5,"my_board":[{"card_name":"Piloted Shredder","card_health":3,"card_attack":4}],"opponent_board":[{"card_name":"Piloted Shredder","card_health":3,"card_attack":4},{"card_name":"Totem Golem","card_health":4,"card_attack":3}]},{"turn":11,"cards_played":["Water Elemental","Fireblast","Fireblast"],"current_player":"me","my_health":24,"opponent_health":29,"my_armor":0,"opponent_armor":0,"my_hand":4,"opponent_hand":5,"my_board":[{"card_name":"Water Elemental","card_health":6,"card_attack":3},{"card_name":"Bloodfen Raptor","card_health":2,"card_attack":3}],"opponent_board":[{"card_name":"Piloted Shredder","card_health":3,"card_attack":4}]},{"turn":12,"cards_played":["Fire Elemental"],"current_player":"opponent","my_health":20,"opponent_health":29,"my_armor":0,"opponent_armor":0,"my_hand":4,"opponent_hand":5,"my_board":[{"card_name":"Water Elemental","card_health":6,"card_attack":3}],"opponent_board":[{"card_name":"Fire Elemental","card_health":5,"card_attack":6},{"card_name":"Piloted Shredder","card_health":3,"card_attack":4}]},{"turn":13,"cards_played":["Polymorph","Fireblast","Fireblast"],"current_player":"me","my_health":20,"opponent_health":29,"my_armor":0,"opponent_armor":0,"my_hand":4,"opponent_hand":6,"my_board":[{"card_name":"Water Elemental","card_health":2,"card_attack":3}],"opponent_board":[{"card_name":"Sheep","card_health":1,"card_attack":1}]},{"turn":14,"cards_played":["Tuskarr Totemic","Earth Shock","Mana Tide Totem"],"current_player":"opponent","my_health":19,"opponent_health":29,"my_armor":0,"opponent_armor":0,"my_hand":4,"opponent_hand":5,"my_board":[],"opponent_board":[{"card_name":"Tuskarr Totemic","card_health":2,"card_attack":3},{"card_name":"Mana Tide Totem","card_health":3,"card_attack":0},{"card_name":"Sheep","card_health":1,"card_attack":1},{"card_name":"Wrath of Air Totem","card_health":2,"card_attack":0}]},{"turn":15,"cards_played":["Mad Scientist","Acolyte of Pain","Fireblast","Fireblast"],"current_player":"me","my_health":19,"opponent_health":29,"my_armor":0,"opponent_armor":0,"my_hand":3,"opponent_hand":5,"my_board":[{"card_name":"Mad Scientist","card_health":2,"card_attack":2},{"card_name":"Acolyte of Pain","card_health":3,"card_attack":1}],"opponent_board":[{"card_name":"Tuskarr Totemic","card_health":2,"card_attack":3},{"card_name":"Mana Tide Totem","card_health":3,"card_attack":0},{"card_name":"Wrath of Air Totem","card_health":2,"card_attack":0}]},{"turn":16,"cards_played":["Earth Shock","Dr. Boom"],"current_player":"opponent","my_health":19,"opponent_health":29,"my_armor":0,"opponent_armor":0,"my_hand":4,"opponent_hand":5,"my_board":[],"opponent_board":[{"card_name":"Tuskarr Totemic","card_health":1,"card_attack":3},{"card_name":"Dr. Boom","card_health":7,"card_attack":7},{"card_name":"Mana Tide Totem","card_health":3,"card_attack":0},{"card_name":"Wrath of Air Totem","card_health":2,"card_attack":0},{"card_name":"Boom Bot","card_health":1,"card_attack":1},{"card_name":"Boom Bot","card_health":1,"card_attack":1}]},{"turn":17,"cards_played":["Fireblast","Fireblast","Sludge Belcher","Vitality Totem"],"current_player":"me","my_health":19,"opponent_health":29,"my_armor":0,"opponent_armor":0,"my_hand":3,"opponent_hand":5,"my_board":[{"card_name":"Sludge Belcher","card_health":5,"card_attack":3},{"card_name":"Vitality Totem","card_health":3,"card_attack":0}],"opponent_board":[{"card_name":"Dr. Boom","card_health":7,"card_attack":7},{"card_name":"Mana Tide Totem","card_health":3,"card_attack":0},{"card_name":"Wrath of Air Totem","card_health":2,"card_attack":0},{"card_name":"Boom Bot","card_health":1,"card_attack":1},{"card_name":"Boom Bot","card_health":1,"card_attack":1}]},{"turn":18,"cards_played":["Sea Giant","Loatheb"],"current_player":"opponent","my_health":22,"opponent_health":29,"my_armor":0,"opponent_armor":0,"my_hand":3,"opponent_hand":5,"my_board":[{"card_name":"Vitality Totem","card_health":3,"card_attack":0}],"opponent_board":[{"card_name":"Sea Giant","card_health":8,"card_attack":8},{"card_name":"Loatheb","card_health":5,"card_attack":5},{"card_name":"Dr. Boom","card_health":4,"card_attack":7},{"card_name":"Mana Tide Totem","card_health":3,"card_attack":0},{"card_name":"Wrath of Air Totem","card_health":2,"card_attack":0},{"card_name":"Boom Bot","card_health":1,"card_attack":1}]},{"turn":19,"cards_played":["Ragnaros the Firelord","Fireblast","Fireblast"],"current_player":"me","my_health":22,"opponent_health":29,"my_armor":0,"opponent_armor":0,"my_hand":3,"opponent_hand":5,"my_board":[{"card_name":"Ragnaros the Firelord","card_health":8,"card_attack":8}],"opponent_board":[{"card_name":"Sea Giant","card_health":8,"card_attack":8},{"card_name":"Loatheb","card_health":5,"card_attack":5},{"card_name":"Mana Tide Totem","card_health":3,"card_attack":0},{"card_name":"Wrath of Air Totem","card_health":2,"card_attack":0}]},{"turn":20,"cards_played":["Big Game Hunter","Sea Giant","Flametongue Totem"],"current_player":"opponent","my_health":5,"opponent_health":29,"my_armor":0,"opponent_armor":0,"my_hand":3,"opponent_hand":4,"my_board":[],"opponent_board":[{"card_name":"Sea Giant","card_health":8,"card_attack":8},{"card_name":"Sea Giant","card_health":8,"card_attack":8},{"card_name":"Big Game Hunter","card_health":2,"card_attack":4},{"card_name":"Loatheb","card_health":5,"card_attack":5},{"card_name":"Flametongue Totem","card_health":3,"card_attack":0},{"card_name":"Mana Tide Totem","card_health":3,"card_attack":2},{"card_name":"Wrath of Air Totem","card_health":2,"card_attack":2}]},{"turn":21,"cards_played":[],"current_player":"me","my_health":5,"opponent_health":29,"my_armor":0,"opponent_armor":0,"my_hand":4,"opponent_hand":4,"my_board":[],"opponent_board":[{"card_name":"Sea Giant","card_health":8,"card_attack":8},{"card_name":"Sea Giant","card_health":8,"card_attack":8},{"card_name":"Big Game Hunter","card_health":2,"card_attack":4},{"card_name":"Loatheb","card_health":5,"card_attack":5},{"card_name":"Flametongue Totem","card_health":3,"card_attack":0},{"card_name":"Mana Tide Totem","card_health":3,"card_attack":2},{"card_name":"Wrath of Air Totem","card_health":2,"card_attack":2}]}],"result":"defeat"}