{"plays":[{"turn":1,"cards_played":[],"current_player":"me","my_health":0,"opponent_health":30,"my_armor":0,"opponent_armor":0,"my_hand":0,"opponent_hand":1,"my_board":[],"opponent_board":[]},{"turn":2,"cards_played":["Secretkeeper","Zombie Chow"],"current_player":"opponent","my_health":30,"opponent_health":30,"my_armor":0,"opponent_armor":0,"my_hand":3,"opponent_hand":5,"my_board":[{"card_name":"Secretkeeper","card_health":2,"card_attack":1}],"opponent_board":[{"card_name":"Zombie Chow","card_health":3,"card_attack":2}]},{"turn":3,"cards_played":["Flamecannon"],"current_player":"me","my_health":30,"opponent_health":29,"my_armor":0,"opponent_armor":0,"my_hand":3,"opponent_hand":5,"my_board":[{"card_name":"Secretkeeper","card_health":2,"card_attack":1}],"opponent_board":[]},{"turn":4,"cards_played":["Living Roots"],"current_player":"opponent","my_health":30,"opponent_health":29,"my_armor":0,"opponent_armor":0,"my_hand":3,"opponent_hand":5,"my_board":[],"opponent_board":[]},{"turn":5,"cards_played":["Kirin Tor Mage"],"current_player":"me","my_health":30,"opponent_health":29,"my_armor":0,"opponent_armor":0,"my_hand":3,"opponent_hand":5,"my_board":[{"card_name":"Kirin Tor Mage","card_health":3,"card_attack":4}],"opponent_board":[]},{"turn":6,"cards_played":["Zombie Chow","Living Roots"],"current_player":"opponent","my_health":30,"opponent_health":29,"my_armor":0,"opponent_armor":0,"my_hand":3,"opponent_hand":4,"my_board":[{"card_name":"Kirin Tor Mage","card_health":3,"card_attack":4}],"opponent_board":[{"card_name":"Zombie Chow","card_health":3,"card_attack":2},{"card_name":"Sapling","card_health":1,"card_attack":1},{"card_name":"Sapling","card_health":1,"card_attack":1}]},{"turn":7,"cards_played":["Water Elemental"],"current_player":"me","my_health":30,"opponent_health":29,"my_armor":0,"opponent_armor":0,"my_hand":3,"opponent_hand":4,"my_board":[{"card_name":"Water Elemental","card_health":6,"card_attack":3},{"card_name":"Kirin Tor Mage","card_health":2,"card_attack":4}],"opponent_board":[{"card_name":"Zombie Chow","card_health":3,"card_attack":2},{"card_name":"Sapling","card_health":1,"card_attack":1}]},{"turn":8,"cards_played":["Shapeshift","The Coin","Argent Horserider"],"current_player":"opponent","my_health":26,"opponent_health":26,"my_armor":0,"opponent_armor":0,"my_hand":3,"opponent_hand":3,"my_board":[{"card_name":"Water Elemental","card_health":6,"card_attack":3}],"opponent_board":[{"card_name":"Argent Horserider","card_health":1,"card_attack":2},{"card_name":"Zombie Chow","card_health":3,"card_attack":2}]},{"turn":9,"cards_played":["Fireblast","Fireblast"],"current_player":"me","my_health":26,"opponent_health":26,"my_armor":0,"opponent_armor":0,"my_hand":4,"opponent_hand":3,"my_board":[{"card_name":"Water Elemental","card_health":4,"card_attack":3}],"opponent_board":[{"card_name":"Zombie Chow","card_health":3,"card_attack":2}]},{"turn":10,"cards_played":["Nourish"],"current_player":"opponent","my_health":24,"opponent_health":26,"my_armor":0,"opponent_armor":0,"my_hand":4,"opponent_hand":6,"my_board":[{"card_name":"Water Elemental","card_health":4,"card_attack":3}],"opponent_board":[{"card_name":"Zombie Chow","card_health":3,"card_attack":2}]},{"turn":11,"cards_played":["Sorcerer's Apprentice","Dragon's Breath"],"current_player":"me","my_health":29,"opponent_health":23,"my_armor":0,"opponent_armor":0,"my_hand":3,"opponent_hand":6,"my_board":[{"card_name":"Water Elemental","card_health":4,"card_attack":3},{"card_name":"Sorcerer's Apprentice","card_health":2,"card_attack":3}],"opponent_board":[]},{"turn":12,"cards_played":["Silent Knight","Druid of the Flame"],"current_player":"opponent","my_health":29,"opponent_health":23,"my_armor":0,"opponent_armor":0,"my_hand":3,"opponent_hand":5,"my_board":[{"card_name":"Water Elemental","card_health":4,"card_attack":3},{"card_name":"Sorcerer's Apprentice","card_health":2,"card_attack":3}],"opponent_board":[{"card_name":"Silent Knight","card_health":2,"card_attack":2},{"card_name":"Druid of the Flame","card_health":2,"card_attack":2},{"card_name":"Druid of the Flame","card_health":5,"card_attack":2}]},{"turn":13,"cards_played":["Stormwind Champion"],"current_player":"me","my_health":29,"opponent_health":15,"my_armor":0,"opponent_armor":0,"my_hand":3,"opponent_hand":5,"my_board":[{"card_name":"Water Elemental","card_health":5,"card_attack":4},{"card_name":"Stormwind Champion","card_health":6,"card_attack":6},{"card_name":"Sorcerer's Apprentice","card_health":3,"card_attack":4}],"opponent_board":[{"card_name":"Silent Knight","card_health":2,"card_attack":2},{"card_name":"Druid of the Flame","card_health":5,"card_attack":2}]},{"turn":14,"cards_played":["Starfire"],"current_player":"opponent","my_health":29,"opponent_health":15,"my_armor":0,"opponent_armor":0,"my_hand":3,"opponent_hand":6,"my_board":[{"card_name":"Water Elemental","card_health":5,"card_attack":3}],"opponent_board":[{"card_name":"Silent Knight","card_health":2,"card_attack":2},{"card_name":"Druid of the Flame","card_health":2,"card_attack":2}]},{"turn":15,"cards_played":["Azure Drake","Flesheating Ghoul"],"current_player":"me","my_health":29,"opponent_health":12,"my_armor":0,"opponent_armor":0,"my_hand":3,"opponent_hand":6,"my_board":[{"card_name":"Azure Drake","card_health":4,"card_attack":4},{"card_name":"Water Elemental","card_health":5,"card_attack":3},{"card_name":"Flesheating Ghoul","card_health":3,"card_attack":2}],"opponent_board":[{"card_name":"Silent Knight","card_health":2,"card_attack":2},{"card_name":"Druid of the Flame","card_health":2,"card_attack":2}]},{"turn":16,"cards_played":["Blackwing Technician","Frostwolf Warlord"],"current_player":"opponent","my_health":29,"opponent_health":12,"my_armor":0,"opponent_armor":0,"my_hand":3,"opponent_hand":5,"my_board":[{"card_name":"Azure Drake","card_health":4,"card_attack":4},{"card_name":"Water Elemental","card_health":5,"card_attack":3}],"opponent_board":[{"card_name":"Frostwolf Warlord","card_health":7,"card_attack":7},{"card_name":"Blackwing Technician","card_health":5,"card_attack":3}]},{"turn":17,"cards_played":["Polymorph","Fireblast","Fireblast"],"current_player":"me","my_health":29,"opponent_health":5,"my_armor":0,"opponent_armor":0,"my_hand":3,"opponent_hand":5,"my_board":[{"card_name":"Azure Drake","card_health":4,"card_attack":4},{"card_name":"Water Elemental","card_health":5,"card_attack":3}],"opponent_board":[{"card_name":"Blackwing Technician","card_health":5,"card_attack":3}]},{"turn":18,"cards_played":["Lance Carrier","Twilight Drake","Unstable Ghoul"],"current_player":"opponent","my_health":29,"opponent_health":5,"my_armor":0,"opponent_armor":0,"my_hand":3,"opponent_hand":3,"my_board":[{"card_name":"Azure Drake","card_health":4,"card_attack":4}],"opponent_board":[{"card_name":"Unstable Ghoul","card_health":3,"card_attack":1},{"card_name":"Twilight Drake","card_health":5,"card_attack":4},{"card_name":"Lance Carrier","card_health":2,"card_attack":1},{"card_name":"Blackwing Technician","card_health":2,"card_attack":5}]},{"turn":19,"cards_played":["Fireblast","Fireblast","Justicar Trueheart","Fireblast Rank 2","Fireblast Rank 2"],"current_player":"me","my_health":29,"opponent_health":1,"my_armor":0,"opponent_armor":0,"my_hand":3,"opponent_hand":3,"my_board":[{"card_name":"Justicar Trueheart","card_health":2,"card_attack":6},{"card_name":"Azure Drake","card_health":3,"card_attack":4}],"opponent_board":[{"card_name":"Twilight Drake","card_health":4,"card_attack":4},{"card_name":"Lance Carrier","card_health":1,"card_attack":1},{"card_name":"Blackwing Technician","card_health":1,"card_attack":5}]},{"turn":20,"cards_played":[],"current_player":"opponent","my_health":29,"opponent_health":1,"my_armor":0,"opponent_armor":0,"my_hand":3,"opponent_hand":4,"my_board":[{"card_name":"Justicar Trueheart","card_health":2,"card_attack":6},{"card_name":"Azure Drake","card_health":3,"card_attack":4}],"opponent_board":[{"card_name":"Twilight Drake","card_health":4,"card_attack":4},{"card_name":"Lance Carrier","card_health":1,"card_attack":1},{"card_name":"Blackwing Technician","card_health":1,"card_attack":5}]}],"result":"victory"}