{"plays":[{"turn":1,"cards_played":[],"current_player":"opponent","my_health":30,"opponent_health":0,"my_armor":0,"opponent_armor":0,"my_hand":1,"opponent_hand":0,"my_board":[],"opponent_board":[]},{"turn":2,"cards_played":["Mana Wyrm"],"current_player":"opponent","my_health":30,"opponent_health":30,"my_armor":0,"opponent_armor":0,"my_hand":3,"opponent_hand":6,"my_board":[{"card_name":"Mana Wyrm","card_health":3,"card_attack":1}],"opponent_board":[]},{"turn":3,"cards_played":["Unstable Portal"],"current_player":"me","my_health":30,"opponent_health":28,"my_armor":0,"opponent_armor":0,"my_hand":4,"opponent_hand":6,"my_board":[{"card_name":"Mana Wyrm","card_health":3,"card_attack":2}],"opponent_board":[]},{"turn":4,"cards_played":["Knife Juggler"],"current_player":"opponent","my_health":30,"opponent_health":28,"my_armor":0,"opponent_armor":0,"my_hand":4,"opponent_hand":6,"my_board":[{"card_name":"Mana Wyrm","card_health":3,"card_attack":2}],"opponent_board":[{"card_name":"Knife Juggler","card_health":2,"card_attack":3}]},{"turn":5,"cards_played":["Mana Wyrm","Frostbolt"],"current_player":"me","my_health":30,"opponent_health":25,"my_armor":0,"opponent_armor":0,"my_hand":3,"opponent_hand":6,"my_board":[{"card_name":"Mana Wyrm","card_health":3,"card_attack":3},{"card_name":"Mana Wyrm","card_health":3,"card_attack":2}],"opponent_board":[]},{"turn":6,"cards_played":["The Coin","Truesilver Champion"],"current_player":"opponent","my_health":30,"opponent_health":24,"my_armor":0,"opponent_armor":0,"my_hand":3,"opponent_hand":5,"my_board":[{"card_name":"Mana Wyrm","card_health":3,"card_attack":2}],"opponent_board":[]},{"turn":7,"cards_played":["War Golem"],"current_player":"me","my_health":30,"opponent_health":22,"my_armor":0,"opponent_armor":0,"my_hand":3,"opponent_hand":5,"my_board":[{"card_name":"Mana Wyrm","card_health":3,"card_attack":2},{"card_name":"War Golem","card_health":7,"card_attack":7}],"opponent_board":[]},{"turn":8,"cards_played":["Big Game Hunter"],"current_player":"opponent","my_health":30,"opponent_health":22,"my_armor":0,"opponent_armor":0,"my_hand":3,"opponent_hand":5,"my_board":[],"opponent_board":[{"card_name":"Big Game Hunter","card_health":2,"card_attack":4}]},{"turn":9,"cards_played":["Mad Scientist","Fireblast","Fireblast"],"current_player":"me","my_health":30,"opponent_health":21,"my_armor":0,"opponent_armor":0,"my_hand":3,"opponent_hand":5,"my_board":[{"card_name":"Mad Scientist","card_health":2,"card_attack":2}],"opponent_board":[{"card_name":"Big Game Hunter","card_health":2,"card_attack":4}]},{"turn":10,"cards_played":["Ironbeak Owl","Muster for Battle"],"current_player":"opponent","my_health":29,"opponent_health":21,"my_armor":0,"opponent_armor":0,"my_hand":3,"opponent_hand":4,"my_board":[],"opponent_board":[{"card_name":"Ironbeak Owl","card_health":1,"card_attack":2},{"card_name":"Silver Hand Recruit","card_health":1,"card_attack":1},{"card_name":"Silver Hand Recruit","card_health":1,"card_attack":1},{"card_name":"Silver Hand Recruit","card_health":1,"card_attack":1}]},{"turn":11,"cards_played":["Water Elemental","Fireblast","Fireblast"],"current_player":"me","my_health":29,"opponent_health":21,"my_armor":0,"opponent_armor":0,"my_hand":3,"opponent_hand":4,"my_board":[{"card_name":"Water Elemental","card_health":6,"card_attack":3}],"opponent_board":[{"card_name":"Ironbeak Owl","card_health":1,"card_attack":2},{"card_name":"Silver Hand Recruit","card_health":1,"card_attack":1},{"card_name":"Silver Hand Recruit","card_health":1,"card_attack":1}]},{"turn":12,"cards_played":["Murloc Knight","Reinforce"],"current_player":"opponent","my_health":26,"opponent_health":21,"my_armor":0,"opponent_armor":0,"my_hand":3,"opponent_hand":4,"my_board":[{"card_name":"Water Elemental","card_health":4,"card_attack":3}],"opponent_board":[{"card_name":"Murloc Knight","card_health":4,"card_attack":3},{"card_name":"Silver Hand Recruit","card_health":1,"card_attack":1},{"card_name":"Silver Hand Recruit","card_health":1,"card_attack":1},{"card_name":"Silver Hand Recruit","card_health":1,"card_attack":1},{"card_name":"Murloc Tidecaller","card_health":2,"card_attack":1}]},{"turn":13,"cards_played":["Flamestrike"],"current_player":"me","my_health":26,"opponent_health":18,"my_armor":0,"opponent_armor":0,"my_hand":3,"opponent_hand":4,"my_board":[{"card_name":"Water Elemental","card_health":4,"card_attack":3}],"opponent_board":[]},{"turn":14,"cards_played":["Piloted Shredder","Reinforce"],"current_player":"opponent","my_health":26,"opponent_health":18,"my_armor":0,"opponent_armor":0,"my_hand":3,"opponent_hand":4,"my_board":[{"card_name":"Water Elemental","card_health":4,"card_attack":3}],"opponent_board":[{"card_name":"Piloted Shredder","card_health":3,"card_attack":4},{"card_name":"Silver Hand Recruit","card_health":1,"card_attack":1}]},{"turn":15,"cards_played":["Sludge Belcher","Fireblast","Fireblast"],"current_player":"me","my_health":26,"opponent_health":15,"my_armor":0,"opponent_armor":0,"my_hand":3,"opponent_hand":4,"my_board":[{"card_name":"Water Elemental","card_health":4,"card_attack":3},{"card_name":"Sludge Belcher","card_health":5,"card_attack":3}],"opponent_board":[{"card_name":"Piloted Shredder","card_health":3,"card_attack":4}]},{"turn":16,"cards_played":["Garrison Commander","Reinforce","Reinforce","Shielded Minibot"],"current_player":"opponent","my_health":26,"opponent_health":15,"my_armor":0,"opponent_armor":0,"my_hand":3,"opponent_hand":3,"my_board":[{"card_name":"Water Elemental","card_health":4,"card_attack":3},{"card_name":"Sludge Belcher","card_health":5,"card_attack":3}],"opponent_board":[{"card_name":"Shielded Minibot","card_health":2,"card_attack":2},{"card_name":"Garrison Commander","card_health":3,"card_attack":2},{"card_name":"Piloted Shredder","card_health":3,"card_attack":4},{"card_name":"Silver Hand Recruit","card_health":1,"card_attack":1},{"card_name":"Silver Hand Recruit","card_health":1,"card_attack":1}]},{"turn":17,"cards_played":["Ragnaros the Firelord"],"current_player":"me","my_health":26,"opponent_health":15,"my_armor":0,"opponent_armor":0,"my_hand":3,"opponent_hand":3,"my_board":[{"card_name":"Water Elemental","card_health":3,"card_attack":3},{"card_name":"Ragnaros the Firelord","card_health":8,"card_attack":8},{"card_name":"Sludge Belcher","card_health":4,"card_attack":3}],"opponent_board":[{"card_name":"Shielded Minibot","card_health":2,"card_attack":2},{"card_name":"Garrison Commander","card_health":3,"card_attack":2},{"card_name":"Piloted Shredder","card_health":3,"card_attack":4}]},{"turn":18,"cards_played":["Equality","Dr. Boom"],"current_player":"opponent","my_health":26,"opponent_health":12,"my_armor":0,"opponent_armor":0,"my_hand":3,"opponent_hand":2,"my_board":[],"opponent_board":[{"card_name":"Garrison Commander","card_health":1,"card_attack":2},{"card_name":"Dr. Boom","card_health":7,"card_attack":7},{"card_name":"Faerie Dragon","card_health":1,"card_attack":3},{"card_name":"Boom Bot","card_health":1,"card_attack":1},{"card_name":"Boom Bot","card_health":1,"card_attack":1}]},{"turn":19,"cards_played":["Polymorph","Fireblast","Fireblast"],"current_player":"me","my_health":26,"opponent_health":12,"my_armor":0,"opponent_armor":0,"my_hand":2,"opponent_hand":2,"my_board":[],"opponent_board":[{"card_name":"Faerie Dragon","card_health":1,"card_attack":3},{"card_name":"Boom Bot","card_health":1,"card_attack":1},{"card_name":"Boom Bot","card_health":1,"card_attack":1},{"card_name":"Sheep","card_health":1,"card_attack":1}]},{"turn":20,"cards_played":["Reinforce","Quartermaster"],"current_player":"opponent","my_health":26,"opponent_health":12,"my_armor":2,"opponent_armor":0,"my_hand":2,"opponent_hand":2,"my_board":[],"opponent_board":[{"card_name":"Quartermaster","card_health":5,"card_attack":2},{"card_name":"Faerie Dragon","card_health":1,"card_attack":3},{"card_name":"Boom Bot","card_health":1,"card_attack":1},{"card_name":"Boom Bot","card_health":1,"card_attack":1},{"card_name":"Sheep","card_health":1,"card_attack":1},{"card_name":"Silver Hand Recruit","card_health":3,"card_attack":3}]},{"turn":21,"cards_played":["Water Elemental","Fireblast","Fireblast","Zombie Chow"],"current_player":"me","my_health":26,"opponent_health":12,"my_armor":2,"opponent_armor":0,"my_hand":1,"opponent_hand":2,"my_board":[{"card_name":"Zombie Chow","card_health":3,"card_attack":2},{"card_name":"Water Elemental","card_health":6,"card_attack":3}],"opponent_board":[{"card_name":"Quartermaster","card_health":5,"card_attack":2},{"card_name":"Faerie Dragon","card_health":1,"card_attack":3},{"card_name":"Boom Bot","card_health":1,"card_attack":1},{"card_name":"Boom Bot","card_health":1,"card_attack":1},{"card_name":"Silver Hand Recruit","card_health":3,"card_attack":3}]},{"turn":22,"cards_played":["Reinforce","Muster for Battle","Quartermaster"],"current_player":"opponent","my_health":20,"opponent_health":17,"my_armor":0,"opponent_armor":0,"my_hand":1,"opponent_hand":1,"my_board":[],"opponent_board":[{"card_name":"Quartermaster","card_health":5,"card_attack":2},{"card_name":"Quartermaster","card_health":5,"card_attack":2},{"card_name":"Silver Hand Recruit","card_health":5,"card_attack":5},{"card_name":"Silver Hand Recruit","card_health":3,"card_attack":3},{"card_name":"Silver Hand Recruit","card_health":3,"card_attack":3},{"card_name":"Silver Hand Recruit","card_health":3,"card_attack":3},{"card_name":"Silver Hand Recruit","card_health":3,"card_attack":3}]},{"turn":23,"cards_played":["Acolyte of Pain","Fireblast","Fireblast"],"current_player":"me","my_health":20,"opponent_health":17,"my_armor":0,"opponent_armor":0,"my_hand":1,"opponent_hand":1,"my_board":[{"card_name":"Acolyte of Pain","card_health":2,"card_attack":1}],"opponent_board":[{"card_name":"Quartermaster","card_health":5,"card_attack":2},{"card_name":"Quartermaster","card_health":5,"card_attack":2},{"card_name":"Silver Hand Recruit","card_health":5,"card_attack":5},{"card_name":"Silver Hand Recruit","card_health":3,"card_attack":3},{"card_name":"Silver Hand Recruit","card_health":3,"card_attack":3},{"card_name":"Silver Hand Recruit","card_health":3,"card_attack":3},{"card_name":"Silver Hand Recruit","card_health":3,"card_attack":3}]},{"turn":24,"cards_played":[],"current_player":"opponent","my_health":8,"opponent_health":17,"my_armor":0,"opponent_armor":0,"my_hand":2,"opponent_hand":2,"my_board":[],"opponent_board":[{"card_name":"Quartermaster","card_health":4,"card_attack":2},{"card_name":"Quartermaster","card_health":5,"card_attack":2},{"card_name":"Silver Hand Recruit","card_health":5,"card_attack":5},{"card_name":"Silver Hand Recruit","card_health":3,"card_attack":3},{"card_name":"Silver Hand Recruit","card_health":3,"card_attack":3},{"card_name":"Silver Hand Recruit","card_health":3,"card_attack":3},{"card_name":"Silver Hand Recruit","card_health":3,"card_attack":3}]},{"turn":25,"cards_played":[],"current_player":"me","my_health":8,"opponent_health":17,"my_armor":0,"opponent_armor":0,"my_hand":3,"opponent_hand":2,"my_board":[],"opponent_board":[{"card_name":"Quartermaster","card_health":4,"card_attack":2},{"card_name":"Quartermaster","card_health":5,"card_attack":2},{"card_name":"Silver Hand Recruit","card_health":5,"card_attack":5},{"card_name":"Silver Hand Recruit","card_health":3,"card_attack":3},{"card_name":"Silver Hand Recruit","card_health":3,"card_attack":3},{"card_name":"Silver Hand Recruit","card_health":3,"card_attack":3},{"card_name":"Silver Hand Recruit","card_health":3,"card_attack":3}]}],"result":"defeat"}