{"plays":[{"turn":1,"cards_played":[],"current_player":"me","my_health":0,"opponent_health":30,"my_armor":0,"opponent_armor":0,"my_hand":0,"opponent_hand":1,"my_board":[],"opponent_board":[]},{"turn":2,"cards_played":["Worgen Infiltrator"],"current_player":"me","my_health":30,"opponent_health":30,"my_armor":0,"opponent_armor":0,"my_hand":5,"opponent_hand":4,"my_board":[{"card_name":"Worgen Infiltrator","card_health":1,"card_attack":2}],"opponent_board":[]},{"turn":3,"cards_played":["Knife Juggler"],"current_player":"opponent","my_health":30,"opponent_health":30,"my_armor":0,"opponent_armor":0,"my_hand":5,"opponent_hand":4,"my_board":[{"card_name":"Worgen Infiltrator","card_health":1,"card_attack":2}],"opponent_board":[{"card_name":"Knife Juggler","card_health":2,"card_attack":3}]},{"turn":4,"cards_played":["Glaivezooka"],"current_player":"me","my_health":27,"opponent_health":27,"my_armor":0,"opponent_armor":0,"my_hand":5,"opponent_hand":4,"my_board":[{"card_name":"Worgen Infiltrator","card_health":1,"card_attack":3}],"opponent_board":[]},{"turn":5,"cards_played":["Fireblast","Fireblast"],"current_player":"opponent","my_health":27,"opponent_health":27,"my_armor":0,"opponent_armor":0,"my_hand":5,"opponent_hand":5,"my_board":[],"opponent_board":[]},{"turn":6,"cards_played":["Argent Horserider"],"current_player":"me","my_health":27,"opponent_health":25,"my_armor":0,"opponent_armor":0,"my_hand":5,"opponent_hand":5,"my_board":[{"card_name":"Argent Horserider","card_health":1,"card_attack":2}],"opponent_board":[]},{"turn":7,"cards_played":["Fireblast","Fireblast"],"current_player":"opponent","my_health":27,"opponent_health":25,"my_armor":0,"opponent_armor":0,"my_hand":5,"opponent_hand":6,"my_board":[{"card_name":"Argent Horserider","card_health":1,"card_attack":2}],"opponent_board":[]},{"turn":8,"cards_played":["Mad Scientist","Haunted Creeper"],"current_player":"me","my_health":27,"opponent_health":23,"my_armor":0,"opponent_armor":0,"my_hand":4,"opponent_hand":6,"my_board":[{"card_name":"Mad Scientist","card_health":2,"card_attack":2},{"card_name":"Argent Horserider","card_health":1,"card_attack":2},{"card_name":"Haunted Creeper","card_health":2,"card_attack":1}],"opponent_board":[]},{"turn":9,"cards_played":["Flamewaker","Frostbolt"],"current_player":"opponent","my_health":27,"opponent_health":23,"my_armor":0,"opponent_armor":0,"my_hand":4,"opponent_hand":5,"my_board":[{"card_name":"Haunted Creeper","card_health":1,"card_attack":1}],"opponent_board":[{"card_name":"Flamewaker","card_health":4,"card_attack":2}]},{"turn":10,"cards_played":["Kill Command","Steady Shot"],"current_player":"me","my_health":27,"opponent_health":20,"my_armor":0,"opponent_armor":0,"my_hand":4,"opponent_hand":5,"my_board":[{"card_name":"Haunted Creeper","card_health":1,"card_attack":1}],"opponent_board":[]},{"turn":11,"cards_played":["Sorcerer's Apprentice","Arcane Intellect","Fireblast","Fireblast"],"current_player":"opponent","my_health":27,"opponent_health":20,"my_armor":0,"opponent_armor":0,"my_hand":4,"opponent_hand":6,"my_board":[{"card_name":"Spectral Spider","card_health":1,"card_attack":1},{"card_name":"Spectral Spider","card_health":1,"card_attack":1}],"opponent_board":[{"card_name":"Sorcerer's Apprentice","card_health":2,"card_attack":3}]},{"turn":12,"cards_played":["Animal Companion","Arcane Golem"],"current_player":"me","my_health":24,"opponent_health":10,"my_armor":0,"opponent_armor":0,"my_hand":3,"opponent_hand":6,"my_board":[{"card_name":"Arcane Golem","card_health":2,"card_attack":4},{"card_name":"Spectral Spider","card_health":1,"card_attack":1},{"card_name":"Spectral Spider","card_health":1,"card_attack":1},{"card_name":"Huffer","card_health":2,"card_attack":4}],"opponent_board":[]},{"turn":13,"cards_played":["Unstable Portal","Frostbolt","Garrison Commander","Fireblast","Fireblast","Fireblast"],"current_player":"opponent","my_health":24,"opponent_health":10,"my_armor":0,"opponent_armor":0,"my_hand":3,"opponent_hand":5,"my_board":[{"card_name":"Spectral Spider","card_health":1,"card_attack":1},{"card_name":"Spectral Spider","card_health":1,"card_attack":1}],"opponent_board":[{"card_name":"Garrison Commander","card_health":3,"card_attack":2}]},{"turn":14,"cards_played":["Steady Shot"],"current_player":"me","my_health":24,"opponent_health":6,"my_armor":0,"opponent_armor":0,"my_hand":4,"opponent_hand":5,"my_board":[{"card_name":"Spectral Spider","card_health":1,"card_attack":1},{"card_name":"Spectral Spider","card_health":1,"card_attack":1}],"opponent_board":[{"card_name":"Garrison Commander","card_health":3,"card_attack":2}]},{"turn":15,"cards_played":["Azure Drake","Fireblast","Fireblast","Fireblast","Fireblast"],"current_player":"opponent","my_health":22,"opponent_health":4,"my_armor":0,"opponent_armor":0,"my_hand":4,"opponent_hand":6,"my_board":[],"opponent_board":[{"card_name":"Azure Drake","card_health":4,"card_attack":4},{"card_name":"Garrison Commander","card_health":1,"card_attack":2}]},{"turn":16,"cards_played":["Eaglehorn Bow"],"current_player":"me","my_health":22,"opponent_health":4,"my_armor":0,"opponent_armor":0,"my_hand":4,"opponent_hand":6,"my_board":[],"opponent_board":[{"card_name":"Azure Drake","card_health":4,"card_attack":4},{"card_name":"Garrison Commander","card_health":1,"card_attack":2}]}],"result":"victory"}