{"plays":[{"turn":1,"cards_played":[],"current_player":"opponent","my_health":30,"opponent_health":0,"my_armor":0,"opponent_armor":0,"my_hand":1,"opponent_hand":0,"my_board":[],"opponent_board":[]},{"turn":2,"cards_played":["The Coin","Mad Scientist"],"current_player":"me","my_health":30,"opponent_health":30,"my_armor":0,"opponent_armor":0,"my_hand":4,"opponent_hand":4,"my_board":[{"card_name":"Mad Scientist","card_health":2,"card_attack":2}],"opponent_board":[]},{"turn":3,"cards_played":["Armor Up!"],"current_player":"opponent","my_health":30,"opponent_health":30,"my_armor":0,"opponent_armor":2,"my_hand":4,"opponent_hand":5,"my_board":[{"card_name":"Mad Scientist","card_health":2,"card_attack":2}],"opponent_board":[]},{"turn":4,"cards_played":["Fireblast","Fireblast"],"current_player":"me","my_health":30,"opponent_health":29,"my_armor":0,"opponent_armor":0,"my_hand":5,"opponent_hand":5,"my_board":[{"card_name":"Mad Scientist","card_health":2,"card_attack":2}],"opponent_board":[]},{"turn":5,"cards_played":["Shield Block"],"current_player":"opponent","my_health":30,"opponent_health":29,"my_armor":0,"opponent_armor":5,"my_hand":5,"opponent_hand":6,"my_board":[{"card_name":"Mad Scientist","card_health":2,"card_attack":2}],"opponent_board":[]},{"turn":6,"cards_played":["Arcane Intellect"],"current_player":"me","my_health":30,"opponent_health":29,"my_armor":0,"opponent_armor":3,"my_hand":7,"opponent_hand":6,"my_board":[{"card_name":"Mad Scientist","card_health":2,"card_attack":2}],"opponent_board":[]},{"turn":7,"cards_played":["Death's Bite"],"current_player":"opponent","my_health":30,"opponent_health":29,"my_armor":0,"opponent_armor":1,"my_hand":7,"opponent_hand":6,"my_board":[],"opponent_board":[]},{"turn":8,"cards_played":["Water Elemental"],"current_player":"me","my_health":30,"opponent_health":29,"my_armor":0,"opponent_armor":1,"my_hand":7,"opponent_hand":6,"my_board":[{"card_name":"Water Elemental","card_health":6,"card_attack":3}],"opponent_board":[]},{"turn":9,"cards_played":["Sludge Belcher"],"current_player":"opponent","my_health":30,"opponent_health":29,"my_armor":0,"opponent_armor":1,"my_hand":7,"opponent_hand":6,"my_board":[{"card_name":"Water Elemental","card_health":6,"card_attack":3}],"opponent_board":[{"card_name":"Sludge Belcher","card_health":5,"card_attack":3}]},{"turn":10,"cards_played":["Unstable Portal","Frostbolt"],"current_player":"me","my_health":30,"opponent_health":29,"my_armor":0,"opponent_armor":1,"my_hand":7,"opponent_hand":6,"my_board":[{"card_name":"Water Elemental","card_health":3,"card_attack":3}],"opponent_board":[{"card_name":"Slime","card_health":2,"card_attack":1}]},{"turn":11,"cards_played":["Shieldmaiden"],"current_player":"opponent","my_health":29,"opponent_health":29,"my_armor":0,"opponent_armor":6,"my_hand":7,"opponent_hand":6,"my_board":[{"card_name":"Water Elemental","card_health":3,"card_attack":3}],"opponent_board":[{"card_name":"Shieldmaiden","card_health":5,"card_attack":5},{"card_name":"Slime","card_health":2,"card_attack":1}]},{"turn":12,"cards_played":["Flamecannon","Fireblast","Fireblast"],"current_player":"me","my_health":29,"opponent_health":29,"my_armor":0,"opponent_armor":6,"my_hand":7,"opponent_hand":6,"my_board":[{"card_name":"Water Elemental","card_health":2,"card_attack":3}],"opponent_board":[]},{"turn":13,"cards_played":["Baron Geddon"],"current_player":"opponent","my_health":27,"opponent_health":29,"my_armor":0,"opponent_armor":4,"my_hand":9,"opponent_hand":6,"my_board":[],"opponent_board":[{"card_name":"Baron Geddon","card_health":5,"card_attack":7}]},{"turn":14,"cards_played":["Water Elemental"],"current_player":"me","my_health":27,"opponent_health":29,"my_armor":0,"opponent_armor":4,"my_hand":8,"opponent_hand":6,"my_board":[{"card_name":"Water Elemental","card_health":6,"card_attack":3}],"opponent_board":[{"card_name":"Baron Geddon","card_health":5,"card_attack":7}]},{"turn":15,"cards_played":["Dr. Boom"],"current_player":"opponent","my_health":27,"opponent_health":29,"my_armor":0,"opponent_armor":4,"my_hand":8,"opponent_hand":6,"my_board":[{"card_name":"Water Elemental","card_health":6,"card_attack":3}],"opponent_board":[{"card_name":"Dr. Boom","card_health":7,"card_attack":7},{"card_name":"Boom Bot","card_health":1,"card_attack":1},{"card_name":"Boom Bot","card_health":1,"card_attack":1}]},{"turn":16,"cards_played":["Polymorph","Water Elemental"],"current_player":"me","my_health":27,"opponent_health":29,"my_armor":0,"opponent_armor":1,"my_hand":7,"opponent_hand":6,"my_board":[{"card_name":"Water Elemental","card_health":6,"card_attack":3},{"card_name":"Water Elemental","card_health":6,"card_attack":3}],"opponent_board":[{"card_name":"Boom Bot","card_health":1,"card_attack":1},{"card_name":"Boom Bot","card_health":1,"card_attack":1},{"card_name":"Sheep","card_health":1,"card_attack":1}]},{"turn":17,"cards_played":["Ragnaros the Firelord"],"current_player":"opponent","my_health":24,"opponent_health":29,"my_armor":0,"opponent_armor":1,"my_hand":7,"opponent_hand":6,"my_board":[{"card_name":"Water Elemental","card_health":6,"card_attack":3}],"opponent_board":[{"card_name":"Ragnaros the Firelord","card_health":8,"card_attack":8},{"card_name":"Boom Bot","card_health":1,"card_attack":1},{"card_name":"Boom Bot","card_health":1,"card_attack":1},{"card_name":"Sheep","card_health":1,"card_attack":1}]},{"turn":18,"cards_played":["Fireblast","Fireblast","Flamestrike"],"current_player":"me","my_health":24,"opponent_health":29,"my_armor":0,"opponent_armor":1,"my_hand":7,"opponent_hand":6,"my_board":[],"opponent_board":[]},{"turn":19,"cards_played":["Grommash Hellscream","Cruel Taskmaster"],"current_player":"opponent","my_health":7,"opponent_health":29,"my_armor":0,"opponent_armor":1,"my_hand":7,"opponent_hand":5,"my_board":[],"opponent_board":[{"card_name":"Cruel Taskmaster","card_health":2,"card_attack":2},{"card_name":"Grommash Hellscream","card_health":8,"card_attack":12}]},{"turn":20,"cards_played":["Antique Healbot","Acolyte of Pain","Zombie Chow"],"current_player":"me","my_health":15,"opponent_health":29,"my_armor":0,"opponent_armor":1,"my_hand":4,"opponent_hand":5,"my_board":[{"card_name":"Acolyte of Pain","card_health":3,"card_attack":1},{"card_name":"Zombie Chow","card_health":3,"card_attack":2},{"card_name":"Antique Healbot","card_health":3,"card_attack":3}],"opponent_board":[{"card_name":"Cruel Taskmaster","card_health":2,"card_attack":2},{"card_name":"Grommash Hellscream","card_health":8,"card_attack":12}]},{"turn":21,"cards_played":["Armorsmith","Armor Up!","Shield Slam"],"current_player":"opponent","my_health":11,"opponent_health":29,"my_armor":0,"opponent_armor":6,"my_hand":5,"opponent_hand":4,"my_board":[],"opponent_board":[{"card_name":"Armorsmith","card_health":3,"card_attack":1},{"card_name":"Grommash Hellscream","card_health":7,"card_attack":12}]},{"turn":22,"cards_played":["Dr. Boom"],"current_player":"me","my_health":11,"opponent_health":30,"my_armor":0,"opponent_armor":6,"my_hand":4,"opponent_hand":4,"my_board":[{"card_name":"Dr. Boom","card_health":7,"card_attack":7},{"card_name":"Boom Bot","card_health":1,"card_attack":1},{"card_name":"Boom Bot","card_health":1,"card_attack":1}],"opponent_board":[{"card_name":"Armorsmith","card_health":3,"card_attack":1},{"card_name":"Grommash Hellscream","card_health":7,"card_attack":12}]},{"turn":23,"cards_played":["Big Game Hunter","Death's Bite","Armor Up!"],"current_player":"opponent","my_health":2,"opponent_health":30,"my_armor":0,"opponent_armor":8,"my_hand":4,"opponent_hand":3,"my_board":[{"card_name":"Boom Bot","card_health":1,"card_attack":1},{"card_name":"Boom Bot","card_health":1,"card_attack":1}],"opponent_board":[{"card_name":"Big Game Hunter","card_health":2,"card_attack":4},{"card_name":"Armorsmith","card_health":3,"card_attack":1},{"card_name":"Grommash Hellscream","card_health":7,"card_attack":12}]},{"turn":24,"cards_played":["Unstable Portal","Sludge Belcher","Mad Scientist","Burly Rockjaw Trogg"],"current_player":"me","my_health":2,"opponent_health":30,"my_armor":0,"opponent_armor":8,"my_hand":2,"opponent_hand":3,"my_board":[{"card_name":"Mad Scientist","card_health":2,"card_attack":2},{"card_name":"Sludge Belcher","card_health":5,"card_attack":3},{"card_name":"Burly Rockjaw Trogg","card_health":5,"card_attack":3}],"opponent_board":[{"card_name":"Armorsmith","card_health":2,"card_attack":1},{"card_name":"Grommash Hellscream","card_health":7,"card_attack":12}]},{"turn":25,"cards_played":["Shield Block","Whirlwind","Execute"],"current_player":"opponent","my_health":-10,"opponent_health":30,"my_armor":0,"opponent_armor":14,"my_hand":2,"opponent_hand":2,"my_board":[{"card_name":"Burly Rockjaw Trogg","card_health":3,"card_attack":9}],"opponent_board":[{"card_name":"Grommash Hellscream","card_health":5,"card_attack":12}]}],"result":"defeat"}