{"plays":[{"turn":1,"cards_played":[],"current_player":"opponent","my_health":30,"opponent_health":0,"my_armor":0,"opponent_armor":0,"my_hand":1,"opponent_hand":0,"my_board":[],"opponent_board":[]},{"turn":2,"cards_played":[],"current_player":"opponent","my_health":30,"opponent_health":30,"my_armor":0,"opponent_armor":0,"my_hand":4,"opponent_hand":6,"my_board":[],"opponent_board":[]},{"turn":3,"cards_played":["Sorcerer's Apprentice"],"current_player":"me","my_health":30,"opponent_health":30,"my_armor":0,"opponent_armor":0,"my_hand":4,"opponent_hand":6,"my_board":[{"card_name":"Sorcerer's Apprentice","card_health":2,"card_attack":3}],"opponent_board":[]},{"turn":4,"cards_played":["Shielded Minibot"],"current_player":"opponent","my_health":30,"opponent_health":30,"my_armor":0,"opponent_armor":0,"my_hand":4,"opponent_hand":6,"my_board":[{"card_name":"Sorcerer's Apprentice","card_health":2,"card_attack":3}],"opponent_board":[{"card_name":"Shielded Minibot","card_health":2,"card_attack":2}]},{"turn":5,"cards_played":["Sorcerer's Apprentice","Arcane Intellect"],"current_player":"me","my_health":30,"opponent_health":27,"my_armor":0,"opponent_armor":0,"my_hand":5,"opponent_hand":6,"my_board":[{"card_name":"Sorcerer's Apprentice","card_health":2,"card_attack":3},{"card_name":"Sorcerer's Apprentice","card_health":2,"card_attack":3}],"opponent_board":[{"card_name":"Shielded Minibot","card_health":2,"card_attack":2}]},{"turn":6,"cards_played":["Coghammer","The Coin","Zombie Chow"],"current_player":"opponent","my_health":30,"opponent_health":24,"my_armor":0,"opponent_armor":0,"my_hand":5,"opponent_hand":4,"my_board":[],"opponent_board":[{"card_name":"Shielded Minibot","card_health":2,"card_attack":2},{"card_name":"Zombie Chow","card_health":3,"card_attack":2}]},{"turn":7,"cards_played":["Piloted Shredder"],"current_player":"me","my_health":30,"opponent_health":24,"my_armor":0,"opponent_armor":0,"my_hand":5,"opponent_hand":4,"my_board":[{"card_name":"Piloted Shredder","card_health":3,"card_attack":4}],"opponent_board":[{"card_name":"Shielded Minibot","card_health":2,"card_attack":2},{"card_name":"Zombie Chow","card_health":3,"card_attack":2}]},{"turn":8,"cards_played":["Murloc Knight"],"current_player":"opponent","my_health":28,"opponent_health":20,"my_armor":0,"opponent_armor":0,"my_hand":5,"opponent_hand":4,"my_board":[{"card_name":"Nerub'ar Weblord","card_health":4,"card_attack":1}],"opponent_board":[{"card_name":"Murloc Knight","card_health":4,"card_attack":3},{"card_name":"Shielded Minibot","card_health":2,"card_attack":2},{"card_name":"Zombie Chow","card_health":3,"card_attack":2}]},{"turn":9,"cards_played":["Arcane Intellect","Fireblast","Fireblast"],"current_player":"me","my_health":28,"opponent_health":20,"my_armor":0,"opponent_armor":0,"my_hand":7,"opponent_hand":4,"my_board":[{"card_name":"Nerub'ar Weblord","card_health":2,"card_attack":1}],"opponent_board":[{"card_name":"Murloc Knight","card_health":4,"card_attack":3},{"card_name":"Zombie Chow","card_health":3,"card_attack":2}]},{"turn":10,"cards_played":["Reinforce","Muster for Battle"],"current_player":"opponent","my_health":23,"opponent_health":19,"my_armor":0,"opponent_armor":0,"my_hand":7,"opponent_hand":4,"my_board":[],"opponent_board":[{"card_name":"Murloc Knight","card_health":4,"card_attack":3},{"card_name":"Zombie Chow","card_health":3,"card_attack":2},{"card_name":"Silver Hand Recruit","card_health":1,"card_attack":1},{"card_name":"Murloc Knight","card_health":4,"card_attack":3},{"card_name":"Silver Hand Recruit","card_health":1,"card_attack":1},{"card_name":"Silver Hand Recruit","card_health":1,"card_attack":1},{"card_name":"Silver Hand Recruit","card_health":1,"card_attack":1}]},{"turn":11,"cards_played":["Emperor Thaurissan"],"current_player":"me","my_health":23,"opponent_health":19,"my_armor":0,"opponent_armor":0,"my_hand":7,"opponent_hand":4,"my_board":[{"card_name":"Emperor Thaurissan","card_health":5,"card_attack":5}],"opponent_board":[{"card_name":"Murloc Knight","card_health":4,"card_attack":3},{"card_name":"Zombie Chow","card_health":3,"card_attack":2},{"card_name":"Silver Hand Recruit","card_health":1,"card_attack":1},{"card_name":"Murloc Knight","card_health":4,"card_attack":3},{"card_name":"Silver Hand Recruit","card_health":1,"card_attack":1},{"card_name":"Silver Hand Recruit","card_health":1,"card_attack":1},{"card_name":"Silver Hand Recruit","card_health":1,"card_attack":1}]},{"turn":12,"cards_played":["Reinforce"],"current_player":"opponent","my_health":20,"opponent_health":19,"my_armor":0,"opponent_armor":0,"my_hand":7,"opponent_hand":5,"my_board":[],"opponent_board":[{"card_name":"Murloc Knight","card_health":4,"card_attack":3},{"card_name":"Murloc Knight","card_health":4,"card_attack":3},{"card_name":"Silver Hand Recruit","card_health":1,"card_attack":1},{"card_name":"Silver Hand Recruit","card_health":1,"card_attack":1},{"card_name":"Murloc Tidehunter","card_health":1,"card_attack":2},{"card_name":"Siltfin Spiritwalker","card_health":5,"card_attack":2}]},{"turn":13,"cards_played":["Piloted Shredder","Fireblast","Fireblast"],"current_player":"me","my_health":20,"opponent_health":18,"my_armor":0,"opponent_armor":0,"my_hand":6,"opponent_hand":5,"my_board":[{"card_name":"Piloted Shredder","card_health":3,"card_attack":4}],"opponent_board":[{"card_name":"Murloc Knight","card_health":4,"card_attack":3},{"card_name":"Murloc Knight","card_health":4,"card_attack":3},{"card_name":"Silver Hand Recruit","card_health":1,"card_attack":1},{"card_name":"Silver Hand Recruit","card_health":1,"card_attack":1},{"card_name":"Murloc Tidehunter","card_health":1,"card_attack":2},{"card_name":"Siltfin Spiritwalker","card_health":5,"card_attack":2}]},{"turn":14,"cards_played":["Defender of Argus","Reinforce"],"current_player":"opponent","my_health":11,"opponent_health":18,"my_armor":0,"opponent_armor":0,"my_hand":6,"opponent_hand":6,"my_board":[{"card_name":"Baron Rivendare","card_health":6,"card_attack":1}],"opponent_board":[{"card_name":"Murloc Knight","card_health":4,"card_attack":3},{"card_name":"Defender of Argus","card_health":3,"card_attack":2},{"card_name":"Murloc Knight","card_health":4,"card_attack":3},{"card_name":"Silver Hand Recruit","card_health":2,"card_attack":2},{"card_name":"Siltfin Spiritwalker","card_health":2,"card_attack":3},{"card_name":"Silver Hand Recruit","card_health":1,"card_attack":1},{"card_name":"Murloc Knight","card_health":4,"card_attack":3}]},{"turn":15,"cards_played":["Mana Wyrm","Mana Wyrm","Arcane Missiles","Fireblast","Fireblast"],"current_player":"me","my_health":11,"opponent_health":18,"my_armor":0,"opponent_armor":0,"my_hand":4,"opponent_hand":6,"my_board":[{"card_name":"Mana Wyrm","card_health":3,"card_attack":2},{"card_name":"Mana Wyrm","card_health":3,"card_attack":2},{"card_name":"Baron Rivendare","card_health":3,"card_attack":1}],"opponent_board":[{"card_name":"Murloc Knight","card_health":3,"card_attack":3},{"card_name":"Defender of Argus","card_health":3,"card_attack":2},{"card_name":"Murloc Knight","card_health":2,"card_attack":3},{"card_name":"Silver Hand Recruit","card_health":2,"card_attack":2},{"card_name":"Silver Hand Recruit","card_health":1,"card_attack":1},{"card_name":"Murloc Knight","card_health":4,"card_attack":3}]}],"result":"defeat"}