{"plays":[{"turn":1,"cards_played":[],"current_player":"me","my_health":0,"opponent_health":30,"my_armor":0,"opponent_armor":0,"my_hand":0,"opponent_hand":1,"my_board":[],"opponent_board":[]},{"turn":2,"cards_played":["The Coin","Mad Scientist"],"current_player":"opponent","my_health":30,"opponent_health":30,"my_armor":0,"opponent_armor":0,"my_hand":4,"opponent_hand":4,"my_board":[],"opponent_board":[{"card_name":"Mad Scientist","card_health":2,"card_attack":2}]},{"turn":3,"cards_played":["Mad Scientist"],"current_player":"me","my_health":30,"opponent_health":30,"my_armor":0,"opponent_armor":0,"my_hand":4,"opponent_hand":4,"my_board":[{"card_name":"Mad Scientist","card_health":2,"card_attack":2}],"opponent_board":[{"card_name":"Mad Scientist","card_health":2,"card_attack":2}]},{"turn":4,"cards_played":["Abusive Sergeant","Leper Gnome"],"current_player":"opponent","my_health":26,"opponent_health":30,"my_armor":0,"opponent_armor":0,"my_hand":4,"opponent_hand":3,"my_board":[{"card_name":"Mad Scientist","card_health":2,"card_attack":2}],"opponent_board":[{"card_name":"Abusive Sergeant","card_health":1,"card_attack":2},{"card_name":"Leper Gnome","card_health":1,"card_attack":2},{"card_name":"Mad Scientist","card_health":2,"card_attack":4}]},{"turn":5,"cards_played":["Fireblast","Fireblast"],"current_player":"me","my_health":26,"opponent_health":30,"my_armor":0,"opponent_armor":0,"my_hand":5,"opponent_hand":3,"my_board":[],"opponent_board":[{"card_name":"Leper Gnome","card_health":1,"card_attack":2}]},{"turn":6,"cards_played":["Eaglehorn Bow"],"current_player":"opponent","my_health":21,"opponent_health":30,"my_armor":0,"opponent_armor":0,"my_hand":5,"opponent_hand":3,"my_board":[],"opponent_board":[{"card_name":"Leper Gnome","card_health":1,"card_attack":2}]},{"turn":7,"cards_played":["Mad Scientist","Fireblast","Fireblast"],"current_player":"me","my_health":21,"opponent_health":30,"my_armor":0,"opponent_armor":0,"my_hand":5,"opponent_hand":3,"my_board":[{"card_name":"Mad Scientist","card_health":2,"card_attack":2}],"opponent_board":[]},{"turn":8,"cards_played":["Haunted Creeper","Steady Shot"],"current_player":"opponent","my_health":17,"opponent_health":30,"my_armor":0,"opponent_armor":0,"my_hand":5,"opponent_hand":3,"my_board":[{"card_name":"Mad Scientist","card_health":2,"card_attack":2},{"card_name":"Haunted Creeper","card_health":2,"card_attack":1}],"opponent_board":[{"card_name":"Haunted Creeper","card_health":2,"card_attack":1}]},{"turn":9,"cards_played":["Unstable Portal","King of Beasts"],"current_player":"me","my_health":15,"opponent_health":30,"my_armor":0,"opponent_armor":0,"my_hand":5,"opponent_hand":3,"my_board":[{"card_name":"Spectral Spider","card_health":1,"card_attack":1},{"card_name":"Spectral Spider","card_health":1,"card_attack":1},{"card_name":"King of Beasts","card_health":6,"card_attack":2}],"opponent_board":[{"card_name":"Haunted Creeper","card_health":2,"card_attack":1}]},{"turn":10,"cards_played":["Kill Command","Steady Shot"],"current_player":"opponent","my_health":10,"opponent_health":30,"my_armor":0,"opponent_armor":0,"my_hand":7,"opponent_hand":3,"my_board":[{"card_name":"Spectral Spider","card_health":1,"card_attack":1},{"card_name":"Spectral Spider","card_health":1,"card_attack":1}],"opponent_board":[{"card_name":"Spectral Spider","card_health":1,"card_attack":1},{"card_name":"Spectral Spider","card_health":1,"card_attack":1}]},{"turn":11,"cards_played":["Mana Wyrm","King of Beasts"],"current_player":"me","my_health":10,"opponent_health":30,"my_armor":0,"opponent_armor":0,"my_hand":6,"opponent_hand":3,"my_board":[{"card_name":"Mana Wyrm","card_health":3,"card_attack":1},{"card_name":"King of Beasts","card_health":6,"card_attack":2}],"opponent_board":[]},{"turn":12,"cards_played":["Animal Companion","Arcane Golem"],"current_player":"opponent","my_health":10,"opponent_health":28,"my_armor":0,"opponent_armor":0,"my_hand":6,"opponent_hand":2,"my_board":[{"card_name":"Mana Wyrm","card_health":3,"card_attack":1}],"opponent_board":[{"card_name":"Leokk","card_health":4,"card_attack":2}]},{"turn":13,"cards_played":["Unstable Portal","King of Beasts","Druid of the Flame"],"current_player":"me","my_health":10,"opponent_health":26,"my_armor":0,"opponent_armor":0,"my_hand":5,"opponent_hand":2,"my_board":[{"card_name":"Mana Wyrm","card_health":3,"card_attack":2},{"card_name":"King of Beasts","card_health":6,"card_attack":2},{"card_name":"Druid of the Flame","card_health":5,"card_attack":2}],"opponent_board":[{"card_name":"Leokk","card_health":4,"card_attack":2}]},{"turn":14,"cards_played":["Steady Shot","Glaivezooka","Worgen Infiltrator","Haunted Creeper"],"current_player":"opponent","my_health":8,"opponent_health":26,"my_armor":0,"opponent_armor":0,"my_hand":5,"opponent_hand":0,"my_board":[{"card_name":"Mana Wyrm","card_health":3,"card_attack":2},{"card_name":"King of Beasts","card_health":3,"card_attack":2},{"card_name":"Druid of the Flame","card_health":5,"card_attack":2}],"opponent_board":[{"card_name":"Haunted Creeper","card_health":2,"card_attack":1},{"card_name":"Worgen Infiltrator","card_health":1,"card_attack":3},{"card_name":"Leokk","card_health":2,"card_attack":3}]},{"turn":15,"cards_played":["Flamestrike","Fireblast","Fireblast"],"current_player":"me","my_health":8,"opponent_health":20,"my_armor":0,"opponent_armor":0,"my_hand":5,"opponent_hand":0,"my_board":[{"card_name":"Mana Wyrm","card_health":3,"card_attack":3},{"card_name":"King of Beasts","card_health":3,"card_attack":2},{"card_name":"Druid of the Flame","card_health":3,"card_attack":2}],"opponent_board":[]},{"turn":16,"cards_played":["Wolfrider","Steady Shot"],"current_player":"opponent","my_health":4,"opponent_health":20,"my_armor":0,"opponent_armor":0,"my_hand":5,"opponent_hand":0,"my_board":[{"card_name":"Mana Wyrm","card_health":3,"card_attack":3},{"card_name":"Druid of the Flame","card_health":3,"card_attack":2}],"opponent_board":[]},{"turn":17,"cards_played":["Arcane Intellect","Frostbolt","Sludge Belcher"],"current_player":"me","my_health":4,"opponent_health":10,"my_armor":0,"opponent_armor":0,"my_hand":5,"opponent_hand":0,"my_board":[{"card_name":"Mana Wyrm","card_health":3,"card_attack":5},{"card_name":"Sludge Belcher","card_health":5,"card_attack":3},{"card_name":"Druid of the Flame","card_health":3,"card_attack":2}],"opponent_board":[]},{"turn":18,"cards_played":["Steady Shot","Leper Gnome"],"current_player":"opponent","my_health":2,"opponent_health":10,"my_armor":0,"opponent_armor":0,"my_hand":5,"opponent_hand":0,"my_board":[{"card_name":"Mana Wyrm","card_health":3,"card_attack":5},{"card_name":"Sludge Belcher","card_health":5,"card_attack":3},{"card_name":"Druid of the Flame","card_health":3,"card_attack":2}],"opponent_board":[{"card_name":"Leper Gnome","card_health":1,"card_attack":2}]},{"turn":19,"cards_played":[],"current_player":"me","my_health":2,"opponent_health":0,"my_armor":0,"opponent_armor":0,"my_hand":6,"opponent_hand":0,"my_board":[{"card_name":"Mana Wyrm","card_health":3,"card_attack":5},{"card_name":"Sludge Belcher","card_health":5,"card_attack":3},{"card_name":"Druid of the Flame","card_health":3,"card_attack":2}],"opponent_board":[{"card_name":"Leper Gnome","card_health":1,"card_attack":2}]}],"result":"victory"}