{"plays":[{"turn":1,"cards_played":[],"current_player":"opponent","my_health":30,"opponent_health":0,"my_armor":0,"opponent_armor":0,"my_hand":1,"opponent_hand":0,"my_board":[],"opponent_board":[]},{"turn":2,"cards_played":["Voidwalker"],"current_player":"me","my_health":30,"opponent_health":30,"my_armor":0,"opponent_armor":0,"my_hand":6,"opponent_hand":3,"my_board":[],"opponent_board":[{"card_name":"Voidwalker","card_health":3,"card_attack":1}]},{"turn":3,"cards_played":["Knife Juggler"],"current_player":"opponent","my_health":29,"opponent_health":30,"my_armor":0,"opponent_armor":0,"my_hand":6,"opponent_hand":3,"my_board":[],"opponent_board":[{"card_name":"Voidwalker","card_health":3,"card_attack":1},{"card_name":"Knife Juggler","card_health":2,"card_attack":3}]},{"turn":4,"cards_played":["Sorcerer's Apprentice","Mirror Image"],"current_player":"me","my_health":29,"opponent_health":30,"my_armor":0,"opponent_armor":0,"my_hand":5,"opponent_hand":3,"my_board":[{"card_name":"Sorcerer's Apprentice","card_health":2,"card_attack":3},{"card_name":"Mirror Image","card_health":2,"card_attack":0},{"card_name":"Mirror Image","card_health":2,"card_attack":0}],"opponent_board":[{"card_name":"Voidwalker","card_health":3,"card_attack":1},{"card_name":"Knife Juggler","card_health":2,"card_attack":3}]},{"turn":5,"cards_played":["Tiny Knight of Evil","Flame Imp"],"current_player":"opponent","my_health":29,"opponent_health":30,"my_armor":0,"opponent_armor":0,"my_hand":5,"opponent_hand":2,"my_board":[{"card_name":"Sorcerer's Apprentice","card_health":2,"card_attack":3}],"opponent_board":[{"card_name":"Voidwalker","card_health":3,"card_attack":1},{"card_name":"Knife Juggler","card_health":2,"card_attack":3},{"card_name":"Tiny Knight of Evil","card_health":2,"card_attack":3},{"card_name":"Flame Imp","card_health":2,"card_attack":3}]},{"turn":6,"cards_played":["Flamewaker","Arcane Missiles","The Coin"],"current_player":"me","my_health":28,"opponent_health":25,"my_armor":0,"opponent_armor":0,"my_hand":3,"opponent_hand":2,"my_board":[{"card_name":"Flamewaker","card_health":4,"card_attack":2},{"card_name":"Sorcerer's Apprentice","card_health":1,"card_attack":3}],"opponent_board":[{"card_name":"Flame Imp","card_health":1,"card_attack":3}]},{"turn":7,"cards_played":["Life Tap","Haunted Creeper"],"current_player":"opponent","my_health":28,"opponent_health":23,"my_armor":0,"opponent_armor":0,"my_hand":3,"opponent_hand":3,"my_board":[{"card_name":"Flamewaker","card_health":1,"card_attack":2},{"card_name":"Sorcerer's Apprentice","card_health":1,"card_attack":3}],"opponent_board":[{"card_name":"Haunted Creeper","card_health":2,"card_attack":1}]},{"turn":8,"cards_played":["Arcane Intellect","Fireblast","Fireblast"],"current_player":"me","my_health":28,"opponent_health":18,"my_armor":0,"opponent_armor":0,"my_hand":5,"opponent_hand":3,"my_board":[{"card_name":"Flamewaker","card_health":1,"card_attack":2},{"card_name":"Sorcerer's Apprentice","card_health":1,"card_attack":3}],"opponent_board":[{"card_name":"Spectral Spider","card_health":1,"card_attack":1}]},{"turn":9,"cards_played":["Life Tap","Knife Juggler"],"current_player":"opponent","my_health":28,"opponent_health":16,"my_armor":0,"opponent_armor":0,"my_hand":5,"opponent_hand":4,"my_board":[{"card_name":"Sorcerer's Apprentice","card_health":1,"card_attack":3}],"opponent_board":[{"card_name":"Knife Juggler","card_health":2,"card_attack":3}]},{"turn":10,"cards_played":["Azure Drake","Mirror Image"],"current_player":"me","my_health":28,"opponent_health":16,"my_armor":0,"opponent_armor":0,"my_hand":5,"opponent_hand":4,"my_board":[{"card_name":"Azure Drake","card_health":4,"card_attack":4},{"card_name":"Mirror Image","card_health":2,"card_attack":0},{"card_name":"Mirror Image","card_health":2,"card_attack":0}],"opponent_board":[]},{"turn":11,"cards_played":["Life Tap","Imp-losion"],"current_player":"opponent","my_health":28,"opponent_health":14,"my_armor":0,"opponent_armor":0,"my_hand":5,"opponent_hand":5,"my_board":[{"card_name":"Azure Drake","card_health":1,"card_attack":4},{"card_name":"Mirror Image","card_health":2,"card_attack":0},{"card_name":"Mirror Image","card_health":2,"card_attack":0}],"opponent_board":[{"card_name":"Imp","card_health":1,"card_attack":1},{"card_name":"Imp","card_health":1,"card_attack":1},{"card_name":"Imp","card_health":1,"card_attack":1}]},{"turn":12,"cards_played":["Mana Wyrm","Unstable Portal","Bolf Ramshield"],"current_player":"me","my_health":28,"opponent_health":10,"my_armor":0,"opponent_armor":0,"my_hand":4,"opponent_hand":5,"my_board":[{"card_name":"Mana Wyrm","card_health":3,"card_attack":2},{"card_name":"Azure Drake","card_health":1,"card_attack":4},{"card_name":"Mirror Image","card_health":2,"card_attack":0},{"card_name":"Mirror Image","card_health":2,"card_attack":0},{"card_name":"Bolf Ramshield","card_health":9,"card_attack":3}],"opponent_board":[{"card_name":"Imp","card_health":1,"card_attack":1},{"card_name":"Imp","card_health":1,"card_attack":1},{"card_name":"Imp","card_health":1,"card_attack":1}]},{"turn":13,"cards_played":["Dark Bargain"],"current_player":"opponent","my_health":28,"opponent_health":10,"my_armor":0,"opponent_armor":0,"my_hand":4,"opponent_hand":3,"my_board":[{"card_name":"Mirror Image","card_health":1,"card_attack":0},{"card_name":"Bolf Ramshield","card_health":5,"card_attack":3}],"opponent_board":[{"card_name":"Imp","card_health":1,"card_attack":1},{"card_name":"Imp","card_health":1,"card_attack":1},{"card_name":"Imp","card_health":1,"card_attack":1}]},{"turn":14,"cards_played":["Fireblast","Fireblast"],"current_player":"me","my_health":28,"opponent_health":6,"my_armor":0,"opponent_armor":0,"my_hand":5,"opponent_hand":3,"my_board":[{"card_name":"Mirror Image","card_health":1,"card_attack":0},{"card_name":"Bolf Ramshield","card_health":5,"card_attack":3}],"opponent_board":[{"card_name":"Imp","card_health":1,"card_attack":1},{"card_name":"Imp","card_health":1,"card_attack":1},{"card_name":"Imp","card_health":1,"card_attack":1}]}],"result":"victory"}