{"plays":[{"turn":1,"cards_played":[],"current_player":"opponent","my_health":30,"opponent_health":0,"my_armor":0,"opponent_armor":0,"my_hand":1,"opponent_hand":0,"my_board":[],"opponent_board":[]},{"turn":2,"cards_played":[],"current_player":"me","my_health":30,"opponent_health":30,"my_armor":0,"opponent_armor":0,"my_hand":6,"opponent_hand":4,"my_board":[],"opponent_board":[]},{"turn":3,"cards_played":["Totemic Call"],"current_player":"opponent","my_health":30,"opponent_health":30,"my_armor":0,"opponent_armor":0,"my_hand":6,"opponent_hand":5,"my_board":[],"opponent_board":[{"card_name":"Healing Totem","card_health":2,"card_attack":0}]},{"turn":4,"cards_played":["The Coin","Soot Spewer"],"current_player":"me","my_health":30,"opponent_health":30,"my_armor":0,"opponent_armor":0,"my_hand":5,"opponent_hand":5,"my_board":[{"card_name":"Soot Spewer","card_health":3,"card_attack":3}],"opponent_board":[{"card_name":"Healing Totem","card_health":2,"card_attack":0}]},{"turn":5,"cards_played":["Unbound Elemental"],"current_player":"opponent","my_health":30,"opponent_health":30,"my_armor":0,"opponent_armor":0,"my_hand":5,"opponent_hand":5,"my_board":[{"card_name":"Soot Spewer","card_health":3,"card_attack":3}],"opponent_board":[{"card_name":"Unbound Elemental","card_health":4,"card_attack":2},{"card_name":"Healing Totem","card_health":2,"card_attack":0}]},{"turn":6,"cards_played":["Arcane Blast","Fireblast","Fireblast"],"current_player":"me","my_health":30,"opponent_health":29,"my_armor":0,"opponent_armor":0,"my_hand":5,"opponent_hand":5,"my_board":[{"card_name":"Soot Spewer","card_health":3,"card_attack":3}],"opponent_board":[]},{"turn":7,"cards_played":["Totemic Call"],"current_player":"opponent","my_health":30,"opponent_health":29,"my_armor":0,"opponent_armor":0,"my_hand":5,"opponent_hand":6,"my_board":[{"card_name":"Soot Spewer","card_health":3,"card_attack":3}],"opponent_board":[{"card_name":"Wrath of Air Totem","card_health":2,"card_attack":0}]},{"turn":8,"cards_played":["Water Elemental"],"current_player":"me","my_health":30,"opponent_health":29,"my_armor":0,"opponent_armor":0,"my_hand":5,"opponent_hand":6,"my_board":[{"card_name":"Soot Spewer","card_health":3,"card_attack":3},{"card_name":"Water Elemental","card_health":6,"card_attack":3}],"opponent_board":[]},{"turn":9,"cards_played":["Totemic Call"],"current_player":"opponent","my_health":30,"opponent_health":29,"my_armor":0,"opponent_armor":0,"my_hand":5,"opponent_hand":7,"my_board":[{"card_name":"Soot Spewer","card_health":3,"card_attack":3},{"card_name":"Water Elemental","card_health":6,"card_attack":3}],"opponent_board":[{"card_name":"Stoneclaw Totem","card_health":2,"card_attack":0}]},{"turn":10,"cards_played":["Water Elemental"],"current_player":"me","my_health":30,"opponent_health":26,"my_armor":0,"opponent_armor":0,"my_hand":5,"opponent_hand":7,"my_board":[{"card_name":"Water Elemental","card_health":6,"card_attack":3},{"card_name":"Soot Spewer","card_health":3,"card_attack":3},{"card_name":"Water Elemental","card_health":6,"card_attack":3}],"opponent_board":[]},{"turn":11,"cards_played":["Fire Elemental"],"current_player":"opponent","my_health":30,"opponent_health":26,"my_armor":0,"opponent_armor":0,"my_hand":5,"opponent_hand":7,"my_board":[{"card_name":"Water Elemental","card_health":6,"card_attack":3},{"card_name":"Water Elemental","card_health":6,"card_attack":3}],"opponent_board":[{"card_name":"Fire Elemental","card_health":5,"card_attack":6}]},{"turn":12,"cards_played":["Fireball","Snowchugger"],"current_player":"me","my_health":30,"opponent_health":20,"my_armor":0,"opponent_armor":0,"my_hand":4,"opponent_hand":7,"my_board":[{"card_name":"Water Elemental","card_health":6,"card_attack":3},{"card_name":"Snowchugger","card_health":3,"card_attack":2},{"card_name":"Water Elemental","card_health":6,"card_attack":3}],"opponent_board":[]},{"turn":13,"cards_played":["Fire Elemental"],"current_player":"opponent","my_health":30,"opponent_health":20,"my_armor":0,"opponent_armor":0,"my_hand":4,"opponent_hand":7,"my_board":[{"card_name":"Water Elemental","card_health":6,"card_attack":3},{"card_name":"Water Elemental","card_health":6,"card_attack":3}],"opponent_board":[{"card_name":"Fire Elemental","card_health":5,"card_attack":6}]},{"turn":14,"cards_played":["Fencing Coach","Lost Tallstrider","Fireblast"],"current_player":"me","my_health":30,"opponent_health":13,"my_armor":0,"opponent_armor":0,"my_hand":3,"opponent_hand":7,"my_board":[{"card_name":"Water Elemental","card_health":6,"card_attack":3},{"card_name":"Fencing Coach","card_health":2,"card_attack":2},{"card_name":"Lost Tallstrider","card_health":4,"card_attack":5},{"card_name":"Water Elemental","card_health":6,"card_attack":3}],"opponent_board":[{"card_name":"Fire Elemental","card_health":5,"card_attack":6}]},{"turn":15,"cards_played":["Sunwalker","Vitality Totem"],"current_player":"opponent","my_health":30,"opponent_health":13,"my_armor":0,"opponent_armor":0,"my_hand":3,"opponent_hand":6,"my_board":[{"card_name":"Water Elemental","card_health":6,"card_attack":3},{"card_name":"Fencing Coach","card_health":2,"card_attack":2},{"card_name":"Lost Tallstrider","card_health":4,"card_attack":5}],"opponent_board":[{"card_name":"Vitality Totem","card_health":3,"card_attack":0},{"card_name":"Sunwalker","card_health":5,"card_attack":4},{"card_name":"Fire Elemental","card_health":2,"card_attack":6}]},{"turn":16,"cards_played":["Polymorph","Fireblast","Fireblast"],"current_player":"me","my_health":30,"opponent_health":12,"my_armor":0,"opponent_armor":0,"my_hand":3,"opponent_hand":6,"my_board":[{"card_name":"Water Elemental","card_health":6,"card_attack":3},{"card_name":"Lost Tallstrider","card_health":4,"card_attack":5}],"opponent_board":[]},{"turn":17,"cards_played":["Ogre Magi","Lava Burst","Totemic Call"],"current_player":"opponent","my_health":30,"opponent_health":12,"my_armor":0,"opponent_armor":0,"my_hand":3,"opponent_hand":5,"my_board":[{"card_name":"Lost Tallstrider","card_health":4,"card_attack":5}],"opponent_board":[{"card_name":"Ogre Magi","card_health":4,"card_attack":4},{"card_name":"Wrath of Air Totem","card_health":2,"card_attack":0}]},{"turn":18,"cards_played":["Toshley","Reversing Switch","Fireblast","Fireblast"],"current_player":"me","my_health":30,"opponent_health":6,"my_armor":0,"opponent_armor":0,"my_hand":3,"opponent_hand":5,"my_board":[{"card_name":"Toshley","card_health":7,"card_attack":5},{"card_name":"Lost Tallstrider","card_health":4,"card_attack":5}],"opponent_board":[{"card_name":"Ogre Magi","card_health":4,"card_attack":4}]},{"turn":19,"cards_played":["Mukla's Champion","Totemic Call"],"current_player":"opponent","my_health":30,"opponent_health":6,"my_armor":0,"opponent_armor":0,"my_hand":3,"opponent_hand":5,"my_board":[{"card_name":"Toshley","card_health":7,"card_attack":5},{"card_name":"Lost Tallstrider","card_health":4,"card_attack":5}],"opponent_board":[{"card_name":"Mukla's Champion","card_health":3,"card_attack":4},{"card_name":"Ogre Magi","card_health":5,"card_attack":5},{"card_name":"Searing Totem","card_health":2,"card_attack":2}]}],"result":"victory"}