{"plays":[{"turn":1,"cards_played":[],"current_player":"me","my_health":0,"opponent_health":30,"my_armor":0,"opponent_armor":0,"my_hand":0,"opponent_hand":1,"my_board":[],"opponent_board":[]},{"turn":2,"cards_played":[],"current_player":"opponent","my_health":30,"opponent_health":30,"my_armor":0,"opponent_armor":0,"my_hand":4,"opponent_hand":6,"my_board":[],"opponent_board":[]},{"turn":3,"cards_played":["Unstable Portal"],"current_player":"me","my_health":30,"opponent_health":30,"my_armor":0,"opponent_armor":0,"my_hand":5,"opponent_hand":6,"my_board":[],"opponent_board":[]},{"turn":4,"cards_played":[],"current_player":"opponent","my_health":30,"opponent_health":30,"my_armor":0,"opponent_armor":0,"my_hand":5,"opponent_hand":7,"my_board":[],"opponent_board":[]},{"turn":5,"cards_played":["Savage Combatant","Fireblast","Fireblast"],"current_player":"me","my_health":30,"opponent_health":27,"my_armor":0,"opponent_armor":0,"my_hand":5,"opponent_hand":7,"my_board":[{"card_name":"Savage Combatant","card_health":4,"card_attack":5}],"opponent_board":[]},{"turn":6,"cards_played":["The Coin","Shrinkmeister","Shadow Word: Pain"],"current_player":"opponent","my_health":30,"opponent_health":27,"my_armor":0,"opponent_armor":0,"my_hand":5,"opponent_hand":5,"my_board":[],"opponent_board":[{"card_name":"Shrinkmeister","card_health":2,"card_attack":3}]},{"turn":7,"cards_played":["Mana Wyrm","Arcane Missiles","Unstable Portal","Young Priestess"],"current_player":"me","my_health":30,"opponent_health":26,"my_armor":0,"opponent_armor":0,"my_hand":3,"opponent_hand":5,"my_board":[{"card_name":"Mana Wyrm","card_health":3,"card_attack":3},{"card_name":"Young Priestess","card_health":1,"card_attack":2}],"opponent_board":[]},{"turn":8,"cards_played":["Auchenai Soulpriest"],"current_player":"opponent","my_health":30,"opponent_health":26,"my_armor":0,"opponent_armor":0,"my_hand":3,"opponent_hand":5,"my_board":[{"card_name":"Mana Wyrm","card_health":4,"card_attack":3},{"card_name":"Young Priestess","card_health":1,"card_attack":2}],"opponent_board":[{"card_name":"Auchenai Soulpriest","card_health":5,"card_attack":3}]},{"turn":9,"cards_played":["Frostbolt"],"current_player":"me","my_health":30,"opponent_health":21,"my_armor":0,"opponent_armor":0,"my_hand":2,"opponent_hand":5,"my_board":[{"card_name":"Mana Wyrm","card_health":4,"card_attack":5}],"opponent_board":[]},{"turn":10,"cards_played":["Sludge Belcher"],"current_player":"opponent","my_health":30,"opponent_health":21,"my_armor":0,"opponent_armor":0,"my_hand":2,"opponent_hand":5,"my_board":[{"card_name":"Mana Wyrm","card_health":4,"card_attack":5}],"opponent_board":[{"card_name":"Sludge Belcher","card_health":5,"card_attack":3}]},{"turn":11,"cards_played":["Fireball","Fireblast"],"current_player":"me","my_health":30,"opponent_health":20,"my_armor":0,"opponent_armor":0,"my_hand":2,"opponent_hand":5,"my_board":[{"card_name":"Mana Wyrm","card_health":3,"card_attack":6}],"opponent_board":[]},{"turn":12,"cards_played":["Wild Pyromancer","Flash Heal","Lesser Heal","Lesser Heal"],"current_player":"opponent","my_health":30,"opponent_health":22,"my_armor":0,"opponent_armor":0,"my_hand":2,"opponent_hand":4,"my_board":[{"card_name":"Mana Wyrm","card_health":3,"card_attack":6}],"opponent_board":[{"card_name":"Wild Pyromancer","card_health":2,"card_attack":3}]},{"turn":13,"cards_played":["Mirror Image","Fireblast"],"current_player":"me","my_health":30,"opponent_health":14,"my_armor":0,"opponent_armor":0,"my_hand":2,"opponent_hand":4,"my_board":[{"card_name":"Mana Wyrm","card_health":3,"card_attack":7},{"card_name":"Mirror Image","card_health":2,"card_attack":0},{"card_name":"Mirror Image","card_health":2,"card_attack":0}],"opponent_board":[{"card_name":"Wild Pyromancer","card_health":2,"card_attack":3}]},{"turn":14,"cards_played":["Cabal Shadow Priest"],"current_player":"opponent","my_health":30,"opponent_health":14,"my_armor":0,"opponent_armor":0,"my_hand":2,"opponent_hand":4,"my_board":[{"card_name":"Mana Wyrm","card_health":3,"card_attack":7}],"opponent_board":[{"card_name":"Cabal Shadow Priest","card_health":5,"card_attack":4},{"card_name":"Wild Pyromancer","card_health":2,"card_attack":3},{"card_name":"Mirror Image","card_health":2,"card_attack":0}]},{"turn":15,"cards_played":["Sorcerer's Apprentice","Flamestrike","Mirror Image"],"current_player":"me","my_health":30,"opponent_health":5,"my_armor":0,"opponent_armor":0,"my_hand":0,"opponent_hand":4,"my_board":[{"card_name":"Mana Wyrm","card_health":3,"card_attack":9},{"card_name":"Sorcerer's Apprentice","card_health":2,"card_attack":3},{"card_name":"Mirror Image","card_health":2,"card_attack":0},{"card_name":"Mirror Image","card_health":2,"card_attack":0}],"opponent_board":[{"card_name":"Cabal Shadow Priest","card_health":1,"card_attack":4}]},{"turn":16,"cards_played":["Lightbomb","Lesser Heal"],"current_player":"opponent","my_health":30,"opponent_health":7,"my_armor":0,"opponent_armor":0,"my_hand":0,"opponent_hand":4,"my_board":[{"card_name":"Mirror Image","card_health":2,"card_attack":0}],"opponent_board":[]},{"turn":17,"cards_played":["Fireblast"],"current_player":"me","my_health":30,"opponent_health":6,"my_armor":0,"opponent_armor":0,"my_hand":1,"opponent_hand":4,"my_board":[{"card_name":"Mirror Image","card_health":2,"card_attack":0}],"opponent_board":[]},{"turn":18,"cards_played":["Injured Blademaster","Lesser Heal","Circle of Healing"],"current_player":"opponent","my_health":30,"opponent_health":8,"my_armor":0,"opponent_armor":0,"my_hand":1,"opponent_hand":3,"my_board":[{"card_name":"Mirror Image","card_health":2,"card_attack":0}],"opponent_board":[{"card_name":"Injured Blademaster","card_health":3,"card_attack":4}]},{"turn":19,"cards_played":["Azure Drake","Fireblast","Frostbolt"],"current_player":"me","my_health":30,"opponent_health":7,"my_armor":0,"opponent_armor":0,"my_hand":1,"opponent_hand":3,"my_board":[{"card_name":"Azure Drake","card_health":4,"card_attack":4},{"card_name":"Mirror Image","card_health":2,"card_attack":0}],"opponent_board":[{"card_name":"Injured Blademaster","card_health":7,"card_attack":4}]},{"turn":20,"cards_played":["Mind Control"],"current_player":"opponent","my_health":30,"opponent_health":3,"my_armor":0,"opponent_armor":0,"my_hand":1,"opponent_hand":3,"my_board":[],"opponent_board":[{"card_name":"Injured Blademaster","card_health":7,"card_attack":4},{"card_name":"Azure Drake","card_health":4,"card_attack":4}]},{"turn":21,"cards_played":["Dr. Boom"],"current_player":"me","my_health":30,"opponent_health":3,"my_armor":0,"opponent_armor":0,"my_hand":0,"opponent_hand":3,"my_board":[{"card_name":"Dr. Boom","card_health":7,"card_attack":7},{"card_name":"Boom Bot","card_health":1,"card_attack":1},{"card_name":"Boom Bot","card_health":1,"card_attack":1}],"opponent_board":[{"card_name":"Injured Blademaster","card_health":7,"card_attack":4},{"card_name":"Azure Drake","card_health":4,"card_attack":4}]},{"turn":22,"cards_played":["Shadow Madness","Lesser Heal","Recombobulator"],"current_player":"opponent","my_health":26,"opponent_health":1,"my_armor":0,"opponent_armor":0,"my_hand":0,"opponent_hand":2,"my_board":[{"card_name":"Dr. Boom","card_health":3,"card_attack":7},{"card_name":"Recombobulator","card_health":2,"card_attack":3}],"opponent_board":[{"card_name":"Recombobulator","card_health":2,"card_attack":3},{"card_name":"Injured Blademaster","card_health":6,"card_attack":4},{"card_name":"Darkscale Healer","card_health":5,"card_attack":4}]},{"turn":23,"cards_played":["Pyroblast"],"current_player":"me","my_health":26,"opponent_health":-9,"my_armor":0,"opponent_armor":0,"my_hand":0,"opponent_hand":2,"my_board":[{"card_name":"Dr. Boom","card_health":3,"card_attack":7},{"card_name":"Recombobulator","card_health":2,"card_attack":3}],"opponent_board":[{"card_name":"Recombobulator","card_health":2,"card_attack":3},{"card_name":"Injured Blademaster","card_health":6,"card_attack":4},{"card_name":"Darkscale Healer","card_health":5,"card_attack":4}]}],"result":"victory"}