{"plays":[{"turn":1,"cards_played":[],"current_player":"opponent","my_health":30,"opponent_health":0,"my_armor":0,"opponent_armor":0,"my_hand":1,"opponent_hand":0,"my_board":[],"opponent_board":[]},{"turn":2,"cards_played":["Cogmaster"],"current_player":"opponent","my_health":30,"opponent_health":30,"my_armor":0,"opponent_armor":0,"my_hand":4,"opponent_hand":5,"my_board":[],"opponent_board":[{"card_name":"Cogmaster","card_health":2,"card_attack":1}]},{"turn":3,"cards_played":["Mad Scientist"],"current_player":"me","my_health":30,"opponent_health":30,"my_armor":0,"opponent_armor":0,"my_hand":4,"opponent_hand":5,"my_board":[{"card_name":"Mad Scientist","card_health":2,"card_attack":2}],"opponent_board":[{"card_name":"Cogmaster","card_health":2,"card_attack":1}]},{"turn":4,"cards_played":["Mechwarper","The Coin","Annoy-o-Tron"],"current_player":"opponent","my_health":27,"opponent_health":30,"my_armor":0,"opponent_armor":0,"my_hand":4,"opponent_hand":3,"my_board":[{"card_name":"Mad Scientist","card_health":2,"card_attack":2}],"opponent_board":[{"card_name":"Cogmaster","card_health":2,"card_attack":3},{"card_name":"Mechwarper","card_health":3,"card_attack":2},{"card_name":"Annoy-o-Tron","card_health":2,"card_attack":1}]},{"turn":5,"cards_played":["Arcane Missiles","Fireblast","Fireblast"],"current_player":"me","my_health":27,"opponent_health":30,"my_armor":0,"opponent_armor":0,"my_hand":4,"opponent_hand":3,"my_board":[{"card_name":"Mad Scientist","card_health":1,"card_attack":2}],"opponent_board":[{"card_name":"Cogmaster","card_health":2,"card_attack":3}]},{"turn":6,"cards_played":["Snowchugger"],"current_player":"opponent","my_health":24,"opponent_health":30,"my_armor":0,"opponent_armor":0,"my_hand":4,"opponent_hand":3,"my_board":[{"card_name":"Mad Scientist","card_health":1,"card_attack":2}],"opponent_board":[{"card_name":"Cogmaster","card_health":2,"card_attack":3},{"card_name":"Snowchugger","card_health":3,"card_attack":2}]},{"turn":7,"cards_played":["Sorcerer's Apprentice","Sorcerer's Apprentice","Unstable Portal","Druid of the Flame"],"current_player":"me","my_health":24,"opponent_health":30,"my_armor":0,"opponent_armor":0,"my_hand":2,"opponent_hand":3,"my_board":[{"card_name":"Sorcerer's Apprentice","card_health":2,"card_attack":3},{"card_name":"Sorcerer's Apprentice","card_health":2,"card_attack":3},{"card_name":"Druid of the Flame","card_health":2,"card_attack":2},{"card_name":"Druid of the Flame","card_health":5,"card_attack":2}],"opponent_board":[{"card_name":"Snowchugger","card_health":3,"card_attack":2}]},{"turn":8,"cards_played":["Mana Wyrm","Tinkertown Technician"],"current_player":"opponent","my_health":24,"opponent_health":30,"my_armor":0,"opponent_armor":0,"my_hand":2,"opponent_hand":3,"my_board":[{"card_name":"Sorcerer's Apprentice","card_health":2,"card_attack":3},{"card_name":"Druid of the Flame","card_health":5,"card_attack":2}],"opponent_board":[{"card_name":"Tinkertown Technician","card_health":4,"card_attack":4},{"card_name":"Mana Wyrm","card_health":3,"card_attack":1}]},{"turn":9,"cards_played":["Flamewaker","Mirror Image","Fireblast","Fireblast"],"current_player":"me","my_health":24,"opponent_health":29,"my_armor":0,"opponent_armor":0,"my_hand":1,"opponent_hand":3,"my_board":[{"card_name":"Flamewaker","card_health":4,"card_attack":2},{"card_name":"Sorcerer's Apprentice","card_health":1,"card_attack":3},{"card_name":"Druid of the Flame","card_health":1,"card_attack":2},{"card_name":"Mirror Image","card_health":2,"card_attack":0},{"card_name":"Mirror Image","card_health":2,"card_attack":0}],"opponent_board":[]},{"turn":10,"cards_played":["Fireblast","Fireblast","Reversing Switch","Unstable Portal"],"current_player":"opponent","my_health":24,"opponent_health":29,"my_armor":0,"opponent_armor":0,"my_hand":1,"opponent_hand":3,"my_board":[{"card_name":"Flamewaker","card_health":4,"card_attack":2},{"card_name":"Druid of the Flame","card_health":1,"card_attack":2},{"card_name":"Mirror Image","card_health":2,"card_attack":0},{"card_name":"Mirror Image","card_health":2,"card_attack":0}],"opponent_board":[]},{"turn":11,"cards_played":["Fireball","Fireblast","Fireblast"],"current_player":"me","my_health":24,"opponent_health":16,"my_armor":0,"opponent_armor":0,"my_hand":1,"opponent_hand":3,"my_board":[{"card_name":"Flamewaker","card_health":4,"card_attack":2},{"card_name":"Druid of the Flame","card_health":1,"card_attack":2},{"card_name":"Mirror Image","card_health":2,"card_attack":0},{"card_name":"Mirror Image","card_health":2,"card_attack":0}],"opponent_board":[]},{"turn":12,"cards_played":["Piloted Shredder","Fireblast","Fireblast"],"current_player":"opponent","my_health":24,"opponent_health":16,"my_armor":0,"opponent_armor":0,"my_hand":1,"opponent_hand":3,"my_board":[{"card_name":"Flamewaker","card_health":4,"card_attack":2},{"card_name":"Mirror Image","card_health":2,"card_attack":0},{"card_name":"Mirror Image","card_health":2,"card_attack":0}],"opponent_board":[{"card_name":"Piloted Shredder","card_health":3,"card_attack":4}]},{"turn":13,"cards_played":["Flamecannon","Fireblast"],"current_player":"me","my_health":24,"opponent_health":11,"my_armor":0,"opponent_armor":0,"my_hand":1,"opponent_hand":3,"my_board":[{"card_name":"Flamewaker","card_health":4,"card_attack":2},{"card_name":"Mirror Image","card_health":2,"card_attack":0},{"card_name":"Mirror Image","card_health":2,"card_attack":0}],"opponent_board":[{"card_name":"Armorsmith","card_health":4,"card_attack":1}]},{"turn":14,"cards_played":["Frostbolt","Fireblast","Fireblast","Tinkertown Technician"],"current_player":"opponent","my_health":24,"opponent_health":11,"my_armor":0,"opponent_armor":0,"my_hand":1,"opponent_hand":2,"my_board":[{"card_name":"Mirror Image","card_health":1,"card_attack":0},{"card_name":"Mirror Image","card_health":2,"card_attack":0}],"opponent_board":[{"card_name":"Tinkertown Technician","card_health":3,"card_attack":3},{"card_name":"Armorsmith","card_health":4,"card_attack":1}]},{"turn":15,"cards_played":["Arcane Intellect","Arcane Intellect","Fireblast"],"current_player":"me","my_health":24,"opponent_health":10,"my_armor":0,"opponent_armor":0,"my_hand":4,"opponent_hand":2,"my_board":[{"card_name":"Mirror Image","card_health":1,"card_attack":0},{"card_name":"Mirror Image","card_health":2,"card_attack":0}],"opponent_board":[{"card_name":"Tinkertown Technician","card_health":3,"card_attack":3},{"card_name":"Armorsmith","card_health":4,"card_attack":1}]},{"turn":16,"cards_played":["Malygos","Fireblast","Fireblast"],"current_player":"opponent","my_health":24,"opponent_health":10,"my_armor":0,"opponent_armor":1,"my_hand":4,"opponent_hand":2,"my_board":[],"opponent_board":[{"card_name":"Tinkertown Technician","card_health":3,"card_attack":3},{"card_name":"Malygos","card_health":12,"card_attack":4},{"card_name":"Armorsmith","card_health":3,"card_attack":1}]},{"turn":17,"cards_played":["Fireblast","Fireball"],"current_player":"me","my_health":24,"opponent_health":10,"my_armor":0,"opponent_armor":0,"my_hand":4,"opponent_hand":2,"my_board":[],"opponent_board":[{"card_name":"Tinkertown Technician","card_health":3,"card_attack":3},{"card_name":"Malygos","card_health":12,"card_attack":4},{"card_name":"Armorsmith","card_health":3,"card_attack":1}]},{"turn":18,"cards_played":["Clockwork Gnome","Goblin Blastmage","Fireblast"],"current_player":"opponent","my_health":12,"opponent_health":4,"my_armor":0,"opponent_armor":1,"my_hand":4,"opponent_hand":1,"my_board":[],"opponent_board":[{"card_name":"Clockwork Gnome","card_health":1,"card_attack":2},{"card_name":"Goblin Blastmage","card_health":4,"card_attack":5},{"card_name":"Tinkertown Technician","card_health":3,"card_attack":3},{"card_name":"Malygos","card_health":12,"card_attack":4},{"card_name":"Armorsmith","card_health":2,"card_attack":1}]},{"turn":19,"cards_played":["Pyroblast"],"current_player":"me","my_health":12,"opponent_health":-5,"my_armor":0,"opponent_armor":0,"my_hand":4,"opponent_hand":1,"my_board":[],"opponent_board":[{"card_name":"Clockwork Gnome","card_health":1,"card_attack":2},{"card_name":"Goblin Blastmage","card_health":4,"card_attack":5},{"card_name":"Tinkertown Technician","card_health":3,"card_attack":3},{"card_name":"Malygos","card_health":12,"card_attack":4},{"card_name":"Armorsmith","card_health":2,"card_attack":1}]}],"result":"victory"}