{"plays":[{"turn":1,"cards_played":[],"current_player":"opponent","my_health":30,"opponent_health":0,"my_armor":0,"opponent_armor":0,"my_hand":1,"opponent_hand":0,"my_board":[],"opponent_board":[]},{"turn":2,"cards_played":["Mana Wyrm","The Coin","Wrath"],"current_player":"opponent","my_health":30,"opponent_health":30,"my_armor":0,"opponent_armor":0,"my_hand":3,"opponent_hand":4,"my_board":[],"opponent_board":[]},{"turn":3,"cards_played":["Mad Scientist"],"current_player":"me","my_health":30,"opponent_health":30,"my_armor":0,"opponent_armor":0,"my_hand":3,"opponent_hand":4,"my_board":[{"card_name":"Mad Scientist","card_health":2,"card_attack":2}],"opponent_board":[]},{"turn":4,"cards_played":["Shapeshift"],"current_player":"opponent","my_health":29,"opponent_health":30,"my_armor":0,"opponent_armor":1,"my_hand":3,"opponent_hand":5,"my_board":[{"card_name":"Mad Scientist","card_health":2,"card_attack":2}],"opponent_board":[]},{"turn":5,"cards_played":["Fireblast","Fireblast"],"current_player":"me","my_health":29,"opponent_health":28,"my_armor":0,"opponent_armor":0,"my_hand":4,"opponent_hand":5,"my_board":[{"card_name":"Mad Scientist","card_health":2,"card_attack":2}],"opponent_board":[]},{"turn":6,"cards_played":["Shade of Naxxramas"],"current_player":"opponent","my_health":29,"opponent_health":28,"my_armor":0,"opponent_armor":0,"my_hand":4,"opponent_hand":5,"my_board":[{"card_name":"Mad Scientist","card_health":2,"card_attack":2}],"opponent_board":[{"card_name":"Shade of Naxxramas","card_health":2,"card_attack":2}]},{"turn":7,"cards_played":["Fireball"],"current_player":"me","my_health":29,"opponent_health":26,"my_armor":0,"opponent_armor":0,"my_hand":4,"opponent_hand":5,"my_board":[{"card_name":"Mad Scientist","card_health":2,"card_attack":2}],"opponent_board":[{"card_name":"Shade of Naxxramas","card_health":2,"card_attack":2}]},{"turn":8,"cards_played":["Keeper of the Grove"],"current_player":"opponent","my_health":29,"opponent_health":20,"my_armor":0,"opponent_armor":0,"my_hand":4,"opponent_hand":5,"my_board":[{"card_name":"Mad Scientist","card_health":2,"card_attack":2}],"opponent_board":[{"card_name":"Keeper of the Grove","card_health":4,"card_attack":2},{"card_name":"Shade of Naxxramas","card_health":3,"card_attack":3}]},{"turn":9,"cards_played":["Azure Drake"],"current_player":"me","my_health":29,"opponent_health":18,"my_armor":0,"opponent_armor":0,"my_hand":5,"opponent_hand":5,"my_board":[{"card_name":"Azure Drake","card_health":4,"card_attack":4},{"card_name":"Mad Scientist","card_health":2,"card_attack":2}],"opponent_board":[{"card_name":"Keeper of the Grove","card_health":4,"card_attack":2},{"card_name":"Shade of Naxxramas","card_health":3,"card_attack":3}]},{"turn":10,"cards_played":["Swipe","Zombie Chow"],"current_player":"opponent","my_health":28,"opponent_health":18,"my_armor":0,"opponent_armor":0,"my_hand":5,"opponent_hand":4,"my_board":[],"opponent_board":[{"card_name":"Keeper of the Grove","card_health":2,"card_attack":2},{"card_name":"Shade of Naxxramas","card_health":4,"card_attack":4},{"card_name":"Zombie Chow","card_health":3,"card_attack":2}]},{"turn":11,"cards_played":["Flamewaker","Frostbolt","Arcane Missiles"],"current_player":"me","my_health":30,"opponent_health":18,"my_armor":0,"opponent_armor":0,"my_hand":3,"opponent_hand":4,"my_board":[{"card_name":"Flamewaker","card_health":4,"card_attack":2}],"opponent_board":[{"card_name":"Shade of Naxxramas","card_health":4,"card_attack":4}]},{"turn":12,"cards_played":["Druid of the Claw"],"current_player":"opponent","my_health":25,"opponent_health":15,"my_armor":0,"opponent_armor":0,"my_hand":3,"opponent_hand":4,"my_board":[],"opponent_board":[{"card_name":"Shade of Naxxramas","card_health":3,"card_attack":5},{"card_name":"Druid of the Claw","card_health":2,"card_attack":4}]},{"turn":13,"cards_played":["Mad Scientist","Frostbolt","Fireblast","Fireblast"],"current_player":"me","my_health":25,"opponent_health":15,"my_armor":0,"opponent_armor":0,"my_hand":2,"opponent_hand":4,"my_board":[{"card_name":"Mad Scientist","card_health":2,"card_attack":2}],"opponent_board":[{"card_name":"Druid of the Claw","card_health":1,"card_attack":4}]},{"turn":14,"cards_played":["Emperor Thaurissan"],"current_player":"opponent","my_health":21,"opponent_health":15,"my_armor":0,"opponent_armor":0,"my_hand":2,"opponent_hand":4,"my_board":[{"card_name":"Mad Scientist","card_health":2,"card_attack":2}],"opponent_board":[{"card_name":"Emperor Thaurissan","card_health":5,"card_attack":5},{"card_name":"Druid of the Claw","card_health":1,"card_attack":4}]},{"turn":15,"cards_played":["Sorcerer's Apprentice","Fireblast"],"current_player":"me","my_health":21,"opponent_health":13,"my_armor":0,"opponent_armor":0,"my_hand":2,"opponent_hand":4,"my_board":[{"card_name":"Mad Scientist","card_health":2,"card_attack":2},{"card_name":"Sorcerer's Apprentice","card_health":2,"card_attack":3}],"opponent_board":[{"card_name":"Emperor Thaurissan","card_health":5,"card_attack":5}]},{"turn":16,"cards_played":["Druid of the Claw","Piloted Shredder"],"current_player":"opponent","my_health":16,"opponent_health":13,"my_armor":0,"opponent_armor":0,"my_hand":2,"opponent_hand":3,"my_board":[{"card_name":"Mad Scientist","card_health":2,"card_attack":2},{"card_name":"Sorcerer's Apprentice","card_health":2,"card_attack":3}],"opponent_board":[{"card_name":"Emperor Thaurissan","card_health":5,"card_attack":5},{"card_name":"Piloted Shredder","card_health":3,"card_attack":4},{"card_name":"Druid of the Claw","card_health":6,"card_attack":4}]},{"turn":17,"cards_played":["Sorcerer's Apprentice","Flamestrike","Fireblast","Fireblast"],"current_player":"me","my_health":16,"opponent_health":13,"my_armor":0,"opponent_armor":0,"my_hand":1,"opponent_hand":3,"my_board":[{"card_name":"Sorcerer's Apprentice","card_health":2,"card_attack":3}],"opponent_board":[]},{"turn":18,"cards_played":["Mind Control Tech","Shade of Naxxramas","Wild Growth","Shapeshift"],"current_player":"opponent","my_health":15,"opponent_health":13,"my_armor":0,"opponent_armor":1,"my_hand":1,"opponent_hand":1,"my_board":[{"card_name":"Sorcerer's Apprentice","card_health":2,"card_attack":3}],"opponent_board":[{"card_name":"Shade of Naxxramas","card_health":2,"card_attack":2},{"card_name":"Mind Control Tech","card_health":3,"card_attack":3}]},{"turn":19,"cards_played":["Flamecannon","Fireblast","Fireblast"],"current_player":"me","my_health":15,"opponent_health":10,"my_armor":0,"opponent_armor":0,"my_hand":1,"opponent_hand":1,"my_board":[{"card_name":"Sorcerer's Apprentice","card_health":2,"card_attack":3}],"opponent_board":[{"card_name":"Mind Control Tech","card_health":3,"card_attack":3}]},{"turn":20,"cards_played":["Sludge Belcher","Shapeshift"],"current_player":"opponent","my_health":14,"opponent_health":10,"my_armor":0,"opponent_armor":1,"my_hand":1,"opponent_hand":1,"my_board":[],"opponent_board":[{"card_name":"Sludge Belcher","card_health":5,"card_attack":3}]},{"turn":21,"cards_played":["Fireblast","Arcane Missiles"],"current_player":"me","my_health":14,"opponent_health":10,"my_armor":0,"opponent_armor":0,"my_hand":1,"opponent_hand":1,"my_board":[],"opponent_board":[{"card_name":"Sludge Belcher","card_health":5,"card_attack":3}]},{"turn":22,"cards_played":["Force of Nature","Savage Roar"],"current_player":"opponent","my_health":-1,"opponent_health":10,"my_armor":0,"opponent_armor":0,"my_hand":1,"opponent_hand":0,"my_board":[],"opponent_board":[{"card_name":"Sludge Belcher","card_health":2,"card_attack":5},{"card_name":"Treant","card_health":2,"card_attack":4},{"card_name":"Treant","card_health":2,"card_attack":4},{"card_name":"Treant","card_health":2,"card_attack":4}]}],"result":"defeat"}