{"plays":[{"turn":1,"cards_played":[],"current_player":"opponent","my_health":0,"opponent_health":0,"my_armor":0,"opponent_armor":0,"my_hand":4,"opponent_hand":1,"my_board":[],"opponent_board":[]},{"turn":2,"cards_played":["Living Roots","The Coin","Mad Scientist"],"current_player":"me","my_health":30,"opponent_health":30,"my_armor":0,"opponent_armor":0,"my_hand":4,"opponent_hand":3,"my_board":[{"card_name":"Mad Scientist","card_health":2,"card_attack":2}],"opponent_board":[{"card_name":"Sapling","card_health":1,"card_attack":1},{"card_name":"Sapling","card_health":1,"card_attack":1}]},{"turn":3,"cards_played":["Shapeshift"],"current_player":"opponent","my_health":29,"opponent_health":29,"my_armor":0,"opponent_armor":0,"my_hand":4,"opponent_hand":4,"my_board":[],"opponent_board":[{"card_name":"Sapling","card_health":1,"card_attack":1}]},{"turn":4,"cards_played":["Knife Juggler"],"current_player":"me","my_health":29,"opponent_health":29,"my_armor":0,"opponent_armor":0,"my_hand":4,"opponent_hand":4,"my_board":[{"card_name":"Knife Juggler","card_health":2,"card_attack":3}],"opponent_board":[{"card_name":"Sapling","card_health":1,"card_attack":1}]},{"turn":5,"cards_played":["Innervate","Swipe"],"current_player":"opponent","my_health":28,"opponent_health":27,"my_armor":0,"opponent_armor":0,"my_hand":4,"opponent_hand":3,"my_board":[],"opponent_board":[]},{"turn":6,"cards_played":["Desert Camel"],"current_player":"me","my_health":28,"opponent_health":27,"my_armor":0,"opponent_armor":0,"my_hand":4,"opponent_hand":3,"my_board":[{"card_name":"Desert Camel","card_health":4,"card_attack":2},{"card_name":"Webspinner","card_health":1,"card_attack":1}],"opponent_board":[]},{"turn":7,"cards_played":["Darnassus Aspirant","Shapeshift"],"current_player":"opponent","my_health":28,"opponent_health":27,"my_armor":0,"opponent_armor":0,"my_hand":5,"opponent_hand":3,"my_board":[{"card_name":"Desert Camel","card_health":4,"card_attack":2}],"opponent_board":[{"card_name":"Darnassus Aspirant","card_health":3,"card_attack":2}]},{"turn":8,"cards_played":["Eaglehorn Bow","Injured Kvaldir"],"current_player":"me","my_health":26,"opponent_health":25,"my_armor":0,"opponent_armor":0,"my_hand":4,"opponent_hand":3,"my_board":[{"card_name":"Injured Kvaldir","card_health":1,"card_attack":2},{"card_name":"Desert Camel","card_health":4,"card_attack":2}],"opponent_board":[]},{"turn":9,"cards_played":["Shade of Naxxramas","Shapeshift"],"current_player":"opponent","my_health":26,"opponent_health":24,"my_armor":0,"opponent_armor":0,"my_hand":4,"opponent_hand":3,"my_board":[{"card_name":"Desert Camel","card_health":4,"card_attack":2}],"opponent_board":[{"card_name":"Shade of Naxxramas","card_health":2,"card_attack":2}]},{"turn":10,"cards_played":["Flare","Animal Companion"],"current_player":"me","my_health":24,"opponent_health":18,"my_armor":0,"opponent_armor":0,"my_hand":4,"opponent_hand":3,"my_board":[{"card_name":"Desert Camel","card_health":4,"card_attack":2},{"card_name":"Huffer","card_health":2,"card_attack":4}],"opponent_board":[]},{"turn":11,"cards_played":["Wrath","Piloted Shredder"],"current_player":"opponent","my_health":24,"opponent_health":18,"my_armor":0,"opponent_armor":0,"my_hand":4,"opponent_hand":2,"my_board":[{"card_name":"Desert Camel","card_health":4,"card_attack":2}],"opponent_board":[{"card_name":"Piloted Shredder","card_health":3,"card_attack":4}]},{"turn":12,"cards_played":["Desert Camel","King's Elekk"],"current_player":"me","my_health":24,"opponent_health":16,"my_armor":0,"opponent_armor":0,"my_hand":3,"opponent_hand":2,"my_board":[{"card_name":"Injured Kvaldir","card_health":4,"card_attack":2},{"card_name":"King's Elekk","card_health":2,"card_attack":3},{"card_name":"Desert Camel","card_health":4,"card_attack":2},{"card_name":"Desert Camel","card_health":4,"card_attack":2}],"opponent_board":[{"card_name":"Piloted Shredder","card_health":3,"card_attack":4}]},{"turn":13,"cards_played":["Druid of the Claw","Shapeshift"],"current_player":"opponent","my_health":23,"opponent_health":16,"my_armor":0,"opponent_armor":1,"my_hand":3,"opponent_hand":2,"my_board":[{"card_name":"Injured Kvaldir","card_health":4,"card_attack":2},{"card_name":"King's Elekk","card_health":2,"card_attack":3},{"card_name":"Desert Camel","card_health":4,"card_attack":2}],"opponent_board":[{"card_name":"Piloted Shredder","card_health":1,"card_attack":4},{"card_name":"Druid of the Claw","card_health":6,"card_attack":4}]},{"turn":14,"cards_played":["Unleash the Hounds","Kill Command"],"current_player":"me","my_health":23,"opponent_health":12,"my_armor":0,"opponent_armor":0,"my_hand":2,"opponent_hand":2,"my_board":[{"card_name":"Injured Kvaldir","card_health":4,"card_attack":2},{"card_name":"King's Elekk","card_health":2,"card_attack":3},{"card_name":"Desert Camel","card_health":1,"card_attack":2}],"opponent_board":[]},{"turn":15,"cards_played":["Ancient of Lore"],"current_player":"opponent","my_health":23,"opponent_health":12,"my_armor":0,"opponent_armor":0,"my_hand":2,"opponent_hand":2,"my_board":[{"card_name":"Injured Kvaldir","card_health":4,"card_attack":2},{"card_name":"King's Elekk","card_health":2,"card_attack":3},{"card_name":"Desert Camel","card_health":1,"card_attack":2}],"opponent_board":[{"card_name":"Ancient of Lore","card_health":5,"card_attack":5}]},{"turn":16,"cards_played":["Dr. Boom"],"current_player":"me","my_health":23,"opponent_health":15,"my_armor":0,"opponent_armor":0,"my_hand":2,"opponent_hand":2,"my_board":[{"card_name":"Injured Kvaldir","card_health":4,"card_attack":2},{"card_name":"Dr. Boom","card_health":7,"card_attack":7},{"card_name":"Boom Bot","card_health":1,"card_attack":1},{"card_name":"Boom Bot","card_health":1,"card_attack":1}],"opponent_board":[]},{"turn":17,"cards_played":["Ancient of Lore","Darnassus Aspirant"],"current_player":"opponent","my_health":23,"opponent_health":20,"my_armor":0,"opponent_armor":0,"my_hand":2,"opponent_hand":1,"my_board":[{"card_name":"Injured Kvaldir","card_health":4,"card_attack":2},{"card_name":"Dr. Boom","card_health":7,"card_attack":7},{"card_name":"Boom Bot","card_health":1,"card_attack":1},{"card_name":"Boom Bot","card_health":1,"card_attack":1}],"opponent_board":[{"card_name":"Darnassus Aspirant","card_health":3,"card_attack":2},{"card_name":"Ancient of Lore","card_health":5,"card_attack":5}]},{"turn":18,"cards_played":["Knife Juggler","River Crocolisk","Steady Shot"],"current_player":"me","my_health":23,"opponent_health":10,"my_armor":0,"opponent_armor":0,"my_hand":1,"opponent_hand":1,"my_board":[{"card_name":"Knife Juggler","card_health":2,"card_attack":3},{"card_name":"Injured Kvaldir","card_health":2,"card_attack":2},{"card_name":"Dr. Boom","card_health":7,"card_attack":7},{"card_name":"River Crocolisk","card_health":3,"card_attack":2}],"opponent_board":[]},{"turn":19,"cards_played":[],"current_player":"opponent","my_health":23,"opponent_health":10,"my_armor":0,"opponent_armor":0,"my_hand":1,"opponent_hand":2,"my_board":[{"card_name":"Knife Juggler","card_health":2,"card_attack":3},{"card_name":"Injured Kvaldir","card_health":2,"card_attack":2},{"card_name":"Dr. Boom","card_health":7,"card_attack":7},{"card_name":"River Crocolisk","card_health":3,"card_attack":2}],"opponent_board":[]}],"result":"victory"}