{"plays":[{"turn":1,"cards_played":[],"current_player":"me","my_health":0,"opponent_health":30,"my_armor":0,"opponent_armor":0,"my_hand":0,"opponent_hand":1,"my_board":[],"opponent_board":[]},{"turn":2,"cards_played":[],"current_player":"me","my_health":30,"opponent_health":30,"my_armor":0,"opponent_armor":0,"my_hand":6,"opponent_hand":4,"my_board":[],"opponent_board":[]},{"turn":3,"cards_played":["Innervate","Piloted Shredder"],"current_player":"opponent","my_health":30,"opponent_health":30,"my_armor":0,"opponent_armor":0,"my_hand":6,"opponent_hand":3,"my_board":[],"opponent_board":[{"card_name":"Piloted Shredder","card_health":3,"card_attack":4}]},{"turn":4,"cards_played":["Unstable Portal","Ice Rager"],"current_player":"me","my_health":30,"opponent_health":30,"my_armor":0,"opponent_armor":0,"my_hand":6,"opponent_hand":3,"my_board":[{"card_name":"Ice Rager","card_health":2,"card_attack":5}],"opponent_board":[{"card_name":"Piloted Shredder","card_health":3,"card_attack":4}]},{"turn":5,"cards_played":["Shade of Naxxramas"],"current_player":"opponent","my_health":26,"opponent_health":30,"my_armor":0,"opponent_armor":0,"my_hand":6,"opponent_hand":3,"my_board":[{"card_name":"Ice Rager","card_health":2,"card_attack":5}],"opponent_board":[{"card_name":"Piloted Shredder","card_health":3,"card_attack":4},{"card_name":"Shade of Naxxramas","card_health":2,"card_attack":2}]},{"turn":6,"cards_played":["Sorcerer's Apprentice","Mana Wyrm","The Coin","Frostbolt"],"current_player":"me","my_health":26,"opponent_health":25,"my_armor":0,"opponent_armor":0,"my_hand":3,"opponent_hand":3,"my_board":[{"card_name":"Sorcerer's Apprentice","card_health":2,"card_attack":3},{"card_name":"Mana Wyrm","card_health":3,"card_attack":3},{"card_name":"Ice Rager","card_health":2,"card_attack":5}],"opponent_board":[{"card_name":"Shade of Naxxramas","card_health":2,"card_attack":2},{"card_name":"Doomsayer","card_health":7,"card_attack":0}]},{"turn":7,"cards_played":["Darnassus Aspirant","Wild Growth"],"current_player":"opponent","my_health":26,"opponent_health":25,"my_armor":0,"opponent_armor":0,"my_hand":3,"opponent_hand":2,"my_board":[],"opponent_board":[{"card_name":"Darnassus Aspirant","card_health":3,"card_attack":2}]},{"turn":8,"cards_played":["Unstable Portal","Fireblast","Fireblast"],"current_player":"me","my_health":26,"opponent_health":24,"my_armor":0,"opponent_armor":0,"my_hand":4,"opponent_hand":2,"my_board":[],"opponent_board":[{"card_name":"Darnassus Aspirant","card_health":3,"card_attack":2}]},{"turn":9,"cards_played":["Druid of the Claw","Shapeshift"],"current_player":"opponent","my_health":23,"opponent_health":24,"my_armor":0,"opponent_armor":1,"my_hand":4,"opponent_hand":2,"my_board":[],"opponent_board":[{"card_name":"Darnassus Aspirant","card_health":3,"card_attack":2},{"card_name":"Druid of the Claw","card_health":6,"card_attack":4}]},{"turn":10,"cards_played":["Arcane Intellect","Fireblast","Fireblast"],"current_player":"me","my_health":23,"opponent_health":24,"my_armor":0,"opponent_armor":1,"my_hand":6,"opponent_hand":2,"my_board":[],"opponent_board":[{"card_name":"Darnassus Aspirant","card_health":3,"card_attack":2},{"card_name":"Druid of the Claw","card_health":5,"card_attack":4}]},{"turn":11,"cards_played":["Darnassus Aspirant","Shapeshift"],"current_player":"opponent","my_health":16,"opponent_health":24,"my_armor":0,"opponent_armor":2,"my_hand":6,"opponent_hand":2,"my_board":[],"opponent_board":[{"card_name":"Darnassus Aspirant","card_health":3,"card_attack":2},{"card_name":"Darnassus Aspirant","card_health":3,"card_attack":2},{"card_name":"Druid of the Claw","card_health":5,"card_attack":4}]},{"turn":12,"cards_played":["Piloted Shredder","Antique Healbot"],"current_player":"me","my_health":16,"opponent_health":24,"my_armor":0,"opponent_armor":2,"my_hand":5,"opponent_hand":2,"my_board":[{"card_name":"Piloted Shredder","card_health":3,"card_attack":4},{"card_name":"Antique Healbot","card_health":3,"card_attack":3}],"opponent_board":[{"card_name":"Darnassus Aspirant","card_health":3,"card_attack":2},{"card_name":"Darnassus Aspirant","card_health":3,"card_attack":2},{"card_name":"Druid of the Claw","card_health":5,"card_attack":4}]},{"turn":13,"cards_played":["Keeper of the Grove","Wrath","Shapeshift"],"current_player":"opponent","my_health":18,"opponent_health":24,"my_armor":0,"opponent_armor":0,"my_hand":5,"opponent_hand":1,"my_board":[],"opponent_board":[{"card_name":"Darnassus Aspirant","card_health":3,"card_attack":2},{"card_name":"Keeper of the Grove","card_health":4,"card_attack":2},{"card_name":"Druid of the Claw","card_health":5,"card_attack":4}]},{"turn":14,"cards_played":["Dr. Boom"],"current_player":"me","my_health":18,"opponent_health":24,"my_armor":0,"opponent_armor":0,"my_hand":5,"opponent_hand":1,"my_board":[{"card_name":"Dr. Boom","card_health":7,"card_attack":7},{"card_name":"Boom Bot","card_health":1,"card_attack":1},{"card_name":"Boom Bot","card_health":1,"card_attack":1}],"opponent_board":[{"card_name":"Darnassus Aspirant","card_health":3,"card_attack":2},{"card_name":"Keeper of the Grove","card_health":4,"card_attack":2},{"card_name":"Druid of the Claw","card_health":5,"card_attack":4}]},{"turn":15,"cards_played":["Ancient of War","Shapeshift"],"current_player":"opponent","my_health":9,"opponent_health":24,"my_armor":0,"opponent_armor":1,"my_hand":5,"opponent_hand":1,"my_board":[{"card_name":"Dr. Boom","card_health":7,"card_attack":7},{"card_name":"Boom Bot","card_health":1,"card_attack":1},{"card_name":"Boom Bot","card_health":1,"card_attack":1}],"opponent_board":[{"card_name":"Darnassus Aspirant","card_health":3,"card_attack":2},{"card_name":"Keeper of the Grove","card_health":4,"card_attack":2},{"card_name":"Ancient of War","card_health":10,"card_attack":5},{"card_name":"Druid of the Claw","card_health":5,"card_attack":4}]},{"turn":16,"cards_played":["Sorcerer's Apprentice","Flamestrike"],"current_player":"me","my_health":9,"opponent_health":23,"my_armor":0,"opponent_armor":0,"my_hand":4,"opponent_hand":1,"my_board":[{"card_name":"Dr. Boom","card_health":2,"card_attack":7},{"card_name":"Sorcerer's Apprentice","card_health":2,"card_attack":3},{"card_name":"Boom Bot","card_health":1,"card_attack":1}],"opponent_board":[]},{"turn":17,"cards_played":["Shapeshift","Dr. Boom"],"current_player":"opponent","my_health":9,"opponent_health":22,"my_armor":0,"opponent_armor":0,"my_hand":4,"opponent_hand":1,"my_board":[{"card_name":"Dr. Boom","card_health":2,"card_attack":7},{"card_name":"Sorcerer's Apprentice","card_health":2,"card_attack":3}],"opponent_board":[{"card_name":"Dr. Boom","card_health":7,"card_attack":7},{"card_name":"Boom Bot","card_health":1,"card_attack":1},{"card_name":"Boom Bot","card_health":1,"card_attack":1}]},{"turn":18,"cards_played":["Acolyte of Pain","Fireblast","Fireblast","Big Game Hunter"],"current_player":"me","my_health":9,"opponent_health":15,"my_armor":0,"opponent_armor":0,"my_hand":4,"opponent_hand":1,"my_board":[{"card_name":"Big Game Hunter","card_health":2,"card_attack":4},{"card_name":"Dr. Boom","card_health":1,"card_attack":7},{"card_name":"Acolyte of Pain","card_health":2,"card_attack":1},{"card_name":"Sorcerer's Apprentice","card_health":1,"card_attack":3}],"opponent_board":[]},{"turn":19,"cards_played":["Big Game Hunter","Keeper of the Grove","Shapeshift"],"current_player":"opponent","my_health":9,"opponent_health":13,"my_armor":0,"opponent_armor":0,"my_hand":4,"opponent_hand":0,"my_board":[{"card_name":"Acolyte of Pain","card_health":2,"card_attack":1}],"opponent_board":[{"card_name":"Big Game Hunter","card_health":2,"card_attack":4},{"card_name":"Keeper of the Grove","card_health":4,"card_attack":2}]},{"turn":20,"cards_played":["Frostbolt","Flamecannon","Mad Scientist"],"current_player":"me","my_health":9,"opponent_health":12,"my_armor":0,"opponent_armor":0,"my_hand":1,"opponent_hand":0,"my_board":[{"card_name":"Mad Scientist","card_health":2,"card_attack":2},{"card_name":"Acolyte of Pain","card_health":2,"card_attack":1}],"opponent_board":[]},{"turn":21,"cards_played":["Shapeshift"],"current_player":"opponent","my_health":8,"opponent_health":12,"my_armor":0,"opponent_armor":1,"my_hand":1,"opponent_hand":1,"my_board":[{"card_name":"Mad Scientist","card_health":2,"card_attack":2},{"card_name":"Acolyte of Pain","card_health":2,"card_attack":1}],"opponent_board":[]},{"turn":22,"cards_played":["Mad Scientist","Fireblast","Fireblast"],"current_player":"me","my_health":8,"opponent_health":9,"my_armor":0,"opponent_armor":0,"my_hand":0,"opponent_hand":1,"my_board":[{"card_name":"Mad Scientist","card_health":2,"card_attack":2},{"card_name":"Mad Scientist","card_health":2,"card_attack":2},{"card_name":"Acolyte of Pain","card_health":2,"card_attack":1}],"opponent_board":[]},{"turn":23,"cards_played":["Shapeshift"],"current_player":"opponent","my_health":7,"opponent_health":9,"my_armor":0,"opponent_armor":1,"my_hand":0,"opponent_hand":2,"my_board":[{"card_name":"Mad Scientist","card_health":2,"card_attack":2},{"card_name":"Mad Scientist","card_health":2,"card_attack":2},{"card_name":"Acolyte of Pain","card_health":2,"card_attack":1}],"opponent_board":[]},{"turn":24,"cards_played":["Arcane Intellect","Fireblast","Fireblast","Fireball"],"current_player":"me","my_health":7,"opponent_health":0,"my_armor":0,"opponent_armor":0,"my_hand":2,"opponent_hand":2,"my_board":[{"card_name":"Mad Scientist","card_health":2,"card_attack":2},{"card_name":"Mad Scientist","card_health":2,"card_attack":2},{"card_name":"Acolyte of Pain","card_health":1,"card_attack":1}],"opponent_board":[]}],"result":"victory"}