{"plays":[{"turn":1,"cards_played":[],"current_player":"me","my_health":0,"opponent_health":30,"my_armor":0,"opponent_armor":0,"my_hand":0,"opponent_hand":1,"my_board":[],"opponent_board":[]},{"turn":2,"cards_played":[],"current_player":"opponent","my_health":30,"opponent_health":30,"my_armor":0,"opponent_armor":0,"my_hand":4,"opponent_hand":6,"my_board":[],"opponent_board":[]},{"turn":3,"cards_played":["Fireblast","Fireblast"],"current_player":"me","my_health":30,"opponent_health":29,"my_armor":0,"opponent_armor":0,"my_hand":5,"opponent_hand":6,"my_board":[],"opponent_board":[]},{"turn":4,"cards_played":["Life Tap"],"current_player":"opponent","my_health":30,"opponent_health":27,"my_armor":0,"opponent_armor":0,"my_hand":5,"opponent_hand":8,"my_board":[],"opponent_board":[]},{"turn":5,"cards_played":["Fireblast"],"current_player":"me","my_health":30,"opponent_health":26,"my_armor":0,"opponent_armor":0,"my_hand":6,"opponent_hand":8,"my_board":[],"opponent_board":[]},{"turn":6,"cards_played":["Ancient Watcher"],"current_player":"opponent","my_health":30,"opponent_health":26,"my_armor":0,"opponent_armor":0,"my_hand":6,"opponent_hand":8,"my_board":[],"opponent_board":[{"card_name":"Ancient Watcher","card_health":5,"card_attack":4}]},{"turn":7,"cards_played":["Flamewaker","Mirror Image"],"current_player":"me","my_health":30,"opponent_health":26,"my_armor":0,"opponent_armor":0,"my_hand":5,"opponent_hand":8,"my_board":[{"card_name":"Flamewaker","card_health":4,"card_attack":2},{"card_name":"Mirror Image","card_health":2,"card_attack":0},{"card_name":"Mirror Image","card_health":2,"card_attack":0}],"opponent_board":[{"card_name":"Ancient Watcher","card_health":5,"card_attack":4}]},{"turn":8,"cards_played":["Darkbomb","Mortal Coil"],"current_player":"opponent","my_health":30,"opponent_health":24,"my_armor":0,"opponent_armor":0,"my_hand":5,"opponent_hand":8,"my_board":[{"card_name":"Mirror Image","card_health":2,"card_attack":0},{"card_name":"Mirror Image","card_health":2,"card_attack":0}],"opponent_board":[{"card_name":"Ancient Watcher","card_health":5,"card_attack":4}]},{"turn":9,"cards_played":["Azure Drake"],"current_player":"me","my_health":30,"opponent_health":24,"my_armor":0,"opponent_armor":0,"my_hand":6,"opponent_hand":8,"my_board":[{"card_name":"Azure Drake","card_health":4,"card_attack":4},{"card_name":"Mirror Image","card_health":2,"card_attack":0},{"card_name":"Mirror Image","card_health":2,"card_attack":0}],"opponent_board":[{"card_name":"Ancient Watcher","card_health":5,"card_attack":4}]},{"turn":10,"cards_played":["Sludge Belcher"],"current_player":"opponent","my_health":30,"opponent_health":24,"my_armor":0,"opponent_armor":0,"my_hand":6,"opponent_hand":8,"my_board":[{"card_name":"Azure Drake","card_health":4,"card_attack":4},{"card_name":"Mirror Image","card_health":2,"card_attack":0},{"card_name":"Mirror Image","card_health":2,"card_attack":0}],"opponent_board":[{"card_name":"Sludge Belcher","card_health":5,"card_attack":3},{"card_name":"Ancient Watcher","card_health":5,"card_attack":4}]},{"turn":11,"cards_played":["Flamewaker","Flamecannon","Arcane Missiles"],"current_player":"me","my_health":30,"opponent_health":19,"my_armor":0,"opponent_armor":0,"my_hand":4,"opponent_hand":8,"my_board":[{"card_name":"Azure Drake","card_health":4,"card_attack":4},{"card_name":"Flamewaker","card_health":4,"card_attack":2},{"card_name":"Mirror Image","card_health":2,"card_attack":0},{"card_name":"Mirror Image","card_health":2,"card_attack":0}],"opponent_board":[]},{"turn":12,"cards_played":["Life Tap","Twilight Drake"],"current_player":"opponent","my_health":30,"opponent_health":17,"my_armor":0,"opponent_armor":0,"my_hand":4,"opponent_hand":9,"my_board":[{"card_name":"Azure Drake","card_health":4,"card_attack":4},{"card_name":"Flamewaker","card_health":4,"card_attack":2},{"card_name":"Mirror Image","card_health":2,"card_attack":0},{"card_name":"Mirror Image","card_health":2,"card_attack":0}],"opponent_board":[{"card_name":"Twilight Drake","card_health":1,"card_attack":4}]},{"turn":13,"cards_played":["Unstable Portal","Gruul"],"current_player":"me","my_health":30,"opponent_health":11,"my_armor":0,"opponent_armor":0,"my_hand":4,"opponent_hand":9,"my_board":[{"card_name":"Azure Drake","card_health":4,"card_attack":4},{"card_name":"Flamewaker","card_health":4,"card_attack":2},{"card_name":"Mirror Image","card_health":2,"card_attack":0},{"card_name":"Mirror Image","card_health":2,"card_attack":0},{"card_name":"Gruul","card_health":7,"card_attack":7}],"opponent_board":[{"card_name":"Twilight Drake","card_health":8,"card_attack":4}]},{"turn":14,"cards_played":["Big Game Hunter","The Coin","Molten Giant","Defender of Argus"],"current_player":"opponent","my_health":30,"opponent_health":11,"my_armor":0,"opponent_armor":0,"my_hand":4,"opponent_hand":6,"my_board":[{"card_name":"Azure Drake","card_health":4,"card_attack":4},{"card_name":"Flamewaker","card_health":4,"card_attack":2},{"card_name":"Mirror Image","card_health":2,"card_attack":0}],"opponent_board":[{"card_name":"Big Game Hunter","card_health":2,"card_attack":4},{"card_name":"Defender of Argus","card_health":3,"card_attack":2},{"card_name":"Twilight Drake","card_health":8,"card_attack":4},{"card_name":"Molten Giant","card_health":8,"card_attack":8}]},{"turn":15,"cards_played":["Mana Wyrm","Flamestrike"],"current_player":"me","my_health":30,"opponent_health":10,"my_armor":0,"opponent_armor":0,"my_hand":3,"opponent_hand":6,"my_board":[{"card_name":"Mana Wyrm","card_health":3,"card_attack":2},{"card_name":"Flamewaker","card_health":4,"card_attack":2},{"card_name":"Mirror Image","card_health":2,"card_attack":0}],"opponent_board":[{"card_name":"Twilight Drake","card_health":3,"card_attack":5}]},{"turn":16,"cards_played":["Twilight Drake","Shadowflame","Molten Giant"],"current_player":"opponent","my_health":30,"opponent_health":10,"my_armor":0,"opponent_armor":0,"my_hand":3,"opponent_hand":4,"my_board":[],"opponent_board":[{"card_name":"Molten Giant","card_health":8,"card_attack":8},{"card_name":"Twilight Drake","card_health":7,"card_attack":4}]},{"turn":17,"cards_played":["Azure Drake","Sorcerer's Apprentice","Arcane Intellect"],"current_player":"me","my_health":30,"opponent_health":10,"my_armor":0,"opponent_armor":0,"my_hand":4,"opponent_hand":4,"my_board":[{"card_name":"Azure Drake","card_health":4,"card_attack":4},{"card_name":"Sorcerer's Apprentice","card_health":2,"card_attack":3}],"opponent_board":[{"card_name":"Molten Giant","card_health":8,"card_attack":8},{"card_name":"Twilight Drake","card_health":7,"card_attack":4}]},{"turn":18,"cards_played":["Lord Jaraxxus"],"current_player":"opponent","my_health":22,"opponent_health":12,"my_armor":0,"opponent_armor":0,"my_hand":4,"opponent_hand":4,"my_board":[],"opponent_board":[{"card_name":"Molten Giant","card_health":8,"card_attack":8},{"card_name":"Twilight Drake","card_health":3,"card_attack":4},{"card_name":"Lord Jaraxxus","card_health":12,"card_attack":3}]},{"turn":19,"cards_played":["Sorcerer's Apprentice","Mad Scientist","Fireblast","Fireblast"],"current_player":"me","my_health":22,"opponent_health":11,"my_armor":0,"opponent_armor":0,"my_hand":2,"opponent_hand":4,"my_board":[{"card_name":"Sorcerer's Apprentice","card_health":2,"card_attack":3},{"card_name":"Mad Scientist","card_health":2,"card_attack":2}],"opponent_board":[{"card_name":"Molten Giant","card_health":8,"card_attack":8},{"card_name":"Twilight Drake","card_health":3,"card_attack":4},{"card_name":"Lord Jaraxxus","card_health":11,"card_attack":0}]},{"turn":20,"cards_played":["Ironbeak Owl","Sunfury Protector","Sludge Belcher"],"current_player":"opponent","my_health":11,"opponent_health":11,"my_armor":0,"opponent_armor":0,"my_hand":2,"opponent_hand":2,"my_board":[{"card_name":"Mad Scientist","card_health":2,"card_attack":2},{"card_name":"Ironbeak Owl","card_health":1,"card_attack":2}],"opponent_board":[{"card_name":"Sunfury Protector","card_health":3,"card_attack":2},{"card_name":"Molten Giant","card_health":8,"card_attack":8},{"card_name":"Ironbeak Owl","card_health":1,"card_attack":2},{"card_name":"Sludge Belcher","card_health":5,"card_attack":3},{"card_name":"Lord Jaraxxus","card_health":11,"card_attack":3}]},{"turn":21,"cards_played":[],"current_player":"me","my_health":11,"opponent_health":11,"my_armor":0,"opponent_armor":0,"my_hand":3,"opponent_hand":2,"my_board":[{"card_name":"Mad Scientist","card_health":2,"card_attack":2},{"card_name":"Ironbeak Owl","card_health":1,"card_attack":2}],"opponent_board":[{"card_name":"Sunfury Protector","card_health":3,"card_attack":2},{"card_name":"Molten Giant","card_health":8,"card_attack":8},{"card_name":"Ironbeak Owl","card_health":1,"card_attack":2},{"card_name":"Sludge Belcher","card_health":5,"card_attack":3},{"card_name":"Lord Jaraxxus","card_health":11,"card_attack":0}]}],"result":"defeat"}