{"plays":[{"turn":1,"cards_played":[],"current_player":"me","my_health":0,"opponent_health":30,"my_armor":0,"opponent_armor":0,"my_hand":0,"opponent_hand":1,"my_board":[],"opponent_board":[]},{"turn":2,"cards_played":["Mana Wyrm","Zombie Chow"],"current_player":"opponent","my_health":30,"opponent_health":30,"my_armor":0,"opponent_armor":0,"my_hand":3,"opponent_hand":5,"my_board":[{"card_name":"Mana Wyrm","card_health":3,"card_attack":1}],"opponent_board":[{"card_name":"Zombie Chow","card_health":3,"card_attack":2}]},{"turn":3,"cards_played":["Frostbolt"],"current_player":"me","my_health":30,"opponent_health":28,"my_armor":0,"opponent_armor":0,"my_hand":3,"opponent_hand":5,"my_board":[{"card_name":"Mana Wyrm","card_health":3,"card_attack":2}],"opponent_board":[]},{"turn":4,"cards_played":["Lesser Heal","Lesser Heal"],"current_player":"opponent","my_health":30,"opponent_health":30,"my_armor":0,"opponent_armor":0,"my_hand":3,"opponent_hand":6,"my_board":[{"card_name":"Mana Wyrm","card_health":3,"card_attack":2}],"opponent_board":[]},{"turn":5,"cards_played":["Sorcerer's Apprentice","Unstable Portal","Dark Cultist"],"current_player":"me","my_health":30,"opponent_health":27,"my_armor":0,"opponent_armor":0,"my_hand":2,"opponent_hand":6,"my_board":[{"card_name":"Mana Wyrm","card_health":3,"card_attack":3},{"card_name":"Sorcerer's Apprentice","card_health":2,"card_attack":3},{"card_name":"Dark Cultist","card_health":4,"card_attack":3}],"opponent_board":[]},{"turn":6,"cards_played":["Wild Pyromancer","Power Word: Shield","The Coin","Northshire Cleric"],"current_player":"opponent","my_health":30,"opponent_health":27,"my_armor":0,"opponent_armor":0,"my_hand":2,"opponent_hand":4,"my_board":[{"card_name":"Mana Wyrm","card_health":1,"card_attack":3},{"card_name":"Dark Cultist","card_health":2,"card_attack":3}],"opponent_board":[{"card_name":"Northshire Cleric","card_health":3,"card_attack":1},{"card_name":"Wild Pyromancer","card_health":2,"card_attack":3}]},{"turn":7,"cards_played":["Mirror Image"],"current_player":"me","my_health":30,"opponent_health":27,"my_armor":0,"opponent_armor":0,"my_hand":1,"opponent_hand":4,"my_board":[{"card_name":"Mana Wyrm","card_health":3,"card_attack":5},{"card_name":"Mirror Image","card_health":2,"card_attack":0},{"card_name":"Mirror Image","card_health":2,"card_attack":0}],"opponent_board":[]},{"turn":8,"cards_played":["Auchenai Soulpriest"],"current_player":"opponent","my_health":30,"opponent_health":27,"my_armor":0,"opponent_armor":0,"my_hand":1,"opponent_hand":4,"my_board":[{"card_name":"Mana Wyrm","card_health":3,"card_attack":5},{"card_name":"Mirror Image","card_health":2,"card_attack":0},{"card_name":"Mirror Image","card_health":2,"card_attack":0},{"card_name":"Auchenai Soulpriest","card_health":5,"card_attack":3}],"opponent_board":[{"card_name":"Auchenai Soulpriest","card_health":5,"card_attack":3}]},{"turn":9,"cards_played":["Azure Drake"],"current_player":"me","my_health":30,"opponent_health":24,"my_armor":0,"opponent_armor":0,"my_hand":2,"opponent_hand":4,"my_board":[{"card_name":"Azure Drake","card_health":4,"card_attack":4},{"card_name":"Mirror Image","card_health":2,"card_attack":0},{"card_name":"Mirror Image","card_health":2,"card_attack":0},{"card_name":"Auchenai Soulpriest","card_health":5,"card_attack":3}],"opponent_board":[]},{"turn":10,"cards_played":["Injured Blademaster","Lesser Heal","Lesser Heal"],"current_player":"opponent","my_health":30,"opponent_health":24,"my_armor":0,"opponent_armor":0,"my_hand":2,"opponent_hand":4,"my_board":[{"card_name":"Azure Drake","card_health":4,"card_attack":4},{"card_name":"Mirror Image","card_health":2,"card_attack":0},{"card_name":"Mirror Image","card_health":2,"card_attack":0},{"card_name":"Auchenai Soulpriest","card_health":5,"card_attack":3}],"opponent_board":[{"card_name":"Injured Blademaster","card_health":5,"card_attack":4}]},{"turn":11,"cards_played":["Unstable Portal","Flamecannon","Fireblast","Fireblast"],"current_player":"me","my_health":30,"opponent_health":16,"my_armor":0,"opponent_armor":0,"my_hand":2,"opponent_hand":4,"my_board":[{"card_name":"Azure Drake","card_health":4,"card_attack":4},{"card_name":"Mirror Image","card_health":2,"card_attack":0},{"card_name":"Mirror Image","card_health":2,"card_attack":0},{"card_name":"Auchenai Soulpriest","card_health":5,"card_attack":3}],"opponent_board":[]},{"turn":12,"cards_played":["Auchenai Soulpriest","Circle of Healing","Lesser Heal","Lesser Heal"],"current_player":"opponent","my_health":30,"opponent_health":16,"my_armor":0,"opponent_armor":0,"my_hand":2,"opponent_hand":3,"my_board":[],"opponent_board":[{"card_name":"Auchenai Soulpriest","card_health":1,"card_attack":3}]},{"turn":13,"cards_played":["Fireblast","Fireblast","Voidwalker"],"current_player":"me","my_health":30,"opponent_health":16,"my_armor":0,"opponent_armor":0,"my_hand":2,"opponent_hand":3,"my_board":[{"card_name":"Voidwalker","card_health":3,"card_attack":1}],"opponent_board":[]},{"turn":14,"cards_played":["Thoughtsteal","Mana Wyrm","Light of the Naaru","Lesser Heal","Lesser Heal"],"current_player":"opponent","my_health":30,"opponent_health":21,"my_armor":0,"opponent_armor":0,"my_hand":2,"opponent_hand":3,"my_board":[{"card_name":"Voidwalker","card_health":3,"card_attack":1}],"opponent_board":[{"card_name":"Mana Wyrm","card_health":3,"card_attack":2},{"card_name":"Lightwarden","card_health":2,"card_attack":1}]},{"turn":15,"cards_played":["Azure Drake","Arcane Missiles","Fireblast","Fireblast"],"current_player":"me","my_health":30,"opponent_health":20,"my_armor":0,"opponent_armor":0,"my_hand":2,"opponent_hand":3,"my_board":[{"card_name":"Azure Drake","card_health":4,"card_attack":4},{"card_name":"Voidwalker","card_health":3,"card_attack":1}],"opponent_board":[]},{"turn":16,"cards_played":["Sylvanas Windrunner","Lesser Heal"],"current_player":"opponent","my_health":30,"opponent_health":22,"my_armor":0,"opponent_armor":0,"my_hand":2,"opponent_hand":3,"my_board":[{"card_name":"Azure Drake","card_health":4,"card_attack":4},{"card_name":"Voidwalker","card_health":3,"card_attack":1}],"opponent_board":[{"card_name":"Sylvanas Windrunner","card_health":5,"card_attack":5}]},{"turn":17,"cards_played":["Frostbolt","Fireball"],"current_player":"me","my_health":30,"opponent_health":10,"my_armor":0,"opponent_armor":0,"my_hand":0,"opponent_hand":3,"my_board":[{"card_name":"Azure Drake","card_health":4,"card_attack":4},{"card_name":"Voidwalker","card_health":3,"card_attack":1}],"opponent_board":[{"card_name":"Sylvanas Windrunner","card_health":1,"card_attack":5}]},{"turn":18,"cards_played":["Holy Nova","Light of the Naaru","Lesser Heal"],"current_player":"opponent","my_health":28,"opponent_health":17,"my_armor":0,"opponent_armor":0,"my_hand":0,"opponent_hand":2,"my_board":[{"card_name":"Azure Drake","card_health":2,"card_attack":4},{"card_name":"Voidwalker","card_health":1,"card_attack":1}],"opponent_board":[{"card_name":"Sylvanas Windrunner","card_health":3,"card_attack":5},{"card_name":"Lightwarden","card_health":2,"card_attack":1}]},{"turn":19,"cards_played":["Fireblast","Fireblast"],"current_player":"me","my_health":28,"opponent_health":17,"my_armor":0,"opponent_armor":0,"my_hand":1,"opponent_hand":2,"my_board":[],"opponent_board":[]},{"turn":20,"cards_played":["Wild Pyromancer","Mad Scientist","Lesser Heal"],"current_player":"opponent","my_health":28,"opponent_health":19,"my_armor":0,"opponent_armor":0,"my_hand":1,"opponent_hand":1,"my_board":[],"opponent_board":[{"card_name":"Wild Pyromancer","card_health":2,"card_attack":3},{"card_name":"Mad Scientist","card_health":2,"card_attack":2}]},{"turn":21,"cards_played":["Arcane Intellect","Fireblast","Fireblast"],"current_player":"me","my_health":28,"opponent_health":19,"my_armor":0,"opponent_armor":0,"my_hand":3,"opponent_hand":1,"my_board":[],"opponent_board":[{"card_name":"Wild Pyromancer","card_health":1,"card_attack":3},{"card_name":"Mad Scientist","card_health":2,"card_attack":2}]},{"turn":22,"cards_played":["Ysera"],"current_player":"opponent","my_health":23,"opponent_health":19,"my_armor":0,"opponent_armor":0,"my_hand":3,"opponent_hand":2,"my_board":[],"opponent_board":[{"card_name":"Ysera","card_health":12,"card_attack":4},{"card_name":"Wild Pyromancer","card_health":1,"card_attack":3},{"card_name":"Mad Scientist","card_health":2,"card_attack":2}]},{"turn":23,"cards_played":["Dr. Boom","Mana Wyrm","Fireblast"],"current_player":"me","my_health":23,"opponent_health":19,"my_armor":0,"opponent_armor":0,"my_hand":2,"opponent_hand":2,"my_board":[{"card_name":"Dr. Boom","card_health":7,"card_attack":7},{"card_name":"Mana Wyrm","card_health":3,"card_attack":1},{"card_name":"Boom Bot","card_health":1,"card_attack":1},{"card_name":"Boom Bot","card_health":1,"card_attack":1}],"opponent_board":[{"card_name":"Ysera","card_health":12,"card_attack":4},{"card_name":"Mad Scientist","card_health":2,"card_attack":2}]},{"turn":24,"cards_played":["Emerald Drake","Holy Champion","Lesser Heal"],"current_player":"opponent","my_health":23,"opponent_health":21,"my_armor":0,"opponent_armor":0,"my_hand":2,"opponent_hand":2,"my_board":[{"card_name":"Dr. Boom","card_health":7,"card_attack":7},{"card_name":"Boom Bot","card_health":1,"card_attack":1},{"card_name":"Twilight Whelp","card_health":1,"card_attack":2}],"opponent_board":[{"card_name":"Holy Champion","card_health":5,"card_attack":5},{"card_name":"Ysera","card_health":10,"card_attack":4},{"card_name":"Mad Scientist","card_health":1,"card_attack":2},{"card_name":"Emerald Drake","card_health":6,"card_attack":7}]},{"turn":25,"cards_played":["Flamewaker","Flamestrike"],"current_player":"me","my_health":23,"opponent_health":17,"my_armor":0,"opponent_armor":0,"my_hand":1,"opponent_hand":2,"my_board":[{"card_name":"Flamewaker","card_health":4,"card_attack":2},{"card_name":"Dr. Boom","card_health":3,"card_attack":7},{"card_name":"Twilight Whelp","card_health":1,"card_attack":2}],"opponent_board":[]},{"turn":26,"cards_played":["Cabal Shadow Priest","Dream","Injured Blademaster"],"current_player":"opponent","my_health":22,"opponent_health":17,"my_armor":0,"opponent_armor":0,"my_hand":2,"opponent_hand":0,"my_board":[{"card_name":"Dr. Boom","card_health":2,"card_attack":7}],"opponent_board":[{"card_name":"Injured Blademaster","card_health":7,"card_attack":4},{"card_name":"Cabal Shadow Priest","card_health":5,"card_attack":4},{"card_name":"Flamewaker","card_health":4,"card_attack":2}]},{"turn":27,"cards_played":["Sorcerer's Apprentice","Twilight Whelp","Fireblast","Fireblast"],"current_player":"me","my_health":22,"opponent_health":9,"my_armor":0,"opponent_armor":0,"my_hand":0,"opponent_hand":0,"my_board":[{"card_name":"Sorcerer's Apprentice","card_health":2,"card_attack":3},{"card_name":"Dr. Boom","card_health":2,"card_attack":7},{"card_name":"Twilight Whelp","card_health":1,"card_attack":2}],"opponent_board":[{"card_name":"Injured Blademaster","card_health":3,"card_attack":4},{"card_name":"Cabal Shadow Priest","card_health":5,"card_attack":4},{"card_name":"Flamewaker","card_health":4,"card_attack":2}]},{"turn":28,"cards_played":["Circle of Healing","Lesser Heal"],"current_player":"opponent","my_health":22,"opponent_health":11,"my_armor":0,"opponent_armor":0,"my_hand":0,"opponent_hand":0,"my_board":[],"opponent_board":[{"card_name":"Injured Blademaster","card_health":4,"card_attack":4},{"card_name":"Cabal Shadow Priest","card_health":5,"card_attack":4}]},{"turn":29,"cards_played":["Mad Scientist","Fireblast"],"current_player":"me","my_health":22,"opponent_health":10,"my_armor":0,"opponent_armor":0,"my_hand":0,"opponent_hand":0,"my_board":[{"card_name":"Mad Scientist","card_health":2,"card_attack":2}],"opponent_board":[{"card_name":"Injured Blademaster","card_health":4,"card_attack":4},{"card_name":"Cabal Shadow Priest","card_health":5,"card_attack":4}]},{"turn":30,"cards_played":["Lesser Heal","Lesser Heal"],"current_player":"opponent","my_health":18,"opponent_health":10,"my_armor":0,"opponent_armor":0,"my_hand":0,"opponent_hand":1,"my_board":[],"opponent_board":[{"card_name":"Injured Blademaster","card_health":6,"card_attack":4},{"card_name":"Cabal Shadow Priest","card_health":3,"card_attack":4}]},{"turn":31,"cards_played":["Water Elemental","Fireblast"],"current_player":"me","my_health":18,"opponent_health":9,"my_armor":0,"opponent_armor":0,"my_hand":0,"opponent_hand":1,"my_board":[{"card_name":"Water Elemental","card_health":6,"card_attack":3}],"opponent_board":[{"card_name":"Injured Blademaster","card_health":6,"card_attack":4},{"card_name":"Cabal Shadow Priest","card_health":3,"card_attack":4}]},{"turn":32,"cards_played":["Lesser Heal","Lesser Heal"],"current_player":"opponent","my_health":18,"opponent_health":9,"my_armor":0,"opponent_armor":0,"my_hand":0,"opponent_hand":2,"my_board":[],"opponent_board":[{"card_name":"Injured Blademaster","card_health":3,"card_attack":4},{"card_name":"Cabal Shadow Priest","card_health":2,"card_attack":4}]},{"turn":33,"cards_played":["Flamewaker","Fireblast"],"current_player":"me","my_health":18,"opponent_health":8,"my_armor":0,"opponent_armor":0,"my_hand":0,"opponent_hand":2,"my_board":[{"card_name":"Flamewaker","card_health":4,"card_attack":2}],"opponent_board":[{"card_name":"Injured Blademaster","card_health":3,"card_attack":4},{"card_name":"Cabal Shadow Priest","card_health":2,"card_attack":4}]},{"turn":34,"cards_played":["Lesser Heal","Lesser Heal"],"current_player":"opponent","my_health":18,"opponent_health":10,"my_armor":0,"opponent_armor":0,"my_hand":0,"opponent_hand":3,"my_board":[{"card_name":"Flamewaker","card_health":4,"card_attack":2}],"opponent_board":[{"card_name":"Injured Blademaster","card_health":3,"card_attack":4},{"card_name":"Cabal Shadow Priest","card_health":2,"card_attack":4}]},{"turn":35,"cards_played":["Fireball"],"current_player":"me","my_health":18,"opponent_health":3,"my_armor":0,"opponent_armor":0,"my_hand":0,"opponent_hand":3,"my_board":[{"card_name":"Flamewaker","card_health":4,"card_attack":2}],"opponent_board":[{"card_name":"Injured Blademaster","card_health":3,"card_attack":4},{"card_name":"Cabal Shadow Priest","card_health":1,"card_attack":4}]}],"result":"victory"}