{"plays":[{"turn":1,"cards_played":[],"current_player":"me","my_health":0,"opponent_health":30,"my_armor":0,"opponent_armor":0,"my_hand":0,"opponent_hand":1,"my_board":[],"opponent_board":[]},{"turn":2,"cards_played":[],"current_player":"opponent","my_health":30,"opponent_health":30,"my_armor":0,"opponent_armor":0,"my_hand":4,"opponent_hand":6,"my_board":[],"opponent_board":[]},{"turn":3,"cards_played":["Mad Scientist"],"current_player":"me","my_health":30,"opponent_health":30,"my_armor":0,"opponent_armor":0,"my_hand":4,"opponent_hand":6,"my_board":[{"card_name":"Mad Scientist","card_health":2,"card_attack":2}],"opponent_board":[]},{"turn":4,"cards_played":["The Coin","Dark Cultist"],"current_player":"opponent","my_health":30,"opponent_health":30,"my_armor":0,"opponent_armor":0,"my_hand":4,"opponent_hand":5,"my_board":[{"card_name":"Mad Scientist","card_health":2,"card_attack":2}],"opponent_board":[{"card_name":"Dark Cultist","card_health":4,"card_attack":3}]},{"turn":5,"cards_played":["Frostbolt"],"current_player":"me","my_health":30,"opponent_health":30,"my_armor":0,"opponent_armor":0,"my_hand":4,"opponent_hand":5,"my_board":[],"opponent_board":[]},{"turn":6,"cards_played":["Northshire Cleric","Power Word: Shield"],"current_player":"opponent","my_health":30,"opponent_health":30,"my_armor":0,"opponent_armor":0,"my_hand":4,"opponent_hand":5,"my_board":[{"card_name":"Northshire Cleric","card_health":3,"card_attack":1}],"opponent_board":[{"card_name":"Northshire Cleric","card_health":3,"card_attack":1}]},{"turn":7,"cards_played":["Flamewaker","Arcane Missiles"],"current_player":"me","my_health":30,"opponent_health":27,"my_armor":0,"opponent_armor":0,"my_hand":3,"opponent_hand":5,"my_board":[{"card_name":"Flamewaker","card_health":4,"card_attack":2},{"card_name":"Northshire Cleric","card_health":3,"card_attack":1}],"opponent_board":[{"card_name":"Northshire Cleric","card_health":2,"card_attack":1}]},{"turn":8,"cards_played":["Holy Smite","Lesser Heal","Lesser Heal"],"current_player":"opponent","my_health":30,"opponent_health":27,"my_armor":0,"opponent_armor":0,"my_hand":3,"opponent_hand":6,"my_board":[{"card_name":"Flamewaker","card_health":4,"card_attack":2}],"opponent_board":[{"card_name":"Northshire Cleric","card_health":3,"card_attack":1}]},{"turn":9,"cards_played":["Fireblast","Fireblast"],"current_player":"me","my_health":30,"opponent_health":25,"my_armor":0,"opponent_armor":0,"my_hand":3,"opponent_hand":6,"my_board":[{"card_name":"Flamewaker","card_health":3,"card_attack":2}],"opponent_board":[]},{"turn":10,"cards_played":["Wyrmrest Agent","Wyrmrest Agent"],"current_player":"opponent","my_health":30,"opponent_health":25,"my_armor":0,"opponent_armor":0,"my_hand":3,"opponent_hand":5,"my_board":[{"card_name":"Flamewaker","card_health":3,"card_attack":2},{"card_name":"Wyrmrest Agent","card_health":4,"card_attack":2}],"opponent_board":[{"card_name":"Wyrmrest Agent","card_health":4,"card_attack":1},{"card_name":"Wyrmrest Agent","card_health":4,"card_attack":2}]},{"turn":11,"cards_played":["Frostbolt","Echo of Medivh"],"current_player":"me","my_health":30,"opponent_health":23,"my_armor":0,"opponent_armor":0,"my_hand":4,"opponent_hand":5,"my_board":[{"card_name":"Flamewaker","card_health":1,"card_attack":2},{"card_name":"Wyrmrest Agent","card_health":2,"card_attack":2}],"opponent_board":[]},{"turn":12,"cards_played":["Blackwing Corruptor"],"current_player":"opponent","my_health":30,"opponent_health":23,"my_armor":0,"opponent_armor":0,"my_hand":4,"opponent_hand":5,"my_board":[{"card_name":"Wyrmrest Agent","card_health":2,"card_attack":2}],"opponent_board":[{"card_name":"Blackwing Corruptor","card_health":4,"card_attack":5}]},{"turn":13,"cards_played":["Flamewaker","Flamecannon","Fireblast"],"current_player":"me","my_health":30,"opponent_health":18,"my_armor":0,"opponent_armor":0,"my_hand":3,"opponent_hand":5,"my_board":[{"card_name":"Wyrmrest Agent","card_health":2,"card_attack":2},{"card_name":"Flamewaker","card_health":4,"card_attack":2}],"opponent_board":[]},{"turn":14,"cards_played":["Chillmaw"],"current_player":"opponent","my_health":30,"opponent_health":18,"my_armor":0,"opponent_armor":0,"my_hand":3,"opponent_hand":5,"my_board":[{"card_name":"Wyrmrest Agent","card_health":2,"card_attack":2},{"card_name":"Flamewaker","card_health":4,"card_attack":2}],"opponent_board":[{"card_name":"Chillmaw","card_health":6,"card_attack":6}]},{"turn":15,"cards_played":["Unstable Portal","Dragonling Mechanic","Fireblast"],"current_player":"me","my_health":30,"opponent_health":16,"my_armor":0,"opponent_armor":0,"my_hand":3,"opponent_hand":5,"my_board":[{"card_name":"Wyrmrest Agent","card_health":2,"card_attack":2},{"card_name":"Flamewaker","card_health":4,"card_attack":2},{"card_name":"Dragonling Mechanic","card_health":4,"card_attack":2},{"card_name":"Mechanical Dragonling","card_health":1,"card_attack":2}],"opponent_board":[{"card_name":"Chillmaw","card_health":5,"card_attack":6}]},{"turn":16,"cards_played":["Holy Nova","Lesser Heal","Lesser Heal"],"current_player":"opponent","my_health":28,"opponent_health":18,"my_armor":0,"opponent_armor":0,"my_hand":3,"opponent_hand":5,"my_board":[{"card_name":"Dragonling Mechanic","card_health":2,"card_attack":2}],"opponent_board":[{"card_name":"Chillmaw","card_health":6,"card_attack":6}]},{"turn":17,"cards_played":["Flamestrike","Mad Scientist"],"current_player":"me","my_health":28,"opponent_health":18,"my_armor":0,"opponent_armor":0,"my_hand":2,"opponent_hand":5,"my_board":[{"card_name":"Mad Scientist","card_health":2,"card_attack":2}],"opponent_board":[]},{"turn":18,"cards_played":["Ysera"],"current_player":"opponent","my_health":28,"opponent_health":18,"my_armor":0,"opponent_armor":0,"my_hand":2,"opponent_hand":6,"my_board":[{"card_name":"Mad Scientist","card_health":2,"card_attack":2}],"opponent_board":[{"card_name":"Ysera","card_health":12,"card_attack":4}]},{"turn":19,"cards_played":["Dr. Boom","Fireblast"],"current_player":"me","my_health":28,"opponent_health":15,"my_armor":0,"opponent_armor":0,"my_hand":2,"opponent_hand":6,"my_board":[{"card_name":"Mad Scientist","card_health":2,"card_attack":2},{"card_name":"Dr. Boom","card_health":7,"card_attack":7},{"card_name":"Boom Bot","card_health":1,"card_attack":1},{"card_name":"Boom Bot","card_health":1,"card_attack":1}],"opponent_board":[{"card_name":"Ysera","card_health":12,"card_attack":4}]},{"turn":20,"cards_played":["Shadow Word: Death","Twilight Guardian","Lesser Heal","Lesser Heal"],"current_player":"opponent","my_health":28,"opponent_health":15,"my_armor":0,"opponent_armor":0,"my_hand":2,"opponent_hand":6,"my_board":[{"card_name":"Mad Scientist","card_health":2,"card_attack":2},{"card_name":"Boom Bot","card_health":1,"card_attack":1}],"opponent_board":[{"card_name":"Twilight Guardian","card_health":6,"card_attack":3},{"card_name":"Ysera","card_health":9,"card_attack":4}]},{"turn":21,"cards_played":["Fireball","Fireblast"],"current_player":"me","my_health":28,"opponent_health":11,"my_armor":0,"opponent_armor":0,"my_hand":2,"opponent_hand":6,"my_board":[{"card_name":"Mad Scientist","card_health":2,"card_attack":2},{"card_name":"Boom Bot","card_health":1,"card_attack":1}],"opponent_board":[{"card_name":"Ysera","card_health":9,"card_attack":4}]},{"turn":22,"cards_played":["Dragonkin Sorcerer","Laughing Sister","Lesser Heal","Lesser Heal"],"current_player":"opponent","my_health":28,"opponent_health":13,"my_armor":0,"opponent_armor":0,"my_hand":2,"opponent_hand":6,"my_board":[{"card_name":"Boom Bot","card_health":1,"card_attack":1}],"opponent_board":[{"card_name":"Dragonkin Sorcerer","card_health":5,"card_attack":3},{"card_name":"Ysera","card_health":7,"card_attack":4},{"card_name":"Laughing Sister","card_health":5,"card_attack":3}]},{"turn":23,"cards_played":["Wyrmrest Agent","Azure Drake","Fireblast"],"current_player":"me","my_health":28,"opponent_health":11,"my_armor":0,"opponent_armor":0,"my_hand":2,"opponent_hand":6,"my_board":[{"card_name":"Azure Drake","card_health":4,"card_attack":4},{"card_name":"Wyrmrest Agent","card_health":4,"card_attack":2},{"card_name":"Boom Bot","card_health":1,"card_attack":1}],"opponent_board":[{"card_name":"Dragonkin Sorcerer","card_health":5,"card_attack":3},{"card_name":"Ysera","card_health":7,"card_attack":4},{"card_name":"Laughing Sister","card_health":5,"card_attack":3}]},{"turn":24,"cards_played":["Velen's Chosen","Vol'jin","Lesser Heal"],"current_player":"opponent","my_health":28,"opponent_health":13,"my_armor":0,"opponent_armor":0,"my_hand":2,"opponent_hand":6,"my_board":[],"opponent_board":[{"card_name":"Dragonkin Sorcerer","card_health":4,"card_attack":3},{"card_name":"Vol'jin","card_health":4,"card_attack":6},{"card_name":"Ysera","card_health":5,"card_attack":4}]},{"turn":25,"cards_played":["Fireblast"],"current_player":"me","my_health":28,"opponent_health":12,"my_armor":0,"opponent_armor":0,"my_hand":3,"opponent_hand":6,"my_board":[],"opponent_board":[{"card_name":"Dragonkin Sorcerer","card_health":4,"card_attack":3},{"card_name":"Vol'jin","card_health":4,"card_attack":6},{"card_name":"Ysera","card_health":5,"card_attack":4}]},{"turn":26,"cards_played":["Velen's Chosen","Nightmare","Ysera Awakens"],"current_player":"opponent","my_health":0,"opponent_health":6,"my_armor":0,"opponent_armor":0,"my_hand":3,"opponent_hand":4,"my_board":[],"opponent_board":[{"card_name":"Dragonkin Sorcerer","card_health":9,"card_attack":12},{"card_name":"Ysera","card_health":5,"card_attack":4}]}],"result":"defeat"}