{"plays":[{"turn":1,"cards_played":[],"current_player":"me","my_health":0,"opponent_health":30,"my_armor":0,"opponent_armor":0,"my_hand":0,"opponent_hand":1,"my_board":[],"opponent_board":[]},{"turn":2,"cards_played":["Zombie Chow","The Coin","Unstable Portal"],"current_player":"opponent","my_health":30,"opponent_health":30,"my_armor":0,"opponent_armor":0,"my_hand":3,"opponent_hand":5,"my_board":[{"card_name":"Zombie Chow","card_health":3,"card_attack":2}],"opponent_board":[]},{"turn":3,"cards_played":["Mana Wyrm"],"current_player":"me","my_health":30,"opponent_health":28,"my_armor":0,"opponent_armor":0,"my_hand":3,"opponent_hand":5,"my_board":[{"card_name":"Mana Wyrm","card_health":3,"card_attack":1},{"card_name":"Zombie Chow","card_health":3,"card_attack":2}],"opponent_board":[]},{"turn":4,"cards_played":["Flamecannon","Imp Master"],"current_player":"opponent","my_health":30,"opponent_health":30,"my_armor":0,"opponent_armor":0,"my_hand":3,"opponent_hand":4,"my_board":[{"card_name":"Mana Wyrm","card_health":3,"card_attack":1}],"opponent_board":[{"card_name":"Imp Master","card_health":4,"card_attack":1},{"card_name":"Imp","card_health":1,"card_attack":1}]},{"turn":5,"cards_played":["Frostbolt"],"current_player":"me","my_health":30,"opponent_health":30,"my_armor":0,"opponent_armor":0,"my_hand":3,"opponent_hand":4,"my_board":[{"card_name":"Mana Wyrm","card_health":2,"card_attack":2}],"opponent_board":[{"card_name":"Imp Master","card_health":1,"card_attack":1}]},{"turn":6,"cards_played":["Spellslinger"],"current_player":"opponent","my_health":30,"opponent_health":30,"my_armor":0,"opponent_armor":0,"my_hand":4,"opponent_hand":5,"my_board":[{"card_name":"Mana Wyrm","card_health":2,"card_attack":2}],"opponent_board":[{"card_name":"Spellslinger","card_health":4,"card_attack":3},{"card_name":"Imp","card_health":1,"card_attack":1}]},{"turn":7,"cards_played":["Sense Demons","Worthless Imp"],"current_player":"me","my_health":30,"opponent_health":30,"my_armor":0,"opponent_armor":0,"my_hand":5,"opponent_hand":5,"my_board":[{"card_name":"Worthless Imp","card_health":1,"card_attack":1}],"opponent_board":[{"card_name":"Spellslinger","card_health":1,"card_attack":3},{"card_name":"Imp","card_health":1,"card_attack":1}]},{"turn":8,"cards_played":["Mad Scientist","Fireblast","Fireblast"],"current_player":"opponent","my_health":26,"opponent_health":30,"my_armor":0,"opponent_armor":0,"my_hand":5,"opponent_hand":5,"my_board":[],"opponent_board":[{"card_name":"Spellslinger","card_health":1,"card_attack":3},{"card_name":"Mad Scientist","card_health":2,"card_attack":2},{"card_name":"Imp","card_health":1,"card_attack":1}]},{"turn":9,"cards_played":["Worthless Imp","Fireblast","Fireblast"],"current_player":"me","my_health":26,"opponent_health":30,"my_armor":0,"opponent_armor":0,"my_hand":5,"opponent_hand":5,"my_board":[{"card_name":"Worthless Imp","card_health":1,"card_attack":1}],"opponent_board":[{"card_name":"Mad Scientist","card_health":2,"card_attack":2},{"card_name":"Imp","card_health":1,"card_attack":1}]},{"turn":10,"cards_played":["Flamewaker","Unstable Portal"],"current_player":"opponent","my_health":22,"opponent_health":30,"my_armor":0,"opponent_armor":0,"my_hand":5,"opponent_hand":5,"my_board":[],"opponent_board":[{"card_name":"Mad Scientist","card_health":2,"card_attack":2},{"card_name":"Flamewaker","card_health":4,"card_attack":2}]},{"turn":11,"cards_played":["Emperor Thaurissan"],"current_player":"me","my_health":22,"opponent_health":30,"my_armor":0,"opponent_armor":0,"my_hand":5,"opponent_hand":5,"my_board":[{"card_name":"Emperor Thaurissan","card_health":5,"card_attack":5}],"opponent_board":[{"card_name":"Mad Scientist","card_health":2,"card_attack":2},{"card_name":"Flamewaker","card_health":4,"card_attack":2}]},{"turn":12,"cards_played":["Flamewaker","Shadow Word: Death"],"current_player":"opponent","my_health":14,"opponent_health":30,"my_armor":0,"opponent_armor":0,"my_hand":5,"opponent_hand":4,"my_board":[],"opponent_board":[{"card_name":"Flamewaker","card_health":4,"card_attack":2},{"card_name":"Mad Scientist","card_health":2,"card_attack":2},{"card_name":"Flamewaker","card_health":4,"card_attack":2}]},{"turn":13,"cards_played":["Flamestrike"],"current_player":"me","my_health":14,"opponent_health":30,"my_armor":0,"opponent_armor":0,"my_hand":5,"opponent_hand":4,"my_board":[],"opponent_board":[{"card_name":"Goblin Sapper","card_health":4,"card_attack":2}]},{"turn":14,"cards_played":["Sneed's Old Shredder","Fireblast","Fireblast"],"current_player":"opponent","my_health":11,"opponent_health":30,"my_armor":0,"opponent_armor":0,"my_hand":5,"opponent_hand":4,"my_board":[],"opponent_board":[{"card_name":"Sneed's Old Shredder","card_health":7,"card_attack":5},{"card_name":"Goblin Sapper","card_health":4,"card_attack":2}]},{"turn":15,"cards_played":["Flamecannon","Sludge Belcher"],"current_player":"me","my_health":11,"opponent_health":30,"my_armor":0,"opponent_armor":0,"my_hand":3,"opponent_hand":4,"my_board":[{"card_name":"Sludge Belcher","card_health":5,"card_attack":3}],"opponent_board":[{"card_name":"Sneed's Old Shredder","card_health":3,"card_attack":5},{"card_name":"Goblin Sapper","card_health":4,"card_attack":2}]},{"turn":16,"cards_played":["Dr. Boom"],"current_player":"opponent","my_health":9,"opponent_health":30,"my_armor":0,"opponent_armor":0,"my_hand":5,"opponent_hand":4,"my_board":[{"card_name":"Slime","card_health":2,"card_attack":1}],"opponent_board":[{"card_name":"Dr. Boom","card_health":7,"card_attack":7},{"card_name":"Goblin Sapper","card_health":4,"card_attack":2},{"card_name":"Mogor the Ogre","card_health":6,"card_attack":7},{"card_name":"Boom Bot","card_health":1,"card_attack":1},{"card_name":"Boom Bot","card_health":1,"card_attack":1}]},{"turn":17,"cards_played":["Sludge Belcher","Fireblast","Fireblast","Big Game Hunter"],"current_player":"me","my_health":6,"opponent_health":30,"my_armor":0,"opponent_armor":0,"my_hand":4,"opponent_hand":4,"my_board":[{"card_name":"Big Game Hunter","card_health":2,"card_attack":4},{"card_name":"Sludge Belcher","card_health":5,"card_attack":3}],"opponent_board":[{"card_name":"Goblin Sapper","card_health":4,"card_attack":2},{"card_name":"Mogor the Ogre","card_health":6,"card_attack":7}]},{"turn":18,"cards_played":[],"current_player":"opponent","my_health":-1,"opponent_health":30,"my_armor":0,"opponent_armor":0,"my_hand":4,"opponent_hand":5,"my_board":[{"card_name":"Big Game Hunter","card_health":2,"card_attack":4},{"card_name":"Sludge Belcher","card_health":5,"card_attack":3}],"opponent_board":[{"card_name":"Goblin Sapper","card_health":4,"card_attack":2},{"card_name":"Mogor the Ogre","card_health":6,"card_attack":7}]}],"result":"defeat"}