{"plays":[{"turn":1,"cards_played":[],"current_player":"opponent","my_health":30,"opponent_health":0,"my_armor":0,"opponent_armor":0,"my_hand":1,"opponent_hand":0,"my_board":[],"opponent_board":[]},{"turn":2,"cards_played":["The Coin","Mad Scientist"],"current_player":"me","my_health":30,"opponent_health":30,"my_armor":0,"opponent_armor":0,"my_hand":4,"opponent_hand":4,"my_board":[{"card_name":"Mad Scientist","card_health":2,"card_attack":2}],"opponent_board":[]},{"turn":3,"cards_played":["Mad Scientist"],"current_player":"opponent","my_health":30,"opponent_health":30,"my_armor":0,"opponent_armor":0,"my_hand":4,"opponent_hand":4,"my_board":[{"card_name":"Mad Scientist","card_health":2,"card_attack":2}],"opponent_board":[{"card_name":"Mad Scientist","card_health":2,"card_attack":2}]},{"turn":4,"cards_played":["Fireblast","Fireblast"],"current_player":"me","my_health":30,"opponent_health":27,"my_armor":0,"opponent_armor":0,"my_hand":5,"opponent_hand":4,"my_board":[{"card_name":"Mad Scientist","card_health":2,"card_attack":2}],"opponent_board":[{"card_name":"Mad Scientist","card_health":2,"card_attack":2}]},{"turn":5,"cards_played":["Steady Shot"],"current_player":"opponent","my_health":26,"opponent_health":27,"my_armor":0,"opponent_armor":0,"my_hand":5,"opponent_hand":5,"my_board":[{"card_name":"Mad Scientist","card_health":2,"card_attack":2}],"opponent_board":[{"card_name":"Mad Scientist","card_health":2,"card_attack":2}]},{"turn":6,"cards_played":["Fireblast","Mirror Image"],"current_player":"me","my_health":26,"opponent_health":24,"my_armor":0,"opponent_armor":0,"my_hand":5,"opponent_hand":5,"my_board":[{"card_name":"Mad Scientist","card_health":2,"card_attack":2},{"card_name":"Mirror Image","card_health":2,"card_attack":0},{"card_name":"Mirror Image","card_health":2,"card_attack":0}],"opponent_board":[{"card_name":"Mad Scientist","card_health":2,"card_attack":2}]},{"turn":7,"cards_played":["Piloted Shredder"],"current_player":"opponent","my_health":26,"opponent_health":24,"my_armor":0,"opponent_armor":0,"my_hand":5,"opponent_hand":5,"my_board":[{"card_name":"Mad Scientist","card_health":2,"card_attack":2},{"card_name":"Mirror Image","card_health":2,"card_attack":0}],"opponent_board":[{"card_name":"Piloted Shredder","card_health":3,"card_attack":4},{"card_name":"Mad Scientist","card_health":2,"card_attack":2}]},{"turn":8,"cards_played":["Flamewaker","Arcane Missiles"],"current_player":"me","my_health":26,"opponent_health":24,"my_armor":0,"opponent_armor":0,"my_hand":4,"opponent_hand":5,"my_board":[{"card_name":"Flamewaker","card_health":4,"card_attack":2},{"card_name":"Mirror Image","card_health":2,"card_attack":0}],"opponent_board":[{"card_name":"Piloted Shredder","card_health":3,"card_attack":4}]},{"turn":9,"cards_played":["Piloted Shredder"],"current_player":"opponent","my_health":26,"opponent_health":21,"my_armor":0,"opponent_armor":0,"my_hand":4,"opponent_hand":5,"my_board":[{"card_name":"Flamewaker","card_health":4,"card_attack":2},{"card_name":"Piloted Shredder","card_health":3,"card_attack":4}],"opponent_board":[{"card_name":"Piloted Shredder","card_health":1,"card_attack":4},{"card_name":"Piloted Shredder","card_health":3,"card_attack":4}]},{"turn":10,"cards_played":["Mirror Image","Fireball"],"current_player":"me","my_health":26,"opponent_health":13,"my_armor":0,"opponent_armor":0,"my_hand":4,"opponent_hand":5,"my_board":[{"card_name":"Flamewaker","card_health":2,"card_attack":2},{"card_name":"Mirror Image","card_health":2,"card_attack":0},{"card_name":"Mirror Image","card_health":2,"card_attack":0}],"opponent_board":[{"card_name":"Piloted Shredder","card_health":2,"card_attack":4}]},{"turn":11,"cards_played":["Loatheb"],"current_player":"opponent","my_health":26,"opponent_health":13,"my_armor":0,"opponent_armor":0,"my_hand":4,"opponent_hand":5,"my_board":[{"card_name":"Flamewaker","card_health":2,"card_attack":2},{"card_name":"Mirror Image","card_health":2,"card_attack":0}],"opponent_board":[{"card_name":"Loatheb","card_health":5,"card_attack":5},{"card_name":"Piloted Shredder","card_health":2,"card_attack":4}]},{"turn":12,"cards_played":["Piloted Shredder"],"current_player":"me","my_health":26,"opponent_health":11,"my_armor":0,"opponent_armor":0,"my_hand":4,"opponent_hand":5,"my_board":[{"card_name":"Flamewaker","card_health":2,"card_attack":2},{"card_name":"Piloted Shredder","card_health":3,"card_attack":4},{"card_name":"Mirror Image","card_health":2,"card_attack":0}],"opponent_board":[{"card_name":"Loatheb","card_health":5,"card_attack":5},{"card_name":"Piloted Shredder","card_health":2,"card_attack":4}]},{"turn":13,"cards_played":["Quick Shot","Kill Command"],"current_player":"opponent","my_health":26,"opponent_health":11,"my_armor":0,"opponent_armor":0,"my_hand":4,"opponent_hand":3,"my_board":[],"opponent_board":[{"card_name":"Loatheb","card_health":4,"card_attack":5},{"card_name":"Piloted Shredder","card_health":2,"card_attack":4}]},{"turn":14,"cards_played":["Arcane Intellect","Mad Scientist","Flamecannon"],"current_player":"me","my_health":26,"opponent_health":11,"my_armor":0,"opponent_armor":0,"my_hand":4,"opponent_hand":3,"my_board":[{"card_name":"Mad Scientist","card_health":2,"card_attack":2}],"opponent_board":[{"card_name":"Loatheb","card_health":4,"card_attack":5},{"card_name":"Mad Scientist","card_health":2,"card_attack":2}]},{"turn":15,"cards_played":["Savannah Highmane","Steady Shot"],"current_player":"opponent","my_health":19,"opponent_health":11,"my_armor":0,"opponent_armor":0,"my_hand":4,"opponent_hand":3,"my_board":[],"opponent_board":[{"card_name":"Savannah Highmane","card_health":5,"card_attack":6},{"card_name":"Loatheb","card_health":4,"card_attack":5}]},{"turn":16,"cards_played":["Azure Drake","Arcane Intellect"],"current_player":"me","my_health":19,"opponent_health":11,"my_armor":0,"opponent_armor":0,"my_hand":6,"opponent_hand":3,"my_board":[{"card_name":"Azure Drake","card_health":4,"card_attack":4}],"opponent_board":[{"card_name":"Savannah Highmane","card_health":5,"card_attack":6},{"card_name":"Loatheb","card_health":4,"card_attack":5}]},{"turn":17,"cards_played":["Animal Companion","Houndmaster","Steady Shot"],"current_player":"opponent","my_health":12,"opponent_health":11,"my_armor":0,"opponent_armor":0,"my_hand":6,"opponent_hand":2,"my_board":[],"opponent_board":[{"card_name":"Savannah Highmane","card_health":3,"card_attack":8},{"card_name":"Loatheb","card_health":4,"card_attack":5},{"card_name":"Houndmaster","card_health":3,"card_attack":4}]},{"turn":18,"cards_played":["Arcane Missiles","Unstable Portal","Doomsayer","Fireblast","Frostbolt"],"current_player":"me","my_health":12,"opponent_health":10,"my_armor":0,"opponent_armor":0,"my_hand":4,"opponent_hand":2,"my_board":[{"card_name":"Doomsayer","card_health":7,"card_attack":0}],"opponent_board":[{"card_name":"Savannah Highmane","card_health":3,"card_attack":8},{"card_name":"Houndmaster","card_health":2,"card_attack":4}]},{"turn":19,"cards_played":[],"current_player":"opponent","my_health":0,"opponent_health":10,"my_armor":0,"opponent_armor":0,"my_hand":4,"opponent_hand":3,"my_board":[{"card_name":"Doomsayer","card_health":7,"card_attack":0}],"opponent_board":[{"card_name":"Savannah Highmane","card_health":3,"card_attack":8},{"card_name":"Houndmaster","card_health":2,"card_attack":4}]}],"result":"defeat"}