{"plays":[{"turn":1,"cards_played":[],"current_player":"opponent","my_health":30,"opponent_health":0,"my_armor":0,"opponent_armor":0,"my_hand":1,"opponent_hand":0,"my_board":[],"opponent_board":[]},{"turn":2,"cards_played":["Mana Wyrm"],"current_player":"me","my_health":30,"opponent_health":30,"my_armor":0,"opponent_armor":0,"my_hand":5,"opponent_hand":4,"my_board":[{"card_name":"Mana Wyrm","card_health":3,"card_attack":1}],"opponent_board":[]},{"turn":3,"cards_played":["Unstable Portal","Felguard"],"current_player":"opponent","my_health":30,"opponent_health":30,"my_armor":0,"opponent_armor":0,"my_hand":5,"opponent_hand":4,"my_board":[{"card_name":"Mana Wyrm","card_health":3,"card_attack":1}],"opponent_board":[{"card_name":"Felguard","card_health":5,"card_attack":3}]},{"turn":4,"cards_played":["Sorcerer's Apprentice","Mirror Image"],"current_player":"me","my_health":30,"opponent_health":30,"my_armor":0,"opponent_armor":0,"my_hand":4,"opponent_hand":4,"my_board":[{"card_name":"Mana Wyrm","card_health":3,"card_attack":2},{"card_name":"Sorcerer's Apprentice","card_health":2,"card_attack":3},{"card_name":"Mirror Image","card_health":2,"card_attack":0},{"card_name":"Mirror Image","card_health":2,"card_attack":0}],"opponent_board":[{"card_name":"Felguard","card_health":5,"card_attack":3}]},{"turn":5,"cards_played":["Mad Scientist"],"current_player":"opponent","my_health":30,"opponent_health":30,"my_armor":0,"opponent_armor":0,"my_hand":4,"opponent_hand":4,"my_board":[{"card_name":"Mana Wyrm","card_health":3,"card_attack":2},{"card_name":"Sorcerer's Apprentice","card_health":2,"card_attack":3},{"card_name":"Mirror Image","card_health":2,"card_attack":0}],"opponent_board":[{"card_name":"Mad Scientist","card_health":2,"card_attack":2},{"card_name":"Felguard","card_health":5,"card_attack":3}]},{"turn":6,"cards_played":["Arcane Intellect","The Coin","Mad Scientist","Arcane Missiles"],"current_player":"me","my_health":30,"opponent_health":25,"my_armor":0,"opponent_armor":0,"my_hand":3,"opponent_hand":4,"my_board":[{"card_name":"Mad Scientist","card_health":2,"card_attack":2},{"card_name":"Sorcerer's Apprentice","card_health":2,"card_attack":3},{"card_name":"Mirror Image","card_health":2,"card_attack":0}],"opponent_board":[{"card_name":"Mad Scientist","card_health":2,"card_attack":2}]},{"turn":7,"cards_played":["Spider Tank"],"current_player":"opponent","my_health":30,"opponent_health":25,"my_armor":0,"opponent_armor":0,"my_hand":3,"opponent_hand":4,"my_board":[{"card_name":"Mad Scientist","card_health":2,"card_attack":2},{"card_name":"Sorcerer's Apprentice","card_health":2,"card_attack":3}],"opponent_board":[{"card_name":"Spider Tank","card_health":4,"card_attack":3},{"card_name":"Mad Scientist","card_health":2,"card_attack":2}]},{"turn":8,"cards_played":["Flamewaker","Arcane Missiles"],"current_player":"me","my_health":30,"opponent_health":17,"my_armor":0,"opponent_armor":0,"my_hand":2,"opponent_hand":4,"my_board":[{"card_name":"Mad Scientist","card_health":2,"card_attack":2},{"card_name":"Sorcerer's Apprentice","card_health":2,"card_attack":3},{"card_name":"Flamewaker","card_health":4,"card_attack":2}],"opponent_board":[{"card_name":"Spider Tank","card_health":4,"card_attack":3}]},{"turn":9,"cards_played":["Goblin Blastmage"],"current_player":"opponent","my_health":28,"opponent_health":17,"my_armor":0,"opponent_armor":0,"my_hand":2,"opponent_hand":4,"my_board":[{"card_name":"Sorcerer's Apprentice","card_health":2,"card_attack":3},{"card_name":"Flamewaker","card_health":1,"card_attack":2}],"opponent_board":[{"card_name":"Goblin Blastmage","card_health":4,"card_attack":5},{"card_name":"Spider Tank","card_health":2,"card_attack":3}]},{"turn":10,"cards_played":["Echo of Medivh"],"current_player":"me","my_health":28,"opponent_health":14,"my_armor":0,"opponent_armor":0,"my_hand":3,"opponent_hand":4,"my_board":[{"card_name":"Flamewaker","card_health":1,"card_attack":2}],"opponent_board":[]},{"turn":11,"cards_played":["Cogmaster","Tinkertown Technician"],"current_player":"opponent","my_health":28,"opponent_health":14,"my_armor":0,"opponent_armor":0,"my_hand":3,"opponent_hand":3,"my_board":[{"card_name":"Flamewaker","card_health":1,"card_attack":2},{"card_name":"Cogmaster","card_health":2,"card_attack":1}],"opponent_board":[{"card_name":"Tinkertown Technician","card_health":3,"card_attack":3},{"card_name":"Cogmaster","card_health":2,"card_attack":1}]},{"turn":12,"cards_played":["Flamewaker","Mirror Image","Sorcerer's Apprentice"],"current_player":"me","my_health":28,"opponent_health":13,"my_armor":0,"opponent_armor":0,"my_hand":1,"opponent_hand":3,"my_board":[{"card_name":"Sorcerer's Apprentice","card_health":2,"card_attack":3},{"card_name":"Flamewaker","card_health":4,"card_attack":2},{"card_name":"Cogmaster","card_health":2,"card_attack":1},{"card_name":"Mirror Image","card_health":2,"card_attack":0},{"card_name":"Mirror Image","card_health":2,"card_attack":0}],"opponent_board":[{"card_name":"Tinkertown Technician","card_health":3,"card_attack":3}]},{"turn":13,"cards_played":["Piloted Shredder","Frostbolt"],"current_player":"opponent","my_health":28,"opponent_health":13,"my_armor":0,"opponent_armor":0,"my_hand":1,"opponent_hand":2,"my_board":[{"card_name":"Sorcerer's Apprentice","card_health":2,"card_attack":3},{"card_name":"Flamewaker","card_health":4,"card_attack":2},{"card_name":"Cogmaster","card_health":2,"card_attack":1},{"card_name":"Mirror Image","card_health":2,"card_attack":0}],"opponent_board":[{"card_name":"Tinkertown Technician","card_health":3,"card_attack":3},{"card_name":"Piloted Shredder","card_health":3,"card_attack":4}]},{"turn":14,"cards_played":["Fireball","Fireblast","Fireblast"],"current_player":"me","my_health":28,"opponent_health":0,"my_armor":0,"opponent_armor":0,"my_hand":1,"opponent_hand":2,"my_board":[{"card_name":"Sorcerer's Apprentice","card_health":2,"card_attack":3},{"card_name":"Flamewaker","card_health":4,"card_attack":2},{"card_name":"Cogmaster","card_health":2,"card_attack":1},{"card_name":"Mirror Image","card_health":2,"card_attack":0}],"opponent_board":[{"card_name":"Tinkertown Technician","card_health":2,"card_attack":3},{"card_name":"Piloted Shredder","card_health":2,"card_attack":4}]}],"result":"victory"}