{"plays":[{"turn":1,"cards_played":[],"current_player":"opponent","my_health":30,"opponent_health":0,"my_armor":0,"opponent_armor":0,"my_hand":1,"opponent_hand":0,"my_board":[],"opponent_board":[]},{"turn":2,"cards_played":["The Coin","Mad Scientist"],"current_player":"me","my_health":30,"opponent_health":30,"my_armor":0,"opponent_armor":0,"my_hand":4,"opponent_hand":4,"my_board":[{"card_name":"Mad Scientist","card_health":2,"card_attack":2}],"opponent_board":[]},{"turn":3,"cards_played":["Armorsmith"],"current_player":"opponent","my_health":30,"opponent_health":30,"my_armor":0,"opponent_armor":0,"my_hand":4,"opponent_hand":4,"my_board":[{"card_name":"Mad Scientist","card_health":2,"card_attack":2}],"opponent_board":[{"card_name":"Armorsmith","card_health":4,"card_attack":1}]},{"turn":4,"cards_played":["Unstable Portal","Gadgetzan Jouster"],"current_player":"me","my_health":30,"opponent_health":28,"my_armor":0,"opponent_armor":0,"my_hand":4,"opponent_hand":4,"my_board":[{"card_name":"Mad Scientist","card_health":2,"card_attack":2},{"card_name":"Gadgetzan Jouster","card_health":3,"card_attack":2}],"opponent_board":[{"card_name":"Armorsmith","card_health":4,"card_attack":1}]},{"turn":5,"cards_played":["Armorsmith"],"current_player":"opponent","my_health":29,"opponent_health":28,"my_armor":0,"opponent_armor":0,"my_hand":4,"opponent_hand":4,"my_board":[{"card_name":"Mad Scientist","card_health":2,"card_attack":2},{"card_name":"Gadgetzan Jouster","card_health":3,"card_attack":2}],"opponent_board":[{"card_name":"Armorsmith","card_health":4,"card_attack":1},{"card_name":"Armorsmith","card_health":4,"card_attack":1}]},{"turn":6,"cards_played":["Mana Wyrm","Frostbolt"],"current_player":"me","my_health":29,"opponent_health":28,"my_armor":0,"opponent_armor":4,"my_hand":3,"opponent_hand":4,"my_board":[{"card_name":"Mana Wyrm","card_health":3,"card_attack":2},{"card_name":"Mad Scientist","card_health":1,"card_attack":2},{"card_name":"Gadgetzan Jouster","card_health":2,"card_attack":2}],"opponent_board":[{"card_name":"Armorsmith","card_health":4,"card_attack":1}]},{"turn":7,"cards_played":["Unstable Ghoul","Armor Up!"],"current_player":"opponent","my_health":29,"opponent_health":28,"my_armor":0,"opponent_armor":7,"my_hand":3,"opponent_hand":4,"my_board":[{"card_name":"Mana Wyrm","card_health":3,"card_attack":2},{"card_name":"Mad Scientist","card_health":1,"card_attack":2},{"card_name":"Gadgetzan Jouster","card_health":2,"card_attack":2}],"opponent_board":[{"card_name":"Unstable Ghoul","card_health":3,"card_attack":1},{"card_name":"Armorsmith","card_health":1,"card_attack":1}]},{"turn":8,"cards_played":["Fireblast","Fireblast"],"current_player":"me","my_health":29,"opponent_health":28,"my_armor":0,"opponent_armor":6,"my_hand":4,"opponent_hand":4,"my_board":[{"card_name":"Mana Wyrm","card_health":2,"card_attack":2},{"card_name":"Gadgetzan Jouster","card_health":1,"card_attack":2}],"opponent_board":[]},{"turn":9,"cards_played":["Gnomish Inventor"],"current_player":"opponent","my_health":29,"opponent_health":28,"my_armor":0,"opponent_armor":6,"my_hand":4,"opponent_hand":5,"my_board":[{"card_name":"Mana Wyrm","card_health":2,"card_attack":2},{"card_name":"Gadgetzan Jouster","card_health":1,"card_attack":2}],"opponent_board":[{"card_name":"Gnomish Inventor","card_health":4,"card_attack":2}]},{"turn":10,"cards_played":["Sludge Belcher"],"current_player":"me","my_health":29,"opponent_health":28,"my_armor":0,"opponent_armor":2,"my_hand":4,"opponent_hand":5,"my_board":[{"card_name":"Mana Wyrm","card_health":2,"card_attack":2},{"card_name":"Sludge Belcher","card_health":5,"card_attack":3},{"card_name":"Gadgetzan Jouster","card_health":1,"card_attack":2}],"opponent_board":[{"card_name":"Gnomish Inventor","card_health":4,"card_attack":2}]},{"turn":11,"cards_played":["Shield Block","Whirlwind","Shield Slam"],"current_player":"opponent","my_health":29,"opponent_health":28,"my_armor":0,"opponent_armor":7,"my_hand":4,"opponent_hand":4,"my_board":[{"card_name":"Mana Wyrm","card_health":1,"card_attack":2},{"card_name":"Tournament Attendee","card_health":1,"card_attack":2}],"opponent_board":[{"card_name":"Gnomish Inventor","card_health":2,"card_attack":2}]},{"turn":12,"cards_played":["Sorcerer's Apprentice","Arcane Missiles","Fireball"],"current_player":"me","my_health":29,"opponent_health":22,"my_armor":0,"opponent_armor":0,"my_hand":2,"opponent_hand":4,"my_board":[{"card_name":"Mana Wyrm","card_health":1,"card_attack":4},{"card_name":"Sorcerer's Apprentice","card_health":2,"card_attack":3},{"card_name":"Tournament Attendee","card_health":1,"card_attack":2}],"opponent_board":[]},{"turn":13,"cards_played":["Execute","Death's Bite","Slam"],"current_player":"opponent","my_health":29,"opponent_health":20,"my_armor":0,"opponent_armor":0,"my_hand":2,"opponent_hand":2,"my_board":[],"opponent_board":[]},{"turn":14,"cards_played":["Fireblast","Fireblast"],"current_player":"me","my_health":29,"opponent_health":19,"my_armor":0,"opponent_armor":0,"my_hand":3,"opponent_hand":2,"my_board":[],"opponent_board":[]},{"turn":15,"cards_played":["Armor Up!"],"current_player":"opponent","my_health":29,"opponent_health":19,"my_armor":0,"opponent_armor":2,"my_hand":3,"opponent_hand":3,"my_board":[],"opponent_board":[]},{"turn":16,"cards_played":["Fireblast"],"current_player":"me","my_health":29,"opponent_health":19,"my_armor":0,"opponent_armor":1,"my_hand":4,"opponent_hand":3,"my_board":[],"opponent_board":[]},{"turn":17,"cards_played":["Armor Up!"],"current_player":"opponent","my_health":29,"opponent_health":19,"my_armor":0,"opponent_armor":3,"my_hand":4,"opponent_hand":4,"my_board":[],"opponent_board":[]},{"turn":18,"cards_played":["Fireblast"],"current_player":"me","my_health":29,"opponent_health":19,"my_armor":0,"opponent_armor":2,"my_hand":5,"opponent_hand":4,"my_board":[],"opponent_board":[]},{"turn":19,"cards_played":["Armor Up!"],"current_player":"opponent","my_health":29,"opponent_health":19,"my_armor":0,"opponent_armor":4,"my_hand":5,"opponent_hand":5,"my_board":[],"opponent_board":[]},{"turn":20,"cards_played":["Emperor Thaurissan","Fireblast"],"current_player":"me","my_health":29,"opponent_health":19,"my_armor":0,"opponent_armor":3,"my_hand":5,"opponent_hand":5,"my_board":[{"card_name":"Emperor Thaurissan","card_health":5,"card_attack":5}],"opponent_board":[]},{"turn":21,"cards_played":["Acolyte of Pain","Acolyte of Pain","Battle Rage","Armor Up!"],"current_player":"opponent","my_health":29,"opponent_health":17,"my_armor":0,"opponent_armor":2,"my_hand":5,"opponent_hand":8,"my_board":[],"opponent_board":[{"card_name":"Acolyte of Pain","card_health":2,"card_attack":1},{"card_name":"Acolyte of Pain","card_health":2,"card_attack":1}]},{"turn":22,"cards_played":["Fireblast"],"current_player":"me","my_health":29,"opponent_health":17,"my_armor":0,"opponent_armor":1,"my_hand":5,"opponent_hand":8,"my_board":[],"opponent_board":[{"card_name":"Acolyte of Pain","card_health":2,"card_attack":1},{"card_name":"Acolyte of Pain","card_health":2,"card_attack":1}]},{"turn":23,"cards_played":["Death's Bite","Shield Block","Armor Up!"],"current_player":"opponent","my_health":23,"opponent_health":17,"my_armor":0,"opponent_armor":8,"my_hand":5,"opponent_hand":8,"my_board":[],"opponent_board":[{"card_name":"Acolyte of Pain","card_health":2,"card_attack":1},{"card_name":"Acolyte of Pain","card_health":2,"card_attack":1}]},{"turn":24,"cards_played":["Fireblast"],"current_player":"me","my_health":23,"opponent_health":17,"my_armor":0,"opponent_armor":7,"my_hand":5,"opponent_hand":8,"my_board":[],"opponent_board":[{"card_name":"Acolyte of Pain","card_health":2,"card_attack":1},{"card_name":"Acolyte of Pain","card_health":2,"card_attack":1}]},{"turn":25,"cards_played":["Warsong Commander","Frothing Berserker","Unstable Ghoul","Inner Rage","Inner Rage"],"current_player":"opponent","my_health":1,"opponent_health":17,"my_armor":0,"opponent_armor":7,"my_hand":5,"opponent_hand":8,"my_board":[],"opponent_board":[{"card_name":"Frothing Berserker","card_health":1,"card_attack":18},{"card_name":"Warsong Commander","card_health":1,"card_attack":2}]},{"turn":26,"cards_played":["Fireblast","Fireblast","Big Game Hunter","Piloted Shredder"],"current_player":"me","my_health":1,"opponent_health":17,"my_armor":0,"opponent_armor":7,"my_hand":4,"opponent_hand":8,"my_board":[{"card_name":"Piloted Shredder","card_health":3,"card_attack":4},{"card_name":"Big Game Hunter","card_health":2,"card_attack":4}],"opponent_board":[]},{"turn":27,"cards_played":["Fiery War Axe"],"current_player":"opponent","my_health":-2,"opponent_health":17,"my_armor":0,"opponent_armor":7,"my_hand":4,"opponent_hand":8,"my_board":[{"card_name":"Piloted Shredder","card_health":3,"card_attack":4},{"card_name":"Big Game Hunter","card_health":2,"card_attack":4}],"opponent_board":[]}],"result":"defeat"}