{"plays":[{"turn":1,"cards_played":[],"current_player":"me","my_health":0,"opponent_health":0,"my_armor":0,"opponent_armor":0,"my_hand":0,"opponent_hand":1,"my_board":[],"opponent_board":[]},{"turn":2,"cards_played":[],"current_player":"opponent","my_health":30,"opponent_health":30,"my_armor":0,"opponent_armor":0,"my_hand":4,"opponent_hand":6,"my_board":[],"opponent_board":[]},{"turn":3,"cards_played":["Steady Shot"],"current_player":"me","my_health":30,"opponent_health":28,"my_armor":0,"opponent_armor":0,"my_hand":5,"opponent_hand":6,"my_board":[],"opponent_board":[]},{"turn":4,"cards_played":["Mad Scientist"],"current_player":"opponent","my_health":30,"opponent_health":28,"my_armor":0,"opponent_armor":0,"my_hand":5,"opponent_hand":6,"my_board":[],"opponent_board":[{"card_name":"Mad Scientist","card_health":2,"card_attack":2}]},{"turn":5,"cards_played":["Blackwing Technician"],"current_player":"me","my_health":30,"opponent_health":28,"my_armor":0,"opponent_armor":0,"my_hand":5,"opponent_hand":6,"my_board":[{"card_name":"Blackwing Technician","card_health":4,"card_attack":2}],"opponent_board":[{"card_name":"Mad Scientist","card_health":2,"card_attack":2}]},{"turn":6,"cards_played":["Fireblast","Fireblast"],"current_player":"opponent","my_health":27,"opponent_health":28,"my_armor":0,"opponent_armor":0,"my_hand":5,"opponent_hand":7,"my_board":[{"card_name":"Blackwing Technician","card_health":5,"card_attack":3}],"opponent_board":[{"card_name":"Mad Scientist","card_health":2,"card_attack":2}]},{"turn":7,"cards_played":["Steady Shot"],"current_player":"me","my_health":27,"opponent_health":26,"my_armor":0,"opponent_armor":0,"my_hand":6,"opponent_hand":7,"my_board":[{"card_name":"Blackwing Technician","card_health":3,"card_attack":3}],"opponent_board":[]},{"turn":8,"cards_played":["Arcane Intellect"],"current_player":"opponent","my_health":27,"opponent_health":26,"my_armor":0,"opponent_armor":0,"my_hand":6,"opponent_hand":9,"my_board":[{"card_name":"Blackwing Technician","card_health":3,"card_attack":3}],"opponent_board":[]},{"turn":9,"cards_played":["Twilight Guardian"],"current_player":"me","my_health":27,"opponent_health":23,"my_armor":0,"opponent_armor":0,"my_hand":6,"opponent_hand":9,"my_board":[{"card_name":"Twilight Guardian","card_health":6,"card_attack":3},{"card_name":"Blackwing Technician","card_health":3,"card_attack":3}],"opponent_board":[]},{"turn":10,"cards_played":["Fireblast","Fireblast"],"current_player":"opponent","my_health":27,"opponent_health":23,"my_armor":0,"opponent_armor":0,"my_hand":6,"opponent_hand":9,"my_board":[{"card_name":"Twilight Guardian","card_health":6,"card_attack":3},{"card_name":"Blackwing Technician","card_health":2,"card_attack":3}],"opponent_board":[]},{"turn":11,"cards_played":["Azure Drake"],"current_player":"me","my_health":27,"opponent_health":23,"my_armor":0,"opponent_armor":2,"my_hand":7,"opponent_hand":9,"my_board":[{"card_name":"Twilight Guardian","card_health":6,"card_attack":3},{"card_name":"Blackwing Technician","card_health":2,"card_attack":3},{"card_name":"Azure Drake","card_health":4,"card_attack":4}],"opponent_board":[]},{"turn":12,"cards_played":["Blizzard"],"current_player":"opponent","my_health":27,"opponent_health":23,"my_armor":0,"opponent_armor":2,"my_hand":7,"opponent_hand":9,"my_board":[{"card_name":"Twilight Guardian","card_health":4,"card_attack":3},{"card_name":"Azure Drake","card_health":2,"card_attack":4}],"opponent_board":[]},{"turn":13,"cards_played":["Gahz'rilla"],"current_player":"me","my_health":27,"opponent_health":23,"my_armor":0,"opponent_armor":2,"my_hand":7,"opponent_hand":9,"my_board":[{"card_name":"Twilight Guardian","card_health":4,"card_attack":3},{"card_name":"Gahz'rilla","card_health":9,"card_attack":6},{"card_name":"Azure Drake","card_health":2,"card_attack":4}],"opponent_board":[]},{"turn":14,"cards_played":["Frost Nova","Doomsayer"],"current_player":"opponent","my_health":27,"opponent_health":23,"my_armor":0,"opponent_armor":2,"my_hand":7,"opponent_hand":8,"my_board":[{"card_name":"Twilight Guardian","card_health":4,"card_attack":3},{"card_name":"Gahz'rilla","card_health":9,"card_attack":6},{"card_name":"Azure Drake","card_health":2,"card_attack":4}],"opponent_board":[{"card_name":"Doomsayer","card_health":7,"card_attack":0}]},{"turn":15,"cards_played":["Hunter's Mark","Blackwing Corruptor"],"current_player":"me","my_health":27,"opponent_health":23,"my_armor":0,"opponent_armor":2,"my_hand":6,"opponent_hand":8,"my_board":[{"card_name":"Twilight Guardian","card_health":4,"card_attack":3},{"card_name":"Gahz'rilla","card_health":9,"card_attack":6},{"card_name":"Blackwing Corruptor","card_health":4,"card_attack":5},{"card_name":"Azure Drake","card_health":2,"card_attack":4}],"opponent_board":[]},{"turn":16,"cards_played":["Blizzard","Doomsayer"],"current_player":"opponent","my_health":27,"opponent_health":23,"my_armor":0,"opponent_armor":2,"my_hand":6,"opponent_hand":7,"my_board":[{"card_name":"Twilight Guardian","card_health":2,"card_attack":3},{"card_name":"Gahz'rilla","card_health":7,"card_attack":12},{"card_name":"Blackwing Corruptor","card_health":2,"card_attack":5}],"opponent_board":[{"card_name":"Doomsayer","card_health":7,"card_attack":0}]},{"turn":17,"cards_played":["Wild Pyromancer","Acolyte of Pain","Hunter's Mark"],"current_player":"me","my_health":27,"opponent_health":23,"my_armor":0,"opponent_armor":2,"my_hand":5,"opponent_hand":7,"my_board":[{"card_name":"Twilight Guardian","card_health":1,"card_attack":3},{"card_name":"Acolyte of Pain","card_health":2,"card_attack":1},{"card_name":"Gahz'rilla","card_health":6,"card_attack":24},{"card_name":"Blackwing Corruptor","card_health":1,"card_attack":5},{"card_name":"Wild Pyromancer","card_health":1,"card_attack":3}],"opponent_board":[]},{"turn":18,"cards_played":[],"current_player":"opponent","my_health":27,"opponent_health":23,"my_armor":0,"opponent_armor":2,"my_hand":5,"opponent_hand":8,"my_board":[{"card_name":"Twilight Guardian","card_health":1,"card_attack":3},{"card_name":"Acolyte of Pain","card_health":2,"card_attack":1},{"card_name":"Gahz'rilla","card_health":6,"card_attack":24},{"card_name":"Blackwing Corruptor","card_health":1,"card_attack":5},{"card_name":"Wild Pyromancer","card_health":1,"card_attack":3}],"opponent_board":[]}],"result":"victory"}