{"plays":[{"turn":1,"cards_played":[],"current_player":"me","my_health":0,"opponent_health":30,"my_armor":0,"opponent_armor":0,"my_hand":0,"opponent_hand":1,"my_board":[],"opponent_board":[]},{"turn":2,"cards_played":["Mana Wyrm"],"current_player":"opponent","my_health":30,"opponent_health":30,"my_armor":0,"opponent_armor":0,"my_hand":3,"opponent_hand":6,"my_board":[{"card_name":"Mana Wyrm","card_health":3,"card_attack":1}],"opponent_board":[]},{"turn":3,"cards_played":["Mad Scientist"],"current_player":"me","my_health":30,"opponent_health":29,"my_armor":0,"opponent_armor":0,"my_hand":3,"opponent_hand":6,"my_board":[{"card_name":"Mad Scientist","card_health":2,"card_attack":2},{"card_name":"Mana Wyrm","card_health":3,"card_attack":1}],"opponent_board":[]},{"turn":4,"cards_played":["The Coin","Dark Cultist"],"current_player":"opponent","my_health":30,"opponent_health":29,"my_armor":0,"opponent_armor":0,"my_hand":3,"opponent_hand":5,"my_board":[{"card_name":"Mad Scientist","card_health":2,"card_attack":2},{"card_name":"Mana Wyrm","card_health":3,"card_attack":1}],"opponent_board":[{"card_name":"Dark Cultist","card_health":4,"card_attack":3}]},{"turn":5,"cards_played":["Mana Wyrm","Flamecannon"],"current_player":"me","my_health":30,"opponent_health":25,"my_armor":0,"opponent_armor":0,"my_hand":2,"opponent_hand":5,"my_board":[{"card_name":"Mana Wyrm","card_health":3,"card_attack":2},{"card_name":"Mad Scientist","card_health":2,"card_attack":2},{"card_name":"Mana Wyrm","card_health":3,"card_attack":2}],"opponent_board":[]},{"turn":6,"cards_played":["Northshire Cleric","Lesser Heal","Lesser Heal"],"current_player":"opponent","my_health":30,"opponent_health":27,"my_armor":0,"opponent_armor":0,"my_hand":2,"opponent_hand":5,"my_board":[{"card_name":"Mana Wyrm","card_health":3,"card_attack":2},{"card_name":"Mad Scientist","card_health":2,"card_attack":2},{"card_name":"Mana Wyrm","card_health":3,"card_attack":2}],"opponent_board":[{"card_name":"Northshire Cleric","card_health":3,"card_attack":1}]},{"turn":7,"cards_played":["Arcane Intellect"],"current_player":"me","my_health":30,"opponent_health":22,"my_armor":0,"opponent_armor":0,"my_hand":4,"opponent_hand":5,"my_board":[{"card_name":"Mana Wyrm","card_health":3,"card_attack":3},{"card_name":"Mad Scientist","card_health":2,"card_attack":2},{"card_name":"Mana Wyrm","card_health":2,"card_attack":3}],"opponent_board":[]},{"turn":8,"cards_played":["Wild Pyromancer","Holy Smite"],"current_player":"opponent","my_health":30,"opponent_health":22,"my_armor":0,"opponent_armor":0,"my_hand":4,"opponent_hand":4,"my_board":[{"card_name":"Mad Scientist","card_health":1,"card_attack":2},{"card_name":"Mana Wyrm","card_health":1,"card_attack":3}],"opponent_board":[{"card_name":"Wild Pyromancer","card_health":1,"card_attack":3}]},{"turn":9,"cards_played":["Sorcerer's Apprentice","Frostbolt","Fireblast","Fireblast"],"current_player":"me","my_health":30,"opponent_health":14,"my_armor":0,"opponent_armor":0,"my_hand":3,"opponent_hand":4,"my_board":[{"card_name":"Sorcerer's Apprentice","card_health":2,"card_attack":3},{"card_name":"Mana Wyrm","card_health":1,"card_attack":4}],"opponent_board":[]},{"turn":10,"cards_played":["Holy Nova"],"current_player":"opponent","my_health":30,"opponent_health":14,"my_armor":0,"opponent_armor":0,"my_hand":3,"opponent_hand":4,"my_board":[{"card_name":"Sorcerer's Apprentice","card_health":2,"card_attack":3},{"card_name":"Mana Wyrm","card_health":1,"card_attack":4}],"opponent_board":[]},{"turn":11,"cards_played":["Unstable Portal","Fireblast"],"current_player":"me","my_health":30,"opponent_health":4,"my_armor":0,"opponent_armor":0,"my_hand":3,"opponent_hand":4,"my_board":[{"card_name":"Sorcerer's Apprentice","card_health":2,"card_attack":3},{"card_name":"Mana Wyrm","card_health":1,"card_attack":6}],"opponent_board":[]},{"turn":12,"cards_played":["Lightbomb"],"current_player":"opponent","my_health":30,"opponent_health":4,"my_armor":0,"opponent_armor":0,"my_hand":3,"opponent_hand":4,"my_board":[{"card_name":"Murloc Raider","card_health":1,"card_attack":2}],"opponent_board":[]},{"turn":13,"cards_played":["Keeper of the Grove","Dispel","Arcane Missiles"],"current_player":"me","my_health":30,"opponent_health":0,"my_armor":0,"opponent_armor":0,"my_hand":2,"opponent_hand":4,"my_board":[{"card_name":"Keeper of the Grove","card_health":4,"card_attack":2},{"card_name":"Murloc Raider","card_health":1,"card_attack":2}],"opponent_board":[]}],"result":"victory"}